city,timestamp,year,temperature_c,relative_humidity_pct,wind_speed_ms,solar_radiation_wm2,apparent_temp_c,surface_pressure_hpa,dew_point_c,data_source
Bhubaneswar,2022-04-01T00:00,2022,26.6,92,19.2,0.0,30.6,1002.6,25.1,ERA5_Reanalysis_ECMWF
Bhubaneswar,2022-04-01T01:00,2022,26.5,92,18.5,0.0,30.6,1001.8,25.1,ERA5_Reanalysis_ECMWF
Bhubaneswar,2022-04-01T02:00,2022,26.3,93,17.8,0.0,30.4,1001.3,25.0,ERA5_Reanalysis_ECMWF
Bhubaneswar,2022-04-01T03:00,2022,26.4,91,18.9,0.0,30.2,1001.1,24.9,ERA5_Reanalysis_ECMWF
Bhubaneswar,2022-04-01T04:00,2022,26.7,89,18.7,0.0,30.6,1001.4,24.8,ERA5_Reanalysis_ECMWF
Bhubaneswar,2022-04-01T05:00,2022,27.5,89,16.5,0.0,32.2,1002.0,25.5,ERA5_Reanalysis_ECMWF
Bhubaneswar,2022-04-01T06:00,2022,28.1,84,18.9,20.0,32.2,1003.1,25.2,ERA5_Reanalysis_ECMWF
Bhubaneswar,2022-04-01T07:00,2022,29.3,78,21.9,174.0,32.8,1003.9,25.0,ERA5_Reanalysis_ECMWF
Bhubaneswar,2022-04-01T08:00,2022,31.0,69,20.4,362.0,34.5,1004.6,24.6,ERA5_Reanalysis_ECMWF
Bhubaneswar,2022-04-01T09:00,2022,32.7,61,19.7,572.0,36.1,1005.0,24.2,ERA5_Reanalysis_ECMWF
Bhubaneswar,2022-04-01T10:00,2022,33.7,56,20.2,706.0,37.3,1004.7,23.7,ERA5_Reanalysis_ECMWF
Bhubaneswar,2022-04-01T11:00,2022,34.6,53,21.2,874.0,39.0,1003.9,23.7,ERA5_Reanalysis_ECMWF
Bhubaneswar,2022-04-01T12:00,2022,34.9,53,22.0,921.0,39.3,1002.7,23.7,ERA5_Reanalysis_ECMWF
Bhubaneswar,2022-04-01T13:00,2022,34.7,54,21.9,869.0,39.0,1001.6,24.0,ERA5_Reanalysis_ECMWF
Bhubaneswar,2022-04-01T14:00,2022,34.2,56,21.8,749.0,38.2,1000.7,24.2,ERA5_Reanalysis_ECMWF
Bhubaneswar,2022-04-01T15:00,2022,33.3,60,22.4,572.0,36.4,1000.4,24.3,ERA5_Reanalysis_ECMWF
Bhubaneswar,2022-04-01T16:00,2022,31.9,65,22.3,348.0,34.9,1000.1,24.4,ERA5_Reanalysis_ECMWF
Bhubaneswar,2022-04-01T17:00,2022,30.4,72,19.0,128.0,34.1,1000.7,24.7,ERA5_Reanalysis_ECMWF
Bhubaneswar,2022-04-01T18:00,2022,28.7,79,16.9,10.0,32.7,1001.2,24.7,ERA5_Reanalysis_ECMWF
Bhubaneswar,2022-04-01T19:00,2022,27.9,81,19.4,0.0,31.3,1001.8,24.3,ERA5_Reanalysis_ECMWF
Bhubaneswar,2022-04-01T20:00,2022,27.5,83,19.5,0.0,30.9,1002.7,24.3,ERA5_Reanalysis_ECMWF
Bhubaneswar,2022-04-01T21:00,2022,27.2,84,20.4,0.0,30.4,1003.4,24.2,ERA5_Reanalysis_ECMWF
Bhubaneswar,2022-04-01T22:00,2022,26.9,85,21.7,0.0,29.9,1003.6,24.1,ERA5_Reanalysis_ECMWF
Bhubaneswar,2022-04-01T23:00,2022,26.7,86,22.1,0.0,29.6,1003.5,24.2,ERA5_Reanalysis_ECMWF
Bhubaneswar,2022-04-02T00:00,2022,26.4,91,21.3,0.0,29.8,1003.2,24.7,ERA5_Reanalysis_ECMWF
Bhubaneswar,2022-04-02T01:00,2022,26.3,91,22.7,0.0,29.5,1002.7,24.7,ERA5_Reanalysis_ECMWF
Bhubaneswar,2022-04-02T02:00,2022,26.3,91,23.0,0.0,29.4,1002.1,24.7,ERA5_Reanalysis_ECMWF
Bhubaneswar,2022-04-02T03:00,2022,26.2,91,22.8,0.0,29.3,1001.9,24.6,ERA5_Reanalysis_ECMWF
Bhubaneswar,2022-04-02T04:00,2022,26.2,90,21.1,0.0,29.4,1002.1,24.4,ERA5_Reanalysis_ECMWF
Bhubaneswar,2022-04-02T05:00,2022,26.9,89,19.1,0.0,30.8,1003.0,25.0,ERA5_Reanalysis_ECMWF
Bhubaneswar,2022-04-02T06:00,2022,27.5,86,20.7,29.0,31.2,1004.0,24.9,ERA5_Reanalysis_ECMWF
Bhubaneswar,2022-04-02T07:00,2022,29.0,77,25.1,179.0,31.8,1005.1,24.6,ERA5_Reanalysis_ECMWF
Bhubaneswar,2022-04-02T08:00,2022,30.8,68,24.0,383.0,33.5,1005.7,24.2,ERA5_Reanalysis_ECMWF
Bhubaneswar,2022-04-02T09:00,2022,32.3,62,22.3,610.0,35.4,1005.9,24.1,ERA5_Reanalysis_ECMWF
Bhubaneswar,2022-04-02T10:00,2022,33.6,57,21.7,781.0,37.6,1005.8,24.0,ERA5_Reanalysis_ECMWF
Bhubaneswar,2022-04-02T11:00,2022,34.4,54,21.3,891.0,38.9,1005.0,23.9,ERA5_Reanalysis_ECMWF
Bhubaneswar,2022-04-02T12:00,2022,35.0,52,20.9,920.0,39.6,1004.0,23.6,ERA5_Reanalysis_ECMWF
Bhubaneswar,2022-04-02T13:00,2022,35.1,50,20.8,874.0,39.3,1002.7,23.3,ERA5_Reanalysis_ECMWF
Bhubaneswar,2022-04-02T14:00,2022,34.7,51,21.2,755.0,38.1,1001.8,23.1,ERA5_Reanalysis_ECMWF
Bhubaneswar,2022-04-02T15:00,2022,34.1,52,20.2,578.0,36.7,1001.3,22.9,ERA5_Reanalysis_ECMWF
Bhubaneswar,2022-04-02T16:00,2022,32.8,57,20.1,360.0,35.4,1001.4,23.2,ERA5_Reanalysis_ECMWF
Bhubaneswar,2022-04-02T17:00,2022,31.6,64,17.7,137.0,34.9,1001.8,23.8,ERA5_Reanalysis_ECMWF
Bhubaneswar,2022-04-02T18:00,2022,29.6,70,16.0,10.0,33.1,1002.4,23.7,ERA5_Reanalysis_ECMWF
Bhubaneswar,2022-04-02T19:00,2022,28.7,75,15.8,0.0,32.3,1003.0,23.7,ERA5_Reanalysis_ECMWF
Bhubaneswar,2022-04-02T20:00,2022,27.8,79,16.2,0.0,31.4,1003.6,23.8,ERA5_Reanalysis_ECMWF
Bhubaneswar,2022-04-02T21:00,2022,27.4,80,16.4,0.0,30.9,1004.0,23.6,ERA5_Reanalysis_ECMWF
Bhubaneswar,2022-04-02T22:00,2022,27.1,81,17.7,0.0,30.4,1004.1,23.7,ERA5_Reanalysis_ECMWF
Bhubaneswar,2022-04-02T23:00,2022,26.8,84,17.5,0.0,30.2,1003.6,23.8,ERA5_Reanalysis_ECMWF
Bhubaneswar,2022-04-03T00:00,2022,26.4,88,16.2,0.0,30.3,1003.0,24.3,ERA5_Reanalysis_ECMWF
Bhubaneswar,2022-04-03T01:00,2022,26.1,93,16.2,0.0,30.3,1002.6,24.8,ERA5_Reanalysis_ECMWF
Bhubaneswar,2022-04-03T02:00,2022,25.9,96,12.7,0.0,30.9,1002.4,25.2,ERA5_Reanalysis_ECMWF
Bhubaneswar,2022-04-03T03:00,2022,26.4,93,13.4,0.0,31.2,1002.7,25.1,ERA5_Reanalysis_ECMWF
Bhubaneswar,2022-04-03T04:00,2022,26.4,92,15.3,0.0,30.9,1002.6,25.0,ERA5_Reanalysis_ECMWF
Bhubaneswar,2022-04-03T05:00,2022,27.3,89,15.5,0.0,32.0,1003.1,25.3,ERA5_Reanalysis_ECMWF
Bhubaneswar,2022-04-03T06:00,2022,27.9,86,16.6,23.0,32.3,1003.8,25.2,ERA5_Reanalysis_ECMWF
Bhubaneswar,2022-04-03T07:00,2022,29.2,79,17.9,171.0,33.3,1004.8,25.1,ERA5_Reanalysis_ECMWF
Bhubaneswar,2022-04-03T08:00,2022,31.0,69,15.8,391.0,35.3,1005.1,24.8,ERA5_Reanalysis_ECMWF
Bhubaneswar,2022-04-03T09:00,2022,32.7,63,13.2,625.0,37.7,1005.5,24.8,ERA5_Reanalysis_ECMWF
Bhubaneswar,2022-04-03T10:00,2022,34.1,58,13.1,793.0,40.0,1005.3,24.8,ERA5_Reanalysis_ECMWF
Bhubaneswar,2022-04-03T11:00,2022,35.2,54,11.6,892.0,41.8,1004.3,24.5,ERA5_Reanalysis_ECMWF
Bhubaneswar,2022-04-03T12:00,2022,36.2,50,9.7,922.0,43.1,1003.1,24.2,ERA5_Reanalysis_ECMWF
Bhubaneswar,2022-04-03T13:00,2022,36.8,48,10.4,874.0,43.2,1001.8,24.0,ERA5_Reanalysis_ECMWF
Bhubaneswar,2022-04-03T14:00,2022,36.6,50,14.4,755.0,41.8,1000.9,24.3,ERA5_Reanalysis_ECMWF
Bhubaneswar,2022-04-03T15:00,2022,34.2,58,21.6,539.0,37.6,1000.8,24.8,ERA5_Reanalysis_ECMWF
Bhubaneswar,2022-04-03T16:00,2022,31.7,65,22.0,325.0,34.8,1001.0,24.3,ERA5_Reanalysis_ECMWF
Bhubaneswar,2022-04-03T17:00,2022,30.2,73,17.8,116.0,34.1,1001.7,24.8,ERA5_Reanalysis_ECMWF
Bhubaneswar,2022-04-03T18:00,2022,28.7,79,19.5,7.0,32.5,1002.0,24.8,ERA5_Reanalysis_ECMWF
Bhubaneswar,2022-04-03T19:00,2022,27.9,86,19.1,0.0,32.0,1002.5,25.3,ERA5_Reanalysis_ECMWF
Bhubaneswar,2022-04-03T20:00,2022,27.4,88,19.8,0.0,31.4,1003.3,25.3,ERA5_Reanalysis_ECMWF
Bhubaneswar,2022-04-03T21:00,2022,27.3,89,20.9,0.0,31.1,1003.8,25.2,ERA5_Reanalysis_ECMWF
Bhubaneswar,2022-04-03T22:00,2022,27.1,89,21.3,0.0,30.7,1003.9,25.1,ERA5_Reanalysis_ECMWF
Bhubaneswar,2022-04-03T23:00,2022,27.0,88,20.2,0.0,30.6,1003.6,24.8,ERA5_Reanalysis_ECMWF
Bhubaneswar,2022-04-04T00:00,2022,26.8,87,20.1,0.0,30.2,1003.4,24.4,ERA5_Reanalysis_ECMWF
Bhubaneswar,2022-04-04T01:00,2022,26.8,86,18.0,0.0,30.4,1003.0,24.3,ERA5_Reanalysis_ECMWF
Bhubaneswar,2022-04-04T02:00,2022,26.7,86,17.3,0.0,30.3,1002.7,24.1,ERA5_Reanalysis_ECMWF
Bhubaneswar,2022-04-04T03:00,2022,26.6,86,16.1,0.0,30.4,1002.9,24.0,ERA5_Reanalysis_ECMWF
Bhubaneswar,2022-04-04T04:00,2022,26.7,85,14.6,0.0,30.6,1003.3,23.9,ERA5_Reanalysis_ECMWF
Bhubaneswar,2022-04-04T05:00,2022,27.5,84,17.2,0.0,31.4,1004.0,24.6,ERA5_Reanalysis_ECMWF
Bhubaneswar,2022-04-04T06:00,2022,28.0,81,19.6,20.0,31.6,1005.0,24.5,ERA5_Reanalysis_ECMWF
Bhubaneswar,2022-04-04T07:00,2022,29.1,75,23.8,161.0,31.9,1005.6,24.3,ERA5_Reanalysis_ECMWF
Bhubaneswar,2022-04-04T08:00,2022,30.4,69,25.0,356.0,32.8,1006.0,24.1,ERA5_Reanalysis_ECMWF
Bhubaneswar,2022-04-04T09:00,2022,31.9,63,23.5,628.0,34.9,1005.8,23.9,ERA5_Reanalysis_ECMWF
Bhubaneswar,2022-04-04T10:00,2022,33.1,58,19.7,804.0,37.5,1006.0,23.9,ERA5_Reanalysis_ECMWF
Bhubaneswar,2022-04-04T11:00,2022,34.0,56,16.6,884.0,39.3,1005.6,23.9,ERA5_Reanalysis_ECMWF
Bhubaneswar,2022-04-04T12:00,2022,34.6,54,18.0,922.0,39.8,1004.5,23.8,ERA5_Reanalysis_ECMWF
Bhubaneswar,2022-04-04T13:00,2022,34.7,53,19.1,879.0,39.6,1003.7,23.9,ERA5_Reanalysis_ECMWF
Bhubaneswar,2022-04-04T14:00,2022,34.1,56,20.3,760.0,38.2,1003.0,24.0,ERA5_Reanalysis_ECMWF
Bhubaneswar,2022-04-04T15:00,2022,32.9,59,21.0,583.0,36.0,1002.9,23.9,ERA5_Reanalysis_ECMWF
Bhubaneswar,2022-04-04T16:00,2022,31.2,65,23.4,365.0,33.7,1003.2,23.8,ERA5_Reanalysis_ECMWF
Bhubaneswar,2022-04-04T17:00,2022,29.5,71,18.8,144.0,32.5,1004.1,23.6,ERA5_Reanalysis_ECMWF
Bhubaneswar,2022-04-04T18:00,2022,28.0,77,20.5,11.0,30.8,1004.9,23.6,ERA5_Reanalysis_ECMWF
Bhubaneswar,2022-04-04T19:00,2022,27.4,80,22.3,0.0,30.0,1005.4,23.7,ERA5_Reanalysis_ECMWF
Bhubaneswar,2022-04-04T20:00,2022,27.1,81,18.8,0.0,30.2,1006.2,23.7,ERA5_Reanalysis_ECMWF
Bhubaneswar,2022-04-04T21:00,2022,27.0,82,18.3,0.0,30.3,1006.7,23.8,ERA5_Reanalysis_ECMWF
Bhubaneswar,2022-04-04T22:00,2022,26.8,84,17.4,0.0,30.2,1007.2,23.8,ERA5_Reanalysis_ECMWF
Bhubaneswar,2022-04-04T23:00,2022,26.7,84,17.9,0.0,30.1,1007.2,23.9,ERA5_Reanalysis_ECMWF
Bhubaneswar,2022-04-05T00:00,2022,26.5,85,19.4,0.0,29.7,1006.6,23.9,ERA5_Reanalysis_ECMWF
Bhubaneswar,2022-04-05T01:00,2022,26.5,85,21.1,0.0,29.3,1005.9,23.7,ERA5_Reanalysis_ECMWF
Bhubaneswar,2022-04-05T02:00,2022,26.3,85,20.1,0.0,29.2,1005.3,23.6,ERA5_Reanalysis_ECMWF
Bhubaneswar,2022-04-05T03:00,2022,26.1,85,12.6,0.0,30.0,1005.4,23.5,ERA5_Reanalysis_ECMWF
Bhubaneswar,2022-04-05T04:00,2022,26.0,86,13.4,0.0,29.7,1005.8,23.4,ERA5_Reanalysis_ECMWF
Bhubaneswar,2022-04-05T05:00,2022,26.3,88,16.1,0.0,30.0,1006.5,24.1,ERA5_Reanalysis_ECMWF
Bhubaneswar,2022-04-05T06:00,2022,27.3,83,20.1,35.0,30.4,1007.2,24.1,ERA5_Reanalysis_ECMWF
Bhubaneswar,2022-04-05T07:00,2022,28.9,74,23.4,200.0,31.5,1008.1,23.9,ERA5_Reanalysis_ECMWF
Bhubaneswar,2022-04-05T08:00,2022,30.5,67,21.3,400.0,33.2,1008.6,23.6,ERA5_Reanalysis_ECMWF
Bhubaneswar,2022-04-05T09:00,2022,31.9,61,17.9,543.0,34.9,1008.5,23.4,ERA5_Reanalysis_ECMWF
Bhubaneswar,2022-04-05T10:00,2022,33.4,56,15.8,780.0,37.9,1008.1,23.3,ERA5_Reanalysis_ECMWF
Bhubaneswar,2022-04-05T11:00,2022,34.6,52,16.6,901.0,39.6,1007.2,23.3,ERA5_Reanalysis_ECMWF
Bhubaneswar,2022-04-05T12:00,2022,35.0,51,18.6,926.0,39.7,1006.3,23.2,ERA5_Reanalysis_ECMWF
Bhubaneswar,2022-04-05T13:00,2022,34.5,53,19.6,882.0,39.0,1005.4,23.5,ERA5_Reanalysis_ECMWF
Bhubaneswar,2022-04-05T14:00,2022,33.8,55,19.2,763.0,37.9,1004.7,23.7,ERA5_Reanalysis_ECMWF
Bhubaneswar,2022-04-05T15:00,2022,32.9,59,19.1,587.0,36.3,1004.3,23.9,ERA5_Reanalysis_ECMWF
Bhubaneswar,2022-04-05T16:00,2022,31.1,65,20.9,365.0,34.0,1004.0,23.8,ERA5_Reanalysis_ECMWF
Bhubaneswar,2022-04-05T17:00,2022,29.6,71,18.5,147.0,32.9,1005.0,23.9,ERA5_Reanalysis_ECMWF
Bhubaneswar,2022-04-05T18:00,2022,28.0,78,18.7,11.0,31.2,1005.6,23.9,ERA5_Reanalysis_ECMWF
Bhubaneswar,2022-04-05T19:00,2022,27.4,82,19.9,0.0,30.5,1006.3,24.0,ERA5_Reanalysis_ECMWF
Bhubaneswar,2022-04-05T20:00,2022,26.8,86,18.7,0.0,30.4,1006.7,24.4,ERA5_Reanalysis_ECMWF
Bhubaneswar,2022-04-05T21:00,2022,26.6,87,18.5,0.0,30.2,1007.1,24.3,ERA5_Reanalysis_ECMWF
Bhubaneswar,2022-04-05T22:00,2022,26.4,88,17.3,0.0,30.1,1007.3,24.2,ERA5_Reanalysis_ECMWF
Bhubaneswar,2022-04-05T23:00,2022,26.3,88,16.4,0.0,30.0,1007.1,24.1,ERA5_Reanalysis_ECMWF
Bhubaneswar,2022-04-06T00:00,2022,26.1,89,16.4,0.0,29.8,1006.7,24.1,ERA5_Reanalysis_ECMWF
Bhubaneswar,2022-04-06T01:00,2022,25.9,90,18.5,0.0,29.4,1006.1,24.1,ERA5_Reanalysis_ECMWF
Bhubaneswar,2022-04-06T02:00,2022,25.9,90,16.1,0.0,29.6,1005.6,24.1,ERA5_Reanalysis_ECMWF
Bhubaneswar,2022-04-06T03:00,2022,25.9,88,14.1,0.0,29.8,1005.7,23.9,ERA5_Reanalysis_ECMWF
Bhubaneswar,2022-04-06T04:00,2022,25.5,91,13.3,0.0,29.5,1005.6,23.9,ERA5_Reanalysis_ECMWF
Bhubaneswar,2022-04-06T05:00,2022,25.7,91,13.6,0.0,29.8,1006.1,24.1,ERA5_Reanalysis_ECMWF
Bhubaneswar,2022-04-06T06:00,2022,26.7,85,17.1,40.0,30.2,1007.1,24.0,ERA5_Reanalysis_ECMWF
Bhubaneswar,2022-04-06T07:00,2022,28.4,75,18.9,212.0,31.3,1008.1,23.4,ERA5_Reanalysis_ECMWF
Bhubaneswar,2022-04-06T08:00,2022,30.3,67,14.8,408.0,33.9,1008.9,23.5,ERA5_Reanalysis_ECMWF
Bhubaneswar,2022-04-06T09:00,2022,31.8,62,12.7,619.0,36.1,1009.0,23.6,ERA5_Reanalysis_ECMWF
Bhubaneswar,2022-04-06T10:00,2022,33.3,57,12.9,787.0,38.4,1008.6,23.5,ERA5_Reanalysis_ECMWF
Bhubaneswar,2022-04-06T11:00,2022,34.6,52,13.2,901.0,40.3,1007.7,23.4,ERA5_Reanalysis_ECMWF
Bhubaneswar,2022-04-06T12:00,2022,35.4,50,14.3,923.0,40.9,1006.5,23.3,ERA5_Reanalysis_ECMWF
Bhubaneswar,2022-04-06T13:00,2022,35.2,51,17.3,871.0,40.2,1005.4,23.6,ERA5_Reanalysis_ECMWF
Bhubaneswar,2022-04-06T14:00,2022,34.0,55,20.2,756.0,37.8,1004.6,23.6,ERA5_Reanalysis_ECMWF
Bhubaneswar,2022-04-06T15:00,2022,32.9,57,19.1,580.0,35.8,1003.9,23.2,ERA5_Reanalysis_ECMWF
Bhubaneswar,2022-04-06T16:00,2022,31.5,62,19.0,367.0,34.5,1004.2,23.5,ERA5_Reanalysis_ECMWF
Bhubaneswar,2022-04-06T17:00,2022,29.6,71,18.4,140.0,32.7,1004.5,23.7,ERA5_Reanalysis_ECMWF
Bhubaneswar,2022-04-06T18:00,2022,28.1,77,19.1,11.0,31.2,1004.8,23.7,ERA5_Reanalysis_ECMWF
Bhubaneswar,2022-04-06T19:00,2022,27.1,82,17.0,0.0,30.6,1005.5,23.9,ERA5_Reanalysis_ECMWF
Bhubaneswar,2022-04-06T20:00,2022,26.6,85,18.2,0.0,30.0,1005.9,24.0,ERA5_Reanalysis_ECMWF
Bhubaneswar,2022-04-06T21:00,2022,26.2,89,15.5,0.0,30.1,1006.4,24.2,ERA5_Reanalysis_ECMWF
Bhubaneswar,2022-04-06T22:00,2022,26.0,91,13.1,0.0,30.3,1006.7,24.3,ERA5_Reanalysis_ECMWF
Bhubaneswar,2022-04-06T23:00,2022,25.9,91,13.9,0.0,30.2,1006.4,24.4,ERA5_Reanalysis_ECMWF
Bhubaneswar,2022-04-07T00:00,2022,25.6,93,12.1,0.0,30.1,1005.9,24.3,ERA5_Reanalysis_ECMWF
Bhubaneswar,2022-04-07T01:00,2022,25.5,93,13.6,0.0,29.7,1005.3,24.2,ERA5_Reanalysis_ECMWF
Bhubaneswar,2022-04-07T02:00,2022,25.3,93,14.0,0.0,29.4,1005.0,24.1,ERA5_Reanalysis_ECMWF
Bhubaneswar,2022-04-07T03:00,2022,25.2,93,12.2,0.0,29.4,1005.0,24.0,ERA5_Reanalysis_ECMWF
Bhubaneswar,2022-04-07T04:00,2022,24.9,94,9.6,0.0,29.4,1005.1,23.8,ERA5_Reanalysis_ECMWF
Bhubaneswar,2022-04-07T05:00,2022,25.0,94,9.5,0.0,29.7,1005.9,24.1,ERA5_Reanalysis_ECMWF
Bhubaneswar,2022-04-07T06:00,2022,26.3,86,13.4,41.0,30.3,1006.6,23.7,ERA5_Reanalysis_ECMWF
Bhubaneswar,2022-04-07T07:00,2022,27.9,77,13.4,218.0,31.8,1007.5,23.6,ERA5_Reanalysis_ECMWF
Bhubaneswar,2022-04-07T08:00,2022,29.7,71,13.7,446.0,33.7,1007.9,23.9,ERA5_Reanalysis_ECMWF
Bhubaneswar,2022-04-07T09:00,2022,31.6,63,13.7,653.0,35.9,1007.9,23.6,ERA5_Reanalysis_ECMWF
Bhubaneswar,2022-04-07T10:00,2022,33.4,54,14.1,816.0,38.2,1007.5,22.9,ERA5_Reanalysis_ECMWF
Bhubaneswar,2022-04-07T11:00,2022,34.7,48,15.1,915.0,39.4,1006.8,22.2,ERA5_Reanalysis_ECMWF
Bhubaneswar,2022-04-07T12:00,2022,35.2,47,16.8,938.0,39.6,1005.8,22.0,ERA5_Reanalysis_ECMWF
Bhubaneswar,2022-04-07T13:00,2022,35.3,44,17.0,887.0,39.0,1004.6,21.3,ERA5_Reanalysis_ECMWF
Bhubaneswar,2022-04-07T14:00,2022,34.9,45,16.5,768.0,38.1,1003.5,21.2,ERA5_Reanalysis_ECMWF
Bhubaneswar,2022-04-07T15:00,2022,34.0,48,15.9,592.0,36.5,1002.9,21.5,ERA5_Reanalysis_ECMWF
Bhubaneswar,2022-04-07T16:00,2022,32.5,54,15.2,371.0,35.2,1003.1,22.1,ERA5_Reanalysis_ECMWF
Bhubaneswar,2022-04-07T17:00,2022,30.5,63,14.0,143.0,33.7,1003.8,22.6,ERA5_Reanalysis_ECMWF
Bhubaneswar,2022-04-07T18:00,2022,28.5,72,14.1,11.0,31.9,1004.3,22.9,ERA5_Reanalysis_ECMWF
Bhubaneswar,2022-04-07T19:00,2022,27.2,80,16.7,0.0,30.5,1004.9,23.5,ERA5_Reanalysis_ECMWF
Bhubaneswar,2022-04-07T20:00,2022,26.2,89,17.0,0.0,29.9,1005.3,24.2,ERA5_Reanalysis_ECMWF
Bhubaneswar,2022-04-07T21:00,2022,25.9,91,16.3,0.0,29.8,1005.8,24.4,ERA5_Reanalysis_ECMWF
Bhubaneswar,2022-04-07T22:00,2022,25.7,93,16.9,0.0,29.7,1005.6,24.5,ERA5_Reanalysis_ECMWF
Bhubaneswar,2022-04-07T23:00,2022,25.6,95,16.5,0.0,29.7,1005.0,24.7,ERA5_Reanalysis_ECMWF
Bhubaneswar,2022-04-08T00:00,2022,25.6,94,15.1,0.0,29.7,1004.4,24.5,ERA5_Reanalysis_ECMWF
Bhubaneswar,2022-04-08T01:00,2022,25.4,93,15.6,0.0,29.3,1003.6,24.2,ERA5_Reanalysis_ECMWF
Bhubaneswar,2022-04-08T02:00,2022,25.3,93,16.6,0.0,28.9,1003.2,24.0,ERA5_Reanalysis_ECMWF
Bhubaneswar,2022-04-08T03:00,2022,25.1,93,14.5,0.0,29.0,1003.2,23.9,ERA5_Reanalysis_ECMWF
Bhubaneswar,2022-04-08T04:00,2022,24.6,95,10.4,0.0,29.0,1003.7,23.8,ERA5_Reanalysis_ECMWF
Bhubaneswar,2022-04-08T05:00,2022,25.1,95,13.0,0.0,29.4,1004.7,24.3,ERA5_Reanalysis_ECMWF
Bhubaneswar,2022-04-08T06:00,2022,26.2,87,17.7,44.0,29.7,1005.5,24.0,ERA5_Reanalysis_ECMWF
Bhubaneswar,2022-04-08T07:00,2022,28.2,76,19.8,223.0,31.1,1006.6,23.6,ERA5_Reanalysis_ECMWF
Bhubaneswar,2022-04-08T08:00,2022,30.0,68,17.5,443.0,33.1,1007.0,23.4,ERA5_Reanalysis_ECMWF
Bhubaneswar,2022-04-08T09:00,2022,32.0,57,16.7,659.0,35.1,1006.6,22.3,ERA5_Reanalysis_ECMWF
Bhubaneswar,2022-04-08T10:00,2022,34.1,44,16.6,821.0,36.9,1006.2,20.1,ERA5_Reanalysis_ECMWF
Bhubaneswar,2022-04-08T11:00,2022,35.7,36,16.9,914.0,38.1,1005.2,18.3,ERA5_Reanalysis_ECMWF
Bhubaneswar,2022-04-08T12:00,2022,36.8,31,18.7,942.0,38.4,1004.0,16.8,ERA5_Reanalysis_ECMWF
Bhubaneswar,2022-04-08T13:00,2022,37.0,29,19.7,896.0,37.9,1002.8,16.0,ERA5_Reanalysis_ECMWF
Bhubaneswar,2022-04-08T14:00,2022,36.6,30,20.1,779.0,37.0,1001.7,16.4,ERA5_Reanalysis_ECMWF
Bhubaneswar,2022-04-08T15:00,2022,35.3,36,20.0,584.0,35.4,1001.3,18.0,ERA5_Reanalysis_ECMWF
Bhubaneswar,2022-04-08T16:00,2022,32.6,48,20.7,295.0,33.5,1001.3,20.1,ERA5_Reanalysis_ECMWF
Bhubaneswar,2022-04-08T17:00,2022,30.2,61,17.3,134.0,32.5,1001.7,21.9,ERA5_Reanalysis_ECMWF
Bhubaneswar,2022-04-08T18:00,2022,28.3,73,17.3,11.0,31.3,1002.5,23.1,ERA5_Reanalysis_ECMWF
Bhubaneswar,2022-04-08T19:00,2022,27.2,82,17.4,0.0,30.6,1003.1,23.8,ERA5_Reanalysis_ECMWF
Bhubaneswar,2022-04-08T20:00,2022,26.8,85,19.0,0.0,30.1,1004.0,24.1,ERA5_Reanalysis_ECMWF
Bhubaneswar,2022-04-08T21:00,2022,26.6,87,17.8,0.0,30.2,1004.6,24.3,ERA5_Reanalysis_ECMWF
Bhubaneswar,2022-04-08T22:00,2022,26.4,87,17.4,0.0,30.0,1004.5,24.1,ERA5_Reanalysis_ECMWF
Bhubaneswar,2022-04-08T23:00,2022,26.2,89,18.2,0.0,29.8,1004.3,24.3,ERA5_Reanalysis_ECMWF
Bhubaneswar,2022-04-09T00:00,2022,26.1,91,20.5,0.0,29.5,1003.4,24.5,ERA5_Reanalysis_ECMWF
Bhubaneswar,2022-04-09T01:00,2022,26.3,88,20.7,0.0,29.4,1002.8,24.2,ERA5_Reanalysis_ECMWF
Bhubaneswar,2022-04-09T02:00,2022,26.0,89,19.7,0.0,29.3,1002.4,24.1,ERA5_Reanalysis_ECMWF
Bhubaneswar,2022-04-09T03:00,2022,25.7,91,18.7,0.0,29.1,1002.3,24.1,ERA5_Reanalysis_ECMWF
Bhubaneswar,2022-04-09T04:00,2022,25.6,91,17.7,0.0,29.1,1002.5,24.0,ERA5_Reanalysis_ECMWF
Bhubaneswar,2022-04-09T05:00,2022,26.2,91,16.6,0.0,30.2,1003.0,24.7,ERA5_Reanalysis_ECMWF
Bhubaneswar,2022-04-09T06:00,2022,27.2,86,17.1,45.0,31.1,1004.3,24.6,ERA5_Reanalysis_ECMWF
Bhubaneswar,2022-04-09T07:00,2022,28.8,76,18.2,220.0,32.4,1004.9,24.3,ERA5_Reanalysis_ECMWF
Bhubaneswar,2022-04-09T08:00,2022,30.7,67,18.2,444.0,34.1,1005.2,23.9,ERA5_Reanalysis_ECMWF
Bhubaneswar,2022-04-09T09:00,2022,32.6,58,18.7,657.0,36.0,1004.9,23.2,ERA5_Reanalysis_ECMWF
Bhubaneswar,2022-04-09T10:00,2022,34.1,51,18.5,815.0,37.9,1004.5,22.5,ERA5_Reanalysis_ECMWF
Bhubaneswar,2022-04-09T11:00,2022,35.3,46,16.9,909.0,39.5,1003.6,21.9,ERA5_Reanalysis_ECMWF
Bhubaneswar,2022-04-09T12:00,2022,36.1,43,16.6,932.0,40.3,1002.4,21.6,ERA5_Reanalysis_ECMWF
Bhubaneswar,2022-04-09T13:00,2022,36.3,42,16.7,882.0,40.1,1001.1,21.4,ERA5_Reanalysis_ECMWF
Bhubaneswar,2022-04-09T14:00,2022,36.1,43,17.1,769.0,39.3,1000.2,21.5,ERA5_Reanalysis_ECMWF
Bhubaneswar,2022-04-09T15:00,2022,35.1,47,18.4,566.0,37.3,999.6,21.9,ERA5_Reanalysis_ECMWF
Bhubaneswar,2022-04-09T16:00,2022,33.2,53,20.1,355.0,35.2,999.9,22.2,ERA5_Reanalysis_ECMWF
Bhubaneswar,2022-04-09T17:00,2022,31.5,59,18.4,126.0,34.0,1000.5,22.6,ERA5_Reanalysis_ECMWF
Bhubaneswar,2022-04-09T18:00,2022,29.6,70,19.8,11.0,32.5,1000.9,23.5,ERA5_Reanalysis_ECMWF
Bhubaneswar,2022-04-09T19:00,2022,27.8,82,21.2,0.0,31.0,1001.5,24.4,ERA5_Reanalysis_ECMWF
Bhubaneswar,2022-04-09T20:00,2022,27.6,84,20.6,0.0,31.1,1002.3,24.7,ERA5_Reanalysis_ECMWF
Bhubaneswar,2022-04-09T21:00,2022,27.3,87,20.5,0.0,30.9,1002.7,24.9,ERA5_Reanalysis_ECMWF
Bhubaneswar,2022-04-09T22:00,2022,27.0,88,21.9,0.0,30.4,1002.6,24.9,ERA5_Reanalysis_ECMWF
Bhubaneswar,2022-04-09T23:00,2022,26.9,89,23.7,0.0,30.1,1002.1,24.9,ERA5_Reanalysis_ECMWF
Bhubaneswar,2022-04-10T00:00,2022,26.7,90,25.3,0.0,29.7,1001.1,25.0,ERA5_Reanalysis_ECMWF
Bhubaneswar,2022-04-10T01:00,2022,26.7,89,21.7,0.0,30.1,1000.8,24.7,ERA5_Reanalysis_ECMWF
Bhubaneswar,2022-04-10T02:00,2022,26.6,87,19.1,0.0,30.1,1000.6,24.4,ERA5_Reanalysis_ECMWF
Bhubaneswar,2022-04-10T03:00,2022,26.4,87,19.6,0.0,29.7,1000.5,24.2,ERA5_Reanalysis_ECMWF
Bhubaneswar,2022-04-10T04:00,2022,26.2,90,19.5,0.0,29.6,1000.7,24.4,ERA5_Reanalysis_ECMWF
Bhubaneswar,2022-04-10T05:00,2022,26.4,91,17.7,0.0,30.3,1001.8,24.8,ERA5_Reanalysis_ECMWF
Bhubaneswar,2022-04-10T06:00,2022,27.4,85,20.0,46.0,31.1,1002.8,24.8,ERA5_Reanalysis_ECMWF
Bhubaneswar,2022-04-10T07:00,2022,29.2,76,21.3,221.0,32.5,1003.5,24.5,ERA5_Reanalysis_ECMWF
Bhubaneswar,2022-04-10T08:00,2022,31.0,69,20.3,445.0,34.4,1004.0,24.5,ERA5_Reanalysis_ECMWF
Bhubaneswar,2022-04-10T09:00,2022,32.8,61,18.1,654.0,36.9,1004.0,24.3,ERA5_Reanalysis_ECMWF
Bhubaneswar,2022-04-10T10:00,2022,34.5,55,14.6,814.0,39.8,1003.7,24.0,ERA5_Reanalysis_ECMWF
Bhubaneswar,2022-04-10T11:00,2022,35.8,49,15.0,910.0,41.3,1002.9,23.5,ERA5_Reanalysis_ECMWF
Bhubaneswar,2022-04-10T12:00,2022,36.4,46,19.0,932.0,41.0,1001.6,23.1,ERA5_Reanalysis_ECMWF
Bhubaneswar,2022-04-10T13:00,2022,36.0,48,22.5,884.0,39.9,1000.5,23.2,ERA5_Reanalysis_ECMWF
Bhubaneswar,2022-04-10T14:00,2022,35.3,50,22.3,745.0,38.6,999.7,23.3,ERA5_Reanalysis_ECMWF
Bhubaneswar,2022-04-10T15:00,2022,33.9,55,21.9,482.0,36.5,999.5,23.6,ERA5_Reanalysis_ECMWF
Bhubaneswar,2022-04-10T16:00,2022,31.9,62,23.1,274.0,34.3,999.8,23.6,ERA5_Reanalysis_ECMWF
Bhubaneswar,2022-04-10T17:00,2022,30.2,70,21.8,131.0,33.2,1000.1,24.1,ERA5_Reanalysis_ECMWF
Bhubaneswar,2022-04-10T18:00,2022,28.2,80,19.6,12.0,31.8,1000.4,24.5,ERA5_Reanalysis_ECMWF
Bhubaneswar,2022-04-10T19:00,2022,27.7,84,20.0,0.0,31.4,1001.1,24.8,ERA5_Reanalysis_ECMWF
Bhubaneswar,2022-04-10T20:00,2022,27.5,83,19.7,0.0,31.0,1001.7,24.4,ERA5_Reanalysis_ECMWF
Bhubaneswar,2022-04-10T21:00,2022,27.3,84,20.1,0.0,30.7,1001.8,24.4,ERA5_Reanalysis_ECMWF
Bhubaneswar,2022-04-10T22:00,2022,27.1,86,20.6,0.0,30.4,1001.9,24.5,ERA5_Reanalysis_ECMWF
Bhubaneswar,2022-04-10T23:00,2022,26.8,88,20.6,0.0,30.3,1001.3,24.7,ERA5_Reanalysis_ECMWF
Bhubaneswar,2022-04-11T00:00,2022,26.7,88,22.4,0.0,29.8,1000.5,24.5,ERA5_Reanalysis_ECMWF
Bhubaneswar,2022-04-11T01:00,2022,26.5,88,21.9,0.0,29.5,999.9,24.3,ERA5_Reanalysis_ECMWF
Bhubaneswar,2022-04-11T02:00,2022,26.2,89,21.4,0.0,29.3,999.4,24.2,ERA5_Reanalysis_ECMWF
Bhubaneswar,2022-04-11T03:00,2022,26.1,89,24.0,0.0,28.8,999.4,24.2,ERA5_Reanalysis_ECMWF
Bhubaneswar,2022-04-11T04:00,2022,26.1,89,20.6,0.0,29.3,1000.1,24.1,ERA5_Reanalysis_ECMWF
Bhubaneswar,2022-04-11T05:00,2022,26.1,91,17.1,0.0,30.0,1001.0,24.6,ERA5_Reanalysis_ECMWF
Bhubaneswar,2022-04-11T06:00,2022,27.2,86,18.4,49.0,31.0,1002.0,24.7,ERA5_Reanalysis_ECMWF
Bhubaneswar,2022-04-11T07:00,2022,29.0,79,16.6,239.0,33.2,1002.8,24.9,ERA5_Reanalysis_ECMWF
Bhubaneswar,2022-04-11T08:00,2022,30.8,70,17.2,389.0,34.8,1003.1,24.7,ERA5_Reanalysis_ECMWF
Bhubaneswar,2022-04-11T09:00,2022,32.5,62,16.5,517.0,36.3,1003.2,24.2,ERA5_Reanalysis_ECMWF
Bhubaneswar,2022-04-11T10:00,2022,34.4,54,15.6,766.0,39.2,1003.0,23.9,ERA5_Reanalysis_ECMWF
Bhubaneswar,2022-04-11T11:00,2022,35.7,49,17.4,892.0,40.6,1002.1,23.4,ERA5_Reanalysis_ECMWF
Bhubaneswar,2022-04-11T12:00,2022,36.3,46,20.4,934.0,40.7,1000.9,23.0,ERA5_Reanalysis_ECMWF
Bhubaneswar,2022-04-11T13:00,2022,36.1,47,22.2,885.0,39.8,999.7,22.9,ERA5_Reanalysis_ECMWF
Bhubaneswar,2022-04-11T14:00,2022,35.2,49,22.5,723.0,38.1,998.9,22.9,ERA5_Reanalysis_ECMWF
Bhubaneswar,2022-04-11T15:00,2022,34.2,52,22.7,580.0,36.4,998.4,23.0,ERA5_Reanalysis_ECMWF
Bhubaneswar,2022-04-11T16:00,2022,32.5,58,22.0,316.0,34.8,998.4,23.1,ERA5_Reanalysis_ECMWF
Bhubaneswar,2022-04-11T17:00,2022,30.3,66,19.7,126.0,33.1,998.7,23.4,ERA5_Reanalysis_ECMWF
Bhubaneswar,2022-04-11T18:00,2022,28.8,75,22.0,12.0,31.7,999.4,24.0,ERA5_Reanalysis_ECMWF
Bhubaneswar,2022-04-11T19:00,2022,28.0,80,21.6,0.0,31.0,1000.2,24.2,ERA5_Reanalysis_ECMWF
Bhubaneswar,2022-04-11T20:00,2022,27.7,82,19.5,0.0,31.2,1000.8,24.4,ERA5_Reanalysis_ECMWF
Bhubaneswar,2022-04-11T21:00,2022,27.5,82,20.5,0.0,30.6,1001.2,24.1,ERA5_Reanalysis_ECMWF
Bhubaneswar,2022-04-11T22:00,2022,27.2,83,21.9,0.0,30.1,1001.1,24.0,ERA5_Reanalysis_ECMWF
Bhubaneswar,2022-04-11T23:00,2022,27.0,84,24.0,0.0,29.5,1000.6,24.0,ERA5_Reanalysis_ECMWF
Bhubaneswar,2022-04-12T00:00,2022,26.8,86,24.0,0.0,29.5,1000.0,24.2,ERA5_Reanalysis_ECMWF
Bhubaneswar,2022-04-12T01:00,2022,26.6,87,22.2,0.0,29.5,999.7,24.2,ERA5_Reanalysis_ECMWF
Bhubaneswar,2022-04-12T02:00,2022,26.4,87,19.7,0.0,29.6,999.3,24.1,ERA5_Reanalysis_ECMWF
Bhubaneswar,2022-04-12T03:00,2022,26.1,89,17.0,0.0,29.8,999.6,24.1,ERA5_Reanalysis_ECMWF
Bhubaneswar,2022-04-12T04:00,2022,25.9,92,14.3,0.0,30.1,1000.4,24.4,ERA5_Reanalysis_ECMWF
Bhubaneswar,2022-04-12T05:00,2022,26.5,92,13.9,0.0,31.2,1001.0,25.1,ERA5_Reanalysis_ECMWF
Bhubaneswar,2022-04-12T06:00,2022,27.6,87,20.8,44.0,31.3,1001.9,25.1,ERA5_Reanalysis_ECMWF
Bhubaneswar,2022-04-12T07:00,2022,29.3,77,21.1,207.0,32.8,1002.7,24.8,ERA5_Reanalysis_ECMWF
Bhubaneswar,2022-04-12T08:00,2022,31.1,69,19.0,437.0,35.0,1003.0,24.9,ERA5_Reanalysis_ECMWF
Bhubaneswar,2022-04-12T09:00,2022,32.9,62,19.1,654.0,37.2,1003.0,24.8,ERA5_Reanalysis_ECMWF
Bhubaneswar,2022-04-12T10:00,2022,34.4,56,19.2,813.0,39.2,1002.6,24.3,ERA5_Reanalysis_ECMWF
Bhubaneswar,2022-04-12T11:00,2022,35.6,51,18.9,911.0,40.6,1001.9,23.8,ERA5_Reanalysis_ECMWF
Bhubaneswar,2022-04-12T12:00,2022,36.2,49,20.0,935.0,41.0,1000.6,23.7,ERA5_Reanalysis_ECMWF
Bhubaneswar,2022-04-12T13:00,2022,36.2,48,21.8,885.0,40.3,999.2,23.4,ERA5_Reanalysis_ECMWF
Bhubaneswar,2022-04-12T14:00,2022,35.6,49,22.5,766.0,38.9,998.3,23.3,ERA5_Reanalysis_ECMWF
Bhubaneswar,2022-04-12T15:00,2022,34.4,52,23.3,583.0,36.7,997.9,23.1,ERA5_Reanalysis_ECMWF
Bhubaneswar,2022-04-12T16:00,2022,32.7,58,20.4,347.0,35.3,998.1,23.3,ERA5_Reanalysis_ECMWF
Bhubaneswar,2022-04-12T17:00,2022,30.9,65,17.7,144.0,34.2,998.6,23.6,ERA5_Reanalysis_ECMWF
Bhubaneswar,2022-04-12T18:00,2022,29.1,74,18.2,12.0,32.6,999.1,24.1,ERA5_Reanalysis_ECMWF
Bhubaneswar,2022-04-12T19:00,2022,28.1,80,19.1,0.0,31.6,999.8,24.4,ERA5_Reanalysis_ECMWF
Bhubaneswar,2022-04-12T20:00,2022,27.5,84,16.8,0.0,31.4,1000.4,24.5,ERA5_Reanalysis_ECMWF
Bhubaneswar,2022-04-12T21:00,2022,27.3,84,17.3,0.0,31.0,1001.0,24.4,ERA5_Reanalysis_ECMWF
Bhubaneswar,2022-04-12T22:00,2022,27.0,86,20.1,0.0,30.5,1000.8,24.5,ERA5_Reanalysis_ECMWF
Bhubaneswar,2022-04-12T23:00,2022,26.7,87,19.9,0.0,30.2,1000.2,24.5,ERA5_Reanalysis_ECMWF
Bhubaneswar,2022-04-13T00:00,2022,26.5,89,19.7,0.0,30.0,999.9,24.5,ERA5_Reanalysis_ECMWF
Bhubaneswar,2022-04-13T01:00,2022,26.3,90,21.6,0.0,29.6,999.1,24.6,ERA5_Reanalysis_ECMWF
Bhubaneswar,2022-04-13T02:00,2022,26.2,90,22.9,0.0,29.3,998.6,24.5,ERA5_Reanalysis_ECMWF
Bhubaneswar,2022-04-13T03:00,2022,26.1,91,19.9,0.0,29.6,998.9,24.5,ERA5_Reanalysis_ECMWF
Bhubaneswar,2022-04-13T04:00,2022,26.1,89,17.7,0.0,29.7,999.8,24.2,ERA5_Reanalysis_ECMWF
Bhubaneswar,2022-04-13T05:00,2022,27.0,89,18.3,0.0,31.1,1000.0,25.0,ERA5_Reanalysis_ECMWF
Bhubaneswar,2022-04-13T06:00,2022,27.8,85,22.8,52.0,31.1,1000.9,24.9,ERA5_Reanalysis_ECMWF
Bhubaneswar,2022-04-13T07:00,2022,29.4,76,22.1,220.0,32.7,1001.9,24.7,ERA5_Reanalysis_ECMWF
Bhubaneswar,2022-04-13T08:00,2022,31.1,68,20.3,440.0,34.5,1002.2,24.5,ERA5_Reanalysis_ECMWF
Bhubaneswar,2022-04-13T09:00,2022,33.0,60,20.2,660.0,36.8,1002.1,24.2,ERA5_Reanalysis_ECMWF
Bhubaneswar,2022-04-13T10:00,2022,34.7,53,19.7,820.0,39.0,1001.6,23.7,ERA5_Reanalysis_ECMWF
Bhubaneswar,2022-04-13T11:00,2022,36.1,48,19.3,916.0,40.8,1000.6,23.4,ERA5_Reanalysis_ECMWF
Bhubaneswar,2022-04-13T12:00,2022,37.0,45,19.8,941.0,41.5,999.3,23.0,ERA5_Reanalysis_ECMWF
Bhubaneswar,2022-04-13T13:00,2022,37.0,44,22.1,890.0,40.8,998.2,22.8,ERA5_Reanalysis_ECMWF
Bhubaneswar,2022-04-13T14:00,2022,36.2,47,22.9,768.0,39.3,997.2,23.0,ERA5_Reanalysis_ECMWF
Bhubaneswar,2022-04-13T15:00,2022,34.7,51,23.0,591.0,37.0,996.8,23.0,ERA5_Reanalysis_ECMWF
Bhubaneswar,2022-04-13T16:00,2022,33.3,56,21.6,379.0,35.8,997.3,23.4,ERA5_Reanalysis_ECMWF
Bhubaneswar,2022-04-13T17:00,2022,31.0,62,21.4,142.0,33.4,997.8,23.0,ERA5_Reanalysis_ECMWF
Bhubaneswar,2022-04-13T18:00,2022,29.8,69,22.0,12.0,32.4,998.0,23.5,ERA5_Reanalysis_ECMWF
Bhubaneswar,2022-04-13T19:00,2022,28.6,75,18.8,0.0,31.8,998.7,23.8,ERA5_Reanalysis_ECMWF
Bhubaneswar,2022-04-13T20:00,2022,28.2,78,11.6,0.0,32.6,999.7,24.1,ERA5_Reanalysis_ECMWF
Bhubaneswar,2022-04-13T21:00,2022,27.9,80,15.7,0.0,31.7,1000.0,24.1,ERA5_Reanalysis_ECMWF
Bhubaneswar,2022-04-13T22:00,2022,27.7,81,20.4,0.0,30.9,999.9,24.2,ERA5_Reanalysis_ECMWF
Bhubaneswar,2022-04-13T23:00,2022,27.4,83,22.4,0.0,30.4,999.7,24.3,ERA5_Reanalysis_ECMWF
Bhubaneswar,2022-04-14T00:00,2022,27.1,85,24.0,0.0,30.0,999.0,24.5,ERA5_Reanalysis_ECMWF
Bhubaneswar,2022-04-14T01:00,2022,27.0,84,24.4,0.0,29.6,998.1,24.1,ERA5_Reanalysis_ECMWF
Bhubaneswar,2022-04-14T02:00,2022,26.8,85,22.9,0.0,29.6,997.6,24.1,ERA5_Reanalysis_ECMWF
Bhubaneswar,2022-04-14T03:00,2022,26.7,88,22.9,0.0,29.7,997.8,24.5,ERA5_Reanalysis_ECMWF
Bhubaneswar,2022-04-14T04:00,2022,26.9,87,21.1,0.0,30.2,998.3,24.5,ERA5_Reanalysis_ECMWF
Bhubaneswar,2022-04-14T05:00,2022,27.0,88,15.3,0.0,31.4,998.7,24.9,ERA5_Reanalysis_ECMWF
Bhubaneswar,2022-04-14T06:00,2022,27.9,84,16.3,38.0,32.2,999.7,25.0,ERA5_Reanalysis_ECMWF
Bhubaneswar,2022-04-14T07:00,2022,29.0,80,17.2,120.0,33.2,1000.8,25.1,ERA5_Reanalysis_ECMWF
Bhubaneswar,2022-04-14T08:00,2022,30.3,74,17.7,237.0,34.6,1001.4,25.3,ERA5_Reanalysis_ECMWF
Bhubaneswar,2022-04-14T09:00,2022,33.0,61,18.9,542.0,36.5,1001.6,24.4,ERA5_Reanalysis_ECMWF
Bhubaneswar,2022-04-14T10:00,2022,34.9,51,18.4,746.0,38.8,1001.0,23.2,ERA5_Reanalysis_ECMWF
Bhubaneswar,2022-04-14T11:00,2022,36.8,43,18.2,913.0,40.9,999.9,22.1,ERA5_Reanalysis_ECMWF
Bhubaneswar,2022-04-14T12:00,2022,37.6,40,19.5,937.0,41.4,998.9,21.7,ERA5_Reanalysis_ECMWF
Bhubaneswar,2022-04-14T13:00,2022,37.5,41,20.6,882.0,41.0,997.8,22.0,ERA5_Reanalysis_ECMWF
Bhubaneswar,2022-04-14T14:00,2022,37.0,43,22.1,754.0,39.8,997.3,22.4,ERA5_Reanalysis_ECMWF
Bhubaneswar,2022-04-14T15:00,2022,35.9,45,23.0,560.0,37.6,996.8,22.3,ERA5_Reanalysis_ECMWF
Bhubaneswar,2022-04-14T16:00,2022,34.4,53,24.2,317.0,36.7,996.9,23.5,ERA5_Reanalysis_ECMWF
Bhubaneswar,2022-04-14T17:00,2022,32.3,63,15.3,139.0,36.4,997.4,24.4,ERA5_Reanalysis_ECMWF
Bhubaneswar,2022-04-14T18:00,2022,30.7,68,8.9,13.0,35.5,998.4,24.2,ERA5_Reanalysis_ECMWF
Bhubaneswar,2022-04-14T19:00,2022,29.9,70,12.7,0.0,34.1,999.0,23.9,ERA5_Reanalysis_ECMWF
Bhubaneswar,2022-04-14T20:00,2022,29.1,74,17.9,0.0,32.6,999.5,24.1,ERA5_Reanalysis_ECMWF
Bhubaneswar,2022-04-14T21:00,2022,28.6,76,19.0,0.0,31.8,999.7,23.9,ERA5_Reanalysis_ECMWF
Bhubaneswar,2022-04-14T22:00,2022,28.1,78,19.2,0.0,31.4,999.7,24.0,ERA5_Reanalysis_ECMWF
Bhubaneswar,2022-04-14T23:00,2022,28.0,78,17.9,0.0,31.3,999.6,23.8,ERA5_Reanalysis_ECMWF
Bhubaneswar,2022-04-15T00:00,2022,27.9,77,17.8,0.0,31.0,999.3,23.5,ERA5_Reanalysis_ECMWF
Bhubaneswar,2022-04-15T01:00,2022,27.5,78,18.3,0.0,30.6,998.9,23.4,ERA5_Reanalysis_ECMWF
Bhubaneswar,2022-04-15T02:00,2022,27.2,81,18.5,0.0,30.4,998.4,23.6,ERA5_Reanalysis_ECMWF
Bhubaneswar,2022-04-15T03:00,2022,26.9,85,17.6,0.0,30.4,998.1,24.1,ERA5_Reanalysis_ECMWF
Bhubaneswar,2022-04-15T04:00,2022,26.7,87,17.1,0.0,30.5,998.5,24.4,ERA5_Reanalysis_ECMWF
Bhubaneswar,2022-04-15T05:00,2022,26.9,89,18.1,0.0,31.0,998.8,25.0,ERA5_Reanalysis_ECMWF
Bhubaneswar,2022-04-15T06:00,2022,27.9,86,15.2,48.0,32.5,999.5,25.3,ERA5_Reanalysis_ECMWF
Bhubaneswar,2022-04-15T07:00,2022,29.6,78,14.8,219.0,34.4,1000.5,25.4,ERA5_Reanalysis_ECMWF
Bhubaneswar,2022-04-15T08:00,2022,31.2,72,14.5,411.0,36.3,1001.1,25.7,ERA5_Reanalysis_ECMWF
Bhubaneswar,2022-04-15T09:00,2022,33.0,64,13.0,596.0,38.2,1001.4,25.3,ERA5_Reanalysis_ECMWF
Bhubaneswar,2022-04-15T10:00,2022,35.2,55,12.4,812.0,41.4,1001.0,24.8,ERA5_Reanalysis_ECMWF
Bhubaneswar,2022-04-15T11:00,2022,37.0,47,13.2,901.0,43.0,1000.2,23.9,ERA5_Reanalysis_ECMWF
Bhubaneswar,2022-04-15T12:00,2022,38.0,43,12.9,927.0,43.9,999.2,23.4,ERA5_Reanalysis_ECMWF
Bhubaneswar,2022-04-15T13:00,2022,38.4,41,13.0,866.0,43.6,997.9,22.8,ERA5_Reanalysis_ECMWF
Bhubaneswar,2022-04-15T14:00,2022,36.3,50,17.3,679.0,40.6,997.2,24.2,ERA5_Reanalysis_ECMWF
Bhubaneswar,2022-04-15T15:00,2022,35.4,51,18.5,450.0,38.5,997.0,23.6,ERA5_Reanalysis_ECMWF
Bhubaneswar,2022-04-15T16:00,2022,33.9,56,16.0,225.0,37.5,996.9,23.8,ERA5_Reanalysis_ECMWF
Bhubaneswar,2022-04-15T17:00,2022,32.4,63,17.8,138.0,36.1,997.0,24.4,ERA5_Reanalysis_ECMWF
Bhubaneswar,2022-04-15T18:00,2022,30.7,71,16.2,13.0,34.9,997.8,24.9,ERA5_Reanalysis_ECMWF
Bhubaneswar,2022-04-15T19:00,2022,29.3,77,16.7,0.0,33.4,998.5,24.8,ERA5_Reanalysis_ECMWF
Bhubaneswar,2022-04-15T20:00,2022,28.9,80,16.9,0.0,33.1,999.1,25.0,ERA5_Reanalysis_ECMWF
Bhubaneswar,2022-04-15T21:00,2022,28.5,82,18.1,0.0,32.6,999.3,25.0,ERA5_Reanalysis_ECMWF
Bhubaneswar,2022-04-15T22:00,2022,28.3,83,18.8,0.0,32.2,999.4,25.0,ERA5_Reanalysis_ECMWF
Bhubaneswar,2022-04-15T23:00,2022,28.0,83,18.8,0.0,31.8,998.9,24.9,ERA5_Reanalysis_ECMWF
Bhubaneswar,2022-04-16T00:00,2022,27.7,85,19.6,0.0,31.4,998.2,24.9,ERA5_Reanalysis_ECMWF
Bhubaneswar,2022-04-16T01:00,2022,27.4,86,19.2,0.0,31.3,997.6,24.9,ERA5_Reanalysis_ECMWF
Bhubaneswar,2022-04-16T02:00,2022,27.2,88,19.1,0.0,31.1,997.1,25.0,ERA5_Reanalysis_ECMWF
Bhubaneswar,2022-04-16T03:00,2022,26.9,90,18.1,0.0,31.1,997.0,25.2,ERA5_Reanalysis_ECMWF
Bhubaneswar,2022-04-16T04:00,2022,26.7,92,17.0,0.0,31.2,997.5,25.4,ERA5_Reanalysis_ECMWF
Bhubaneswar,2022-04-16T05:00,2022,27.1,93,15.1,0.0,32.1,998.1,25.8,ERA5_Reanalysis_ECMWF
Bhubaneswar,2022-04-16T06:00,2022,28.1,87,20.4,55.0,32.3,998.9,25.8,ERA5_Reanalysis_ECMWF
Bhubaneswar,2022-04-16T07:00,2022,29.9,79,19.1,229.0,34.5,999.8,26.0,ERA5_Reanalysis_ECMWF
Bhubaneswar,2022-04-16T08:00,2022,32.0,71,18.9,464.0,36.6,1000.3,26.0,ERA5_Reanalysis_ECMWF
Bhubaneswar,2022-04-16T09:00,2022,34.2,59,18.1,674.0,39.0,1000.3,25.2,ERA5_Reanalysis_ECMWF
Bhubaneswar,2022-04-16T10:00,2022,35.8,53,14.9,829.0,41.5,1000.2,24.6,ERA5_Reanalysis_ECMWF
Bhubaneswar,2022-04-16T11:00,2022,37.0,48,13.2,916.0,43.1,999.7,24.1,ERA5_Reanalysis_ECMWF
Bhubaneswar,2022-04-16T12:00,2022,37.5,46,17.1,897.0,42.7,999.2,23.8,ERA5_Reanalysis_ECMWF
Bhubaneswar,2022-04-16T13:00,2022,35.7,52,13.2,582.0,40.3,998.0,24.5,ERA5_Reanalysis_ECMWF
Bhubaneswar,2022-04-16T14:00,2022,36.9,47,14.3,689.0,41.4,997.0,23.6,ERA5_Reanalysis_ECMWF
Bhubaneswar,2022-04-16T15:00,2022,35.4,52,17.3,439.0,39.1,996.9,24.2,ERA5_Reanalysis_ECMWF
Bhubaneswar,2022-04-16T16:00,2022,33.8,57,20.0,230.0,37.1,996.7,24.2,ERA5_Reanalysis_ECMWF
Bhubaneswar,2022-04-16T17:00,2022,31.9,63,19.4,126.0,35.2,996.6,24.1,ERA5_Reanalysis_ECMWF
Bhubaneswar,2022-04-16T18:00,2022,29.9,71,17.6,13.0,33.4,997.2,24.1,ERA5_Reanalysis_ECMWF
Bhubaneswar,2022-04-16T19:00,2022,28.7,78,17.0,0.0,32.7,998.1,24.6,ERA5_Reanalysis_ECMWF
Bhubaneswar,2022-04-16T20:00,2022,28.2,80,17.9,0.0,32.0,998.7,24.5,ERA5_Reanalysis_ECMWF
Bhubaneswar,2022-04-16T21:00,2022,28.0,82,18.7,0.0,31.7,999.2,24.6,ERA5_Reanalysis_ECMWF
Bhubaneswar,2022-04-16T22:00,2022,27.6,83,18.2,0.0,31.4,999.3,24.6,ERA5_Reanalysis_ECMWF
Bhubaneswar,2022-04-16T23:00,2022,27.3,85,18.0,0.0,31.1,999.0,24.6,ERA5_Reanalysis_ECMWF
Bhubaneswar,2022-04-17T00:00,2022,27.1,87,18.1,0.0,30.9,998.3,24.7,ERA5_Reanalysis_ECMWF
Bhubaneswar,2022-04-17T01:00,2022,26.9,88,17.7,0.0,30.9,997.8,24.8,ERA5_Reanalysis_ECMWF
Bhubaneswar,2022-04-17T02:00,2022,26.7,90,17.2,0.0,30.7,997.3,24.8,ERA5_Reanalysis_ECMWF
Bhubaneswar,2022-04-17T03:00,2022,26.4,91,15.5,0.0,30.8,997.4,24.9,ERA5_Reanalysis_ECMWF
Bhubaneswar,2022-04-17T04:00,2022,26.1,93,13.6,0.0,30.8,998.1,25.0,ERA5_Reanalysis_ECMWF
Bhubaneswar,2022-04-17T05:00,2022,25.1,94,10.0,0.0,29.7,998.7,24.0,ERA5_Reanalysis_ECMWF
Bhubaneswar,2022-04-17T06:00,2022,26.5,90,10.3,61.0,31.5,999.4,24.7,ERA5_Reanalysis_ECMWF
Bhubaneswar,2022-04-17T07:00,2022,28.8,80,9.6,251.0,34.2,1000.5,25.1,ERA5_Reanalysis_ECMWF
Bhubaneswar,2022-04-17T08:00,2022,31.3,68,10.2,477.0,36.3,1001.3,24.7,ERA5_Reanalysis_ECMWF
Bhubaneswar,2022-04-17T09:00,2022,33.4,58,12.1,681.0,38.5,1001.5,24.0,ERA5_Reanalysis_ECMWF
Bhubaneswar,2022-04-17T10:00,2022,35.0,52,13.4,831.0,40.4,1001.3,23.6,ERA5_Reanalysis_ECMWF
Bhubaneswar,2022-04-17T11:00,2022,36.2,48,14.3,920.0,41.8,1000.5,23.4,ERA5_Reanalysis_ECMWF
Bhubaneswar,2022-04-17T12:00,2022,37.0,44,15.4,937.0,42.1,999.4,22.8,ERA5_Reanalysis_ECMWF
Bhubaneswar,2022-04-17T13:00,2022,36.9,44,18.6,896.0,41.3,998.4,22.8,ERA5_Reanalysis_ECMWF
Bhubaneswar,2022-04-17T14:00,2022,36.3,47,21.1,747.0,39.7,997.5,23.2,ERA5_Reanalysis_ECMWF
Bhubaneswar,2022-04-17T15:00,2022,34.7,52,21.8,562.0,37.2,997.3,23.3,ERA5_Reanalysis_ECMWF
Bhubaneswar,2022-04-17T16:00,2022,33.3,58,22.2,357.0,36.1,997.2,23.9,ERA5_Reanalysis_ECMWF
Bhubaneswar,2022-04-17T17:00,2022,30.9,67,23.1,144.0,33.6,998.1,24.1,ERA5_Reanalysis_ECMWF
Bhubaneswar,2022-04-17T18:00,2022,29.5,75,20.8,13.0,33.0,998.5,24.7,ERA5_Reanalysis_ECMWF
Bhubaneswar,2022-04-17T19:00,2022,28.8,76,20.6,0.0,32.0,999.2,24.2,ERA5_Reanalysis_ECMWF
Bhubaneswar,2022-04-17T20:00,2022,28.6,78,21.1,0.0,31.7,1000.0,24.3,ERA5_Reanalysis_ECMWF
Bhubaneswar,2022-04-17T21:00,2022,28.4,79,19.7,0.0,31.8,1000.7,24.4,ERA5_Reanalysis_ECMWF
Bhubaneswar,2022-04-17T22:00,2022,28.2,79,19.5,0.0,31.6,1001.2,24.3,ERA5_Reanalysis_ECMWF
Bhubaneswar,2022-04-17T23:00,2022,28.0,80,20.4,0.0,31.2,1000.8,24.3,ERA5_Reanalysis_ECMWF
Bhubaneswar,2022-04-18T00:00,2022,27.8,82,17.7,0.0,31.5,1000.3,24.4,ERA5_Reanalysis_ECMWF
Bhubaneswar,2022-04-18T01:00,2022,27.3,85,15.3,0.0,31.5,1000.1,24.5,ERA5_Reanalysis_ECMWF
Bhubaneswar,2022-04-18T02:00,2022,27.0,87,14.5,0.0,31.3,999.7,24.7,ERA5_Reanalysis_ECMWF
Bhubaneswar,2022-04-18T03:00,2022,26.6,90,13.4,0.0,31.2,999.6,24.8,ERA5_Reanalysis_ECMWF
Bhubaneswar,2022-04-18T04:00,2022,26.2,93,11.4,0.0,31.2,1000.2,25.0,ERA5_Reanalysis_ECMWF
Bhubaneswar,2022-04-18T05:00,2022,26.4,93,7.0,0.0,32.2,1000.6,25.2,ERA5_Reanalysis_ECMWF
Bhubaneswar,2022-04-18T06:00,2022,27.5,89,9.8,57.0,33.1,1001.5,25.5,ERA5_Reanalysis_ECMWF
Bhubaneswar,2022-04-18T07:00,2022,29.6,80,9.8,252.0,35.3,1002.5,25.7,ERA5_Reanalysis_ECMWF
Bhubaneswar,2022-04-18T08:00,2022,32.1,66,9.8,477.0,37.4,1003.0,25.0,ERA5_Reanalysis_ECMWF
Bhubaneswar,2022-04-18T09:00,2022,34.2,55,5.6,682.0,40.2,1003.1,24.0,ERA5_Reanalysis_ECMWF
Bhubaneswar,2022-04-18T10:00,2022,35.7,49,3.8,838.0,42.8,1003.0,23.5,ERA5_Reanalysis_ECMWF
Bhubaneswar,2022-04-18T11:00,2022,37.2,44,6.5,924.0,43.9,1002.2,22.9,ERA5_Reanalysis_ECMWF
Bhubaneswar,2022-04-18T12:00,2022,38.5,38,7.9,944.0,44.4,1001.2,21.7,ERA5_Reanalysis_ECMWF
Bhubaneswar,2022-04-18T13:00,2022,39.5,32,5.6,893.0,44.5,999.9,19.7,ERA5_Reanalysis_ECMWF
Bhubaneswar,2022-04-18T14:00,2022,39.8,29,2.4,764.0,43.9,998.9,18.5,ERA5_Reanalysis_ECMWF
Bhubaneswar,2022-04-18T15:00,2022,36.5,47,18.2,555.0,39.6,998.7,23.4,ERA5_Reanalysis_ECMWF
Bhubaneswar,2022-04-18T16:00,2022,34.4,54,19.5,303.0,37.5,998.7,23.9,ERA5_Reanalysis_ECMWF
Bhubaneswar,2022-04-18T17:00,2022,32.2,61,20.2,131.0,35.1,999.4,23.8,ERA5_Reanalysis_ECMWF
Bhubaneswar,2022-04-18T18:00,2022,29.5,69,21.1,13.0,32.0,1000.1,23.3,ERA5_Reanalysis_ECMWF
Bhubaneswar,2022-04-18T19:00,2022,28.6,81,18.1,0.0,32.6,1000.7,25.0,ERA5_Reanalysis_ECMWF
Bhubaneswar,2022-04-18T20:00,2022,27.9,85,20.1,0.0,31.8,1001.4,25.1,ERA5_Reanalysis_ECMWF
Bhubaneswar,2022-04-18T21:00,2022,27.5,89,17.2,0.0,32.0,1002.2,25.5,ERA5_Reanalysis_ECMWF
Bhubaneswar,2022-04-18T22:00,2022,27.0,93,15.5,0.0,31.9,1002.7,25.7,ERA5_Reanalysis_ECMWF
Bhubaneswar,2022-04-18T23:00,2022,26.7,93,16.8,0.0,31.3,1002.5,25.5,ERA5_Reanalysis_ECMWF
Bhubaneswar,2022-04-19T00:00,2022,26.5,93,16.9,0.0,30.9,1001.8,25.3,ERA5_Reanalysis_ECMWF
Bhubaneswar,2022-04-19T01:00,2022,26.4,94,15.9,0.0,31.0,1001.3,25.4,ERA5_Reanalysis_ECMWF
Bhubaneswar,2022-04-19T02:00,2022,26.2,94,15.5,0.0,30.7,1000.9,25.2,ERA5_Reanalysis_ECMWF
Bhubaneswar,2022-04-19T03:00,2022,26.0,94,15.0,0.0,30.4,1000.7,24.9,ERA5_Reanalysis_ECMWF
Bhubaneswar,2022-04-19T04:00,2022,25.7,95,14.8,0.0,30.2,1001.0,24.9,ERA5_Reanalysis_ECMWF
Bhubaneswar,2022-04-19T05:00,2022,26.2,97,15.7,0.0,31.2,1002.3,25.8,ERA5_Reanalysis_ECMWF
Bhubaneswar,2022-04-19T06:00,2022,27.9,88,24.7,55.0,31.6,1003.2,25.8,ERA5_Reanalysis_ECMWF
Bhubaneswar,2022-04-19T07:00,2022,29.8,78,22.9,219.0,33.5,1004.2,25.6,ERA5_Reanalysis_ECMWF
Bhubaneswar,2022-04-19T08:00,2022,31.6,70,20.4,468.0,35.7,1004.6,25.6,ERA5_Reanalysis_ECMWF
Bhubaneswar,2022-04-19T09:00,2022,33.2,64,16.6,667.0,38.4,1005.0,25.5,ERA5_Reanalysis_ECMWF
Bhubaneswar,2022-04-19T10:00,2022,34.8,56,17.2,827.0,40.2,1004.5,24.7,ERA5_Reanalysis_ECMWF
Bhubaneswar,2022-04-19T11:00,2022,36.1,51,17.1,928.0,41.7,1003.7,24.3,ERA5_Reanalysis_ECMWF
Bhubaneswar,2022-04-19T12:00,2022,37.0,46,18.0,950.0,42.2,1002.5,23.6,ERA5_Reanalysis_ECMWF
Bhubaneswar,2022-04-19T13:00,2022,36.9,47,18.8,891.0,41.8,1001.4,23.7,ERA5_Reanalysis_ECMWF
Bhubaneswar,2022-04-19T14:00,2022,36.4,48,18.4,722.0,40.5,1000.5,23.8,ERA5_Reanalysis_ECMWF
Bhubaneswar,2022-04-19T15:00,2022,35.3,52,17.2,558.0,38.9,1000.2,24.0,ERA5_Reanalysis_ECMWF
Bhubaneswar,2022-04-19T16:00,2022,33.6,59,19.1,349.0,37.1,1000.2,24.4,ERA5_Reanalysis_ECMWF
Bhubaneswar,2022-04-19T17:00,2022,31.4,65,18.9,148.0,34.8,1000.4,24.1,ERA5_Reanalysis_ECMWF
Bhubaneswar,2022-04-19T18:00,2022,29.7,76,18.4,14.0,33.7,1000.9,25.0,ERA5_Reanalysis_ECMWF
Bhubaneswar,2022-04-19T19:00,2022,28.3,83,19.7,0.0,32.3,1001.8,25.2,ERA5_Reanalysis_ECMWF
Bhubaneswar,2022-04-19T20:00,2022,27.8,87,16.9,0.0,32.4,1002.6,25.5,ERA5_Reanalysis_ECMWF
Bhubaneswar,2022-04-19T21:00,2022,27.6,88,19.2,0.0,31.8,1002.9,25.5,ERA5_Reanalysis_ECMWF
Bhubaneswar,2022-04-19T22:00,2022,27.4,89,20.4,0.0,31.4,1002.7,25.5,ERA5_Reanalysis_ECMWF
Bhubaneswar,2022-04-19T23:00,2022,27.2,90,21.7,0.0,31.0,1002.2,25.4,ERA5_Reanalysis_ECMWF
Bhubaneswar,2022-04-20T00:00,2022,27.1,90,23.0,0.0,30.7,1001.7,25.4,ERA5_Reanalysis_ECMWF
Bhubaneswar,2022-04-20T01:00,2022,27.0,91,24.2,0.0,30.5,1001.1,25.5,ERA5_Reanalysis_ECMWF
Bhubaneswar,2022-04-20T02:00,2022,26.9,92,21.3,0.0,30.8,1000.5,25.5,ERA5_Reanalysis_ECMWF
Bhubaneswar,2022-04-20T03:00,2022,27.1,91,18.9,0.0,31.4,1000.5,25.5,ERA5_Reanalysis_ECMWF
Bhubaneswar,2022-04-20T04:00,2022,27.2,90,16.1,0.0,31.8,1001.0,25.5,ERA5_Reanalysis_ECMWF
Bhubaneswar,2022-04-20T05:00,2022,27.6,89,15.0,0.0,32.5,1001.8,25.6,ERA5_Reanalysis_ECMWF
Bhubaneswar,2022-04-20T06:00,2022,28.1,86,19.8,17.0,32.2,1002.4,25.5,ERA5_Reanalysis_ECMWF
Bhubaneswar,2022-04-20T07:00,2022,29.1,80,19.3,104.0,33.2,1002.8,25.4,ERA5_Reanalysis_ECMWF
Bhubaneswar,2022-04-20T08:00,2022,30.9,72,19.0,352.0,35.0,1003.0,25.2,ERA5_Reanalysis_ECMWF
Bhubaneswar,2022-04-20T09:00,2022,32.6,64,17.4,623.0,37.2,1003.1,25.0,ERA5_Reanalysis_ECMWF
Bhubaneswar,2022-04-20T10:00,2022,34.1,59,14.8,769.0,39.7,1002.8,24.9,ERA5_Reanalysis_ECMWF
Bhubaneswar,2022-04-20T11:00,2022,35.7,53,14.4,877.0,41.7,1002.1,24.5,ERA5_Reanalysis_ECMWF
Bhubaneswar,2022-04-20T12:00,2022,36.4,50,17.7,935.0,42.1,1000.9,24.4,ERA5_Reanalysis_ECMWF
Bhubaneswar,2022-04-20T13:00,2022,36.2,51,20.7,897.0,41.3,999.5,24.6,ERA5_Reanalysis_ECMWF
Bhubaneswar,2022-04-20T14:00,2022,35.6,53,19.9,776.0,40.2,998.7,24.6,ERA5_Reanalysis_ECMWF
Bhubaneswar,2022-04-20T15:00,2022,34.6,56,18.4,579.0,38.4,998.6,24.5,ERA5_Reanalysis_ECMWF
Bhubaneswar,2022-04-20T16:00,2022,33.2,61,21.3,340.0,36.4,998.3,24.5,ERA5_Reanalysis_ECMWF
Bhubaneswar,2022-04-20T17:00,2022,31.5,69,20.1,142.0,35.3,999.3,25.1,ERA5_Reanalysis_ECMWF
Bhubaneswar,2022-04-20T18:00,2022,29.8,76,18.7,14.0,33.9,1000.0,25.1,ERA5_Reanalysis_ECMWF
Bhubaneswar,2022-04-20T19:00,2022,29.0,80,21.4,0.0,32.7,1000.5,25.2,ERA5_Reanalysis_ECMWF
Bhubaneswar,2022-04-20T20:00,2022,28.4,82,20.3,0.0,32.2,1001.0,25.1,ERA5_Reanalysis_ECMWF
Bhubaneswar,2022-04-20T21:00,2022,28.0,85,20.6,0.0,31.7,1001.4,25.1,ERA5_Reanalysis_ECMWF
Bhubaneswar,2022-04-20T22:00,2022,27.7,86,20.4,0.0,31.5,1001.3,25.2,ERA5_Reanalysis_ECMWF
Bhubaneswar,2022-04-20T23:00,2022,27.4,88,19.8,0.0,31.3,1001.1,25.2,ERA5_Reanalysis_ECMWF
Bhubaneswar,2022-04-21T00:00,2022,27.2,88,19.1,0.0,31.2,1000.9,25.1,ERA5_Reanalysis_ECMWF
Bhubaneswar,2022-04-21T01:00,2022,27.0,90,18.9,0.0,31.1,1000.6,25.2,ERA5_Reanalysis_ECMWF
Bhubaneswar,2022-04-21T02:00,2022,26.9,91,16.6,0.0,31.4,1000.6,25.3,ERA5_Reanalysis_ECMWF
Bhubaneswar,2022-04-21T03:00,2022,27.0,91,16.6,0.0,31.5,1000.7,25.4,ERA5_Reanalysis_ECMWF
Bhubaneswar,2022-04-21T04:00,2022,27.2,90,17.5,0.0,31.6,1000.8,25.4,ERA5_Reanalysis_ECMWF
Bhubaneswar,2022-04-21T05:00,2022,28.0,87,16.3,0.0,32.7,1001.7,25.7,ERA5_Reanalysis_ECMWF
Bhubaneswar,2022-04-21T06:00,2022,28.7,83,20.3,34.0,32.9,1002.4,25.6,ERA5_Reanalysis_ECMWF
Bhubaneswar,2022-04-21T07:00,2022,29.9,77,23.9,169.0,33.4,1002.9,25.4,ERA5_Reanalysis_ECMWF
Bhubaneswar,2022-04-21T08:00,2022,31.5,69,23.9,391.0,34.8,1003.3,25.1,ERA5_Reanalysis_ECMWF
Bhubaneswar,2022-04-21T09:00,2022,32.6,64,23.4,535.0,35.8,1003.1,24.9,ERA5_Reanalysis_ECMWF
Bhubaneswar,2022-04-21T10:00,2022,34.0,58,22.1,738.0,38.0,1002.4,24.4,ERA5_Reanalysis_ECMWF
Bhubaneswar,2022-04-21T11:00,2022,34.8,56,21.5,884.0,39.7,1001.7,24.6,ERA5_Reanalysis_ECMWF
Bhubaneswar,2022-04-21T12:00,2022,35.2,54,21.7,921.0,40.2,1000.5,24.5,ERA5_Reanalysis_ECMWF
Bhubaneswar,2022-04-21T13:00,2022,35.1,54,22.0,878.0,39.9,999.3,24.5,ERA5_Reanalysis_ECMWF
Bhubaneswar,2022-04-21T14:00,2022,34.8,55,23.0,757.0,38.9,998.2,24.6,ERA5_Reanalysis_ECMWF
Bhubaneswar,2022-04-21T15:00,2022,33.8,58,24.4,575.0,36.6,997.6,24.4,ERA5_Reanalysis_ECMWF
Bhubaneswar,2022-04-21T16:00,2022,32.2,63,25.3,364.0,34.8,997.6,24.3,ERA5_Reanalysis_ECMWF
Bhubaneswar,2022-04-21T17:00,2022,30.6,70,20.5,141.0,33.9,999.4,24.4,ERA5_Reanalysis_ECMWF
Bhubaneswar,2022-04-21T18:00,2022,29.2,76,18.4,14.0,33.0,1000.2,24.6,ERA5_Reanalysis_ECMWF
Bhubaneswar,2022-04-21T19:00,2022,28.6,79,18.5,0.0,32.4,1001.0,24.7,ERA5_Reanalysis_ECMWF
Bhubaneswar,2022-04-21T20:00,2022,28.3,81,19.4,0.0,31.9,1001.6,24.7,ERA5_Reanalysis_ECMWF
Bhubaneswar,2022-04-21T21:00,2022,28.1,82,14.8,0.0,32.4,1002.3,24.7,ERA5_Reanalysis_ECMWF
Bhubaneswar,2022-04-21T22:00,2022,27.8,83,17.8,0.0,31.7,1002.4,24.7,ERA5_Reanalysis_ECMWF
Bhubaneswar,2022-04-21T23:00,2022,27.6,84,21.3,0.0,31.0,1001.8,24.7,ERA5_Reanalysis_ECMWF
Bhubaneswar,2022-04-22T00:00,2022,27.5,84,22.1,0.0,30.7,1001.4,24.6,ERA5_Reanalysis_ECMWF
Bhubaneswar,2022-04-22T01:00,2022,27.2,86,21.5,0.0,30.5,1001.0,24.6,ERA5_Reanalysis_ECMWF
Bhubaneswar,2022-04-22T02:00,2022,27.0,87,21.5,0.0,30.4,1000.7,24.7,ERA5_Reanalysis_ECMWF
Bhubaneswar,2022-04-22T03:00,2022,27.0,88,20.1,0.0,30.7,1000.9,24.9,ERA5_Reanalysis_ECMWF
Bhubaneswar,2022-04-22T04:00,2022,27.0,88,19.3,0.0,30.7,1001.3,24.8,ERA5_Reanalysis_ECMWF
Bhubaneswar,2022-04-22T05:00,2022,26.6,87,17.0,0.0,30.4,1002.8,24.4,ERA5_Reanalysis_ECMWF
Bhubaneswar,2022-04-22T06:00,2022,27.6,82,19.8,61.0,30.9,1003.6,24.3,ERA5_Reanalysis_ECMWF
Bhubaneswar,2022-04-22T07:00,2022,28.8,76,18.6,166.0,32.2,1004.5,24.1,ERA5_Reanalysis_ECMWF
Bhubaneswar,2022-04-22T08:00,2022,30.4,69,14.6,338.0,34.4,1005.0,24.1,ERA5_Reanalysis_ECMWF
Bhubaneswar,2022-04-22T09:00,2022,32.4,61,10.6,659.0,37.5,1004.8,24.0,ERA5_Reanalysis_ECMWF
Bhubaneswar,2022-04-22T10:00,2022,34.1,53,7.6,822.0,40.2,1004.2,23.3,ERA5_Reanalysis_ECMWF
Bhubaneswar,2022-04-22T11:00,2022,35.9,44,7.9,914.0,41.8,1003.0,21.9,ERA5_Reanalysis_ECMWF
Bhubaneswar,2022-04-22T12:00,2022,37.4,38,10.0,935.0,42.3,1002.0,20.7,ERA5_Reanalysis_ECMWF
Bhubaneswar,2022-04-22T13:00,2022,38.0,35,14.9,877.0,41.4,1000.6,20.0,ERA5_Reanalysis_ECMWF
Bhubaneswar,2022-04-22T14:00,2022,36.9,39,15.6,712.0,39.7,999.8,20.7,ERA5_Reanalysis_ECMWF
Bhubaneswar,2022-04-22T15:00,2022,37.0,37,14.2,447.0,38.6,999.5,19.8,ERA5_Reanalysis_ECMWF
Bhubaneswar,2022-04-22T16:00,2022,36.2,38,7.9,314.0,38.6,999.7,19.6,ERA5_Reanalysis_ECMWF
Bhubaneswar,2022-04-22T17:00,2022,34.9,46,5.6,127.0,38.8,999.6,21.6,ERA5_Reanalysis_ECMWF
Bhubaneswar,2022-04-22T18:00,2022,31.7,61,17.9,15.0,34.6,1000.0,23.2,ERA5_Reanalysis_ECMWF
Bhubaneswar,2022-04-22T19:00,2022,30.0,68,15.5,0.0,33.5,1000.8,23.5,ERA5_Reanalysis_ECMWF
Bhubaneswar,2022-04-22T20:00,2022,29.0,73,15.5,0.0,32.5,1001.9,23.6,ERA5_Reanalysis_ECMWF
Bhubaneswar,2022-04-22T21:00,2022,28.4,76,16.7,0.0,31.9,1002.7,23.8,ERA5_Reanalysis_ECMWF
Bhubaneswar,2022-04-22T22:00,2022,28.1,79,16.8,0.0,31.7,1003.0,24.0,ERA5_Reanalysis_ECMWF
Bhubaneswar,2022-04-22T23:00,2022,27.7,81,17.3,0.0,31.4,1002.7,24.2,ERA5_Reanalysis_ECMWF
Bhubaneswar,2022-04-23T00:00,2022,27.5,82,17.1,0.0,31.3,1002.2,24.3,ERA5_Reanalysis_ECMWF
Bhubaneswar,2022-04-23T01:00,2022,27.4,84,16.7,0.0,31.3,1001.8,24.5,ERA5_Reanalysis_ECMWF
Bhubaneswar,2022-04-23T02:00,2022,27.2,86,16.7,0.0,31.2,1001.4,24.6,ERA5_Reanalysis_ECMWF
Bhubaneswar,2022-04-23T03:00,2022,27.1,88,15.8,0.0,31.4,1001.5,24.9,ERA5_Reanalysis_ECMWF
Bhubaneswar,2022-04-23T04:00,2022,26.8,90,14.9,0.0,31.4,1001.8,25.1,ERA5_Reanalysis_ECMWF
Bhubaneswar,2022-04-23T05:00,2022,26.4,93,9.9,0.0,31.8,1002.4,25.2,ERA5_Reanalysis_ECMWF
Bhubaneswar,2022-04-23T06:00,2022,27.6,88,9.7,68.0,33.1,1003.0,25.3,ERA5_Reanalysis_ECMWF
Bhubaneswar,2022-04-23T07:00,2022,29.7,77,8.2,259.0,35.3,1003.8,25.3,ERA5_Reanalysis_ECMWF
Bhubaneswar,2022-04-23T08:00,2022,32.1,65,5.9,480.0,37.8,1004.1,24.8,ERA5_Reanalysis_ECMWF
Bhubaneswar,2022-04-23T09:00,2022,34.5,54,4.6,679.0,40.6,1004.2,23.9,ERA5_Reanalysis_ECMWF
Bhubaneswar,2022-04-23T10:00,2022,36.5,43,6.3,830.0,42.2,1003.8,22.0,ERA5_Reanalysis_ECMWF
Bhubaneswar,2022-04-23T11:00,2022,37.9,37,7.5,917.0,43.1,1003.0,20.5,ERA5_Reanalysis_ECMWF
Bhubaneswar,2022-04-23T12:00,2022,38.5,34,6.6,910.0,43.5,1002.0,19.8,ERA5_Reanalysis_ECMWF
Bhubaneswar,2022-04-23T13:00,2022,38.8,30,3.6,771.0,42.5,1000.9,18.0,ERA5_Reanalysis_ECMWF
Bhubaneswar,2022-04-23T14:00,2022,39.1,28,6.2,652.0,41.4,1000.0,17.3,ERA5_Reanalysis_ECMWF
Bhubaneswar,2022-04-23T15:00,2022,38.6,29,11.9,471.0,39.6,999.5,17.7,ERA5_Reanalysis_ECMWF
Bhubaneswar,2022-04-23T16:00,2022,34.3,53,18.1,244.0,37.3,999.8,23.4,ERA5_Reanalysis_ECMWF
Bhubaneswar,2022-04-23T17:00,2022,33.9,53,16.9,117.0,36.8,999.7,22.8,ERA5_Reanalysis_ECMWF
Bhubaneswar,2022-04-23T18:00,2022,31.9,60,18.4,14.0,34.8,1000.6,23.2,ERA5_Reanalysis_ECMWF
Bhubaneswar,2022-04-23T19:00,2022,30.7,63,18.7,0.0,33.4,1001.3,23.0,ERA5_Reanalysis_ECMWF
Bhubaneswar,2022-04-23T20:00,2022,29.6,71,18.6,0.0,32.9,1001.9,23.9,ERA5_Reanalysis_ECMWF
Bhubaneswar,2022-04-23T21:00,2022,29.0,75,17.6,0.0,32.5,1002.2,24.0,ERA5_Reanalysis_ECMWF
Bhubaneswar,2022-04-23T22:00,2022,28.7,76,15.5,0.0,32.5,1002.0,24.0,ERA5_Reanalysis_ECMWF
Bhubaneswar,2022-04-23T23:00,2022,28.4,77,16.3,0.0,32.0,1001.4,23.9,ERA5_Reanalysis_ECMWF
Bhubaneswar,2022-04-24T00:00,2022,28.1,78,16.9,0.0,31.7,1001.0,24.0,ERA5_Reanalysis_ECMWF
Bhubaneswar,2022-04-24T01:00,2022,27.7,80,15.8,0.0,31.5,1000.5,24.0,ERA5_Reanalysis_ECMWF
Bhubaneswar,2022-04-24T02:00,2022,27.5,81,14.0,0.0,31.5,1000.0,24.0,ERA5_Reanalysis_ECMWF
Bhubaneswar,2022-04-24T03:00,2022,27.2,82,13.5,0.0,31.2,999.7,23.9,ERA5_Reanalysis_ECMWF
Bhubaneswar,2022-04-24T04:00,2022,26.8,85,11.3,0.0,31.3,1000.1,24.1,ERA5_Reanalysis_ECMWF
Bhubaneswar,2022-04-24T05:00,2022,26.7,87,9.1,0.0,31.6,1000.7,24.3,ERA5_Reanalysis_ECMWF
Bhubaneswar,2022-04-24T06:00,2022,28.0,81,6.8,70.0,33.3,1001.6,24.5,ERA5_Reanalysis_ECMWF
Bhubaneswar,2022-04-24T07:00,2022,30.1,72,9.4,261.0,35.2,1002.3,24.6,ERA5_Reanalysis_ECMWF
Bhubaneswar,2022-04-24T08:00,2022,32.7,60,9.0,482.0,37.4,1002.9,24.0,ERA5_Reanalysis_ECMWF
Bhubaneswar,2022-04-24T09:00,2022,34.8,51,5.2,681.0,40.4,1002.9,23.2,ERA5_Reanalysis_ECMWF
Bhubaneswar,2022-04-24T10:00,2022,36.7,43,4.9,833.0,42.7,1002.2,22.1,ERA5_Reanalysis_ECMWF
Bhubaneswar,2022-04-24T11:00,2022,38.3,37,6.8,923.0,43.9,1001.2,21.0,ERA5_Reanalysis_ECMWF
Bhubaneswar,2022-04-24T12:00,2022,39.4,33,7.9,943.0,44.4,1000.1,20.0,ERA5_Reanalysis_ECMWF
Bhubaneswar,2022-04-24T13:00,2022,39.1,30,10.7,860.0,42.4,999.3,18.5,ERA5_Reanalysis_ECMWF
Bhubaneswar,2022-04-24T14:00,2022,39.5,28,6.1,635.0,41.9,998.4,17.7,ERA5_Reanalysis_ECMWF
Bhubaneswar,2022-04-24T15:00,2022,40.1,26,8.2,481.0,41.3,997.3,16.8,ERA5_Reanalysis_ECMWF
Bhubaneswar,2022-04-24T16:00,2022,38.1,33,15.0,240.0,39.2,997.1,18.8,ERA5_Reanalysis_ECMWF
Bhubaneswar,2022-04-24T17:00,2022,33.6,56,17.6,111.0,36.9,997.5,23.6,ERA5_Reanalysis_ECMWF
Bhubaneswar,2022-04-24T18:00,2022,32.1,58,18.9,14.0,34.6,998.1,22.7,ERA5_Reanalysis_ECMWF
Bhubaneswar,2022-04-24T19:00,2022,30.9,66,18.7,0.0,34.1,999.0,23.8,ERA5_Reanalysis_ECMWF
Bhubaneswar,2022-04-24T20:00,2022,29.8,72,16.5,0.0,33.6,999.7,24.2,ERA5_Reanalysis_ECMWF
Bhubaneswar,2022-04-24T21:00,2022,29.3,78,13.8,0.0,33.9,1000.0,25.0,ERA5_Reanalysis_ECMWF
Bhubaneswar,2022-04-24T22:00,2022,28.8,79,13.5,0.0,33.3,1000.1,24.7,ERA5_Reanalysis_ECMWF
Bhubaneswar,2022-04-24T23:00,2022,28.3,82,15.7,0.0,32.7,999.5,24.9,ERA5_Reanalysis_ECMWF
Bhubaneswar,2022-04-25T00:00,2022,28.0,84,16.9,0.0,32.3,999.0,25.1,ERA5_Reanalysis_ECMWF
Bhubaneswar,2022-04-25T01:00,2022,27.7,85,14.7,0.0,32.3,998.5,25.0,ERA5_Reanalysis_ECMWF
Bhubaneswar,2022-04-25T02:00,2022,27.5,87,15.0,0.0,32.1,998.1,25.1,ERA5_Reanalysis_ECMWF
Bhubaneswar,2022-04-25T03:00,2022,27.2,89,14.7,0.0,32.0,998.1,25.3,ERA5_Reanalysis_ECMWF
Bhubaneswar,2022-04-25T04:00,2022,26.9,92,13.0,0.0,32.1,998.7,25.5,ERA5_Reanalysis_ECMWF
Bhubaneswar,2022-04-25T05:00,2022,26.9,95,12.2,0.0,32.5,999.5,26.0,ERA5_Reanalysis_ECMWF
Bhubaneswar,2022-04-25T06:00,2022,28.4,88,9.5,72.0,34.5,1000.6,26.2,ERA5_Reanalysis_ECMWF
Bhubaneswar,2022-04-25T07:00,2022,30.4,78,11.0,265.0,36.3,1001.3,26.2,ERA5_Reanalysis_ECMWF
Bhubaneswar,2022-04-25T08:00,2022,32.6,69,10.1,486.0,38.6,1002.1,26.1,ERA5_Reanalysis_ECMWF
Bhubaneswar,2022-04-25T09:00,2022,34.9,57,11.0,685.0,40.9,1002.0,25.2,ERA5_Reanalysis_ECMWF
Bhubaneswar,2022-04-25T10:00,2022,36.8,49,11.0,836.0,43.0,1001.5,24.3,ERA5_Reanalysis_ECMWF
Bhubaneswar,2022-04-25T11:00,2022,38.2,42,10.0,926.0,44.4,1000.8,23.2,ERA5_Reanalysis_ECMWF
Bhubaneswar,2022-04-25T12:00,2022,39.1,38,10.3,942.0,44.8,999.9,22.0,ERA5_Reanalysis_ECMWF
Bhubaneswar,2022-04-25T13:00,2022,39.5,35,11.0,875.0,44.1,998.7,21.1,ERA5_Reanalysis_ECMWF
Bhubaneswar,2022-04-25T14:00,2022,37.7,41,12.9,702.0,41.7,998.4,22.2,ERA5_Reanalysis_ECMWF
Bhubaneswar,2022-04-25T15:00,2022,37.8,40,12.9,418.0,40.7,997.7,21.7,ERA5_Reanalysis_ECMWF
Bhubaneswar,2022-04-25T16:00,2022,35.4,53,21.1,322.0,38.6,997.6,24.4,ERA5_Reanalysis_ECMWF
Bhubaneswar,2022-04-25T17:00,2022,32.8,65,19.5,142.0,36.8,997.8,25.3,ERA5_Reanalysis_ECMWF
Bhubaneswar,2022-04-25T18:00,2022,31.1,74,18.5,14.0,35.7,998.7,25.9,ERA5_Reanalysis_ECMWF
Bhubaneswar,2022-04-25T19:00,2022,29.4,82,19.3,0.0,33.9,999.4,26.0,ERA5_Reanalysis_ECMWF
Bhubaneswar,2022-04-25T20:00,2022,28.6,87,18.8,0.0,33.5,1000.2,26.3,ERA5_Reanalysis_ECMWF
Bhubaneswar,2022-04-25T21:00,2022,28.3,87,18.6,0.0,33.0,1000.9,26.0,ERA5_Reanalysis_ECMWF
Bhubaneswar,2022-04-25T22:00,2022,28.1,89,18.6,0.0,32.7,1000.9,26.0,ERA5_Reanalysis_ECMWF
Bhubaneswar,2022-04-25T23:00,2022,27.9,89,18.5,0.0,32.5,1000.5,26.0,ERA5_Reanalysis_ECMWF
Bhubaneswar,2022-04-26T00:00,2022,27.6,90,17.4,0.0,32.3,999.9,25.8,ERA5_Reanalysis_ECMWF
Bhubaneswar,2022-04-26T01:00,2022,27.3,91,14.8,0.0,32.3,999.3,25.7,ERA5_Reanalysis_ECMWF
Bhubaneswar,2022-04-26T02:00,2022,27.0,93,13.0,0.0,32.3,999.0,25.8,ERA5_Reanalysis_ECMWF
Bhubaneswar,2022-04-26T03:00,2022,26.8,95,14.7,0.0,32.0,999.0,25.9,ERA5_Reanalysis_ECMWF
Bhubaneswar,2022-04-26T04:00,2022,26.7,95,15.6,0.0,31.8,999.4,25.9,ERA5_Reanalysis_ECMWF
Bhubaneswar,2022-04-26T05:00,2022,27.3,95,11.6,0.0,33.2,1000.4,26.3,ERA5_Reanalysis_ECMWF
Bhubaneswar,2022-04-26T06:00,2022,28.8,85,16.6,67.0,33.8,1001.4,26.0,ERA5_Reanalysis_ECMWF
Bhubaneswar,2022-04-26T07:00,2022,30.5,78,13.6,256.0,36.0,1002.4,26.2,ERA5_Reanalysis_ECMWF
Bhubaneswar,2022-04-26T08:00,2022,32.4,70,12.0,482.0,38.1,1002.9,26.2,ERA5_Reanalysis_ECMWF
Bhubaneswar,2022-04-26T09:00,2022,34.5,59,12.6,686.0,40.4,1002.4,25.5,ERA5_Reanalysis_ECMWF
Bhubaneswar,2022-04-26T10:00,2022,36.6,49,12.6,840.0,42.6,1001.7,24.3,ERA5_Reanalysis_ECMWF
Bhubaneswar,2022-04-26T11:00,2022,38.1,43,10.9,930.0,44.4,1001.2,23.4,ERA5_Reanalysis_ECMWF
Bhubaneswar,2022-04-26T12:00,2022,39.2,38,9.3,949.0,45.2,1000.1,22.4,ERA5_Reanalysis_ECMWF
Bhubaneswar,2022-04-26T13:00,2022,39.7,35,9.4,872.0,44.7,999.1,21.5,ERA5_Reanalysis_ECMWF
Bhubaneswar,2022-04-26T14:00,2022,38.6,39,12.5,676.0,42.4,998.6,22.1,ERA5_Reanalysis_ECMWF
Bhubaneswar,2022-04-26T15:00,2022,36.9,47,9.8,393.0,41.2,998.5,23.6,ERA5_Reanalysis_ECMWF
Bhubaneswar,2022-04-26T16:00,2022,35.7,51,17.7,315.0,39.2,998.2,24.1,ERA5_Reanalysis_ECMWF
Bhubaneswar,2022-04-26T17:00,2022,32.7,62,17.7,148.0,36.4,999.0,24.4,ERA5_Reanalysis_ECMWF
Bhubaneswar,2022-04-26T18:00,2022,30.5,72,18.4,16.0,34.4,999.5,24.9,ERA5_Reanalysis_ECMWF
Bhubaneswar,2022-04-26T19:00,2022,29.1,80,17.9,0.0,33.4,1000.3,25.3,ERA5_Reanalysis_ECMWF
Bhubaneswar,2022-04-26T20:00,2022,28.3,86,17.4,0.0,32.9,1000.8,25.7,ERA5_Reanalysis_ECMWF
Bhubaneswar,2022-04-26T21:00,2022,27.9,89,16.4,0.0,32.8,1001.6,25.9,ERA5_Reanalysis_ECMWF
Bhubaneswar,2022-04-26T22:00,2022,27.7,90,16.5,0.0,32.6,1001.8,25.9,ERA5_Reanalysis_ECMWF
Bhubaneswar,2022-04-26T23:00,2022,27.5,90,14.9,0.0,32.4,1001.3,25.6,ERA5_Reanalysis_ECMWF
Bhubaneswar,2022-04-27T00:00,2022,27.2,90,16.1,0.0,31.7,1000.4,25.3,ERA5_Reanalysis_ECMWF
Bhubaneswar,2022-04-27T01:00,2022,26.9,91,15.4,0.0,31.6,1000.0,25.3,ERA5_Reanalysis_ECMWF
Bhubaneswar,2022-04-27T02:00,2022,26.6,95,11.4,0.0,32.0,999.6,25.6,ERA5_Reanalysis_ECMWF
Bhubaneswar,2022-04-27T03:00,2022,26.5,96,11.7,0.0,31.9,999.7,25.7,ERA5_Reanalysis_ECMWF
Bhubaneswar,2022-04-27T04:00,2022,26.5,95,13.9,0.0,31.6,1000.1,25.6,ERA5_Reanalysis_ECMWF
Bhubaneswar,2022-04-27T05:00,2022,26.7,95,13.2,0.0,32.0,1000.5,25.9,ERA5_Reanalysis_ECMWF
Bhubaneswar,2022-04-27T06:00,2022,28.3,87,18.2,77.0,32.9,1001.3,25.9,ERA5_Reanalysis_ECMWF
Bhubaneswar,2022-04-27T07:00,2022,30.2,78,13.5,270.0,35.5,1002.2,25.9,ERA5_Reanalysis_ECMWF
Bhubaneswar,2022-04-27T08:00,2022,32.1,69,12.6,486.0,37.5,1002.7,25.8,ERA5_Reanalysis_ECMWF
Bhubaneswar,2022-04-27T09:00,2022,34.3,59,15.0,683.0,39.6,1002.4,25.2,ERA5_Reanalysis_ECMWF
Bhubaneswar,2022-04-27T10:00,2022,36.1,51,16.6,834.0,41.4,1001.8,24.3,ERA5_Reanalysis_ECMWF
Bhubaneswar,2022-04-27T11:00,2022,37.5,45,16.4,927.0,42.9,1001.1,23.6,ERA5_Reanalysis_ECMWF
Bhubaneswar,2022-04-27T12:00,2022,38.5,41,16.6,945.0,43.5,1000.0,22.8,ERA5_Reanalysis_ECMWF
Bhubaneswar,2022-04-27T13:00,2022,38.6,40,17.2,892.0,43.0,998.7,22.6,ERA5_Reanalysis_ECMWF
Bhubaneswar,2022-04-27T14:00,2022,38.0,42,15.0,778.0,42.5,998.2,23.1,ERA5_Reanalysis_ECMWF
Bhubaneswar,2022-04-27T15:00,2022,37.5,44,12.2,534.0,41.3,997.7,23.2,ERA5_Reanalysis_ECMWF
Bhubaneswar,2022-04-27T16:00,2022,34.6,55,16.7,274.0,38.4,997.7,24.3,ERA5_Reanalysis_ECMWF
Bhubaneswar,2022-04-27T17:00,2022,33.2,61,17.0,141.0,37.2,998.0,24.8,ERA5_Reanalysis_ECMWF
Bhubaneswar,2022-04-27T18:00,2022,31.1,71,17.1,16.0,35.4,998.3,25.2,ERA5_Reanalysis_ECMWF
Bhubaneswar,2022-04-27T19:00,2022,29.4,78,15.6,0.0,33.9,999.0,25.2,ERA5_Reanalysis_ECMWF
Bhubaneswar,2022-04-27T20:00,2022,28.6,84,15.7,0.0,33.4,1000.1,25.7,ERA5_Reanalysis_ECMWF
Bhubaneswar,2022-04-27T21:00,2022,28.3,85,17.4,0.0,32.9,1000.6,25.6,ERA5_Reanalysis_ECMWF
Bhubaneswar,2022-04-27T22:00,2022,28.1,85,16.5,0.0,32.6,1000.9,25.3,ERA5_Reanalysis_ECMWF
Bhubaneswar,2022-04-27T23:00,2022,27.7,85,18.5,0.0,31.7,1000.0,25.0,ERA5_Reanalysis_ECMWF
Bhubaneswar,2022-04-28T00:00,2022,27.4,86,16.5,0.0,31.6,999.6,24.9,ERA5_Reanalysis_ECMWF
Bhubaneswar,2022-04-28T01:00,2022,27.1,88,15.0,0.0,31.5,999.0,24.9,ERA5_Reanalysis_ECMWF
Bhubaneswar,2022-04-28T02:00,2022,26.8,89,13.0,0.0,31.5,998.7,24.9,ERA5_Reanalysis_ECMWF
Bhubaneswar,2022-04-28T03:00,2022,26.5,91,11.4,0.0,31.5,999.0,24.9,ERA5_Reanalysis_ECMWF
Bhubaneswar,2022-04-28T04:00,2022,26.4,91,11.0,0.0,31.4,999.3,24.9,ERA5_Reanalysis_ECMWF
Bhubaneswar,2022-04-28T05:00,2022,26.5,96,8.2,1.0,32.6,1000.2,25.8,ERA5_Reanalysis_ECMWF
Bhubaneswar,2022-04-28T06:00,2022,28.2,88,10.1,77.0,34.0,1001.4,25.9,ERA5_Reanalysis_ECMWF
Bhubaneswar,2022-04-28T07:00,2022,30.2,79,12.0,273.0,35.9,1002.2,26.1,ERA5_Reanalysis_ECMWF
Bhubaneswar,2022-04-28T08:00,2022,32.6,69,12.9,494.0,38.2,1002.6,26.1,ERA5_Reanalysis_ECMWF
Bhubaneswar,2022-04-28T09:00,2022,35.0,58,13.6,693.0,40.9,1002.6,25.6,ERA5_Reanalysis_ECMWF
Bhubaneswar,2022-04-28T10:00,2022,36.9,51,13.5,844.0,43.2,1002.4,25.1,ERA5_Reanalysis_ECMWF
Bhubaneswar,2022-04-28T11:00,2022,38.1,46,12.7,931.0,44.7,1001.8,24.5,ERA5_Reanalysis_ECMWF
Bhubaneswar,2022-04-28T12:00,2022,38.6,44,14.5,946.0,44.8,1000.6,24.2,ERA5_Reanalysis_ECMWF
Bhubaneswar,2022-04-28T13:00,2022,38.6,43,15.9,892.0,43.9,999.4,23.7,ERA5_Reanalysis_ECMWF
Bhubaneswar,2022-04-28T14:00,2022,38.0,44,16.7,774.0,42.6,998.6,23.6,ERA5_Reanalysis_ECMWF
Bhubaneswar,2022-04-28T15:00,2022,36.7,49,17.4,577.0,40.4,998.6,24.1,ERA5_Reanalysis_ECMWF
Bhubaneswar,2022-04-28T16:00,2022,34.6,56,20.0,324.0,38.1,998.6,24.6,ERA5_Reanalysis_ECMWF
Bhubaneswar,2022-04-28T17:00,2022,32.1,65,21.0,143.0,35.6,999.4,24.8,ERA5_Reanalysis_ECMWF
Bhubaneswar,2022-04-28T18:00,2022,30.2,77,20.2,16.0,34.4,999.6,25.7,ERA5_Reanalysis_ECMWF
Bhubaneswar,2022-04-28T19:00,2022,28.7,85,17.7,0.0,33.4,1000.5,25.9,ERA5_Reanalysis_ECMWF
Bhubaneswar,2022-04-28T20:00,2022,28.4,86,17.0,0.0,33.2,1001.3,25.9,ERA5_Reanalysis_ECMWF
Bhubaneswar,2022-04-28T21:00,2022,28.1,86,18.8,0.0,32.5,1001.4,25.6,ERA5_Reanalysis_ECMWF
Bhubaneswar,2022-04-28T22:00,2022,28.0,86,17.7,0.0,32.4,1001.6,25.4,ERA5_Reanalysis_ECMWF
Bhubaneswar,2022-04-28T23:00,2022,27.7,87,15.6,0.0,32.3,1001.3,25.4,ERA5_Reanalysis_ECMWF
Bhubaneswar,2022-04-29T00:00,2022,27.4,89,15.8,0.0,32.1,1000.7,25.4,ERA5_Reanalysis_ECMWF
Bhubaneswar,2022-04-29T01:00,2022,27.2,91,15.0,0.0,32.0,999.7,25.5,ERA5_Reanalysis_ECMWF
Bhubaneswar,2022-04-29T02:00,2022,26.8,93,12.1,0.0,32.0,999.2,25.5,ERA5_Reanalysis_ECMWF
Bhubaneswar,2022-04-29T03:00,2022,26.4,94,11.4,0.0,31.7,999.2,25.4,ERA5_Reanalysis_ECMWF
Bhubaneswar,2022-04-29T04:00,2022,25.8,96,6.6,0.0,31.7,999.6,25.2,ERA5_Reanalysis_ECMWF
Bhubaneswar,2022-04-29T05:00,2022,26.4,98,7.0,1.0,32.8,1000.7,26.1,ERA5_Reanalysis_ECMWF
Bhubaneswar,2022-04-29T06:00,2022,28.0,90,7.9,70.0,34.4,1001.9,26.3,ERA5_Reanalysis_ECMWF
Bhubaneswar,2022-04-29T07:00,2022,30.0,81,5.9,265.0,36.8,1003.0,26.4,ERA5_Reanalysis_ECMWF
Bhubaneswar,2022-04-29T08:00,2022,32.4,68,6.0,434.0,38.6,1002.9,25.6,ERA5_Reanalysis_ECMWF
Bhubaneswar,2022-04-29T09:00,2022,33.8,61,6.0,443.0,39.8,1002.9,25.2,ERA5_Reanalysis_ECMWF
Bhubaneswar,2022-04-29T10:00,2022,35.7,52,7.4,590.0,41.1,1002.2,24.4,ERA5_Reanalysis_ECMWF
Bhubaneswar,2022-04-29T11:00,2022,37.3,44,8.3,749.0,42.8,1001.3,23.1,ERA5_Reanalysis_ECMWF
Bhubaneswar,2022-04-29T12:00,2022,38.8,38,9.4,847.0,44.1,1000.1,22.1,ERA5_Reanalysis_ECMWF
Bhubaneswar,2022-04-29T13:00,2022,37.6,39,17.4,905.0,41.2,1000.2,21.1,ERA5_Reanalysis_ECMWF
Bhubaneswar,2022-04-29T14:00,2022,37.5,37,10.2,496.0,40.0,998.4,20.4,ERA5_Reanalysis_ECMWF
Bhubaneswar,2022-04-29T15:00,2022,38.2,38,8.0,584.0,41.8,997.9,21.4,ERA5_Reanalysis_ECMWF
Bhubaneswar,2022-04-29T16:00,2022,35.7,54,15.9,373.0,40.1,997.4,25.0,ERA5_Reanalysis_ECMWF
Bhubaneswar,2022-04-29T17:00,2022,32.5,65,20.5,159.0,36.1,997.3,24.9,ERA5_Reanalysis_ECMWF
Bhubaneswar,2022-04-29T18:00,2022,29.9,77,19.5,17.0,34.0,997.7,25.4,ERA5_Reanalysis_ECMWF
Bhubaneswar,2022-04-29T19:00,2022,29.0,81,17.3,0.0,33.5,998.5,25.5,ERA5_Reanalysis_ECMWF
Bhubaneswar,2022-04-29T20:00,2022,28.3,85,14.9,0.0,33.1,999.5,25.4,ERA5_Reanalysis_ECMWF
Bhubaneswar,2022-04-29T21:00,2022,28.0,88,14.0,0.0,33.2,999.9,25.8,ERA5_Reanalysis_ECMWF
Bhubaneswar,2022-04-29T22:00,2022,27.8,88,14.7,0.0,32.8,1000.2,25.7,ERA5_Reanalysis_ECMWF
Bhubaneswar,2022-04-29T23:00,2022,27.6,87,17.6,0.0,32.0,999.4,25.3,ERA5_Reanalysis_ECMWF
Bhubaneswar,2022-04-30T00:00,2022,27.4,87,20.8,0.0,31.1,998.4,25.1,ERA5_Reanalysis_ECMWF
Bhubaneswar,2022-04-30T01:00,2022,27.3,87,17.4,0.0,31.3,997.8,24.9,ERA5_Reanalysis_ECMWF
Bhubaneswar,2022-04-30T02:00,2022,27.1,87,14.2,0.0,31.5,997.3,24.7,ERA5_Reanalysis_ECMWF
Bhubaneswar,2022-04-30T03:00,2022,26.8,88,13.0,0.0,31.4,997.3,24.6,ERA5_Reanalysis_ECMWF
Bhubaneswar,2022-04-30T04:00,2022,26.6,89,13.6,0.0,31.1,997.9,24.7,ERA5_Reanalysis_ECMWF
Bhubaneswar,2022-04-30T05:00,2022,27.0,93,14.0,1.0,32.1,998.7,25.7,ERA5_Reanalysis_ECMWF
Bhubaneswar,2022-04-30T06:00,2022,28.8,84,19.4,79.0,33.2,999.4,25.8,ERA5_Reanalysis_ECMWF
Bhubaneswar,2022-04-30T07:00,2022,30.7,76,18.9,273.0,35.3,1000.1,26.0,ERA5_Reanalysis_ECMWF
Bhubaneswar,2022-04-30T08:00,2022,32.7,68,17.9,488.0,37.5,1000.8,26.0,ERA5_Reanalysis_ECMWF
Bhubaneswar,2022-04-30T09:00,2022,34.4,62,18.9,677.0,39.6,1000.9,26.0,ERA5_Reanalysis_ECMWF
Bhubaneswar,2022-04-30T10:00,2022,35.5,58,20.5,834.0,41.2,1000.6,25.9,ERA5_Reanalysis_ECMWF
Bhubaneswar,2022-04-30T11:00,2022,36.0,55,21.0,794.0,41.2,1000.1,25.6,ERA5_Reanalysis_ECMWF
Bhubaneswar,2022-04-30T12:00,2022,36.5,51,23.2,914.0,41.4,999.1,24.9,ERA5_Reanalysis_ECMWF
Bhubaneswar,2022-04-30T13:00,2022,36.5,51,24.7,866.0,40.9,998.1,24.8,ERA5_Reanalysis_ECMWF
Bhubaneswar,2022-04-30T14:00,2022,36.6,50,19.8,736.0,41.1,997.1,24.6,ERA5_Reanalysis_ECMWF
Bhubaneswar,2022-04-30T15:00,2022,36.0,54,16.5,572.0,40.5,996.4,25.2,ERA5_Reanalysis_ECMWF
Bhubaneswar,2022-04-30T16:00,2022,34.3,61,18.6,371.0,38.6,996.2,25.6,ERA5_Reanalysis_ECMWF
Bhubaneswar,2022-04-30T17:00,2022,31.7,70,20.3,159.0,35.8,996.1,25.5,ERA5_Reanalysis_ECMWF
Bhubaneswar,2022-04-30T18:00,2022,30.1,78,19.9,18.0,34.4,996.5,25.8,ERA5_Reanalysis_ECMWF
Bhubaneswar,2022-04-30T19:00,2022,29.0,83,18.1,0.0,33.5,997.1,25.8,ERA5_Reanalysis_ECMWF
Bhubaneswar,2022-04-30T20:00,2022,28.6,85,16.6,0.0,33.4,998.1,25.9,ERA5_Reanalysis_ECMWF
Bhubaneswar,2022-04-30T21:00,2022,28.3,87,16.6,0.0,33.2,998.5,25.9,ERA5_Reanalysis_ECMWF
Bhubaneswar,2022-04-30T22:00,2022,28.2,87,19.1,0.0,32.7,998.3,25.9,ERA5_Reanalysis_ECMWF
Bhubaneswar,2022-04-30T23:00,2022,27.9,89,17.5,0.0,32.6,998.0,25.9,ERA5_Reanalysis_ECMWF
Bhubaneswar,2022-05-01T00:00,2022,27.5,92,15.2,0.0,32.7,997.3,26.0,ERA5_Reanalysis_ECMWF
Bhubaneswar,2022-05-01T01:00,2022,27.3,93,16.2,0.0,32.5,996.6,26.2,ERA5_Reanalysis_ECMWF
Bhubaneswar,2022-05-01T02:00,2022,27.3,94,16.5,0.0,32.5,996.1,26.3,ERA5_Reanalysis_ECMWF
Bhubaneswar,2022-05-01T03:00,2022,27.2,94,13.1,0.0,32.8,996.2,26.2,ERA5_Reanalysis_ECMWF
Bhubaneswar,2022-05-01T04:00,2022,26.9,95,6.5,0.0,33.3,997.1,26.0,ERA5_Reanalysis_ECMWF
Bhubaneswar,2022-05-01T05:00,2022,28.1,91,13.6,1.0,33.8,998.8,26.5,ERA5_Reanalysis_ECMWF
Bhubaneswar,2022-05-01T06:00,2022,29.2,84,16.5,31.0,34.3,999.8,26.3,ERA5_Reanalysis_ECMWF
Bhubaneswar,2022-05-01T07:00,2022,30.4,79,21.6,174.0,34.8,1000.2,26.3,ERA5_Reanalysis_ECMWF
Bhubaneswar,2022-05-01T08:00,2022,32.1,70,23.4,414.0,36.0,1000.3,25.9,ERA5_Reanalysis_ECMWF
Bhubaneswar,2022-05-01T09:00,2022,33.2,64,22.2,502.0,37.0,1000.5,25.6,ERA5_Reanalysis_ECMWF
Bhubaneswar,2022-05-01T10:00,2022,34.1,60,21.5,572.0,37.9,1000.3,25.2,ERA5_Reanalysis_ECMWF
Bhubaneswar,2022-05-01T11:00,2022,34.6,57,22.4,742.0,38.9,999.6,24.9,ERA5_Reanalysis_ECMWF
Bhubaneswar,2022-05-01T12:00,2022,35.1,56,22.7,844.0,40.0,998.3,25.1,ERA5_Reanalysis_ECMWF
Bhubaneswar,2022-05-01T13:00,2022,35.4,57,22.3,871.0,40.7,997.3,25.5,ERA5_Reanalysis_ECMWF
Bhubaneswar,2022-05-01T14:00,2022,34.7,58,23.9,744.0,38.9,996.0,25.2,ERA5_Reanalysis_ECMWF
Bhubaneswar,2022-05-01T15:00,2022,34.1,60,23.7,558.0,37.5,995.4,25.2,ERA5_Reanalysis_ECMWF
Bhubaneswar,2022-05-01T16:00,2022,32.9,65,23.9,366.0,36.4,995.5,25.4,ERA5_Reanalysis_ECMWF
Bhubaneswar,2022-05-01T17:00,2022,31.1,70,19.5,161.0,34.8,996.5,24.9,ERA5_Reanalysis_ECMWF
Bhubaneswar,2022-05-01T18:00,2022,29.5,78,18.6,18.0,33.7,997.2,25.3,ERA5_Reanalysis_ECMWF
Bhubaneswar,2022-05-01T19:00,2022,28.8,81,14.5,0.0,33.6,998.1,25.2,ERA5_Reanalysis_ECMWF
Bhubaneswar,2022-05-01T20:00,2022,28.2,85,12.7,0.0,33.3,998.8,25.5,ERA5_Reanalysis_ECMWF
Bhubaneswar,2022-05-01T21:00,2022,27.9,86,13.2,0.0,32.9,999.3,25.3,ERA5_Reanalysis_ECMWF
Bhubaneswar,2022-05-01T22:00,2022,27.7,87,16.6,0.0,32.3,999.7,25.4,ERA5_Reanalysis_ECMWF
Bhubaneswar,2022-05-01T23:00,2022,27.6,88,16.7,0.0,32.2,999.6,25.4,ERA5_Reanalysis_ECMWF
Bhubaneswar,2022-05-02T00:00,2022,27.6,88,18.6,0.0,32.0,998.9,25.5,ERA5_Reanalysis_ECMWF
Bhubaneswar,2022-05-02T01:00,2022,27.5,90,21.8,0.0,31.4,998.1,25.6,ERA5_Reanalysis_ECMWF
Bhubaneswar,2022-05-02T02:00,2022,27.5,90,22.0,0.0,31.4,997.5,25.7,ERA5_Reanalysis_ECMWF
Bhubaneswar,2022-05-02T03:00,2022,27.3,90,20.4,0.0,31.5,997.4,25.6,ERA5_Reanalysis_ECMWF
Bhubaneswar,2022-05-02T04:00,2022,27.3,91,18.2,0.0,31.8,997.8,25.7,ERA5_Reanalysis_ECMWF
Bhubaneswar,2022-05-02T05:00,2022,26.2,93,8.4,1.0,31.7,999.7,25.0,ERA5_Reanalysis_ECMWF
Bhubaneswar,2022-05-02T06:00,2022,28.2,85,15.8,78.0,32.8,1000.1,25.3,ERA5_Reanalysis_ECMWF
Bhubaneswar,2022-05-02T07:00,2022,30.0,75,18.8,237.0,34.0,1000.6,25.0,ERA5_Reanalysis_ECMWF
Bhubaneswar,2022-05-02T08:00,2022,32.0,64,20.0,444.0,35.4,1001.0,24.4,ERA5_Reanalysis_ECMWF
Bhubaneswar,2022-05-02T09:00,2022,33.6,58,18.8,637.0,37.5,1000.6,24.3,ERA5_Reanalysis_ECMWF
Bhubaneswar,2022-05-02T10:00,2022,34.8,55,17.9,828.0,39.9,1000.2,24.4,ERA5_Reanalysis_ECMWF
Bhubaneswar,2022-05-02T11:00,2022,35.5,53,18.6,905.0,40.9,999.6,24.4,ERA5_Reanalysis_ECMWF
Bhubaneswar,2022-05-02T12:00,2022,36.2,50,19.9,928.0,41.2,998.2,24.0,ERA5_Reanalysis_ECMWF
Bhubaneswar,2022-05-02T13:00,2022,36.1,51,23.8,881.0,40.4,996.4,24.4,ERA5_Reanalysis_ECMWF
Bhubaneswar,2022-05-02T14:00,2022,35.5,53,21.0,763.0,39.8,996.2,24.5,ERA5_Reanalysis_ECMWF
Bhubaneswar,2022-05-02T15:00,2022,34.0,57,20.7,470.0,37.3,995.8,24.4,ERA5_Reanalysis_ECMWF
Bhubaneswar,2022-05-02T16:00,2022,33.0,61,23.2,363.0,35.8,995.8,24.3,ERA5_Reanalysis_ECMWF
Bhubaneswar,2022-05-02T17:00,2022,32.7,61,17.8,152.0,36.4,996.0,24.3,ERA5_Reanalysis_ECMWF
Bhubaneswar,2022-05-02T18:00,2022,30.8,70,14.8,19.0,35.2,996.8,24.7,ERA5_Reanalysis_ECMWF
Bhubaneswar,2022-05-02T19:00,2022,29.8,75,11.2,0.0,34.8,997.7,25.0,ERA5_Reanalysis_ECMWF
Bhubaneswar,2022-05-02T20:00,2022,29.0,80,7.0,0.0,34.8,998.8,25.2,ERA5_Reanalysis_ECMWF
Bhubaneswar,2022-05-02T21:00,2022,28.6,83,9.3,0.0,34.2,999.8,25.4,ERA5_Reanalysis_ECMWF
Bhubaneswar,2022-05-02T22:00,2022,28.2,86,11.3,0.0,33.7,1000.1,25.6,ERA5_Reanalysis_ECMWF
Bhubaneswar,2022-05-02T23:00,2022,28.0,88,13.4,0.0,33.2,999.9,25.8,ERA5_Reanalysis_ECMWF
Bhubaneswar,2022-05-03T00:00,2022,27.8,90,15.2,0.0,32.9,999.7,25.9,ERA5_Reanalysis_ECMWF
Bhubaneswar,2022-05-03T01:00,2022,27.7,90,20.9,0.0,32.1,999.3,26.0,ERA5_Reanalysis_ECMWF
Bhubaneswar,2022-05-03T02:00,2022,27.7,91,18.4,0.0,32.4,998.6,26.0,ERA5_Reanalysis_ECMWF
Bhubaneswar,2022-05-03T03:00,2022,27.5,92,11.7,0.0,33.1,999.1,26.0,ERA5_Reanalysis_ECMWF
Bhubaneswar,2022-05-03T04:00,2022,27.5,91,15.7,0.0,32.5,999.3,25.9,ERA5_Reanalysis_ECMWF
Bhubaneswar,2022-05-03T05:00,2022,27.4,92,16.9,1.0,32.3,999.3,26.0,ERA5_Reanalysis_ECMWF
Bhubaneswar,2022-05-03T06:00,2022,28.9,81,22.3,75.0,32.6,999.9,25.4,ERA5_Reanalysis_ECMWF
Bhubaneswar,2022-05-03T07:00,2022,30.5,73,23.7,258.0,33.8,1000.5,25.1,ERA5_Reanalysis_ECMWF
Bhubaneswar,2022-05-03T08:00,2022,32.1,66,21.4,463.0,35.6,1001.1,24.9,ERA5_Reanalysis_ECMWF
Bhubaneswar,2022-05-03T09:00,2022,33.7,59,20.5,666.0,37.8,1001.1,24.7,ERA5_Reanalysis_ECMWF
Bhubaneswar,2022-05-03T10:00,2022,35.2,52,21.1,827.0,39.6,1000.7,24.0,ERA5_Reanalysis_ECMWF
Bhubaneswar,2022-05-03T11:00,2022,36.3,48,20.7,920.0,41.0,999.9,23.7,ERA5_Reanalysis_ECMWF
Bhubaneswar,2022-05-03T12:00,2022,36.8,46,21.2,936.0,41.2,998.9,23.2,ERA5_Reanalysis_ECMWF
Bhubaneswar,2022-05-03T13:00,2022,36.6,47,22.4,877.0,40.5,997.8,23.3,ERA5_Reanalysis_ECMWF
Bhubaneswar,2022-05-03T14:00,2022,35.6,50,22.7,756.0,39.2,996.9,23.7,ERA5_Reanalysis_ECMWF
Bhubaneswar,2022-05-03T15:00,2022,34.4,55,22.9,577.0,37.2,996.7,24.0,ERA5_Reanalysis_ECMWF
Bhubaneswar,2022-05-03T16:00,2022,32.2,61,18.7,339.0,35.4,997.4,23.8,ERA5_Reanalysis_ECMWF
Bhubaneswar,2022-05-03T17:00,2022,28.6,78,11.3,125.0,33.3,999.5,24.5,ERA5_Reanalysis_ECMWF
Bhubaneswar,2022-05-03T18:00,2022,29.8,74,14.9,10.0,34.1,999.1,24.6,ERA5_Reanalysis_ECMWF
Bhubaneswar,2022-05-03T19:00,2022,29.2,78,20.5,0.0,32.8,1000.3,24.9,ERA5_Reanalysis_ECMWF
Bhubaneswar,2022-05-03T20:00,2022,28.7,81,21.3,0.0,32.4,1000.8,25.2,ERA5_Reanalysis_ECMWF
Bhubaneswar,2022-05-03T21:00,2022,28.4,82,19.6,0.0,32.2,1001.4,25.0,ERA5_Reanalysis_ECMWF
Bhubaneswar,2022-05-03T22:00,2022,28.1,84,15.9,0.0,32.6,1002.1,25.2,ERA5_Reanalysis_ECMWF
Bhubaneswar,2022-05-03T23:00,2022,28.1,85,15.1,0.0,32.8,1001.7,25.3,ERA5_Reanalysis_ECMWF
Bhubaneswar,2022-05-04T00:00,2022,28.0,86,17.7,0.0,32.4,1001.0,25.4,ERA5_Reanalysis_ECMWF
Bhubaneswar,2022-05-04T01:00,2022,27.9,86,17.9,0.0,32.3,1000.5,25.4,ERA5_Reanalysis_ECMWF
Bhubaneswar,2022-05-04T02:00,2022,27.9,86,17.7,0.0,32.2,1000.1,25.4,ERA5_Reanalysis_ECMWF
Bhubaneswar,2022-05-04T03:00,2022,27.7,87,18.4,0.0,32.0,999.9,25.4,ERA5_Reanalysis_ECMWF
Bhubaneswar,2022-05-04T04:00,2022,27.7,88,19.1,0.0,32.0,1000.1,25.6,ERA5_Reanalysis_ECMWF
Bhubaneswar,2022-05-04T05:00,2022,27.1,89,19.7,1.0,30.9,1001.3,25.1,ERA5_Reanalysis_ECMWF
Bhubaneswar,2022-05-04T06:00,2022,28.3,81,21.0,76.0,31.8,1001.9,24.8,ERA5_Reanalysis_ECMWF
Bhubaneswar,2022-05-04T07:00,2022,29.9,73,26.3,248.0,32.4,1002.4,24.5,ERA5_Reanalysis_ECMWF
Bhubaneswar,2022-05-04T08:00,2022,31.5,65,23.8,447.0,34.2,1002.4,24.2,ERA5_Reanalysis_ECMWF
Bhubaneswar,2022-05-04T09:00,2022,32.9,61,19.6,653.0,36.8,1002.6,24.3,ERA5_Reanalysis_ECMWF
Bhubaneswar,2022-05-04T10:00,2022,34.3,57,15.0,819.0,39.8,1002.4,24.4,ERA5_Reanalysis_ECMWF
Bhubaneswar,2022-05-04T11:00,2022,35.4,54,11.5,910.0,42.2,1001.6,24.7,ERA5_Reanalysis_ECMWF
Bhubaneswar,2022-05-04T12:00,2022,36.4,51,8.7,928.0,43.8,1000.3,24.6,ERA5_Reanalysis_ECMWF
Bhubaneswar,2022-05-04T13:00,2022,37.2,47,5.9,876.0,44.5,999.1,24.1,ERA5_Reanalysis_ECMWF
Bhubaneswar,2022-05-04T14:00,2022,37.7,44,4.2,742.0,44.0,998.2,23.4,ERA5_Reanalysis_ECMWF
Bhubaneswar,2022-05-04T15:00,2022,38.1,39,1.3,561.0,42.8,997.4,21.9,ERA5_Reanalysis_ECMWF
Bhubaneswar,2022-05-04T16:00,2022,36.7,43,7.9,314.0,40.5,997.5,22.1,ERA5_Reanalysis_ECMWF
Bhubaneswar,2022-05-04T17:00,2022,33.7,62,15.5,131.0,38.3,998.1,25.3,ERA5_Reanalysis_ECMWF
Bhubaneswar,2022-05-04T18:00,2022,30.9,72,15.3,18.0,35.4,999.3,25.2,ERA5_Reanalysis_ECMWF
Bhubaneswar,2022-05-04T19:00,2022,29.6,79,17.8,0.0,34.1,1000.1,25.6,ERA5_Reanalysis_ECMWF
Bhubaneswar,2022-05-04T20:00,2022,28.8,85,15.9,0.0,33.9,1001.0,26.1,ERA5_Reanalysis_ECMWF
Bhubaneswar,2022-05-04T21:00,2022,28.6,85,14.0,0.0,33.8,1001.8,25.8,ERA5_Reanalysis_ECMWF
Bhubaneswar,2022-05-04T22:00,2022,28.4,87,14.4,0.0,33.7,1002.3,26.0,ERA5_Reanalysis_ECMWF
Bhubaneswar,2022-05-04T23:00,2022,28.2,87,14.1,0.0,33.4,1002.1,25.8,ERA5_Reanalysis_ECMWF
Bhubaneswar,2022-05-05T00:00,2022,28.1,88,13.4,0.0,33.4,1002.0,25.9,ERA5_Reanalysis_ECMWF
Bhubaneswar,2022-05-05T01:00,2022,27.9,89,13.3,0.0,33.3,1001.7,25.9,ERA5_Reanalysis_ECMWF
Bhubaneswar,2022-05-05T02:00,2022,27.8,89,13.7,0.0,33.1,1001.1,25.9,ERA5_Reanalysis_ECMWF
Bhubaneswar,2022-05-05T03:00,2022,27.7,90,11.8,0.0,33.3,1000.8,25.9,ERA5_Reanalysis_ECMWF
Bhubaneswar,2022-05-05T04:00,2022,27.6,90,11.6,0.0,33.2,1000.8,25.9,ERA5_Reanalysis_ECMWF
Bhubaneswar,2022-05-05T05:00,2022,27.6,92,13.7,1.0,33.2,1000.7,26.3,ERA5_Reanalysis_ECMWF
Bhubaneswar,2022-05-05T06:00,2022,28.9,84,18.7,60.0,33.4,1001.4,25.8,ERA5_Reanalysis_ECMWF
Bhubaneswar,2022-05-05T07:00,2022,29.5,80,19.8,92.0,33.7,1001.7,25.6,ERA5_Reanalysis_ECMWF
Bhubaneswar,2022-05-05T08:00,2022,30.4,77,12.3,189.0,35.9,1002.2,25.9,ERA5_Reanalysis_ECMWF
Bhubaneswar,2022-05-05T09:00,2022,32.5,68,13.4,516.0,37.8,1002.0,25.9,ERA5_Reanalysis_ECMWF
Bhubaneswar,2022-05-05T10:00,2022,34.2,61,13.3,792.0,40.6,1001.3,25.5,ERA5_Reanalysis_ECMWF
Bhubaneswar,2022-05-05T11:00,2022,35.3,55,13.5,881.0,41.7,1000.7,24.9,ERA5_Reanalysis_ECMWF
Bhubaneswar,2022-05-05T12:00,2022,35.9,51,13.8,926.0,42.2,999.9,24.3,ERA5_Reanalysis_ECMWF
Bhubaneswar,2022-05-05T13:00,2022,32.8,63,4.7,678.0,39.4,999.1,24.7,ERA5_Reanalysis_ECMWF
Bhubaneswar,2022-05-05T14:00,2022,33.9,58,9.0,516.0,39.0,998.1,24.6,ERA5_Reanalysis_ECMWF
Bhubaneswar,2022-05-05T15:00,2022,34.1,57,13.4,523.0,38.5,996.9,24.5,ERA5_Reanalysis_ECMWF
Bhubaneswar,2022-05-05T16:00,2022,32.8,65,15.1,317.0,37.4,997.9,25.3,ERA5_Reanalysis_ECMWF
Bhubaneswar,2022-05-05T17:00,2022,29.9,73,17.7,125.0,33.6,998.3,24.4,ERA5_Reanalysis_ECMWF
Bhubaneswar,2022-05-05T18:00,2022,29.2,74,16.0,18.0,32.9,999.3,24.1,ERA5_Reanalysis_ECMWF
Bhubaneswar,2022-05-05T19:00,2022,28.8,78,15.9,0.0,32.8,1000.0,24.5,ERA5_Reanalysis_ECMWF
Bhubaneswar,2022-05-05T20:00,2022,28.2,83,15.9,0.0,32.6,1000.8,25.0,ERA5_Reanalysis_ECMWF
Bhubaneswar,2022-05-05T21:00,2022,28.0,86,16.2,0.0,32.7,1001.1,25.5,ERA5_Reanalysis_ECMWF
Bhubaneswar,2022-05-05T22:00,2022,27.8,88,16.3,0.0,32.5,1001.3,25.6,ERA5_Reanalysis_ECMWF
Bhubaneswar,2022-05-05T23:00,2022,27.6,90,15.9,0.0,32.4,1001.0,25.7,ERA5_Reanalysis_ECMWF
Bhubaneswar,2022-05-06T00:00,2022,27.4,91,8.8,0.0,33.4,1001.1,25.8,ERA5_Reanalysis_ECMWF
Bhubaneswar,2022-05-06T01:00,2022,27.4,91,4.3,0.0,34.0,1001.1,25.8,ERA5_Reanalysis_ECMWF
Bhubaneswar,2022-05-06T02:00,2022,27.4,92,6.9,0.0,33.7,1000.6,25.9,ERA5_Reanalysis_ECMWF
Bhubaneswar,2022-05-06T03:00,2022,27.1,94,5.8,0.0,33.6,1000.4,26.0,ERA5_Reanalysis_ECMWF
Bhubaneswar,2022-05-06T04:00,2022,26.8,95,5.4,0.0,33.3,1000.4,26.0,ERA5_Reanalysis_ECMWF
Bhubaneswar,2022-05-06T05:00,2022,25.8,96,4.3,1.0,32.0,1001.8,25.2,ERA5_Reanalysis_ECMWF
Bhubaneswar,2022-05-06T06:00,2022,27.2,90,8.8,84.0,32.8,1002.7,25.3,ERA5_Reanalysis_ECMWF
Bhubaneswar,2022-05-06T07:00,2022,29.1,78,14.4,263.0,33.6,1002.9,24.9,ERA5_Reanalysis_ECMWF
Bhubaneswar,2022-05-06T08:00,2022,30.5,70,15.1,358.0,34.7,1002.5,24.5,ERA5_Reanalysis_ECMWF
Bhubaneswar,2022-05-06T09:00,2022,32.0,65,11.3,511.0,36.7,1002.1,24.5,ERA5_Reanalysis_ECMWF
Bhubaneswar,2022-05-06T10:00,2022,33.4,59,9.8,742.0,39.3,1001.7,24.2,ERA5_Reanalysis_ECMWF
Bhubaneswar,2022-05-06T11:00,2022,34.1,54,8.9,802.0,40.1,1001.1,23.6,ERA5_Reanalysis_ECMWF
Bhubaneswar,2022-05-06T12:00,2022,35.1,48,6.4,871.0,41.4,999.9,22.6,ERA5_Reanalysis_ECMWF
Bhubaneswar,2022-05-06T13:00,2022,35.9,45,6.3,876.0,41.8,998.8,22.0,ERA5_Reanalysis_ECMWF
Bhubaneswar,2022-05-06T14:00,2022,36.1,43,6.6,745.0,40.9,997.8,21.5,ERA5_Reanalysis_ECMWF
Bhubaneswar,2022-05-06T15:00,2022,36.2,42,5.8,545.0,39.7,997.3,21.2,ERA5_Reanalysis_ECMWF
Bhubaneswar,2022-05-06T16:00,2022,34.6,44,8.0,249.0,37.6,997.5,20.7,ERA5_Reanalysis_ECMWF
Bhubaneswar,2022-05-06T17:00,2022,33.2,54,5.6,133.0,37.7,997.6,22.8,ERA5_Reanalysis_ECMWF
Bhubaneswar,2022-05-06T18:00,2022,30.7,65,14.2,18.0,34.4,998.4,23.5,ERA5_Reanalysis_ECMWF
Bhubaneswar,2022-05-06T19:00,2022,28.8,78,15.1,0.0,32.9,999.3,24.5,ERA5_Reanalysis_ECMWF
Bhubaneswar,2022-05-06T20:00,2022,27.9,84,13.7,0.0,32.5,1000.3,24.9,ERA5_Reanalysis_ECMWF
Bhubaneswar,2022-05-06T21:00,2022,27.4,89,11.9,0.0,32.6,1000.9,25.4,ERA5_Reanalysis_ECMWF
Bhubaneswar,2022-05-06T22:00,2022,27.1,91,11.9,0.0,32.4,1001.6,25.5,ERA5_Reanalysis_ECMWF
Bhubaneswar,2022-05-06T23:00,2022,26.9,92,12.0,0.0,32.1,1001.6,25.5,ERA5_Reanalysis_ECMWF
Bhubaneswar,2022-05-07T00:00,2022,26.7,93,7.3,0.0,32.7,1001.5,25.5,ERA5_Reanalysis_ECMWF
Bhubaneswar,2022-05-07T01:00,2022,26.4,95,7.4,0.0,32.3,1001.0,25.5,ERA5_Reanalysis_ECMWF
Bhubaneswar,2022-05-07T02:00,2022,26.1,96,7.2,0.0,32.0,1000.7,25.4,ERA5_Reanalysis_ECMWF
Bhubaneswar,2022-05-07T03:00,2022,25.9,97,7.0,0.0,31.8,1000.5,25.4,ERA5_Reanalysis_ECMWF
Bhubaneswar,2022-05-07T04:00,2022,25.7,97,7.0,0.0,31.6,1000.6,25.3,ERA5_Reanalysis_ECMWF
Bhubaneswar,2022-05-07T05:00,2022,25.5,99,6.6,2.0,31.4,1000.5,25.2,ERA5_Reanalysis_ECMWF
Bhubaneswar,2022-05-07T06:00,2022,27.3,89,9.3,87.0,32.9,1001.3,25.3,ERA5_Reanalysis_ECMWF
Bhubaneswar,2022-05-07T07:00,2022,29.0,79,9.2,241.0,34.3,1001.8,25.0,ERA5_Reanalysis_ECMWF
Bhubaneswar,2022-05-07T08:00,2022,30.7,70,7.0,450.0,36.1,1002.0,24.6,ERA5_Reanalysis_ECMWF
Bhubaneswar,2022-05-07T09:00,2022,32.0,65,5.8,653.0,38.3,1002.3,24.7,ERA5_Reanalysis_ECMWF
Bhubaneswar,2022-05-07T10:00,2022,33.5,59,6.9,813.0,40.3,1002.0,24.3,ERA5_Reanalysis_ECMWF
Bhubaneswar,2022-05-07T11:00,2022,34.6,54,6.9,910.0,41.7,1001.2,23.8,ERA5_Reanalysis_ECMWF
Bhubaneswar,2022-05-07T12:00,2022,35.5,48,6.1,909.0,42.2,1000.1,22.9,ERA5_Reanalysis_ECMWF
Bhubaneswar,2022-05-07T13:00,2022,36.0,45,5.2,860.0,42.3,998.7,22.3,ERA5_Reanalysis_ECMWF
Bhubaneswar,2022-05-07T14:00,2022,36.2,43,5.1,669.0,40.9,997.5,21.7,ERA5_Reanalysis_ECMWF
Bhubaneswar,2022-05-07T15:00,2022,34.8,47,8.4,428.0,38.4,997.2,21.8,ERA5_Reanalysis_ECMWF
Bhubaneswar,2022-05-07T16:00,2022,32.5,60,10.5,241.0,36.8,997.5,23.7,ERA5_Reanalysis_ECMWF
Bhubaneswar,2022-05-07T17:00,2022,32.3,58,8.7,120.0,36.6,997.5,23.1,ERA5_Reanalysis_ECMWF
Bhubaneswar,2022-05-07T18:00,2022,30.8,66,15.2,19.0,34.4,998.5,23.7,ERA5_Reanalysis_ECMWF
Bhubaneswar,2022-05-07T19:00,2022,29.1,74,13.9,0.0,33.1,999.4,24.1,ERA5_Reanalysis_ECMWF
Bhubaneswar,2022-05-07T20:00,2022,28.2,80,14.2,0.0,32.4,1000.1,24.3,ERA5_Reanalysis_ECMWF
Bhubaneswar,2022-05-07T21:00,2022,27.6,85,13.2,0.0,32.2,1000.7,24.8,ERA5_Reanalysis_ECMWF
Bhubaneswar,2022-05-07T22:00,2022,27.2,86,10.5,0.0,32.2,1001.2,24.7,ERA5_Reanalysis_ECMWF
Bhubaneswar,2022-05-07T23:00,2022,26.8,88,7.8,0.0,32.2,1000.9,24.7,ERA5_Reanalysis_ECMWF
Bhubaneswar,2022-05-08T00:00,2022,26.3,91,5.5,0.0,32.0,1000.2,24.7,ERA5_Reanalysis_ECMWF
Bhubaneswar,2022-05-08T01:00,2022,26.1,92,4.1,0.0,32.0,999.8,24.7,ERA5_Reanalysis_ECMWF
Bhubaneswar,2022-05-08T02:00,2022,25.5,96,0.4,0.0,31.9,999.3,24.7,ERA5_Reanalysis_ECMWF
Bhubaneswar,2022-05-08T03:00,2022,25.0,98,3.7,0.0,30.9,999.2,24.6,ERA5_Reanalysis_ECMWF
Bhubaneswar,2022-05-08T04:00,2022,24.8,98,1.1,0.0,31.0,999.5,24.4,ERA5_Reanalysis_ECMWF
Bhubaneswar,2022-05-08T05:00,2022,26.1,94,1.5,2.0,32.6,1000.1,25.1,ERA5_Reanalysis_ECMWF
Bhubaneswar,2022-05-08T06:00,2022,27.5,87,1.5,68.0,34.0,1000.8,25.0,ERA5_Reanalysis_ECMWF
Bhubaneswar,2022-05-08T07:00,2022,28.7,79,2.9,260.0,34.9,1001.0,24.8,ERA5_Reanalysis_ECMWF
Bhubaneswar,2022-05-08T08:00,2022,30.1,72,4.8,471.0,35.7,1001.2,24.4,ERA5_Reanalysis_ECMWF
Bhubaneswar,2022-05-08T09:00,2022,31.6,65,7.2,675.0,37.5,1001.0,24.2,ERA5_Reanalysis_ECMWF
Bhubaneswar,2022-05-08T10:00,2022,32.9,58,4.6,826.0,39.7,1000.9,23.5,ERA5_Reanalysis_ECMWF
Bhubaneswar,2022-05-08T11:00,2022,34.2,51,3.9,918.0,41.2,1000.0,22.6,ERA5_Reanalysis_ECMWF
Bhubaneswar,2022-05-08T12:00,2022,35.2,45,6.8,931.0,41.2,999.3,21.7,ERA5_Reanalysis_ECMWF
Bhubaneswar,2022-05-08T13:00,2022,35.7,42,8.5,793.0,40.1,998.1,20.8,ERA5_Reanalysis_ECMWF
Bhubaneswar,2022-05-08T14:00,2022,35.8,40,13.3,681.0,38.5,997.0,20.1,ERA5_Reanalysis_ECMWF
Bhubaneswar,2022-05-08T15:00,2022,34.3,49,15.9,522.0,36.8,996.6,22.0,ERA5_Reanalysis_ECMWF
Bhubaneswar,2022-05-08T16:00,2022,33.0,53,16.6,329.0,35.6,996.8,22.2,ERA5_Reanalysis_ECMWF
Bhubaneswar,2022-05-08T17:00,2022,30.2,65,19.4,133.0,32.8,997.4,22.9,ERA5_Reanalysis_ECMWF
Bhubaneswar,2022-05-08T18:00,2022,29.2,70,14.5,21.0,32.6,998.0,23.1,ERA5_Reanalysis_ECMWF
Bhubaneswar,2022-05-08T19:00,2022,28.4,74,11.0,0.0,32.5,999.0,23.4,ERA5_Reanalysis_ECMWF
Bhubaneswar,2022-05-08T20:00,2022,27.9,77,8.7,0.0,32.4,999.5,23.6,ERA5_Reanalysis_ECMWF
Bhubaneswar,2022-05-08T21:00,2022,27.5,81,7.1,0.0,32.5,1000.0,23.9,ERA5_Reanalysis_ECMWF
Bhubaneswar,2022-05-08T22:00,2022,27.6,82,4.0,0.0,33.2,1000.1,24.2,ERA5_Reanalysis_ECMWF
Bhubaneswar,2022-05-08T23:00,2022,27.1,86,3.3,0.0,33.1,999.5,24.6,ERA5_Reanalysis_ECMWF
Bhubaneswar,2022-05-09T00:00,2022,26.6,87,3.2,0.0,32.4,998.9,24.3,ERA5_Reanalysis_ECMWF
Bhubaneswar,2022-05-09T01:00,2022,26.2,90,3.8,0.0,31.9,998.3,24.4,ERA5_Reanalysis_ECMWF
Bhubaneswar,2022-05-09T02:00,2022,26.6,88,5.9,0.0,32.0,997.7,24.4,ERA5_Reanalysis_ECMWF
Bhubaneswar,2022-05-09T03:00,2022,26.2,90,5.6,0.0,31.8,997.7,24.5,ERA5_Reanalysis_ECMWF
Bhubaneswar,2022-05-09T04:00,2022,26.5,89,6.1,0.0,31.9,997.9,24.4,ERA5_Reanalysis_ECMWF
Bhubaneswar,2022-05-09T05:00,2022,26.3,90,6.8,1.0,31.6,998.4,24.5,ERA5_Reanalysis_ECMWF
Bhubaneswar,2022-05-09T06:00,2022,27.9,83,7.7,76.0,33.3,998.9,24.7,ERA5_Reanalysis_ECMWF
Bhubaneswar,2022-05-09T07:00,2022,29.6,75,10.1,258.0,34.6,999.2,24.7,ERA5_Reanalysis_ECMWF
Bhubaneswar,2022-05-09T08:00,2022,30.8,69,10.4,374.0,35.5,999.7,24.4,ERA5_Reanalysis_ECMWF
Bhubaneswar,2022-05-09T09:00,2022,32.2,63,12.2,530.0,36.6,999.7,24.2,ERA5_Reanalysis_ECMWF
Bhubaneswar,2022-05-09T10:00,2022,31.6,60,14.9,315.0,34.8,999.6,22.9,ERA5_Reanalysis_ECMWF
Bhubaneswar,2022-05-09T11:00,2022,32.2,59,14.0,516.0,35.7,998.9,23.2,ERA5_Reanalysis_ECMWF
Bhubaneswar,2022-05-09T12:00,2022,32.2,60,15.9,432.0,35.6,998.3,23.5,ERA5_Reanalysis_ECMWF
Bhubaneswar,2022-05-09T13:00,2022,31.5,62,17.7,470.0,34.6,997.8,23.4,ERA5_Reanalysis_ECMWF
Bhubaneswar,2022-05-09T14:00,2022,31.4,63,16.8,375.0,34.7,997.0,23.5,ERA5_Reanalysis_ECMWF
Bhubaneswar,2022-05-09T15:00,2022,31.1,64,16.7,193.0,34.5,996.5,23.5,ERA5_Reanalysis_ECMWF
Bhubaneswar,2022-05-09T16:00,2022,31.2,63,17.2,301.0,34.3,996.4,23.3,ERA5_Reanalysis_ECMWF
Bhubaneswar,2022-05-09T17:00,2022,30.1,67,13.3,136.0,33.7,997.4,23.3,ERA5_Reanalysis_ECMWF
Bhubaneswar,2022-05-09T18:00,2022,29.6,68,11.7,20.0,33.5,997.9,23.2,ERA5_Reanalysis_ECMWF
Bhubaneswar,2022-05-09T19:00,2022,28.8,73,14.1,0.0,32.5,998.7,23.5,ERA5_Reanalysis_ECMWF
Bhubaneswar,2022-05-09T20:00,2022,28.3,78,11.9,0.0,32.7,999.4,24.0,ERA5_Reanalysis_ECMWF
Bhubaneswar,2022-05-09T21:00,2022,28.2,79,11.9,0.0,32.6,999.5,24.1,ERA5_Reanalysis_ECMWF
Bhubaneswar,2022-05-09T22:00,2022,27.8,81,10.1,0.0,32.5,999.6,24.3,ERA5_Reanalysis_ECMWF
Bhubaneswar,2022-05-09T23:00,2022,27.4,85,10.1,0.0,32.5,999.0,24.7,ERA5_Reanalysis_ECMWF
Bhubaneswar,2022-05-10T00:00,2022,27.3,87,7.9,0.0,32.8,998.6,24.9,ERA5_Reanalysis_ECMWF
Bhubaneswar,2022-05-10T01:00,2022,27.3,86,9.4,0.0,32.5,998.0,24.8,ERA5_Reanalysis_ECMWF
Bhubaneswar,2022-05-10T02:00,2022,27.2,86,9.0,0.0,32.4,997.6,24.7,ERA5_Reanalysis_ECMWF
Bhubaneswar,2022-05-10T03:00,2022,27.2,86,8.4,0.0,32.5,997.5,24.7,ERA5_Reanalysis_ECMWF
Bhubaneswar,2022-05-10T04:00,2022,27.1,88,8.4,0.0,32.6,997.3,24.9,ERA5_Reanalysis_ECMWF
Bhubaneswar,2022-05-10T05:00,2022,26.8,87,8.6,2.0,31.9,998.3,24.5,ERA5_Reanalysis_ECMWF
Bhubaneswar,2022-05-10T06:00,2022,28.3,79,13.3,80.0,32.7,998.7,24.4,ERA5_Reanalysis_ECMWF
Bhubaneswar,2022-05-10T07:00,2022,28.8,76,14.5,222.0,32.7,999.5,24.0,ERA5_Reanalysis_ECMWF
Bhubaneswar,2022-05-10T08:00,2022,30.4,68,16.3,387.0,34.1,999.8,24.0,ERA5_Reanalysis_ECMWF
Bhubaneswar,2022-05-10T09:00,2022,30.8,68,16.8,561.0,34.5,999.8,24.1,ERA5_Reanalysis_ECMWF
Bhubaneswar,2022-05-10T10:00,2022,32.1,66,16.9,652.0,36.8,999.6,25.0,ERA5_Reanalysis_ECMWF
Bhubaneswar,2022-05-10T11:00,2022,33.0,59,19.0,648.0,36.6,998.9,23.8,ERA5_Reanalysis_ECMWF
Bhubaneswar,2022-05-10T12:00,2022,32.7,60,18.5,587.0,36.2,998.0,23.9,ERA5_Reanalysis_ECMWF
Bhubaneswar,2022-05-10T13:00,2022,30.7,70,17.3,646.0,35.1,997.6,24.6,ERA5_Reanalysis_ECMWF
Bhubaneswar,2022-05-10T14:00,2022,31.8,64,18.9,414.0,35.2,996.8,24.2,ERA5_Reanalysis_ECMWF
Bhubaneswar,2022-05-10T15:00,2022,29.4,76,15.5,341.0,33.6,996.8,24.7,ERA5_Reanalysis_ECMWF
Bhubaneswar,2022-05-10T16:00,2022,29.2,74,16.2,198.0,32.9,996.7,24.0,ERA5_Reanalysis_ECMWF
Bhubaneswar,2022-05-10T17:00,2022,29.0,74,13.0,92.0,33.1,997.2,23.9,ERA5_Reanalysis_ECMWF
Bhubaneswar,2022-05-10T18:00,2022,28.2,80,10.4,14.0,33.1,997.9,24.5,ERA5_Reanalysis_ECMWF
Bhubaneswar,2022-05-10T19:00,2022,27.6,85,10.5,0.0,32.6,998.7,24.8,ERA5_Reanalysis_ECMWF
Bhubaneswar,2022-05-10T20:00,2022,27.0,91,10.3,0.0,32.5,999.4,25.4,ERA5_Reanalysis_ECMWF
Bhubaneswar,2022-05-10T21:00,2022,26.8,90,9.0,0.0,32.1,999.7,24.9,ERA5_Reanalysis_ECMWF
Bhubaneswar,2022-05-10T22:00,2022,26.5,92,7.6,0.0,32.1,999.8,25.0,ERA5_Reanalysis_ECMWF
Bhubaneswar,2022-05-10T23:00,2022,26.5,93,8.2,0.0,32.1,999.6,25.2,ERA5_Reanalysis_ECMWF
Bhubaneswar,2022-05-11T00:00,2022,26.2,93,3.7,0.0,32.3,998.6,25.0,ERA5_Reanalysis_ECMWF
Bhubaneswar,2022-05-11T01:00,2022,26.1,93,4.4,0.0,32.0,997.9,24.8,ERA5_Reanalysis_ECMWF
Bhubaneswar,2022-05-11T02:00,2022,26.0,93,4.7,0.0,31.9,997.5,24.7,ERA5_Reanalysis_ECMWF
Bhubaneswar,2022-05-11T03:00,2022,26.1,93,4.5,0.0,32.0,997.6,24.8,ERA5_Reanalysis_ECMWF
Bhubaneswar,2022-05-11T04:00,2022,26.2,92,7.0,0.0,31.8,997.7,24.8,ERA5_Reanalysis_ECMWF
Bhubaneswar,2022-05-11T05:00,2022,25.8,94,3.6,2.0,31.7,998.0,24.7,ERA5_Reanalysis_ECMWF
Bhubaneswar,2022-05-11T06:00,2022,26.6,90,8.0,44.0,31.9,998.8,24.7,ERA5_Reanalysis_ECMWF
Bhubaneswar,2022-05-11T07:00,2022,27.2,87,8.7,158.0,32.5,999.2,24.8,ERA5_Reanalysis_ECMWF
Bhubaneswar,2022-05-11T08:00,2022,29.0,78,8.3,358.0,34.4,999.7,24.9,ERA5_Reanalysis_ECMWF
Bhubaneswar,2022-05-11T09:00,2022,30.7,70,13.8,476.0,35.2,999.9,24.7,ERA5_Reanalysis_ECMWF
Bhubaneswar,2022-05-11T10:00,2022,30.8,67,18.4,351.0,34.1,1000.0,23.9,ERA5_Reanalysis_ECMWF
Bhubaneswar,2022-05-11T11:00,2022,29.9,70,14.0,347.0,33.9,999.5,24.0,ERA5_Reanalysis_ECMWF
Bhubaneswar,2022-05-11T12:00,2022,32.7,58,22.0,680.0,35.8,998.3,23.4,ERA5_Reanalysis_ECMWF
Bhubaneswar,2022-05-11T13:00,2022,33.9,51,23.1,793.0,36.6,997.5,22.2,ERA5_Reanalysis_ECMWF
Bhubaneswar,2022-05-11T14:00,2022,33.4,53,23.8,679.0,35.6,997.2,22.4,ERA5_Reanalysis_ECMWF
Bhubaneswar,2022-05-11T15:00,2022,32.4,57,23.8,545.0,34.3,996.8,22.8,ERA5_Reanalysis_ECMWF
Bhubaneswar,2022-05-11T16:00,2022,31.3,63,20.9,309.0,33.9,996.5,23.3,ERA5_Reanalysis_ECMWF
Bhubaneswar,2022-05-11T17:00,2022,30.4,67,17.7,139.0,33.7,997.1,23.7,ERA5_Reanalysis_ECMWF
Bhubaneswar,2022-05-11T18:00,2022,29.3,73,13.7,20.0,33.4,997.8,24.0,ERA5_Reanalysis_ECMWF
Bhubaneswar,2022-05-11T19:00,2022,28.7,76,10.9,0.0,33.3,998.8,24.1,ERA5_Reanalysis_ECMWF
Bhubaneswar,2022-05-11T20:00,2022,28.3,79,10.1,0.0,33.0,999.4,24.3,ERA5_Reanalysis_ECMWF
Bhubaneswar,2022-05-11T21:00,2022,28.2,80,11.5,0.0,32.8,999.8,24.4,ERA5_Reanalysis_ECMWF
Bhubaneswar,2022-05-11T22:00,2022,28.2,81,13.7,0.0,32.6,1000.0,24.5,ERA5_Reanalysis_ECMWF
Bhubaneswar,2022-05-11T23:00,2022,28.1,81,13.8,0.0,32.5,999.9,24.5,ERA5_Reanalysis_ECMWF
Bhubaneswar,2022-05-12T00:00,2022,27.8,83,13.4,0.0,32.3,999.5,24.6,ERA5_Reanalysis_ECMWF
Bhubaneswar,2022-05-12T01:00,2022,27.3,86,12.7,0.0,32.0,998.8,24.8,ERA5_Reanalysis_ECMWF
Bhubaneswar,2022-05-12T02:00,2022,27.1,88,9.7,0.0,32.4,998.4,24.9,ERA5_Reanalysis_ECMWF
Bhubaneswar,2022-05-12T03:00,2022,26.8,90,7.4,0.0,32.4,998.3,25.0,ERA5_Reanalysis_ECMWF
Bhubaneswar,2022-05-12T04:00,2022,26.5,92,4.7,0.0,32.6,998.5,25.1,ERA5_Reanalysis_ECMWF
Bhubaneswar,2022-05-12T05:00,2022,27.1,89,8.4,2.0,32.6,999.0,25.0,ERA5_Reanalysis_ECMWF
Bhubaneswar,2022-05-12T06:00,2022,28.5,81,13.2,78.0,33.3,999.6,25.0,ERA5_Reanalysis_ECMWF
Bhubaneswar,2022-05-12T07:00,2022,29.5,76,17.1,237.0,33.6,1000.1,24.9,ERA5_Reanalysis_ECMWF
Bhubaneswar,2022-05-12T08:00,2022,31.0,69,17.6,429.0,34.9,1000.6,24.7,ERA5_Reanalysis_ECMWF
Bhubaneswar,2022-05-12T09:00,2022,32.5,62,20.0,611.0,36.1,1000.5,24.2,ERA5_Reanalysis_ECMWF
Bhubaneswar,2022-05-12T10:00,2022,33.2,59,21.5,743.0,37.1,1000.2,24.1,ERA5_Reanalysis_ECMWF
Bhubaneswar,2022-05-12T11:00,2022,34.0,57,21.6,838.0,38.5,999.3,24.3,ERA5_Reanalysis_ECMWF
Bhubaneswar,2022-05-12T12:00,2022,34.4,55,22.3,872.0,38.8,998.5,24.2,ERA5_Reanalysis_ECMWF
Bhubaneswar,2022-05-12T13:00,2022,34.2,56,24.4,806.0,37.9,997.3,24.1,ERA5_Reanalysis_ECMWF
Bhubaneswar,2022-05-12T14:00,2022,33.9,56,23.6,658.0,36.9,996.2,23.8,ERA5_Reanalysis_ECMWF
Bhubaneswar,2022-05-12T15:00,2022,33.0,58,22.4,515.0,35.6,996.1,23.7,ERA5_Reanalysis_ECMWF
Bhubaneswar,2022-05-12T16:00,2022,31.9,63,21.0,333.0,34.8,996.2,24.0,ERA5_Reanalysis_ECMWF
Bhubaneswar,2022-05-12T17:00,2022,30.9,65,20.7,150.0,33.6,996.3,23.4,ERA5_Reanalysis_ECMWF
Bhubaneswar,2022-05-12T18:00,2022,29.5,73,18.7,20.0,32.9,996.5,24.1,ERA5_Reanalysis_ECMWF
Bhubaneswar,2022-05-12T19:00,2022,28.9,77,17.0,0.0,32.9,997.2,24.6,ERA5_Reanalysis_ECMWF
Bhubaneswar,2022-05-12T20:00,2022,28.6,81,16.9,0.0,32.8,998.1,25.0,ERA5_Reanalysis_ECMWF
Bhubaneswar,2022-05-12T21:00,2022,28.4,82,17.0,0.0,32.7,998.6,25.0,ERA5_Reanalysis_ECMWF
Bhubaneswar,2022-05-12T22:00,2022,28.4,82,17.8,0.0,32.6,999.0,25.1,ERA5_Reanalysis_ECMWF
Bhubaneswar,2022-05-12T23:00,2022,28.2,83,17.1,0.0,32.5,998.7,25.1,ERA5_Reanalysis_ECMWF
Bhubaneswar,2022-05-13T00:00,2022,28.1,84,17.4,0.0,32.4,998.2,25.1,ERA5_Reanalysis_ECMWF
Bhubaneswar,2022-05-13T01:00,2022,28.0,85,17.3,0.0,32.2,997.5,25.1,ERA5_Reanalysis_ECMWF
Bhubaneswar,2022-05-13T02:00,2022,27.9,85,17.4,0.0,32.1,997.1,25.1,ERA5_Reanalysis_ECMWF
Bhubaneswar,2022-05-13T03:00,2022,27.7,86,17.2,0.0,32.0,997.1,25.1,ERA5_Reanalysis_ECMWF
Bhubaneswar,2022-05-13T04:00,2022,27.6,86,16.9,0.0,31.9,997.2,25.1,ERA5_Reanalysis_ECMWF
Bhubaneswar,2022-05-13T05:00,2022,27.7,87,17.2,2.0,32.0,997.5,25.2,ERA5_Reanalysis_ECMWF
Bhubaneswar,2022-05-13T06:00,2022,29.0,79,21.7,84.0,32.5,997.9,25.0,ERA5_Reanalysis_ECMWF
Bhubaneswar,2022-05-13T07:00,2022,30.3,72,23.7,266.0,33.4,998.2,24.7,ERA5_Reanalysis_ECMWF
Bhubaneswar,2022-05-13T08:00,2022,31.7,65,24.4,467.0,34.4,998.5,24.3,ERA5_Reanalysis_ECMWF
Bhubaneswar,2022-05-13T09:00,2022,32.9,59,25.3,654.0,35.7,998.3,24.0,ERA5_Reanalysis_ECMWF
Bhubaneswar,2022-05-13T10:00,2022,34.0,55,25.7,817.0,37.3,997.9,23.6,ERA5_Reanalysis_ECMWF
Bhubaneswar,2022-05-13T11:00,2022,34.6,52,26.4,897.0,37.9,997.1,23.3,ERA5_Reanalysis_ECMWF
Bhubaneswar,2022-05-13T12:00,2022,34.8,51,26.6,918.0,38.1,996.3,23.1,ERA5_Reanalysis_ECMWF
Bhubaneswar,2022-05-13T13:00,2022,34.6,51,27.5,873.0,37.4,995.1,22.9,ERA5_Reanalysis_ECMWF
Bhubaneswar,2022-05-13T14:00,2022,34.1,50,28.0,741.0,36.0,994.5,22.4,ERA5_Reanalysis_ECMWF
Bhubaneswar,2022-05-13T15:00,2022,33.2,54,26.9,582.0,34.6,994.1,22.6,ERA5_Reanalysis_ECMWF
Bhubaneswar,2022-05-13T16:00,2022,31.7,62,26.8,368.0,33.6,994.1,23.6,ERA5_Reanalysis_ECMWF
Bhubaneswar,2022-05-13T17:00,2022,30.4,69,23.4,160.0,33.1,994.4,24.1,ERA5_Reanalysis_ECMWF
Bhubaneswar,2022-05-13T18:00,2022,29.2,75,21.1,22.0,32.4,994.9,24.4,ERA5_Reanalysis_ECMWF
Bhubaneswar,2022-05-13T19:00,2022,28.8,77,22.9,0.0,31.8,995.7,24.4,ERA5_Reanalysis_ECMWF
Bhubaneswar,2022-05-13T20:00,2022,28.6,79,23.1,0.0,31.7,996.6,24.6,ERA5_Reanalysis_ECMWF
Bhubaneswar,2022-05-13T21:00,2022,28.6,79,23.7,0.0,31.6,997.4,24.6,ERA5_Reanalysis_ECMWF
Bhubaneswar,2022-05-13T22:00,2022,28.5,79,24.2,0.0,31.3,997.6,24.5,ERA5_Reanalysis_ECMWF
Bhubaneswar,2022-05-13T23:00,2022,28.5,79,23.6,0.0,31.4,997.4,24.4,ERA5_Reanalysis_ECMWF
Bhubaneswar,2022-05-14T00:00,2022,28.4,79,22.8,0.0,31.4,997.0,24.3,ERA5_Reanalysis_ECMWF
Bhubaneswar,2022-05-14T01:00,2022,28.3,78,22.0,0.0,31.3,996.4,24.2,ERA5_Reanalysis_ECMWF
Bhubaneswar,2022-05-14T02:00,2022,28.3,78,21.6,0.0,31.3,995.8,24.1,ERA5_Reanalysis_ECMWF
Bhubaneswar,2022-05-14T03:00,2022,28.3,78,22.3,0.0,31.2,995.6,24.2,ERA5_Reanalysis_ECMWF
Bhubaneswar,2022-05-14T04:00,2022,28.3,79,22.4,0.0,31.3,995.9,24.3,ERA5_Reanalysis_ECMWF
Bhubaneswar,2022-05-14T05:00,2022,28.2,82,20.5,3.0,31.8,996.4,24.8,ERA5_Reanalysis_ECMWF
Bhubaneswar,2022-05-14T06:00,2022,29.1,79,19.6,85.0,32.9,997.7,25.0,ERA5_Reanalysis_ECMWF
Bhubaneswar,2022-05-14T07:00,2022,30.3,72,21.0,222.0,33.8,998.2,24.8,ERA5_Reanalysis_ECMWF
Bhubaneswar,2022-05-14T08:00,2022,31.9,65,22.9,474.0,35.0,998.3,24.5,ERA5_Reanalysis_ECMWF
Bhubaneswar,2022-05-14T09:00,2022,33.4,59,22.2,667.0,37.1,998.2,24.4,ERA5_Reanalysis_ECMWF
Bhubaneswar,2022-05-14T10:00,2022,34.5,55,20.9,782.0,38.7,998.3,24.2,ERA5_Reanalysis_ECMWF
Bhubaneswar,2022-05-14T11:00,2022,35.1,54,22.4,890.0,39.7,997.5,24.3,ERA5_Reanalysis_ECMWF
Bhubaneswar,2022-05-14T12:00,2022,35.3,54,24.0,915.0,39.9,996.8,24.5,ERA5_Reanalysis_ECMWF
Bhubaneswar,2022-05-14T13:00,2022,35.1,54,25.2,857.0,39.2,996.3,24.5,ERA5_Reanalysis_ECMWF
Bhubaneswar,2022-05-14T14:00,2022,34.5,56,24.8,741.0,38.1,995.6,24.6,ERA5_Reanalysis_ECMWF
Bhubaneswar,2022-05-14T15:00,2022,33.5,60,25.0,565.0,36.4,995.3,24.6,ERA5_Reanalysis_ECMWF
Bhubaneswar,2022-05-14T16:00,2022,32.2,66,25.3,361.0,35.1,995.1,24.9,ERA5_Reanalysis_ECMWF
Bhubaneswar,2022-05-14T17:00,2022,30.8,71,23.8,162.0,34.1,996.0,25.1,ERA5_Reanalysis_ECMWF
Bhubaneswar,2022-05-14T18:00,2022,29.6,78,22.7,23.0,33.2,996.4,25.3,ERA5_Reanalysis_ECMWF
Bhubaneswar,2022-05-14T19:00,2022,29.2,81,23.1,0.0,32.8,997.3,25.5,ERA5_Reanalysis_ECMWF
Bhubaneswar,2022-05-14T20:00,2022,29.0,82,21.5,0.0,32.9,998.6,25.6,ERA5_Reanalysis_ECMWF
Bhubaneswar,2022-05-14T21:00,2022,28.9,82,20.8,0.0,33.0,999.5,25.6,ERA5_Reanalysis_ECMWF
Bhubaneswar,2022-05-14T22:00,2022,28.9,82,19.1,0.0,33.1,999.9,25.5,ERA5_Reanalysis_ECMWF
Bhubaneswar,2022-05-14T23:00,2022,28.8,83,20.3,0.0,32.8,999.4,25.5,ERA5_Reanalysis_ECMWF
Bhubaneswar,2022-05-15T00:00,2022,28.7,83,21.3,0.0,32.7,998.6,25.5,ERA5_Reanalysis_ECMWF
Bhubaneswar,2022-05-15T01:00,2022,28.5,84,23.0,0.0,32.2,997.7,25.6,ERA5_Reanalysis_ECMWF
Bhubaneswar,2022-05-15T02:00,2022,28.4,85,23.9,0.0,32.1,997.0,25.7,ERA5_Reanalysis_ECMWF
Bhubaneswar,2022-05-15T03:00,2022,28.2,87,20.9,0.0,32.4,996.9,25.9,ERA5_Reanalysis_ECMWF
Bhubaneswar,2022-05-15T04:00,2022,28.1,88,15.2,0.0,33.2,997.8,25.9,ERA5_Reanalysis_ECMWF
Bhubaneswar,2022-05-15T05:00,2022,27.9,88,16.3,2.0,32.8,998.9,25.8,ERA5_Reanalysis_ECMWF
Bhubaneswar,2022-05-15T06:00,2022,29.3,81,21.1,79.0,33.3,999.9,25.6,ERA5_Reanalysis_ECMWF
Bhubaneswar,2022-05-15T07:00,2022,30.8,73,23.2,242.0,34.4,1000.5,25.4,ERA5_Reanalysis_ECMWF
Bhubaneswar,2022-05-15T08:00,2022,32.1,67,22.1,381.0,35.7,1000.8,25.2,ERA5_Reanalysis_ECMWF
Bhubaneswar,2022-05-15T09:00,2022,33.7,60,21.9,591.0,37.2,1000.6,24.8,ERA5_Reanalysis_ECMWF
Bhubaneswar,2022-05-15T10:00,2022,34.8,55,21.7,741.0,38.9,1000.3,24.5,ERA5_Reanalysis_ECMWF
Bhubaneswar,2022-05-15T11:00,2022,35.3,53,21.1,738.0,39.3,999.8,24.2,ERA5_Reanalysis_ECMWF
Bhubaneswar,2022-05-15T12:00,2022,35.7,51,20.9,791.0,39.8,998.9,23.9,ERA5_Reanalysis_ECMWF
Bhubaneswar,2022-05-15T13:00,2022,35.7,51,22.3,825.0,39.7,997.9,23.9,ERA5_Reanalysis_ECMWF
Bhubaneswar,2022-05-15T14:00,2022,35.2,53,22.5,737.0,39.1,997.0,24.3,ERA5_Reanalysis_ECMWF
Bhubaneswar,2022-05-15T15:00,2022,33.9,60,23.2,571.0,37.3,996.3,25.1,ERA5_Reanalysis_ECMWF
Bhubaneswar,2022-05-15T16:00,2022,32.4,66,23.8,369.0,35.8,996.0,25.3,ERA5_Reanalysis_ECMWF
Bhubaneswar,2022-05-15T17:00,2022,31.3,70,22.4,168.0,34.8,997.3,25.2,ERA5_Reanalysis_ECMWF
Bhubaneswar,2022-05-15T18:00,2022,29.8,77,20.9,23.0,33.7,997.6,25.4,ERA5_Reanalysis_ECMWF
Bhubaneswar,2022-05-15T19:00,2022,28.9,84,20.8,0.0,33.2,998.5,25.9,ERA5_Reanalysis_ECMWF
Bhubaneswar,2022-05-15T20:00,2022,28.8,85,17.4,0.0,33.7,999.9,26.1,ERA5_Reanalysis_ECMWF
Bhubaneswar,2022-05-15T21:00,2022,28.7,86,16.8,0.0,33.6,1000.8,26.1,ERA5_Reanalysis_ECMWF
Bhubaneswar,2022-05-15T22:00,2022,28.6,86,19.6,0.0,33.1,1001.1,26.1,ERA5_Reanalysis_ECMWF
Bhubaneswar,2022-05-15T23:00,2022,28.5,86,20.4,0.0,32.8,1000.6,25.9,ERA5_Reanalysis_ECMWF
Bhubaneswar,2022-05-16T00:00,2022,28.4,86,21.7,0.0,32.4,1000.1,25.7,ERA5_Reanalysis_ECMWF
Bhubaneswar,2022-05-16T01:00,2022,28.3,86,23.1,0.0,32.1,998.9,25.7,ERA5_Reanalysis_ECMWF
Bhubaneswar,2022-05-16T02:00,2022,28.3,86,21.9,0.0,32.3,998.2,25.7,ERA5_Reanalysis_ECMWF
Bhubaneswar,2022-05-16T03:00,2022,28.3,86,20.8,0.0,32.5,998.1,25.8,ERA5_Reanalysis_ECMWF
Bhubaneswar,2022-05-16T04:00,2022,28.4,86,20.6,0.0,32.6,998.3,25.8,ERA5_Reanalysis_ECMWF
Bhubaneswar,2022-05-16T05:00,2022,28.1,89,15.5,1.0,33.2,998.7,26.0,ERA5_Reanalysis_ECMWF
Bhubaneswar,2022-05-16T06:00,2022,29.3,82,18.9,70.0,33.9,999.2,26.0,ERA5_Reanalysis_ECMWF
Bhubaneswar,2022-05-16T07:00,2022,30.8,74,20.9,243.0,34.9,999.6,25.7,ERA5_Reanalysis_ECMWF
Bhubaneswar,2022-05-16T08:00,2022,32.5,66,20.7,444.0,36.4,1000.0,25.4,ERA5_Reanalysis_ECMWF
Bhubaneswar,2022-05-16T09:00,2022,33.7,60,21.3,634.0,37.6,1000.1,25.0,ERA5_Reanalysis_ECMWF
Bhubaneswar,2022-05-16T10:00,2022,34.9,56,21.3,791.0,39.4,1000.0,24.7,ERA5_Reanalysis_ECMWF
Bhubaneswar,2022-05-16T11:00,2022,35.4,53,21.0,784.0,39.7,999.4,24.3,ERA5_Reanalysis_ECMWF
Bhubaneswar,2022-05-16T12:00,2022,35.4,53,22.2,735.0,39.3,998.7,24.4,ERA5_Reanalysis_ECMWF
Bhubaneswar,2022-05-16T13:00,2022,35.1,54,23.2,704.0,38.8,997.6,24.5,ERA5_Reanalysis_ECMWF
Bhubaneswar,2022-05-16T14:00,2022,34.3,57,23.9,599.0,37.4,996.7,24.6,ERA5_Reanalysis_ECMWF
Bhubaneswar,2022-05-16T15:00,2022,33.2,62,22.6,378.0,36.5,995.9,24.9,ERA5_Reanalysis_ECMWF
Bhubaneswar,2022-05-16T16:00,2022,32.3,66,23.2,274.0,35.7,995.4,25.1,ERA5_Reanalysis_ECMWF
Bhubaneswar,2022-05-16T17:00,2022,31.4,69,19.9,155.0,35.1,995.7,24.9,ERA5_Reanalysis_ECMWF
Bhubaneswar,2022-05-16T18:00,2022,29.7,78,17.3,24.0,34.2,996.1,25.5,ERA5_Reanalysis_ECMWF
Bhubaneswar,2022-05-16T19:00,2022,28.7,84,17.6,0.0,33.3,997.0,25.7,ERA5_Reanalysis_ECMWF
Bhubaneswar,2022-05-16T20:00,2022,28.5,86,18.4,0.0,33.2,998.1,26.0,ERA5_Reanalysis_ECMWF
Bhubaneswar,2022-05-16T21:00,2022,28.4,87,19.9,0.0,32.8,998.7,26.0,ERA5_Reanalysis_ECMWF
Bhubaneswar,2022-05-16T22:00,2022,28.3,87,19.4,0.0,32.8,999.4,25.9,ERA5_Reanalysis_ECMWF
Bhubaneswar,2022-05-16T23:00,2022,28.3,87,20.2,0.0,32.6,999.3,25.8,ERA5_Reanalysis_ECMWF
Bhubaneswar,2022-05-17T00:00,2022,28.1,87,19.6,0.0,32.5,998.8,25.8,ERA5_Reanalysis_ECMWF
Bhubaneswar,2022-05-17T01:00,2022,28.1,87,19.4,0.0,32.4,998.3,25.7,ERA5_Reanalysis_ECMWF
Bhubaneswar,2022-05-17T02:00,2022,28.1,86,19.5,0.0,32.2,997.6,25.5,ERA5_Reanalysis_ECMWF
Bhubaneswar,2022-05-17T03:00,2022,28.0,86,19.6,0.0,32.2,997.5,25.5,ERA5_Reanalysis_ECMWF
Bhubaneswar,2022-05-17T04:00,2022,27.8,87,19.3,0.0,32.0,997.5,25.5,ERA5_Reanalysis_ECMWF
Bhubaneswar,2022-05-17T05:00,2022,28.0,86,19.5,3.0,32.2,997.6,25.5,ERA5_Reanalysis_ECMWF
Bhubaneswar,2022-05-17T06:00,2022,29.3,79,24.1,92.0,32.7,998.2,25.3,ERA5_Reanalysis_ECMWF
Bhubaneswar,2022-05-17T07:00,2022,30.8,71,25.3,270.0,33.9,998.9,25.1,ERA5_Reanalysis_ECMWF
Bhubaneswar,2022-05-17T08:00,2022,32.3,64,24.1,457.0,35.2,999.3,24.6,ERA5_Reanalysis_ECMWF
Bhubaneswar,2022-05-17T09:00,2022,33.6,59,21.6,653.0,37.3,999.6,24.5,ERA5_Reanalysis_ECMWF
Bhubaneswar,2022-05-17T10:00,2022,34.6,55,20.8,794.0,39.0,999.6,24.3,ERA5_Reanalysis_ECMWF
Bhubaneswar,2022-05-17T11:00,2022,35.6,51,20.4,887.0,40.2,998.8,23.9,ERA5_Reanalysis_ECMWF
Bhubaneswar,2022-05-17T12:00,2022,36.1,49,21.6,920.0,40.6,997.9,23.8,ERA5_Reanalysis_ECMWF
Bhubaneswar,2022-05-17T13:00,2022,36.0,50,21.2,861.0,40.3,996.7,23.8,ERA5_Reanalysis_ECMWF
Bhubaneswar,2022-05-17T14:00,2022,35.5,52,20.4,747.0,39.6,995.8,24.0,ERA5_Reanalysis_ECMWF
Bhubaneswar,2022-05-17T15:00,2022,34.8,54,20.3,582.0,38.1,995.1,24.1,ERA5_Reanalysis_ECMWF
Bhubaneswar,2022-05-17T16:00,2022,33.1,60,23.5,360.0,35.9,994.9,24.4,ERA5_Reanalysis_ECMWF
Bhubaneswar,2022-05-17T17:00,2022,30.7,70,24.8,169.0,33.5,995.8,24.5,ERA5_Reanalysis_ECMWF
Bhubaneswar,2022-05-17T18:00,2022,29.4,77,22.0,23.0,32.9,996.5,25.0,ERA5_Reanalysis_ECMWF
Bhubaneswar,2022-05-17T19:00,2022,29.1,80,19.7,0.0,33.0,997.5,25.2,ERA5_Reanalysis_ECMWF
Bhubaneswar,2022-05-17T20:00,2022,28.8,81,18.6,0.0,32.9,998.3,25.2,ERA5_Reanalysis_ECMWF
Bhubaneswar,2022-05-17T21:00,2022,28.7,81,18.2,0.0,32.9,998.7,25.2,ERA5_Reanalysis_ECMWF
Bhubaneswar,2022-05-17T22:00,2022,28.5,83,19.3,0.0,32.6,999.3,25.3,ERA5_Reanalysis_ECMWF
Bhubaneswar,2022-05-17T23:00,2022,28.4,85,19.1,0.0,32.7,999.4,25.6,ERA5_Reanalysis_ECMWF
Bhubaneswar,2022-05-18T00:00,2022,28.4,84,19.6,0.0,32.5,998.9,25.5,ERA5_Reanalysis_ECMWF
Bhubaneswar,2022-05-18T01:00,2022,28.3,84,19.1,0.0,32.5,998.3,25.4,ERA5_Reanalysis_ECMWF
Bhubaneswar,2022-05-18T02:00,2022,28.3,84,18.9,0.0,32.4,997.6,25.2,ERA5_Reanalysis_ECMWF
Bhubaneswar,2022-05-18T03:00,2022,28.1,84,17.1,0.0,32.4,997.2,25.1,ERA5_Reanalysis_ECMWF
Bhubaneswar,2022-05-18T04:00,2022,28.0,84,15.3,0.0,32.5,997.4,25.1,ERA5_Reanalysis_ECMWF
Bhubaneswar,2022-05-18T05:00,2022,28.2,86,15.0,3.0,33.1,998.2,25.6,ERA5_Reanalysis_ECMWF
Bhubaneswar,2022-05-18T06:00,2022,29.5,79,20.8,67.0,33.4,998.8,25.4,ERA5_Reanalysis_ECMWF
Bhubaneswar,2022-05-18T07:00,2022,31.0,71,23.0,207.0,34.4,999.7,25.2,ERA5_Reanalysis_ECMWF
Bhubaneswar,2022-05-18T08:00,2022,32.6,64,21.6,413.0,36.0,1000.3,24.8,ERA5_Reanalysis_ECMWF
Bhubaneswar,2022-05-18T09:00,2022,34.0,57,20.0,558.0,37.4,1000.4,24.3,ERA5_Reanalysis_ECMWF
Bhubaneswar,2022-05-18T10:00,2022,34.9,53,20.4,636.0,38.3,1000.3,23.9,ERA5_Reanalysis_ECMWF
Bhubaneswar,2022-05-18T11:00,2022,34.3,54,19.5,478.0,37.2,999.9,23.6,ERA5_Reanalysis_ECMWF
Bhubaneswar,2022-05-18T12:00,2022,34.0,56,16.9,467.0,37.6,999.2,24.0,ERA5_Reanalysis_ECMWF
Bhubaneswar,2022-05-18T13:00,2022,34.4,56,14.3,520.0,38.6,997.8,24.4,ERA5_Reanalysis_ECMWF
Bhubaneswar,2022-05-18T14:00,2022,34.7,55,16.1,489.0,38.5,996.7,24.2,ERA5_Reanalysis_ECMWF
Bhubaneswar,2022-05-18T15:00,2022,34.1,57,19.6,397.0,37.5,995.9,24.3,ERA5_Reanalysis_ECMWF
Bhubaneswar,2022-05-18T16:00,2022,32.7,63,22.6,297.0,35.9,995.9,24.8,ERA5_Reanalysis_ECMWF
Bhubaneswar,2022-05-18T17:00,2022,31.4,70,21.2,168.0,35.2,997.5,25.3,ERA5_Reanalysis_ECMWF
Bhubaneswar,2022-05-18T18:00,2022,30.1,76,19.9,24.0,34.1,998.4,25.3,ERA5_Reanalysis_ECMWF
Bhubaneswar,2022-05-18T19:00,2022,29.6,80,17.6,0.0,34.3,999.4,25.8,ERA5_Reanalysis_ECMWF
Bhubaneswar,2022-05-18T20:00,2022,29.3,82,15.5,0.0,34.3,1000.1,25.9,ERA5_Reanalysis_ECMWF
Bhubaneswar,2022-05-18T21:00,2022,29.0,84,15.4,0.0,34.1,1000.9,26.1,ERA5_Reanalysis_ECMWF
Bhubaneswar,2022-05-18T22:00,2022,28.8,86,17.4,0.0,33.7,1001.2,26.2,ERA5_Reanalysis_ECMWF
Bhubaneswar,2022-05-18T23:00,2022,28.6,86,20.0,0.0,33.1,1001.0,26.1,ERA5_Reanalysis_ECMWF
Bhubaneswar,2022-05-19T00:00,2022,28.5,87,20.9,0.0,32.9,1000.0,26.1,ERA5_Reanalysis_ECMWF
Bhubaneswar,2022-05-19T01:00,2022,28.6,84,19.6,0.0,32.9,999.1,25.7,ERA5_Reanalysis_ECMWF
Bhubaneswar,2022-05-19T02:00,2022,28.6,82,17.8,0.0,32.8,998.7,25.2,ERA5_Reanalysis_ECMWF
Bhubaneswar,2022-05-19T03:00,2022,28.6,81,16.8,0.0,32.9,998.4,25.0,ERA5_Reanalysis_ECMWF
Bhubaneswar,2022-05-19T04:00,2022,28.5,82,16.8,0.0,32.8,998.5,25.2,ERA5_Reanalysis_ECMWF
Bhubaneswar,2022-05-19T05:00,2022,28.3,89,16.1,2.0,33.5,999.2,26.3,ERA5_Reanalysis_ECMWF
Bhubaneswar,2022-05-19T06:00,2022,29.5,82,13.9,79.0,34.8,1000.2,26.0,ERA5_Reanalysis_ECMWF
Bhubaneswar,2022-05-19T07:00,2022,30.6,76,14.8,229.0,35.7,1000.8,25.9,ERA5_Reanalysis_ECMWF
Bhubaneswar,2022-05-19T08:00,2022,32.0,68,15.3,393.0,36.8,1001.2,25.5,ERA5_Reanalysis_ECMWF
Bhubaneswar,2022-05-19T09:00,2022,33.5,61,14.1,497.0,38.2,1001.3,25.0,ERA5_Reanalysis_ECMWF
Bhubaneswar,2022-05-19T10:00,2022,34.8,56,15.9,768.0,40.3,1001.0,24.9,ERA5_Reanalysis_ECMWF
Bhubaneswar,2022-05-19T11:00,2022,34.3,58,16.5,555.0,38.5,1000.4,24.9,ERA5_Reanalysis_ECMWF
Bhubaneswar,2022-05-19T12:00,2022,36.0,52,14.8,888.0,42.1,999.2,24.6,ERA5_Reanalysis_ECMWF
Bhubaneswar,2022-05-19T13:00,2022,36.0,52,12.0,649.0,41.1,997.6,24.4,ERA5_Reanalysis_ECMWF
Bhubaneswar,2022-05-19T14:00,2022,36.3,50,11.3,503.0,40.8,996.3,24.3,ERA5_Reanalysis_ECMWF
Bhubaneswar,2022-05-19T15:00,2022,36.7,48,11.3,543.0,41.1,995.7,24.0,ERA5_Reanalysis_ECMWF
Bhubaneswar,2022-05-19T16:00,2022,33.9,60,20.6,234.0,37.7,995.9,25.1,ERA5_Reanalysis_ECMWF
Bhubaneswar,2022-05-19T17:00,2022,31.8,68,19.1,71.0,35.9,997.1,25.2,ERA5_Reanalysis_ECMWF
Bhubaneswar,2022-05-19T18:00,2022,30.2,75,18.8,23.0,34.4,997.7,25.3,ERA5_Reanalysis_ECMWF
Bhubaneswar,2022-05-19T19:00,2022,29.4,81,16.7,0.0,34.2,998.9,25.8,ERA5_Reanalysis_ECMWF
Bhubaneswar,2022-05-19T20:00,2022,29.1,83,13.4,0.0,34.4,999.3,25.9,ERA5_Reanalysis_ECMWF
Bhubaneswar,2022-05-19T21:00,2022,29.0,83,13.9,0.0,34.3,999.9,25.9,ERA5_Reanalysis_ECMWF
Bhubaneswar,2022-05-19T22:00,2022,28.8,85,14.8,0.0,33.9,1000.3,25.9,ERA5_Reanalysis_ECMWF
Bhubaneswar,2022-05-19T23:00,2022,28.6,86,17.1,0.0,33.4,999.8,26.0,ERA5_Reanalysis_ECMWF
Bhubaneswar,2022-05-20T00:00,2022,28.3,87,17.2,0.0,33.2,998.9,26.0,ERA5_Reanalysis_ECMWF
Bhubaneswar,2022-05-20T01:00,2022,28.1,88,18.3,0.0,32.8,998.1,25.9,ERA5_Reanalysis_ECMWF
Bhubaneswar,2022-05-20T02:00,2022,28.0,88,17.1,0.0,32.8,997.5,25.9,ERA5_Reanalysis_ECMWF
Bhubaneswar,2022-05-20T03:00,2022,27.8,89,16.7,0.0,32.6,997.6,25.8,ERA5_Reanalysis_ECMWF
Bhubaneswar,2022-05-20T04:00,2022,27.8,88,17.7,0.0,32.4,997.5,25.7,ERA5_Reanalysis_ECMWF
Bhubaneswar,2022-05-20T05:00,2022,27.8,89,18.3,3.0,32.3,998.3,25.7,ERA5_Reanalysis_ECMWF
Bhubaneswar,2022-05-20T06:00,2022,29.0,82,17.4,94.0,33.7,999.0,25.7,ERA5_Reanalysis_ECMWF
Bhubaneswar,2022-05-20T07:00,2022,30.7,74,16.3,283.0,35.3,999.5,25.5,ERA5_Reanalysis_ECMWF
Bhubaneswar,2022-05-20T08:00,2022,32.5,65,14.8,493.0,37.0,999.7,25.0,ERA5_Reanalysis_ECMWF
Bhubaneswar,2022-05-20T09:00,2022,34.2,56,13.5,682.0,39.2,999.6,24.2,ERA5_Reanalysis_ECMWF
Bhubaneswar,2022-05-20T10:00,2022,35.6,51,12.5,822.0,41.2,999.2,23.9,ERA5_Reanalysis_ECMWF
Bhubaneswar,2022-05-20T11:00,2022,37.0,46,10.6,902.0,43.2,998.4,23.5,ERA5_Reanalysis_ECMWF
Bhubaneswar,2022-05-20T12:00,2022,37.7,43,9.3,886.0,43.8,996.9,23.1,ERA5_Reanalysis_ECMWF
Bhubaneswar,2022-05-20T13:00,2022,38.1,42,9.0,847.0,44.0,995.7,23.1,ERA5_Reanalysis_ECMWF
Bhubaneswar,2022-05-20T14:00,2022,38.2,42,11.7,733.0,43.1,994.5,23.1,ERA5_Reanalysis_ECMWF
Bhubaneswar,2022-05-20T15:00,2022,36.8,48,19.9,575.0,40.0,994.1,23.9,ERA5_Reanalysis_ECMWF
Bhubaneswar,2022-05-20T16:00,2022,33.5,61,24.7,369.0,36.6,994.1,25.0,ERA5_Reanalysis_ECMWF
Bhubaneswar,2022-05-20T17:00,2022,32.2,64,20.3,171.0,35.7,994.5,24.6,ERA5_Reanalysis_ECMWF
Bhubaneswar,2022-05-20T18:00,2022,31.0,69,18.2,26.0,34.7,995.3,24.6,ERA5_Reanalysis_ECMWF
Bhubaneswar,2022-05-20T19:00,2022,29.8,76,19.4,0.0,33.8,995.8,25.2,ERA5_Reanalysis_ECMWF
Bhubaneswar,2022-05-20T20:00,2022,29.4,79,21.3,0.0,33.2,996.3,25.4,ERA5_Reanalysis_ECMWF
Bhubaneswar,2022-05-20T21:00,2022,29.2,80,20.3,0.0,33.2,996.6,25.4,ERA5_Reanalysis_ECMWF
Bhubaneswar,2022-05-20T22:00,2022,28.9,82,20.9,0.0,32.9,996.9,25.5,ERA5_Reanalysis_ECMWF
Bhubaneswar,2022-05-20T23:00,2022,28.6,86,22.4,0.0,32.7,996.5,26.1,ERA5_Reanalysis_ECMWF
Bhubaneswar,2022-05-21T00:00,2022,28.3,87,23.4,0.0,32.3,996.0,26.0,ERA5_Reanalysis_ECMWF
Bhubaneswar,2022-05-21T01:00,2022,28.1,87,22.3,0.0,31.9,995.3,25.6,ERA5_Reanalysis_ECMWF
Bhubaneswar,2022-05-21T02:00,2022,27.9,87,20.5,0.0,31.9,994.7,25.4,ERA5_Reanalysis_ECMWF
Bhubaneswar,2022-05-21T03:00,2022,27.7,88,18.7,0.0,31.9,994.4,25.4,ERA5_Reanalysis_ECMWF
Bhubaneswar,2022-05-21T04:00,2022,27.6,88,17.2,0.0,32.0,994.8,25.4,ERA5_Reanalysis_ECMWF
Bhubaneswar,2022-05-21T05:00,2022,27.5,89,15.5,4.0,32.4,995.1,25.6,ERA5_Reanalysis_ECMWF
Bhubaneswar,2022-05-21T06:00,2022,28.9,83,17.7,97.0,33.4,995.7,25.6,ERA5_Reanalysis_ECMWF
Bhubaneswar,2022-05-21T07:00,2022,30.6,75,14.0,285.0,35.6,996.4,25.6,ERA5_Reanalysis_ECMWF
Bhubaneswar,2022-05-21T08:00,2022,32.4,67,12.5,496.0,37.6,996.7,25.4,ERA5_Reanalysis_ECMWF
Bhubaneswar,2022-05-21T09:00,2022,34.4,58,12.0,685.0,40.1,996.5,25.0,ERA5_Reanalysis_ECMWF
Bhubaneswar,2022-05-21T10:00,2022,36.1,52,13.0,825.0,42.1,996.0,24.6,ERA5_Reanalysis_ECMWF
Bhubaneswar,2022-05-21T11:00,2022,37.5,47,13.2,909.0,43.7,995.1,24.2,ERA5_Reanalysis_ECMWF
Bhubaneswar,2022-05-21T12:00,2022,38.3,44,13.9,925.0,44.4,993.8,24.0,ERA5_Reanalysis_ECMWF
Bhubaneswar,2022-05-21T13:00,2022,38.5,44,15.9,867.0,43.9,992.6,24.1,ERA5_Reanalysis_ECMWF
Bhubaneswar,2022-05-21T14:00,2022,37.8,47,18.3,748.0,42.6,991.7,24.6,ERA5_Reanalysis_ECMWF
Bhubaneswar,2022-05-21T15:00,2022,36.7,51,19.4,580.0,40.5,990.7,24.8,ERA5_Reanalysis_ECMWF
Bhubaneswar,2022-05-21T16:00,2022,35.1,56,20.6,379.0,38.8,990.7,25.0,ERA5_Reanalysis_ECMWF
Bhubaneswar,2022-05-21T17:00,2022,32.5,66,21.1,165.0,36.4,990.7,25.3,ERA5_Reanalysis_ECMWF
Bhubaneswar,2022-05-21T18:00,2022,31.2,70,18.7,26.0,35.2,991.7,25.1,ERA5_Reanalysis_ECMWF
Bhubaneswar,2022-05-21T19:00,2022,30.2,76,16.6,0.0,34.8,992.9,25.5,ERA5_Reanalysis_ECMWF
Bhubaneswar,2022-05-21T20:00,2022,29.3,84,17.3,0.0,34.4,993.6,26.3,ERA5_Reanalysis_ECMWF
Bhubaneswar,2022-05-21T21:00,2022,29.0,85,17.5,0.0,33.9,993.9,26.2,ERA5_Reanalysis_ECMWF
Bhubaneswar,2022-05-21T22:00,2022,27.7,86,17.9,0.0,31.8,996.3,25.0,ERA5_Reanalysis_ECMWF
Bhubaneswar,2022-05-21T23:00,2022,27.4,87,16.4,0.0,31.7,994.7,25.0,ERA5_Reanalysis_ECMWF
Bhubaneswar,2022-05-22T00:00,2022,27.7,88,18.1,0.0,32.1,993.8,25.5,ERA5_Reanalysis_ECMWF
Bhubaneswar,2022-05-22T01:00,2022,27.9,89,20.2,0.0,32.2,992.9,25.8,ERA5_Reanalysis_ECMWF
Bhubaneswar,2022-05-22T02:00,2022,28.0,88,17.6,0.0,32.7,992.6,25.9,ERA5_Reanalysis_ECMWF
Bhubaneswar,2022-05-22T03:00,2022,27.9,90,12.4,0.0,33.4,992.6,26.0,ERA5_Reanalysis_ECMWF
Bhubaneswar,2022-05-22T04:00,2022,28.0,90,12.2,0.0,33.7,993.3,26.2,ERA5_Reanalysis_ECMWF
Bhubaneswar,2022-05-22T05:00,2022,25.8,95,7.9,3.0,31.2,994.2,24.9,ERA5_Reanalysis_ECMWF
Bhubaneswar,2022-05-22T06:00,2022,26.2,89,2.3,75.0,32.1,996.3,24.3,ERA5_Reanalysis_ECMWF
Bhubaneswar,2022-05-22T07:00,2022,27.3,80,13.1,158.0,31.2,995.9,23.6,ERA5_Reanalysis_ECMWF
Bhubaneswar,2022-05-22T08:00,2022,28.1,76,5.4,205.0,33.1,996.9,23.5,ERA5_Reanalysis_ECMWF
Bhubaneswar,2022-05-22T09:00,2022,29.3,71,10.7,457.0,33.5,996.6,23.5,ERA5_Reanalysis_ECMWF
Bhubaneswar,2022-05-22T10:00,2022,31.8,58,8.4,601.0,36.0,995.5,22.4,ERA5_Reanalysis_ECMWF
Bhubaneswar,2022-05-22T11:00,2022,33.8,50,13.3,830.0,38.3,994.2,22.0,ERA5_Reanalysis_ECMWF
Bhubaneswar,2022-05-22T12:00,2022,34.1,54,13.8,775.0,39.1,993.3,23.5,ERA5_Reanalysis_ECMWF
Bhubaneswar,2022-05-22T13:00,2022,34.9,55,13.0,808.0,40.9,992.3,24.7,ERA5_Reanalysis_ECMWF
Bhubaneswar,2022-05-22T14:00,2022,35.0,56,12.6,731.0,40.8,991.2,24.9,ERA5_Reanalysis_ECMWF
Bhubaneswar,2022-05-22T15:00,2022,34.3,58,13.3,514.0,39.0,990.5,24.9,ERA5_Reanalysis_ECMWF
Bhubaneswar,2022-05-22T16:00,2022,33.2,61,12.7,340.0,37.8,990.4,24.7,ERA5_Reanalysis_ECMWF
Bhubaneswar,2022-05-22T17:00,2022,33.4,62,14.7,158.0,38.0,990.2,25.2,ERA5_Reanalysis_ECMWF
Bhubaneswar,2022-05-22T18:00,2022,31.6,70,14.4,27.0,36.5,990.9,25.5,ERA5_Reanalysis_ECMWF
Bhubaneswar,2022-05-22T19:00,2022,29.7,79,13.1,0.0,35.0,992.2,25.8,ERA5_Reanalysis_ECMWF
Bhubaneswar,2022-05-22T20:00,2022,28.5,86,13.7,0.0,33.8,992.8,26.0,ERA5_Reanalysis_ECMWF
Bhubaneswar,2022-05-22T21:00,2022,27.9,91,12.6,0.0,33.6,993.5,26.3,ERA5_Reanalysis_ECMWF
Bhubaneswar,2022-05-22T22:00,2022,27.8,92,11.5,0.0,33.8,994.3,26.4,ERA5_Reanalysis_ECMWF
Bhubaneswar,2022-05-22T23:00,2022,27.7,92,11.7,0.0,33.5,994.2,26.2,ERA5_Reanalysis_ECMWF
Bhubaneswar,2022-05-23T00:00,2022,27.6,93,11.5,0.0,33.5,993.8,26.3,ERA5_Reanalysis_ECMWF
Bhubaneswar,2022-05-23T01:00,2022,27.5,95,10.5,0.0,33.8,993.2,26.6,ERA5_Reanalysis_ECMWF
Bhubaneswar,2022-05-23T02:00,2022,27.4,96,4.1,0.0,34.7,993.3,26.7,ERA5_Reanalysis_ECMWF
Bhubaneswar,2022-05-23T03:00,2022,25.6,95,14.7,0.0,30.0,995.0,24.8,ERA5_Reanalysis_ECMWF
Bhubaneswar,2022-05-23T04:00,2022,25.8,94,7.3,0.0,31.3,993.8,24.8,ERA5_Reanalysis_ECMWF
Bhubaneswar,2022-05-23T05:00,2022,26.6,95,6.4,2.0,32.9,992.9,25.8,ERA5_Reanalysis_ECMWF
Bhubaneswar,2022-05-23T06:00,2022,27.3,92,10.7,86.0,33.0,993.2,25.8,ERA5_Reanalysis_ECMWF
Bhubaneswar,2022-05-23T07:00,2022,29.1,83,6.1,287.0,35.5,993.5,25.9,ERA5_Reanalysis_ECMWF
Bhubaneswar,2022-05-23T08:00,2022,31.0,74,3.8,485.0,37.8,994.0,25.9,ERA5_Reanalysis_ECMWF
Bhubaneswar,2022-05-23T09:00,2022,33.4,62,8.3,680.0,39.7,993.8,25.0,ERA5_Reanalysis_ECMWF
Bhubaneswar,2022-05-23T10:00,2022,35.4,51,8.5,824.0,41.7,993.5,23.8,ERA5_Reanalysis_ECMWF
Bhubaneswar,2022-05-23T11:00,2022,36.7,45,7.0,909.0,43.2,993.1,22.8,ERA5_Reanalysis_ECMWF
Bhubaneswar,2022-05-23T12:00,2022,37.7,40,5.7,923.0,44.0,992.6,21.8,ERA5_Reanalysis_ECMWF
Bhubaneswar,2022-05-23T13:00,2022,38.2,36,8.4,862.0,42.9,991.7,20.5,ERA5_Reanalysis_ECMWF
Bhubaneswar,2022-05-23T14:00,2022,37.7,38,8.7,697.0,41.6,991.2,20.8,ERA5_Reanalysis_ECMWF
Bhubaneswar,2022-05-23T15:00,2022,37.5,39,7.0,521.0,41.0,990.9,21.3,ERA5_Reanalysis_ECMWF
Bhubaneswar,2022-05-23T16:00,2022,36.6,43,6.6,270.0,40.5,991.1,21.9,ERA5_Reanalysis_ECMWF
Bhubaneswar,2022-05-23T17:00,2022,32.8,66,14.3,128.0,37.8,992.4,25.7,ERA5_Reanalysis_ECMWF
Bhubaneswar,2022-05-23T18:00,2022,31.1,74,13.0,24.0,36.6,993.6,26.0,ERA5_Reanalysis_ECMWF
Bhubaneswar,2022-05-23T19:00,2022,30.0,81,14.6,0.0,35.5,994.4,26.4,ERA5_Reanalysis_ECMWF
Bhubaneswar,2022-05-23T20:00,2022,29.2,86,11.1,0.0,35.4,995.3,26.6,ERA5_Reanalysis_ECMWF
Bhubaneswar,2022-05-23T21:00,2022,28.8,88,10.1,0.0,35.2,995.8,26.7,ERA5_Reanalysis_ECMWF
Bhubaneswar,2022-05-23T22:00,2022,28.4,91,9.4,0.0,35.0,996.0,26.9,ERA5_Reanalysis_ECMWF
Bhubaneswar,2022-05-23T23:00,2022,28.0,95,8.1,0.0,35.0,995.9,27.1,ERA5_Reanalysis_ECMWF
Bhubaneswar,2022-05-24T00:00,2022,27.9,97,5.9,0.0,35.4,995.9,27.3,ERA5_Reanalysis_ECMWF
Bhubaneswar,2022-05-24T01:00,2022,28.5,94,7.5,0.0,35.8,995.7,27.4,ERA5_Reanalysis_ECMWF
Bhubaneswar,2022-05-24T02:00,2022,28.7,93,5.6,0.0,36.2,995.7,27.4,ERA5_Reanalysis_ECMWF
Bhubaneswar,2022-05-24T03:00,2022,28.3,96,1.6,0.0,36.5,995.7,27.6,ERA5_Reanalysis_ECMWF
Bhubaneswar,2022-05-24T04:00,2022,27.9,97,0.8,0.0,36.1,995.9,27.3,ERA5_Reanalysis_ECMWF
Bhubaneswar,2022-05-24T05:00,2022,26.3,89,11.7,4.0,30.8,998.3,24.3,ERA5_Reanalysis_ECMWF
Bhubaneswar,2022-05-24T06:00,2022,26.6,87,10.8,37.0,31.3,997.9,24.2,ERA5_Reanalysis_ECMWF
Bhubaneswar,2022-05-24T07:00,2022,27.4,81,8.7,80.0,32.1,998.1,23.9,ERA5_Reanalysis_ECMWF
Bhubaneswar,2022-05-24T08:00,2022,28.4,74,1.6,167.0,33.8,998.3,23.3,ERA5_Reanalysis_ECMWF
Bhubaneswar,2022-05-24T09:00,2022,30.8,62,4.5,498.0,35.4,998.3,22.6,ERA5_Reanalysis_ECMWF
Bhubaneswar,2022-05-24T10:00,2022,33.5,50,5.6,833.0,39.2,998.1,21.8,ERA5_Reanalysis_ECMWF
Bhubaneswar,2022-05-24T11:00,2022,35.1,44,8.4,885.0,40.3,997.8,21.2,ERA5_Reanalysis_ECMWF
Bhubaneswar,2022-05-24T12:00,2022,36.1,41,8.8,924.0,41.3,997.2,20.9,ERA5_Reanalysis_ECMWF
Bhubaneswar,2022-05-24T13:00,2022,36.0,41,12.8,873.0,40.1,996.9,20.6,ERA5_Reanalysis_ECMWF
Bhubaneswar,2022-05-24T14:00,2022,34.9,47,14.9,673.0,38.2,996.5,21.9,ERA5_Reanalysis_ECMWF
Bhubaneswar,2022-05-24T15:00,2022,34.1,50,14.1,476.0,37.0,996.1,22.1,ERA5_Reanalysis_ECMWF
Bhubaneswar,2022-05-24T16:00,2022,33.4,51,16.3,363.0,35.9,996.4,22.0,ERA5_Reanalysis_ECMWF
Bhubaneswar,2022-05-24T17:00,2022,31.9,56,14.1,158.0,34.7,996.8,22.0,ERA5_Reanalysis_ECMWF
Bhubaneswar,2022-05-24T18:00,2022,30.3,64,13.7,27.0,33.5,997.2,22.6,ERA5_Reanalysis_ECMWF
Bhubaneswar,2022-05-24T19:00,2022,29.4,70,12.3,0.0,33.2,998.2,23.2,ERA5_Reanalysis_ECMWF
Bhubaneswar,2022-05-24T20:00,2022,28.5,77,10.8,0.0,33.1,999.2,24.1,ERA5_Reanalysis_ECMWF
Bhubaneswar,2022-05-24T21:00,2022,28.0,84,11.5,0.0,33.1,999.9,25.0,ERA5_Reanalysis_ECMWF
Bhubaneswar,2022-05-24T22:00,2022,27.9,86,11.7,0.0,33.0,1000.3,25.3,ERA5_Reanalysis_ECMWF
Bhubaneswar,2022-05-24T23:00,2022,27.7,86,10.6,0.0,33.0,999.9,25.2,ERA5_Reanalysis_ECMWF
Bhubaneswar,2022-05-25T00:00,2022,27.5,88,8.5,0.0,33.2,999.7,25.4,ERA5_Reanalysis_ECMWF
Bhubaneswar,2022-05-25T01:00,2022,27.3,91,6.7,0.0,33.4,999.1,25.6,ERA5_Reanalysis_ECMWF
Bhubaneswar,2022-05-25T02:00,2022,27.2,92,7.0,0.0,33.4,999.0,25.8,ERA5_Reanalysis_ECMWF
Bhubaneswar,2022-05-25T03:00,2022,27.2,93,8.4,0.0,33.4,999.1,26.0,ERA5_Reanalysis_ECMWF
Bhubaneswar,2022-05-25T04:00,2022,27.4,93,9.2,0.0,33.6,999.2,26.2,ERA5_Reanalysis_ECMWF
Bhubaneswar,2022-05-25T05:00,2022,27.0,95,3.6,3.0,33.9,999.4,26.2,ERA5_Reanalysis_ECMWF
Bhubaneswar,2022-05-25T06:00,2022,28.5,88,5.0,90.0,35.5,1000.1,26.4,ERA5_Reanalysis_ECMWF
Bhubaneswar,2022-05-25T07:00,2022,30.1,79,7.2,255.0,36.6,1000.7,26.2,ERA5_Reanalysis_ECMWF
Bhubaneswar,2022-05-25T08:00,2022,31.5,72,5.8,467.0,37.9,1000.8,25.9,ERA5_Reanalysis_ECMWF
Bhubaneswar,2022-05-25T09:00,2022,33.0,64,2.3,638.0,40.2,1000.5,25.3,ERA5_Reanalysis_ECMWF
Bhubaneswar,2022-05-25T10:00,2022,34.3,57,3.8,791.0,41.8,999.8,24.6,ERA5_Reanalysis_ECMWF
Bhubaneswar,2022-05-25T11:00,2022,35.6,50,6.8,879.0,42.3,999.0,23.5,ERA5_Reanalysis_ECMWF
Bhubaneswar,2022-05-25T12:00,2022,36.1,47,9.4,866.0,42.0,998.4,23.0,ERA5_Reanalysis_ECMWF
Bhubaneswar,2022-05-25T13:00,2022,36.2,46,10.2,786.0,41.4,997.6,22.8,ERA5_Reanalysis_ECMWF
Bhubaneswar,2022-05-25T14:00,2022,36.3,46,8.9,672.0,41.0,996.6,22.8,ERA5_Reanalysis_ECMWF
Bhubaneswar,2022-05-25T15:00,2022,36.1,41,6.2,481.0,39.4,996.2,20.7,ERA5_Reanalysis_ECMWF
Bhubaneswar,2022-05-25T16:00,2022,35.7,39,3.3,343.0,38.8,995.9,19.6,ERA5_Reanalysis_ECMWF
Bhubaneswar,2022-05-25T17:00,2022,34.7,67,2.9,163.0,42.7,996.1,27.6,ERA5_Reanalysis_ECMWF
Bhubaneswar,2022-05-25T18:00,2022,34.7,40,0.4,26.0,38.1,996.8,19.2,ERA5_Reanalysis_ECMWF
Bhubaneswar,2022-05-25T19:00,2022,30.3,68,15.9,0.0,34.0,998.2,23.9,ERA5_Reanalysis_ECMWF
Bhubaneswar,2022-05-25T20:00,2022,29.0,80,14.9,0.0,33.7,998.9,25.2,ERA5_Reanalysis_ECMWF
Bhubaneswar,2022-05-25T21:00,2022,28.9,80,13.8,0.0,33.6,999.4,25.0,ERA5_Reanalysis_ECMWF
Bhubaneswar,2022-05-25T22:00,2022,28.5,82,14.7,0.0,33.1,999.6,25.1,ERA5_Reanalysis_ECMWF
Bhubaneswar,2022-05-25T23:00,2022,28.1,84,15.0,0.0,32.7,999.3,25.2,ERA5_Reanalysis_ECMWF
Bhubaneswar,2022-05-26T00:00,2022,28.0,84,14.2,0.0,32.6,998.8,25.0,ERA5_Reanalysis_ECMWF
Bhubaneswar,2022-05-26T01:00,2022,27.7,87,12.7,0.0,32.8,998.4,25.3,ERA5_Reanalysis_ECMWF
Bhubaneswar,2022-05-26T02:00,2022,27.4,90,12.5,0.0,32.7,998.1,25.6,ERA5_Reanalysis_ECMWF
Bhubaneswar,2022-05-26T03:00,2022,27.3,93,13.0,0.0,32.7,998.0,26.0,ERA5_Reanalysis_ECMWF
Bhubaneswar,2022-05-26T04:00,2022,27.2,94,13.9,0.0,32.7,998.5,26.1,ERA5_Reanalysis_ECMWF
Bhubaneswar,2022-05-26T05:00,2022,27.5,97,15.2,4.0,33.4,998.8,27.0,ERA5_Reanalysis_ECMWF
Bhubaneswar,2022-05-26T06:00,2022,29.4,85,21.7,95.0,34.0,999.4,26.6,ERA5_Reanalysis_ECMWF
Bhubaneswar,2022-05-26T07:00,2022,30.9,78,18.2,260.0,36.1,999.9,26.6,ERA5_Reanalysis_ECMWF
Bhubaneswar,2022-05-26T08:00,2022,32.7,68,16.4,490.0,37.6,1000.1,25.9,ERA5_Reanalysis_ECMWF
Bhubaneswar,2022-05-26T09:00,2022,34.5,57,15.0,686.0,39.5,999.9,24.7,ERA5_Reanalysis_ECMWF
Bhubaneswar,2022-05-26T10:00,2022,36.2,47,14.7,831.0,41.0,999.3,23.0,ERA5_Reanalysis_ECMWF
Bhubaneswar,2022-05-26T11:00,2022,37.5,39,13.8,914.0,42.0,998.2,21.3,ERA5_Reanalysis_ECMWF
Bhubaneswar,2022-05-26T12:00,2022,39.0,27,15.9,898.0,40.7,997.3,16.6,ERA5_Reanalysis_ECMWF
Bhubaneswar,2022-05-26T13:00,2022,38.5,28,20.7,753.0,38.8,996.4,16.8,ERA5_Reanalysis_ECMWF
Bhubaneswar,2022-05-26T14:00,2022,39.0,25,18.8,677.0,38.5,995.3,15.1,ERA5_Reanalysis_ECMWF
Bhubaneswar,2022-05-26T15:00,2022,38.5,26,17.7,495.0,37.7,994.5,15.5,ERA5_Reanalysis_ECMWF
Bhubaneswar,2022-05-26T16:00,2022,35.7,45,13.9,311.0,38.4,994.6,21.8,ERA5_Reanalysis_ECMWF
Bhubaneswar,2022-05-26T17:00,2022,33.5,58,13.8,149.0,37.6,995.1,24.1,ERA5_Reanalysis_ECMWF
Bhubaneswar,2022-05-26T18:00,2022,31.4,68,11.8,28.0,36.3,995.9,24.8,ERA5_Reanalysis_ECMWF
Bhubaneswar,2022-05-26T19:00,2022,30.2,76,14.3,0.0,35.1,996.9,25.5,ERA5_Reanalysis_ECMWF
Bhubaneswar,2022-05-26T20:00,2022,29.4,80,15.0,0.0,34.2,997.5,25.5,ERA5_Reanalysis_ECMWF
Bhubaneswar,2022-05-26T21:00,2022,29.0,84,14.8,0.0,34.2,998.2,26.0,ERA5_Reanalysis_ECMWF
Bhubaneswar,2022-05-26T22:00,2022,29.0,85,13.4,0.0,34.5,998.3,26.2,ERA5_Reanalysis_ECMWF
Bhubaneswar,2022-05-26T23:00,2022,28.6,87,11.2,0.0,34.5,997.8,26.2,ERA5_Reanalysis_ECMWF
Bhubaneswar,2022-05-27T00:00,2022,28.2,88,9.7,0.0,34.1,997.0,26.0,ERA5_Reanalysis_ECMWF
Bhubaneswar,2022-05-27T01:00,2022,27.7,89,8.2,0.0,33.7,996.3,25.8,ERA5_Reanalysis_ECMWF
Bhubaneswar,2022-05-27T02:00,2022,27.8,89,7.1,0.0,34.0,996.3,25.8,ERA5_Reanalysis_ECMWF
Bhubaneswar,2022-05-27T03:00,2022,27.7,90,7.5,0.0,33.9,996.3,26.0,ERA5_Reanalysis_ECMWF
Bhubaneswar,2022-05-27T04:00,2022,27.5,92,8.5,0.0,33.6,996.6,26.0,ERA5_Reanalysis_ECMWF
Bhubaneswar,2022-05-27T05:00,2022,28.2,84,7.6,4.0,34.0,996.7,25.3,ERA5_Reanalysis_ECMWF
Bhubaneswar,2022-05-27T06:00,2022,29.1,80,7.1,55.0,35.0,997.4,25.4,ERA5_Reanalysis_ECMWF
Bhubaneswar,2022-05-27T07:00,2022,31.3,68,8.9,297.0,36.4,998.0,24.6,ERA5_Reanalysis_ECMWF
Bhubaneswar,2022-05-27T08:00,2022,33.2,56,7.1,497.0,37.8,998.1,23.3,ERA5_Reanalysis_ECMWF
Bhubaneswar,2022-05-27T09:00,2022,35.2,45,8.8,685.0,39.3,998.2,21.6,ERA5_Reanalysis_ECMWF
Bhubaneswar,2022-05-27T10:00,2022,36.6,39,10.1,827.0,40.8,997.8,20.5,ERA5_Reanalysis_ECMWF
Bhubaneswar,2022-05-27T11:00,2022,37.5,39,10.8,910.0,42.3,997.2,21.0,ERA5_Reanalysis_ECMWF
Bhubaneswar,2022-05-27T12:00,2022,38.2,39,8.4,907.0,43.8,996.2,21.7,ERA5_Reanalysis_ECMWF
Bhubaneswar,2022-05-27T13:00,2022,38.4,34,9.7,643.0,41.1,994.8,19.6,ERA5_Reanalysis_ECMWF
Bhubaneswar,2022-05-27T14:00,2022,39.3,28,14.5,742.0,40.8,993.8,17.3,ERA5_Reanalysis_ECMWF
Bhubaneswar,2022-05-27T15:00,2022,38.7,29,16.2,429.0,38.9,993.2,17.4,ERA5_Reanalysis_ECMWF
Bhubaneswar,2022-05-27T16:00,2022,35.8,42,12.0,318.0,38.4,993.7,21.0,ERA5_Reanalysis_ECMWF
Bhubaneswar,2022-05-27T17:00,2022,34.2,52,15.1,124.0,37.4,993.6,22.9,ERA5_Reanalysis_ECMWF
Bhubaneswar,2022-05-27T18:00,2022,32.9,55,8.2,23.0,37.0,994.0,22.8,ERA5_Reanalysis_ECMWF
Bhubaneswar,2022-05-27T19:00,2022,31.5,61,9.1,0.0,35.8,994.7,23.2,ERA5_Reanalysis_ECMWF
Bhubaneswar,2022-05-27T20:00,2022,30.4,68,9.5,0.0,35.0,995.2,23.8,ERA5_Reanalysis_ECMWF
Bhubaneswar,2022-05-27T21:00,2022,29.4,74,9.7,0.0,34.3,995.7,24.4,ERA5_Reanalysis_ECMWF
Bhubaneswar,2022-05-27T22:00,2022,28.9,78,7.5,0.0,34.3,995.7,24.6,ERA5_Reanalysis_ECMWF
Bhubaneswar,2022-05-27T23:00,2022,28.7,79,9.1,0.0,33.8,995.2,24.7,ERA5_Reanalysis_ECMWF
Bhubaneswar,2022-05-28T00:00,2022,28.4,80,8.9,0.0,33.6,994.5,24.7,ERA5_Reanalysis_ECMWF
Bhubaneswar,2022-05-28T01:00,2022,28.1,83,7.7,0.0,33.5,994.0,24.8,ERA5_Reanalysis_ECMWF
Bhubaneswar,2022-05-28T02:00,2022,27.8,84,7.3,0.0,33.3,993.8,24.8,ERA5_Reanalysis_ECMWF
Bhubaneswar,2022-05-28T03:00,2022,27.8,79,7.3,0.0,32.6,993.9,23.7,ERA5_Reanalysis_ECMWF
Bhubaneswar,2022-05-28T04:00,2022,28.4,68,6.2,0.0,32.3,994.2,22.0,ERA5_Reanalysis_ECMWF
Bhubaneswar,2022-05-28T05:00,2022,27.5,90,5.4,2.0,33.9,995.3,25.7,ERA5_Reanalysis_ECMWF
Bhubaneswar,2022-05-28T06:00,2022,28.3,85,5.1,17.0,34.6,995.9,25.5,ERA5_Reanalysis_ECMWF
Bhubaneswar,2022-05-28T07:00,2022,30.8,70,7.4,171.0,36.2,996.8,24.7,ERA5_Reanalysis_ECMWF
Bhubaneswar,2022-05-28T08:00,2022,34.1,50,7.3,509.0,37.9,996.9,22.1,ERA5_Reanalysis_ECMWF
Bhubaneswar,2022-05-28T09:00,2022,36.0,42,7.4,685.0,40.1,996.9,21.1,ERA5_Reanalysis_ECMWF
Bhubaneswar,2022-05-28T10:00,2022,37.3,38,8.7,822.0,41.9,996.6,20.8,ERA5_Reanalysis_ECMWF
Bhubaneswar,2022-05-28T11:00,2022,38.1,35,9.7,793.0,42.0,995.7,20.1,ERA5_Reanalysis_ECMWF
Bhubaneswar,2022-05-28T12:00,2022,39.4,30,12.2,908.0,42.8,994.7,18.7,ERA5_Reanalysis_ECMWF
Bhubaneswar,2022-05-28T13:00,2022,36.4,35,24.2,743.0,36.7,994.9,18.3,ERA5_Reanalysis_ECMWF
Bhubaneswar,2022-05-28T14:00,2022,33.1,50,14.5,388.0,35.5,994.4,21.3,ERA5_Reanalysis_ECMWF
Bhubaneswar,2022-05-28T15:00,2022,36.1,40,11.6,486.0,38.4,993.5,20.5,ERA5_Reanalysis_ECMWF
Bhubaneswar,2022-05-28T16:00,2022,36.4,38,7.6,361.0,39.0,993.2,19.7,ERA5_Reanalysis_ECMWF
Bhubaneswar,2022-05-28T17:00,2022,36.1,42,2.9,177.0,40.1,993.2,21.1,ERA5_Reanalysis_ECMWF
Bhubaneswar,2022-05-28T18:00,2022,34.4,49,1.6,30.0,39.1,993.6,22.1,ERA5_Reanalysis_ECMWF
Bhubaneswar,2022-05-28T19:00,2022,32.4,54,8.6,0.0,36.1,994.7,22.1,ERA5_Reanalysis_ECMWF
Bhubaneswar,2022-05-28T20:00,2022,31.0,66,12.7,0.0,35.1,995.6,23.8,ERA5_Reanalysis_ECMWF
Bhubaneswar,2022-05-28T21:00,2022,30.0,73,12.7,0.0,34.6,996.3,24.7,ERA5_Reanalysis_ECMWF
Bhubaneswar,2022-05-28T22:00,2022,29.5,77,13.8,0.0,34.3,996.6,25.1,ERA5_Reanalysis_ECMWF
Bhubaneswar,2022-05-28T23:00,2022,29.3,77,13.6,0.0,33.9,996.2,24.9,ERA5_Reanalysis_ECMWF
Bhubaneswar,2022-05-29T00:00,2022,29.0,78,11.9,0.0,33.9,995.4,24.8,ERA5_Reanalysis_ECMWF
Bhubaneswar,2022-05-29T01:00,2022,28.7,80,11.8,0.0,33.6,994.7,25.0,ERA5_Reanalysis_ECMWF
Bhubaneswar,2022-05-29T02:00,2022,28.5,81,11.2,0.0,33.5,994.3,25.0,ERA5_Reanalysis_ECMWF
Bhubaneswar,2022-05-29T03:00,2022,28.2,82,9.4,0.0,33.4,994.2,24.8,ERA5_Reanalysis_ECMWF
Bhubaneswar,2022-05-29T04:00,2022,27.7,85,6.1,0.0,33.4,994.5,24.9,ERA5_Reanalysis_ECMWF
Bhubaneswar,2022-05-29T05:00,2022,28.1,77,7.0,4.0,32.9,994.9,23.6,ERA5_Reanalysis_ECMWF
Bhubaneswar,2022-05-29T06:00,2022,29.9,66,7.8,93.0,34.1,995.9,22.8,ERA5_Reanalysis_ECMWF
Bhubaneswar,2022-05-29T07:00,2022,31.9,60,5.1,275.0,36.6,996.6,23.1,ERA5_Reanalysis_ECMWF
Bhubaneswar,2022-05-29T08:00,2022,33.7,52,2.5,478.0,38.5,996.6,22.4,ERA5_Reanalysis_ECMWF
Bhubaneswar,2022-05-29T09:00,2022,35.2,49,4.4,579.0,40.1,996.5,22.9,ERA5_Reanalysis_ECMWF
Bhubaneswar,2022-05-29T10:00,2022,37.3,43,6.6,798.0,43.1,996.2,22.6,ERA5_Reanalysis_ECMWF
Bhubaneswar,2022-05-29T11:00,2022,36.0,46,17.9,915.0,40.4,996.2,22.5,ERA5_Reanalysis_ECMWF
Bhubaneswar,2022-05-29T12:00,2022,36.6,43,10.6,686.0,40.7,995.3,21.9,ERA5_Reanalysis_ECMWF
Bhubaneswar,2022-05-29T13:00,2022,37.5,36,13.7,590.0,39.5,994.4,20.0,ERA5_Reanalysis_ECMWF
Bhubaneswar,2022-05-29T14:00,2022,38.2,34,12.5,689.0,40.7,993.6,19.5,ERA5_Reanalysis_ECMWF
Bhubaneswar,2022-05-29T15:00,2022,38.0,34,11.3,497.0,40.0,992.9,19.6,ERA5_Reanalysis_ECMWF
Bhubaneswar,2022-05-29T16:00,2022,37.2,37,9.4,341.0,39.7,992.8,20.1,ERA5_Reanalysis_ECMWF
Bhubaneswar,2022-05-29T17:00,2022,34.0,49,11.0,171.0,37.1,993.0,21.7,ERA5_Reanalysis_ECMWF
Bhubaneswar,2022-05-29T18:00,2022,32.2,53,7.1,29.0,35.8,993.5,21.6,ERA5_Reanalysis_ECMWF
Bhubaneswar,2022-05-29T19:00,2022,31.8,64,11.9,0.0,36.2,994.5,24.1,ERA5_Reanalysis_ECMWF
Bhubaneswar,2022-05-29T20:00,2022,31.0,74,13.4,0.0,36.2,995.2,25.7,ERA5_Reanalysis_ECMWF
Bhubaneswar,2022-05-29T21:00,2022,30.1,78,12.1,0.0,35.6,995.6,25.8,ERA5_Reanalysis_ECMWF
Bhubaneswar,2022-05-29T22:00,2022,29.7,79,12.2,0.0,35.1,995.8,25.7,ERA5_Reanalysis_ECMWF
Bhubaneswar,2022-05-29T23:00,2022,29.5,79,12.6,0.0,34.7,995.6,25.5,ERA5_Reanalysis_ECMWF
Bhubaneswar,2022-05-30T00:00,2022,29.3,79,7.7,0.0,35.1,995.0,25.3,ERA5_Reanalysis_ECMWF
Bhubaneswar,2022-05-30T01:00,2022,28.4,84,4.4,0.0,34.7,994.8,25.5,ERA5_Reanalysis_ECMWF
Bhubaneswar,2022-05-30T02:00,2022,28.3,85,5.1,0.0,34.5,994.1,25.4,ERA5_Reanalysis_ECMWF
Bhubaneswar,2022-05-30T03:00,2022,28.2,85,6.4,0.0,34.2,993.9,25.4,ERA5_Reanalysis_ECMWF
Bhubaneswar,2022-05-30T04:00,2022,27.6,87,3.9,0.0,33.9,994.4,25.3,ERA5_Reanalysis_ECMWF
Bhubaneswar,2022-05-30T05:00,2022,28.6,66,9.8,4.0,31.9,995.7,21.7,ERA5_Reanalysis_ECMWF
Bhubaneswar,2022-05-30T06:00,2022,29.5,60,8.3,36.0,32.6,995.8,20.9,ERA5_Reanalysis_ECMWF
Bhubaneswar,2022-05-30T07:00,2022,30.2,61,12.2,142.0,33.1,996.2,21.7,ERA5_Reanalysis_ECMWF
Bhubaneswar,2022-05-30T08:00,2022,33.0,52,12.3,353.0,35.9,996.4,21.8,ERA5_Reanalysis_ECMWF
Bhubaneswar,2022-05-30T09:00,2022,34.3,45,14.8,433.0,36.2,996.8,20.6,ERA5_Reanalysis_ECMWF
Bhubaneswar,2022-05-30T10:00,2022,35.7,40,14.5,581.0,37.5,996.6,19.9,ERA5_Reanalysis_ECMWF
Bhubaneswar,2022-05-30T11:00,2022,35.4,40,15.7,550.0,36.7,996.4,19.7,ERA5_Reanalysis_ECMWF
Bhubaneswar,2022-05-30T12:00,2022,33.9,46,13.2,358.0,36.1,995.8,20.5,ERA5_Reanalysis_ECMWF
Bhubaneswar,2022-05-30T13:00,2022,33.4,49,9.5,216.0,36.5,994.9,21.3,ERA5_Reanalysis_ECMWF
Bhubaneswar,2022-05-30T14:00,2022,33.7,50,5.2,198.0,37.8,994.0,22.0,ERA5_Reanalysis_ECMWF
Bhubaneswar,2022-05-30T15:00,2022,35.2,44,8.1,427.0,38.4,993.1,21.2,ERA5_Reanalysis_ECMWF
Bhubaneswar,2022-05-30T16:00,2022,34.5,45,9.7,273.0,37.3,992.9,20.8,ERA5_Reanalysis_ECMWF
Bhubaneswar,2022-05-30T17:00,2022,33.7,54,9.6,148.0,37.8,993.5,23.0,ERA5_Reanalysis_ECMWF
Bhubaneswar,2022-05-30T18:00,2022,32.1,58,12.3,26.0,35.6,994.0,22.8,ERA5_Reanalysis_ECMWF
Bhubaneswar,2022-05-30T19:00,2022,30.7,64,13.5,0.0,34.3,994.9,23.2,ERA5_Reanalysis_ECMWF
Bhubaneswar,2022-05-30T20:00,2022,29.7,72,14.1,0.0,33.7,995.6,24.1,ERA5_Reanalysis_ECMWF
Bhubaneswar,2022-05-30T21:00,2022,29.3,76,14.9,0.0,33.7,995.9,24.7,ERA5_Reanalysis_ECMWF
Bhubaneswar,2022-05-30T22:00,2022,29.0,80,14.8,0.0,33.7,995.9,25.3,ERA5_Reanalysis_ECMWF
Bhubaneswar,2022-05-30T23:00,2022,28.8,82,14.0,0.0,33.8,995.8,25.5,ERA5_Reanalysis_ECMWF
Bhubaneswar,2022-05-31T00:00,2022,28.6,83,12.3,0.0,33.8,995.2,25.4,ERA5_Reanalysis_ECMWF
Bhubaneswar,2022-05-31T01:00,2022,28.4,84,10.5,0.0,33.9,994.6,25.4,ERA5_Reanalysis_ECMWF
Bhubaneswar,2022-05-31T02:00,2022,28.2,86,8.9,0.0,34.0,994.3,25.6,ERA5_Reanalysis_ECMWF
Bhubaneswar,2022-05-31T03:00,2022,28.0,88,8.7,0.0,33.9,994.0,25.7,ERA5_Reanalysis_ECMWF
Bhubaneswar,2022-05-31T04:00,2022,27.8,90,9.1,0.0,33.8,994.0,25.9,ERA5_Reanalysis_ECMWF
Bhubaneswar,2022-05-31T05:00,2022,27.6,95,7.5,4.0,34.5,994.6,26.8,ERA5_Reanalysis_ECMWF
Bhubaneswar,2022-05-31T06:00,2022,29.2,89,7.0,96.0,36.4,995.1,27.2,ERA5_Reanalysis_ECMWF
Bhubaneswar,2022-05-31T07:00,2022,31.2,80,7.1,284.0,38.5,995.7,27.4,ERA5_Reanalysis_ECMWF
Bhubaneswar,2022-05-31T08:00,2022,33.5,67,6.5,489.0,40.3,995.9,26.5,ERA5_Reanalysis_ECMWF
Bhubaneswar,2022-05-31T09:00,2022,35.7,52,7.6,669.0,41.5,996.0,24.3,ERA5_Reanalysis_ECMWF
Bhubaneswar,2022-05-31T10:00,2022,37.2,43,9.6,824.0,42.7,995.5,22.7,ERA5_Reanalysis_ECMWF
Bhubaneswar,2022-05-31T11:00,2022,38.3,39,9.6,906.0,43.8,994.6,21.9,ERA5_Reanalysis_ECMWF
Bhubaneswar,2022-05-31T12:00,2022,39.1,36,9.0,914.0,44.4,993.5,21.3,ERA5_Reanalysis_ECMWF
Bhubaneswar,2022-05-31T13:00,2022,39.4,34,9.4,850.0,44.0,992.4,20.8,ERA5_Reanalysis_ECMWF
Bhubaneswar,2022-05-31T14:00,2022,39.5,34,9.4,729.0,43.3,991.6,20.7,ERA5_Reanalysis_ECMWF
Bhubaneswar,2022-05-31T15:00,2022,39.5,33,6.6,524.0,42.3,991.0,20.0,ERA5_Reanalysis_ECMWF
Bhubaneswar,2022-05-31T16:00,2022,38.5,34,6.2,340.0,41.3,991.0,19.8,ERA5_Reanalysis_ECMWF
Bhubaneswar,2022-05-31T17:00,2022,33.8,64,19.4,157.0,38.3,992.3,26.0,ERA5_Reanalysis_ECMWF
Bhubaneswar,2022-05-31T18:00,2022,32.5,68,15.5,29.0,37.5,993.0,25.8,ERA5_Reanalysis_ECMWF
Bhubaneswar,2022-05-31T19:00,2022,31.4,72,12.5,0.0,36.7,994.1,25.7,ERA5_Reanalysis_ECMWF
Bhubaneswar,2022-05-31T20:00,2022,30.6,77,12.3,0.0,36.2,994.8,26.0,ERA5_Reanalysis_ECMWF
Bhubaneswar,2022-05-31T21:00,2022,30.1,79,13.2,0.0,35.7,995.1,26.2,ERA5_Reanalysis_ECMWF
Bhubaneswar,2022-05-31T22:00,2022,29.8,83,13.7,0.0,35.5,995.3,26.5,ERA5_Reanalysis_ECMWF
Bhubaneswar,2022-05-31T23:00,2022,29.5,85,13.7,0.0,35.3,995.0,26.6,ERA5_Reanalysis_ECMWF
Bhubaneswar,2022-06-01T00:00,2022,29.2,86,13.7,0.0,35.0,994.4,26.6,ERA5_Reanalysis_ECMWF
Bhubaneswar,2022-06-01T01:00,2022,29.0,87,13.4,0.0,34.9,993.7,26.6,ERA5_Reanalysis_ECMWF
Bhubaneswar,2022-06-01T02:00,2022,28.9,87,13.1,0.0,34.8,993.2,26.6,ERA5_Reanalysis_ECMWF
Bhubaneswar,2022-06-01T03:00,2022,28.9,87,12.1,0.0,34.9,993.1,26.6,ERA5_Reanalysis_ECMWF
Bhubaneswar,2022-06-01T04:00,2022,28.5,90,9.7,0.0,34.9,993.1,26.7,ERA5_Reanalysis_ECMWF
Bhubaneswar,2022-06-01T05:00,2022,28.7,90,7.4,4.0,35.6,993.9,26.9,ERA5_Reanalysis_ECMWF
Bhubaneswar,2022-06-01T06:00,2022,29.9,85,7.6,95.0,37.1,995.2,27.2,ERA5_Reanalysis_ECMWF
Bhubaneswar,2022-06-01T07:00,2022,31.4,80,8.0,257.0,38.7,995.6,27.5,ERA5_Reanalysis_ECMWF
Bhubaneswar,2022-06-01T08:00,2022,33.4,70,8.9,489.0,40.3,996.0,27.2,ERA5_Reanalysis_ECMWF
Bhubaneswar,2022-06-01T09:00,2022,35.0,62,6.4,613.0,42.3,996.2,26.7,ERA5_Reanalysis_ECMWF
Bhubaneswar,2022-06-01T10:00,2022,36.4,55,5.7,698.0,43.8,996.0,25.9,ERA5_Reanalysis_ECMWF
Bhubaneswar,2022-06-01T11:00,2022,37.7,48,5.4,801.0,45.1,995.0,24.9,ERA5_Reanalysis_ECMWF
Bhubaneswar,2022-06-01T12:00,2022,38.6,42,4.6,808.0,45.3,993.8,23.6,ERA5_Reanalysis_ECMWF
Bhubaneswar,2022-06-01T13:00,2022,39.3,37,4.3,708.0,44.4,992.9,21.9,ERA5_Reanalysis_ECMWF
Bhubaneswar,2022-06-01T14:00,2022,39.4,34,7.6,570.0,42.6,992.1,20.8,ERA5_Reanalysis_ECMWF
Bhubaneswar,2022-06-01T15:00,2022,38.7,35,9.2,404.0,41.4,991.7,20.4,ERA5_Reanalysis_ECMWF
Bhubaneswar,2022-06-01T16:00,2022,37.1,43,12.0,242.0,40.6,991.7,22.6,ERA5_Reanalysis_ECMWF
Bhubaneswar,2022-06-01T17:00,2022,34.4,54,10.4,106.0,38.7,993.0,23.7,ERA5_Reanalysis_ECMWF
Bhubaneswar,2022-06-01T18:00,2022,32.9,59,10.3,27.0,37.4,994.3,23.8,ERA5_Reanalysis_ECMWF
Bhubaneswar,2022-06-01T19:00,2022,31.7,64,10.4,0.0,36.3,995.0,24.0,ERA5_Reanalysis_ECMWF
Bhubaneswar,2022-06-01T20:00,2022,30.7,68,15.2,0.0,34.5,995.6,24.0,ERA5_Reanalysis_ECMWF
Bhubaneswar,2022-06-01T21:00,2022,30.0,74,13.8,0.0,34.6,996.0,24.8,ERA5_Reanalysis_ECMWF
Bhubaneswar,2022-06-01T22:00,2022,29.5,79,13.7,0.0,34.6,996.0,25.5,ERA5_Reanalysis_ECMWF
Bhubaneswar,2022-06-01T23:00,2022,29.2,83,13.4,0.0,34.7,996.0,26.1,ERA5_Reanalysis_ECMWF
Bhubaneswar,2022-06-02T00:00,2022,29.0,85,12.9,0.0,34.7,995.7,26.3,ERA5_Reanalysis_ECMWF
Bhubaneswar,2022-06-02T01:00,2022,29.0,87,13.0,0.0,34.8,995.5,26.6,ERA5_Reanalysis_ECMWF
Bhubaneswar,2022-06-02T02:00,2022,29.0,88,12.8,0.0,35.0,995.4,26.7,ERA5_Reanalysis_ECMWF
Bhubaneswar,2022-06-02T03:00,2022,29.0,88,12.1,0.0,35.2,995.6,26.9,ERA5_Reanalysis_ECMWF
Bhubaneswar,2022-06-02T04:00,2022,28.9,90,11.4,0.0,35.3,995.7,27.0,ERA5_Reanalysis_ECMWF
Bhubaneswar,2022-06-02T05:00,2022,29.4,92,12.3,3.0,36.5,995.5,28.1,ERA5_Reanalysis_ECMWF
Bhubaneswar,2022-06-02T06:00,2022,30.6,85,17.6,75.0,36.7,996.2,27.8,ERA5_Reanalysis_ECMWF
Bhubaneswar,2022-06-02T07:00,2022,31.8,78,17.4,240.0,37.6,996.5,27.4,ERA5_Reanalysis_ECMWF
Bhubaneswar,2022-06-02T08:00,2022,33.3,70,16.8,443.0,39.0,996.6,27.2,ERA5_Reanalysis_ECMWF
Bhubaneswar,2022-06-02T09:00,2022,34.8,64,16.0,659.0,41.2,996.4,27.1,ERA5_Reanalysis_ECMWF
Bhubaneswar,2022-06-02T10:00,2022,36.3,56,16.6,798.0,42.6,996.0,26.1,ERA5_Reanalysis_ECMWF
Bhubaneswar,2022-06-02T11:00,2022,37.3,50,17.9,894.0,43.2,995.1,25.2,ERA5_Reanalysis_ECMWF
Bhubaneswar,2022-06-02T12:00,2022,37.5,49,18.4,918.0,43.4,994.5,25.0,ERA5_Reanalysis_ECMWF
Bhubaneswar,2022-06-02T13:00,2022,37.6,49,16.8,865.0,43.5,993.6,25.0,ERA5_Reanalysis_ECMWF
Bhubaneswar,2022-06-02T14:00,2022,37.6,50,12.2,753.0,43.9,992.8,25.4,ERA5_Reanalysis_ECMWF
Bhubaneswar,2022-06-02T15:00,2022,37.7,51,10.4,538.0,43.3,992.4,25.7,ERA5_Reanalysis_ECMWF
Bhubaneswar,2022-06-02T16:00,2022,36.9,53,8.6,334.0,42.8,992.2,25.6,ERA5_Reanalysis_ECMWF
Bhubaneswar,2022-06-02T17:00,2022,33.6,68,11.4,160.0,39.9,993.1,26.9,ERA5_Reanalysis_ECMWF
Bhubaneswar,2022-06-02T18:00,2022,32.1,73,17.4,29.0,37.4,993.6,26.7,ERA5_Reanalysis_ECMWF
Bhubaneswar,2022-06-02T19:00,2022,30.4,82,17.4,0.0,36.0,994.6,27.0,ERA5_Reanalysis_ECMWF
Bhubaneswar,2022-06-02T20:00,2022,29.7,87,17.3,0.0,35.6,995.1,27.4,ERA5_Reanalysis_ECMWF
Bhubaneswar,2022-06-02T21:00,2022,29.5,89,14.4,0.0,35.8,995.6,27.5,ERA5_Reanalysis_ECMWF
Bhubaneswar,2022-06-02T22:00,2022,29.1,91,14.8,0.0,35.4,995.7,27.5,ERA5_Reanalysis_ECMWF
Bhubaneswar,2022-06-02T23:00,2022,28.9,92,15.1,0.0,35.2,995.7,27.6,ERA5_Reanalysis_ECMWF
Bhubaneswar,2022-06-03T00:00,2022,28.8,93,14.8,0.0,35.0,995.2,27.5,ERA5_Reanalysis_ECMWF
Bhubaneswar,2022-06-03T01:00,2022,28.6,94,15.5,0.0,34.8,994.7,27.5,ERA5_Reanalysis_ECMWF
Bhubaneswar,2022-06-03T02:00,2022,28.7,92,14.3,0.0,34.9,994.3,27.2,ERA5_Reanalysis_ECMWF
Bhubaneswar,2022-06-03T03:00,2022,28.7,91,13.8,0.0,34.8,994.6,27.1,ERA5_Reanalysis_ECMWF
Bhubaneswar,2022-06-03T04:00,2022,28.5,93,12.4,0.0,34.9,994.8,27.2,ERA5_Reanalysis_ECMWF
Bhubaneswar,2022-06-03T05:00,2022,28.9,93,14.3,4.0,35.3,995.8,27.6,ERA5_Reanalysis_ECMWF
Bhubaneswar,2022-06-03T06:00,2022,30.1,84,16.1,67.0,35.9,996.5,27.1,ERA5_Reanalysis_ECMWF
Bhubaneswar,2022-06-03T07:00,2022,31.4,77,16.1,219.0,37.0,996.8,26.8,ERA5_Reanalysis_ECMWF
Bhubaneswar,2022-06-03T08:00,2022,32.8,71,15.3,424.0,38.5,996.5,26.8,ERA5_Reanalysis_ECMWF
Bhubaneswar,2022-06-03T09:00,2022,34.2,67,16.1,610.0,40.4,996.3,27.2,ERA5_Reanalysis_ECMWF
Bhubaneswar,2022-06-03T10:00,2022,35.3,62,18.2,715.0,41.5,996.0,26.9,ERA5_Reanalysis_ECMWF
Bhubaneswar,2022-06-03T11:00,2022,35.7,60,19.7,769.0,41.7,995.6,26.6,ERA5_Reanalysis_ECMWF
Bhubaneswar,2022-06-03T12:00,2022,36.1,58,19.2,788.0,42.1,995.0,26.5,ERA5_Reanalysis_ECMWF
Bhubaneswar,2022-06-03T13:00,2022,36.2,57,19.7,771.0,42.1,994.2,26.4,ERA5_Reanalysis_ECMWF
Bhubaneswar,2022-06-03T14:00,2022,35.8,59,19.3,646.0,41.2,993.5,26.5,ERA5_Reanalysis_ECMWF
Bhubaneswar,2022-06-03T15:00,2022,35.0,61,18.7,485.0,39.9,993.1,26.4,ERA5_Reanalysis_ECMWF
Bhubaneswar,2022-06-03T16:00,2022,33.3,68,18.4,265.0,38.4,993.2,26.6,ERA5_Reanalysis_ECMWF
Bhubaneswar,2022-06-03T17:00,2022,32.3,74,19.1,136.0,37.6,993.8,27.0,ERA5_Reanalysis_ECMWF
Bhubaneswar,2022-06-03T18:00,2022,31.2,78,14.4,29.0,37.1,994.9,26.9,ERA5_Reanalysis_ECMWF
Bhubaneswar,2022-06-03T19:00,2022,30.8,80,14.0,0.0,36.8,995.7,26.9,ERA5_Reanalysis_ECMWF
Bhubaneswar,2022-06-03T20:00,2022,30.1,84,18.8,0.0,35.6,995.9,27.1,ERA5_Reanalysis_ECMWF
Bhubaneswar,2022-06-03T21:00,2022,29.9,85,16.0,0.0,35.8,996.6,27.2,ERA5_Reanalysis_ECMWF
Bhubaneswar,2022-06-03T22:00,2022,29.7,87,18.6,0.0,35.4,996.7,27.4,ERA5_Reanalysis_ECMWF
Bhubaneswar,2022-06-03T23:00,2022,29.4,90,17.7,0.0,35.2,996.2,27.5,ERA5_Reanalysis_ECMWF
Bhubaneswar,2022-06-04T00:00,2022,29.2,90,16.7,0.0,35.2,995.8,27.5,ERA5_Reanalysis_ECMWF
Bhubaneswar,2022-06-04T01:00,2022,29.0,91,17.3,0.0,34.8,995.6,27.4,ERA5_Reanalysis_ECMWF
Bhubaneswar,2022-06-04T02:00,2022,29.2,88,16.6,0.0,34.9,995.5,27.0,ERA5_Reanalysis_ECMWF
Bhubaneswar,2022-06-04T03:00,2022,29.1,88,16.3,0.0,34.7,995.5,27.0,ERA5_Reanalysis_ECMWF
Bhubaneswar,2022-06-04T04:00,2022,28.9,89,16.6,0.0,34.5,995.6,26.9,ERA5_Reanalysis_ECMWF
Bhubaneswar,2022-06-04T05:00,2022,29.3,90,16.1,4.0,35.4,995.8,27.4,ERA5_Reanalysis_ECMWF
Bhubaneswar,2022-06-04T06:00,2022,30.3,83,21.2,85.0,35.3,996.5,27.0,ERA5_Reanalysis_ECMWF
Bhubaneswar,2022-06-04T07:00,2022,31.9,74,23.6,252.0,36.3,997.2,26.7,ERA5_Reanalysis_ECMWF
Bhubaneswar,2022-06-04T08:00,2022,33.1,68,22.9,442.0,37.5,997.4,26.5,ERA5_Reanalysis_ECMWF
Bhubaneswar,2022-06-04T09:00,2022,34.2,63,22.8,600.0,38.5,997.7,26.1,ERA5_Reanalysis_ECMWF
Bhubaneswar,2022-06-04T10:00,2022,34.7,61,22.3,706.0,39.5,997.6,26.0,ERA5_Reanalysis_ECMWF
Bhubaneswar,2022-06-04T11:00,2022,35.4,58,23.0,817.0,40.5,996.9,25.8,ERA5_Reanalysis_ECMWF
Bhubaneswar,2022-06-04T12:00,2022,35.2,58,25.2,792.0,39.8,996.0,25.6,ERA5_Reanalysis_ECMWF
Bhubaneswar,2022-06-04T13:00,2022,35.2,58,26.6,758.0,39.5,995.1,25.8,ERA5_Reanalysis_ECMWF
Bhubaneswar,2022-06-04T14:00,2022,34.7,60,26.6,602.0,38.3,994.0,25.8,ERA5_Reanalysis_ECMWF
Bhubaneswar,2022-06-04T15:00,2022,33.8,63,25.0,457.0,37.4,993.6,25.9,ERA5_Reanalysis_ECMWF
Bhubaneswar,2022-06-04T16:00,2022,33.0,67,22.1,294.0,37.1,992.9,26.0,ERA5_Reanalysis_ECMWF
Bhubaneswar,2022-06-04T17:00,2022,31.2,74,22.1,161.0,35.4,994.4,26.1,ERA5_Reanalysis_ECMWF
Bhubaneswar,2022-06-04T18:00,2022,30.2,79,16.3,32.0,35.4,995.9,26.3,ERA5_Reanalysis_ECMWF
Bhubaneswar,2022-06-04T19:00,2022,29.5,82,10.5,0.0,35.5,998.2,26.2,ERA5_Reanalysis_ECMWF
Bhubaneswar,2022-06-04T20:00,2022,30.0,81,12.3,0.0,35.7,997.7,26.3,ERA5_Reanalysis_ECMWF
Bhubaneswar,2022-06-04T21:00,2022,29.5,85,17.3,0.0,34.9,997.9,26.8,ERA5_Reanalysis_ECMWF
Bhubaneswar,2022-06-04T22:00,2022,29.1,88,19.4,0.0,34.2,997.7,26.9,ERA5_Reanalysis_ECMWF
Bhubaneswar,2022-06-04T23:00,2022,29.0,88,22.1,0.0,33.7,997.2,26.8,ERA5_Reanalysis_ECMWF
Bhubaneswar,2022-06-05T00:00,2022,29.2,87,22.7,0.0,33.8,996.2,26.8,ERA5_Reanalysis_ECMWF
Bhubaneswar,2022-06-05T01:00,2022,29.3,86,18.9,0.0,34.4,996.1,26.7,ERA5_Reanalysis_ECMWF
Bhubaneswar,2022-06-05T02:00,2022,29.4,85,12.8,0.0,35.3,996.4,26.6,ERA5_Reanalysis_ECMWF
Bhubaneswar,2022-06-05T03:00,2022,29.3,86,12.8,0.0,35.3,996.4,26.7,ERA5_Reanalysis_ECMWF
Bhubaneswar,2022-06-05T04:00,2022,29.1,87,12.6,0.0,35.0,996.7,26.6,ERA5_Reanalysis_ECMWF
Bhubaneswar,2022-06-05T05:00,2022,29.1,87,17.1,4.0,34.5,996.6,26.7,ERA5_Reanalysis_ECMWF
Bhubaneswar,2022-06-05T06:00,2022,29.6,84,20.6,40.0,34.5,997.0,26.7,ERA5_Reanalysis_ECMWF
Bhubaneswar,2022-06-05T07:00,2022,30.3,80,21.3,100.0,34.9,997.6,26.5,ERA5_Reanalysis_ECMWF
Bhubaneswar,2022-06-05T08:00,2022,31.4,74,21.9,214.0,35.8,998.3,26.3,ERA5_Reanalysis_ECMWF
Bhubaneswar,2022-06-05T09:00,2022,32.4,69,21.9,336.0,36.6,998.6,26.0,ERA5_Reanalysis_ECMWF
Bhubaneswar,2022-06-05T10:00,2022,33.4,65,22.2,560.0,37.5,998.4,25.9,ERA5_Reanalysis_ECMWF
Bhubaneswar,2022-06-05T11:00,2022,34.4,60,23.7,783.0,39.1,997.7,25.5,ERA5_Reanalysis_ECMWF
Bhubaneswar,2022-06-05T12:00,2022,35.0,57,24.5,796.0,39.3,996.7,25.1,ERA5_Reanalysis_ECMWF
Bhubaneswar,2022-06-05T13:00,2022,35.2,56,24.3,803.0,39.5,995.7,25.0,ERA5_Reanalysis_ECMWF
Bhubaneswar,2022-06-05T14:00,2022,34.6,59,23.1,713.0,38.9,994.8,25.4,ERA5_Reanalysis_ECMWF
Bhubaneswar,2022-06-05T15:00,2022,34.1,60,22.6,530.0,37.7,994.2,25.3,ERA5_Reanalysis_ECMWF
Bhubaneswar,2022-06-05T16:00,2022,32.9,65,24.4,356.0,36.3,994.2,25.4,ERA5_Reanalysis_ECMWF
Bhubaneswar,2022-06-05T17:00,2022,32.0,69,24.3,177.0,35.5,995.3,25.5,ERA5_Reanalysis_ECMWF
Bhubaneswar,2022-06-05T18:00,2022,30.4,77,19.8,30.0,34.9,996.1,26.0,ERA5_Reanalysis_ECMWF
Bhubaneswar,2022-06-05T19:00,2022,29.7,81,12.7,0.0,35.3,996.8,26.1,ERA5_Reanalysis_ECMWF
Bhubaneswar,2022-06-05T20:00,2022,29.3,84,5.8,0.0,36.0,997.9,26.3,ERA5_Reanalysis_ECMWF
Bhubaneswar,2022-06-05T21:00,2022,29.0,85,17.6,0.0,34.0,997.5,26.2,ERA5_Reanalysis_ECMWF
Bhubaneswar,2022-06-05T22:00,2022,28.9,86,21.3,0.0,33.3,997.0,26.3,ERA5_Reanalysis_ECMWF
Bhubaneswar,2022-06-05T23:00,2022,28.6,88,17.5,0.0,33.7,996.5,26.5,ERA5_Reanalysis_ECMWF
Bhubaneswar,2022-06-06T00:00,2022,28.4,89,16.3,0.0,33.8,996.5,26.5,ERA5_Reanalysis_ECMWF
Bhubaneswar,2022-06-06T01:00,2022,28.6,89,17.1,0.0,33.9,996.0,26.6,ERA5_Reanalysis_ECMWF
Bhubaneswar,2022-06-06T02:00,2022,28.6,89,17.0,0.0,33.9,995.8,26.6,ERA5_Reanalysis_ECMWF
Bhubaneswar,2022-06-06T03:00,2022,28.5,90,16.1,0.0,34.0,995.7,26.7,ERA5_Reanalysis_ECMWF
Bhubaneswar,2022-06-06T04:00,2022,28.6,90,12.1,0.0,34.7,996.1,26.7,ERA5_Reanalysis_ECMWF
Bhubaneswar,2022-06-06T05:00,2022,28.3,91,15.7,3.0,33.9,995.7,26.8,ERA5_Reanalysis_ECMWF
Bhubaneswar,2022-06-06T06:00,2022,29.4,86,18.4,83.0,34.6,997.2,26.7,ERA5_Reanalysis_ECMWF
Bhubaneswar,2022-06-06T07:00,2022,30.5,80,23.2,163.0,34.9,997.8,26.6,ERA5_Reanalysis_ECMWF
Bhubaneswar,2022-06-06T08:00,2022,31.4,75,23.1,315.0,35.7,998.3,26.4,ERA5_Reanalysis_ECMWF
Bhubaneswar,2022-06-06T09:00,2022,32.4,70,23.1,508.0,36.6,998.2,26.2,ERA5_Reanalysis_ECMWF
Bhubaneswar,2022-06-06T10:00,2022,33.9,63,21.6,760.0,39.1,997.8,26.0,ERA5_Reanalysis_ECMWF
Bhubaneswar,2022-06-06T11:00,2022,34.7,61,19.7,887.0,41.0,997.1,26.2,ERA5_Reanalysis_ECMWF
Bhubaneswar,2022-06-06T12:00,2022,35.3,59,17.8,910.0,41.9,996.3,26.0,ERA5_Reanalysis_ECMWF
Bhubaneswar,2022-06-06T13:00,2022,35.4,58,17.0,863.0,41.9,995.6,25.9,ERA5_Reanalysis_ECMWF
Bhubaneswar,2022-06-06T14:00,2022,35.1,59,17.5,746.0,40.8,994.6,25.9,ERA5_Reanalysis_ECMWF
Bhubaneswar,2022-06-06T15:00,2022,34.2,62,17.9,586.0,39.2,993.5,26.0,ERA5_Reanalysis_ECMWF
Bhubaneswar,2022-06-06T16:00,2022,33.2,66,18.6,391.0,37.9,992.9,26.1,ERA5_Reanalysis_ECMWF
Bhubaneswar,2022-06-06T17:00,2022,31.8,70,16.5,189.0,36.6,993.9,25.7,ERA5_Reanalysis_ECMWF
Bhubaneswar,2022-06-06T18:00,2022,30.3,77,12.8,35.0,35.8,994.7,25.9,ERA5_Reanalysis_ECMWF
Bhubaneswar,2022-06-06T19:00,2022,29.4,83,14.4,0.0,34.8,995.4,26.2,ERA5_Reanalysis_ECMWF
Bhubaneswar,2022-06-06T20:00,2022,28.6,87,19.2,0.0,33.4,995.7,26.3,ERA5_Reanalysis_ECMWF
Bhubaneswar,2022-06-06T21:00,2022,28.1,91,15.2,0.0,33.6,996.1,26.4,ERA5_Reanalysis_ECMWF
Bhubaneswar,2022-06-06T22:00,2022,27.9,92,13.4,0.0,33.6,996.5,26.4,ERA5_Reanalysis_ECMWF
Bhubaneswar,2022-06-06T23:00,2022,27.8,93,13.0,0.0,33.6,996.3,26.5,ERA5_Reanalysis_ECMWF
Bhubaneswar,2022-06-07T00:00,2022,27.6,94,12.6,0.0,33.6,995.9,26.6,ERA5_Reanalysis_ECMWF
Bhubaneswar,2022-06-07T01:00,2022,27.6,95,14.4,0.0,33.3,995.6,26.7,ERA5_Reanalysis_ECMWF
Bhubaneswar,2022-06-07T02:00,2022,27.6,94,15.9,0.0,33.1,995.4,26.6,ERA5_Reanalysis_ECMWF
Bhubaneswar,2022-06-07T03:00,2022,27.9,92,17.3,0.0,33.1,995.1,26.4,ERA5_Reanalysis_ECMWF
Bhubaneswar,2022-06-07T04:00,2022,28.0,91,17.7,0.0,33.1,995.3,26.4,ERA5_Reanalysis_ECMWF
Bhubaneswar,2022-06-07T05:00,2022,28.6,89,17.5,4.0,33.8,995.7,26.6,ERA5_Reanalysis_ECMWF
Bhubaneswar,2022-06-07T06:00,2022,29.3,84,18.7,87.0,34.2,996.2,26.4,ERA5_Reanalysis_ECMWF
Bhubaneswar,2022-06-07T07:00,2022,30.8,76,21.6,272.0,35.1,996.5,26.1,ERA5_Reanalysis_ECMWF
Bhubaneswar,2022-06-07T08:00,2022,32.4,69,18.9,440.0,37.0,996.7,26.0,ERA5_Reanalysis_ECMWF
Bhubaneswar,2022-06-07T09:00,2022,33.5,66,16.4,628.0,39.0,996.7,26.2,ERA5_Reanalysis_ECMWF
Bhubaneswar,2022-06-07T10:00,2022,34.5,62,17.0,789.0,40.8,996.1,26.2,ERA5_Reanalysis_ECMWF
Bhubaneswar,2022-06-07T11:00,2022,35.5,59,17.4,893.0,42.2,995.2,26.2,ERA5_Reanalysis_ECMWF
Bhubaneswar,2022-06-07T12:00,2022,36.0,58,17.7,908.0,42.8,994.6,26.3,ERA5_Reanalysis_ECMWF
Bhubaneswar,2022-06-07T13:00,2022,36.2,57,16.9,854.0,42.8,993.8,26.2,ERA5_Reanalysis_ECMWF
Bhubaneswar,2022-06-07T14:00,2022,35.9,56,17.2,747.0,41.7,993.2,25.9,ERA5_Reanalysis_ECMWF
Bhubaneswar,2022-06-07T15:00,2022,35.2,58,19.5,588.0,39.8,992.8,25.8,ERA5_Reanalysis_ECMWF
Bhubaneswar,2022-06-07T16:00,2022,34.1,62,17.8,385.0,38.7,992.3,25.7,ERA5_Reanalysis_ECMWF
Bhubaneswar,2022-06-07T17:00,2022,32.0,70,21.0,186.0,36.1,993.3,25.8,ERA5_Reanalysis_ECMWF
Bhubaneswar,2022-06-07T18:00,2022,30.4,79,15.3,35.0,35.7,994.7,26.2,ERA5_Reanalysis_ECMWF
Bhubaneswar,2022-06-07T19:00,2022,29.8,82,10.8,0.0,35.8,996.0,26.3,ERA5_Reanalysis_ECMWF
Bhubaneswar,2022-06-07T20:00,2022,29.3,84,9.4,0.0,35.5,996.4,26.4,ERA5_Reanalysis_ECMWF
Bhubaneswar,2022-06-07T21:00,2022,29.1,87,17.7,0.0,34.3,996.0,26.7,ERA5_Reanalysis_ECMWF
Bhubaneswar,2022-06-07T22:00,2022,28.9,89,18.5,0.0,34.2,996.1,26.9,ERA5_Reanalysis_ECMWF
Bhubaneswar,2022-06-07T23:00,2022,28.8,91,19.9,0.0,34.0,995.3,27.1,ERA5_Reanalysis_ECMWF
Bhubaneswar,2022-06-08T00:00,2022,28.7,91,18.3,0.0,34.2,994.7,27.1,ERA5_Reanalysis_ECMWF
Bhubaneswar,2022-06-08T01:00,2022,28.7,92,16.3,0.0,34.5,994.4,27.2,ERA5_Reanalysis_ECMWF
Bhubaneswar,2022-06-08T02:00,2022,28.7,92,15.1,0.0,34.8,994.3,27.2,ERA5_Reanalysis_ECMWF
Bhubaneswar,2022-06-08T03:00,2022,29.0,90,15.7,0.0,35.0,994.2,27.2,ERA5_Reanalysis_ECMWF
Bhubaneswar,2022-06-08T04:00,2022,29.2,88,14.9,0.0,35.2,994.5,27.1,ERA5_Reanalysis_ECMWF
Bhubaneswar,2022-06-08T05:00,2022,28.7,90,12.9,2.0,34.8,995.3,26.9,ERA5_Reanalysis_ECMWF
Bhubaneswar,2022-06-08T06:00,2022,29.8,84,17.2,87.0,35.2,995.9,26.9,ERA5_Reanalysis_ECMWF
Bhubaneswar,2022-06-08T07:00,2022,31.3,76,18.9,245.0,36.3,996.3,26.6,ERA5_Reanalysis_ECMWF
Bhubaneswar,2022-06-08T08:00,2022,33.0,70,17.5,472.0,38.3,996.0,26.7,ERA5_Reanalysis_ECMWF
Bhubaneswar,2022-06-08T09:00,2022,34.3,65,17.6,659.0,40.3,995.8,26.8,ERA5_Reanalysis_ECMWF
Bhubaneswar,2022-06-08T10:00,2022,35.3,62,18.4,808.0,41.9,995.2,26.9,ERA5_Reanalysis_ECMWF
Bhubaneswar,2022-06-08T11:00,2022,36.1,58,18.0,894.0,43.1,994.3,26.7,ERA5_Reanalysis_ECMWF
Bhubaneswar,2022-06-08T12:00,2022,36.9,56,14.7,915.0,44.5,993.3,26.7,ERA5_Reanalysis_ECMWF
Bhubaneswar,2022-06-08T13:00,2022,37.3,54,14.9,869.0,44.5,992.5,26.5,ERA5_Reanalysis_ECMWF
Bhubaneswar,2022-06-08T14:00,2022,36.8,56,18.6,756.0,42.9,991.6,26.6,ERA5_Reanalysis_ECMWF
Bhubaneswar,2022-06-08T15:00,2022,35.2,62,20.5,591.0,40.4,991.4,26.9,ERA5_Reanalysis_ECMWF
Bhubaneswar,2022-06-08T16:00,2022,33.9,67,19.6,395.0,39.1,991.5,26.9,ERA5_Reanalysis_ECMWF
Bhubaneswar,2022-06-08T17:00,2022,32.5,75,18.0,189.0,38.4,992.5,27.6,ERA5_Reanalysis_ECMWF
Bhubaneswar,2022-06-08T18:00,2022,31.3,80,16.0,32.0,37.3,993.5,27.4,ERA5_Reanalysis_ECMWF
Bhubaneswar,2022-06-08T19:00,2022,30.3,84,15.3,0.0,36.4,994.4,27.4,ERA5_Reanalysis_ECMWF
Bhubaneswar,2022-06-08T20:00,2022,29.9,87,17.7,0.0,35.8,994.7,27.5,ERA5_Reanalysis_ECMWF
Bhubaneswar,2022-06-08T21:00,2022,29.4,90,18.5,0.0,35.3,994.3,27.7,ERA5_Reanalysis_ECMWF
Bhubaneswar,2022-06-08T22:00,2022,29.2,91,17.9,0.0,35.1,994.4,27.6,ERA5_Reanalysis_ECMWF
Bhubaneswar,2022-06-08T23:00,2022,29.1,91,15.6,0.0,35.3,994.2,27.5,ERA5_Reanalysis_ECMWF
Bhubaneswar,2022-06-09T00:00,2022,29.2,91,13.3,0.0,35.7,994.0,27.5,ERA5_Reanalysis_ECMWF
Bhubaneswar,2022-06-09T01:00,2022,29.1,91,14.8,0.0,35.3,993.7,27.4,ERA5_Reanalysis_ECMWF
Bhubaneswar,2022-06-09T02:00,2022,29.0,90,13.8,0.0,35.2,993.0,27.2,ERA5_Reanalysis_ECMWF
Bhubaneswar,2022-06-09T03:00,2022,28.7,91,12.1,0.0,35.2,992.9,27.2,ERA5_Reanalysis_ECMWF
Bhubaneswar,2022-06-09T04:00,2022,28.6,92,13.0,0.0,35.0,993.2,27.3,ERA5_Reanalysis_ECMWF
Bhubaneswar,2022-06-09T05:00,2022,29.2,89,14.0,4.0,35.5,993.8,27.3,ERA5_Reanalysis_ECMWF
Bhubaneswar,2022-06-09T06:00,2022,30.0,84,14.6,54.0,35.9,994.4,27.0,ERA5_Reanalysis_ECMWF
Bhubaneswar,2022-06-09T07:00,2022,30.6,80,17.9,119.0,36.0,995.0,26.9,ERA5_Reanalysis_ECMWF
Bhubaneswar,2022-06-09T08:00,2022,31.6,75,17.0,176.0,36.9,995.5,26.6,ERA5_Reanalysis_ECMWF
Bhubaneswar,2022-06-09T09:00,2022,31.9,73,15.9,164.0,37.2,995.5,26.4,ERA5_Reanalysis_ECMWF
Bhubaneswar,2022-06-09T10:00,2022,33.4,68,16.3,441.0,38.8,995.1,26.6,ERA5_Reanalysis_ECMWF
Bhubaneswar,2022-06-09T11:00,2022,35.1,62,16.6,728.0,41.3,994.2,26.6,ERA5_Reanalysis_ECMWF
Bhubaneswar,2022-06-09T12:00,2022,35.5,60,17.4,843.0,42.3,993.6,26.7,ERA5_Reanalysis_ECMWF
Bhubaneswar,2022-06-09T13:00,2022,35.5,61,17.2,811.0,42.2,992.6,26.7,ERA5_Reanalysis_ECMWF
Bhubaneswar,2022-06-09T14:00,2022,35.5,61,16.3,707.0,41.8,992.1,26.8,ERA5_Reanalysis_ECMWF
Bhubaneswar,2022-06-09T15:00,2022,34.7,64,16.3,500.0,40.4,991.5,27.0,ERA5_Reanalysis_ECMWF
Bhubaneswar,2022-06-09T16:00,2022,33.5,68,17.0,324.0,38.9,991.7,26.8,ERA5_Reanalysis_ECMWF
Bhubaneswar,2022-06-09T17:00,2022,32.0,73,16.2,160.0,37.3,992.9,26.5,ERA5_Reanalysis_ECMWF
Bhubaneswar,2022-06-09T18:00,2022,31.1,78,7.2,31.0,38.0,994.3,26.8,ERA5_Reanalysis_ECMWF
Bhubaneswar,2022-06-09T19:00,2022,30.6,81,10.4,0.0,37.2,995.1,27.0,ERA5_Reanalysis_ECMWF
Bhubaneswar,2022-06-09T20:00,2022,30.1,85,16.3,0.0,36.0,995.7,27.2,ERA5_Reanalysis_ECMWF
Bhubaneswar,2022-06-09T21:00,2022,29.8,89,17.7,0.0,35.9,995.5,27.8,ERA5_Reanalysis_ECMWF
Bhubaneswar,2022-06-09T22:00,2022,29.6,91,18.0,0.0,35.7,995.6,28.0,ERA5_Reanalysis_ECMWF
Bhubaneswar,2022-06-09T23:00,2022,29.5,92,15.2,0.0,36.1,995.2,28.0,ERA5_Reanalysis_ECMWF
Bhubaneswar,2022-06-10T00:00,2022,29.5,90,13.7,0.0,36.1,994.5,27.7,ERA5_Reanalysis_ECMWF
Bhubaneswar,2022-06-10T01:00,2022,29.5,88,13.3,0.0,35.9,994.2,27.4,ERA5_Reanalysis_ECMWF
Bhubaneswar,2022-06-10T02:00,2022,29.7,85,12.6,0.0,35.9,994.2,27.0,ERA5_Reanalysis_ECMWF
Bhubaneswar,2022-06-10T03:00,2022,29.6,84,14.2,0.0,35.4,994.1,26.6,ERA5_Reanalysis_ECMWF
Bhubaneswar,2022-06-10T04:00,2022,29.5,82,17.8,0.0,34.4,994.1,26.2,ERA5_Reanalysis_ECMWF
Bhubaneswar,2022-06-10T05:00,2022,28.7,92,10.5,3.0,35.5,996.0,27.3,ERA5_Reanalysis_ECMWF
Bhubaneswar,2022-06-10T06:00,2022,29.8,87,14.7,57.0,36.0,996.4,27.4,ERA5_Reanalysis_ECMWF
Bhubaneswar,2022-06-10T07:00,2022,31.0,80,12.5,190.0,37.3,997.7,27.1,ERA5_Reanalysis_ECMWF
Bhubaneswar,2022-06-10T08:00,2022,31.7,74,16.9,168.0,36.8,997.6,26.4,ERA5_Reanalysis_ECMWF
Bhubaneswar,2022-06-10T09:00,2022,32.3,70,19.4,269.0,37.0,997.3,26.2,ERA5_Reanalysis_ECMWF
Bhubaneswar,2022-06-10T10:00,2022,33.4,66,21.6,497.0,37.6,997.5,26.1,ERA5_Reanalysis_ECMWF
Bhubaneswar,2022-06-10T11:00,2022,34.3,62,20.9,662.0,39.2,996.7,26.1,ERA5_Reanalysis_ECMWF
Bhubaneswar,2022-06-10T12:00,2022,34.3,63,22.0,594.0,38.8,995.7,26.3,ERA5_Reanalysis_ECMWF
Bhubaneswar,2022-06-10T13:00,2022,33.8,65,22.1,507.0,38.1,995.0,26.3,ERA5_Reanalysis_ECMWF
Bhubaneswar,2022-06-10T14:00,2022,33.7,66,19.8,344.0,38.4,994.5,26.4,ERA5_Reanalysis_ECMWF
Bhubaneswar,2022-06-10T15:00,2022,33.5,66,16.3,243.0,38.6,993.9,26.2,ERA5_Reanalysis_ECMWF
Bhubaneswar,2022-06-10T16:00,2022,33.3,67,15.8,195.0,38.6,993.3,26.3,ERA5_Reanalysis_ECMWF
Bhubaneswar,2022-06-10T17:00,2022,30.4,70,19.3,104.0,33.9,995.3,24.4,ERA5_Reanalysis_ECMWF
Bhubaneswar,2022-06-10T18:00,2022,29.5,74,16.1,26.0,33.5,995.9,24.4,ERA5_Reanalysis_ECMWF
Bhubaneswar,2022-06-10T19:00,2022,29.1,79,15.6,0.0,33.7,996.5,25.2,ERA5_Reanalysis_ECMWF
Bhubaneswar,2022-06-10T20:00,2022,29.1,79,16.8,0.0,33.4,996.9,25.1,ERA5_Reanalysis_ECMWF
Bhubaneswar,2022-06-10T21:00,2022,29.0,79,18.1,0.0,33.0,997.1,24.9,ERA5_Reanalysis_ECMWF
Bhubaneswar,2022-06-10T22:00,2022,29.0,80,19.2,0.0,32.9,997.3,25.1,ERA5_Reanalysis_ECMWF
Bhubaneswar,2022-06-10T23:00,2022,29.2,79,19.1,0.0,33.2,997.0,25.1,ERA5_Reanalysis_ECMWF
Bhubaneswar,2022-06-11T00:00,2022,29.3,79,20.1,0.0,33.2,996.6,25.2,ERA5_Reanalysis_ECMWF
Bhubaneswar,2022-06-11T01:00,2022,29.2,79,22.5,0.0,32.8,996.2,25.2,ERA5_Reanalysis_ECMWF
Bhubaneswar,2022-06-11T02:00,2022,29.2,80,20.1,0.0,33.2,995.8,25.3,ERA5_Reanalysis_ECMWF
Bhubaneswar,2022-06-11T03:00,2022,28.8,81,16.2,0.0,33.4,996.8,25.3,ERA5_Reanalysis_ECMWF
Bhubaneswar,2022-06-11T04:00,2022,27.2,87,14.3,0.0,31.7,997.2,24.9,ERA5_Reanalysis_ECMWF
Bhubaneswar,2022-06-11T05:00,2022,28.7,86,15.1,2.0,33.9,996.4,26.1,ERA5_Reanalysis_ECMWF
Bhubaneswar,2022-06-11T06:00,2022,29.7,82,15.6,82.0,34.9,997.0,26.2,ERA5_Reanalysis_ECMWF
Bhubaneswar,2022-06-11T07:00,2022,31.0,75,17.4,270.0,35.9,997.3,26.1,ERA5_Reanalysis_ECMWF
Bhubaneswar,2022-06-11T08:00,2022,32.8,69,12.8,474.0,38.5,998.0,26.3,ERA5_Reanalysis_ECMWF
Bhubaneswar,2022-06-11T09:00,2022,34.0,63,10.4,633.0,40.3,998.6,26.0,ERA5_Reanalysis_ECMWF
Bhubaneswar,2022-06-11T10:00,2022,35.3,57,14.5,696.0,40.8,997.9,25.3,ERA5_Reanalysis_ECMWF
Bhubaneswar,2022-06-11T11:00,2022,35.4,55,17.6,737.0,40.5,997.4,25.1,ERA5_Reanalysis_ECMWF
Bhubaneswar,2022-06-11T12:00,2022,34.8,59,16.0,648.0,40.0,996.9,25.6,ERA5_Reanalysis_ECMWF
Bhubaneswar,2022-06-11T13:00,2022,34.7,59,19.8,585.0,39.0,995.9,25.5,ERA5_Reanalysis_ECMWF
Bhubaneswar,2022-06-11T14:00,2022,34.9,58,22.9,672.0,39.2,995.1,25.5,ERA5_Reanalysis_ECMWF
Bhubaneswar,2022-06-11T15:00,2022,33.4,64,24.8,487.0,36.8,994.8,25.6,ERA5_Reanalysis_ECMWF
Bhubaneswar,2022-06-11T16:00,2022,32.5,68,25.1,300.0,36.1,994.4,25.8,ERA5_Reanalysis_ECMWF
Bhubaneswar,2022-06-11T17:00,2022,30.7,74,24.7,161.0,34.1,995.6,25.5,ERA5_Reanalysis_ECMWF
Bhubaneswar,2022-06-11T18:00,2022,29.5,81,22.6,35.0,33.5,995.6,25.9,ERA5_Reanalysis_ECMWF
Bhubaneswar,2022-06-11T19:00,2022,29.1,83,19.5,0.0,33.5,996.0,25.9,ERA5_Reanalysis_ECMWF
Bhubaneswar,2022-06-11T20:00,2022,28.9,83,19.6,0.0,33.2,996.6,25.7,ERA5_Reanalysis_ECMWF
Bhubaneswar,2022-06-11T21:00,2022,28.8,83,19.9,0.0,33.1,997.3,25.7,ERA5_Reanalysis_ECMWF
Bhubaneswar,2022-06-11T22:00,2022,28.8,83,18.9,0.0,33.1,997.3,25.6,ERA5_Reanalysis_ECMWF
Bhubaneswar,2022-06-11T23:00,2022,28.6,85,18.2,0.0,33.2,997.1,25.8,ERA5_Reanalysis_ECMWF
Bhubaneswar,2022-06-12T00:00,2022,28.5,87,16.2,0.0,33.5,996.4,26.0,ERA5_Reanalysis_ECMWF
Bhubaneswar,2022-06-12T01:00,2022,28.3,87,14.6,0.0,33.5,996.0,26.0,ERA5_Reanalysis_ECMWF
Bhubaneswar,2022-06-12T02:00,2022,28.4,86,10.4,0.0,34.1,996.0,25.9,ERA5_Reanalysis_ECMWF
Bhubaneswar,2022-06-12T03:00,2022,28.0,88,6.7,0.0,34.2,996.3,25.8,ERA5_Reanalysis_ECMWF
Bhubaneswar,2022-06-12T04:00,2022,27.6,90,7.0,0.0,33.8,996.9,25.8,ERA5_Reanalysis_ECMWF
Bhubaneswar,2022-06-12T05:00,2022,27.4,91,10.2,4.0,33.1,997.3,25.8,ERA5_Reanalysis_ECMWF
Bhubaneswar,2022-06-12T06:00,2022,28.8,85,10.7,94.0,34.7,998.1,26.1,ERA5_Reanalysis_ECMWF
Bhubaneswar,2022-06-12T07:00,2022,30.9,75,12.9,275.0,36.3,998.8,26.0,ERA5_Reanalysis_ECMWF
Bhubaneswar,2022-06-12T08:00,2022,32.9,66,16.1,480.0,37.7,999.1,25.7,ERA5_Reanalysis_ECMWF
Bhubaneswar,2022-06-12T09:00,2022,34.0,62,18.4,645.0,38.8,998.8,25.6,ERA5_Reanalysis_ECMWF
Bhubaneswar,2022-06-12T10:00,2022,34.8,57,18.0,761.0,40.0,998.5,25.1,ERA5_Reanalysis_ECMWF
Bhubaneswar,2022-06-12T11:00,2022,35.9,53,17.9,885.0,41.6,998.4,24.8,ERA5_Reanalysis_ECMWF
Bhubaneswar,2022-06-12T12:00,2022,35.4,55,18.0,758.0,40.6,997.6,25.1,ERA5_Reanalysis_ECMWF
Bhubaneswar,2022-06-12T13:00,2022,35.9,53,13.3,762.0,41.7,996.6,24.9,ERA5_Reanalysis_ECMWF
Bhubaneswar,2022-06-12T14:00,2022,36.1,52,14.2,638.0,41.1,995.8,24.8,ERA5_Reanalysis_ECMWF
Bhubaneswar,2022-06-12T15:00,2022,34.9,59,18.6,554.0,39.3,995.4,25.6,ERA5_Reanalysis_ECMWF
Bhubaneswar,2022-06-12T16:00,2022,33.5,63,19.8,369.0,37.7,995.3,25.6,ERA5_Reanalysis_ECMWF
Bhubaneswar,2022-06-12T17:00,2022,32.7,65,20.8,189.0,36.6,996.1,25.3,ERA5_Reanalysis_ECMWF
Bhubaneswar,2022-06-12T18:00,2022,30.7,74,19.8,36.0,34.9,996.7,25.5,ERA5_Reanalysis_ECMWF
Bhubaneswar,2022-06-12T19:00,2022,29.8,80,17.0,0.0,34.8,997.6,26.1,ERA5_Reanalysis_ECMWF
Bhubaneswar,2022-06-12T20:00,2022,29.6,80,17.4,0.0,34.2,998.2,25.8,ERA5_Reanalysis_ECMWF
Bhubaneswar,2022-06-12T21:00,2022,29.2,83,15.7,0.0,34.3,998.8,26.0,ERA5_Reanalysis_ECMWF
Bhubaneswar,2022-06-12T22:00,2022,29.0,85,17.4,0.0,34.0,998.8,26.2,ERA5_Reanalysis_ECMWF
Bhubaneswar,2022-06-12T23:00,2022,28.8,87,18.5,0.0,33.7,998.6,26.4,ERA5_Reanalysis_ECMWF
Bhubaneswar,2022-06-13T00:00,2022,28.7,87,18.0,0.0,33.7,998.2,26.4,ERA5_Reanalysis_ECMWF
Bhubaneswar,2022-06-13T01:00,2022,28.5,89,17.4,0.0,33.6,997.7,26.5,ERA5_Reanalysis_ECMWF
Bhubaneswar,2022-06-13T02:00,2022,28.2,92,16.1,0.0,33.7,997.6,26.7,ERA5_Reanalysis_ECMWF
Bhubaneswar,2022-06-13T03:00,2022,28.1,92,14.5,0.0,33.9,997.9,26.7,ERA5_Reanalysis_ECMWF
Bhubaneswar,2022-06-13T04:00,2022,28.0,92,13.8,0.0,33.7,998.5,26.5,ERA5_Reanalysis_ECMWF
Bhubaneswar,2022-06-13T05:00,2022,27.9,91,10.9,4.0,34.0,999.0,26.4,ERA5_Reanalysis_ECMWF
Bhubaneswar,2022-06-13T06:00,2022,29.1,87,9.6,94.0,35.5,999.6,26.6,ERA5_Reanalysis_ECMWF
Bhubaneswar,2022-06-13T07:00,2022,30.9,77,9.4,277.0,37.2,1000.1,26.5,ERA5_Reanalysis_ECMWF
Bhubaneswar,2022-06-13T08:00,2022,32.8,67,9.0,473.0,38.9,1000.4,26.0,ERA5_Reanalysis_ECMWF
Bhubaneswar,2022-06-13T09:00,2022,34.5,60,7.9,659.0,41.0,1000.3,25.5,ERA5_Reanalysis_ECMWF
Bhubaneswar,2022-06-13T10:00,2022,35.8,54,9.0,800.0,42.6,999.8,25.0,ERA5_Reanalysis_ECMWF
Bhubaneswar,2022-06-13T11:00,2022,36.7,51,9.8,872.0,43.7,999.0,24.9,ERA5_Reanalysis_ECMWF
Bhubaneswar,2022-06-13T12:00,2022,37.3,48,10.7,875.0,44.0,998.1,24.5,ERA5_Reanalysis_ECMWF
Bhubaneswar,2022-06-13T13:00,2022,37.7,46,9.7,800.0,43.9,996.8,24.2,ERA5_Reanalysis_ECMWF
Bhubaneswar,2022-06-13T14:00,2022,37.9,45,7.6,699.0,43.8,995.9,24.0,ERA5_Reanalysis_ECMWF
Bhubaneswar,2022-06-13T15:00,2022,38.0,44,8.2,584.0,42.9,995.1,23.8,ERA5_Reanalysis_ECMWF
Bhubaneswar,2022-06-13T16:00,2022,36.9,48,8.7,380.0,41.7,994.8,24.1,ERA5_Reanalysis_ECMWF
Bhubaneswar,2022-06-13T17:00,2022,33.7,65,16.9,184.0,38.6,995.4,26.1,ERA5_Reanalysis_ECMWF
Bhubaneswar,2022-06-13T18:00,2022,32.0,69,15.2,36.0,36.9,996.4,25.6,ERA5_Reanalysis_ECMWF
Bhubaneswar,2022-06-13T19:00,2022,30.8,75,15.0,0.0,35.8,997.3,25.8,ERA5_Reanalysis_ECMWF
Bhubaneswar,2022-06-13T20:00,2022,30.1,80,14.0,0.0,35.6,997.9,26.2,ERA5_Reanalysis_ECMWF
Bhubaneswar,2022-06-13T21:00,2022,29.6,83,14.2,0.0,35.2,998.3,26.4,ERA5_Reanalysis_ECMWF
Bhubaneswar,2022-06-13T22:00,2022,29.3,84,13.9,0.0,34.9,998.7,26.3,ERA5_Reanalysis_ECMWF
Bhubaneswar,2022-06-13T23:00,2022,29.0,85,13.5,0.0,34.6,998.6,26.3,ERA5_Reanalysis_ECMWF
Bhubaneswar,2022-06-14T00:00,2022,28.9,86,14.3,0.0,34.4,998.0,26.3,ERA5_Reanalysis_ECMWF
Bhubaneswar,2022-06-14T01:00,2022,28.7,88,15.0,0.0,34.2,997.5,26.4,ERA5_Reanalysis_ECMWF
Bhubaneswar,2022-06-14T02:00,2022,28.6,87,14.0,0.0,34.1,997.0,26.2,ERA5_Reanalysis_ECMWF
Bhubaneswar,2022-06-14T03:00,2022,28.4,87,12.6,0.0,34.0,997.0,26.1,ERA5_Reanalysis_ECMWF
Bhubaneswar,2022-06-14T04:00,2022,28.3,88,12.9,0.0,33.9,997.3,26.2,ERA5_Reanalysis_ECMWF
Bhubaneswar,2022-06-14T05:00,2022,28.7,89,16.2,4.0,34.2,998.0,26.7,ERA5_Reanalysis_ECMWF
Bhubaneswar,2022-06-14T06:00,2022,30.0,83,19.3,94.0,35.1,998.8,26.8,ERA5_Reanalysis_ECMWF
Bhubaneswar,2022-06-14T07:00,2022,31.4,77,17.9,257.0,36.8,999.4,26.9,ERA5_Reanalysis_ECMWF
Bhubaneswar,2022-06-14T08:00,2022,33.1,70,17.5,472.0,38.5,999.4,26.9,ERA5_Reanalysis_ECMWF
Bhubaneswar,2022-06-14T09:00,2022,34.6,64,17.7,658.0,40.4,999.5,26.8,ERA5_Reanalysis_ECMWF
Bhubaneswar,2022-06-14T10:00,2022,35.7,59,17.9,800.0,42.1,999.2,26.5,ERA5_Reanalysis_ECMWF
Bhubaneswar,2022-06-14T11:00,2022,36.2,57,17.7,883.0,42.9,998.7,26.2,ERA5_Reanalysis_ECMWF
Bhubaneswar,2022-06-14T12:00,2022,36.5,56,17.3,902.0,43.3,997.7,26.2,ERA5_Reanalysis_ECMWF
Bhubaneswar,2022-06-14T13:00,2022,36.8,55,15.8,806.0,43.3,996.7,26.2,ERA5_Reanalysis_ECMWF
Bhubaneswar,2022-06-14T14:00,2022,36.5,55,17.5,682.0,42.0,995.9,26.1,ERA5_Reanalysis_ECMWF
Bhubaneswar,2022-06-14T15:00,2022,33.3,65,25.8,515.0,36.9,996.4,26.0,ERA5_Reanalysis_ECMWF
Bhubaneswar,2022-06-14T16:00,2022,29.3,82,6.3,175.0,35.7,996.0,25.9,ERA5_Reanalysis_ECMWF
Bhubaneswar,2022-06-14T17:00,2022,31.7,67,16.2,53.0,35.9,996.6,24.9,ERA5_Reanalysis_ECMWF
Bhubaneswar,2022-06-14T18:00,2022,30.5,71,14.4,36.0,35.0,997.6,24.8,ERA5_Reanalysis_ECMWF
Bhubaneswar,2022-06-14T19:00,2022,29.9,78,15.6,0.0,34.7,998.2,25.7,ERA5_Reanalysis_ECMWF
Bhubaneswar,2022-06-14T20:00,2022,29.3,84,15.5,0.0,34.6,999.1,26.3,ERA5_Reanalysis_ECMWF
Bhubaneswar,2022-06-14T21:00,2022,29.2,85,15.5,0.0,34.7,999.1,26.5,ERA5_Reanalysis_ECMWF
Bhubaneswar,2022-06-14T22:00,2022,29.1,87,15.2,0.0,34.7,999.3,26.7,ERA5_Reanalysis_ECMWF
Bhubaneswar,2022-06-14T23:00,2022,28.9,89,12.8,0.0,35.0,999.1,26.8,ERA5_Reanalysis_ECMWF
Bhubaneswar,2022-06-15T00:00,2022,28.9,88,14.2,0.0,34.6,998.3,26.7,ERA5_Reanalysis_ECMWF
Bhubaneswar,2022-06-15T01:00,2022,28.9,87,15.8,0.0,34.4,998.0,26.6,ERA5_Reanalysis_ECMWF
Bhubaneswar,2022-06-15T02:00,2022,28.9,88,15.0,0.0,34.6,997.6,26.8,ERA5_Reanalysis_ECMWF
Bhubaneswar,2022-06-15T03:00,2022,28.9,88,16.0,0.0,34.4,997.4,26.7,ERA5_Reanalysis_ECMWF
Bhubaneswar,2022-06-15T04:00,2022,28.7,88,14.0,0.0,34.4,998.0,26.6,ERA5_Reanalysis_ECMWF
Bhubaneswar,2022-06-15T05:00,2022,28.3,91,13.4,4.0,34.2,998.4,26.7,ERA5_Reanalysis_ECMWF
Bhubaneswar,2022-06-15T06:00,2022,29.4,84,17.4,85.0,34.5,999.1,26.4,ERA5_Reanalysis_ECMWF
Bhubaneswar,2022-06-15T07:00,2022,30.8,76,19.0,242.0,35.4,999.5,26.1,ERA5_Reanalysis_ECMWF
Bhubaneswar,2022-06-15T08:00,2022,32.2,69,20.4,430.0,36.4,999.8,25.7,ERA5_Reanalysis_ECMWF
Bhubaneswar,2022-06-15T09:00,2022,33.4,63,20.3,587.0,37.7,999.9,25.5,ERA5_Reanalysis_ECMWF
Bhubaneswar,2022-06-15T10:00,2022,34.5,59,18.4,733.0,39.6,999.6,25.3,ERA5_Reanalysis_ECMWF
Bhubaneswar,2022-06-15T11:00,2022,34.8,58,18.2,799.0,40.2,998.8,25.2,ERA5_Reanalysis_ECMWF
Bhubaneswar,2022-06-15T12:00,2022,33.9,58,17.9,751.0,38.6,998.3,24.4,ERA5_Reanalysis_ECMWF
Bhubaneswar,2022-06-15T13:00,2022,30.2,74,11.6,426.0,35.2,999.5,25.1,ERA5_Reanalysis_ECMWF
Bhubaneswar,2022-06-15T14:00,2022,29.9,75,8.4,221.0,35.4,998.3,25.1,ERA5_Reanalysis_ECMWF
Bhubaneswar,2022-06-15T15:00,2022,30.0,76,4.3,165.0,36.1,996.7,25.2,ERA5_Reanalysis_ECMWF
Bhubaneswar,2022-06-15T16:00,2022,31.3,72,8.8,212.0,37.2,996.0,25.7,ERA5_Reanalysis_ECMWF
Bhubaneswar,2022-06-15T17:00,2022,32.1,64,11.9,161.0,36.7,997.7,24.5,ERA5_Reanalysis_ECMWF
Bhubaneswar,2022-06-15T18:00,2022,30.5,74,17.6,26.0,34.8,998.3,25.3,ERA5_Reanalysis_ECMWF
Bhubaneswar,2022-06-15T19:00,2022,29.2,80,18.0,0.0,33.5,998.4,25.3,ERA5_Reanalysis_ECMWF
Bhubaneswar,2022-06-15T20:00,2022,28.8,82,16.2,0.0,33.4,999.2,25.4,ERA5_Reanalysis_ECMWF
Bhubaneswar,2022-06-15T21:00,2022,28.6,84,15.3,0.0,33.4,1000.0,25.6,ERA5_Reanalysis_ECMWF
Bhubaneswar,2022-06-15T22:00,2022,28.5,85,15.9,0.0,33.3,1000.3,25.7,ERA5_Reanalysis_ECMWF
Bhubaneswar,2022-06-15T23:00,2022,28.3,86,15.8,0.0,33.1,999.9,25.6,ERA5_Reanalysis_ECMWF
Bhubaneswar,2022-06-16T00:00,2022,28.0,87,15.9,0.0,32.8,999.2,25.7,ERA5_Reanalysis_ECMWF
Bhubaneswar,2022-06-16T01:00,2022,27.8,88,15.5,0.0,32.7,998.7,25.6,ERA5_Reanalysis_ECMWF
Bhubaneswar,2022-06-16T02:00,2022,27.9,87,15.0,0.0,32.8,998.7,25.6,ERA5_Reanalysis_ECMWF
Bhubaneswar,2022-06-16T03:00,2022,28.0,86,15.3,0.0,32.8,999.0,25.5,ERA5_Reanalysis_ECMWF
Bhubaneswar,2022-06-16T04:00,2022,28.0,86,14.5,0.0,32.9,999.1,25.5,ERA5_Reanalysis_ECMWF
Bhubaneswar,2022-06-16T05:00,2022,27.7,87,14.4,4.0,32.5,999.4,25.3,ERA5_Reanalysis_ECMWF
Bhubaneswar,2022-06-16T06:00,2022,28.0,84,15.3,71.0,32.5,999.8,25.1,ERA5_Reanalysis_ECMWF
Bhubaneswar,2022-06-16T07:00,2022,29.6,77,19.7,251.0,33.4,1000.2,25.0,ERA5_Reanalysis_ECMWF
Bhubaneswar,2022-06-16T08:00,2022,30.9,70,20.0,374.0,34.6,1000.2,24.9,ERA5_Reanalysis_ECMWF
Bhubaneswar,2022-06-16T09:00,2022,32.5,64,20.1,605.0,36.3,1000.5,24.7,ERA5_Reanalysis_ECMWF
Bhubaneswar,2022-06-16T10:00,2022,33.6,58,19.2,707.0,37.7,1000.0,24.1,ERA5_Reanalysis_ECMWF
Bhubaneswar,2022-06-16T11:00,2022,34.5,54,19.0,809.0,39.0,999.6,23.9,ERA5_Reanalysis_ECMWF
Bhubaneswar,2022-06-16T12:00,2022,34.7,53,19.3,783.0,38.9,998.7,23.8,ERA5_Reanalysis_ECMWF
Bhubaneswar,2022-06-16T13:00,2022,33.6,56,20.6,691.0,37.2,998.1,23.8,ERA5_Reanalysis_ECMWF
Bhubaneswar,2022-06-16T14:00,2022,33.4,60,18.9,650.0,37.5,997.3,24.5,ERA5_Reanalysis_ECMWF
Bhubaneswar,2022-06-16T15:00,2022,33.0,61,17.2,528.0,36.8,997.2,24.4,ERA5_Reanalysis_ECMWF
Bhubaneswar,2022-06-16T16:00,2022,31.6,65,17.6,308.0,35.2,997.4,24.2,ERA5_Reanalysis_ECMWF
Bhubaneswar,2022-06-16T17:00,2022,31.0,69,18.9,147.0,34.6,997.9,24.6,ERA5_Reanalysis_ECMWF
Bhubaneswar,2022-06-16T18:00,2022,29.9,74,16.1,35.0,34.2,998.1,24.9,ERA5_Reanalysis_ECMWF
Bhubaneswar,2022-06-16T19:00,2022,29.5,77,17.3,0.0,33.7,999.0,25.0,ERA5_Reanalysis_ECMWF
Bhubaneswar,2022-06-16T20:00,2022,28.9,81,17.3,0.0,33.3,1000.1,25.4,ERA5_Reanalysis_ECMWF
Bhubaneswar,2022-06-16T21:00,2022,28.8,83,17.1,0.0,33.4,1000.7,25.6,ERA5_Reanalysis_ECMWF
Bhubaneswar,2022-06-16T22:00,2022,28.8,82,17.6,0.0,33.2,1000.8,25.4,ERA5_Reanalysis_ECMWF
Bhubaneswar,2022-06-16T23:00,2022,28.7,83,18.4,0.0,33.0,1000.5,25.5,ERA5_Reanalysis_ECMWF
Bhubaneswar,2022-06-17T00:00,2022,28.5,85,19.3,0.0,32.8,999.9,25.7,ERA5_Reanalysis_ECMWF
Bhubaneswar,2022-06-17T01:00,2022,28.3,86,19.0,0.0,32.7,999.5,25.7,ERA5_Reanalysis_ECMWF
Bhubaneswar,2022-06-17T02:00,2022,28.2,86,18.5,0.0,32.6,999.2,25.6,ERA5_Reanalysis_ECMWF
Bhubaneswar,2022-06-17T03:00,2022,28.0,86,18.0,0.0,32.4,998.9,25.5,ERA5_Reanalysis_ECMWF
Bhubaneswar,2022-06-17T04:00,2022,28.0,86,19.0,0.0,32.1,999.0,25.4,ERA5_Reanalysis_ECMWF
Bhubaneswar,2022-06-17T05:00,2022,28.4,84,17.9,3.0,32.9,998.9,25.5,ERA5_Reanalysis_ECMWF
Bhubaneswar,2022-06-17T06:00,2022,29.1,81,19.3,63.0,33.4,999.6,25.6,ERA5_Reanalysis_ECMWF
Bhubaneswar,2022-06-17T07:00,2022,30.1,74,23.3,180.0,33.4,1000.2,25.0,ERA5_Reanalysis_ECMWF
Bhubaneswar,2022-06-17T08:00,2022,31.2,68,25.8,344.0,33.9,1000.7,24.7,ERA5_Reanalysis_ECMWF
Bhubaneswar,2022-06-17T09:00,2022,32.1,65,25.6,530.0,34.9,1001.1,24.8,ERA5_Reanalysis_ECMWF
Bhubaneswar,2022-06-17T10:00,2022,31.8,66,25.4,584.0,34.7,1001.2,24.7,ERA5_Reanalysis_ECMWF
Bhubaneswar,2022-06-17T11:00,2022,32.4,61,25.9,518.0,34.6,1000.6,23.8,ERA5_Reanalysis_ECMWF
Bhubaneswar,2022-06-17T12:00,2022,33.5,55,27.9,702.0,35.7,999.3,23.3,ERA5_Reanalysis_ECMWF
Bhubaneswar,2022-06-17T13:00,2022,32.7,63,24.2,707.0,36.5,998.9,24.8,ERA5_Reanalysis_ECMWF
Bhubaneswar,2022-06-17T14:00,2022,32.5,61,24.3,478.0,35.1,998.9,24.1,ERA5_Reanalysis_ECMWF
Bhubaneswar,2022-06-17T15:00,2022,32.3,59,24.8,398.0,34.4,998.3,23.4,ERA5_Reanalysis_ECMWF
Bhubaneswar,2022-06-17T16:00,2022,31.1,67,21.5,284.0,34.1,998.8,24.2,ERA5_Reanalysis_ECMWF
Bhubaneswar,2022-06-17T17:00,2022,30.6,71,20.3,112.0,34.1,998.7,24.6,ERA5_Reanalysis_ECMWF
Bhubaneswar,2022-06-17T18:00,2022,29.7,76,17.5,23.0,33.9,999.2,25.0,ERA5_Reanalysis_ECMWF
Bhubaneswar,2022-06-17T19:00,2022,29.3,79,16.9,0.0,33.7,999.7,25.3,ERA5_Reanalysis_ECMWF
Bhubaneswar,2022-06-17T20:00,2022,28.9,82,17.6,0.0,33.3,1000.1,25.4,ERA5_Reanalysis_ECMWF
Bhubaneswar,2022-06-17T21:00,2022,28.5,83,15.1,0.0,33.2,1001.7,25.3,ERA5_Reanalysis_ECMWF
Bhubaneswar,2022-06-17T22:00,2022,28.3,85,14.0,0.0,33.3,1001.0,25.5,ERA5_Reanalysis_ECMWF
Bhubaneswar,2022-06-17T23:00,2022,28.3,86,12.1,0.0,33.7,1000.8,25.7,ERA5_Reanalysis_ECMWF
Bhubaneswar,2022-06-18T00:00,2022,28.2,87,13.2,0.0,33.5,1000.0,25.8,ERA5_Reanalysis_ECMWF
Bhubaneswar,2022-06-18T01:00,2022,28.0,87,16.4,0.0,32.8,999.7,25.7,ERA5_Reanalysis_ECMWF
Bhubaneswar,2022-06-18T02:00,2022,27.9,88,17.5,0.0,32.5,999.4,25.7,ERA5_Reanalysis_ECMWF
Bhubaneswar,2022-06-18T03:00,2022,27.8,88,17.2,0.0,32.4,999.5,25.6,ERA5_Reanalysis_ECMWF
Bhubaneswar,2022-06-18T04:00,2022,27.9,86,17.4,0.0,32.3,999.6,25.4,ERA5_Reanalysis_ECMWF
Bhubaneswar,2022-06-18T05:00,2022,28.4,83,18.7,3.0,32.5,999.7,25.2,ERA5_Reanalysis_ECMWF
Bhubaneswar,2022-06-18T06:00,2022,29.2,79,20.5,66.0,33.1,1000.7,25.3,ERA5_Reanalysis_ECMWF
Bhubaneswar,2022-06-18T07:00,2022,30.2,74,22.7,194.0,33.6,1001.2,25.0,ERA5_Reanalysis_ECMWF
Bhubaneswar,2022-06-18T08:00,2022,31.3,68,24.5,388.0,34.2,1001.3,24.7,ERA5_Reanalysis_ECMWF
Bhubaneswar,2022-06-18T09:00,2022,32.1,63,25.6,556.0,34.6,1001.2,24.2,ERA5_Reanalysis_ECMWF
Bhubaneswar,2022-06-18T10:00,2022,32.9,59,25.0,687.0,35.9,1000.9,23.9,ERA5_Reanalysis_ECMWF
Bhubaneswar,2022-06-18T11:00,2022,33.5,57,23.8,741.0,36.8,1000.6,23.7,ERA5_Reanalysis_ECMWF
Bhubaneswar,2022-06-18T12:00,2022,33.9,54,25.3,828.0,37.0,999.7,23.2,ERA5_Reanalysis_ECMWF
Bhubaneswar,2022-06-18T13:00,2022,33.8,53,27.4,778.0,36.1,998.7,22.8,ERA5_Reanalysis_ECMWF
Bhubaneswar,2022-06-18T14:00,2022,33.6,54,25.0,598.0,35.6,998.7,23.0,ERA5_Reanalysis_ECMWF
Bhubaneswar,2022-06-18T15:00,2022,32.8,59,22.1,383.0,35.4,998.0,23.6,ERA5_Reanalysis_ECMWF
Bhubaneswar,2022-06-18T16:00,2022,32.2,61,20.9,300.0,35.1,997.9,23.7,ERA5_Reanalysis_ECMWF
Bhubaneswar,2022-06-18T17:00,2022,29.8,74,14.1,132.0,34.2,999.1,24.7,ERA5_Reanalysis_ECMWF
Bhubaneswar,2022-06-18T18:00,2022,29.5,76,13.6,16.0,34.0,999.4,24.7,ERA5_Reanalysis_ECMWF
Bhubaneswar,2022-06-18T19:00,2022,29.1,78,15.4,0.0,33.5,1000.1,24.9,ERA5_Reanalysis_ECMWF
Bhubaneswar,2022-06-18T20:00,2022,28.7,81,12.8,0.0,33.6,1000.6,25.1,ERA5_Reanalysis_ECMWF
Bhubaneswar,2022-06-18T21:00,2022,28.5,83,12.1,0.0,33.6,1000.7,25.3,ERA5_Reanalysis_ECMWF
Bhubaneswar,2022-06-18T22:00,2022,28.4,84,12.2,0.0,33.6,1001.0,25.5,ERA5_Reanalysis_ECMWF
Bhubaneswar,2022-06-18T23:00,2022,28.2,85,12.5,0.0,33.4,1000.6,25.5,ERA5_Reanalysis_ECMWF
Bhubaneswar,2022-06-19T00:00,2022,28.1,86,12.4,0.0,33.4,1000.2,25.5,ERA5_Reanalysis_ECMWF
Bhubaneswar,2022-06-19T01:00,2022,28.0,86,11.9,0.0,33.3,999.6,25.5,ERA5_Reanalysis_ECMWF
Bhubaneswar,2022-06-19T02:00,2022,27.8,87,11.1,0.0,33.2,999.3,25.5,ERA5_Reanalysis_ECMWF
Bhubaneswar,2022-06-19T03:00,2022,27.7,88,12.6,0.0,33.0,999.3,25.6,ERA5_Reanalysis_ECMWF
Bhubaneswar,2022-06-19T04:00,2022,27.7,89,14.2,0.0,32.8,999.4,25.7,ERA5_Reanalysis_ECMWF
Bhubaneswar,2022-06-19T05:00,2022,28.1,87,12.6,2.0,33.5,999.3,25.8,ERA5_Reanalysis_ECMWF
Bhubaneswar,2022-06-19T06:00,2022,29.0,83,15.7,51.0,33.9,999.8,25.8,ERA5_Reanalysis_ECMWF
Bhubaneswar,2022-06-19T07:00,2022,30.1,77,18.4,192.0,34.5,1000.3,25.7,ERA5_Reanalysis_ECMWF
Bhubaneswar,2022-06-19T08:00,2022,31.3,71,19.5,397.0,35.4,1000.6,25.3,ERA5_Reanalysis_ECMWF
Bhubaneswar,2022-06-19T09:00,2022,32.5,65,18.0,590.0,36.7,1000.2,25.0,ERA5_Reanalysis_ECMWF
Bhubaneswar,2022-06-19T10:00,2022,33.0,62,17.0,650.0,37.7,999.9,24.9,ERA5_Reanalysis_ECMWF
Bhubaneswar,2022-06-19T11:00,2022,33.7,60,17.8,736.0,38.6,999.1,24.9,ERA5_Reanalysis_ECMWF
Bhubaneswar,2022-06-19T12:00,2022,33.2,61,19.9,743.0,37.9,998.3,24.8,ERA5_Reanalysis_ECMWF
Bhubaneswar,2022-06-19T13:00,2022,32.7,61,20.5,716.0,36.7,997.8,24.3,ERA5_Reanalysis_ECMWF
Bhubaneswar,2022-06-19T14:00,2022,33.5,61,18.4,568.0,37.6,996.8,25.0,ERA5_Reanalysis_ECMWF
Bhubaneswar,2022-06-19T15:00,2022,31.9,67,15.5,412.0,36.4,997.3,25.1,ERA5_Reanalysis_ECMWF
Bhubaneswar,2022-06-19T16:00,2022,28.6,82,13.4,153.0,33.5,998.6,25.2,ERA5_Reanalysis_ECMWF
Bhubaneswar,2022-06-19T17:00,2022,27.3,87,11.6,21.0,32.3,998.2,25.0,ERA5_Reanalysis_ECMWF
Bhubaneswar,2022-06-19T18:00,2022,26.8,92,15.9,8.0,31.4,998.4,25.4,ERA5_Reanalysis_ECMWF
Bhubaneswar,2022-06-19T19:00,2022,26.7,93,11.2,0.0,32.1,999.2,25.5,ERA5_Reanalysis_ECMWF
Bhubaneswar,2022-06-19T20:00,2022,26.7,93,7.9,0.0,32.6,999.9,25.5,ERA5_Reanalysis_ECMWF
Bhubaneswar,2022-06-19T21:00,2022,26.7,92,10.9,0.0,32.1,1000.1,25.4,ERA5_Reanalysis_ECMWF
Bhubaneswar,2022-06-19T22:00,2022,26.8,92,10.3,0.0,32.2,1000.0,25.4,ERA5_Reanalysis_ECMWF
Bhubaneswar,2022-06-19T23:00,2022,26.9,92,11.5,0.0,32.3,999.6,25.6,ERA5_Reanalysis_ECMWF
Bhubaneswar,2022-06-20T00:00,2022,26.8,94,10.7,0.0,32.4,998.8,25.7,ERA5_Reanalysis_ECMWF
Bhubaneswar,2022-06-20T01:00,2022,26.5,94,11.7,0.0,31.9,998.1,25.5,ERA5_Reanalysis_ECMWF
Bhubaneswar,2022-06-20T02:00,2022,26.5,94,10.3,0.0,32.0,997.9,25.4,ERA5_Reanalysis_ECMWF
Bhubaneswar,2022-06-20T03:00,2022,26.4,93,9.9,0.0,31.9,997.4,25.3,ERA5_Reanalysis_ECMWF
Bhubaneswar,2022-06-20T04:00,2022,26.5,94,8.9,0.0,32.1,997.5,25.4,ERA5_Reanalysis_ECMWF
Bhubaneswar,2022-06-20T05:00,2022,26.4,93,9.7,3.0,31.7,997.4,25.1,ERA5_Reanalysis_ECMWF
Bhubaneswar,2022-06-20T06:00,2022,27.4,90,9.1,79.0,33.2,998.1,25.6,ERA5_Reanalysis_ECMWF
Bhubaneswar,2022-06-20T07:00,2022,28.6,85,10.7,193.0,34.3,998.6,25.9,ERA5_Reanalysis_ECMWF
Bhubaneswar,2022-06-20T08:00,2022,29.4,81,13.1,203.0,34.7,998.8,25.8,ERA5_Reanalysis_ECMWF
Bhubaneswar,2022-06-20T09:00,2022,30.7,75,14.9,392.0,35.8,998.6,25.8,ERA5_Reanalysis_ECMWF
Bhubaneswar,2022-06-20T10:00,2022,31.9,69,16.4,573.0,36.7,998.3,25.6,ERA5_Reanalysis_ECMWF
Bhubaneswar,2022-06-20T11:00,2022,32.1,68,16.2,511.0,36.7,997.5,25.4,ERA5_Reanalysis_ECMWF
Bhubaneswar,2022-06-20T12:00,2022,32.0,67,15.0,529.0,36.7,996.5,25.2,ERA5_Reanalysis_ECMWF
Bhubaneswar,2022-06-20T13:00,2022,32.0,67,14.5,629.0,37.1,996.1,25.2,ERA5_Reanalysis_ECMWF
Bhubaneswar,2022-06-20T14:00,2022,30.3,77,10.9,333.0,35.9,995.6,25.7,ERA5_Reanalysis_ECMWF
Bhubaneswar,2022-06-20T15:00,2022,29.2,85,5.6,222.0,35.9,994.6,26.3,ERA5_Reanalysis_ECMWF
Bhubaneswar,2022-06-20T16:00,2022,27.5,87,8.2,233.0,33.1,995.6,25.1,ERA5_Reanalysis_ECMWF
Bhubaneswar,2022-06-20T17:00,2022,28.0,82,8.9,69.0,33.1,995.6,24.6,ERA5_Reanalysis_ECMWF
Bhubaneswar,2022-06-20T18:00,2022,27.5,85,7.6,19.0,32.8,995.9,24.7,ERA5_Reanalysis_ECMWF
Bhubaneswar,2022-06-20T19:00,2022,27.4,87,10.0,0.0,32.7,996.9,25.0,ERA5_Reanalysis_ECMWF
Bhubaneswar,2022-06-20T20:00,2022,27.5,89,14.7,0.0,32.4,997.4,25.6,ERA5_Reanalysis_ECMWF
Bhubaneswar,2022-06-20T21:00,2022,27.6,89,15.6,0.0,32.4,997.8,25.6,ERA5_Reanalysis_ECMWF
Bhubaneswar,2022-06-20T22:00,2022,27.4,90,15.9,0.0,32.2,997.4,25.6,ERA5_Reanalysis_ECMWF
Bhubaneswar,2022-06-20T23:00,2022,27.1,93,14.7,0.0,32.3,996.3,25.9,ERA5_Reanalysis_ECMWF
Bhubaneswar,2022-06-21T00:00,2022,26.9,93,12.2,0.0,32.2,995.7,25.7,ERA5_Reanalysis_ECMWF
Bhubaneswar,2022-06-21T01:00,2022,26.6,94,10.4,0.0,32.1,995.3,25.5,ERA5_Reanalysis_ECMWF
Bhubaneswar,2022-06-21T02:00,2022,26.3,95,9.2,0.0,32.0,995.1,25.5,ERA5_Reanalysis_ECMWF
Bhubaneswar,2022-06-21T03:00,2022,26.0,97,6.5,0.0,32.1,994.9,25.4,ERA5_Reanalysis_ECMWF
Bhubaneswar,2022-06-21T04:00,2022,25.8,98,5.1,0.0,32.1,994.7,25.4,ERA5_Reanalysis_ECMWF
Bhubaneswar,2022-06-21T05:00,2022,25.9,95,9.7,4.0,31.2,995.3,25.0,ERA5_Reanalysis_ECMWF
Bhubaneswar,2022-06-21T06:00,2022,27.0,90,9.2,91.0,32.6,996.0,25.3,ERA5_Reanalysis_ECMWF
Bhubaneswar,2022-06-21T07:00,2022,28.6,83,8.3,272.0,34.3,996.4,25.4,ERA5_Reanalysis_ECMWF
Bhubaneswar,2022-06-21T08:00,2022,30.1,73,11.0,453.0,35.1,996.7,24.8,ERA5_Reanalysis_ECMWF
Bhubaneswar,2022-06-21T09:00,2022,31.2,67,13.1,624.0,35.9,997.1,24.3,ERA5_Reanalysis_ECMWF
Bhubaneswar,2022-06-21T10:00,2022,31.5,66,10.2,664.0,37.0,996.8,24.5,ERA5_Reanalysis_ECMWF
Bhubaneswar,2022-06-21T11:00,2022,31.1,67,10.2,432.0,35.8,996.2,24.2,ERA5_Reanalysis_ECMWF
Bhubaneswar,2022-06-21T12:00,2022,31.7,66,8.8,609.0,37.2,995.5,24.6,ERA5_Reanalysis_ECMWF
Bhubaneswar,2022-06-21T13:00,2022,28.7,78,19.2,550.0,32.2,995.2,24.4,ERA5_Reanalysis_ECMWF
Bhubaneswar,2022-06-21T14:00,2022,28.7,81,13.6,297.0,33.4,994.2,25.0,ERA5_Reanalysis_ECMWF
Bhubaneswar,2022-06-21T15:00,2022,29.6,78,14.6,400.0,34.3,994.1,25.3,ERA5_Reanalysis_ECMWF
Bhubaneswar,2022-06-21T16:00,2022,29.9,75,11.7,280.0,34.9,993.6,24.9,ERA5_Reanalysis_ECMWF
Bhubaneswar,2022-06-21T17:00,2022,30.7,71,8.8,147.0,36.0,993.2,24.8,ERA5_Reanalysis_ECMWF
Bhubaneswar,2022-06-21T18:00,2022,29.4,78,5.9,34.0,35.3,994.2,25.1,ERA5_Reanalysis_ECMWF
Bhubaneswar,2022-06-21T19:00,2022,28.5,82,6.0,0.0,34.4,995.1,25.1,ERA5_Reanalysis_ECMWF
Bhubaneswar,2022-06-21T20:00,2022,28.0,84,7.9,0.0,33.6,996.3,25.1,ERA5_Reanalysis_ECMWF
Bhubaneswar,2022-06-21T21:00,2022,27.5,88,8.7,0.0,33.2,997.0,25.4,ERA5_Reanalysis_ECMWF
Bhubaneswar,2022-06-21T22:00,2022,27.3,91,7.1,0.0,33.4,997.2,25.6,ERA5_Reanalysis_ECMWF
Bhubaneswar,2022-06-21T23:00,2022,27.0,92,5.2,0.0,33.4,996.9,25.7,ERA5_Reanalysis_ECMWF
Bhubaneswar,2022-06-22T00:00,2022,26.9,93,6.0,0.0,33.2,996.5,25.7,ERA5_Reanalysis_ECMWF
Bhubaneswar,2022-06-22T01:00,2022,26.6,95,8.1,0.0,32.6,995.8,25.7,ERA5_Reanalysis_ECMWF
Bhubaneswar,2022-06-22T02:00,2022,26.4,97,7.7,0.0,32.5,995.5,25.8,ERA5_Reanalysis_ECMWF
Bhubaneswar,2022-06-22T03:00,2022,26.2,98,5.7,0.0,32.6,995.6,25.8,ERA5_Reanalysis_ECMWF
Bhubaneswar,2022-06-22T04:00,2022,25.9,99,7.2,0.0,32.1,995.9,25.7,ERA5_Reanalysis_ECMWF
Bhubaneswar,2022-06-22T05:00,2022,26.7,95,6.6,3.0,33.0,996.4,25.8,ERA5_Reanalysis_ECMWF
Bhubaneswar,2022-06-22T06:00,2022,28.0,89,6.3,87.0,34.5,997.2,26.0,ERA5_Reanalysis_ECMWF
Bhubaneswar,2022-06-22T07:00,2022,29.5,79,8.8,253.0,35.2,997.7,25.4,ERA5_Reanalysis_ECMWF
Bhubaneswar,2022-06-22T08:00,2022,30.9,71,7.6,467.0,36.6,998.4,25.1,ERA5_Reanalysis_ECMWF
Bhubaneswar,2022-06-22T09:00,2022,32.1,66,7.4,648.0,38.4,998.8,25.1,ERA5_Reanalysis_ECMWF
Bhubaneswar,2022-06-22T10:00,2022,32.5,62,8.9,724.0,38.5,998.5,24.3,ERA5_Reanalysis_ECMWF
Bhubaneswar,2022-06-22T11:00,2022,30.1,71,11.9,506.0,34.6,998.3,24.3,ERA5_Reanalysis_ECMWF
Bhubaneswar,2022-06-22T12:00,2022,31.5,70,8.2,691.0,38.1,997.8,25.3,ERA5_Reanalysis_ECMWF
Bhubaneswar,2022-06-22T13:00,2022,33.0,64,6.9,750.0,40.0,996.6,25.2,ERA5_Reanalysis_ECMWF
Bhubaneswar,2022-06-22T14:00,2022,31.1,70,10.8,631.0,36.7,996.3,25.0,ERA5_Reanalysis_ECMWF
Bhubaneswar,2022-06-22T15:00,2022,31.3,69,8.9,355.0,36.6,995.7,24.9,ERA5_Reanalysis_ECMWF
Bhubaneswar,2022-06-22T16:00,2022,31.4,66,12.1,342.0,35.9,995.6,24.4,ERA5_Reanalysis_ECMWF
Bhubaneswar,2022-06-22T17:00,2022,29.1,77,4.7,189.0,34.8,997.2,24.6,ERA5_Reanalysis_ECMWF
Bhubaneswar,2022-06-22T18:00,2022,28.5,80,3.1,28.0,34.6,997.9,24.8,ERA5_Reanalysis_ECMWF
Bhubaneswar,2022-06-22T19:00,2022,28.2,86,1.1,0.0,35.1,998.9,25.6,ERA5_Reanalysis_ECMWF
Bhubaneswar,2022-06-22T20:00,2022,28.0,84,2.7,0.0,34.3,999.5,25.1,ERA5_Reanalysis_ECMWF
Bhubaneswar,2022-06-22T21:00,2022,27.4,89,6.9,0.0,33.4,1000.1,25.4,ERA5_Reanalysis_ECMWF
Bhubaneswar,2022-06-22T22:00,2022,27.2,92,7.2,0.0,33.3,1000.1,25.8,ERA5_Reanalysis_ECMWF
Bhubaneswar,2022-06-22T23:00,2022,26.9,94,6.5,0.0,33.2,999.7,25.8,ERA5_Reanalysis_ECMWF
Bhubaneswar,2022-06-23T00:00,2022,26.7,95,5.8,0.0,33.1,999.4,25.8,ERA5_Reanalysis_ECMWF
Bhubaneswar,2022-06-23T01:00,2022,26.6,95,5.8,0.0,32.9,999.1,25.7,ERA5_Reanalysis_ECMWF
Bhubaneswar,2022-06-23T02:00,2022,26.5,93,6.4,0.0,32.5,998.9,25.3,ERA5_Reanalysis_ECMWF
Bhubaneswar,2022-06-23T03:00,2022,26.3,91,8.0,0.0,31.7,998.6,24.8,ERA5_Reanalysis_ECMWF
Bhubaneswar,2022-06-23T04:00,2022,26.2,91,10.4,0.0,31.2,999.0,24.7,ERA5_Reanalysis_ECMWF
Bhubaneswar,2022-06-23T05:00,2022,24.6,94,13.4,3.0,28.5,999.6,23.7,ERA5_Reanalysis_ECMWF
Bhubaneswar,2022-06-23T06:00,2022,25.5,93,5.8,35.0,30.9,999.5,24.3,ERA5_Reanalysis_ECMWF
Bhubaneswar,2022-06-23T07:00,2022,27.1,87,9.5,185.0,32.2,999.6,24.7,ERA5_Reanalysis_ECMWF
Bhubaneswar,2022-06-23T08:00,2022,29.3,79,12.8,406.0,34.3,999.9,25.3,ERA5_Reanalysis_ECMWF
Bhubaneswar,2022-06-23T09:00,2022,30.6,74,9.4,527.0,36.2,1000.1,25.5,ERA5_Reanalysis_ECMWF
Bhubaneswar,2022-06-23T10:00,2022,31.5,71,10.3,653.0,37.6,999.8,25.5,ERA5_Reanalysis_ECMWF
Bhubaneswar,2022-06-23T11:00,2022,32.2,66,9.4,696.0,38.4,998.7,25.0,ERA5_Reanalysis_ECMWF
Bhubaneswar,2022-06-23T12:00,2022,32.4,64,10.1,539.0,37.4,997.8,24.7,ERA5_Reanalysis_ECMWF
Bhubaneswar,2022-06-23T13:00,2022,30.8,68,15.1,387.0,34.8,997.3,24.3,ERA5_Reanalysis_ECMWF
Bhubaneswar,2022-06-23T14:00,2022,29.0,79,9.4,353.0,34.3,996.8,25.0,ERA5_Reanalysis_ECMWF
Bhubaneswar,2022-06-23T15:00,2022,29.2,76,9.9,389.0,34.1,996.7,24.4,ERA5_Reanalysis_ECMWF
Bhubaneswar,2022-06-23T16:00,2022,28.4,80,9.2,223.0,33.5,996.5,24.6,ERA5_Reanalysis_ECMWF
Bhubaneswar,2022-06-23T17:00,2022,26.5,89,15.8,119.0,30.6,997.7,24.6,ERA5_Reanalysis_ECMWF
Bhubaneswar,2022-06-23T18:00,2022,26.3,90,8.9,10.0,31.4,998.0,24.6,ERA5_Reanalysis_ECMWF
Bhubaneswar,2022-06-23T19:00,2022,26.4,90,6.6,0.0,31.9,998.3,24.7,ERA5_Reanalysis_ECMWF
Bhubaneswar,2022-06-23T20:00,2022,26.4,93,4.5,0.0,32.5,999.0,25.1,ERA5_Reanalysis_ECMWF
Bhubaneswar,2022-06-23T21:00,2022,26.4,94,5.6,0.0,32.6,998.8,25.4,ERA5_Reanalysis_ECMWF
Bhubaneswar,2022-06-23T22:00,2022,26.5,95,7.7,0.0,32.5,999.1,25.6,ERA5_Reanalysis_ECMWF
Bhubaneswar,2022-06-23T23:00,2022,26.2,96,6.5,0.0,32.3,998.7,25.5,ERA5_Reanalysis_ECMWF
Bhubaneswar,2022-06-24T00:00,2022,26.1,96,5.0,0.0,32.3,998.2,25.4,ERA5_Reanalysis_ECMWF
Bhubaneswar,2022-06-24T01:00,2022,25.9,97,4.5,0.0,32.1,997.6,25.3,ERA5_Reanalysis_ECMWF
Bhubaneswar,2022-06-24T02:00,2022,25.4,98,3.7,0.0,31.5,997.5,25.0,ERA5_Reanalysis_ECMWF
Bhubaneswar,2022-06-24T03:00,2022,25.4,98,3.3,0.0,31.7,998.2,25.1,ERA5_Reanalysis_ECMWF
Bhubaneswar,2022-06-24T04:00,2022,25.3,97,6.8,0.0,30.9,997.2,24.8,ERA5_Reanalysis_ECMWF
Bhubaneswar,2022-06-24T05:00,2022,26.5,93,6.8,1.0,32.4,998.2,25.3,ERA5_Reanalysis_ECMWF
Bhubaneswar,2022-06-24T06:00,2022,26.8,95,7.2,32.0,33.1,998.2,25.9,ERA5_Reanalysis_ECMWF
Bhubaneswar,2022-06-24T07:00,2022,27.9,87,6.1,149.0,34.1,998.4,25.6,ERA5_Reanalysis_ECMWF
Bhubaneswar,2022-06-24T08:00,2022,29.0,81,9.9,316.0,34.5,999.0,25.4,ERA5_Reanalysis_ECMWF
Bhubaneswar,2022-06-24T09:00,2022,30.0,76,8.7,439.0,35.5,998.9,25.2,ERA5_Reanalysis_ECMWF
Bhubaneswar,2022-06-24T10:00,2022,30.7,73,8.1,502.0,36.4,998.8,25.2,ERA5_Reanalysis_ECMWF
Bhubaneswar,2022-06-24T11:00,2022,30.7,72,8.4,496.0,36.3,997.9,25.1,ERA5_Reanalysis_ECMWF
Bhubaneswar,2022-06-24T12:00,2022,32.0,66,8.1,691.0,38.2,996.9,24.8,ERA5_Reanalysis_ECMWF
Bhubaneswar,2022-06-24T13:00,2022,28.7,78,12.2,583.0,33.5,996.5,24.5,ERA5_Reanalysis_ECMWF
Bhubaneswar,2022-06-24T14:00,2022,28.0,81,11.2,311.0,32.6,996.2,24.4,ERA5_Reanalysis_ECMWF
Bhubaneswar,2022-06-24T15:00,2022,27.3,86,0.5,267.0,33.7,995.1,24.7,ERA5_Reanalysis_ECMWF
Bhubaneswar,2022-06-24T16:00,2022,27.9,86,8.7,122.0,33.5,994.5,25.3,ERA5_Reanalysis_ECMWF
Bhubaneswar,2022-06-24T17:00,2022,27.1,87,4.8,91.0,32.9,995.0,24.8,ERA5_Reanalysis_ECMWF
Bhubaneswar,2022-06-24T18:00,2022,26.5,91,1.8,22.0,32.9,995.5,25.0,ERA5_Reanalysis_ECMWF
Bhubaneswar,2022-06-24T19:00,2022,26.3,93,3.6,0.0,32.6,996.3,25.1,ERA5_Reanalysis_ECMWF
Bhubaneswar,2022-06-24T20:00,2022,26.5,94,6.9,0.0,32.6,996.7,25.5,ERA5_Reanalysis_ECMWF
Bhubaneswar,2022-06-24T21:00,2022,26.6,95,8.7,0.0,32.5,997.0,25.7,ERA5_Reanalysis_ECMWF
Bhubaneswar,2022-06-24T22:00,2022,26.7,96,8.4,0.0,32.8,997.0,25.9,ERA5_Reanalysis_ECMWF
Bhubaneswar,2022-06-24T23:00,2022,26.6,97,6.5,0.0,33.1,996.6,26.0,ERA5_Reanalysis_ECMWF
Bhubaneswar,2022-06-25T00:00,2022,26.6,97,5.3,0.0,33.2,995.8,26.0,ERA5_Reanalysis_ECMWF
Bhubaneswar,2022-06-25T01:00,2022,26.4,98,4.3,0.0,33.1,995.1,26.0,ERA5_Reanalysis_ECMWF
Bhubaneswar,2022-06-25T02:00,2022,26.4,98,4.1,0.0,33.1,994.9,26.0,ERA5_Reanalysis_ECMWF
Bhubaneswar,2022-06-25T03:00,2022,25.2,95,10.1,0.0,30.0,995.1,24.3,ERA5_Reanalysis_ECMWF
Bhubaneswar,2022-06-25T04:00,2022,25.2,95,3.6,0.0,31.0,995.2,24.4,ERA5_Reanalysis_ECMWF
Bhubaneswar,2022-06-25T05:00,2022,25.1,96,0.8,1.0,31.3,995.5,24.4,ERA5_Reanalysis_ECMWF
Bhubaneswar,2022-06-25T06:00,2022,25.9,94,4.4,61.0,31.9,996.7,24.9,ERA5_Reanalysis_ECMWF
Bhubaneswar,2022-06-25T07:00,2022,26.7,89,4.6,111.0,32.6,996.5,24.8,ERA5_Reanalysis_ECMWF
Bhubaneswar,2022-06-25T08:00,2022,27.9,86,6.8,413.0,33.8,996.9,25.3,ERA5_Reanalysis_ECMWF
Bhubaneswar,2022-06-25T09:00,2022,29.1,80,3.8,526.0,35.3,996.6,25.2,ERA5_Reanalysis_ECMWF
Bhubaneswar,2022-06-25T10:00,2022,30.3,75,7.2,702.0,37.1,996.3,25.3,ERA5_Reanalysis_ECMWF
Bhubaneswar,2022-06-25T11:00,2022,31.1,68,6.5,545.0,36.4,995.3,24.4,ERA5_Reanalysis_ECMWF
Bhubaneswar,2022-06-25T12:00,2022,27.9,80,18.0,416.0,31.4,995.2,24.1,ERA5_Reanalysis_ECMWF
Bhubaneswar,2022-06-25T13:00,2022,28.6,82,6.6,432.0,34.5,994.5,25.2,ERA5_Reanalysis_ECMWF
Bhubaneswar,2022-06-25T14:00,2022,30.0,76,7.8,453.0,35.8,993.4,25.4,ERA5_Reanalysis_ECMWF
Bhubaneswar,2022-06-25T15:00,2022,30.6,72,10.1,455.0,35.8,992.6,24.9,ERA5_Reanalysis_ECMWF
Bhubaneswar,2022-06-25T16:00,2022,29.3,75,12.2,319.0,33.8,992.6,24.4,ERA5_Reanalysis_ECMWF
Bhubaneswar,2022-06-25T17:00,2022,29.7,74,8.7,161.0,34.8,993.1,24.6,ERA5_Reanalysis_ECMWF
Bhubaneswar,2022-06-25T18:00,2022,28.8,77,10.9,40.0,33.6,993.8,24.4,ERA5_Reanalysis_ECMWF
Bhubaneswar,2022-06-25T19:00,2022,28.0,82,15.4,0.0,32.2,994.9,24.7,ERA5_Reanalysis_ECMWF
Bhubaneswar,2022-06-25T20:00,2022,27.4,87,12.1,0.0,32.3,995.6,25.0,ERA5_Reanalysis_ECMWF
Bhubaneswar,2022-06-25T21:00,2022,27.1,88,10.8,0.0,32.3,996.3,25.0,ERA5_Reanalysis_ECMWF
Bhubaneswar,2022-06-25T22:00,2022,27.1,89,10.0,0.0,32.4,996.6,25.1,ERA5_Reanalysis_ECMWF
Bhubaneswar,2022-06-25T23:00,2022,27.0,90,10.4,0.0,32.3,996.4,25.2,ERA5_Reanalysis_ECMWF
Bhubaneswar,2022-06-26T00:00,2022,26.9,90,11.0,0.0,32.1,995.7,25.1,ERA5_Reanalysis_ECMWF
Bhubaneswar,2022-06-26T01:00,2022,26.6,91,9.4,0.0,32.0,995.3,25.1,ERA5_Reanalysis_ECMWF
Bhubaneswar,2022-06-26T02:00,2022,26.3,93,8.2,0.0,31.8,995.0,25.0,ERA5_Reanalysis_ECMWF
Bhubaneswar,2022-06-26T03:00,2022,26.0,95,6.5,0.0,31.7,995.2,25.0,ERA5_Reanalysis_ECMWF
Bhubaneswar,2022-06-26T04:00,2022,25.8,95,5.2,0.0,31.7,995.3,25.0,ERA5_Reanalysis_ECMWF
Bhubaneswar,2022-06-26T05:00,2022,26.7,91,6.9,3.0,32.5,996.0,25.1,ERA5_Reanalysis_ECMWF
Bhubaneswar,2022-06-26T06:00,2022,27.9,87,8.1,77.0,33.8,996.9,25.5,ERA5_Reanalysis_ECMWF
Bhubaneswar,2022-06-26T07:00,2022,29.5,77,16.1,266.0,33.8,997.2,25.0,ERA5_Reanalysis_ECMWF
Bhubaneswar,2022-06-26T08:00,2022,29.6,74,16.9,436.0,33.5,997.6,24.5,ERA5_Reanalysis_ECMWF
Bhubaneswar,2022-06-26T09:00,2022,30.6,74,14.1,526.0,35.5,998.1,25.4,ERA5_Reanalysis_ECMWF
Bhubaneswar,2022-06-26T10:00,2022,31.7,70,15.5,786.0,37.8,998.1,25.6,ERA5_Reanalysis_ECMWF
Bhubaneswar,2022-06-26T11:00,2022,32.4,68,15.8,828.0,38.7,997.7,25.7,ERA5_Reanalysis_ECMWF
Bhubaneswar,2022-06-26T12:00,2022,32.7,66,17.3,854.0,38.7,997.1,25.4,ERA5_Reanalysis_ECMWF
Bhubaneswar,2022-06-26T13:00,2022,31.8,68,18.0,660.0,36.5,996.5,25.2,ERA5_Reanalysis_ECMWF
Bhubaneswar,2022-06-26T14:00,2022,31.6,70,19.1,650.0,36.3,995.9,25.4,ERA5_Reanalysis_ECMWF
Bhubaneswar,2022-06-26T15:00,2022,31.3,67,18.7,518.0,34.9,995.7,24.5,ERA5_Reanalysis_ECMWF
Bhubaneswar,2022-06-26T16:00,2022,30.5,71,20.2,355.0,34.0,995.7,24.6,ERA5_Reanalysis_ECMWF
Bhubaneswar,2022-06-26T17:00,2022,30.6,70,14.9,191.0,34.8,995.8,24.5,ERA5_Reanalysis_ECMWF
Bhubaneswar,2022-06-26T18:00,2022,29.1,78,14.5,42.0,33.7,996.8,24.9,ERA5_Reanalysis_ECMWF
Bhubaneswar,2022-06-26T19:00,2022,28.2,84,13.1,0.0,33.1,997.7,25.2,ERA5_Reanalysis_ECMWF
Bhubaneswar,2022-06-26T20:00,2022,27.9,86,11.7,0.0,33.0,998.7,25.2,ERA5_Reanalysis_ECMWF
Bhubaneswar,2022-06-26T21:00,2022,27.7,86,11.0,0.0,32.8,999.5,25.1,ERA5_Reanalysis_ECMWF
Bhubaneswar,2022-06-26T22:00,2022,27.4,87,10.0,0.0,32.7,999.9,25.0,ERA5_Reanalysis_ECMWF
Bhubaneswar,2022-06-26T23:00,2022,27.2,88,8.0,0.0,32.7,999.7,24.9,ERA5_Reanalysis_ECMWF
Bhubaneswar,2022-06-27T00:00,2022,27.0,89,9.2,0.0,32.3,999.4,24.9,ERA5_Reanalysis_ECMWF
Bhubaneswar,2022-06-27T01:00,2022,26.7,90,10.8,0.0,31.8,998.9,25.0,ERA5_Reanalysis_ECMWF
Bhubaneswar,2022-06-27T02:00,2022,26.3,92,9.1,0.0,31.6,998.5,24.9,ERA5_Reanalysis_ECMWF
Bhubaneswar,2022-06-27T03:00,2022,26.1,93,8.0,0.0,31.5,998.0,24.8,ERA5_Reanalysis_ECMWF
Bhubaneswar,2022-06-27T04:00,2022,25.8,94,6.2,0.0,31.5,998.1,24.8,ERA5_Reanalysis_ECMWF
Bhubaneswar,2022-06-27T05:00,2022,26.3,92,5.9,3.0,32.0,998.5,24.8,ERA5_Reanalysis_ECMWF
Bhubaneswar,2022-06-27T06:00,2022,27.6,87,6.5,86.0,33.5,998.9,25.2,ERA5_Reanalysis_ECMWF
Bhubaneswar,2022-06-27T07:00,2022,29.2,78,9.7,266.0,34.5,999.5,25.0,ERA5_Reanalysis_ECMWF
Bhubaneswar,2022-06-27T08:00,2022,30.4,71,10.1,462.0,35.3,999.9,24.5,ERA5_Reanalysis_ECMWF
Bhubaneswar,2022-06-27T09:00,2022,31.4,66,11.2,592.0,36.2,1000.1,24.3,ERA5_Reanalysis_ECMWF
Bhubaneswar,2022-06-27T10:00,2022,31.9,65,12.2,700.0,37.3,1000.0,24.5,ERA5_Reanalysis_ECMWF
Bhubaneswar,2022-06-27T11:00,2022,32.3,64,12.0,788.0,38.3,999.5,24.6,ERA5_Reanalysis_ECMWF
Bhubaneswar,2022-06-27T12:00,2022,32.7,64,12.8,837.0,39.0,998.7,24.9,ERA5_Reanalysis_ECMWF
Bhubaneswar,2022-06-27T13:00,2022,31.4,66,16.8,746.0,36.2,997.9,24.3,ERA5_Reanalysis_ECMWF
Bhubaneswar,2022-06-27T14:00,2022,31.5,69,15.9,675.0,36.6,996.7,25.1,ERA5_Reanalysis_ECMWF
Bhubaneswar,2022-06-27T15:00,2022,31.2,69,17.9,524.0,35.1,996.3,24.7,ERA5_Reanalysis_ECMWF
Bhubaneswar,2022-06-27T16:00,2022,30.6,70,17.9,371.0,34.3,996.2,24.5,ERA5_Reanalysis_ECMWF
Bhubaneswar,2022-06-27T17:00,2022,30.2,71,16.4,201.0,34.1,996.8,24.4,ERA5_Reanalysis_ECMWF
Bhubaneswar,2022-06-27T18:00,2022,28.9,77,14.4,43.0,33.2,997.7,24.5,ERA5_Reanalysis_ECMWF
Bhubaneswar,2022-06-27T19:00,2022,28.1,82,12.2,0.0,32.8,998.5,24.7,ERA5_Reanalysis_ECMWF
Bhubaneswar,2022-06-27T20:00,2022,27.6,85,11.5,0.0,32.6,999.1,24.9,ERA5_Reanalysis_ECMWF
Bhubaneswar,2022-06-27T21:00,2022,27.4,87,11.5,0.0,32.3,999.8,24.9,ERA5_Reanalysis_ECMWF
Bhubaneswar,2022-06-27T22:00,2022,27.1,88,10.5,0.0,32.2,1000.1,24.9,ERA5_Reanalysis_ECMWF
Bhubaneswar,2022-06-27T23:00,2022,26.8,90,10.3,0.0,32.0,999.7,25.0,ERA5_Reanalysis_ECMWF
Bhubaneswar,2022-06-28T00:00,2022,26.7,90,9.6,0.0,32.0,998.9,24.9,ERA5_Reanalysis_ECMWF
Bhubaneswar,2022-06-28T01:00,2022,26.5,91,7.8,0.0,32.0,998.2,24.9,ERA5_Reanalysis_ECMWF
Bhubaneswar,2022-06-28T02:00,2022,26.2,92,5.2,0.0,32.1,998.1,24.9,ERA5_Reanalysis_ECMWF
Bhubaneswar,2022-06-28T03:00,2022,26.0,94,4.7,0.0,31.9,997.9,24.9,ERA5_Reanalysis_ECMWF
Bhubaneswar,2022-06-28T04:00,2022,26.0,93,5.1,0.0,31.8,997.9,24.8,ERA5_Reanalysis_ECMWF
Bhubaneswar,2022-06-28T05:00,2022,26.2,92,5.7,3.0,31.9,997.9,24.8,ERA5_Reanalysis_ECMWF
Bhubaneswar,2022-06-28T06:00,2022,27.7,84,9.1,88.0,32.9,998.1,24.8,ERA5_Reanalysis_ECMWF
Bhubaneswar,2022-06-28T07:00,2022,28.8,78,12.7,255.0,33.4,998.4,24.6,ERA5_Reanalysis_ECMWF
Bhubaneswar,2022-06-28T08:00,2022,29.8,76,9.7,443.0,35.1,998.7,25.0,ERA5_Reanalysis_ECMWF
Bhubaneswar,2022-06-28T09:00,2022,30.5,73,7.9,537.0,36.1,998.7,25.1,ERA5_Reanalysis_ECMWF
Bhubaneswar,2022-06-28T10:00,2022,31.5,69,6.5,655.0,37.9,998.7,25.0,ERA5_Reanalysis_ECMWF
Bhubaneswar,2022-06-28T11:00,2022,32.2,64,7.3,681.0,38.4,998.3,24.6,ERA5_Reanalysis_ECMWF
Bhubaneswar,2022-06-28T12:00,2022,31.7,65,7.9,349.0,36.8,997.4,24.3,ERA5_Reanalysis_ECMWF
Bhubaneswar,2022-06-28T13:00,2022,32.3,65,10.7,766.0,38.7,996.3,25.0,ERA5_Reanalysis_ECMWF
Bhubaneswar,2022-06-28T14:00,2022,32.2,65,14.2,709.0,37.5,995.5,24.8,ERA5_Reanalysis_ECMWF
Bhubaneswar,2022-06-28T15:00,2022,31.1,69,16.0,572.0,35.4,995.1,24.7,ERA5_Reanalysis_ECMWF
Bhubaneswar,2022-06-28T16:00,2022,30.8,69,16.4,321.0,34.7,994.8,24.4,ERA5_Reanalysis_ECMWF
Bhubaneswar,2022-06-28T17:00,2022,29.8,74,15.9,170.0,33.9,995.5,24.6,ERA5_Reanalysis_ECMWF
Bhubaneswar,2022-06-28T18:00,2022,28.8,78,11.6,41.0,33.5,995.9,24.6,ERA5_Reanalysis_ECMWF
Bhubaneswar,2022-06-28T19:00,2022,28.2,81,11.9,0.0,32.9,996.7,24.7,ERA5_Reanalysis_ECMWF
Bhubaneswar,2022-06-28T20:00,2022,27.7,85,11.2,0.0,32.6,996.9,24.8,ERA5_Reanalysis_ECMWF
Bhubaneswar,2022-06-28T21:00,2022,27.3,87,6.6,0.0,33.0,997.5,24.9,ERA5_Reanalysis_ECMWF
Bhubaneswar,2022-06-28T22:00,2022,26.8,90,4.0,0.0,33.0,997.7,25.0,ERA5_Reanalysis_ECMWF
Bhubaneswar,2022-06-28T23:00,2022,26.7,90,6.0,0.0,32.5,997.0,25.0,ERA5_Reanalysis_ECMWF
Bhubaneswar,2022-06-29T00:00,2022,26.5,91,5.3,0.0,32.4,996.2,24.9,ERA5_Reanalysis_ECMWF
Bhubaneswar,2022-06-29T01:00,2022,26.3,92,4.0,0.0,32.4,995.9,25.0,ERA5_Reanalysis_ECMWF
Bhubaneswar,2022-06-29T02:00,2022,26.5,91,4.7,0.0,32.4,995.4,24.9,ERA5_Reanalysis_ECMWF
Bhubaneswar,2022-06-29T03:00,2022,26.5,91,5.1,0.0,32.4,995.2,25.0,ERA5_Reanalysis_ECMWF
Bhubaneswar,2022-06-29T04:00,2022,26.3,93,4.9,0.0,32.3,995.4,25.0,ERA5_Reanalysis_ECMWF
Bhubaneswar,2022-06-29T05:00,2022,26.3,92,4.7,3.0,32.3,995.7,25.0,ERA5_Reanalysis_ECMWF
Bhubaneswar,2022-06-29T06:00,2022,27.7,87,6.4,86.0,33.6,996.5,25.3,ERA5_Reanalysis_ECMWF
Bhubaneswar,2022-06-29T07:00,2022,29.0,80,8.9,251.0,34.6,996.9,25.3,ERA5_Reanalysis_ECMWF
Bhubaneswar,2022-06-29T08:00,2022,30.3,74,9.1,459.0,35.8,996.9,25.2,ERA5_Reanalysis_ECMWF
Bhubaneswar,2022-06-29T09:00,2022,31.1,71,10.6,610.0,36.7,996.5,25.2,ERA5_Reanalysis_ECMWF
Bhubaneswar,2022-06-29T10:00,2022,31.6,69,10.8,674.0,37.7,996.3,25.3,ERA5_Reanalysis_ECMWF
Bhubaneswar,2022-06-29T11:00,2022,32.4,68,8.7,707.0,39.2,996.1,25.7,ERA5_Reanalysis_ECMWF
Bhubaneswar,2022-06-29T12:00,2022,33.0,65,11.1,783.0,39.8,995.4,25.5,ERA5_Reanalysis_ECMWF
Bhubaneswar,2022-06-29T13:00,2022,32.8,65,12.7,637.0,38.2,994.5,25.2,ERA5_Reanalysis_ECMWF
Bhubaneswar,2022-06-29T14:00,2022,30.4,74,14.0,402.0,35.2,994.1,25.2,ERA5_Reanalysis_ECMWF
Bhubaneswar,2022-06-29T15:00,2022,31.0,70,13.3,429.0,35.8,993.4,25.0,ERA5_Reanalysis_ECMWF
Bhubaneswar,2022-06-29T16:00,2022,30.9,70,16.2,313.0,35.1,993.4,24.8,ERA5_Reanalysis_ECMWF
Bhubaneswar,2022-06-29T17:00,2022,30.4,73,15.5,151.0,34.8,993.8,25.0,ERA5_Reanalysis_ECMWF
Bhubaneswar,2022-06-29T18:00,2022,29.2,79,12.0,43.0,34.2,994.4,25.1,ERA5_Reanalysis_ECMWF
Bhubaneswar,2022-06-29T19:00,2022,28.4,84,12.3,0.0,33.6,995.1,25.4,ERA5_Reanalysis_ECMWF
Bhubaneswar,2022-06-29T20:00,2022,28.0,86,11.3,0.0,33.4,995.9,25.5,ERA5_Reanalysis_ECMWF
Bhubaneswar,2022-06-29T21:00,2022,27.8,87,11.3,0.0,33.2,996.2,25.5,ERA5_Reanalysis_ECMWF
Bhubaneswar,2022-06-29T22:00,2022,27.7,88,10.6,0.0,33.2,996.4,25.6,ERA5_Reanalysis_ECMWF
Bhubaneswar,2022-06-29T23:00,2022,27.5,89,11.2,0.0,33.0,996.4,25.6,ERA5_Reanalysis_ECMWF
Bhubaneswar,2022-06-30T00:00,2022,27.5,89,12.1,0.0,32.8,996.1,25.6,ERA5_Reanalysis_ECMWF
Bhubaneswar,2022-06-30T01:00,2022,27.2,90,8.4,0.0,33.0,995.8,25.5,ERA5_Reanalysis_ECMWF
Bhubaneswar,2022-06-30T02:00,2022,27.2,90,10.5,0.0,32.6,994.7,25.4,ERA5_Reanalysis_ECMWF
Bhubaneswar,2022-06-30T03:00,2022,25.5,94,8.7,0.0,30.5,995.2,24.4,ERA5_Reanalysis_ECMWF
Bhubaneswar,2022-06-30T04:00,2022,25.6,94,9.2,0.0,30.8,995.0,24.7,ERA5_Reanalysis_ECMWF
Bhubaneswar,2022-06-30T05:00,2022,26.0,95,10.7,2.0,31.2,994.9,25.2,ERA5_Reanalysis_ECMWF
Bhubaneswar,2022-06-30T06:00,2022,27.1,90,11.5,76.0,32.4,995.3,25.3,ERA5_Reanalysis_ECMWF
Bhubaneswar,2022-06-30T07:00,2022,28.5,84,12.0,223.0,33.7,995.9,25.4,ERA5_Reanalysis_ECMWF
Bhubaneswar,2022-06-30T08:00,2022,29.8,77,9.4,389.0,35.4,996.4,25.4,ERA5_Reanalysis_ECMWF
Bhubaneswar,2022-06-30T09:00,2022,31.1,73,8.7,600.0,37.3,996.6,25.8,ERA5_Reanalysis_ECMWF
Bhubaneswar,2022-06-30T10:00,2022,32.0,70,7.4,712.0,39.2,996.4,25.9,ERA5_Reanalysis_ECMWF
Bhubaneswar,2022-06-30T11:00,2022,32.7,67,8.0,745.0,39.9,996.0,25.8,ERA5_Reanalysis_ECMWF
Bhubaneswar,2022-06-30T12:00,2022,30.5,72,13.3,584.0,35.3,995.2,24.8,ERA5_Reanalysis_ECMWF
Bhubaneswar,2022-06-30T13:00,2022,29.1,81,3.5,380.0,35.5,994.5,25.4,ERA5_Reanalysis_ECMWF
Bhubaneswar,2022-06-30T14:00,2022,30.2,77,13.5,469.0,35.3,994.3,25.6,ERA5_Reanalysis_ECMWF
Bhubaneswar,2022-06-30T15:00,2022,29.9,77,12.0,428.0,35.1,993.7,25.4,ERA5_Reanalysis_ECMWF
Bhubaneswar,2022-06-30T16:00,2022,29.2,78,15.1,258.0,33.8,993.5,25.1,ERA5_Reanalysis_ECMWF
Bhubaneswar,2022-06-30T17:00,2022,29.4,80,10.7,135.0,35.0,993.9,25.6,ERA5_Reanalysis_ECMWF
Bhubaneswar,2022-06-30T18:00,2022,28.9,83,4.4,38.0,35.5,993.9,25.8,ERA5_Reanalysis_ECMWF
Bhubaneswar,2022-06-30T19:00,2022,28.4,86,7.6,0.0,34.5,994.9,25.8,ERA5_Reanalysis_ECMWF
Bhubaneswar,2022-06-30T20:00,2022,28.1,88,7.4,0.0,34.3,995.6,25.9,ERA5_Reanalysis_ECMWF
Bhubaneswar,2022-06-30T21:00,2022,27.9,90,9.3,0.0,33.9,996.0,26.0,ERA5_Reanalysis_ECMWF
Bhubaneswar,2022-06-30T22:00,2022,27.7,92,10.5,0.0,33.8,996.4,26.3,ERA5_Reanalysis_ECMWF
Bhubaneswar,2022-06-30T23:00,2022,27.7,93,10.0,0.0,33.8,996.0,26.4,ERA5_Reanalysis_ECMWF
Bhubaneswar,2023-04-01T00:00,2023,24.2,95,5.8,0.0,29.0,1003.7,23.3,ERA5_Reanalysis_ECMWF
Bhubaneswar,2023-04-01T01:00,2023,24.3,95,7.1,0.0,28.9,1003.4,23.4,ERA5_Reanalysis_ECMWF
Bhubaneswar,2023-04-01T02:00,2023,24.4,94,4.6,0.0,29.4,1003.0,23.4,ERA5_Reanalysis_ECMWF
Bhubaneswar,2023-04-01T03:00,2023,24.1,94,6.1,0.0,28.8,1002.8,23.2,ERA5_Reanalysis_ECMWF
Bhubaneswar,2023-04-01T04:00,2023,23.7,97,2.5,0.0,28.9,1002.9,23.2,ERA5_Reanalysis_ECMWF
Bhubaneswar,2023-04-01T05:00,2023,24.0,94,7.9,0.0,28.3,1003.8,23.0,ERA5_Reanalysis_ECMWF
Bhubaneswar,2023-04-01T06:00,2023,23.3,94,9.4,18.0,27.0,1005.2,22.3,ERA5_Reanalysis_ECMWF
Bhubaneswar,2023-04-01T07:00,2023,23.8,90,6.3,71.0,27.9,1006.5,22.2,ERA5_Reanalysis_ECMWF
Bhubaneswar,2023-04-01T08:00,2023,25.3,81,2.2,296.0,29.8,1006.9,21.9,ERA5_Reanalysis_ECMWF
Bhubaneswar,2023-04-01T09:00,2023,26.5,76,5.1,440.0,30.6,1006.9,21.9,ERA5_Reanalysis_ECMWF
Bhubaneswar,2023-04-01T10:00,2023,27.0,72,7.9,488.0,30.5,1007.0,21.6,ERA5_Reanalysis_ECMWF
Bhubaneswar,2023-04-01T11:00,2023,25.3,80,3.1,213.0,29.5,1005.6,21.6,ERA5_Reanalysis_ECMWF
Bhubaneswar,2023-04-01T12:00,2023,28.4,69,7.9,816.0,33.8,1004.6,22.1,ERA5_Reanalysis_ECMWF
Bhubaneswar,2023-04-01T13:00,2023,29.5,62,7.1,690.0,34.0,1003.3,21.6,ERA5_Reanalysis_ECMWF
Bhubaneswar,2023-04-01T14:00,2023,30.0,61,7.9,655.0,34.1,1002.2,21.7,ERA5_Reanalysis_ECMWF
Bhubaneswar,2023-04-01T15:00,2023,27.9,67,11.3,446.0,30.6,1002.1,21.1,ERA5_Reanalysis_ECMWF
Bhubaneswar,2023-04-01T16:00,2023,26.6,75,5.9,146.0,30.5,1002.6,21.8,ERA5_Reanalysis_ECMWF
Bhubaneswar,2023-04-01T17:00,2023,25.2,83,10.6,85.0,28.6,1002.3,22.1,ERA5_Reanalysis_ECMWF
Bhubaneswar,2023-04-01T18:00,2023,24.3,89,5.6,9.0,28.5,1002.6,22.3,ERA5_Reanalysis_ECMWF
Bhubaneswar,2023-04-01T19:00,2023,24.1,91,7.6,0.0,28.1,1003.3,22.4,ERA5_Reanalysis_ECMWF
Bhubaneswar,2023-04-01T20:00,2023,24.0,91,8.2,0.0,27.9,1003.8,22.4,ERA5_Reanalysis_ECMWF
Bhubaneswar,2023-04-01T21:00,2023,23.8,92,7.9,0.0,27.8,1004.3,22.5,ERA5_Reanalysis_ECMWF
Bhubaneswar,2023-04-01T22:00,2023,23.5,95,8.9,0.0,27.4,1004.6,22.6,ERA5_Reanalysis_ECMWF
Bhubaneswar,2023-04-01T23:00,2023,23.3,97,6.1,0.0,27.7,1004.3,22.7,ERA5_Reanalysis_ECMWF
Bhubaneswar,2023-04-02T00:00,2023,22.7,98,3.4,0.0,27.3,1004.0,22.4,ERA5_Reanalysis_ECMWF
Bhubaneswar,2023-04-02T01:00,2023,22.4,99,5.6,0.0,26.6,1003.4,22.3,ERA5_Reanalysis_ECMWF
Bhubaneswar,2023-04-02T02:00,2023,22.3,99,5.5,0.0,26.5,1002.5,22.2,ERA5_Reanalysis_ECMWF
Bhubaneswar,2023-04-02T03:00,2023,22.6,98,3.9,0.0,27.2,1002.1,22.4,ERA5_Reanalysis_ECMWF
Bhubaneswar,2023-04-02T04:00,2023,21.8,99,7.0,0.0,25.5,1002.4,21.7,ERA5_Reanalysis_ECMWF
Bhubaneswar,2023-04-02T05:00,2023,23.2,94,9.4,0.0,26.8,1002.7,22.2,ERA5_Reanalysis_ECMWF
Bhubaneswar,2023-04-02T06:00,2023,24.5,88,12.0,32.0,27.8,1003.3,22.3,ERA5_Reanalysis_ECMWF
Bhubaneswar,2023-04-02T07:00,2023,26.7,81,8.7,200.0,30.9,1004.4,23.1,ERA5_Reanalysis_ECMWF
Bhubaneswar,2023-04-02T08:00,2023,29.1,69,12.3,424.0,32.6,1005.2,22.8,ERA5_Reanalysis_ECMWF
Bhubaneswar,2023-04-02T09:00,2023,30.9,60,12.3,612.0,34.4,1004.9,22.1,ERA5_Reanalysis_ECMWF
Bhubaneswar,2023-04-02T10:00,2023,32.3,52,12.0,782.0,36.2,1004.5,21.1,ERA5_Reanalysis_ECMWF
Bhubaneswar,2023-04-02T11:00,2023,33.0,47,11.0,787.0,36.7,1003.8,20.2,ERA5_Reanalysis_ECMWF
Bhubaneswar,2023-04-02T12:00,2023,33.6,45,9.8,777.0,37.4,1002.5,20.1,ERA5_Reanalysis_ECMWF
Bhubaneswar,2023-04-02T13:00,2023,27.4,69,21.9,577.0,28.8,1002.7,21.2,ERA5_Reanalysis_ECMWF
Bhubaneswar,2023-04-02T14:00,2023,30.7,54,8.1,461.0,33.6,1000.8,20.4,ERA5_Reanalysis_ECMWF
Bhubaneswar,2023-04-02T15:00,2023,31.3,52,7.2,474.0,34.2,1000.4,20.3,ERA5_Reanalysis_ECMWF
Bhubaneswar,2023-04-02T16:00,2023,31.1,52,3.1,325.0,34.5,1000.5,20.2,ERA5_Reanalysis_ECMWF
Bhubaneswar,2023-04-02T17:00,2023,29.7,65,2.7,116.0,34.4,1000.9,22.4,ERA5_Reanalysis_ECMWF
Bhubaneswar,2023-04-02T18:00,2023,27.9,67,8.0,10.0,31.1,1001.0,21.2,ERA5_Reanalysis_ECMWF
Bhubaneswar,2023-04-02T19:00,2023,26.6,74,9.1,0.0,29.9,1001.8,21.6,ERA5_Reanalysis_ECMWF
Bhubaneswar,2023-04-02T20:00,2023,25.7,82,9.2,0.0,29.4,1002.7,22.3,ERA5_Reanalysis_ECMWF
Bhubaneswar,2023-04-02T21:00,2023,25.3,91,11.5,0.0,29.4,1003.1,23.6,ERA5_Reanalysis_ECMWF
Bhubaneswar,2023-04-02T22:00,2023,25.0,95,12.6,0.0,29.3,1003.1,24.1,ERA5_Reanalysis_ECMWF
Bhubaneswar,2023-04-02T23:00,2023,25.0,96,13.9,0.0,29.3,1002.6,24.4,ERA5_Reanalysis_ECMWF
Bhubaneswar,2023-04-03T00:00,2023,25.2,97,13.4,0.0,29.7,1001.9,24.6,ERA5_Reanalysis_ECMWF
Bhubaneswar,2023-04-03T01:00,2023,25.0,96,12.7,0.0,29.4,1001.1,24.3,ERA5_Reanalysis_ECMWF
Bhubaneswar,2023-04-03T02:00,2023,24.6,96,12.0,0.0,28.8,1000.6,23.9,ERA5_Reanalysis_ECMWF
Bhubaneswar,2023-04-03T03:00,2023,24.1,96,10.8,0.0,28.3,1000.5,23.4,ERA5_Reanalysis_ECMWF
Bhubaneswar,2023-04-03T04:00,2023,23.8,96,9.1,0.0,28.0,1001.0,23.1,ERA5_Reanalysis_ECMWF
Bhubaneswar,2023-04-03T05:00,2023,23.3,99,5.9,0.0,27.9,1002.0,23.1,ERA5_Reanalysis_ECMWF
Bhubaneswar,2023-04-03T06:00,2023,24.5,96,4.3,37.0,29.8,1002.9,23.8,ERA5_Reanalysis_ECMWF
Bhubaneswar,2023-04-03T07:00,2023,26.7,85,2.3,219.0,32.5,1004.0,24.1,ERA5_Reanalysis_ECMWF
Bhubaneswar,2023-04-03T08:00,2023,29.0,74,1.8,442.0,34.7,1004.7,23.8,ERA5_Reanalysis_ECMWF
Bhubaneswar,2023-04-03T09:00,2023,31.3,62,2.8,648.0,37.1,1004.4,23.2,ERA5_Reanalysis_ECMWF
Bhubaneswar,2023-04-03T10:00,2023,33.3,49,4.8,811.0,38.6,1004.3,21.0,ERA5_Reanalysis_ECMWF
Bhubaneswar,2023-04-03T11:00,2023,34.9,35,7.9,907.0,38.3,1003.5,17.1,ERA5_Reanalysis_ECMWF
Bhubaneswar,2023-04-03T12:00,2023,35.2,29,11.2,798.0,36.5,1002.6,14.6,ERA5_Reanalysis_ECMWF
Bhubaneswar,2023-04-03T13:00,2023,34.8,29,11.5,621.0,34.9,1001.6,14.3,ERA5_Reanalysis_ECMWF
Bhubaneswar,2023-04-03T14:00,2023,34.6,30,5.7,638.0,35.7,1000.6,14.4,ERA5_Reanalysis_ECMWF
Bhubaneswar,2023-04-03T15:00,2023,34.9,29,2.5,487.0,35.9,1000.2,14.3,ERA5_Reanalysis_ECMWF
Bhubaneswar,2023-04-03T16:00,2023,34.4,35,7.4,292.0,35.5,1000.0,16.5,ERA5_Reanalysis_ECMWF
Bhubaneswar,2023-04-03T17:00,2023,31.0,47,6.4,103.0,33.1,1001.2,18.4,ERA5_Reanalysis_ECMWF
Bhubaneswar,2023-04-03T18:00,2023,28.9,64,13.3,8.0,31.5,1001.9,21.4,ERA5_Reanalysis_ECMWF
Bhubaneswar,2023-04-03T19:00,2023,27.4,79,13.4,0.0,31.2,1002.8,23.5,ERA5_Reanalysis_ECMWF
Bhubaneswar,2023-04-03T20:00,2023,26.4,86,13.2,0.0,30.4,1003.6,23.9,ERA5_Reanalysis_ECMWF
Bhubaneswar,2023-04-03T21:00,2023,25.8,94,12.4,0.0,30.5,1004.2,24.7,ERA5_Reanalysis_ECMWF
Bhubaneswar,2023-04-03T22:00,2023,25.7,96,12.5,0.0,30.5,1004.1,24.9,ERA5_Reanalysis_ECMWF
Bhubaneswar,2023-04-03T23:00,2023,25.5,96,14.2,0.0,30.0,1003.6,24.9,ERA5_Reanalysis_ECMWF
Bhubaneswar,2023-04-04T00:00,2023,25.4,97,16.3,0.0,29.7,1002.9,24.9,ERA5_Reanalysis_ECMWF
Bhubaneswar,2023-04-04T01:00,2023,25.5,96,17.6,0.0,29.6,1002.2,24.9,ERA5_Reanalysis_ECMWF
Bhubaneswar,2023-04-04T02:00,2023,25.6,94,16.9,0.0,29.6,1001.7,24.6,ERA5_Reanalysis_ECMWF
Bhubaneswar,2023-04-04T03:00,2023,25.5,94,16.4,0.0,29.4,1001.4,24.5,ERA5_Reanalysis_ECMWF
Bhubaneswar,2023-04-04T04:00,2023,25.4,95,16.1,0.0,29.5,1001.8,24.6,ERA5_Reanalysis_ECMWF
Bhubaneswar,2023-04-04T05:00,2023,26.1,97,9.5,0.0,31.8,1003.0,25.6,ERA5_Reanalysis_ECMWF
Bhubaneswar,2023-04-04T06:00,2023,27.0,93,11.6,35.0,32.5,1003.8,25.8,ERA5_Reanalysis_ECMWF
Bhubaneswar,2023-04-04T07:00,2023,28.9,83,13.1,199.0,34.1,1004.7,25.7,ERA5_Reanalysis_ECMWF
Bhubaneswar,2023-04-04T08:00,2023,30.7,74,10.6,418.0,36.2,1005.1,25.5,ERA5_Reanalysis_ECMWF
Bhubaneswar,2023-04-04T09:00,2023,32.6,64,11.4,640.0,38.1,1005.3,24.9,ERA5_Reanalysis_ECMWF
Bhubaneswar,2023-04-04T10:00,2023,33.8,56,12.9,803.0,39.3,1005.0,23.9,ERA5_Reanalysis_ECMWF
Bhubaneswar,2023-04-04T11:00,2023,34.8,50,13.9,887.0,40.0,1004.1,22.8,ERA5_Reanalysis_ECMWF
Bhubaneswar,2023-04-04T12:00,2023,34.3,44,16.9,834.0,37.4,1003.2,20.5,ERA5_Reanalysis_ECMWF
Bhubaneswar,2023-04-04T13:00,2023,33.2,46,18.9,592.0,34.6,1002.6,20.2,ERA5_Reanalysis_ECMWF
Bhubaneswar,2023-04-04T14:00,2023,33.2,48,15.5,513.0,35.1,1001.8,20.7,ERA5_Reanalysis_ECMWF
Bhubaneswar,2023-04-04T15:00,2023,32.8,53,12.5,469.0,35.9,1001.1,22.1,ERA5_Reanalysis_ECMWF
Bhubaneswar,2023-04-04T16:00,2023,32.3,58,12.4,326.0,35.9,1001.0,22.9,ERA5_Reanalysis_ECMWF
Bhubaneswar,2023-04-04T17:00,2023,30.9,67,14.4,122.0,34.9,1001.7,24.0,ERA5_Reanalysis_ECMWF
Bhubaneswar,2023-04-04T18:00,2023,28.9,78,16.3,9.0,33.1,1002.1,24.7,ERA5_Reanalysis_ECMWF
Bhubaneswar,2023-04-04T19:00,2023,27.8,85,14.4,0.0,32.5,1003.2,25.1,ERA5_Reanalysis_ECMWF
Bhubaneswar,2023-04-04T20:00,2023,27.4,88,13.7,0.0,32.2,1003.7,25.1,ERA5_Reanalysis_ECMWF
Bhubaneswar,2023-04-04T21:00,2023,27.1,89,13.3,0.0,31.8,1004.4,25.0,ERA5_Reanalysis_ECMWF
Bhubaneswar,2023-04-04T22:00,2023,27.0,89,15.9,0.0,31.4,1004.2,25.1,ERA5_Reanalysis_ECMWF
Bhubaneswar,2023-04-04T23:00,2023,26.7,92,15.4,0.0,31.3,1003.8,25.3,ERA5_Reanalysis_ECMWF
Bhubaneswar,2023-04-05T00:00,2023,26.2,95,13.2,0.0,31.2,1002.9,25.3,ERA5_Reanalysis_ECMWF
Bhubaneswar,2023-04-05T01:00,2023,25.9,95,12.1,0.0,30.9,1001.9,25.1,ERA5_Reanalysis_ECMWF
Bhubaneswar,2023-04-05T02:00,2023,25.6,95,10.0,0.0,30.6,1001.4,24.7,ERA5_Reanalysis_ECMWF
Bhubaneswar,2023-04-05T03:00,2023,25.0,96,7.0,0.0,30.2,1001.0,24.2,ERA5_Reanalysis_ECMWF
Bhubaneswar,2023-04-05T04:00,2023,24.5,94,5.1,0.0,29.6,1001.6,23.6,ERA5_Reanalysis_ECMWF
Bhubaneswar,2023-04-05T05:00,2023,24.7,97,4.3,0.0,30.3,1002.3,24.3,ERA5_Reanalysis_ECMWF
Bhubaneswar,2023-04-05T06:00,2023,25.7,86,5.6,38.0,30.4,1003.3,23.1,ERA5_Reanalysis_ECMWF
Bhubaneswar,2023-04-05T07:00,2023,28.1,71,2.3,215.0,32.7,1004.1,22.2,ERA5_Reanalysis_ECMWF
Bhubaneswar,2023-04-05T08:00,2023,30.2,59,3.8,440.0,34.1,1004.8,21.2,ERA5_Reanalysis_ECMWF
Bhubaneswar,2023-04-05T09:00,2023,31.9,53,4.1,647.0,36.2,1005.0,21.0,ERA5_Reanalysis_ECMWF
Bhubaneswar,2023-04-05T10:00,2023,33.5,48,3.1,809.0,39.1,1004.7,21.1,ERA5_Reanalysis_ECMWF
Bhubaneswar,2023-04-05T11:00,2023,34.9,44,3.5,901.0,40.9,1004.0,20.9,ERA5_Reanalysis_ECMWF
Bhubaneswar,2023-04-05T12:00,2023,35.8,40,4.7,913.0,41.3,1002.8,20.1,ERA5_Reanalysis_ECMWF
Bhubaneswar,2023-04-05T13:00,2023,36.2,38,3.7,840.0,41.2,1001.5,19.6,ERA5_Reanalysis_ECMWF
Bhubaneswar,2023-04-05T14:00,2023,36.2,37,4.3,632.0,39.5,1000.3,19.2,ERA5_Reanalysis_ECMWF
Bhubaneswar,2023-04-05T15:00,2023,34.6,41,4.5,480.0,37.4,1000.5,19.3,ERA5_Reanalysis_ECMWF
Bhubaneswar,2023-04-05T16:00,2023,31.1,55,1.1,281.0,35.4,1001.1,21.1,ERA5_Reanalysis_ECMWF
Bhubaneswar,2023-04-05T17:00,2023,31.8,52,4.5,119.0,35.4,1001.4,20.7,ERA5_Reanalysis_ECMWF
Bhubaneswar,2023-04-05T18:00,2023,30.6,56,13.9,10.0,32.9,1001.8,20.9,ERA5_Reanalysis_ECMWF
Bhubaneswar,2023-04-05T19:00,2023,28.6,76,13.9,0.0,32.6,1002.9,23.9,ERA5_Reanalysis_ECMWF
Bhubaneswar,2023-04-05T20:00,2023,27.7,81,13.2,0.0,31.8,1004.1,24.0,ERA5_Reanalysis_ECMWF
Bhubaneswar,2023-04-05T21:00,2023,27.1,85,10.6,0.0,31.9,1004.7,24.4,ERA5_Reanalysis_ECMWF
Bhubaneswar,2023-04-05T22:00,2023,26.6,91,10.9,0.0,31.6,1004.5,24.9,ERA5_Reanalysis_ECMWF
Bhubaneswar,2023-04-05T23:00,2023,26.2,92,11.0,0.0,31.2,1004.0,24.9,ERA5_Reanalysis_ECMWF
Bhubaneswar,2023-04-06T00:00,2023,25.8,96,10.1,0.0,31.0,1003.5,25.0,ERA5_Reanalysis_ECMWF
Bhubaneswar,2023-04-06T01:00,2023,25.5,96,8.9,0.0,30.8,1002.9,24.9,ERA5_Reanalysis_ECMWF
Bhubaneswar,2023-04-06T02:00,2023,25.2,97,8.7,0.0,30.5,1002.4,24.7,ERA5_Reanalysis_ECMWF
Bhubaneswar,2023-04-06T03:00,2023,25.0,98,7.9,0.0,30.2,1002.4,24.6,ERA5_Reanalysis_ECMWF
Bhubaneswar,2023-04-06T04:00,2023,24.5,99,5.1,0.0,29.9,1003.1,24.2,ERA5_Reanalysis_ECMWF
Bhubaneswar,2023-04-06T05:00,2023,24.4,100,3.9,0.0,30.2,1004.2,24.4,ERA5_Reanalysis_ECMWF
Bhubaneswar,2023-04-06T06:00,2023,25.9,99,5.5,37.0,32.2,1005.0,25.6,ERA5_Reanalysis_ECMWF
Bhubaneswar,2023-04-06T07:00,2023,28.1,88,5.9,194.0,34.7,1006.0,26.0,ERA5_Reanalysis_ECMWF
Bhubaneswar,2023-04-06T08:00,2023,30.3,78,5.8,424.0,36.9,1006.5,26.1,ERA5_Reanalysis_ECMWF
Bhubaneswar,2023-04-06T09:00,2023,32.5,66,6.5,641.0,39.1,1006.5,25.4,ERA5_Reanalysis_ECMWF
Bhubaneswar,2023-04-06T10:00,2023,34.5,53,8.0,806.0,40.5,1006.2,23.4,ERA5_Reanalysis_ECMWF
Bhubaneswar,2023-04-06T11:00,2023,35.8,44,5.9,901.0,41.9,1005.4,21.8,ERA5_Reanalysis_ECMWF
Bhubaneswar,2023-04-06T12:00,2023,36.5,42,2.0,902.0,43.1,1004.4,21.5,ERA5_Reanalysis_ECMWF
Bhubaneswar,2023-04-06T13:00,2023,35.9,42,12.9,803.0,39.7,1003.5,20.8,ERA5_Reanalysis_ECMWF
Bhubaneswar,2023-04-06T14:00,2023,30.4,64,21.3,439.0,32.5,1003.7,22.7,ERA5_Reanalysis_ECMWF
Bhubaneswar,2023-04-06T15:00,2023,30.1,64,3.9,314.0,34.7,1003.6,22.6,ERA5_Reanalysis_ECMWF
Bhubaneswar,2023-04-06T16:00,2023,30.2,66,11.9,288.0,33.9,1003.5,23.1,ERA5_Reanalysis_ECMWF
Bhubaneswar,2023-04-06T17:00,2023,29.6,71,7.8,122.0,34.3,1003.8,23.7,ERA5_Reanalysis_ECMWF
Bhubaneswar,2023-04-06T18:00,2023,28.1,75,8.3,10.0,32.4,1004.4,23.2,ERA5_Reanalysis_ECMWF
Bhubaneswar,2023-04-06T19:00,2023,27.9,79,9.9,0.0,32.5,1005.0,23.9,ERA5_Reanalysis_ECMWF
Bhubaneswar,2023-04-06T20:00,2023,27.4,88,9.4,0.0,32.9,1005.7,25.2,ERA5_Reanalysis_ECMWF
Bhubaneswar,2023-04-06T21:00,2023,26.6,92,8.4,0.0,32.3,1006.3,25.3,ERA5_Reanalysis_ECMWF
Bhubaneswar,2023-04-06T22:00,2023,26.2,96,8.8,0.0,32.0,1006.4,25.6,ERA5_Reanalysis_ECMWF
Bhubaneswar,2023-04-06T23:00,2023,26.0,98,7.2,0.0,32.1,1006.2,25.7,ERA5_Reanalysis_ECMWF
Bhubaneswar,2023-04-07T00:00,2023,25.9,99,7.7,0.0,31.9,1005.7,25.7,ERA5_Reanalysis_ECMWF
Bhubaneswar,2023-04-07T01:00,2023,26.2,98,8.6,0.0,32.3,1005.2,25.9,ERA5_Reanalysis_ECMWF
Bhubaneswar,2023-04-07T02:00,2023,26.4,97,11.0,0.0,32.0,1004.6,25.8,ERA5_Reanalysis_ECMWF
Bhubaneswar,2023-04-07T03:00,2023,26.1,98,8.9,0.0,32.0,1004.4,25.8,ERA5_Reanalysis_ECMWF
Bhubaneswar,2023-04-07T04:00,2023,26.0,98,7.4,0.0,32.1,1004.8,25.7,ERA5_Reanalysis_ECMWF
Bhubaneswar,2023-04-07T05:00,2023,24.4,100,5.4,0.0,30.0,1005.9,24.4,ERA5_Reanalysis_ECMWF
Bhubaneswar,2023-04-07T06:00,2023,25.2,98,4.0,42.0,31.2,1006.8,24.8,ERA5_Reanalysis_ECMWF
Bhubaneswar,2023-04-07T07:00,2023,27.3,88,3.3,224.0,33.5,1007.7,25.1,ERA5_Reanalysis_ECMWF
Bhubaneswar,2023-04-07T08:00,2023,29.3,76,2.6,443.0,35.4,1008.4,24.6,ERA5_Reanalysis_ECMWF
Bhubaneswar,2023-04-07T09:00,2023,31.5,62,1.8,653.0,37.7,1008.5,23.5,ERA5_Reanalysis_ECMWF
Bhubaneswar,2023-04-07T10:00,2023,33.3,53,1.3,814.0,40.1,1008.3,22.5,ERA5_Reanalysis_ECMWF
Bhubaneswar,2023-04-07T11:00,2023,34.6,46,2.6,912.0,41.2,1007.7,21.4,ERA5_Reanalysis_ECMWF
Bhubaneswar,2023-04-07T12:00,2023,35.7,40,4.4,905.0,41.1,1006.8,20.0,ERA5_Reanalysis_ECMWF
Bhubaneswar,2023-04-07T13:00,2023,36.1,35,5.7,816.0,39.9,1005.5,18.4,ERA5_Reanalysis_ECMWF
Bhubaneswar,2023-04-07T14:00,2023,35.9,34,8.4,703.0,38.2,1004.7,17.4,ERA5_Reanalysis_ECMWF
Bhubaneswar,2023-04-07T15:00,2023,35.2,34,10.8,549.0,36.0,1004.6,16.9,ERA5_Reanalysis_ECMWF
Bhubaneswar,2023-04-07T16:00,2023,34.4,34,11.2,330.0,35.0,1004.4,16.5,ERA5_Reanalysis_ECMWF
Bhubaneswar,2023-04-07T17:00,2023,32.4,50,7.0,134.0,35.5,1004.6,20.6,ERA5_Reanalysis_ECMWF
Bhubaneswar,2023-04-07T18:00,2023,29.8,74,13.5,10.0,34.2,1005.7,24.6,ERA5_Reanalysis_ECMWF
Bhubaneswar,2023-04-07T19:00,2023,28.5,82,12.6,0.0,33.4,1006.7,25.0,ERA5_Reanalysis_ECMWF
Bhubaneswar,2023-04-07T20:00,2023,27.5,89,11.2,0.0,32.9,1007.4,25.5,ERA5_Reanalysis_ECMWF
Bhubaneswar,2023-04-07T21:00,2023,26.9,94,8.8,0.0,32.8,1008.0,25.8,ERA5_Reanalysis_ECMWF
Bhubaneswar,2023-04-07T22:00,2023,26.4,96,8.8,0.0,32.4,1008.4,25.8,ERA5_Reanalysis_ECMWF
Bhubaneswar,2023-04-07T23:00,2023,26.2,97,9.8,0.0,31.9,1008.0,25.7,ERA5_Reanalysis_ECMWF
Bhubaneswar,2023-04-08T00:00,2023,26.0,98,9.8,0.0,31.7,1007.5,25.6,ERA5_Reanalysis_ECMWF
Bhubaneswar,2023-04-08T01:00,2023,25.7,99,7.0,0.0,31.8,1006.9,25.6,ERA5_Reanalysis_ECMWF
Bhubaneswar,2023-04-08T02:00,2023,25.4,100,6.4,0.0,31.4,1006.5,25.4,ERA5_Reanalysis_ECMWF
Bhubaneswar,2023-04-08T03:00,2023,25.3,100,6.1,0.0,31.3,1006.1,25.3,ERA5_Reanalysis_ECMWF
Bhubaneswar,2023-04-08T04:00,2023,25.2,100,4.9,0.0,31.3,1006.6,25.2,ERA5_Reanalysis_ECMWF
Bhubaneswar,2023-04-08T05:00,2023,25.3,100,7.2,0.0,31.2,1007.8,25.3,ERA5_Reanalysis_ECMWF
Bhubaneswar,2023-04-08T06:00,2023,26.2,95,8.4,40.0,31.8,1008.4,25.3,ERA5_Reanalysis_ECMWF
Bhubaneswar,2023-04-08T07:00,2023,27.9,84,6.5,220.0,33.7,1009.3,25.0,ERA5_Reanalysis_ECMWF
Bhubaneswar,2023-04-08T08:00,2023,30.0,73,6.1,447.0,35.5,1009.9,24.5,ERA5_Reanalysis_ECMWF
Bhubaneswar,2023-04-08T09:00,2023,32.1,60,7.7,655.0,37.2,1009.9,23.4,ERA5_Reanalysis_ECMWF
Bhubaneswar,2023-04-08T10:00,2023,33.8,50,6.5,814.0,39.2,1009.6,21.8,ERA5_Reanalysis_ECMWF
Bhubaneswar,2023-04-08T11:00,2023,35.0,43,4.1,910.0,40.9,1008.9,20.7,ERA5_Reanalysis_ECMWF
Bhubaneswar,2023-04-08T12:00,2023,36.0,39,2.9,924.0,41.8,1007.9,19.8,ERA5_Reanalysis_ECMWF
Bhubaneswar,2023-04-08T13:00,2023,36.7,36,4.1,850.0,41.3,1006.7,19.0,ERA5_Reanalysis_ECMWF
Bhubaneswar,2023-04-08T14:00,2023,36.9,34,5.6,728.0,40.3,1005.6,18.5,ERA5_Reanalysis_ECMWF
Bhubaneswar,2023-04-08T15:00,2023,36.3,35,8.7,483.0,38.0,1005.1,18.3,ERA5_Reanalysis_ECMWF
Bhubaneswar,2023-04-08T16:00,2023,35.6,36,7.5,306.0,37.5,1005.2,18.3,ERA5_Reanalysis_ECMWF
Bhubaneswar,2023-04-08T17:00,2023,32.5,51,12.2,126.0,35.1,1006.1,21.1,ERA5_Reanalysis_ECMWF
Bhubaneswar,2023-04-08T18:00,2023,30.4,56,8.3,11.0,33.3,1007.2,20.6,ERA5_Reanalysis_ECMWF
Bhubaneswar,2023-04-08T19:00,2023,27.5,67,13.3,0.0,29.8,1009.0,20.8,ERA5_Reanalysis_ECMWF
Bhubaneswar,2023-04-08T20:00,2023,27.4,68,5.7,0.0,30.8,1009.3,20.9,ERA5_Reanalysis_ECMWF
Bhubaneswar,2023-04-08T21:00,2023,26.8,73,3.2,0.0,31.0,1009.5,21.5,ERA5_Reanalysis_ECMWF
Bhubaneswar,2023-04-08T22:00,2023,26.3,76,3.2,0.0,30.5,1009.5,21.7,ERA5_Reanalysis_ECMWF
Bhubaneswar,2023-04-08T23:00,2023,25.8,78,5.1,0.0,29.8,1009.2,21.8,ERA5_Reanalysis_ECMWF
Bhubaneswar,2023-04-09T00:00,2023,25.6,80,6.9,0.0,29.4,1008.4,21.9,ERA5_Reanalysis_ECMWF
Bhubaneswar,2023-04-09T01:00,2023,25.3,85,7.7,0.0,29.4,1007.9,22.6,ERA5_Reanalysis_ECMWF
Bhubaneswar,2023-04-09T02:00,2023,24.8,91,7.3,0.0,29.3,1007.6,23.2,ERA5_Reanalysis_ECMWF
Bhubaneswar,2023-04-09T03:00,2023,24.5,94,6.5,0.0,29.3,1007.6,23.5,ERA5_Reanalysis_ECMWF
Bhubaneswar,2023-04-09T04:00,2023,24.3,95,5.0,0.0,29.3,1007.7,23.5,ERA5_Reanalysis_ECMWF
Bhubaneswar,2023-04-09T05:00,2023,24.3,94,6.1,0.0,29.0,1008.3,23.2,ERA5_Reanalysis_ECMWF
Bhubaneswar,2023-04-09T06:00,2023,25.7,84,7.4,45.0,30.0,1008.9,22.8,ERA5_Reanalysis_ECMWF
Bhubaneswar,2023-04-09T07:00,2023,28.2,71,5.6,226.0,32.6,1009.9,22.5,ERA5_Reanalysis_ECMWF
Bhubaneswar,2023-04-09T08:00,2023,30.8,59,4.6,450.0,35.0,1010.2,22.0,ERA5_Reanalysis_ECMWF
Bhubaneswar,2023-04-09T09:00,2023,32.8,51,3.3,655.0,37.5,1009.7,21.2,ERA5_Reanalysis_ECMWF
Bhubaneswar,2023-04-09T10:00,2023,34.5,43,2.9,814.0,39.8,1009.4,20.2,ERA5_Reanalysis_ECMWF
Bhubaneswar,2023-04-09T11:00,2023,35.8,38,3.6,909.0,41.1,1008.5,19.4,ERA5_Reanalysis_ECMWF
Bhubaneswar,2023-04-09T12:00,2023,36.5,35,4.7,928.0,41.5,1007.6,18.8,ERA5_Reanalysis_ECMWF
Bhubaneswar,2023-04-09T13:00,2023,36.9,33,6.8,830.0,40.5,1006.2,18.0,ERA5_Reanalysis_ECMWF
Bhubaneswar,2023-04-09T14:00,2023,37.0,31,6.8,657.0,39.2,1005.2,17.1,ERA5_Reanalysis_ECMWF
Bhubaneswar,2023-04-09T15:00,2023,36.7,30,5.7,459.0,38.0,1004.6,16.3,ERA5_Reanalysis_ECMWF
Bhubaneswar,2023-04-09T16:00,2023,36.2,33,8.0,309.0,37.6,1004.4,17.3,ERA5_Reanalysis_ECMWF
Bhubaneswar,2023-04-09T17:00,2023,33.3,51,7.2,118.0,37.0,1004.7,21.9,ERA5_Reanalysis_ECMWF
Bhubaneswar,2023-04-09T18:00,2023,31.5,52,12.6,11.0,33.7,1005.2,20.5,ERA5_Reanalysis_ECMWF
Bhubaneswar,2023-04-09T19:00,2023,29.7,65,10.3,0.0,33.3,1006.0,22.3,ERA5_Reanalysis_ECMWF
Bhubaneswar,2023-04-09T20:00,2023,29.0,67,10.3,0.0,32.5,1006.7,22.3,ERA5_Reanalysis_ECMWF
Bhubaneswar,2023-04-09T21:00,2023,28.1,67,9.7,0.0,31.3,1007.2,21.5,ERA5_Reanalysis_ECMWF
Bhubaneswar,2023-04-09T22:00,2023,27.5,67,8.9,0.0,30.4,1007.1,20.8,ERA5_Reanalysis_ECMWF
Bhubaneswar,2023-04-09T23:00,2023,26.8,70,7.6,0.0,29.9,1006.7,20.8,ERA5_Reanalysis_ECMWF
Bhubaneswar,2023-04-10T00:00,2023,26.3,72,7.4,0.0,29.5,1006.0,20.8,ERA5_Reanalysis_ECMWF
Bhubaneswar,2023-04-10T01:00,2023,25.8,74,6.1,0.0,29.1,1005.4,20.8,ERA5_Reanalysis_ECMWF
Bhubaneswar,2023-04-10T02:00,2023,24.9,78,6.2,0.0,28.2,1004.6,20.9,ERA5_Reanalysis_ECMWF
Bhubaneswar,2023-04-10T03:00,2023,24.3,81,6.1,0.0,27.7,1004.3,20.9,ERA5_Reanalysis_ECMWF
Bhubaneswar,2023-04-10T04:00,2023,24.0,82,5.7,0.0,27.4,1004.6,20.8,ERA5_Reanalysis_ECMWF
Bhubaneswar,2023-04-10T05:00,2023,24.3,88,4.9,0.0,28.6,1005.4,22.1,ERA5_Reanalysis_ECMWF
Bhubaneswar,2023-04-10T06:00,2023,26.5,76,7.0,46.0,30.3,1006.4,21.9,ERA5_Reanalysis_ECMWF
Bhubaneswar,2023-04-10T07:00,2023,29.3,67,3.4,230.0,33.9,1007.6,22.4,ERA5_Reanalysis_ECMWF
Bhubaneswar,2023-04-10T08:00,2023,32.1,57,4.3,452.0,36.6,1007.9,22.5,ERA5_Reanalysis_ECMWF
Bhubaneswar,2023-04-10T09:00,2023,34.4,46,7.3,657.0,38.5,1007.9,21.2,ERA5_Reanalysis_ECMWF
Bhubaneswar,2023-04-10T10:00,2023,36.3,36,8.7,817.0,40.0,1007.5,19.1,ERA5_Reanalysis_ECMWF
Bhubaneswar,2023-04-10T11:00,2023,37.8,29,10.5,901.0,40.5,1006.7,16.5,ERA5_Reanalysis_ECMWF
Bhubaneswar,2023-04-10T12:00,2023,38.2,27,10.5,878.0,40.5,1005.4,15.8,ERA5_Reanalysis_ECMWF
Bhubaneswar,2023-04-10T13:00,2023,38.4,26,10.3,764.0,40.0,1004.1,15.6,ERA5_Reanalysis_ECMWF
Bhubaneswar,2023-04-10T14:00,2023,38.5,26,9.9,648.0,39.6,1003.2,15.8,ERA5_Reanalysis_ECMWF
Bhubaneswar,2023-04-10T15:00,2023,37.5,27,11.0,404.0,37.6,1003.0,15.2,ERA5_Reanalysis_ECMWF
Bhubaneswar,2023-04-10T16:00,2023,35.8,31,14.4,227.0,35.8,1003.1,16.2,ERA5_Reanalysis_ECMWF
Bhubaneswar,2023-04-10T17:00,2023,34.1,41,13.8,105.0,35.5,1003.4,19.1,ERA5_Reanalysis_ECMWF
Bhubaneswar,2023-04-10T18:00,2023,32.1,52,17.0,11.0,33.9,1003.7,21.0,ERA5_Reanalysis_ECMWF
Bhubaneswar,2023-04-10T19:00,2023,31.2,52,12.7,0.0,33.2,1004.4,20.1,ERA5_Reanalysis_ECMWF
Bhubaneswar,2023-04-10T20:00,2023,30.1,58,12.8,0.0,32.6,1005.4,21.1,ERA5_Reanalysis_ECMWF
Bhubaneswar,2023-04-10T21:00,2023,29.0,63,10.6,0.0,31.9,1005.8,21.2,ERA5_Reanalysis_ECMWF
Bhubaneswar,2023-04-10T22:00,2023,28.2,68,8.6,0.0,31.6,1005.6,21.7,ERA5_Reanalysis_ECMWF
Bhubaneswar,2023-04-10T23:00,2023,27.4,71,7.7,0.0,31.0,1005.1,21.7,ERA5_Reanalysis_ECMWF
Bhubaneswar,2023-04-11T00:00,2023,26.9,71,7.7,0.0,30.2,1004.6,21.1,ERA5_Reanalysis_ECMWF
Bhubaneswar,2023-04-11T01:00,2023,27.0,59,8.0,0.0,28.9,1003.9,18.3,ERA5_Reanalysis_ECMWF
Bhubaneswar,2023-04-11T02:00,2023,26.7,54,7.6,0.0,27.8,1003.3,16.6,ERA5_Reanalysis_ECMWF
Bhubaneswar,2023-04-11T03:00,2023,26.3,55,7.4,0.0,27.4,1003.2,16.5,ERA5_Reanalysis_ECMWF
Bhubaneswar,2023-04-11T04:00,2023,25.6,59,6.9,0.0,27.1,1003.7,17.0,ERA5_Reanalysis_ECMWF
Bhubaneswar,2023-04-11T05:00,2023,25.2,68,9.6,0.0,27.1,1004.3,18.9,ERA5_Reanalysis_ECMWF
Bhubaneswar,2023-04-11T06:00,2023,27.8,60,9.4,50.0,29.9,1005.3,19.3,ERA5_Reanalysis_ECMWF
Bhubaneswar,2023-04-11T07:00,2023,30.6,55,8.5,238.0,33.4,1006.5,20.5,ERA5_Reanalysis_ECMWF
Bhubaneswar,2023-04-11T08:00,2023,33.6,46,10.1,463.0,36.1,1007.3,20.4,ERA5_Reanalysis_ECMWF
Bhubaneswar,2023-04-11T09:00,2023,35.7,37,16.5,669.0,37.1,1007.4,18.8,ERA5_Reanalysis_ECMWF
Bhubaneswar,2023-04-11T10:00,2023,36.8,33,17.0,830.0,38.7,1007.0,18.0,ERA5_Reanalysis_ECMWF
Bhubaneswar,2023-04-11T11:00,2023,38.0,28,16.5,909.0,39.6,1006.3,16.3,ERA5_Reanalysis_ECMWF
Bhubaneswar,2023-04-11T12:00,2023,38.7,24,16.3,880.0,39.4,1005.1,14.3,ERA5_Reanalysis_ECMWF
Bhubaneswar,2023-04-11T13:00,2023,39.0,22,14.5,834.0,39.4,1004.3,13.5,ERA5_Reanalysis_ECMWF
Bhubaneswar,2023-04-11T14:00,2023,38.9,22,13.0,701.0,38.9,1003.3,13.5,ERA5_Reanalysis_ECMWF
Bhubaneswar,2023-04-11T15:00,2023,38.5,23,9.6,574.0,38.3,1002.9,13.5,ERA5_Reanalysis_ECMWF
Bhubaneswar,2023-04-11T16:00,2023,37.6,26,4.3,367.0,38.5,1002.5,14.6,ERA5_Reanalysis_ECMWF
Bhubaneswar,2023-04-11T17:00,2023,34.2,51,6.2,145.0,38.6,1003.1,22.7,ERA5_Reanalysis_ECMWF
Bhubaneswar,2023-04-11T18:00,2023,32.5,42,11.3,12.0,33.7,1003.9,18.0,ERA5_Reanalysis_ECMWF
Bhubaneswar,2023-04-11T19:00,2023,30.2,55,12.0,0.0,32.4,1004.6,20.3,ERA5_Reanalysis_ECMWF
Bhubaneswar,2023-04-11T20:00,2023,29.1,63,8.3,0.0,32.3,1005.4,21.3,ERA5_Reanalysis_ECMWF
Bhubaneswar,2023-04-11T21:00,2023,28.3,68,9.7,0.0,31.7,1005.9,21.8,ERA5_Reanalysis_ECMWF
Bhubaneswar,2023-04-11T22:00,2023,27.4,72,7.1,0.0,31.2,1006.0,21.9,ERA5_Reanalysis_ECMWF
Bhubaneswar,2023-04-11T23:00,2023,27.1,73,8.2,0.0,30.8,1005.6,22.0,ERA5_Reanalysis_ECMWF
Bhubaneswar,2023-04-12T00:00,2023,26.9,72,8.9,0.0,30.2,1004.9,21.4,ERA5_Reanalysis_ECMWF
Bhubaneswar,2023-04-12T01:00,2023,26.7,69,9.4,0.0,29.4,1004.3,20.6,ERA5_Reanalysis_ECMWF
Bhubaneswar,2023-04-12T02:00,2023,26.3,66,8.9,0.0,28.5,1003.7,19.5,ERA5_Reanalysis_ECMWF
Bhubaneswar,2023-04-12T03:00,2023,25.4,65,6.5,0.0,27.5,1003.4,18.4,ERA5_Reanalysis_ECMWF
Bhubaneswar,2023-04-12T04:00,2023,24.2,69,7.9,0.0,26.0,1003.6,18.1,ERA5_Reanalysis_ECMWF
Bhubaneswar,2023-04-12T05:00,2023,25.4,69,7.2,0.0,27.8,1004.1,19.4,ERA5_Reanalysis_ECMWF
Bhubaneswar,2023-04-12T06:00,2023,28.1,62,8.8,52.0,30.7,1005.1,20.2,ERA5_Reanalysis_ECMWF
Bhubaneswar,2023-04-12T07:00,2023,31.4,55,6.1,244.0,34.9,1005.8,21.1,ERA5_Reanalysis_ECMWF
Bhubaneswar,2023-04-12T08:00,2023,33.8,47,8.6,474.0,36.7,1006.4,20.8,ERA5_Reanalysis_ECMWF
Bhubaneswar,2023-04-12T09:00,2023,35.8,37,9.9,683.0,38.3,1006.6,18.8,ERA5_Reanalysis_ECMWF
Bhubaneswar,2023-04-12T10:00,2023,37.2,30,10.5,844.0,39.7,1006.3,16.8,ERA5_Reanalysis_ECMWF
Bhubaneswar,2023-04-12T11:00,2023,38.0,28,11.4,942.0,40.7,1005.5,16.3,ERA5_Reanalysis_ECMWF
Bhubaneswar,2023-04-12T12:00,2023,38.9,24,11.9,966.0,40.9,1004.5,14.4,ERA5_Reanalysis_ECMWF
Bhubaneswar,2023-04-12T13:00,2023,39.4,20,10.6,913.0,40.7,1003.4,12.5,ERA5_Reanalysis_ECMWF
Bhubaneswar,2023-04-12T14:00,2023,39.8,19,8.2,790.0,40.5,1002.3,11.8,ERA5_Reanalysis_ECMWF
Bhubaneswar,2023-04-12T15:00,2023,39.5,18,2.9,609.0,39.8,1001.7,11.0,ERA5_Reanalysis_ECMWF
Bhubaneswar,2023-04-12T16:00,2023,38.6,19,1.8,384.0,38.5,1001.4,10.6,ERA5_Reanalysis_ECMWF
Bhubaneswar,2023-04-12T17:00,2023,34.3,45,8.0,158.0,37.3,1002.1,20.7,ERA5_Reanalysis_ECMWF
Bhubaneswar,2023-04-12T18:00,2023,31.2,55,13.9,14.0,33.6,1002.9,21.1,ERA5_Reanalysis_ECMWF
Bhubaneswar,2023-04-12T19:00,2023,29.2,64,9.3,0.0,32.5,1003.9,21.6,ERA5_Reanalysis_ECMWF
Bhubaneswar,2023-04-12T20:00,2023,28.0,69,8.0,0.0,31.7,1004.8,21.9,ERA5_Reanalysis_ECMWF
Bhubaneswar,2023-04-12T21:00,2023,27.3,75,9.5,0.0,31.1,1005.1,22.5,ERA5_Reanalysis_ECMWF
Bhubaneswar,2023-04-12T22:00,2023,26.8,82,8.2,0.0,31.3,1004.8,23.5,ERA5_Reanalysis_ECMWF
Bhubaneswar,2023-04-12T23:00,2023,26.0,89,7.9,0.0,30.9,1004.3,24.0,ERA5_Reanalysis_ECMWF
Bhubaneswar,2023-04-13T00:00,2023,25.4,91,6.2,0.0,30.5,1003.8,23.9,ERA5_Reanalysis_ECMWF
Bhubaneswar,2023-04-13T01:00,2023,25.3,90,8.0,0.0,29.9,1003.3,23.6,ERA5_Reanalysis_ECMWF
Bhubaneswar,2023-04-13T02:00,2023,25.2,86,7.8,0.0,29.3,1002.9,22.7,ERA5_Reanalysis_ECMWF
Bhubaneswar,2023-04-13T03:00,2023,24.5,84,7.2,0.0,28.2,1002.7,21.7,ERA5_Reanalysis_ECMWF
Bhubaneswar,2023-04-13T04:00,2023,23.8,84,9.0,0.0,26.7,1003.1,20.9,ERA5_Reanalysis_ECMWF
Bhubaneswar,2023-04-13T05:00,2023,25.7,82,5.4,0.0,30.1,1003.9,22.4,ERA5_Reanalysis_ECMWF
Bhubaneswar,2023-04-13T06:00,2023,26.8,77,3.8,54.0,31.4,1004.6,22.4,ERA5_Reanalysis_ECMWF
Bhubaneswar,2023-04-13T07:00,2023,29.9,64,1.8,249.0,34.8,1005.3,22.5,ERA5_Reanalysis_ECMWF
Bhubaneswar,2023-04-13T08:00,2023,32.9,53,2.7,479.0,37.5,1005.8,22.2,ERA5_Reanalysis_ECMWF
Bhubaneswar,2023-04-13T09:00,2023,35.7,44,1.5,687.0,41.0,1005.5,21.6,ERA5_Reanalysis_ECMWF
Bhubaneswar,2023-04-13T10:00,2023,38.3,30,1.1,847.0,42.7,1005.0,17.4,ERA5_Reanalysis_ECMWF
Bhubaneswar,2023-04-13T11:00,2023,39.6,22,3.3,943.0,43.0,1004.2,14.1,ERA5_Reanalysis_ECMWF
Bhubaneswar,2023-04-13T12:00,2023,40.2,20,5.6,967.0,42.8,1003.1,12.7,ERA5_Reanalysis_ECMWF
Bhubaneswar,2023-04-13T13:00,2023,40.6,17,8.4,916.0,41.9,1002.0,11.3,ERA5_Reanalysis_ECMWF
Bhubaneswar,2023-04-13T14:00,2023,40.5,17,8.6,793.0,40.9,1001.0,11.1,ERA5_Reanalysis_ECMWF
Bhubaneswar,2023-04-13T15:00,2023,40.6,16,7.0,602.0,39.9,1000.4,10.3,ERA5_Reanalysis_ECMWF
Bhubaneswar,2023-04-13T16:00,2023,39.6,22,5.2,384.0,39.9,1000.4,13.6,ERA5_Reanalysis_ECMWF
Bhubaneswar,2023-04-13T17:00,2023,34.9,32,14.5,158.0,34.7,1001.2,15.8,ERA5_Reanalysis_ECMWF
Bhubaneswar,2023-04-13T18:00,2023,31.7,47,11.3,14.0,33.4,1001.9,19.0,ERA5_Reanalysis_ECMWF
Bhubaneswar,2023-04-13T19:00,2023,30.3,57,10.2,0.0,33.1,1003.2,20.8,ERA5_Reanalysis_ECMWF
Bhubaneswar,2023-04-13T20:00,2023,29.2,61,11.2,0.0,31.8,1004.1,20.8,ERA5_Reanalysis_ECMWF
Bhubaneswar,2023-04-13T21:00,2023,28.5,67,10.5,0.0,31.8,1004.5,21.8,ERA5_Reanalysis_ECMWF
Bhubaneswar,2023-04-13T22:00,2023,27.7,74,9.5,0.0,31.5,1004.5,22.6,ERA5_Reanalysis_ECMWF
Bhubaneswar,2023-04-13T23:00,2023,27.2,76,10.7,0.0,30.8,1004.1,22.5,ERA5_Reanalysis_ECMWF
Bhubaneswar,2023-04-14T00:00,2023,26.8,76,11.8,0.0,30.1,1003.1,22.3,ERA5_Reanalysis_ECMWF
Bhubaneswar,2023-04-14T01:00,2023,26.5,77,10.7,0.0,29.9,1002.5,22.1,ERA5_Reanalysis_ECMWF
Bhubaneswar,2023-04-14T02:00,2023,25.9,79,8.2,0.0,29.6,1002.2,22.0,ERA5_Reanalysis_ECMWF
Bhubaneswar,2023-04-14T03:00,2023,25.2,83,7.2,0.0,29.0,1002.0,22.0,ERA5_Reanalysis_ECMWF
Bhubaneswar,2023-04-14T04:00,2023,24.8,84,7.7,0.0,28.6,1002.3,21.9,ERA5_Reanalysis_ECMWF
Bhubaneswar,2023-04-14T05:00,2023,25.4,85,8.2,0.0,29.5,1002.8,22.7,ERA5_Reanalysis_ECMWF
Bhubaneswar,2023-04-14T06:00,2023,27.3,77,9.3,56.0,31.4,1004.0,23.0,ERA5_Reanalysis_ECMWF
Bhubaneswar,2023-04-14T07:00,2023,30.2,68,2.9,250.0,35.5,1004.9,23.6,ERA5_Reanalysis_ECMWF
Bhubaneswar,2023-04-14T08:00,2023,33.1,54,2.2,477.0,38.1,1005.5,22.7,ERA5_Reanalysis_ECMWF
Bhubaneswar,2023-04-14T09:00,2023,36.0,42,3.1,682.0,40.7,1005.3,21.0,ERA5_Reanalysis_ECMWF
Bhubaneswar,2023-04-14T10:00,2023,38.2,33,4.3,839.0,42.7,1004.6,18.9,ERA5_Reanalysis_ECMWF
Bhubaneswar,2023-04-14T11:00,2023,39.9,26,5.9,933.0,43.7,1003.9,16.7,ERA5_Reanalysis_ECMWF
Bhubaneswar,2023-04-14T12:00,2023,40.8,22,4.5,908.0,44.0,1002.7,14.7,ERA5_Reanalysis_ECMWF
Bhubaneswar,2023-04-14T13:00,2023,41.3,20,4.3,811.0,43.5,1001.4,13.6,ERA5_Reanalysis_ECMWF
Bhubaneswar,2023-04-14T14:00,2023,41.4,19,7.1,715.0,42.4,1000.5,13.3,ERA5_Reanalysis_ECMWF
Bhubaneswar,2023-04-14T15:00,2023,40.6,21,7.9,537.0,40.6,1000.0,13.7,ERA5_Reanalysis_ECMWF
Bhubaneswar,2023-04-14T16:00,2023,36.4,35,19.8,327.0,36.6,999.9,18.6,ERA5_Reanalysis_ECMWF
Bhubaneswar,2023-04-14T17:00,2023,34.3,46,15.6,131.0,36.3,1000.2,20.9,ERA5_Reanalysis_ECMWF
Bhubaneswar,2023-04-14T18:00,2023,32.2,53,14.5,13.0,34.6,1000.7,21.4,ERA5_Reanalysis_ECMWF
Bhubaneswar,2023-04-14T19:00,2023,30.7,62,14.3,0.0,33.8,1001.7,22.6,ERA5_Reanalysis_ECMWF
Bhubaneswar,2023-04-14T20:00,2023,29.8,66,14.0,0.0,33.2,1002.5,22.9,ERA5_Reanalysis_ECMWF
Bhubaneswar,2023-04-14T21:00,2023,29.4,69,13.5,0.0,32.9,1002.9,23.1,ERA5_Reanalysis_ECMWF
Bhubaneswar,2023-04-14T22:00,2023,28.8,71,12.0,0.0,32.5,1002.8,23.0,ERA5_Reanalysis_ECMWF
Bhubaneswar,2023-04-14T23:00,2023,28.2,74,7.4,0.0,32.6,1002.5,23.1,ERA5_Reanalysis_ECMWF
Bhubaneswar,2023-04-15T00:00,2023,27.6,77,7.3,0.0,32.0,1001.9,23.1,ERA5_Reanalysis_ECMWF
Bhubaneswar,2023-04-15T01:00,2023,27.3,77,9.5,0.0,31.4,1001.3,23.0,ERA5_Reanalysis_ECMWF
Bhubaneswar,2023-04-15T02:00,2023,27.2,77,10.1,0.0,31.0,1000.8,22.7,ERA5_Reanalysis_ECMWF
Bhubaneswar,2023-04-15T03:00,2023,27.1,76,11.1,0.0,30.7,1000.7,22.5,ERA5_Reanalysis_ECMWF
Bhubaneswar,2023-04-15T04:00,2023,26.5,78,6.7,0.0,30.6,1001.3,22.4,ERA5_Reanalysis_ECMWF
Bhubaneswar,2023-04-15T05:00,2023,26.1,83,5.4,0.0,30.7,1002.1,23.0,ERA5_Reanalysis_ECMWF
Bhubaneswar,2023-04-15T06:00,2023,28.0,75,7.6,56.0,32.5,1003.1,23.2,ERA5_Reanalysis_ECMWF
Bhubaneswar,2023-04-15T07:00,2023,31.2,62,5.4,244.0,35.9,1003.9,23.0,ERA5_Reanalysis_ECMWF
Bhubaneswar,2023-04-15T08:00,2023,34.5,47,7.2,468.0,38.2,1004.3,21.7,ERA5_Reanalysis_ECMWF
Bhubaneswar,2023-04-15T09:00,2023,36.9,38,6.5,675.0,40.7,1004.2,20.3,ERA5_Reanalysis_ECMWF
Bhubaneswar,2023-04-15T10:00,2023,38.6,32,6.5,832.0,42.7,1004.0,19.0,ERA5_Reanalysis_ECMWF
Bhubaneswar,2023-04-15T11:00,2023,40.0,26,4.7,924.0,44.2,1003.1,17.1,ERA5_Reanalysis_ECMWF
Bhubaneswar,2023-04-15T12:00,2023,40.9,24,3.3,948.0,45.0,1001.8,16.1,ERA5_Reanalysis_ECMWF
Bhubaneswar,2023-04-15T13:00,2023,41.5,22,2.4,862.0,44.9,1000.5,15.1,ERA5_Reanalysis_ECMWF
Bhubaneswar,2023-04-15T14:00,2023,41.4,21,4.5,718.0,43.4,999.6,14.9,ERA5_Reanalysis_ECMWF
Bhubaneswar,2023-04-15T15:00,2023,40.6,22,9.7,439.0,40.8,999.4,14.9,ERA5_Reanalysis_ECMWF
Bhubaneswar,2023-04-15T16:00,2023,37.3,36,10.2,262.0,39.4,999.6,19.7,ERA5_Reanalysis_ECMWF
Bhubaneswar,2023-04-15T17:00,2023,35.8,48,6.5,111.0,40.4,999.6,23.2,ERA5_Reanalysis_ECMWF
Bhubaneswar,2023-04-15T18:00,2023,34.7,45,3.6,13.0,38.5,1000.4,21.1,ERA5_Reanalysis_ECMWF
Bhubaneswar,2023-04-15T19:00,2023,32.5,54,6.1,0.0,36.5,1001.5,22.1,ERA5_Reanalysis_ECMWF
Bhubaneswar,2023-04-15T20:00,2023,30.7,69,6.2,0.0,36.0,1002.2,24.3,ERA5_Reanalysis_ECMWF
Bhubaneswar,2023-04-15T21:00,2023,29.9,72,6.9,0.0,35.1,1002.4,24.2,ERA5_Reanalysis_ECMWF
Bhubaneswar,2023-04-15T22:00,2023,29.2,76,10.0,0.0,34.1,1002.3,24.5,ERA5_Reanalysis_ECMWF
Bhubaneswar,2023-04-15T23:00,2023,28.6,80,8.0,0.0,34.1,1001.6,24.9,ERA5_Reanalysis_ECMWF
Bhubaneswar,2023-04-16T00:00,2023,28.1,82,5.9,0.0,33.8,1000.7,24.7,ERA5_Reanalysis_ECMWF
Bhubaneswar,2023-04-16T01:00,2023,27.5,85,5.4,0.0,33.2,1000.1,24.7,ERA5_Reanalysis_ECMWF
Bhubaneswar,2023-04-16T02:00,2023,27.3,85,7.7,0.0,32.6,999.7,24.6,ERA5_Reanalysis_ECMWF
Bhubaneswar,2023-04-16T03:00,2023,27.3,84,7.7,0.0,32.4,999.6,24.3,ERA5_Reanalysis_ECMWF
Bhubaneswar,2023-04-16T04:00,2023,27.3,81,7.7,0.0,32.1,1000.1,23.8,ERA5_Reanalysis_ECMWF
Bhubaneswar,2023-04-16T05:00,2023,26.7,85,6.5,0.0,31.8,1001.0,23.9,ERA5_Reanalysis_ECMWF
Bhubaneswar,2023-04-16T06:00,2023,29.1,73,6.4,54.0,34.0,1001.6,23.7,ERA5_Reanalysis_ECMWF
Bhubaneswar,2023-04-16T07:00,2023,32.0,62,5.8,243.0,37.0,1002.7,23.8,ERA5_Reanalysis_ECMWF
Bhubaneswar,2023-04-16T08:00,2023,34.3,51,8.0,455.0,38.4,1003.1,22.7,ERA5_Reanalysis_ECMWF
Bhubaneswar,2023-04-16T09:00,2023,36.1,45,6.8,664.0,40.9,1003.1,22.4,ERA5_Reanalysis_ECMWF
Bhubaneswar,2023-04-16T10:00,2023,37.6,43,6.3,822.0,43.6,1002.7,22.7,ERA5_Reanalysis_ECMWF
Bhubaneswar,2023-04-16T11:00,2023,39.1,35,5.4,892.0,44.8,1001.9,21.0,ERA5_Reanalysis_ECMWF
Bhubaneswar,2023-04-16T12:00,2023,39.6,31,1.6,826.0,44.8,1001.0,19.4,ERA5_Reanalysis_ECMWF
Bhubaneswar,2023-04-16T13:00,2023,37.6,35,13.4,675.0,39.9,1000.8,19.6,ERA5_Reanalysis_ECMWF
Bhubaneswar,2023-04-16T14:00,2023,38.5,27,3.3,537.0,40.0,999.7,15.9,ERA5_Reanalysis_ECMWF
Bhubaneswar,2023-04-16T15:00,2023,38.8,25,4.3,516.0,40.0,998.8,15.5,ERA5_Reanalysis_ECMWF
Bhubaneswar,2023-04-16T16:00,2023,38.5,27,1.5,270.0,40.3,998.6,16.0,ERA5_Reanalysis_ECMWF
Bhubaneswar,2023-04-16T17:00,2023,34.8,58,5.4,148.0,40.8,999.2,25.2,ERA5_Reanalysis_ECMWF
Bhubaneswar,2023-04-16T18:00,2023,33.1,51,7.9,13.0,36.5,1000.0,21.5,ERA5_Reanalysis_ECMWF
Bhubaneswar,2023-04-16T19:00,2023,31.2,73,10.6,0.0,36.9,1001.2,25.8,ERA5_Reanalysis_ECMWF
Bhubaneswar,2023-04-16T20:00,2023,29.9,82,8.1,0.0,36.4,1001.9,26.4,ERA5_Reanalysis_ECMWF
Bhubaneswar,2023-04-16T21:00,2023,29.0,85,7.2,0.0,35.5,1002.3,26.3,ERA5_Reanalysis_ECMWF
Bhubaneswar,2023-04-16T22:00,2023,28.5,85,8.0,0.0,34.5,1002.1,25.7,ERA5_Reanalysis_ECMWF
Bhubaneswar,2023-04-16T23:00,2023,28.1,82,7.4,0.0,33.5,1001.4,24.8,ERA5_Reanalysis_ECMWF
Bhubaneswar,2023-04-17T00:00,2023,27.5,83,6.6,0.0,32.7,1000.9,24.3,ERA5_Reanalysis_ECMWF
Bhubaneswar,2023-04-17T01:00,2023,27.2,83,9.8,0.0,31.9,1000.5,24.1,ERA5_Reanalysis_ECMWF
Bhubaneswar,2023-04-17T02:00,2023,27.2,84,8.3,0.0,32.2,1000.1,24.3,ERA5_Reanalysis_ECMWF
Bhubaneswar,2023-04-17T03:00,2023,26.7,84,6.2,0.0,31.7,1000.1,23.8,ERA5_Reanalysis_ECMWF
Bhubaneswar,2023-04-17T04:00,2023,26.1,84,6.8,0.0,30.7,1000.7,23.2,ERA5_Reanalysis_ECMWF
Bhubaneswar,2023-04-17T05:00,2023,26.0,87,6.3,0.0,30.9,1001.3,23.7,ERA5_Reanalysis_ECMWF
Bhubaneswar,2023-04-17T06:00,2023,28.2,78,5.1,60.0,33.5,1001.9,24.0,ERA5_Reanalysis_ECMWF
Bhubaneswar,2023-04-17T07:00,2023,31.0,66,5.9,255.0,36.2,1002.9,23.9,ERA5_Reanalysis_ECMWF
Bhubaneswar,2023-04-17T08:00,2023,33.6,58,7.8,481.0,38.6,1003.4,24.1,ERA5_Reanalysis_ECMWF
Bhubaneswar,2023-04-17T09:00,2023,36.0,49,9.5,682.0,41.2,1003.4,23.5,ERA5_Reanalysis_ECMWF
Bhubaneswar,2023-04-17T10:00,2023,38.1,40,9.2,834.0,43.4,1003.0,22.3,ERA5_Reanalysis_ECMWF
Bhubaneswar,2023-04-17T11:00,2023,39.7,32,7.4,935.0,44.6,1002.3,19.7,ERA5_Reanalysis_ECMWF
Bhubaneswar,2023-04-17T12:00,2023,41.1,22,6.1,892.0,44.1,1001.3,15.2,ERA5_Reanalysis_ECMWF
Bhubaneswar,2023-04-17T13:00,2023,40.8,20,6.1,554.0,40.9,1000.2,13.2,ERA5_Reanalysis_ECMWF
Bhubaneswar,2023-04-17T14:00,2023,41.3,17,7.8,719.0,41.7,999.4,11.7,ERA5_Reanalysis_ECMWF
Bhubaneswar,2023-04-17T15:00,2023,41.2,18,6.0,515.0,40.9,999.1,11.9,ERA5_Reanalysis_ECMWF
Bhubaneswar,2023-04-17T16:00,2023,36.8,43,17.7,329.0,39.1,999.5,22.1,ERA5_Reanalysis_ECMWF
Bhubaneswar,2023-04-17T17:00,2023,33.9,53,14.8,140.0,37.2,1000.2,23.0,ERA5_Reanalysis_ECMWF
Bhubaneswar,2023-04-17T18:00,2023,32.3,59,17.7,11.0,35.4,1001.1,23.3,ERA5_Reanalysis_ECMWF
Bhubaneswar,2023-04-17T19:00,2023,31.3,64,14.9,0.0,34.9,1001.9,23.6,ERA5_Reanalysis_ECMWF
Bhubaneswar,2023-04-17T20:00,2023,30.1,69,10.0,0.0,34.6,1002.7,23.9,ERA5_Reanalysis_ECMWF
Bhubaneswar,2023-04-17T21:00,2023,29.2,71,7.3,0.0,33.9,1003.0,23.5,ERA5_Reanalysis_ECMWF
Bhubaneswar,2023-04-17T22:00,2023,28.3,76,7.7,0.0,33.1,1003.3,23.8,ERA5_Reanalysis_ECMWF
Bhubaneswar,2023-04-17T23:00,2023,28.0,78,9.6,0.0,32.6,1002.9,23.9,ERA5_Reanalysis_ECMWF
Bhubaneswar,2023-04-18T00:00,2023,27.9,78,10.9,0.0,32.2,1002.2,23.8,ERA5_Reanalysis_ECMWF
Bhubaneswar,2023-04-18T01:00,2023,27.4,79,9.1,0.0,31.8,1001.5,23.4,ERA5_Reanalysis_ECMWF
Bhubaneswar,2023-04-18T02:00,2023,26.9,79,8.3,0.0,31.2,1001.0,23.0,ERA5_Reanalysis_ECMWF
Bhubaneswar,2023-04-18T03:00,2023,26.8,76,8.9,0.0,30.6,1000.8,22.3,ERA5_Reanalysis_ECMWF
Bhubaneswar,2023-04-18T04:00,2023,26.1,79,6.6,0.0,30.1,1001.3,22.1,ERA5_Reanalysis_ECMWF
Bhubaneswar,2023-04-18T05:00,2023,25.8,86,5.9,0.0,30.5,1002.1,23.3,ERA5_Reanalysis_ECMWF
Bhubaneswar,2023-04-18T06:00,2023,27.6,80,6.0,62.0,32.7,1002.9,23.9,ERA5_Reanalysis_ECMWF
Bhubaneswar,2023-04-18T07:00,2023,30.3,72,4.4,257.0,36.2,1003.7,24.7,ERA5_Reanalysis_ECMWF
Bhubaneswar,2023-04-18T08:00,2023,33.4,60,4.9,482.0,39.0,1004.6,24.4,ERA5_Reanalysis_ECMWF
Bhubaneswar,2023-04-18T09:00,2023,36.0,48,5.8,685.0,41.5,1004.8,23.1,ERA5_Reanalysis_ECMWF
Bhubaneswar,2023-04-18T10:00,2023,38.2,37,5.4,840.0,43.6,1004.3,21.1,ERA5_Reanalysis_ECMWF
Bhubaneswar,2023-04-18T11:00,2023,39.9,30,4.1,932.0,45.1,1003.6,19.1,ERA5_Reanalysis_ECMWF
Bhubaneswar,2023-04-18T12:00,2023,41.0,26,4.0,948.0,45.6,1002.5,17.5,ERA5_Reanalysis_ECMWF
Bhubaneswar,2023-04-18T13:00,2023,41.3,21,7.4,743.0,42.8,1001.4,14.4,ERA5_Reanalysis_ECMWF
Bhubaneswar,2023-04-18T14:00,2023,41.3,19,3.3,529.0,41.8,1000.4,13.2,ERA5_Reanalysis_ECMWF
Bhubaneswar,2023-04-18T15:00,2023,40.3,23,12.7,454.0,40.2,999.9,15.4,ERA5_Reanalysis_ECMWF
Bhubaneswar,2023-04-18T16:00,2023,37.6,36,18.1,339.0,38.9,1000.0,20.2,ERA5_Reanalysis_ECMWF
Bhubaneswar,2023-04-18T17:00,2023,34.3,51,15.5,135.0,37.3,1000.1,22.8,ERA5_Reanalysis_ECMWF
Bhubaneswar,2023-04-18T18:00,2023,32.3,54,11.7,14.0,35.3,1000.6,21.8,ERA5_Reanalysis_ECMWF
Bhubaneswar,2023-04-18T19:00,2023,30.5,61,6.4,0.0,34.4,1001.4,22.0,ERA5_Reanalysis_ECMWF
Bhubaneswar,2023-04-18T20:00,2023,29.8,66,8.9,0.0,33.9,1002.2,22.8,ERA5_Reanalysis_ECMWF
Bhubaneswar,2023-04-18T21:00,2023,29.3,71,13.0,0.0,33.2,1002.2,23.6,ERA5_Reanalysis_ECMWF
Bhubaneswar,2023-04-18T22:00,2023,28.7,73,13.7,0.0,32.5,1002.1,23.5,ERA5_Reanalysis_ECMWF
Bhubaneswar,2023-04-18T23:00,2023,28.5,71,13.8,0.0,31.8,1001.6,22.7,ERA5_Reanalysis_ECMWF
Bhubaneswar,2023-04-19T00:00,2023,28.4,68,11.2,0.0,31.5,1001.1,21.9,ERA5_Reanalysis_ECMWF
Bhubaneswar,2023-04-19T01:00,2023,27.9,67,10.0,0.0,30.9,1000.3,21.2,ERA5_Reanalysis_ECMWF
Bhubaneswar,2023-04-19T02:00,2023,27.5,66,10.5,0.0,30.1,999.7,20.6,ERA5_Reanalysis_ECMWF
Bhubaneswar,2023-04-19T03:00,2023,26.8,68,8.4,0.0,29.6,999.3,20.4,ERA5_Reanalysis_ECMWF
Bhubaneswar,2023-04-19T04:00,2023,25.7,72,5.3,0.0,28.8,999.7,20.2,ERA5_Reanalysis_ECMWF
Bhubaneswar,2023-04-19T05:00,2023,25.7,86,5.2,0.0,30.5,1000.1,23.2,ERA5_Reanalysis_ECMWF
Bhubaneswar,2023-04-19T06:00,2023,27.6,78,6.4,62.0,32.4,1000.5,23.4,ERA5_Reanalysis_ECMWF
Bhubaneswar,2023-04-19T07:00,2023,31.0,66,5.4,253.0,36.1,1001.3,23.8,ERA5_Reanalysis_ECMWF
Bhubaneswar,2023-04-19T08:00,2023,33.8,52,5.0,482.0,38.3,1002.2,22.7,ERA5_Reanalysis_ECMWF
Bhubaneswar,2023-04-19T09:00,2023,36.1,42,3.7,650.0,40.7,1002.2,21.3,ERA5_Reanalysis_ECMWF
Bhubaneswar,2023-04-19T10:00,2023,38.3,35,4.7,845.0,43.4,1001.6,20.2,ERA5_Reanalysis_ECMWF
Bhubaneswar,2023-04-19T11:00,2023,39.7,30,2.9,937.0,45.1,1000.4,19.0,ERA5_Reanalysis_ECMWF
Bhubaneswar,2023-04-19T12:00,2023,40.6,27,8.5,961.0,44.7,999.7,18.0,ERA5_Reanalysis_ECMWF
Bhubaneswar,2023-04-19T13:00,2023,37.3,32,7.1,537.0,38.9,999.5,17.6,ERA5_Reanalysis_ECMWF
Bhubaneswar,2023-04-19T14:00,2023,37.5,29,12.6,448.0,37.9,997.8,16.5,ERA5_Reanalysis_ECMWF
Bhubaneswar,2023-04-19T15:00,2023,38.4,26,8.2,568.0,39.1,997.1,15.5,ERA5_Reanalysis_ECMWF
Bhubaneswar,2023-04-19T16:00,2023,37.2,29,8.0,381.0,38.2,996.9,16.4,ERA5_Reanalysis_ECMWF
Bhubaneswar,2023-04-19T17:00,2023,34.9,45,7.4,138.0,38.2,996.3,21.1,ERA5_Reanalysis_ECMWF
Bhubaneswar,2023-04-19T18:00,2023,32.1,62,12.6,15.0,36.3,996.8,24.0,ERA5_Reanalysis_ECMWF
Bhubaneswar,2023-04-19T19:00,2023,30.3,69,11.6,0.0,34.6,997.4,23.9,ERA5_Reanalysis_ECMWF
Bhubaneswar,2023-04-19T20:00,2023,29.2,72,7.6,0.0,33.9,998.5,23.6,ERA5_Reanalysis_ECMWF
Bhubaneswar,2023-04-19T21:00,2023,28.6,75,9.0,0.0,33.2,999.1,23.8,ERA5_Reanalysis_ECMWF
Bhubaneswar,2023-04-19T22:00,2023,28.3,76,10.8,0.0,32.6,999.1,23.7,ERA5_Reanalysis_ECMWF
Bhubaneswar,2023-04-19T23:00,2023,28.0,74,12.2,0.0,31.6,998.5,23.0,ERA5_Reanalysis_ECMWF
Bhubaneswar,2023-04-20T00:00,2023,27.6,74,13.3,0.0,30.9,997.6,22.6,ERA5_Reanalysis_ECMWF
Bhubaneswar,2023-04-20T01:00,2023,27.1,76,9.2,0.0,31.0,996.8,22.6,ERA5_Reanalysis_ECMWF
Bhubaneswar,2023-04-20T02:00,2023,26.4,79,7.8,0.0,30.5,996.2,22.5,ERA5_Reanalysis_ECMWF
Bhubaneswar,2023-04-20T03:00,2023,26.0,78,7.8,0.0,29.7,996.1,21.9,ERA5_Reanalysis_ECMWF
Bhubaneswar,2023-04-20T04:00,2023,25.2,75,7.3,0.0,28.3,996.5,20.6,ERA5_Reanalysis_ECMWF
Bhubaneswar,2023-04-20T05:00,2023,27.8,68,7.6,0.0,31.1,997.4,21.3,ERA5_Reanalysis_ECMWF
Bhubaneswar,2023-04-20T06:00,2023,29.8,61,7.2,61.0,33.3,998.1,21.4,ERA5_Reanalysis_ECMWF
Bhubaneswar,2023-04-20T07:00,2023,32.7,52,6.7,252.0,36.4,999.1,21.7,ERA5_Reanalysis_ECMWF
Bhubaneswar,2023-04-20T08:00,2023,35.6,40,6.9,473.0,38.4,999.5,19.9,ERA5_Reanalysis_ECMWF
Bhubaneswar,2023-04-20T09:00,2023,38.1,31,9.1,675.0,40.4,999.7,18.1,ERA5_Reanalysis_ECMWF
Bhubaneswar,2023-04-20T10:00,2023,40.0,24,12.3,839.0,41.6,999.3,15.4,ERA5_Reanalysis_ECMWF
Bhubaneswar,2023-04-20T11:00,2023,40.5,20,19.1,931.0,40.6,998.5,13.4,ERA5_Reanalysis_ECMWF
Bhubaneswar,2023-04-20T12:00,2023,40.5,17,19.5,746.0,38.9,998.1,11.0,ERA5_Reanalysis_ECMWF
Bhubaneswar,2023-04-20T13:00,2023,40.1,19,17.6,671.0,38.7,997.0,12.0,ERA5_Reanalysis_ECMWF
Bhubaneswar,2023-04-20T14:00,2023,40.8,18,15.9,735.0,39.9,995.5,11.8,ERA5_Reanalysis_ECMWF
Bhubaneswar,2023-04-20T15:00,2023,40.5,18,13.0,560.0,39.2,995.1,11.9,ERA5_Reanalysis_ECMWF
Bhubaneswar,2023-04-20T16:00,2023,38.4,23,10.8,312.0,38.0,995.0,13.8,ERA5_Reanalysis_ECMWF
Bhubaneswar,2023-04-20T17:00,2023,33.5,35,17.6,148.0,33.0,996.5,16.0,ERA5_Reanalysis_ECMWF
Bhubaneswar,2023-04-20T18:00,2023,32.0,38,5.4,13.0,33.2,995.8,15.9,ERA5_Reanalysis_ECMWF
Bhubaneswar,2023-04-20T19:00,2023,30.9,53,12.5,0.0,33.0,996.9,20.1,ERA5_Reanalysis_ECMWF
Bhubaneswar,2023-04-20T20:00,2023,29.6,51,7.0,0.0,31.6,997.7,18.3,ERA5_Reanalysis_ECMWF
Bhubaneswar,2023-04-20T21:00,2023,28.7,50,8.9,0.0,30.0,998.3,17.3,ERA5_Reanalysis_ECMWF
Bhubaneswar,2023-04-20T22:00,2023,27.8,53,7.3,0.0,29.3,998.6,17.3,ERA5_Reanalysis_ECMWF
Bhubaneswar,2023-04-20T23:00,2023,27.6,48,6.7,0.0,28.6,998.3,15.7,ERA5_Reanalysis_ECMWF
Bhubaneswar,2023-04-21T00:00,2023,27.1,51,6.6,0.0,28.1,997.7,16.0,ERA5_Reanalysis_ECMWF
Bhubaneswar,2023-04-21T01:00,2023,26.7,53,7.7,0.0,27.7,997.0,16.3,ERA5_Reanalysis_ECMWF
Bhubaneswar,2023-04-21T02:00,2023,26.1,56,6.5,0.0,27.4,996.6,16.5,ERA5_Reanalysis_ECMWF
Bhubaneswar,2023-04-21T03:00,2023,25.8,59,7.7,0.0,27.2,996.5,17.1,ERA5_Reanalysis_ECMWF
Bhubaneswar,2023-04-21T04:00,2023,25.3,65,6.7,0.0,27.3,996.9,18.2,ERA5_Reanalysis_ECMWF
Bhubaneswar,2023-04-21T05:00,2023,29.6,38,22.0,0.0,27.5,998.8,13.7,ERA5_Reanalysis_ECMWF
Bhubaneswar,2023-04-21T06:00,2023,29.8,38,22.8,65.0,27.7,999.8,14.1,ERA5_Reanalysis_ECMWF
Bhubaneswar,2023-04-21T07:00,2023,31.0,38,20.9,259.0,29.7,1000.7,15.1,ERA5_Reanalysis_ECMWF
Bhubaneswar,2023-04-21T08:00,2023,32.5,35,24.0,468.0,30.7,1002.1,15.1,ERA5_Reanalysis_ECMWF
Bhubaneswar,2023-04-21T09:00,2023,32.8,35,27.1,414.0,30.6,1002.1,15.3,ERA5_Reanalysis_ECMWF
Bhubaneswar,2023-04-21T10:00,2023,35.0,33,26.5,781.0,34.3,1001.8,16.1,ERA5_Reanalysis_ECMWF
Bhubaneswar,2023-04-21T11:00,2023,36.4,30,26.8,846.0,35.9,1001.5,16.1,ERA5_Reanalysis_ECMWF
Bhubaneswar,2023-04-21T12:00,2023,36.6,28,25.0,745.0,35.5,1000.3,15.3,ERA5_Reanalysis_ECMWF
Bhubaneswar,2023-04-21T13:00,2023,37.3,27,22.3,836.0,37.2,998.9,15.3,ERA5_Reanalysis_ECMWF
Bhubaneswar,2023-04-21T14:00,2023,37.3,26,21.4,704.0,36.4,997.9,14.6,ERA5_Reanalysis_ECMWF
Bhubaneswar,2023-04-21T15:00,2023,37.4,26,20.0,586.0,36.0,997.6,14.4,ERA5_Reanalysis_ECMWF
Bhubaneswar,2023-04-21T16:00,2023,35.4,29,22.5,301.0,33.5,997.6,14.5,ERA5_Reanalysis_ECMWF
Bhubaneswar,2023-04-21T17:00,2023,31.7,44,7.4,91.0,33.6,998.2,18.1,ERA5_Reanalysis_ECMWF
Bhubaneswar,2023-04-21T18:00,2023,29.9,55,4.3,13.0,33.0,998.1,19.9,ERA5_Reanalysis_ECMWF
Bhubaneswar,2023-04-21T19:00,2023,30.2,50,1.5,0.0,33.1,998.8,18.6,ERA5_Reanalysis_ECMWF
Bhubaneswar,2023-04-21T20:00,2023,29.5,52,2.5,0.0,32.3,999.5,18.7,ERA5_Reanalysis_ECMWF
Bhubaneswar,2023-04-21T21:00,2023,28.9,58,1.3,0.0,32.4,1000.1,19.9,ERA5_Reanalysis_ECMWF
Bhubaneswar,2023-04-21T22:00,2023,27.0,65,5.2,0.0,30.0,1000.6,19.9,ERA5_Reanalysis_ECMWF
Bhubaneswar,2023-04-21T23:00,2023,26.4,65,6.1,0.0,29.0,1000.4,19.3,ERA5_Reanalysis_ECMWF
Bhubaneswar,2023-04-22T00:00,2023,26.2,75,6.0,0.0,29.8,1000.0,21.3,ERA5_Reanalysis_ECMWF
Bhubaneswar,2023-04-22T01:00,2023,26.5,78,6.9,0.0,30.6,999.5,22.4,ERA5_Reanalysis_ECMWF
Bhubaneswar,2023-04-22T02:00,2023,25.7,83,6.9,0.0,29.8,998.9,22.5,ERA5_Reanalysis_ECMWF
Bhubaneswar,2023-04-22T03:00,2023,25.3,83,7.4,0.0,29.1,998.7,22.1,ERA5_Reanalysis_ECMWF
Bhubaneswar,2023-04-22T04:00,2023,25.1,83,8.5,0.0,28.8,999.0,22.1,ERA5_Reanalysis_ECMWF
Bhubaneswar,2023-04-22T05:00,2023,24.5,81,7.1,0.0,27.8,999.5,21.0,ERA5_Reanalysis_ECMWF
Bhubaneswar,2023-04-22T06:00,2023,26.4,74,10.0,68.0,29.5,1000.5,21.5,ERA5_Reanalysis_ECMWF
Bhubaneswar,2023-04-22T07:00,2023,28.6,66,8.9,205.0,32.0,1001.6,21.7,ERA5_Reanalysis_ECMWF
Bhubaneswar,2023-04-22T08:00,2023,30.8,55,8.7,371.0,33.8,1002.6,20.8,ERA5_Reanalysis_ECMWF
Bhubaneswar,2023-04-22T09:00,2023,32.4,48,8.7,471.0,34.9,1002.7,19.9,ERA5_Reanalysis_ECMWF
Bhubaneswar,2023-04-22T10:00,2023,34.0,41,8.1,660.0,36.9,1002.1,19.1,ERA5_Reanalysis_ECMWF
Bhubaneswar,2023-04-22T11:00,2023,34.8,37,8.0,633.0,37.0,1001.1,18.0,ERA5_Reanalysis_ECMWF
Bhubaneswar,2023-04-22T12:00,2023,35.2,36,8.9,570.0,36.8,1000.0,17.7,ERA5_Reanalysis_ECMWF
Bhubaneswar,2023-04-22T13:00,2023,35.9,35,9.8,714.0,38.3,998.6,18.1,ERA5_Reanalysis_ECMWF
Bhubaneswar,2023-04-22T14:00,2023,36.3,34,9.7,704.0,38.7,997.4,18.1,ERA5_Reanalysis_ECMWF
Bhubaneswar,2023-04-22T15:00,2023,36.1,33,12.2,524.0,36.8,997.6,17.2,ERA5_Reanalysis_ECMWF
Bhubaneswar,2023-04-22T16:00,2023,34.4,34,7.8,315.0,35.4,997.9,16.3,ERA5_Reanalysis_ECMWF
Bhubaneswar,2023-04-22T17:00,2023,32.5,54,3.4,137.0,36.9,997.5,22.1,ERA5_Reanalysis_ECMWF
Bhubaneswar,2023-04-22T18:00,2023,30.0,71,1.9,12.0,35.9,998.8,24.2,ERA5_Reanalysis_ECMWF
Bhubaneswar,2023-04-22T19:00,2023,26.5,69,31.4,0.0,25.9,1000.7,20.4,ERA5_Reanalysis_ECMWF
Bhubaneswar,2023-04-22T20:00,2023,25.2,71,11.1,0.0,27.3,1001.0,19.7,ERA5_Reanalysis_ECMWF
Bhubaneswar,2023-04-22T21:00,2023,25.6,72,9.4,0.0,28.1,1001.4,20.1,ERA5_Reanalysis_ECMWF
Bhubaneswar,2023-04-22T22:00,2023,25.2,74,5.0,0.0,28.4,1001.6,20.3,ERA5_Reanalysis_ECMWF
Bhubaneswar,2023-04-22T23:00,2023,24.3,78,27.4,0.0,24.3,1002.5,20.3,ERA5_Reanalysis_ECMWF
Bhubaneswar,2023-04-23T00:00,2023,23.0,87,13.3,0.0,25.2,1002.2,20.6,ERA5_Reanalysis_ECMWF
Bhubaneswar,2023-04-23T01:00,2023,23.1,89,10.2,0.0,26.0,1000.9,21.1,ERA5_Reanalysis_ECMWF
Bhubaneswar,2023-04-23T02:00,2023,22.9,90,7.5,0.0,26.2,1000.7,21.2,ERA5_Reanalysis_ECMWF
Bhubaneswar,2023-04-23T03:00,2023,22.9,91,8.1,0.0,26.3,1001.5,21.4,ERA5_Reanalysis_ECMWF
Bhubaneswar,2023-04-23T04:00,2023,23.5,84,13.3,0.0,25.7,1002.0,20.7,ERA5_Reanalysis_ECMWF
Bhubaneswar,2023-04-23T05:00,2023,22.4,94,8.4,0.0,25.7,1002.4,21.4,ERA5_Reanalysis_ECMWF
Bhubaneswar,2023-04-23T06:00,2023,22.7,92,10.4,21.0,25.8,1002.4,21.4,ERA5_Reanalysis_ECMWF
Bhubaneswar,2023-04-23T07:00,2023,23.9,87,7.9,169.0,27.5,1003.1,21.7,ERA5_Reanalysis_ECMWF
Bhubaneswar,2023-04-23T08:00,2023,26.7,73,10.6,443.0,29.7,1004.7,21.5,ERA5_Reanalysis_ECMWF
Bhubaneswar,2023-04-23T09:00,2023,27.3,68,7.1,339.0,30.5,1005.1,20.8,ERA5_Reanalysis_ECMWF
Bhubaneswar,2023-04-23T10:00,2023,27.0,68,8.4,209.0,29.9,1004.9,20.6,ERA5_Reanalysis_ECMWF
Bhubaneswar,2023-04-23T11:00,2023,28.6,61,9.4,530.0,31.3,1004.1,20.4,ERA5_Reanalysis_ECMWF
Bhubaneswar,2023-04-23T12:00,2023,28.7,60,10.7,392.0,31.1,1003.4,20.2,ERA5_Reanalysis_ECMWF
Bhubaneswar,2023-04-23T13:00,2023,29.8,57,8.7,503.0,32.6,1002.0,20.5,ERA5_Reanalysis_ECMWF
Bhubaneswar,2023-04-23T14:00,2023,30.4,56,9.2,392.0,33.1,1000.9,20.5,ERA5_Reanalysis_ECMWF
Bhubaneswar,2023-04-23T15:00,2023,31.1,52,11.0,491.0,33.3,1000.6,20.0,ERA5_Reanalysis_ECMWF
Bhubaneswar,2023-04-23T16:00,2023,30.8,52,11.7,327.0,32.7,1000.6,19.7,ERA5_Reanalysis_ECMWF
Bhubaneswar,2023-04-23T17:00,2023,29.3,58,13.8,131.0,31.2,1000.8,20.1,ERA5_Reanalysis_ECMWF
Bhubaneswar,2023-04-23T18:00,2023,27.7,63,10.0,15.0,30.1,1000.8,20.1,ERA5_Reanalysis_ECMWF
Bhubaneswar,2023-04-23T19:00,2023,26.6,68,10.5,0.0,28.9,1001.4,20.1,ERA5_Reanalysis_ECMWF
Bhubaneswar,2023-04-23T20:00,2023,25.7,73,7.8,0.0,28.6,1002.3,20.4,ERA5_Reanalysis_ECMWF
Bhubaneswar,2023-04-23T21:00,2023,25.0,78,7.7,0.0,28.2,1003.0,21.0,ERA5_Reanalysis_ECMWF
Bhubaneswar,2023-04-23T22:00,2023,24.6,83,6.4,0.0,28.3,1003.7,21.5,ERA5_Reanalysis_ECMWF
Bhubaneswar,2023-04-23T23:00,2023,24.4,85,6.4,0.0,28.3,1003.9,21.8,ERA5_Reanalysis_ECMWF
Bhubaneswar,2023-04-24T00:00,2023,24.0,90,6.4,0.0,28.0,1003.7,22.2,ERA5_Reanalysis_ECMWF
Bhubaneswar,2023-04-24T01:00,2023,24.7,86,2.5,0.0,29.4,1003.4,22.3,ERA5_Reanalysis_ECMWF
Bhubaneswar,2023-04-24T02:00,2023,23.7,92,3.1,0.0,28.3,1003.4,22.3,ERA5_Reanalysis_ECMWF
Bhubaneswar,2023-04-24T03:00,2023,23.4,95,3.3,0.0,28.0,1003.4,22.5,ERA5_Reanalysis_ECMWF
Bhubaneswar,2023-04-24T04:00,2023,23.7,93,4.1,0.0,28.3,1003.8,22.6,ERA5_Reanalysis_ECMWF
Bhubaneswar,2023-04-24T05:00,2023,24.8,94,5.4,0.0,29.9,1004.4,23.8,ERA5_Reanalysis_ECMWF
Bhubaneswar,2023-04-24T06:00,2023,25.5,92,2.5,29.0,31.2,1005.5,24.0,ERA5_Reanalysis_ECMWF
Bhubaneswar,2023-04-24T07:00,2023,26.8,84,2.2,159.0,32.5,1005.8,23.9,ERA5_Reanalysis_ECMWF
Bhubaneswar,2023-04-24T08:00,2023,28.3,74,9.8,427.0,32.4,1006.9,23.2,ERA5_Reanalysis_ECMWF
Bhubaneswar,2023-04-24T09:00,2023,29.5,71,9.7,528.0,33.9,1006.6,23.6,ERA5_Reanalysis_ECMWF
Bhubaneswar,2023-04-24T10:00,2023,31.2,61,5.6,772.0,37.1,1005.7,22.8,ERA5_Reanalysis_ECMWF
Bhubaneswar,2023-04-24T11:00,2023,32.5,55,4.0,865.0,39.0,1005.6,22.3,ERA5_Reanalysis_ECMWF
Bhubaneswar,2023-04-24T12:00,2023,25.6,81,23.6,707.0,27.8,1006.3,22.1,ERA5_Reanalysis_ECMWF
Bhubaneswar,2023-04-24T13:00,2023,27.7,68,14.5,468.0,30.1,1005.0,21.3,ERA5_Reanalysis_ECMWF
Bhubaneswar,2023-04-24T14:00,2023,27.8,70,8.4,388.0,31.4,1003.7,21.8,ERA5_Reanalysis_ECMWF
Bhubaneswar,2023-04-24T15:00,2023,28.2,70,14.4,382.0,31.0,1004.1,22.1,ERA5_Reanalysis_ECMWF
Bhubaneswar,2023-04-24T16:00,2023,27.5,76,12.8,221.0,31.1,1003.7,23.0,ERA5_Reanalysis_ECMWF
Bhubaneswar,2023-04-24T17:00,2023,29.6,65,10.9,99.0,33.1,1002.9,22.3,ERA5_Reanalysis_ECMWF
Bhubaneswar,2023-04-24T18:00,2023,28.3,70,9.9,15.0,31.9,1003.8,22.3,ERA5_Reanalysis_ECMWF
Bhubaneswar,2023-04-24T19:00,2023,27.4,76,6.5,0.0,31.9,1004.2,22.9,ERA5_Reanalysis_ECMWF
Bhubaneswar,2023-04-24T20:00,2023,26.3,85,3.9,0.0,31.4,1004.7,23.5,ERA5_Reanalysis_ECMWF
Bhubaneswar,2023-04-24T21:00,2023,25.8,88,3.9,0.0,31.1,1005.5,23.6,ERA5_Reanalysis_ECMWF
Bhubaneswar,2023-04-24T22:00,2023,25.3,92,4.1,0.0,30.7,1006.1,23.9,ERA5_Reanalysis_ECMWF
Bhubaneswar,2023-04-24T23:00,2023,25.0,94,1.8,0.0,30.8,1005.8,23.9,ERA5_Reanalysis_ECMWF
Bhubaneswar,2023-04-25T00:00,2023,25.3,91,3.8,0.0,30.7,1005.2,23.8,ERA5_Reanalysis_ECMWF
Bhubaneswar,2023-04-25T01:00,2023,25.1,92,0.7,0.0,30.9,1004.8,23.8,ERA5_Reanalysis_ECMWF
Bhubaneswar,2023-04-25T02:00,2023,24.2,97,1.4,0.0,29.9,1004.5,23.7,ERA5_Reanalysis_ECMWF
Bhubaneswar,2023-04-25T03:00,2023,23.8,98,1.8,0.0,29.3,1004.6,23.5,ERA5_Reanalysis_ECMWF
Bhubaneswar,2023-04-25T04:00,2023,23.7,99,1.4,0.0,29.3,1005.0,23.5,ERA5_Reanalysis_ECMWF
Bhubaneswar,2023-04-25T05:00,2023,24.0,98,4.8,0.0,29.2,1006.5,23.7,ERA5_Reanalysis_ECMWF
Bhubaneswar,2023-04-25T06:00,2023,24.2,92,9.7,48.0,28.2,1007.8,22.9,ERA5_Reanalysis_ECMWF
Bhubaneswar,2023-04-25T07:00,2023,23.5,92,0.8,61.0,28.3,1008.5,22.1,ERA5_Reanalysis_ECMWF
Bhubaneswar,2023-04-25T08:00,2023,25.3,81,2.8,265.0,29.7,1008.8,21.9,ERA5_Reanalysis_ECMWF
Bhubaneswar,2023-04-25T09:00,2023,27.0,76,6.6,373.0,31.1,1007.9,22.4,ERA5_Reanalysis_ECMWF
Bhubaneswar,2023-04-25T10:00,2023,28.8,71,1.8,659.0,34.8,1007.3,23.1,ERA5_Reanalysis_ECMWF
Bhubaneswar,2023-04-25T11:00,2023,30.4,67,2.0,782.0,37.4,1006.8,23.6,ERA5_Reanalysis_ECMWF
Bhubaneswar,2023-04-25T12:00,2023,31.3,62,5.5,778.0,37.5,1006.2,23.2,ERA5_Reanalysis_ECMWF
Bhubaneswar,2023-04-25T13:00,2023,31.8,60,5.9,738.0,37.6,1005.0,23.1,ERA5_Reanalysis_ECMWF
Bhubaneswar,2023-04-25T14:00,2023,31.7,60,6.1,585.0,36.5,1003.7,23.0,ERA5_Reanalysis_ECMWF
Bhubaneswar,2023-04-25T15:00,2023,31.6,58,7.0,429.0,35.7,1003.5,22.4,ERA5_Reanalysis_ECMWF
Bhubaneswar,2023-04-25T16:00,2023,30.5,61,7.4,203.0,34.4,1003.7,22.1,ERA5_Reanalysis_ECMWF
Bhubaneswar,2023-04-25T17:00,2023,27.3,77,4.4,86.0,32.1,1003.0,22.9,ERA5_Reanalysis_ECMWF
Bhubaneswar,2023-04-25T18:00,2023,26.6,82,5.4,15.0,31.4,1003.8,23.2,ERA5_Reanalysis_ECMWF
Bhubaneswar,2023-04-25T19:00,2023,26.4,84,5.4,0.0,31.3,1004.7,23.5,ERA5_Reanalysis_ECMWF
Bhubaneswar,2023-04-25T20:00,2023,26.4,85,5.8,0.0,31.5,1005.3,23.8,ERA5_Reanalysis_ECMWF
Bhubaneswar,2023-04-25T21:00,2023,25.9,90,4.7,0.0,31.3,1005.8,24.0,ERA5_Reanalysis_ECMWF
Bhubaneswar,2023-04-25T22:00,2023,25.5,93,4.7,0.0,31.0,1005.7,24.3,ERA5_Reanalysis_ECMWF
Bhubaneswar,2023-04-25T23:00,2023,25.5,93,4.4,0.0,31.1,1005.1,24.3,ERA5_Reanalysis_ECMWF
Bhubaneswar,2023-04-26T00:00,2023,25.2,96,6.2,0.0,30.6,1004.4,24.4,ERA5_Reanalysis_ECMWF
Bhubaneswar,2023-04-26T01:00,2023,25.0,97,6.7,0.0,30.3,1003.6,24.4,ERA5_Reanalysis_ECMWF
Bhubaneswar,2023-04-26T02:00,2023,24.9,97,6.1,0.0,30.3,1003.1,24.4,ERA5_Reanalysis_ECMWF
Bhubaneswar,2023-04-26T03:00,2023,24.9,97,5.9,0.0,30.3,1003.0,24.4,ERA5_Reanalysis_ECMWF
Bhubaneswar,2023-04-26T04:00,2023,24.8,98,5.9,0.0,30.3,1003.4,24.5,ERA5_Reanalysis_ECMWF
Bhubaneswar,2023-04-26T05:00,2023,24.3,97,6.1,0.0,29.4,1004.2,23.9,ERA5_Reanalysis_ECMWF
Bhubaneswar,2023-04-26T06:00,2023,25.5,91,5.2,66.0,30.8,1004.9,24.0,ERA5_Reanalysis_ECMWF
Bhubaneswar,2023-04-26T07:00,2023,27.5,81,4.7,262.0,32.7,1005.8,23.8,ERA5_Reanalysis_ECMWF
Bhubaneswar,2023-04-26T08:00,2023,29.5,71,5.8,470.0,34.4,1006.3,23.6,ERA5_Reanalysis_ECMWF
Bhubaneswar,2023-04-26T09:00,2023,31.4,61,7.2,672.0,36.5,1006.0,23.0,ERA5_Reanalysis_ECMWF
Bhubaneswar,2023-04-26T10:00,2023,32.7,54,7.1,828.0,38.4,1005.6,22.3,ERA5_Reanalysis_ECMWF
Bhubaneswar,2023-04-26T11:00,2023,33.1,51,5.7,812.0,38.6,1005.1,21.6,ERA5_Reanalysis_ECMWF
Bhubaneswar,2023-04-26T12:00,2023,33.5,48,4.5,742.0,38.5,1004.2,21.2,ERA5_Reanalysis_ECMWF
Bhubaneswar,2023-04-26T13:00,2023,33.7,47,3.3,730.0,38.7,1002.7,20.9,ERA5_Reanalysis_ECMWF
Bhubaneswar,2023-04-26T14:00,2023,33.9,46,2.6,624.0,38.2,1001.8,20.8,ERA5_Reanalysis_ECMWF
Bhubaneswar,2023-04-26T15:00,2023,33.9,46,3.4,454.0,37.4,1001.1,20.5,ERA5_Reanalysis_ECMWF
Bhubaneswar,2023-04-26T16:00,2023,32.9,48,10.1,225.0,35.6,1001.1,20.6,ERA5_Reanalysis_ECMWF
Bhubaneswar,2023-04-26T17:00,2023,31.3,57,14.4,125.0,34.0,1001.5,21.8,ERA5_Reanalysis_ECMWF
Bhubaneswar,2023-04-26T18:00,2023,29.5,66,10.1,15.0,33.2,1002.0,22.5,ERA5_Reanalysis_ECMWF
Bhubaneswar,2023-04-26T19:00,2023,28.6,74,9.9,0.0,32.9,1002.6,23.4,ERA5_Reanalysis_ECMWF
Bhubaneswar,2023-04-26T20:00,2023,28.0,80,11.2,0.0,32.5,1003.0,24.2,ERA5_Reanalysis_ECMWF
Bhubaneswar,2023-04-26T21:00,2023,27.3,85,10.9,0.0,32.1,1003.1,24.6,ERA5_Reanalysis_ECMWF
Bhubaneswar,2023-04-26T22:00,2023,26.9,89,10.3,0.0,32.0,1003.6,24.9,ERA5_Reanalysis_ECMWF
Bhubaneswar,2023-04-26T23:00,2023,26.6,91,10.0,0.0,31.9,1003.4,25.1,ERA5_Reanalysis_ECMWF
Bhubaneswar,2023-04-27T00:00,2023,26.3,94,8.9,0.0,31.9,1002.8,25.2,ERA5_Reanalysis_ECMWF
Bhubaneswar,2023-04-27T01:00,2023,26.0,96,8.2,0.0,31.7,1002.4,25.3,ERA5_Reanalysis_ECMWF
Bhubaneswar,2023-04-27T02:00,2023,25.9,97,7.9,0.0,31.7,1002.4,25.4,ERA5_Reanalysis_ECMWF
Bhubaneswar,2023-04-27T03:00,2023,25.8,98,8.4,0.0,31.6,1002.2,25.5,ERA5_Reanalysis_ECMWF
Bhubaneswar,2023-04-27T04:00,2023,25.8,98,8.7,0.0,31.6,1002.6,25.5,ERA5_Reanalysis_ECMWF
Bhubaneswar,2023-04-27T05:00,2023,25.9,98,7.8,0.0,31.8,1003.9,25.5,ERA5_Reanalysis_ECMWF
Bhubaneswar,2023-04-27T06:00,2023,27.7,87,11.1,72.0,33.1,1004.9,25.4,ERA5_Reanalysis_ECMWF
Bhubaneswar,2023-04-27T07:00,2023,29.3,80,8.9,257.0,35.0,1005.5,25.4,ERA5_Reanalysis_ECMWF
Bhubaneswar,2023-04-27T08:00,2023,31.2,69,8.7,475.0,36.5,1005.9,24.8,ERA5_Reanalysis_ECMWF
Bhubaneswar,2023-04-27T09:00,2023,33.1,59,7.9,676.0,38.7,1005.8,23.9,ERA5_Reanalysis_ECMWF
Bhubaneswar,2023-04-27T10:00,2023,34.2,50,8.6,819.0,39.5,1005.4,22.3,ERA5_Reanalysis_ECMWF
Bhubaneswar,2023-04-27T11:00,2023,35.1,45,8.2,842.0,40.1,1004.6,21.2,ERA5_Reanalysis_ECMWF
Bhubaneswar,2023-04-27T12:00,2023,35.5,42,7.7,831.0,40.3,1003.4,20.7,ERA5_Reanalysis_ECMWF
Bhubaneswar,2023-04-27T13:00,2023,35.9,40,10.5,746.0,39.3,1002.4,20.1,ERA5_Reanalysis_ECMWF
Bhubaneswar,2023-04-27T14:00,2023,35.5,38,12.3,612.0,37.3,1001.4,18.9,ERA5_Reanalysis_ECMWF
Bhubaneswar,2023-04-27T15:00,2023,34.4,39,12.0,458.0,35.8,1001.3,18.5,ERA5_Reanalysis_ECMWF
Bhubaneswar,2023-04-27T16:00,2023,34.2,43,8.9,295.0,36.6,1001.2,19.8,ERA5_Reanalysis_ECMWF
Bhubaneswar,2023-04-27T17:00,2023,32.7,47,11.3,128.0,34.9,1001.0,20.0,ERA5_Reanalysis_ECMWF
Bhubaneswar,2023-04-27T18:00,2023,30.6,65,11.7,17.0,34.5,1001.7,23.3,ERA5_Reanalysis_ECMWF
Bhubaneswar,2023-04-27T19:00,2023,29.4,73,11.0,0.0,34.0,1002.5,24.2,ERA5_Reanalysis_ECMWF
Bhubaneswar,2023-04-27T20:00,2023,28.6,79,9.2,0.0,33.6,1003.4,24.5,ERA5_Reanalysis_ECMWF
Bhubaneswar,2023-04-27T21:00,2023,27.8,82,7.9,0.0,33.1,1004.2,24.5,ERA5_Reanalysis_ECMWF
Bhubaneswar,2023-04-27T22:00,2023,27.4,85,9.2,0.0,32.6,1004.6,24.7,ERA5_Reanalysis_ECMWF
Bhubaneswar,2023-04-27T23:00,2023,27.2,87,11.1,0.0,32.2,1004.5,24.8,ERA5_Reanalysis_ECMWF
Bhubaneswar,2023-04-28T00:00,2023,26.9,89,9.5,0.0,32.1,1004.0,24.9,ERA5_Reanalysis_ECMWF
Bhubaneswar,2023-04-28T01:00,2023,26.8,90,5.8,0.0,32.6,1003.9,24.9,ERA5_Reanalysis_ECMWF
Bhubaneswar,2023-04-28T02:00,2023,25.7,96,5.0,0.0,31.7,1003.6,25.0,ERA5_Reanalysis_ECMWF
Bhubaneswar,2023-04-28T03:00,2023,25.5,98,6.0,0.0,31.4,1003.2,25.1,ERA5_Reanalysis_ECMWF
Bhubaneswar,2023-04-28T04:00,2023,25.5,98,5.9,0.0,31.4,1003.7,25.1,ERA5_Reanalysis_ECMWF
Bhubaneswar,2023-04-28T05:00,2023,25.8,96,7.9,0.0,31.4,1005.1,25.1,ERA5_Reanalysis_ECMWF
Bhubaneswar,2023-04-28T06:00,2023,27.6,89,12.7,60.0,32.9,1005.8,25.7,ERA5_Reanalysis_ECMWF
Bhubaneswar,2023-04-28T07:00,2023,29.9,78,15.9,250.0,34.6,1006.1,25.6,ERA5_Reanalysis_ECMWF
Bhubaneswar,2023-04-28T08:00,2023,31.8,69,13.9,407.0,36.7,1006.8,25.3,ERA5_Reanalysis_ECMWF
Bhubaneswar,2023-04-28T09:00,2023,32.6,65,12.1,515.0,37.7,1006.5,25.2,ERA5_Reanalysis_ECMWF
Bhubaneswar,2023-04-28T10:00,2023,34.3,58,9.1,770.0,40.9,1006.0,24.9,ERA5_Reanalysis_ECMWF
Bhubaneswar,2023-04-28T11:00,2023,28.1,75,18.7,727.0,32.0,1006.5,23.4,ERA5_Reanalysis_ECMWF
Bhubaneswar,2023-04-28T12:00,2023,27.1,75,7.7,122.0,30.9,1005.1,22.2,ERA5_Reanalysis_ECMWF
Bhubaneswar,2023-04-28T13:00,2023,30.7,67,5.8,740.0,37.0,1004.0,23.9,ERA5_Reanalysis_ECMWF
Bhubaneswar,2023-04-28T14:00,2023,32.1,65,6.2,659.0,38.3,1003.1,24.6,ERA5_Reanalysis_ECMWF
Bhubaneswar,2023-04-28T15:00,2023,31.9,63,10.2,374.0,36.5,1002.5,24.0,ERA5_Reanalysis_ECMWF
Bhubaneswar,2023-04-28T16:00,2023,30.6,68,7.6,109.0,35.6,1002.2,24.1,ERA5_Reanalysis_ECMWF
Bhubaneswar,2023-04-28T17:00,2023,30.4,64,10.5,75.0,34.3,1002.0,23.0,ERA5_Reanalysis_ECMWF
Bhubaneswar,2023-04-28T18:00,2023,27.9,75,5.1,16.0,32.7,1001.7,23.1,ERA5_Reanalysis_ECMWF
Bhubaneswar,2023-04-28T19:00,2023,27.1,79,7.9,0.0,31.5,1002.6,23.2,ERA5_Reanalysis_ECMWF
Bhubaneswar,2023-04-28T20:00,2023,26.9,80,8.5,0.0,31.2,1003.3,23.2,ERA5_Reanalysis_ECMWF
Bhubaneswar,2023-04-28T21:00,2023,26.2,83,5.9,0.0,30.9,1003.8,23.1,ERA5_Reanalysis_ECMWF
Bhubaneswar,2023-04-28T22:00,2023,25.7,85,4.2,0.0,30.4,1004.0,22.9,ERA5_Reanalysis_ECMWF
Bhubaneswar,2023-04-28T23:00,2023,25.3,86,5.2,0.0,29.9,1003.5,22.9,ERA5_Reanalysis_ECMWF
Bhubaneswar,2023-04-29T00:00,2023,25.8,83,6.0,0.0,30.1,1002.6,22.6,ERA5_Reanalysis_ECMWF
Bhubaneswar,2023-04-29T01:00,2023,25.4,84,8.9,0.0,29.2,1002.2,22.4,ERA5_Reanalysis_ECMWF
Bhubaneswar,2023-04-29T02:00,2023,25.1,88,9.4,0.0,29.1,1002.0,22.9,ERA5_Reanalysis_ECMWF
Bhubaneswar,2023-04-29T03:00,2023,25.0,96,7.7,0.0,30.2,1001.9,24.4,ERA5_Reanalysis_ECMWF
Bhubaneswar,2023-04-29T04:00,2023,25.4,98,7.6,0.0,31.0,1002.7,25.0,ERA5_Reanalysis_ECMWF
Bhubaneswar,2023-04-29T05:00,2023,24.3,90,5.4,1.0,28.8,1004.0,22.6,ERA5_Reanalysis_ECMWF
Bhubaneswar,2023-04-29T06:00,2023,26.4,85,6.1,74.0,31.5,1004.4,23.8,ERA5_Reanalysis_ECMWF
Bhubaneswar,2023-04-29T07:00,2023,29.0,76,4.0,256.0,34.6,1005.4,24.3,ERA5_Reanalysis_ECMWF
Bhubaneswar,2023-04-29T08:00,2023,31.5,57,5.4,458.0,35.5,1005.8,21.9,ERA5_Reanalysis_ECMWF
Bhubaneswar,2023-04-29T09:00,2023,33.1,47,7.5,682.0,36.7,1005.8,20.3,ERA5_Reanalysis_ECMWF
Bhubaneswar,2023-04-29T10:00,2023,34.1,44,7.9,817.0,38.5,1005.2,20.2,ERA5_Reanalysis_ECMWF
Bhubaneswar,2023-04-29T11:00,2023,35.1,42,7.4,913.0,40.3,1004.7,20.5,ERA5_Reanalysis_ECMWF
Bhubaneswar,2023-04-29T12:00,2023,35.6,41,7.9,888.0,40.4,1003.8,20.2,ERA5_Reanalysis_ECMWF
Bhubaneswar,2023-04-29T13:00,2023,34.7,42,10.9,817.0,38.5,1002.9,20.1,ERA5_Reanalysis_ECMWF
Bhubaneswar,2023-04-29T14:00,2023,35.1,41,5.9,671.0,38.8,1001.7,20.0,ERA5_Reanalysis_ECMWF
Bhubaneswar,2023-04-29T15:00,2023,33.5,46,9.8,474.0,36.2,1001.7,20.5,ERA5_Reanalysis_ECMWF
Bhubaneswar,2023-04-29T16:00,2023,32.8,48,6.6,196.0,35.8,1001.5,20.3,ERA5_Reanalysis_ECMWF
Bhubaneswar,2023-04-29T17:00,2023,32.1,50,7.7,102.0,34.9,1001.3,20.3,ERA5_Reanalysis_ECMWF
Bhubaneswar,2023-04-29T18:00,2023,30.7,52,8.4,12.0,33.2,1001.9,19.8,ERA5_Reanalysis_ECMWF
Bhubaneswar,2023-04-29T19:00,2023,29.5,58,9.0,0.0,32.3,1002.6,20.5,ERA5_Reanalysis_ECMWF
Bhubaneswar,2023-04-29T20:00,2023,28.6,65,9.4,0.0,31.7,1003.2,21.3,ERA5_Reanalysis_ECMWF
Bhubaneswar,2023-04-29T21:00,2023,27.7,67,12.2,0.0,30.2,1003.9,20.9,ERA5_Reanalysis_ECMWF
Bhubaneswar,2023-04-29T22:00,2023,27.2,69,6.5,0.0,30.6,1003.5,21.0,ERA5_Reanalysis_ECMWF
Bhubaneswar,2023-04-29T23:00,2023,26.1,74,6.3,0.0,29.5,1003.1,21.1,ERA5_Reanalysis_ECMWF
Bhubaneswar,2023-04-30T00:00,2023,26.4,72,6.8,0.0,29.8,1002.2,21.0,ERA5_Reanalysis_ECMWF
Bhubaneswar,2023-04-30T01:00,2023,26.3,73,6.0,0.0,29.8,1001.6,21.0,ERA5_Reanalysis_ECMWF
Bhubaneswar,2023-04-30T02:00,2023,25.9,74,5.4,0.0,29.5,1001.3,21.0,ERA5_Reanalysis_ECMWF
Bhubaneswar,2023-04-30T03:00,2023,25.0,79,6.2,0.0,28.4,1001.4,21.1,ERA5_Reanalysis_ECMWF
Bhubaneswar,2023-04-30T04:00,2023,24.4,83,5.4,0.0,28.1,1001.7,21.3,ERA5_Reanalysis_ECMWF
Bhubaneswar,2023-04-30T05:00,2023,25.3,79,5.6,1.0,29.0,1002.1,21.4,ERA5_Reanalysis_ECMWF
Bhubaneswar,2023-04-30T06:00,2023,26.9,73,5.8,73.0,30.7,1003.0,21.6,ERA5_Reanalysis_ECMWF
Bhubaneswar,2023-04-30T07:00,2023,29.2,65,3.1,266.0,33.5,1003.7,21.8,ERA5_Reanalysis_ECMWF
Bhubaneswar,2023-04-30T08:00,2023,31.5,54,5.0,488.0,35.2,1004.3,21.1,ERA5_Reanalysis_ECMWF
Bhubaneswar,2023-04-30T09:00,2023,33.3,47,5.8,682.0,37.2,1004.1,20.3,ERA5_Reanalysis_ECMWF
Bhubaneswar,2023-04-30T10:00,2023,34.6,41,3.9,836.0,39.4,1003.3,19.4,ERA5_Reanalysis_ECMWF
Bhubaneswar,2023-04-30T11:00,2023,35.4,39,3.1,917.0,40.8,1002.4,19.3,ERA5_Reanalysis_ECMWF
Bhubaneswar,2023-04-30T12:00,2023,36.1,37,5.5,920.0,41.0,1001.3,19.1,ERA5_Reanalysis_ECMWF
Bhubaneswar,2023-04-30T13:00,2023,35.5,38,11.9,727.0,38.0,1000.5,19.0,ERA5_Reanalysis_ECMWF
Bhubaneswar,2023-04-30T14:00,2023,30.9,52,24.8,456.0,31.0,1002.0,19.8,ERA5_Reanalysis_ECMWF
Bhubaneswar,2023-04-30T15:00,2023,28.0,67,6.0,242.0,31.7,1001.2,21.4,ERA5_Reanalysis_ECMWF
Bhubaneswar,2023-04-30T16:00,2023,28.0,69,10.6,125.0,31.2,1001.2,21.9,ERA5_Reanalysis_ECMWF
Bhubaneswar,2023-04-30T17:00,2023,28.9,62,15.3,136.0,31.0,1001.0,21.0,ERA5_Reanalysis_ECMWF
Bhubaneswar,2023-04-30T18:00,2023,28.2,62,13.3,15.0,30.2,1001.9,20.2,ERA5_Reanalysis_ECMWF
Bhubaneswar,2023-04-30T19:00,2023,27.8,64,11.3,0.0,30.2,1002.6,20.3,ERA5_Reanalysis_ECMWF
Bhubaneswar,2023-04-30T20:00,2023,27.2,68,9.9,0.0,30.0,1003.3,20.8,ERA5_Reanalysis_ECMWF
Bhubaneswar,2023-04-30T21:00,2023,26.5,74,8.9,0.0,29.8,1003.9,21.5,ERA5_Reanalysis_ECMWF
Bhubaneswar,2023-04-30T22:00,2023,26.8,74,8.5,0.0,30.2,1003.7,21.7,ERA5_Reanalysis_ECMWF
Bhubaneswar,2023-04-30T23:00,2023,26.0,77,5.4,0.0,29.9,1002.8,21.6,ERA5_Reanalysis_ECMWF
Bhubaneswar,2023-05-01T00:00,2023,25.5,80,3.9,0.0,29.6,1002.0,21.7,ERA5_Reanalysis_ECMWF
Bhubaneswar,2023-05-01T01:00,2023,25.1,81,3.6,0.0,29.3,1001.6,21.7,ERA5_Reanalysis_ECMWF
Bhubaneswar,2023-05-01T02:00,2023,24.9,83,3.4,0.0,29.2,1001.3,21.8,ERA5_Reanalysis_ECMWF
Bhubaneswar,2023-05-01T03:00,2023,25.0,83,4.0,0.0,29.3,1001.5,22.0,ERA5_Reanalysis_ECMWF
Bhubaneswar,2023-05-01T04:00,2023,25.3,82,4.1,0.0,29.7,1001.8,22.1,ERA5_Reanalysis_ECMWF
Bhubaneswar,2023-05-01T05:00,2023,25.7,81,11.2,0.0,29.0,1003.1,22.1,ERA5_Reanalysis_ECMWF
Bhubaneswar,2023-05-01T06:00,2023,25.8,79,6.9,32.0,29.6,1003.9,21.8,ERA5_Reanalysis_ECMWF
Bhubaneswar,2023-05-01T07:00,2023,25.6,79,11.3,40.0,28.7,1005.1,21.7,ERA5_Reanalysis_ECMWF
Bhubaneswar,2023-05-01T08:00,2023,25.7,79,12.6,105.0,28.7,1006.0,21.8,ERA5_Reanalysis_ECMWF
Bhubaneswar,2023-05-01T09:00,2023,25.6,84,12.7,154.0,28.9,1006.2,22.6,ERA5_Reanalysis_ECMWF
Bhubaneswar,2023-05-01T10:00,2023,25.5,84,15.5,131.0,28.5,1006.4,22.7,ERA5_Reanalysis_ECMWF
Bhubaneswar,2023-05-01T11:00,2023,26.7,77,12.7,248.0,29.9,1005.8,22.3,ERA5_Reanalysis_ECMWF
Bhubaneswar,2023-05-01T12:00,2023,26.9,76,10.2,193.0,30.4,1005.1,22.2,ERA5_Reanalysis_ECMWF
Bhubaneswar,2023-05-01T13:00,2023,27.6,72,9.7,325.0,31.1,1004.4,22.1,ERA5_Reanalysis_ECMWF
Bhubaneswar,2023-05-01T14:00,2023,26.9,75,5.9,160.0,31.0,1003.7,22.1,ERA5_Reanalysis_ECMWF
Bhubaneswar,2023-05-01T15:00,2023,26.3,78,9.9,74.0,29.9,1002.5,22.2,ERA5_Reanalysis_ECMWF
Bhubaneswar,2023-05-01T16:00,2023,26.1,81,7.9,66.0,30.2,1003.0,22.6,ERA5_Reanalysis_ECMWF
Bhubaneswar,2023-05-01T17:00,2023,26.9,71,6.7,56.0,30.3,1003.2,21.1,ERA5_Reanalysis_ECMWF
Bhubaneswar,2023-05-01T18:00,2023,25.8,77,3.2,7.0,29.9,1003.8,21.5,ERA5_Reanalysis_ECMWF
Bhubaneswar,2023-05-01T19:00,2023,25.4,80,7.8,0.0,29.0,1003.7,21.8,ERA5_Reanalysis_ECMWF
Bhubaneswar,2023-05-01T20:00,2023,24.7,86,6.6,0.0,28.7,1004.3,22.2,ERA5_Reanalysis_ECMWF
Bhubaneswar,2023-05-01T21:00,2023,24.1,90,4.4,0.0,28.6,1005.0,22.3,ERA5_Reanalysis_ECMWF
Bhubaneswar,2023-05-01T22:00,2023,23.6,91,3.6,0.0,28.1,1005.4,22.1,ERA5_Reanalysis_ECMWF
Bhubaneswar,2023-05-01T23:00,2023,23.5,92,3.6,0.0,27.9,1004.9,22.1,ERA5_Reanalysis_ECMWF
Bhubaneswar,2023-05-02T00:00,2023,22.7,96,3.7,0.0,27.1,1004.3,22.0,ERA5_Reanalysis_ECMWF
Bhubaneswar,2023-05-02T01:00,2023,22.4,97,3.9,0.0,26.7,1003.8,21.9,ERA5_Reanalysis_ECMWF
Bhubaneswar,2023-05-02T02:00,2023,22.4,97,5.5,0.0,26.5,1003.7,21.9,ERA5_Reanalysis_ECMWF
Bhubaneswar,2023-05-02T03:00,2023,22.4,98,7.3,0.0,26.2,1003.9,22.0,ERA5_Reanalysis_ECMWF
Bhubaneswar,2023-05-02T04:00,2023,22.2,97,6.0,0.0,26.1,1004.3,21.8,ERA5_Reanalysis_ECMWF
Bhubaneswar,2023-05-02T05:00,2023,21.7,99,3.4,1.0,25.8,1005.5,21.5,ERA5_Reanalysis_ECMWF
Bhubaneswar,2023-05-02T06:00,2023,23.9,87,4.3,80.0,27.9,1005.6,21.6,ERA5_Reanalysis_ECMWF
Bhubaneswar,2023-05-02T07:00,2023,26.5,72,4.0,274.0,30.2,1006.6,20.9,ERA5_Reanalysis_ECMWF
Bhubaneswar,2023-05-02T08:00,2023,28.4,62,3.6,491.0,31.8,1007.2,20.3,ERA5_Reanalysis_ECMWF
Bhubaneswar,2023-05-02T09:00,2023,29.8,56,5.2,676.0,33.7,1007.0,20.1,ERA5_Reanalysis_ECMWF
Bhubaneswar,2023-05-02T10:00,2023,31.2,52,8.0,835.0,35.6,1006.5,20.2,ERA5_Reanalysis_ECMWF
Bhubaneswar,2023-05-02T11:00,2023,32.4,50,10.9,911.0,37.0,1005.9,20.6,ERA5_Reanalysis_ECMWF
Bhubaneswar,2023-05-02T12:00,2023,33.3,47,11.5,908.0,37.7,1004.5,20.4,ERA5_Reanalysis_ECMWF
Bhubaneswar,2023-05-02T13:00,2023,33.7,45,14.0,814.0,36.9,1003.3,20.0,ERA5_Reanalysis_ECMWF
Bhubaneswar,2023-05-02T14:00,2023,32.5,46,16.9,705.0,34.4,1002.6,19.3,ERA5_Reanalysis_ECMWF
Bhubaneswar,2023-05-02T15:00,2023,31.8,50,17.5,428.0,33.1,1002.1,20.1,ERA5_Reanalysis_ECMWF
Bhubaneswar,2023-05-02T16:00,2023,31.1,54,17.3,363.0,32.7,1002.2,20.6,ERA5_Reanalysis_ECMWF
Bhubaneswar,2023-05-02T17:00,2023,31.3,47,15.7,129.0,32.2,1002.0,18.7,ERA5_Reanalysis_ECMWF
Bhubaneswar,2023-05-02T18:00,2023,29.7,54,15.6,13.0,31.1,1003.1,19.6,ERA5_Reanalysis_ECMWF
Bhubaneswar,2023-05-02T19:00,2023,28.7,62,14.1,0.0,30.9,1003.9,20.7,ERA5_Reanalysis_ECMWF
Bhubaneswar,2023-05-02T20:00,2023,28.1,69,12.1,0.0,31.2,1004.6,21.9,ERA5_Reanalysis_ECMWF
Bhubaneswar,2023-05-02T21:00,2023,27.9,71,9.4,0.0,31.5,1005.3,22.2,ERA5_Reanalysis_ECMWF
Bhubaneswar,2023-05-02T22:00,2023,27.8,73,8.4,0.0,31.7,1005.8,22.4,ERA5_Reanalysis_ECMWF
Bhubaneswar,2023-05-02T23:00,2023,27.6,74,8.8,0.0,31.5,1005.3,22.6,ERA5_Reanalysis_ECMWF
Bhubaneswar,2023-05-03T00:00,2023,27.3,77,8.0,0.0,31.5,1004.9,23.0,ERA5_Reanalysis_ECMWF
Bhubaneswar,2023-05-03T01:00,2023,26.6,84,9.3,0.0,31.1,1004.5,23.7,ERA5_Reanalysis_ECMWF
Bhubaneswar,2023-05-03T02:00,2023,25.9,91,7.2,0.0,31.0,1004.3,24.2,ERA5_Reanalysis_ECMWF
Bhubaneswar,2023-05-03T03:00,2023,25.6,91,5.8,0.0,30.9,1004.3,24.1,ERA5_Reanalysis_ECMWF
Bhubaneswar,2023-05-03T04:00,2023,25.5,92,4.8,0.0,30.9,1004.7,24.1,ERA5_Reanalysis_ECMWF
Bhubaneswar,2023-05-03T05:00,2023,26.4,83,6.9,0.0,30.9,1004.8,23.2,ERA5_Reanalysis_ECMWF
Bhubaneswar,2023-05-03T06:00,2023,27.1,81,7.7,21.0,31.8,1005.6,23.5,ERA5_Reanalysis_ECMWF
Bhubaneswar,2023-05-03T07:00,2023,28.5,75,7.4,159.0,33.2,1006.3,23.6,ERA5_Reanalysis_ECMWF
Bhubaneswar,2023-05-03T08:00,2023,29.6,69,9.4,240.0,33.8,1007.0,23.2,ERA5_Reanalysis_ECMWF
Bhubaneswar,2023-05-03T09:00,2023,30.2,61,12.3,395.0,33.2,1007.1,21.9,ERA5_Reanalysis_ECMWF
Bhubaneswar,2023-05-03T10:00,2023,31.8,56,10.8,593.0,35.3,1006.6,21.9,ERA5_Reanalysis_ECMWF
Bhubaneswar,2023-05-03T11:00,2023,32.2,55,8.3,750.0,37.1,1005.9,22.1,ERA5_Reanalysis_ECMWF
Bhubaneswar,2023-05-03T12:00,2023,30.2,63,12.1,538.0,33.4,1005.2,22.3,ERA5_Reanalysis_ECMWF
Bhubaneswar,2023-05-03T13:00,2023,31.1,60,9.6,692.0,35.6,1004.2,22.3,ERA5_Reanalysis_ECMWF
Bhubaneswar,2023-05-03T14:00,2023,30.9,62,10.9,624.0,35.1,1003.2,22.9,ERA5_Reanalysis_ECMWF
Bhubaneswar,2023-05-03T15:00,2023,31.1,61,9.4,557.0,35.1,1002.2,22.7,ERA5_Reanalysis_ECMWF
Bhubaneswar,2023-05-03T16:00,2023,28.9,76,8.6,234.0,33.8,1002.3,24.2,ERA5_Reanalysis_ECMWF
Bhubaneswar,2023-05-03T17:00,2023,25.4,85,9.3,43.0,29.3,1003.7,22.6,ERA5_Reanalysis_ECMWF
Bhubaneswar,2023-05-03T18:00,2023,25.1,86,5.6,8.0,29.6,1004.5,22.7,ERA5_Reanalysis_ECMWF
Bhubaneswar,2023-05-03T19:00,2023,25.1,92,5.8,0.0,30.1,1005.3,23.6,ERA5_Reanalysis_ECMWF
Bhubaneswar,2023-05-03T20:00,2023,25.0,93,4.7,0.0,30.3,1006.2,23.9,ERA5_Reanalysis_ECMWF
Bhubaneswar,2023-05-03T21:00,2023,25.1,94,4.2,0.0,30.5,1007.0,24.0,ERA5_Reanalysis_ECMWF
Bhubaneswar,2023-05-03T22:00,2023,25.0,95,4.3,0.0,30.5,1007.2,24.1,ERA5_Reanalysis_ECMWF
Bhubaneswar,2023-05-03T23:00,2023,24.9,95,3.4,0.0,30.4,1005.9,24.0,ERA5_Reanalysis_ECMWF
Bhubaneswar,2023-05-04T00:00,2023,24.6,97,4.8,0.0,30.0,1004.5,24.1,ERA5_Reanalysis_ECMWF
Bhubaneswar,2023-05-04T01:00,2023,24.5,97,4.7,0.0,30.0,1003.9,24.1,ERA5_Reanalysis_ECMWF
Bhubaneswar,2023-05-04T02:00,2023,24.5,99,1.5,0.0,30.5,1003.4,24.2,ERA5_Reanalysis_ECMWF
Bhubaneswar,2023-05-04T03:00,2023,24.6,98,1.0,0.0,30.6,1003.5,24.2,ERA5_Reanalysis_ECMWF
Bhubaneswar,2023-05-04T04:00,2023,24.5,97,2.9,0.0,30.2,1003.9,24.1,ERA5_Reanalysis_ECMWF
Bhubaneswar,2023-05-04T05:00,2023,24.9,97,2.2,0.0,30.9,1004.4,24.4,ERA5_Reanalysis_ECMWF
Bhubaneswar,2023-05-04T06:00,2023,25.2,95,1.0,18.0,31.4,1004.7,24.4,ERA5_Reanalysis_ECMWF
Bhubaneswar,2023-05-04T07:00,2023,25.6,94,1.6,42.0,31.7,1005.5,24.5,ERA5_Reanalysis_ECMWF
Bhubaneswar,2023-05-04T08:00,2023,25.9,94,3.4,83.0,32.0,1006.0,24.8,ERA5_Reanalysis_ECMWF
Bhubaneswar,2023-05-04T09:00,2023,26.6,88,4.3,152.0,32.4,1006.3,24.5,ERA5_Reanalysis_ECMWF
Bhubaneswar,2023-05-04T10:00,2023,27.7,81,6.6,291.0,32.8,1006.2,24.0,ERA5_Reanalysis_ECMWF
Bhubaneswar,2023-05-04T11:00,2023,27.9,78,8.6,213.0,32.5,1005.5,23.7,ERA5_Reanalysis_ECMWF
Bhubaneswar,2023-05-04T12:00,2023,29.3,74,9.6,472.0,34.0,1004.3,24.1,ERA5_Reanalysis_ECMWF
Bhubaneswar,2023-05-04T13:00,2023,30.6,68,9.8,726.0,36.3,1003.0,24.1,ERA5_Reanalysis_ECMWF
Bhubaneswar,2023-05-04T14:00,2023,31.2,66,11.2,729.0,36.7,1001.9,24.1,ERA5_Reanalysis_ECMWF
Bhubaneswar,2023-05-04T15:00,2023,26.9,86,15.3,454.0,30.9,1001.7,24.3,ERA5_Reanalysis_ECMWF
Bhubaneswar,2023-05-04T16:00,2023,27.2,83,7.4,101.0,32.2,1001.5,24.1,ERA5_Reanalysis_ECMWF
Bhubaneswar,2023-05-04T17:00,2023,29.4,70,8.4,104.0,33.8,1001.5,23.3,ERA5_Reanalysis_ECMWF
Bhubaneswar,2023-05-04T18:00,2023,28.0,77,11.3,15.0,32.2,1001.8,23.7,ERA5_Reanalysis_ECMWF
Bhubaneswar,2023-05-04T19:00,2023,27.1,82,12.0,0.0,31.4,1002.5,23.9,ERA5_Reanalysis_ECMWF
Bhubaneswar,2023-05-04T20:00,2023,26.6,86,11.3,0.0,31.0,1003.0,24.0,ERA5_Reanalysis_ECMWF
Bhubaneswar,2023-05-04T21:00,2023,26.1,88,7.9,0.0,31.0,1003.6,24.0,ERA5_Reanalysis_ECMWF
Bhubaneswar,2023-05-04T22:00,2023,26.4,88,8.0,0.0,31.4,1003.8,24.2,ERA5_Reanalysis_ECMWF
Bhubaneswar,2023-05-04T23:00,2023,26.4,89,6.8,0.0,31.7,1003.6,24.3,ERA5_Reanalysis_ECMWF
Bhubaneswar,2023-05-05T00:00,2023,26.2,90,7.1,0.0,31.5,1003.2,24.4,ERA5_Reanalysis_ECMWF
Bhubaneswar,2023-05-05T01:00,2023,26.3,90,7.6,0.0,31.5,1002.5,24.5,ERA5_Reanalysis_ECMWF
Bhubaneswar,2023-05-05T02:00,2023,26.1,91,5.8,0.0,31.6,1001.9,24.5,ERA5_Reanalysis_ECMWF
Bhubaneswar,2023-05-05T03:00,2023,26.0,91,5.9,0.0,31.5,1001.7,24.4,ERA5_Reanalysis_ECMWF
Bhubaneswar,2023-05-05T04:00,2023,25.8,92,6.1,0.0,31.2,1001.7,24.4,ERA5_Reanalysis_ECMWF
Bhubaneswar,2023-05-05T05:00,2023,26.7,90,9.7,1.0,31.8,1002.0,24.8,ERA5_Reanalysis_ECMWF
Bhubaneswar,2023-05-05T06:00,2023,27.4,87,10.6,24.0,32.6,1002.3,25.0,ERA5_Reanalysis_ECMWF
Bhubaneswar,2023-05-05T07:00,2023,28.7,81,8.7,138.0,34.2,1003.0,25.2,ERA5_Reanalysis_ECMWF
Bhubaneswar,2023-05-05T08:00,2023,30.4,74,9.2,382.0,35.9,1003.3,25.2,ERA5_Reanalysis_ECMWF
Bhubaneswar,2023-05-05T09:00,2023,32.2,63,9.8,646.0,37.5,1003.4,24.3,ERA5_Reanalysis_ECMWF
Bhubaneswar,2023-05-05T10:00,2023,33.4,56,7.3,795.0,39.5,1003.1,23.4,ERA5_Reanalysis_ECMWF
Bhubaneswar,2023-05-05T11:00,2023,34.3,51,4.9,871.0,40.8,1002.0,22.6,ERA5_Reanalysis_ECMWF
Bhubaneswar,2023-05-05T12:00,2023,34.9,47,5.6,891.0,41.0,1001.1,21.9,ERA5_Reanalysis_ECMWF
Bhubaneswar,2023-05-05T13:00,2023,35.4,44,6.7,766.0,40.3,999.8,21.5,ERA5_Reanalysis_ECMWF
Bhubaneswar,2023-05-05T14:00,2023,33.4,51,15.2,579.0,36.1,999.4,21.9,ERA5_Reanalysis_ECMWF
Bhubaneswar,2023-05-05T15:00,2023,32.2,61,17.1,480.0,35.5,998.9,23.7,ERA5_Reanalysis_ECMWF
Bhubaneswar,2023-05-05T16:00,2023,31.7,62,17.9,286.0,34.9,998.9,23.6,ERA5_Reanalysis_ECMWF
Bhubaneswar,2023-05-05T17:00,2023,30.5,69,14.4,114.0,34.6,999.4,24.1,ERA5_Reanalysis_ECMWF
Bhubaneswar,2023-05-05T18:00,2023,29.5,75,11.1,8.0,34.2,1000.2,24.5,ERA5_Reanalysis_ECMWF
Bhubaneswar,2023-05-05T19:00,2023,29.0,81,10.5,0.0,34.4,1001.1,25.4,ERA5_Reanalysis_ECMWF
Bhubaneswar,2023-05-05T20:00,2023,28.7,84,12.2,0.0,34.2,1001.7,25.8,ERA5_Reanalysis_ECMWF
Bhubaneswar,2023-05-05T21:00,2023,28.1,88,7.4,0.0,34.4,1002.3,25.9,ERA5_Reanalysis_ECMWF
Bhubaneswar,2023-05-05T22:00,2023,27.7,90,4.6,0.0,34.4,1001.9,26.0,ERA5_Reanalysis_ECMWF
Bhubaneswar,2023-05-05T23:00,2023,27.4,92,6.1,0.0,33.8,1001.3,25.9,ERA5_Reanalysis_ECMWF
Bhubaneswar,2023-05-06T00:00,2023,27.0,93,6.1,0.0,33.3,1000.4,25.8,ERA5_Reanalysis_ECMWF
Bhubaneswar,2023-05-06T01:00,2023,26.8,93,7.6,0.0,32.8,1000.0,25.6,ERA5_Reanalysis_ECMWF
Bhubaneswar,2023-05-06T02:00,2023,26.5,92,5.2,0.0,32.5,999.5,25.1,ERA5_Reanalysis_ECMWF
Bhubaneswar,2023-05-06T03:00,2023,26.4,91,4.8,0.0,32.3,999.6,24.8,ERA5_Reanalysis_ECMWF
Bhubaneswar,2023-05-06T04:00,2023,26.4,91,5.4,0.0,32.1,1000.0,24.8,ERA5_Reanalysis_ECMWF
Bhubaneswar,2023-05-06T05:00,2023,26.1,85,4.2,1.0,31.2,1000.9,23.4,ERA5_Reanalysis_ECMWF
Bhubaneswar,2023-05-06T06:00,2023,26.8,82,6.2,30.0,31.6,1002.0,23.5,ERA5_Reanalysis_ECMWF
Bhubaneswar,2023-05-06T07:00,2023,27.9,76,5.8,112.0,32.6,1002.3,23.2,ERA5_Reanalysis_ECMWF
Bhubaneswar,2023-05-06T08:00,2023,28.9,71,5.2,152.0,33.8,1002.7,23.2,ERA5_Reanalysis_ECMWF
Bhubaneswar,2023-05-06T09:00,2023,30.3,64,4.1,301.0,35.0,1002.8,22.8,ERA5_Reanalysis_ECMWF
Bhubaneswar,2023-05-06T10:00,2023,31.0,62,2.5,353.0,36.0,1002.4,22.9,ERA5_Reanalysis_ECMWF
Bhubaneswar,2023-05-06T11:00,2023,31.6,61,3.1,389.0,36.6,1001.8,23.1,ERA5_Reanalysis_ECMWF
Bhubaneswar,2023-05-06T12:00,2023,32.8,56,2.3,574.0,38.0,1001.1,22.9,ERA5_Reanalysis_ECMWF
Bhubaneswar,2023-05-06T13:00,2023,34.2,49,3.1,818.0,40.5,999.8,22.1,ERA5_Reanalysis_ECMWF
Bhubaneswar,2023-05-06T14:00,2023,34.8,46,1.6,752.0,40.5,998.6,21.3,ERA5_Reanalysis_ECMWF
Bhubaneswar,2023-05-06T15:00,2023,34.9,44,0.8,574.0,39.2,997.7,20.9,ERA5_Reanalysis_ECMWF
Bhubaneswar,2023-05-06T16:00,2023,34.9,44,0.7,368.0,39.0,997.5,20.8,ERA5_Reanalysis_ECMWF
Bhubaneswar,2023-05-06T17:00,2023,33.0,60,4.3,153.0,38.5,998.1,24.1,ERA5_Reanalysis_ECMWF
Bhubaneswar,2023-05-06T18:00,2023,30.8,68,10.8,16.0,35.4,998.8,24.2,ERA5_Reanalysis_ECMWF
Bhubaneswar,2023-05-06T19:00,2023,29.9,72,10.3,0.0,34.7,999.9,24.4,ERA5_Reanalysis_ECMWF
Bhubaneswar,2023-05-06T20:00,2023,29.1,77,11.6,0.0,33.9,1000.6,24.7,ERA5_Reanalysis_ECMWF
Bhubaneswar,2023-05-06T21:00,2023,28.4,81,10.7,0.0,33.4,1001.1,24.9,ERA5_Reanalysis_ECMWF
Bhubaneswar,2023-05-06T22:00,2023,28.1,83,11.2,0.0,33.1,1001.2,24.9,ERA5_Reanalysis_ECMWF
Bhubaneswar,2023-05-06T23:00,2023,27.9,84,10.9,0.0,32.9,1001.0,24.9,ERA5_Reanalysis_ECMWF
Bhubaneswar,2023-05-07T00:00,2023,27.6,87,12.1,0.0,32.6,1000.4,25.2,ERA5_Reanalysis_ECMWF
Bhubaneswar,2023-05-07T01:00,2023,27.5,90,11.8,0.0,33.0,999.8,25.7,ERA5_Reanalysis_ECMWF
Bhubaneswar,2023-05-07T02:00,2023,27.6,91,10.3,0.0,33.5,999.3,26.0,ERA5_Reanalysis_ECMWF
Bhubaneswar,2023-05-07T03:00,2023,27.3,93,9.2,0.0,33.5,999.1,26.2,ERA5_Reanalysis_ECMWF
Bhubaneswar,2023-05-07T04:00,2023,26.9,96,7.0,0.0,33.3,999.4,26.1,ERA5_Reanalysis_ECMWF
Bhubaneswar,2023-05-07T05:00,2023,27.5,92,7.5,1.0,33.7,1000.3,26.0,ERA5_Reanalysis_ECMWF
Bhubaneswar,2023-05-07T06:00,2023,28.5,88,7.6,50.0,34.9,1000.9,26.3,ERA5_Reanalysis_ECMWF
Bhubaneswar,2023-05-07T07:00,2023,29.9,82,8.7,189.0,36.3,1001.7,26.5,ERA5_Reanalysis_ECMWF
Bhubaneswar,2023-05-07T08:00,2023,32.0,71,6.5,480.0,38.6,1002.2,26.2,ERA5_Reanalysis_ECMWF
Bhubaneswar,2023-05-07T09:00,2023,33.8,61,5.2,673.0,40.6,1002.4,25.2,ERA5_Reanalysis_ECMWF
Bhubaneswar,2023-05-07T10:00,2023,35.2,51,3.4,793.0,42.1,1001.8,23.7,ERA5_Reanalysis_ECMWF
Bhubaneswar,2023-05-07T11:00,2023,36.2,44,1.9,850.0,43.0,1001.1,22.2,ERA5_Reanalysis_ECMWF
Bhubaneswar,2023-05-07T12:00,2023,36.8,41,1.8,861.0,43.1,1000.0,21.3,ERA5_Reanalysis_ECMWF
Bhubaneswar,2023-05-07T13:00,2023,37.1,38,5.1,815.0,42.1,998.8,20.5,ERA5_Reanalysis_ECMWF
Bhubaneswar,2023-05-07T14:00,2023,37.3,37,5.6,708.0,41.3,998.0,20.2,ERA5_Reanalysis_ECMWF
Bhubaneswar,2023-05-07T15:00,2023,36.7,37,3.1,495.0,39.8,997.4,19.6,ERA5_Reanalysis_ECMWF
Bhubaneswar,2023-05-07T16:00,2023,33.8,56,16.2,219.0,37.3,997.4,23.7,ERA5_Reanalysis_ECMWF
Bhubaneswar,2023-05-07T17:00,2023,32.2,65,16.5,109.0,36.2,998.0,24.7,ERA5_Reanalysis_ECMWF
Bhubaneswar,2023-05-07T18:00,2023,31.0,67,9.7,17.0,35.7,998.5,24.2,ERA5_Reanalysis_ECMWF
Bhubaneswar,2023-05-07T19:00,2023,29.8,75,11.3,0.0,34.8,999.2,24.9,ERA5_Reanalysis_ECMWF
Bhubaneswar,2023-05-07T20:00,2023,28.9,79,9.4,0.0,34.1,1000.1,24.8,ERA5_Reanalysis_ECMWF
Bhubaneswar,2023-05-07T21:00,2023,28.3,82,11.2,0.0,33.3,1000.5,24.9,ERA5_Reanalysis_ECMWF
Bhubaneswar,2023-05-07T22:00,2023,27.9,85,10.9,0.0,33.1,1000.6,25.1,ERA5_Reanalysis_ECMWF
Bhubaneswar,2023-05-07T23:00,2023,27.5,88,10.3,0.0,32.9,1000.1,25.3,ERA5_Reanalysis_ECMWF
Bhubaneswar,2023-05-08T00:00,2023,27.3,89,12.0,0.0,32.5,999.4,25.4,ERA5_Reanalysis_ECMWF
Bhubaneswar,2023-05-08T01:00,2023,27.2,91,11.5,0.0,32.6,998.8,25.6,ERA5_Reanalysis_ECMWF
Bhubaneswar,2023-05-08T02:00,2023,27.4,90,9.7,0.0,33.2,998.5,25.7,ERA5_Reanalysis_ECMWF
Bhubaneswar,2023-05-08T03:00,2023,27.3,91,5.6,0.0,33.7,998.6,25.7,ERA5_Reanalysis_ECMWF
Bhubaneswar,2023-05-08T04:00,2023,27.2,92,4.5,0.0,33.8,999.2,25.8,ERA5_Reanalysis_ECMWF
Bhubaneswar,2023-05-08T05:00,2023,27.3,95,4.0,1.0,34.3,999.5,26.3,ERA5_Reanalysis_ECMWF
Bhubaneswar,2023-05-08T06:00,2023,28.6,89,0.7,50.0,36.3,1000.1,26.7,ERA5_Reanalysis_ECMWF
Bhubaneswar,2023-05-08T07:00,2023,30.2,81,3.1,191.0,37.6,1000.8,26.6,ERA5_Reanalysis_ECMWF
Bhubaneswar,2023-05-08T08:00,2023,32.5,68,4.1,440.0,39.2,1001.3,25.9,ERA5_Reanalysis_ECMWF
Bhubaneswar,2023-05-08T09:00,2023,34.7,56,4.9,643.0,41.0,1001.4,24.6,ERA5_Reanalysis_ECMWF
Bhubaneswar,2023-05-08T10:00,2023,36.4,46,5.9,807.0,42.5,1001.1,22.9,ERA5_Reanalysis_ECMWF
Bhubaneswar,2023-05-08T11:00,2023,37.6,40,4.8,912.0,43.8,1000.7,21.5,ERA5_Reanalysis_ECMWF
Bhubaneswar,2023-05-08T12:00,2023,38.2,37,4.3,903.0,44.1,1000.0,20.9,ERA5_Reanalysis_ECMWF
Bhubaneswar,2023-05-08T13:00,2023,38.4,37,7.1,851.0,43.6,998.9,21.1,ERA5_Reanalysis_ECMWF
Bhubaneswar,2023-05-08T14:00,2023,38.5,37,10.1,741.0,42.4,998.0,21.0,ERA5_Reanalysis_ECMWF
Bhubaneswar,2023-05-08T15:00,2023,37.1,38,13.2,537.0,39.3,997.3,20.5,ERA5_Reanalysis_ECMWF
Bhubaneswar,2023-05-08T16:00,2023,34.8,54,15.2,290.0,38.8,997.3,24.2,ERA5_Reanalysis_ECMWF
Bhubaneswar,2023-05-08T17:00,2023,33.5,56,13.7,128.0,37.2,998.3,23.5,ERA5_Reanalysis_ECMWF
Bhubaneswar,2023-05-08T18:00,2023,31.4,63,12.2,18.0,35.4,998.8,23.5,ERA5_Reanalysis_ECMWF
Bhubaneswar,2023-05-08T19:00,2023,30.1,72,13.9,0.0,34.4,999.4,24.5,ERA5_Reanalysis_ECMWF
Bhubaneswar,2023-05-08T20:00,2023,29.1,81,13.1,0.0,34.3,999.9,25.6,ERA5_Reanalysis_ECMWF
Bhubaneswar,2023-05-08T21:00,2023,28.3,88,13.1,0.0,33.9,1000.5,26.2,ERA5_Reanalysis_ECMWF
Bhubaneswar,2023-05-08T22:00,2023,27.9,92,9.9,0.0,34.1,1001.0,26.4,ERA5_Reanalysis_ECMWF
Bhubaneswar,2023-05-08T23:00,2023,27.5,94,8.4,0.0,34.0,1000.7,26.4,ERA5_Reanalysis_ECMWF
Bhubaneswar,2023-05-09T00:00,2023,27.2,95,8.4,0.0,33.5,1000.2,26.3,ERA5_Reanalysis_ECMWF
Bhubaneswar,2023-05-09T01:00,2023,26.9,96,8.2,0.0,33.1,999.7,26.1,ERA5_Reanalysis_ECMWF
Bhubaneswar,2023-05-09T02:00,2023,26.6,95,6.9,0.0,32.7,999.6,25.7,ERA5_Reanalysis_ECMWF
Bhubaneswar,2023-05-09T03:00,2023,26.3,95,6.8,0.0,32.3,999.5,25.4,ERA5_Reanalysis_ECMWF
Bhubaneswar,2023-05-09T04:00,2023,26.1,96,7.1,0.0,31.9,1000.0,25.3,ERA5_Reanalysis_ECMWF
Bhubaneswar,2023-05-09T05:00,2023,26.4,100,5.9,2.0,33.1,1000.7,26.3,ERA5_Reanalysis_ECMWF
Bhubaneswar,2023-05-09T06:00,2023,28.1,93,8.8,73.0,34.9,1001.5,26.9,ERA5_Reanalysis_ECMWF
Bhubaneswar,2023-05-09T07:00,2023,30.2,83,9.7,268.0,36.9,1002.0,27.0,ERA5_Reanalysis_ECMWF
Bhubaneswar,2023-05-09T08:00,2023,32.5,69,11.6,484.0,38.3,1002.5,26.2,ERA5_Reanalysis_ECMWF
Bhubaneswar,2023-05-09T09:00,2023,34.5,58,13.4,681.0,40.0,1002.5,25.0,ERA5_Reanalysis_ECMWF
Bhubaneswar,2023-05-09T10:00,2023,36.1,48,12.6,827.0,41.4,1002.3,23.4,ERA5_Reanalysis_ECMWF
Bhubaneswar,2023-05-09T11:00,2023,37.1,42,11.9,910.0,42.4,1001.7,22.3,ERA5_Reanalysis_ECMWF
Bhubaneswar,2023-05-09T12:00,2023,37.7,40,10.3,916.0,43.0,1001.0,21.6,ERA5_Reanalysis_ECMWF
Bhubaneswar,2023-05-09T13:00,2023,38.0,38,10.7,854.0,42.5,999.8,21.1,ERA5_Reanalysis_ECMWF
Bhubaneswar,2023-05-09T14:00,2023,37.7,37,12.0,676.0,40.8,998.8,20.7,ERA5_Reanalysis_ECMWF
Bhubaneswar,2023-05-09T15:00,2023,37.0,39,14.3,519.0,39.1,998.3,20.8,ERA5_Reanalysis_ECMWF
Bhubaneswar,2023-05-09T16:00,2023,36.0,41,7.8,286.0,39.0,998.3,20.7,ERA5_Reanalysis_ECMWF
Bhubaneswar,2023-05-09T17:00,2023,33.7,53,4.3,142.0,38.3,999.4,22.7,ERA5_Reanalysis_ECMWF
Bhubaneswar,2023-05-09T18:00,2023,31.6,67,4.2,15.0,37.5,999.6,24.8,ERA5_Reanalysis_ECMWF
Bhubaneswar,2023-05-09T19:00,2023,30.5,71,3.8,0.0,36.3,1000.1,24.6,ERA5_Reanalysis_ECMWF
Bhubaneswar,2023-05-09T20:00,2023,29.4,77,4.3,0.0,35.5,1000.4,25.0,ERA5_Reanalysis_ECMWF
Bhubaneswar,2023-05-09T21:00,2023,29.0,77,6.4,0.0,34.5,1000.8,24.6,ERA5_Reanalysis_ECMWF
Bhubaneswar,2023-05-09T22:00,2023,28.4,80,10.0,0.0,33.5,1001.2,24.7,ERA5_Reanalysis_ECMWF
Bhubaneswar,2023-05-09T23:00,2023,27.9,84,11.1,0.0,32.9,1001.0,24.9,ERA5_Reanalysis_ECMWF
Bhubaneswar,2023-05-10T00:00,2023,27.6,86,12.9,0.0,32.4,1000.2,25.1,ERA5_Reanalysis_ECMWF
Bhubaneswar,2023-05-10T01:00,2023,27.4,89,14.0,0.0,32.3,999.6,25.4,ERA5_Reanalysis_ECMWF
Bhubaneswar,2023-05-10T02:00,2023,27.1,93,11.6,0.0,32.7,999.3,25.9,ERA5_Reanalysis_ECMWF
Bhubaneswar,2023-05-10T03:00,2023,26.7,95,8.9,0.0,32.7,999.6,25.9,ERA5_Reanalysis_ECMWF
Bhubaneswar,2023-05-10T04:00,2023,26.4,97,6.1,0.0,32.7,1000.0,25.8,ERA5_Reanalysis_ECMWF
Bhubaneswar,2023-05-10T05:00,2023,26.5,97,5.4,2.0,33.1,1000.8,26.0,ERA5_Reanalysis_ECMWF
Bhubaneswar,2023-05-10T06:00,2023,28.5,89,7.3,89.0,35.2,1001.5,26.5,ERA5_Reanalysis_ECMWF
Bhubaneswar,2023-05-10T07:00,2023,30.5,79,10.7,277.0,36.7,1002.0,26.5,ERA5_Reanalysis_ECMWF
Bhubaneswar,2023-05-10T08:00,2023,32.4,72,12.0,486.0,38.4,1002.4,26.6,ERA5_Reanalysis_ECMWF
Bhubaneswar,2023-05-10T09:00,2023,34.2,63,11.0,683.0,40.8,1002.3,26.1,ERA5_Reanalysis_ECMWF
Bhubaneswar,2023-05-10T10:00,2023,35.9,52,10.5,831.0,42.4,1001.9,24.5,ERA5_Reanalysis_ECMWF
Bhubaneswar,2023-05-10T11:00,2023,37.0,44,11.6,915.0,42.6,1001.2,22.7,ERA5_Reanalysis_ECMWF
Bhubaneswar,2023-05-10T12:00,2023,37.8,39,11.3,928.0,42.9,1000.4,21.5,ERA5_Reanalysis_ECMWF
Bhubaneswar,2023-05-10T13:00,2023,38.0,38,11.4,869.0,42.6,999.4,21.2,ERA5_Reanalysis_ECMWF
Bhubaneswar,2023-05-10T14:00,2023,37.9,38,10.4,733.0,41.8,998.4,21.1,ERA5_Reanalysis_ECMWF
Bhubaneswar,2023-05-10T15:00,2023,37.1,42,12.0,537.0,40.3,998.0,22.0,ERA5_Reanalysis_ECMWF
Bhubaneswar,2023-05-10T16:00,2023,35.2,49,5.2,257.0,39.8,998.5,22.9,ERA5_Reanalysis_ECMWF
Bhubaneswar,2023-05-10T17:00,2023,33.7,58,4.3,119.0,39.2,998.9,24.2,ERA5_Reanalysis_ECMWF
Bhubaneswar,2023-05-10T18:00,2023,31.9,66,13.9,19.0,36.4,999.5,24.8,ERA5_Reanalysis_ECMWF
Bhubaneswar,2023-05-10T19:00,2023,30.1,81,14.4,0.0,35.6,1000.0,26.4,ERA5_Reanalysis_ECMWF
Bhubaneswar,2023-05-10T20:00,2023,29.0,87,13.0,0.0,34.9,1000.7,26.6,ERA5_Reanalysis_ECMWF
Bhubaneswar,2023-05-10T21:00,2023,28.3,92,12.3,0.0,34.4,1001.3,26.8,ERA5_Reanalysis_ECMWF
Bhubaneswar,2023-05-10T22:00,2023,27.8,95,12.2,0.0,34.0,1001.4,26.9,ERA5_Reanalysis_ECMWF
Bhubaneswar,2023-05-10T23:00,2023,27.4,96,10.8,0.0,33.6,1001.4,26.7,ERA5_Reanalysis_ECMWF
Bhubaneswar,2023-05-11T00:00,2023,27.1,98,9.9,0.0,33.5,1001.1,26.7,ERA5_Reanalysis_ECMWF
Bhubaneswar,2023-05-11T01:00,2023,26.9,98,9.8,0.0,33.3,1001.0,26.6,ERA5_Reanalysis_ECMWF
Bhubaneswar,2023-05-11T02:00,2023,26.9,98,9.5,0.0,33.3,1000.8,26.6,ERA5_Reanalysis_ECMWF
Bhubaneswar,2023-05-11T03:00,2023,26.8,98,8.2,0.0,33.3,1000.8,26.5,ERA5_Reanalysis_ECMWF
Bhubaneswar,2023-05-11T04:00,2023,26.5,99,5.4,0.0,33.3,1001.2,26.3,ERA5_Reanalysis_ECMWF
Bhubaneswar,2023-05-11T05:00,2023,28.6,97,7.8,2.0,36.3,1001.8,28.0,ERA5_Reanalysis_ECMWF
Bhubaneswar,2023-05-11T06:00,2023,29.2,91,7.7,36.0,36.5,1002.6,27.5,ERA5_Reanalysis_ECMWF
Bhubaneswar,2023-05-11T07:00,2023,30.5,83,6.6,224.0,37.7,1003.3,27.2,ERA5_Reanalysis_ECMWF
Bhubaneswar,2023-05-11T08:00,2023,32.1,74,7.6,463.0,38.9,1003.6,26.8,ERA5_Reanalysis_ECMWF
Bhubaneswar,2023-05-11T09:00,2023,33.6,66,7.7,673.0,40.8,1003.6,26.4,ERA5_Reanalysis_ECMWF
Bhubaneswar,2023-05-11T10:00,2023,35.1,57,7.9,823.0,42.4,1003.3,25.2,ERA5_Reanalysis_ECMWF
Bhubaneswar,2023-05-11T11:00,2023,36.3,49,9.2,914.0,43.1,1002.4,24.0,ERA5_Reanalysis_ECMWF
Bhubaneswar,2023-05-11T12:00,2023,37.0,44,8.7,925.0,43.2,1001.6,22.8,ERA5_Reanalysis_ECMWF
Bhubaneswar,2023-05-11T13:00,2023,37.0,43,9.4,826.0,42.4,1000.2,22.5,ERA5_Reanalysis_ECMWF
Bhubaneswar,2023-05-11T14:00,2023,36.7,43,6.3,706.0,41.8,999.2,22.3,ERA5_Reanalysis_ECMWF
Bhubaneswar,2023-05-11T15:00,2023,36.3,43,3.3,490.0,40.6,999.1,21.8,ERA5_Reanalysis_ECMWF
Bhubaneswar,2023-05-11T16:00,2023,33.1,59,16.6,220.0,36.8,999.6,24.1,ERA5_Reanalysis_ECMWF
Bhubaneswar,2023-05-11T17:00,2023,32.0,56,15.6,147.0,34.6,999.6,22.0,ERA5_Reanalysis_ECMWF
Bhubaneswar,2023-05-11T18:00,2023,30.4,67,15.2,22.0,34.0,1000.2,23.7,ERA5_Reanalysis_ECMWF
Bhubaneswar,2023-05-11T19:00,2023,29.0,76,12.6,0.0,33.4,1000.9,24.3,ERA5_Reanalysis_ECMWF
Bhubaneswar,2023-05-11T20:00,2023,28.1,83,7.7,0.0,33.6,1001.5,24.9,ERA5_Reanalysis_ECMWF
Bhubaneswar,2023-05-11T21:00,2023,27.7,87,10.4,0.0,33.0,1001.4,25.3,ERA5_Reanalysis_ECMWF
Bhubaneswar,2023-05-11T22:00,2023,27.2,90,8.3,0.0,32.9,1001.3,25.4,ERA5_Reanalysis_ECMWF
Bhubaneswar,2023-05-11T23:00,2023,26.3,95,2.9,0.0,32.9,1001.3,25.5,ERA5_Reanalysis_ECMWF
Bhubaneswar,2023-05-12T00:00,2023,25.8,98,4.6,0.0,32.1,1000.9,25.5,ERA5_Reanalysis_ECMWF
Bhubaneswar,2023-05-12T01:00,2023,25.8,98,2.1,0.0,32.5,1000.5,25.5,ERA5_Reanalysis_ECMWF
Bhubaneswar,2023-05-12T02:00,2023,25.5,99,6.5,0.0,31.5,1000.1,25.4,ERA5_Reanalysis_ECMWF
Bhubaneswar,2023-05-12T03:00,2023,25.6,99,8.2,0.0,31.4,1000.4,25.4,ERA5_Reanalysis_ECMWF
Bhubaneswar,2023-05-12T04:00,2023,25.9,98,8.7,0.0,31.7,1000.9,25.5,ERA5_Reanalysis_ECMWF
Bhubaneswar,2023-05-12T05:00,2023,26.5,99,4.3,2.0,33.5,1001.6,26.4,ERA5_Reanalysis_ECMWF
Bhubaneswar,2023-05-12T06:00,2023,28.2,91,6.8,63.0,35.0,1002.2,26.6,ERA5_Reanalysis_ECMWF
Bhubaneswar,2023-05-12T07:00,2023,29.7,82,7.8,223.0,36.2,1002.9,26.3,ERA5_Reanalysis_ECMWF
Bhubaneswar,2023-05-12T08:00,2023,31.3,74,10.5,408.0,37.1,1002.9,26.0,ERA5_Reanalysis_ECMWF
Bhubaneswar,2023-05-12T09:00,2023,32.5,67,11.3,546.0,37.9,1003.1,25.5,ERA5_Reanalysis_ECMWF
Bhubaneswar,2023-05-12T10:00,2023,34.0,57,10.5,701.0,39.6,1002.3,24.2,ERA5_Reanalysis_ECMWF
Bhubaneswar,2023-05-12T11:00,2023,35.6,49,11.0,831.0,41.1,1001.2,23.2,ERA5_Reanalysis_ECMWF
Bhubaneswar,2023-05-12T12:00,2023,36.8,41,13.3,906.0,41.4,999.9,21.5,ERA5_Reanalysis_ECMWF
Bhubaneswar,2023-05-12T13:00,2023,37.7,36,14.5,877.0,41.3,999.0,20.2,ERA5_Reanalysis_ECMWF
Bhubaneswar,2023-05-12T14:00,2023,37.7,33,16.1,759.0,39.7,998.3,18.9,ERA5_Reanalysis_ECMWF
Bhubaneswar,2023-05-12T15:00,2023,35.9,43,16.3,424.0,38.0,998.2,21.4,ERA5_Reanalysis_ECMWF
Bhubaneswar,2023-05-12T16:00,2023,34.3,52,16.9,317.0,37.2,998.2,22.9,ERA5_Reanalysis_ECMWF
Bhubaneswar,2023-05-12T17:00,2023,33.1,54,16.8,133.0,35.9,998.5,22.6,ERA5_Reanalysis_ECMWF
Bhubaneswar,2023-05-12T18:00,2023,31.0,68,17.0,20.0,34.8,999.0,24.4,ERA5_Reanalysis_ECMWF
Bhubaneswar,2023-05-12T19:00,2023,29.8,76,14.8,0.0,34.4,999.9,25.1,ERA5_Reanalysis_ECMWF
Bhubaneswar,2023-05-12T20:00,2023,29.1,81,13.3,0.0,34.2,1000.6,25.5,ERA5_Reanalysis_ECMWF
Bhubaneswar,2023-05-12T21:00,2023,28.5,85,13.4,0.0,33.7,1000.4,25.7,ERA5_Reanalysis_ECMWF
Bhubaneswar,2023-05-12T22:00,2023,28.1,87,13.0,0.0,33.4,1000.3,25.7,ERA5_Reanalysis_ECMWF
Bhubaneswar,2023-05-12T23:00,2023,27.8,89,11.1,0.0,33.3,1000.1,25.7,ERA5_Reanalysis_ECMWF
Bhubaneswar,2023-05-13T00:00,2023,27.1,92,7.9,0.0,33.1,999.5,25.7,ERA5_Reanalysis_ECMWF
Bhubaneswar,2023-05-13T01:00,2023,26.7,95,6.2,0.0,33.0,998.5,25.7,ERA5_Reanalysis_ECMWF
Bhubaneswar,2023-05-13T02:00,2023,26.3,97,8.6,0.0,32.3,997.8,25.8,ERA5_Reanalysis_ECMWF
Bhubaneswar,2023-05-13T03:00,2023,26.3,98,10.5,0.0,32.1,997.5,25.9,ERA5_Reanalysis_ECMWF
Bhubaneswar,2023-05-13T04:00,2023,26.2,98,10.5,0.0,31.9,998.1,25.8,ERA5_Reanalysis_ECMWF
Bhubaneswar,2023-05-13T05:00,2023,26.2,99,8.3,2.0,32.4,999.6,26.1,ERA5_Reanalysis_ECMWF
Bhubaneswar,2023-05-13T06:00,2023,27.8,92,16.0,85.0,33.0,999.7,26.3,ERA5_Reanalysis_ECMWF
Bhubaneswar,2023-05-13T07:00,2023,29.6,80,19.4,237.0,34.0,1000.2,25.8,ERA5_Reanalysis_ECMWF
Bhubaneswar,2023-05-13T08:00,2023,31.5,71,18.0,438.0,35.8,1000.6,25.5,ERA5_Reanalysis_ECMWF
Bhubaneswar,2023-05-13T09:00,2023,33.1,62,16.9,608.0,37.5,1000.6,24.9,ERA5_Reanalysis_ECMWF
Bhubaneswar,2023-05-13T10:00,2023,34.3,54,18.2,671.0,38.2,1000.0,23.7,ERA5_Reanalysis_ECMWF
Bhubaneswar,2023-05-13T11:00,2023,35.7,45,19.5,770.0,38.9,999.1,22.0,ERA5_Reanalysis_ECMWF
Bhubaneswar,2023-05-13T12:00,2023,36.9,37,21.3,821.0,38.8,998.5,19.9,ERA5_Reanalysis_ECMWF
Bhubaneswar,2023-05-13T13:00,2023,36.9,35,22.1,749.0,38.0,997.4,19.1,ERA5_Reanalysis_ECMWF
Bhubaneswar,2023-05-13T14:00,2023,36.3,37,20.7,583.0,36.8,996.6,19.2,ERA5_Reanalysis_ECMWF
Bhubaneswar,2023-05-13T15:00,2023,35.3,42,19.8,548.0,36.3,995.9,20.3,ERA5_Reanalysis_ECMWF
Bhubaneswar,2023-05-13T16:00,2023,33.7,51,16.8,344.0,36.2,996.2,22.2,ERA5_Reanalysis_ECMWF
Bhubaneswar,2023-05-13T17:00,2023,32.8,54,14.6,155.0,35.6,996.4,22.2,ERA5_Reanalysis_ECMWF
Bhubaneswar,2023-05-13T18:00,2023,31.4,59,7.6,23.0,35.5,997.1,22.5,ERA5_Reanalysis_ECMWF
Bhubaneswar,2023-05-13T19:00,2023,30.6,63,10.0,0.0,34.4,997.9,22.8,ERA5_Reanalysis_ECMWF
Bhubaneswar,2023-05-13T20:00,2023,29.7,68,7.9,0.0,34.1,998.4,23.2,ERA5_Reanalysis_ECMWF
Bhubaneswar,2023-05-13T21:00,2023,28.9,73,6.6,0.0,33.7,998.5,23.5,ERA5_Reanalysis_ECMWF
Bhubaneswar,2023-05-13T22:00,2023,28.2,77,7.6,0.0,33.0,998.3,23.7,ERA5_Reanalysis_ECMWF
Bhubaneswar,2023-05-13T23:00,2023,27.7,80,6.4,0.0,32.8,997.6,23.9,ERA5_Reanalysis_ECMWF
Bhubaneswar,2023-05-14T00:00,2023,27.3,82,5.8,0.0,32.6,996.7,24.1,ERA5_Reanalysis_ECMWF
Bhubaneswar,2023-05-14T01:00,2023,27.2,82,8.9,0.0,31.9,996.3,23.9,ERA5_Reanalysis_ECMWF
Bhubaneswar,2023-05-14T02:00,2023,27.0,82,8.3,0.0,31.6,995.7,23.6,ERA5_Reanalysis_ECMWF
Bhubaneswar,2023-05-14T03:00,2023,26.5,84,4.2,0.0,31.7,995.7,23.5,ERA5_Reanalysis_ECMWF
Bhubaneswar,2023-05-14T04:00,2023,26.3,85,4.3,0.0,31.4,996.0,23.5,ERA5_Reanalysis_ECMWF
Bhubaneswar,2023-05-14T05:00,2023,26.7,86,5.8,2.0,32.0,996.2,24.2,ERA5_Reanalysis_ECMWF
Bhubaneswar,2023-05-14T06:00,2023,29.0,75,7.5,81.0,34.1,996.9,24.2,ERA5_Reanalysis_ECMWF
Bhubaneswar,2023-05-14T07:00,2023,31.1,64,8.5,246.0,35.6,997.5,23.5,ERA5_Reanalysis_ECMWF
Bhubaneswar,2023-05-14T08:00,2023,32.7,59,8.1,461.0,37.3,998.0,23.6,ERA5_Reanalysis_ECMWF
Bhubaneswar,2023-05-14T09:00,2023,33.8,55,6.2,643.0,39.3,998.0,23.7,ERA5_Reanalysis_ECMWF
Bhubaneswar,2023-05-14T10:00,2023,35.3,50,6.3,807.0,41.5,997.6,23.2,ERA5_Reanalysis_ECMWF
Bhubaneswar,2023-05-14T11:00,2023,36.6,43,9.0,843.0,41.9,997.1,22.0,ERA5_Reanalysis_ECMWF
Bhubaneswar,2023-05-14T12:00,2023,37.4,38,10.2,802.0,41.5,995.9,20.7,ERA5_Reanalysis_ECMWF
Bhubaneswar,2023-05-14T13:00,2023,38.0,31,7.7,781.0,41.1,994.6,18.0,ERA5_Reanalysis_ECMWF
Bhubaneswar,2023-05-14T14:00,2023,38.7,29,7.2,718.0,41.2,993.1,17.2,ERA5_Reanalysis_ECMWF
Bhubaneswar,2023-05-14T15:00,2023,39.7,26,11.6,549.0,40.3,992.5,16.7,ERA5_Reanalysis_ECMWF
Bhubaneswar,2023-05-14T16:00,2023,36.4,41,16.8,366.0,38.3,992.7,21.1,ERA5_Reanalysis_ECMWF
Bhubaneswar,2023-05-14T17:00,2023,32.6,58,20.3,150.0,35.3,993.5,23.3,ERA5_Reanalysis_ECMWF
Bhubaneswar,2023-05-14T18:00,2023,32.0,60,15.3,20.0,35.3,994.3,23.2,ERA5_Reanalysis_ECMWF
Bhubaneswar,2023-05-14T19:00,2023,30.7,64,18.1,0.0,33.5,995.0,23.0,ERA5_Reanalysis_ECMWF
Bhubaneswar,2023-05-14T20:00,2023,29.7,74,14.3,0.0,34.0,996.2,24.6,ERA5_Reanalysis_ECMWF
Bhubaneswar,2023-05-14T21:00,2023,29.0,80,11.9,0.0,34.1,996.7,25.2,ERA5_Reanalysis_ECMWF
Bhubaneswar,2023-05-14T22:00,2023,28.3,87,9.4,0.0,34.2,997.2,25.9,ERA5_Reanalysis_ECMWF
Bhubaneswar,2023-05-14T23:00,2023,28.0,88,10.3,0.0,33.7,996.6,25.8,ERA5_Reanalysis_ECMWF
Bhubaneswar,2023-05-15T00:00,2023,27.5,92,8.7,0.0,33.6,996.0,26.1,ERA5_Reanalysis_ECMWF
Bhubaneswar,2023-05-15T01:00,2023,27.2,95,10.1,0.0,33.2,995.7,26.2,ERA5_Reanalysis_ECMWF
Bhubaneswar,2023-05-15T02:00,2023,27.1,96,10.8,0.0,33.2,995.8,26.5,ERA5_Reanalysis_ECMWF
Bhubaneswar,2023-05-15T03:00,2023,27.1,97,12.1,0.0,33.2,996.1,26.6,ERA5_Reanalysis_ECMWF
Bhubaneswar,2023-05-15T04:00,2023,27.3,97,13.1,0.0,33.4,996.4,26.8,ERA5_Reanalysis_ECMWF
Bhubaneswar,2023-05-15T05:00,2023,26.0,88,9.3,3.0,30.5,997.3,23.8,ERA5_Reanalysis_ECMWF
Bhubaneswar,2023-05-15T06:00,2023,28.3,83,11.5,98.0,33.5,998.3,25.2,ERA5_Reanalysis_ECMWF
Bhubaneswar,2023-05-15T07:00,2023,31.0,78,16.0,296.0,36.5,999.2,26.8,ERA5_Reanalysis_ECMWF
Bhubaneswar,2023-05-15T08:00,2023,33.2,69,18.9,504.0,38.3,999.5,26.8,ERA5_Reanalysis_ECMWF
Bhubaneswar,2023-05-15T09:00,2023,34.8,64,20.8,688.0,40.5,999.5,27.0,ERA5_Reanalysis_ECMWF
Bhubaneswar,2023-05-15T10:00,2023,36.0,58,21.3,824.0,41.9,999.1,26.5,ERA5_Reanalysis_ECMWF
Bhubaneswar,2023-05-15T11:00,2023,37.0,53,21.3,909.0,42.9,998.5,26.0,ERA5_Reanalysis_ECMWF
Bhubaneswar,2023-05-15T12:00,2023,37.4,53,21.2,936.0,43.6,997.5,26.1,ERA5_Reanalysis_ECMWF
Bhubaneswar,2023-05-15T13:00,2023,37.0,56,23.5,881.0,43.0,996.6,26.7,ERA5_Reanalysis_ECMWF
Bhubaneswar,2023-05-15T14:00,2023,36.8,56,20.7,764.0,42.6,996.5,26.6,ERA5_Reanalysis_ECMWF
Bhubaneswar,2023-05-15T15:00,2023,35.7,61,20.7,557.0,40.7,996.0,26.9,ERA5_Reanalysis_ECMWF
Bhubaneswar,2023-05-15T16:00,2023,34.9,64,12.6,341.0,41.2,996.4,27.1,ERA5_Reanalysis_ECMWF
Bhubaneswar,2023-05-15T17:00,2023,33.5,71,9.9,157.0,40.5,996.3,27.4,ERA5_Reanalysis_ECMWF
Bhubaneswar,2023-05-15T18:00,2023,31.9,79,15.3,21.0,38.3,997.0,27.8,ERA5_Reanalysis_ECMWF
Bhubaneswar,2023-05-15T19:00,2023,30.9,84,15.3,0.0,37.4,997.7,27.9,ERA5_Reanalysis_ECMWF
Bhubaneswar,2023-05-15T20:00,2023,30.2,88,10.3,0.0,37.5,998.4,28.0,ERA5_Reanalysis_ECMWF
Bhubaneswar,2023-05-15T21:00,2023,29.5,92,11.1,0.0,36.7,998.6,28.0,ERA5_Reanalysis_ECMWF
Bhubaneswar,2023-05-15T22:00,2023,28.9,96,10.5,0.0,36.2,999.1,28.1,ERA5_Reanalysis_ECMWF
Bhubaneswar,2023-05-15T23:00,2023,28.5,98,12.0,0.0,35.7,998.6,28.2,ERA5_Reanalysis_ECMWF
Bhubaneswar,2023-05-16T00:00,2023,28.3,99,10.8,0.0,35.5,998.1,28.0,ERA5_Reanalysis_ECMWF
Bhubaneswar,2023-05-16T01:00,2023,28.1,99,13.4,0.0,34.9,997.6,27.9,ERA5_Reanalysis_ECMWF
Bhubaneswar,2023-05-16T02:00,2023,28.0,98,14.5,0.0,34.5,997.3,27.7,ERA5_Reanalysis_ECMWF
Bhubaneswar,2023-05-16T03:00,2023,28.0,97,11.6,0.0,34.7,997.8,27.5,ERA5_Reanalysis_ECMWF
Bhubaneswar,2023-05-16T04:00,2023,27.9,97,8.4,0.0,35.1,998.5,27.4,ERA5_Reanalysis_ECMWF
Bhubaneswar,2023-05-16T05:00,2023,28.8,94,10.3,3.0,35.8,999.9,27.6,ERA5_Reanalysis_ECMWF
Bhubaneswar,2023-05-16T06:00,2023,29.9,86,16.7,62.0,35.7,1000.6,27.2,ERA5_Reanalysis_ECMWF
Bhubaneswar,2023-05-16T07:00,2023,31.4,78,18.6,251.0,36.8,1001.1,27.0,ERA5_Reanalysis_ECMWF
Bhubaneswar,2023-05-16T08:00,2023,33.2,68,18.4,472.0,38.3,1001.7,26.6,ERA5_Reanalysis_ECMWF
Bhubaneswar,2023-05-16T09:00,2023,34.6,63,17.7,658.0,40.2,1001.7,26.4,ERA5_Reanalysis_ECMWF
Bhubaneswar,2023-05-16T10:00,2023,35.7,57,18.4,806.0,41.5,1001.3,25.9,ERA5_Reanalysis_ECMWF
Bhubaneswar,2023-05-16T11:00,2023,36.3,55,19.7,903.0,42.5,1000.7,25.9,ERA5_Reanalysis_ECMWF
Bhubaneswar,2023-05-16T12:00,2023,36.8,53,19.2,910.0,42.9,999.9,25.7,ERA5_Reanalysis_ECMWF
Bhubaneswar,2023-05-16T13:00,2023,36.7,52,21.0,837.0,41.9,998.9,25.4,ERA5_Reanalysis_ECMWF
Bhubaneswar,2023-05-16T14:00,2023,36.1,55,24.8,698.0,40.2,998.1,25.6,ERA5_Reanalysis_ECMWF
Bhubaneswar,2023-05-16T15:00,2023,36.2,54,23.0,523.0,39.8,997.9,25.5,ERA5_Reanalysis_ECMWF
Bhubaneswar,2023-05-16T16:00,2023,34.2,63,19.3,282.0,38.9,998.1,26.1,ERA5_Reanalysis_ECMWF
Bhubaneswar,2023-05-16T17:00,2023,29.8,75,14.9,167.0,34.2,1000.4,24.9,ERA5_Reanalysis_ECMWF
Bhubaneswar,2023-05-16T18:00,2023,29.2,77,12.4,18.0,33.8,1000.5,24.7,ERA5_Reanalysis_ECMWF
Bhubaneswar,2023-05-16T19:00,2023,29.8,81,15.2,0.0,35.0,1000.8,26.2,ERA5_Reanalysis_ECMWF
Bhubaneswar,2023-05-16T20:00,2023,29.9,89,18.4,0.0,36.0,1001.1,27.9,ERA5_Reanalysis_ECMWF
Bhubaneswar,2023-05-16T21:00,2023,29.7,91,19.0,0.0,35.7,1001.6,28.0,ERA5_Reanalysis_ECMWF
Bhubaneswar,2023-05-16T22:00,2023,29.6,92,19.5,0.0,35.8,1001.6,28.3,ERA5_Reanalysis_ECMWF
Bhubaneswar,2023-05-16T23:00,2023,29.4,94,17.7,0.0,35.8,1001.1,28.3,ERA5_Reanalysis_ECMWF
Bhubaneswar,2023-05-17T00:00,2023,29.5,93,16.6,0.0,36.0,1000.5,28.2,ERA5_Reanalysis_ECMWF
Bhubaneswar,2023-05-17T01:00,2023,29.5,92,16.2,0.0,36.0,1000.0,28.1,ERA5_Reanalysis_ECMWF
Bhubaneswar,2023-05-17T02:00,2023,29.4,92,14.3,0.0,36.2,999.8,28.0,ERA5_Reanalysis_ECMWF
Bhubaneswar,2023-05-17T03:00,2023,29.1,93,10.6,0.0,36.3,1000.1,27.9,ERA5_Reanalysis_ECMWF
Bhubaneswar,2023-05-17T04:00,2023,28.9,93,7.7,0.0,36.4,1000.6,27.7,ERA5_Reanalysis_ECMWF
Bhubaneswar,2023-05-17T05:00,2023,27.9,85,11.0,3.0,33.1,1000.9,25.1,ERA5_Reanalysis_ECMWF
Bhubaneswar,2023-05-17T06:00,2023,29.4,81,14.9,91.0,34.3,1001.5,25.7,ERA5_Reanalysis_ECMWF
Bhubaneswar,2023-05-17T07:00,2023,31.7,75,16.2,280.0,37.1,1002.4,26.7,ERA5_Reanalysis_ECMWF
Bhubaneswar,2023-05-17T08:00,2023,33.8,67,18.8,476.0,38.9,1002.7,26.7,ERA5_Reanalysis_ECMWF
Bhubaneswar,2023-05-17T09:00,2023,35.0,62,19.3,644.0,40.6,1002.6,26.8,ERA5_Reanalysis_ECMWF
Bhubaneswar,2023-05-17T10:00,2023,36.3,56,19.1,791.0,42.3,1002.3,26.3,ERA5_Reanalysis_ECMWF
Bhubaneswar,2023-05-17T11:00,2023,37.1,54,19.4,894.0,43.5,1001.6,26.2,ERA5_Reanalysis_ECMWF
Bhubaneswar,2023-05-17T12:00,2023,37.3,54,20.6,918.0,43.8,1000.9,26.5,ERA5_Reanalysis_ECMWF
Bhubaneswar,2023-05-17T13:00,2023,37.3,55,20.3,854.0,43.7,1000.5,26.8,ERA5_Reanalysis_ECMWF
Bhubaneswar,2023-05-17T14:00,2023,37.1,52,14.1,481.0,42.3,999.5,25.8,ERA5_Reanalysis_ECMWF
Bhubaneswar,2023-05-17T15:00,2023,35.9,59,19.9,500.0,40.6,999.1,26.5,ERA5_Reanalysis_ECMWF
Bhubaneswar,2023-05-17T16:00,2023,34.3,65,21.7,357.0,39.0,999.5,26.7,ERA5_Reanalysis_ECMWF
Bhubaneswar,2023-05-17T17:00,2023,32.4,71,22.5,159.0,36.7,1000.9,26.4,ERA5_Reanalysis_ECMWF
Bhubaneswar,2023-05-17T18:00,2023,31.1,76,19.5,22.0,36.0,1001.3,26.5,ERA5_Reanalysis_ECMWF
Bhubaneswar,2023-05-17T19:00,2023,30.6,80,18.8,0.0,35.6,1001.9,26.6,ERA5_Reanalysis_ECMWF
Bhubaneswar,2023-05-17T20:00,2023,30.3,80,18.2,0.0,35.4,1002.7,26.5,ERA5_Reanalysis_ECMWF
Bhubaneswar,2023-05-17T21:00,2023,30.0,82,19.2,0.0,35.1,1003.2,26.7,ERA5_Reanalysis_ECMWF
Bhubaneswar,2023-05-17T22:00,2023,29.8,84,20.0,0.0,34.7,1003.3,26.7,ERA5_Reanalysis_ECMWF
Bhubaneswar,2023-05-17T23:00,2023,29.5,86,20.6,0.0,34.5,1002.8,26.9,ERA5_Reanalysis_ECMWF
Bhubaneswar,2023-05-18T00:00,2023,29.2,88,20.9,0.0,34.3,1002.0,27.1,ERA5_Reanalysis_ECMWF
Bhubaneswar,2023-05-18T01:00,2023,29.0,90,19.8,0.0,34.3,1001.3,27.1,ERA5_Reanalysis_ECMWF
Bhubaneswar,2023-05-18T02:00,2023,28.8,91,18.5,0.0,34.3,1000.8,27.2,ERA5_Reanalysis_ECMWF
Bhubaneswar,2023-05-18T03:00,2023,28.6,92,17.9,0.0,34.3,1000.9,27.3,ERA5_Reanalysis_ECMWF
Bhubaneswar,2023-05-18T04:00,2023,28.6,93,16.4,0.0,34.5,1001.5,27.3,ERA5_Reanalysis_ECMWF
Bhubaneswar,2023-05-18T05:00,2023,28.1,93,11.6,3.0,34.5,1002.4,26.9,ERA5_Reanalysis_ECMWF
Bhubaneswar,2023-05-18T06:00,2023,29.6,86,9.6,84.0,36.2,1003.6,27.0,ERA5_Reanalysis_ECMWF
Bhubaneswar,2023-05-18T07:00,2023,31.4,76,9.3,273.0,37.9,1004.6,26.7,ERA5_Reanalysis_ECMWF
Bhubaneswar,2023-05-18T08:00,2023,33.0,67,14.3,410.0,38.3,1005.1,26.1,ERA5_Reanalysis_ECMWF
Bhubaneswar,2023-05-18T09:00,2023,34.4,62,14.6,581.0,39.8,1005.2,26.0,ERA5_Reanalysis_ECMWF
Bhubaneswar,2023-05-18T10:00,2023,35.4,59,17.3,732.0,41.3,1004.7,26.2,ERA5_Reanalysis_ECMWF
Bhubaneswar,2023-05-18T11:00,2023,36.3,55,20.5,843.0,42.0,1003.7,25.9,ERA5_Reanalysis_ECMWF
Bhubaneswar,2023-05-18T12:00,2023,36.5,54,22.5,871.0,41.8,1002.6,25.6,ERA5_Reanalysis_ECMWF
Bhubaneswar,2023-05-18T13:00,2023,36.4,54,23.7,820.0,41.3,1001.6,25.5,ERA5_Reanalysis_ECMWF
Bhubaneswar,2023-05-18T14:00,2023,36.4,54,23.2,695.0,40.9,1000.3,25.7,ERA5_Reanalysis_ECMWF
Bhubaneswar,2023-05-18T15:00,2023,36.0,58,21.1,540.0,40.5,999.8,26.3,ERA5_Reanalysis_ECMWF
Bhubaneswar,2023-05-18T16:00,2023,35.3,62,15.1,348.0,41.0,1000.4,26.8,ERA5_Reanalysis_ECMWF
Bhubaneswar,2023-05-18T17:00,2023,34.8,60,12.4,97.0,40.3,1000.3,25.9,ERA5_Reanalysis_ECMWF
Bhubaneswar,2023-05-18T18:00,2023,32.9,71,11.2,24.0,39.3,1000.8,27.0,ERA5_Reanalysis_ECMWF
Bhubaneswar,2023-05-18T19:00,2023,31.5,77,15.7,0.0,37.2,1001.1,26.9,ERA5_Reanalysis_ECMWF
Bhubaneswar,2023-05-18T20:00,2023,30.6,80,16.5,0.0,36.0,1001.8,26.7,ERA5_Reanalysis_ECMWF
Bhubaneswar,2023-05-18T21:00,2023,30.0,82,15.7,0.0,35.6,1002.0,26.7,ERA5_Reanalysis_ECMWF
Bhubaneswar,2023-05-18T22:00,2023,29.8,82,15.6,0.0,35.1,1002.0,26.4,ERA5_Reanalysis_ECMWF
Bhubaneswar,2023-05-18T23:00,2023,29.4,85,15.8,0.0,34.9,1001.4,26.6,ERA5_Reanalysis_ECMWF
Bhubaneswar,2023-05-19T00:00,2023,28.9,90,16.4,0.0,34.6,1000.6,27.1,ERA5_Reanalysis_ECMWF
Bhubaneswar,2023-05-19T01:00,2023,28.6,94,15.2,0.0,34.7,999.9,27.4,ERA5_Reanalysis_ECMWF
Bhubaneswar,2023-05-19T02:00,2023,28.4,95,13.6,0.0,34.9,999.6,27.5,ERA5_Reanalysis_ECMWF
Bhubaneswar,2023-05-19T03:00,2023,28.3,96,12.4,0.0,35.0,999.7,27.6,ERA5_Reanalysis_ECMWF
Bhubaneswar,2023-05-19T04:00,2023,28.6,95,12.5,0.0,35.3,1000.2,27.6,ERA5_Reanalysis_ECMWF
Bhubaneswar,2023-05-19T05:00,2023,29.4,87,12.9,3.0,35.5,1001.6,26.9,ERA5_Reanalysis_ECMWF
Bhubaneswar,2023-05-19T06:00,2023,30.4,82,18.4,73.0,35.7,1002.3,26.9,ERA5_Reanalysis_ECMWF
Bhubaneswar,2023-05-19T07:00,2023,32.4,72,20.2,236.0,37.3,1003.1,26.7,ERA5_Reanalysis_ECMWF
Bhubaneswar,2023-05-19T08:00,2023,33.9,65,20.5,294.0,38.4,1003.5,26.3,ERA5_Reanalysis_ECMWF
Bhubaneswar,2023-05-19T09:00,2023,35.1,60,22.4,532.0,39.2,1003.3,26.1,ERA5_Reanalysis_ECMWF
Bhubaneswar,2023-05-19T10:00,2023,35.8,59,20.9,651.0,40.9,1002.9,26.4,ERA5_Reanalysis_ECMWF
Bhubaneswar,2023-05-19T11:00,2023,36.4,57,20.5,839.0,42.5,1002.0,26.6,ERA5_Reanalysis_ECMWF
Bhubaneswar,2023-05-19T12:00,2023,37.3,52,20.2,876.0,43.1,1000.6,25.7,ERA5_Reanalysis_ECMWF
Bhubaneswar,2023-05-19T13:00,2023,37.9,49,19.5,866.0,43.4,999.2,25.2,ERA5_Reanalysis_ECMWF
Bhubaneswar,2023-05-19T14:00,2023,37.5,50,20.6,735.0,42.4,998.0,25.4,ERA5_Reanalysis_ECMWF
Bhubaneswar,2023-05-19T15:00,2023,35.8,58,26.0,489.0,39.5,997.4,26.3,ERA5_Reanalysis_ECMWF
Bhubaneswar,2023-05-19T16:00,2023,30.8,76,17.6,257.0,35.7,999.4,26.2,ERA5_Reanalysis_ECMWF
Bhubaneswar,2023-05-19T17:00,2023,32.8,64,5.0,46.0,38.9,999.1,25.1,ERA5_Reanalysis_ECMWF
Bhubaneswar,2023-05-19T18:00,2023,31.1,74,7.8,23.0,37.4,999.7,26.0,ERA5_Reanalysis_ECMWF
Bhubaneswar,2023-05-19T19:00,2023,30.6,80,7.9,0.0,37.4,1000.2,26.8,ERA5_Reanalysis_ECMWF
Bhubaneswar,2023-05-19T20:00,2023,30.1,78,8.8,0.0,36.2,1000.7,25.9,ERA5_Reanalysis_ECMWF
Bhubaneswar,2023-05-19T21:00,2023,29.7,76,9.3,0.0,35.0,1000.7,25.0,ERA5_Reanalysis_ECMWF
Bhubaneswar,2023-05-19T22:00,2023,29.2,79,9.0,0.0,34.7,1000.9,25.2,ERA5_Reanalysis_ECMWF
Bhubaneswar,2023-05-19T23:00,2023,29.0,85,13.1,0.0,34.6,1000.5,26.2,ERA5_Reanalysis_ECMWF
Bhubaneswar,2023-05-20T00:00,2023,28.8,90,12.8,0.0,34.9,1000.0,26.9,ERA5_Reanalysis_ECMWF
Bhubaneswar,2023-05-20T01:00,2023,28.5,93,13.4,0.0,34.8,999.4,27.2,ERA5_Reanalysis_ECMWF
Bhubaneswar,2023-05-20T02:00,2023,28.3,95,12.5,0.0,35.0,999.1,27.5,ERA5_Reanalysis_ECMWF
Bhubaneswar,2023-05-20T03:00,2023,28.1,97,12.2,0.0,34.9,998.9,27.7,ERA5_Reanalysis_ECMWF
Bhubaneswar,2023-05-20T04:00,2023,28.0,98,12.2,0.0,34.9,999.1,27.7,ERA5_Reanalysis_ECMWF
Bhubaneswar,2023-05-20T05:00,2023,26.6,90,8.4,3.0,31.9,1000.8,24.8,ERA5_Reanalysis_ECMWF
Bhubaneswar,2023-05-20T06:00,2023,27.9,84,6.6,95.0,33.6,1001.7,24.9,ERA5_Reanalysis_ECMWF
Bhubaneswar,2023-05-20T07:00,2023,29.8,76,8.1,289.0,35.4,1002.1,25.1,ERA5_Reanalysis_ECMWF
Bhubaneswar,2023-05-20T08:00,2023,31.7,69,6.4,497.0,37.7,1002.6,25.3,ERA5_Reanalysis_ECMWF
Bhubaneswar,2023-05-20T09:00,2023,33.6,59,8.3,689.0,39.6,1002.5,24.4,ERA5_Reanalysis_ECMWF
Bhubaneswar,2023-05-20T10:00,2023,35.0,52,10.8,818.0,40.9,1002.1,23.7,ERA5_Reanalysis_ECMWF
Bhubaneswar,2023-05-20T11:00,2023,36.0,50,12.0,902.0,42.2,1001.6,24.0,ERA5_Reanalysis_ECMWF
Bhubaneswar,2023-05-20T12:00,2023,36.1,52,13.1,913.0,42.6,1000.9,24.6,ERA5_Reanalysis_ECMWF
Bhubaneswar,2023-05-20T13:00,2023,35.0,53,13.2,846.0,40.8,1000.5,24.0,ERA5_Reanalysis_ECMWF
Bhubaneswar,2023-05-20T14:00,2023,34.8,53,10.7,630.0,39.7,999.3,23.9,ERA5_Reanalysis_ECMWF
Bhubaneswar,2023-05-20T15:00,2023,34.9,53,12.4,554.0,39.2,998.9,24.0,ERA5_Reanalysis_ECMWF
Bhubaneswar,2023-05-20T16:00,2023,34.1,59,12.7,348.0,39.0,999.0,25.0,ERA5_Reanalysis_ECMWF
Bhubaneswar,2023-05-20T17:00,2023,33.3,64,13.0,163.0,38.4,1000.0,25.5,ERA5_Reanalysis_ECMWF
Bhubaneswar,2023-05-20T18:00,2023,31.3,76,13.7,25.0,37.1,1000.5,26.6,ERA5_Reanalysis_ECMWF
Bhubaneswar,2023-05-20T19:00,2023,30.2,82,13.8,0.0,36.2,1001.3,26.9,ERA5_Reanalysis_ECMWF
Bhubaneswar,2023-05-20T20:00,2023,29.5,86,13.1,0.0,35.6,1002.0,27.0,ERA5_Reanalysis_ECMWF
Bhubaneswar,2023-05-20T21:00,2023,29.0,88,12.7,0.0,35.2,1002.3,26.9,ERA5_Reanalysis_ECMWF
Bhubaneswar,2023-05-20T22:00,2023,28.7,90,13.7,0.0,34.7,1002.0,26.9,ERA5_Reanalysis_ECMWF
Bhubaneswar,2023-05-20T23:00,2023,28.6,91,13.4,0.0,34.7,1001.6,27.0,ERA5_Reanalysis_ECMWF
Bhubaneswar,2023-05-21T00:00,2023,28.4,93,13.1,0.0,34.6,1001.2,27.1,ERA5_Reanalysis_ECMWF
Bhubaneswar,2023-05-21T01:00,2023,28.3,93,14.9,0.0,34.3,1000.8,27.1,ERA5_Reanalysis_ECMWF
Bhubaneswar,2023-05-21T02:00,2023,28.2,94,16.9,0.0,34.0,1000.2,27.2,ERA5_Reanalysis_ECMWF
Bhubaneswar,2023-05-21T03:00,2023,28.3,94,17.4,0.0,34.0,999.9,27.3,ERA5_Reanalysis_ECMWF
Bhubaneswar,2023-05-21T04:00,2023,28.3,94,14.7,0.0,34.4,1000.3,27.2,ERA5_Reanalysis_ECMWF
Bhubaneswar,2023-05-21T05:00,2023,28.8,93,12.8,3.0,35.4,1001.2,27.6,ERA5_Reanalysis_ECMWF
Bhubaneswar,2023-05-21T06:00,2023,29.9,87,17.0,82.0,35.8,1002.2,27.5,ERA5_Reanalysis_ECMWF
Bhubaneswar,2023-05-21T07:00,2023,31.3,80,16.9,278.0,37.2,1002.9,27.4,ERA5_Reanalysis_ECMWF
Bhubaneswar,2023-05-21T08:00,2023,32.9,73,14.3,487.0,39.1,1003.5,27.3,ERA5_Reanalysis_ECMWF
Bhubaneswar,2023-05-21T09:00,2023,34.3,65,13.4,678.0,41.1,1003.5,26.9,ERA5_Reanalysis_ECMWF
Bhubaneswar,2023-05-21T10:00,2023,35.6,58,15.0,824.0,42.2,1003.0,26.0,ERA5_Reanalysis_ECMWF
Bhubaneswar,2023-05-21T11:00,2023,36.5,53,15.8,906.0,42.9,1002.2,25.2,ERA5_Reanalysis_ECMWF
Bhubaneswar,2023-05-21T12:00,2023,37.1,49,17.5,915.0,42.8,1001.4,24.5,ERA5_Reanalysis_ECMWF
Bhubaneswar,2023-05-21T13:00,2023,37.0,48,19.0,869.0,42.1,1000.6,24.3,ERA5_Reanalysis_ECMWF
Bhubaneswar,2023-05-21T14:00,2023,36.6,49,18.7,741.0,41.0,999.9,24.1,ERA5_Reanalysis_ECMWF
Bhubaneswar,2023-05-21T15:00,2023,35.9,51,19.0,563.0,39.2,999.6,24.0,ERA5_Reanalysis_ECMWF
Bhubaneswar,2023-05-21T16:00,2023,34.6,56,15.0,309.0,38.8,999.6,24.6,ERA5_Reanalysis_ECMWF
Bhubaneswar,2023-05-21T17:00,2023,29.9,75,6.3,157.0,35.7,1001.2,25.1,ERA5_Reanalysis_ECMWF
Bhubaneswar,2023-05-21T18:00,2023,29.5,77,9.5,26.0,34.9,1001.2,25.1,ERA5_Reanalysis_ECMWF
Bhubaneswar,2023-05-21T19:00,2023,29.4,81,11.7,0.0,34.9,1001.8,25.8,ERA5_Reanalysis_ECMWF
Bhubaneswar,2023-05-21T20:00,2023,29.2,86,16.2,0.0,34.7,1002.1,26.7,ERA5_Reanalysis_ECMWF
Bhubaneswar,2023-05-21T21:00,2023,28.7,88,16.4,0.0,34.1,1002.4,26.6,ERA5_Reanalysis_ECMWF
Bhubaneswar,2023-05-21T22:00,2023,28.4,90,15.6,0.0,33.9,1002.6,26.6,ERA5_Reanalysis_ECMWF
Bhubaneswar,2023-05-21T23:00,2023,28.3,91,15.6,0.0,33.8,1002.4,26.6,ERA5_Reanalysis_ECMWF
Bhubaneswar,2023-05-22T00:00,2023,28.1,92,14.7,0.0,33.8,1002.2,26.6,ERA5_Reanalysis_ECMWF
Bhubaneswar,2023-05-22T01:00,2023,28.0,93,15.9,0.0,33.6,1002.0,26.8,ERA5_Reanalysis_ECMWF
Bhubaneswar,2023-05-22T02:00,2023,27.9,94,16.6,0.0,33.4,1001.7,26.9,ERA5_Reanalysis_ECMWF
Bhubaneswar,2023-05-22T03:00,2023,27.8,95,16.4,0.0,33.3,1001.7,26.8,ERA5_Reanalysis_ECMWF
Bhubaneswar,2023-05-22T04:00,2023,27.8,93,14.7,0.0,33.4,1002.1,26.6,ERA5_Reanalysis_ECMWF
Bhubaneswar,2023-05-22T05:00,2023,26.0,84,13.4,4.0,29.5,1003.5,23.0,ERA5_Reanalysis_ECMWF
Bhubaneswar,2023-05-22T06:00,2023,27.7,82,16.5,102.0,31.6,1003.5,24.3,ERA5_Reanalysis_ECMWF
Bhubaneswar,2023-05-22T07:00,2023,30.1,75,21.0,299.0,33.8,1003.9,25.1,ERA5_Reanalysis_ECMWF
Bhubaneswar,2023-05-22T08:00,2023,31.9,71,19.4,510.0,36.5,1004.7,26.1,ERA5_Reanalysis_ECMWF
Bhubaneswar,2023-05-22T09:00,2023,33.4,65,22.0,685.0,38.1,1004.9,25.9,ERA5_Reanalysis_ECMWF
Bhubaneswar,2023-05-22T10:00,2023,34.7,58,23.1,832.0,39.4,1004.4,25.1,ERA5_Reanalysis_ECMWF
Bhubaneswar,2023-05-22T11:00,2023,35.8,53,21.7,919.0,40.8,1003.2,24.7,ERA5_Reanalysis_ECMWF
Bhubaneswar,2023-05-22T12:00,2023,36.6,49,20.0,932.0,41.8,1001.6,24.3,ERA5_Reanalysis_ECMWF
Bhubaneswar,2023-05-22T13:00,2023,36.9,49,19.0,881.0,42.0,1000.6,24.4,ERA5_Reanalysis_ECMWF
Bhubaneswar,2023-05-22T14:00,2023,36.7,50,17.9,700.0,41.4,999.6,24.8,ERA5_Reanalysis_ECMWF
Bhubaneswar,2023-05-22T15:00,2023,36.3,52,15.8,561.0,40.7,999.4,24.9,ERA5_Reanalysis_ECMWF
Bhubaneswar,2023-05-22T16:00,2023,35.3,55,15.9,376.0,39.6,999.5,24.9,ERA5_Reanalysis_ECMWF
Bhubaneswar,2023-05-22T17:00,2023,34.3,61,13.9,163.0,39.5,999.4,25.7,ERA5_Reanalysis_ECMWF
Bhubaneswar,2023-05-22T18:00,2023,32.2,70,12.3,26.0,37.8,1000.1,26.0,ERA5_Reanalysis_ECMWF
Bhubaneswar,2023-05-22T19:00,2023,30.9,75,13.0,0.0,36.3,1001.3,25.9,ERA5_Reanalysis_ECMWF
Bhubaneswar,2023-05-22T20:00,2023,30.2,79,13.1,0.0,35.8,1001.8,26.2,ERA5_Reanalysis_ECMWF
Bhubaneswar,2023-05-22T21:00,2023,29.6,82,14.5,0.0,35.0,1002.1,26.1,ERA5_Reanalysis_ECMWF
Bhubaneswar,2023-05-22T22:00,2023,29.0,84,13.4,0.0,34.4,1002.2,26.0,ERA5_Reanalysis_ECMWF
Bhubaneswar,2023-05-22T23:00,2023,28.5,86,12.8,0.0,34.0,1002.0,26.0,ERA5_Reanalysis_ECMWF
Bhubaneswar,2023-05-23T00:00,2023,28.3,88,13.7,0.0,33.7,1001.2,26.0,ERA5_Reanalysis_ECMWF
Bhubaneswar,2023-05-23T01:00,2023,28.1,89,14.5,0.0,33.5,1000.7,26.2,ERA5_Reanalysis_ECMWF
Bhubaneswar,2023-05-23T02:00,2023,28.0,93,15.0,0.0,33.6,1000.5,26.7,ERA5_Reanalysis_ECMWF
Bhubaneswar,2023-05-23T03:00,2023,27.8,96,14.3,0.0,33.8,1000.7,27.0,ERA5_Reanalysis_ECMWF
Bhubaneswar,2023-05-23T04:00,2023,27.7,97,14.8,0.0,33.8,1001.0,27.2,ERA5_Reanalysis_ECMWF
Bhubaneswar,2023-05-23T05:00,2023,27.6,78,9.4,4.0,31.9,1002.3,23.4,ERA5_Reanalysis_ECMWF
Bhubaneswar,2023-05-23T06:00,2023,28.5,64,6.7,56.0,31.9,1003.2,21.0,ERA5_Reanalysis_ECMWF
Bhubaneswar,2023-05-23T07:00,2023,30.2,59,9.5,244.0,33.3,1003.9,21.3,ERA5_Reanalysis_ECMWF
Bhubaneswar,2023-05-23T08:00,2023,31.7,57,12.2,323.0,34.8,1004.1,22.0,ERA5_Reanalysis_ECMWF
Bhubaneswar,2023-05-23T09:00,2023,34.2,50,6.5,650.0,38.9,1004.5,22.3,ERA5_Reanalysis_ECMWF
Bhubaneswar,2023-05-23T10:00,2023,36.1,42,5.9,799.0,41.2,1004.2,21.2,ERA5_Reanalysis_ECMWF
Bhubaneswar,2023-05-23T11:00,2023,37.6,38,5.6,915.0,43.3,1003.0,20.9,ERA5_Reanalysis_ECMWF
Bhubaneswar,2023-05-23T12:00,2023,38.4,35,8.7,932.0,43.4,1001.8,20.3,ERA5_Reanalysis_ECMWF
Bhubaneswar,2023-05-23T13:00,2023,39.3,31,13.7,886.0,42.4,1000.5,19.0,ERA5_Reanalysis_ECMWF
Bhubaneswar,2023-05-23T14:00,2023,38.6,32,14.5,658.0,40.3,999.4,18.8,ERA5_Reanalysis_ECMWF
Bhubaneswar,2023-05-23T15:00,2023,38.8,31,11.5,575.0,40.5,998.5,18.8,ERA5_Reanalysis_ECMWF
Bhubaneswar,2023-05-23T16:00,2023,38.0,37,7.4,370.0,41.1,998.0,20.7,ERA5_Reanalysis_ECMWF
Bhubaneswar,2023-05-23T17:00,2023,34.0,51,19.1,172.0,36.3,998.0,22.4,ERA5_Reanalysis_ECMWF
Bhubaneswar,2023-05-23T18:00,2023,32.3,57,11.8,25.0,35.8,998.5,22.7,ERA5_Reanalysis_ECMWF
Bhubaneswar,2023-05-23T19:00,2023,30.8,65,8.0,0.0,35.3,999.5,23.3,ERA5_Reanalysis_ECMWF
Bhubaneswar,2023-05-23T20:00,2023,29.9,67,12.3,0.0,33.7,1000.2,23.2,ERA5_Reanalysis_ECMWF
Bhubaneswar,2023-05-23T21:00,2023,29.3,72,14.2,0.0,33.2,1000.8,23.8,ERA5_Reanalysis_ECMWF
Bhubaneswar,2023-05-23T22:00,2023,29.0,77,15.5,0.0,33.1,1001.4,24.5,ERA5_Reanalysis_ECMWF
Bhubaneswar,2023-05-23T23:00,2023,28.9,77,18.7,0.0,32.6,1000.8,24.6,ERA5_Reanalysis_ECMWF
Bhubaneswar,2023-05-24T00:00,2023,28.7,78,17.4,0.0,32.6,1000.2,24.5,ERA5_Reanalysis_ECMWF
Bhubaneswar,2023-05-24T01:00,2023,28.3,82,12.1,0.0,33.2,1000.2,25.0,ERA5_Reanalysis_ECMWF
Bhubaneswar,2023-05-24T02:00,2023,28.0,84,11.4,0.0,33.1,999.9,25.1,ERA5_Reanalysis_ECMWF
Bhubaneswar,2023-05-24T03:00,2023,27.8,86,11.3,0.0,32.9,1000.0,25.2,ERA5_Reanalysis_ECMWF
Bhubaneswar,2023-05-24T04:00,2023,27.7,88,13.8,0.0,32.8,1000.0,25.6,ERA5_Reanalysis_ECMWF
Bhubaneswar,2023-05-24T05:00,2023,27.8,89,11.6,4.0,33.4,1000.5,25.9,ERA5_Reanalysis_ECMWF
Bhubaneswar,2023-05-24T06:00,2023,29.8,86,17.4,97.0,35.4,1001.1,27.2,ERA5_Reanalysis_ECMWF
Bhubaneswar,2023-05-24T07:00,2023,31.9,79,18.9,271.0,37.8,1001.6,27.8,ERA5_Reanalysis_ECMWF
Bhubaneswar,2023-05-24T08:00,2023,33.7,71,19.8,482.0,39.4,1001.9,27.7,ERA5_Reanalysis_ECMWF
Bhubaneswar,2023-05-24T09:00,2023,34.8,65,23.0,669.0,40.3,1002.0,27.3,ERA5_Reanalysis_ECMWF
Bhubaneswar,2023-05-24T10:00,2023,36.1,56,21.5,797.0,41.4,1001.6,25.8,ERA5_Reanalysis_ECMWF
Bhubaneswar,2023-05-24T11:00,2023,37.2,50,23.0,895.0,42.2,1000.5,25.1,ERA5_Reanalysis_ECMWF
Bhubaneswar,2023-05-24T12:00,2023,38.2,47,19.1,830.0,43.4,999.6,24.8,ERA5_Reanalysis_ECMWF
Bhubaneswar,2023-05-24T13:00,2023,38.0,41,17.8,674.0,41.2,998.3,22.6,ERA5_Reanalysis_ECMWF
Bhubaneswar,2023-05-24T14:00,2023,38.5,42,16.3,694.0,42.4,997.5,23.2,ERA5_Reanalysis_ECMWF
Bhubaneswar,2023-05-24T15:00,2023,37.3,42,16.5,541.0,39.9,998.0,22.2,ERA5_Reanalysis_ECMWF
Bhubaneswar,2023-05-24T16:00,2023,35.9,49,16.5,270.0,39.2,997.4,23.5,ERA5_Reanalysis_ECMWF
Bhubaneswar,2023-05-24T17:00,2023,34.8,45,7.1,156.0,38.2,997.6,21.2,ERA5_Reanalysis_ECMWF
Bhubaneswar,2023-05-24T18:00,2023,32.9,56,9.2,27.0,37.0,998.1,23.0,ERA5_Reanalysis_ECMWF
Bhubaneswar,2023-05-24T19:00,2023,31.9,64,9.5,0.0,36.7,998.8,24.2,ERA5_Reanalysis_ECMWF
Bhubaneswar,2023-05-24T20:00,2023,31.1,60,11.5,0.0,34.5,999.7,22.3,ERA5_Reanalysis_ECMWF
Bhubaneswar,2023-05-24T21:00,2023,29.7,72,8.0,0.0,34.6,1000.5,24.0,ERA5_Reanalysis_ECMWF
Bhubaneswar,2023-05-24T22:00,2023,28.9,73,5.0,0.0,33.9,1001.4,23.5,ERA5_Reanalysis_ECMWF
Bhubaneswar,2023-05-24T23:00,2023,28.7,75,6.9,0.0,33.7,1000.7,23.9,ERA5_Reanalysis_ECMWF
Bhubaneswar,2023-05-25T00:00,2023,28.3,85,10.1,0.0,33.9,1000.0,25.6,ERA5_Reanalysis_ECMWF
Bhubaneswar,2023-05-25T01:00,2023,28.2,91,12.2,0.0,34.2,999.4,26.6,ERA5_Reanalysis_ECMWF
Bhubaneswar,2023-05-25T02:00,2023,28.1,92,13.4,0.0,34.0,999.0,26.7,ERA5_Reanalysis_ECMWF
Bhubaneswar,2023-05-25T03:00,2023,28.0,94,14.9,0.0,33.9,999.1,26.9,ERA5_Reanalysis_ECMWF
Bhubaneswar,2023-05-25T04:00,2023,27.9,95,13.6,0.0,34.0,999.2,27.0,ERA5_Reanalysis_ECMWF
Bhubaneswar,2023-05-25T05:00,2023,27.1,91,17.1,4.0,31.7,1001.0,25.6,ERA5_Reanalysis_ECMWF
Bhubaneswar,2023-05-25T06:00,2023,29.0,86,10.0,74.0,35.1,1001.9,26.3,ERA5_Reanalysis_ECMWF
Bhubaneswar,2023-05-25T07:00,2023,29.6,82,13.1,162.0,35.2,1002.8,26.2,ERA5_Reanalysis_ECMWF
Bhubaneswar,2023-05-25T08:00,2023,30.7,75,17.5,340.0,35.4,1002.0,25.8,ERA5_Reanalysis_ECMWF
Bhubaneswar,2023-05-25T09:00,2023,33.3,63,1.5,613.0,40.4,1002.1,25.3,ERA5_Reanalysis_ECMWF
Bhubaneswar,2023-05-25T10:00,2023,32.0,64,10.7,677.0,37.5,1003.0,24.5,ERA5_Reanalysis_ECMWF
Bhubaneswar,2023-05-25T11:00,2023,34.2,49,17.6,613.0,36.8,1000.9,21.9,ERA5_Reanalysis_ECMWF
Bhubaneswar,2023-05-25T12:00,2023,36.7,43,21.1,915.0,40.3,1000.0,22.1,ERA5_Reanalysis_ECMWF
Bhubaneswar,2023-05-25T13:00,2023,36.3,40,18.6,753.0,38.7,999.4,20.5,ERA5_Reanalysis_ECMWF
Bhubaneswar,2023-05-25T14:00,2023,36.7,41,20.0,688.0,38.9,998.9,21.3,ERA5_Reanalysis_ECMWF
Bhubaneswar,2023-05-25T15:00,2023,33.9,61,22.8,417.0,37.5,998.6,25.3,ERA5_Reanalysis_ECMWF
Bhubaneswar,2023-05-25T16:00,2023,32.2,67,19.1,227.0,36.3,998.4,25.3,ERA5_Reanalysis_ECMWF
Bhubaneswar,2023-05-25T17:00,2023,31.7,74,22.8,129.0,36.2,998.9,26.6,ERA5_Reanalysis_ECMWF
Bhubaneswar,2023-05-25T18:00,2023,31.5,76,18.9,24.0,36.5,999.1,26.6,ERA5_Reanalysis_ECMWF
Bhubaneswar,2023-05-25T19:00,2023,30.9,82,18.5,0.0,36.5,999.8,27.4,ERA5_Reanalysis_ECMWF
Bhubaneswar,2023-05-25T20:00,2023,30.1,88,21.3,0.0,35.6,1000.2,27.8,ERA5_Reanalysis_ECMWF
Bhubaneswar,2023-05-25T21:00,2023,29.9,89,19.8,0.0,35.7,1000.0,27.8,ERA5_Reanalysis_ECMWF
Bhubaneswar,2023-05-25T22:00,2023,29.7,88,18.4,0.0,35.5,1000.5,27.5,ERA5_Reanalysis_ECMWF
Bhubaneswar,2023-05-25T23:00,2023,29.4,87,17.0,0.0,35.1,1000.5,27.1,ERA5_Reanalysis_ECMWF
Bhubaneswar,2023-05-26T00:00,2023,29.1,89,18.1,0.0,34.6,999.7,27.1,ERA5_Reanalysis_ECMWF
Bhubaneswar,2023-05-26T01:00,2023,28.9,88,18.7,0.0,34.0,999.1,26.7,ERA5_Reanalysis_ECMWF
Bhubaneswar,2023-05-26T02:00,2023,28.6,89,14.0,0.0,34.3,999.0,26.5,ERA5_Reanalysis_ECMWF
Bhubaneswar,2023-05-26T03:00,2023,28.0,92,5.4,0.0,34.9,1000.1,26.5,ERA5_Reanalysis_ECMWF
Bhubaneswar,2023-05-26T04:00,2023,27.8,93,5.8,0.0,34.6,1000.2,26.5,ERA5_Reanalysis_ECMWF
Bhubaneswar,2023-05-26T05:00,2023,26.3,89,10.2,4.0,31.1,1001.7,24.3,ERA5_Reanalysis_ECMWF
Bhubaneswar,2023-05-26T06:00,2023,28.0,83,8.8,93.0,33.3,1002.6,24.9,ERA5_Reanalysis_ECMWF
Bhubaneswar,2023-05-26T07:00,2023,30.6,75,18.5,286.0,35.1,1003.2,25.7,ERA5_Reanalysis_ECMWF
Bhubaneswar,2023-05-26T08:00,2023,32.3,67,18.9,383.0,36.5,1003.6,25.5,ERA5_Reanalysis_ECMWF
Bhubaneswar,2023-05-26T09:00,2023,33.3,65,12.3,631.0,39.3,1003.5,26.0,ERA5_Reanalysis_ECMWF
Bhubaneswar,2023-05-26T10:00,2023,35.0,58,8.9,819.0,42.4,1002.5,25.5,ERA5_Reanalysis_ECMWF
Bhubaneswar,2023-05-26T11:00,2023,36.3,52,7.1,905.0,44.1,1001.4,25.0,ERA5_Reanalysis_ECMWF
Bhubaneswar,2023-05-26T12:00,2023,37.6,47,9.4,932.0,44.8,1000.6,24.5,ERA5_Reanalysis_ECMWF
Bhubaneswar,2023-05-26T13:00,2023,38.5,40,11.7,805.0,43.5,999.5,22.7,ERA5_Reanalysis_ECMWF
Bhubaneswar,2023-05-26T14:00,2023,37.2,40,15.1,689.0,40.1,999.1,21.2,ERA5_Reanalysis_ECMWF
Bhubaneswar,2023-05-26T15:00,2023,37.3,38,14.3,548.0,39.5,998.8,20.8,ERA5_Reanalysis_ECMWF
Bhubaneswar,2023-05-26T16:00,2023,35.8,47,13.9,295.0,39.0,998.3,22.7,ERA5_Reanalysis_ECMWF
Bhubaneswar,2023-05-26T17:00,2023,34.5,63,7.9,173.0,41.0,998.6,26.5,ERA5_Reanalysis_ECMWF
Bhubaneswar,2023-05-26T18:00,2023,32.5,72,3.6,25.0,40.0,999.2,26.9,ERA5_Reanalysis_ECMWF
Bhubaneswar,2023-05-26T19:00,2023,31.6,74,5.5,0.0,38.5,999.7,26.5,ERA5_Reanalysis_ECMWF
Bhubaneswar,2023-05-26T20:00,2023,31.0,72,7.3,0.0,36.7,1000.0,25.2,ERA5_Reanalysis_ECMWF
Bhubaneswar,2023-05-26T21:00,2023,30.2,73,8.5,0.0,35.5,1000.3,24.7,ERA5_Reanalysis_ECMWF
Bhubaneswar,2023-05-26T22:00,2023,28.9,81,5.8,0.0,34.9,1000.4,25.3,ERA5_Reanalysis_ECMWF
Bhubaneswar,2023-05-26T23:00,2023,28.4,85,9.3,0.0,34.2,1000.5,25.7,ERA5_Reanalysis_ECMWF
Bhubaneswar,2023-05-27T00:00,2023,28.0,91,5.8,0.0,34.8,999.6,26.4,ERA5_Reanalysis_ECMWF
Bhubaneswar,2023-05-27T01:00,2023,27.5,94,5.0,0.0,34.5,999.3,26.5,ERA5_Reanalysis_ECMWF
Bhubaneswar,2023-05-27T02:00,2023,27.3,95,4.9,0.0,34.2,999.0,26.4,ERA5_Reanalysis_ECMWF
Bhubaneswar,2023-05-27T03:00,2023,26.9,97,5.3,0.0,33.8,999.1,26.4,ERA5_Reanalysis_ECMWF
Bhubaneswar,2023-05-27T04:00,2023,26.9,97,6.5,0.0,33.6,999.8,26.4,ERA5_Reanalysis_ECMWF
Bhubaneswar,2023-05-27T05:00,2023,25.9,95,6.9,4.0,31.6,1000.7,25.1,ERA5_Reanalysis_ECMWF
Bhubaneswar,2023-05-27T06:00,2023,27.4,90,5.8,99.0,33.6,1001.0,25.5,ERA5_Reanalysis_ECMWF
Bhubaneswar,2023-05-27T07:00,2023,29.7,79,8.3,291.0,35.6,1001.4,25.6,ERA5_Reanalysis_ECMWF
Bhubaneswar,2023-05-27T08:00,2023,32.0,69,8.0,501.0,37.9,1001.7,25.6,ERA5_Reanalysis_ECMWF
Bhubaneswar,2023-05-27T09:00,2023,33.9,61,4.8,691.0,40.9,1001.3,25.2,ERA5_Reanalysis_ECMWF
Bhubaneswar,2023-05-27T10:00,2023,35.2,56,3.9,834.0,43.4,1001.4,25.3,ERA5_Reanalysis_ECMWF
Bhubaneswar,2023-05-27T11:00,2023,36.5,52,5.5,905.0,44.5,1000.8,24.9,ERA5_Reanalysis_ECMWF
Bhubaneswar,2023-05-27T12:00,2023,37.4,47,5.6,917.0,45.1,1000.0,24.2,ERA5_Reanalysis_ECMWF
Bhubaneswar,2023-05-27T13:00,2023,37.2,44,4.9,850.0,43.8,999.3,22.9,ERA5_Reanalysis_ECMWF
Bhubaneswar,2023-05-27T14:00,2023,32.8,60,15.9,508.0,36.5,999.1,23.9,ERA5_Reanalysis_ECMWF
Bhubaneswar,2023-05-27T15:00,2023,31.0,68,14.9,352.0,35.2,999.0,24.4,ERA5_Reanalysis_ECMWF
Bhubaneswar,2023-05-27T16:00,2023,32.7,66,9.9,305.0,38.3,998.5,25.5,ERA5_Reanalysis_ECMWF
Bhubaneswar,2023-05-27T17:00,2023,32.2,68,13.0,167.0,37.4,998.9,25.6,ERA5_Reanalysis_ECMWF
Bhubaneswar,2023-05-27T18:00,2023,31.8,75,10.4,28.0,38.2,998.9,26.8,ERA5_Reanalysis_ECMWF
Bhubaneswar,2023-05-27T19:00,2023,30.6,83,8.8,0.0,37.6,999.7,27.3,ERA5_Reanalysis_ECMWF
Bhubaneswar,2023-05-27T20:00,2023,29.6,89,9.0,0.0,36.8,1000.5,27.6,ERA5_Reanalysis_ECMWF
Bhubaneswar,2023-05-27T21:00,2023,28.8,95,7.5,0.0,36.4,1001.1,27.8,ERA5_Reanalysis_ECMWF
Bhubaneswar,2023-05-27T22:00,2023,28.2,98,8.0,0.0,35.7,1001.1,27.8,ERA5_Reanalysis_ECMWF
Bhubaneswar,2023-05-27T23:00,2023,28.0,98,12.1,0.0,34.7,1001.2,27.6,ERA5_Reanalysis_ECMWF
Bhubaneswar,2023-05-28T00:00,2023,28.2,93,6.2,0.0,35.3,1000.2,26.9,ERA5_Reanalysis_ECMWF
Bhubaneswar,2023-05-28T01:00,2023,27.8,93,4.0,0.0,35.0,999.3,26.5,ERA5_Reanalysis_ECMWF
Bhubaneswar,2023-05-28T02:00,2023,27.2,95,4.1,0.0,34.3,999.3,26.4,ERA5_Reanalysis_ECMWF
Bhubaneswar,2023-05-28T03:00,2023,26.7,97,4.6,0.0,33.5,999.2,26.1,ERA5_Reanalysis_ECMWF
Bhubaneswar,2023-05-28T04:00,2023,26.3,97,3.9,0.0,32.9,999.5,25.7,ERA5_Reanalysis_ECMWF
Bhubaneswar,2023-05-28T05:00,2023,26.2,85,1.1,4.0,31.8,1001.0,23.5,ERA5_Reanalysis_ECMWF
Bhubaneswar,2023-05-28T06:00,2023,27.9,80,1.5,95.0,33.9,1001.8,24.2,ERA5_Reanalysis_ECMWF
Bhubaneswar,2023-05-28T07:00,2023,30.1,69,1.8,266.0,35.9,1002.3,23.9,ERA5_Reanalysis_ECMWF
Bhubaneswar,2023-05-28T08:00,2023,32.0,62,2.4,489.0,37.6,1002.7,23.9,ERA5_Reanalysis_ECMWF
Bhubaneswar,2023-05-28T09:00,2023,33.8,57,6.0,682.0,39.9,1002.3,24.1,ERA5_Reanalysis_ECMWF
Bhubaneswar,2023-05-28T10:00,2023,35.2,52,6.3,825.0,42.0,1001.9,24.0,ERA5_Reanalysis_ECMWF
Bhubaneswar,2023-05-28T11:00,2023,36.3,49,6.8,902.0,43.3,1001.5,23.8,ERA5_Reanalysis_ECMWF
Bhubaneswar,2023-05-28T12:00,2023,36.3,50,12.1,891.0,42.5,1000.9,24.1,ERA5_Reanalysis_ECMWF
Bhubaneswar,2023-05-28T13:00,2023,34.3,58,13.4,695.0,39.7,1000.7,24.8,ERA5_Reanalysis_ECMWF
Bhubaneswar,2023-05-28T14:00,2023,35.5,51,12.7,637.0,40.1,999.9,23.8,ERA5_Reanalysis_ECMWF
Bhubaneswar,2023-05-28T15:00,2023,33.5,59,12.2,409.0,38.0,999.9,24.4,ERA5_Reanalysis_ECMWF
Bhubaneswar,2023-05-28T16:00,2023,33.6,59,14.8,282.0,37.9,999.5,24.6,ERA5_Reanalysis_ECMWF
Bhubaneswar,2023-05-28T17:00,2023,32.5,65,17.0,164.0,36.7,999.6,25.0,ERA5_Reanalysis_ECMWF
Bhubaneswar,2023-05-28T18:00,2023,30.9,73,12.8,30.0,36.1,1000.0,25.5,ERA5_Reanalysis_ECMWF
Bhubaneswar,2023-05-28T19:00,2023,29.8,81,11.9,0.0,35.6,1001.4,26.2,ERA5_Reanalysis_ECMWF
Bhubaneswar,2023-05-28T20:00,2023,29.0,85,11.6,0.0,34.8,1002.2,26.2,ERA5_Reanalysis_ECMWF
Bhubaneswar,2023-05-28T21:00,2023,28.5,89,12.7,0.0,34.5,1002.6,26.6,ERA5_Reanalysis_ECMWF
Bhubaneswar,2023-05-28T22:00,2023,28.2,93,11.1,0.0,34.6,1002.8,26.9,ERA5_Reanalysis_ECMWF
Bhubaneswar,2023-05-28T23:00,2023,27.8,95,10.3,0.0,34.3,1002.7,26.9,ERA5_Reanalysis_ECMWF
Bhubaneswar,2023-05-29T00:00,2023,27.4,97,7.8,0.0,34.3,1001.8,26.9,ERA5_Reanalysis_ECMWF
Bhubaneswar,2023-05-29T01:00,2023,27.1,98,6.6,0.0,34.0,1001.3,26.8,ERA5_Reanalysis_ECMWF
Bhubaneswar,2023-05-29T02:00,2023,26.8,99,5.9,0.0,33.8,1001.0,26.6,ERA5_Reanalysis_ECMWF
Bhubaneswar,2023-05-29T03:00,2023,26.6,99,5.4,0.0,33.6,1001.0,26.5,ERA5_Reanalysis_ECMWF
Bhubaneswar,2023-05-29T04:00,2023,26.6,100,4.6,0.0,33.7,1001.6,26.6,ERA5_Reanalysis_ECMWF
Bhubaneswar,2023-05-29T05:00,2023,26.7,100,3.1,4.0,34.2,1002.7,26.7,ERA5_Reanalysis_ECMWF
Bhubaneswar,2023-05-29T06:00,2023,28.6,91,8.0,83.0,35.5,1003.3,26.9,ERA5_Reanalysis_ECMWF
Bhubaneswar,2023-05-29T07:00,2023,30.2,79,8.0,269.0,36.5,1003.6,26.2,ERA5_Reanalysis_ECMWF
Bhubaneswar,2023-05-29T08:00,2023,31.7,72,7.2,482.0,38.1,1003.6,26.1,ERA5_Reanalysis_ECMWF
Bhubaneswar,2023-05-29T09:00,2023,33.4,64,5.6,681.0,40.5,1003.5,25.6,ERA5_Reanalysis_ECMWF
Bhubaneswar,2023-05-29T10:00,2023,35.0,56,5.2,829.0,42.7,1003.1,24.9,ERA5_Reanalysis_ECMWF
Bhubaneswar,2023-05-29T11:00,2023,36.3,49,6.1,911.0,43.8,1002.4,24.1,ERA5_Reanalysis_ECMWF
Bhubaneswar,2023-05-29T12:00,2023,37.5,42,7.7,906.0,43.6,1001.4,22.3,ERA5_Reanalysis_ECMWF
Bhubaneswar,2023-05-29T13:00,2023,36.8,42,10.4,797.0,41.4,1000.8,21.7,ERA5_Reanalysis_ECMWF
Bhubaneswar,2023-05-29T14:00,2023,36.2,45,14.0,670.0,39.8,1000.1,22.3,ERA5_Reanalysis_ECMWF
Bhubaneswar,2023-05-29T15:00,2023,35.6,48,10.6,446.0,39.4,999.8,22.9,ERA5_Reanalysis_ECMWF
Bhubaneswar,2023-05-29T16:00,2023,34.5,55,14.5,297.0,38.5,1000.4,24.2,ERA5_Reanalysis_ECMWF
Bhubaneswar,2023-05-29T17:00,2023,32.5,67,17.6,127.0,37.0,1000.8,25.6,ERA5_Reanalysis_ECMWF
Bhubaneswar,2023-05-29T18:00,2023,31.1,77,16.6,25.0,36.3,1001.4,26.5,ERA5_Reanalysis_ECMWF
Bhubaneswar,2023-05-29T19:00,2023,30.1,81,15.1,0.0,35.6,1002.3,26.4,ERA5_Reanalysis_ECMWF
Bhubaneswar,2023-05-29T20:00,2023,29.6,84,13.3,0.0,35.5,1003.1,26.7,ERA5_Reanalysis_ECMWF
Bhubaneswar,2023-05-29T21:00,2023,29.3,86,12.6,0.0,35.2,1003.6,26.6,ERA5_Reanalysis_ECMWF
Bhubaneswar,2023-05-29T22:00,2023,29.0,88,12.1,0.0,35.1,1004.0,26.7,ERA5_Reanalysis_ECMWF
Bhubaneswar,2023-05-29T23:00,2023,28.7,89,12.4,0.0,34.8,1003.7,26.8,ERA5_Reanalysis_ECMWF
Bhubaneswar,2023-05-30T00:00,2023,28.5,90,11.6,0.0,34.7,1003.2,26.7,ERA5_Reanalysis_ECMWF
Bhubaneswar,2023-05-30T01:00,2023,28.2,91,10.6,0.0,34.4,1002.6,26.6,ERA5_Reanalysis_ECMWF
Bhubaneswar,2023-05-30T02:00,2023,27.9,92,9.7,0.0,34.2,1002.3,26.5,ERA5_Reanalysis_ECMWF
Bhubaneswar,2023-05-30T03:00,2023,27.7,93,9.2,0.0,34.1,1002.2,26.5,ERA5_Reanalysis_ECMWF
Bhubaneswar,2023-05-30T04:00,2023,27.5,95,6.2,0.0,34.3,1002.3,26.6,ERA5_Reanalysis_ECMWF
Bhubaneswar,2023-05-30T05:00,2023,28.0,92,9.0,4.0,34.5,1002.2,26.6,ERA5_Reanalysis_ECMWF
Bhubaneswar,2023-05-30T06:00,2023,29.5,83,14.2,95.0,35.0,1002.6,26.4,ERA5_Reanalysis_ECMWF
Bhubaneswar,2023-05-30T07:00,2023,30.9,77,10.7,274.0,37.0,1003.1,26.4,ERA5_Reanalysis_ECMWF
Bhubaneswar,2023-05-30T08:00,2023,32.5,70,9.0,484.0,38.8,1003.6,26.4,ERA5_Reanalysis_ECMWF
Bhubaneswar,2023-05-30T09:00,2023,34.1,64,7.4,670.0,41.3,1003.4,26.2,ERA5_Reanalysis_ECMWF
Bhubaneswar,2023-05-30T10:00,2023,35.7,56,7.3,813.0,43.3,1002.7,25.6,ERA5_Reanalysis_ECMWF
Bhubaneswar,2023-05-30T11:00,2023,36.8,51,8.3,893.0,44.4,1001.8,25.0,ERA5_Reanalysis_ECMWF
Bhubaneswar,2023-05-30T12:00,2023,37.5,48,9.4,906.0,44.8,1000.7,24.8,ERA5_Reanalysis_ECMWF
Bhubaneswar,2023-05-30T13:00,2023,37.5,49,8.8,869.0,44.7,999.7,24.9,ERA5_Reanalysis_ECMWF
Bhubaneswar,2023-05-30T14:00,2023,30.8,77,15.8,529.0,36.1,999.8,26.4,ERA5_Reanalysis_ECMWF
Bhubaneswar,2023-05-30T15:00,2023,30.8,78,11.5,370.0,36.9,999.3,26.6,ERA5_Reanalysis_ECMWF
Bhubaneswar,2023-05-30T16:00,2023,31.5,75,3.8,220.0,38.7,999.4,26.5,ERA5_Reanalysis_ECMWF
Bhubaneswar,2023-05-30T17:00,2023,32.6,68,17.3,172.0,37.4,999.7,25.9,ERA5_Reanalysis_ECMWF
Bhubaneswar,2023-05-30T18:00,2023,31.1,75,15.8,29.0,36.3,1000.4,26.2,ERA5_Reanalysis_ECMWF
Bhubaneswar,2023-05-30T19:00,2023,30.7,78,15.5,0.0,36.1,1001.7,26.4,ERA5_Reanalysis_ECMWF
Bhubaneswar,2023-05-30T20:00,2023,30.1,81,13.3,0.0,35.8,1001.7,26.5,ERA5_Reanalysis_ECMWF
Bhubaneswar,2023-05-30T21:00,2023,29.7,83,11.4,0.0,35.8,1002.1,26.6,ERA5_Reanalysis_ECMWF
Bhubaneswar,2023-05-30T22:00,2023,29.5,85,11.3,0.0,35.7,1002.0,26.7,ERA5_Reanalysis_ECMWF
Bhubaneswar,2023-05-30T23:00,2023,29.1,88,7.1,0.0,36.1,1001.2,27.0,ERA5_Reanalysis_ECMWF
Bhubaneswar,2023-05-31T00:00,2023,28.7,91,4.9,0.0,36.1,1000.5,27.1,ERA5_Reanalysis_ECMWF
Bhubaneswar,2023-05-31T01:00,2023,28.2,92,3.9,0.0,35.6,999.9,26.8,ERA5_Reanalysis_ECMWF
Bhubaneswar,2023-05-31T02:00,2023,27.6,92,3.7,0.0,34.6,999.5,26.2,ERA5_Reanalysis_ECMWF
Bhubaneswar,2023-05-31T03:00,2023,27.3,89,5.4,0.0,33.4,999.6,25.3,ERA5_Reanalysis_ECMWF
Bhubaneswar,2023-05-31T04:00,2023,26.9,86,5.1,0.0,32.5,1000.1,24.5,ERA5_Reanalysis_ECMWF
Bhubaneswar,2023-05-31T05:00,2023,27.3,93,2.5,4.0,34.4,1000.6,26.1,ERA5_Reanalysis_ECMWF
Bhubaneswar,2023-05-31T06:00,2023,28.8,83,1.6,97.0,35.6,1000.9,25.5,ERA5_Reanalysis_ECMWF
Bhubaneswar,2023-05-31T07:00,2023,30.7,74,4.4,282.0,37.0,1001.4,25.4,ERA5_Reanalysis_ECMWF
Bhubaneswar,2023-05-31T08:00,2023,32.6,65,6.1,487.0,38.6,1001.8,25.2,ERA5_Reanalysis_ECMWF
Bhubaneswar,2023-05-31T09:00,2023,34.3,59,4.7,671.0,41.2,1001.9,25.2,ERA5_Reanalysis_ECMWF
Bhubaneswar,2023-05-31T10:00,2023,35.7,54,3.7,805.0,43.4,1001.4,24.9,ERA5_Reanalysis_ECMWF
Bhubaneswar,2023-05-31T11:00,2023,36.9,49,3.3,888.0,45.0,1000.5,24.5,ERA5_Reanalysis_ECMWF
Bhubaneswar,2023-05-31T12:00,2023,37.7,46,1.6,900.0,46.0,999.6,24.1,ERA5_Reanalysis_ECMWF
Bhubaneswar,2023-05-31T13:00,2023,36.1,52,5.4,765.0,43.1,998.5,24.6,ERA5_Reanalysis_ECMWF
Bhubaneswar,2023-05-31T14:00,2023,31.1,72,4.7,644.0,38.0,999.0,25.5,ERA5_Reanalysis_ECMWF
Bhubaneswar,2023-05-31T15:00,2023,31.5,71,5.1,273.0,37.7,998.3,25.5,ERA5_Reanalysis_ECMWF
Bhubaneswar,2023-05-31T16:00,2023,31.8,70,5.8,271.0,38.0,997.7,25.6,ERA5_Reanalysis_ECMWF
Bhubaneswar,2023-05-31T17:00,2023,32.8,59,3.6,161.0,38.1,998.7,23.7,ERA5_Reanalysis_ECMWF
Bhubaneswar,2023-05-31T18:00,2023,31.4,66,6.8,30.0,36.6,998.8,24.3,ERA5_Reanalysis_ECMWF
Bhubaneswar,2023-05-31T19:00,2023,30.6,71,7.3,0.0,36.1,999.5,24.7,ERA5_Reanalysis_ECMWF
Bhubaneswar,2023-05-31T20:00,2023,30.0,81,3.4,0.0,37.1,1000.0,26.4,ERA5_Reanalysis_ECMWF
Bhubaneswar,2023-05-31T21:00,2023,29.6,80,1.9,0.0,36.5,1000.1,25.8,ERA5_Reanalysis_ECMWF
Bhubaneswar,2023-05-31T22:00,2023,29.4,79,1.9,0.0,36.1,999.9,25.4,ERA5_Reanalysis_ECMWF
Bhubaneswar,2023-05-31T23:00,2023,29.1,80,4.1,0.0,35.5,999.4,25.4,ERA5_Reanalysis_ECMWF
Bhubaneswar,2023-06-01T00:00,2023,29.3,80,6.4,0.0,35.4,998.7,25.5,ERA5_Reanalysis_ECMWF
Bhubaneswar,2023-06-01T01:00,2023,29.2,84,5.2,0.0,36.0,998.3,26.2,ERA5_Reanalysis_ECMWF
Bhubaneswar,2023-06-01T02:00,2023,29.0,85,5.2,0.0,35.7,997.9,26.2,ERA5_Reanalysis_ECMWF
Bhubaneswar,2023-06-01T03:00,2023,28.6,87,3.1,0.0,35.6,998.1,26.2,ERA5_Reanalysis_ECMWF
Bhubaneswar,2023-06-01T04:00,2023,28.1,88,3.8,0.0,34.8,998.6,25.9,ERA5_Reanalysis_ECMWF
Bhubaneswar,2023-06-01T05:00,2023,28.4,94,6.9,4.0,35.7,999.4,27.3,ERA5_Reanalysis_ECMWF
Bhubaneswar,2023-06-01T06:00,2023,30.0,84,3.4,96.0,37.6,1000.1,27.0,ERA5_Reanalysis_ECMWF
Bhubaneswar,2023-06-01T07:00,2023,31.7,75,1.1,195.0,39.4,1000.3,26.7,ERA5_Reanalysis_ECMWF
Bhubaneswar,2023-06-01T08:00,2023,33.1,70,4.1,326.0,40.5,1000.6,27.0,ERA5_Reanalysis_ECMWF
Bhubaneswar,2023-06-01T09:00,2023,34.2,66,3.7,482.0,41.7,1000.7,27.0,ERA5_Reanalysis_ECMWF
Bhubaneswar,2023-06-01T10:00,2023,35.3,59,3.8,565.0,42.2,1000.5,26.1,ERA5_Reanalysis_ECMWF
Bhubaneswar,2023-06-01T11:00,2023,35.9,54,1.1,529.0,42.5,999.9,25.1,ERA5_Reanalysis_ECMWF
Bhubaneswar,2023-06-01T12:00,2023,37.2,47,2.3,778.0,44.4,998.7,24.0,ERA5_Reanalysis_ECMWF
Bhubaneswar,2023-06-01T13:00,2023,36.1,48,12.8,714.0,40.9,998.2,23.5,ERA5_Reanalysis_ECMWF
Bhubaneswar,2023-06-01T14:00,2023,34.3,53,6.0,442.0,39.2,998.0,23.5,ERA5_Reanalysis_ECMWF
Bhubaneswar,2023-06-01T15:00,2023,34.6,52,5.1,301.0,39.6,997.4,23.5,ERA5_Reanalysis_ECMWF
Bhubaneswar,2023-06-01T16:00,2023,34.8,50,3.8,248.0,39.6,997.2,22.8,ERA5_Reanalysis_ECMWF
Bhubaneswar,2023-06-01T17:00,2023,32.7,59,5.6,118.0,37.7,997.6,23.6,ERA5_Reanalysis_ECMWF
Bhubaneswar,2023-06-01T18:00,2023,31.4,64,4.6,25.0,36.8,997.9,23.9,ERA5_Reanalysis_ECMWF
Bhubaneswar,2023-06-01T19:00,2023,30.6,69,4.7,0.0,36.0,998.1,24.1,ERA5_Reanalysis_ECMWF
Bhubaneswar,2023-06-01T20:00,2023,30.1,70,5.5,0.0,35.4,998.6,24.0,ERA5_Reanalysis_ECMWF
Bhubaneswar,2023-06-01T21:00,2023,29.1,79,5.4,0.0,35.0,998.7,25.0,ERA5_Reanalysis_ECMWF
Bhubaneswar,2023-06-01T22:00,2023,28.7,77,6.3,0.0,34.1,998.8,24.4,ERA5_Reanalysis_ECMWF
Bhubaneswar,2023-06-01T23:00,2023,28.4,78,7.3,0.0,33.5,998.7,24.1,ERA5_Reanalysis_ECMWF
Bhubaneswar,2023-06-02T00:00,2023,28.2,78,7.4,0.0,33.2,998.3,24.0,ERA5_Reanalysis_ECMWF
Bhubaneswar,2023-06-02T01:00,2023,27.8,83,6.1,0.0,33.3,997.9,24.6,ERA5_Reanalysis_ECMWF
Bhubaneswar,2023-06-02T02:00,2023,27.4,88,5.5,0.0,33.4,997.7,25.2,ERA5_Reanalysis_ECMWF
Bhubaneswar,2023-06-02T03:00,2023,27.1,92,6.4,0.0,33.4,997.9,25.7,ERA5_Reanalysis_ECMWF
Bhubaneswar,2023-06-02T04:00,2023,26.8,96,5.8,0.0,33.3,998.5,26.0,ERA5_Reanalysis_ECMWF
Bhubaneswar,2023-06-02T05:00,2023,24.9,86,5.8,5.0,29.1,999.4,22.4,ERA5_Reanalysis_ECMWF
Bhubaneswar,2023-06-02T06:00,2023,28.0,73,8.5,105.0,32.1,999.6,22.8,ERA5_Reanalysis_ECMWF
Bhubaneswar,2023-06-02T07:00,2023,30.9,65,7.0,304.0,35.7,1000.0,23.6,ERA5_Reanalysis_ECMWF
Bhubaneswar,2023-06-02T08:00,2023,33.8,53,8.8,506.0,37.9,1000.6,23.0,ERA5_Reanalysis_ECMWF
Bhubaneswar,2023-06-02T09:00,2023,35.8,46,9.8,675.0,40.2,1000.8,22.4,ERA5_Reanalysis_ECMWF
Bhubaneswar,2023-06-02T10:00,2023,37.2,43,9.8,834.0,42.7,1000.5,22.7,ERA5_Reanalysis_ECMWF
Bhubaneswar,2023-06-02T11:00,2023,37.2,46,8.7,875.0,43.7,999.8,23.6,ERA5_Reanalysis_ECMWF
Bhubaneswar,2023-06-02T12:00,2023,38.4,43,10.9,900.0,44.6,998.6,23.6,ERA5_Reanalysis_ECMWF
Bhubaneswar,2023-06-02T13:00,2023,37.4,47,9.0,854.0,44.0,997.6,24.1,ERA5_Reanalysis_ECMWF
Bhubaneswar,2023-06-02T14:00,2023,29.1,76,5.4,523.0,34.6,998.5,24.3,ERA5_Reanalysis_ECMWF
Bhubaneswar,2023-06-02T15:00,2023,29.8,75,5.3,101.0,35.7,997.9,25.0,ERA5_Reanalysis_ECMWF
Bhubaneswar,2023-06-02T16:00,2023,31.5,70,6.1,225.0,37.5,997.0,25.3,ERA5_Reanalysis_ECMWF
Bhubaneswar,2023-06-02T17:00,2023,31.7,73,6.2,172.0,38.2,997.2,26.1,ERA5_Reanalysis_ECMWF
Bhubaneswar,2023-06-02T18:00,2023,30.3,78,6.5,31.0,36.7,997.5,26.1,ERA5_Reanalysis_ECMWF
Bhubaneswar,2023-06-02T19:00,2023,29.9,81,10.4,0.0,35.8,998.0,26.2,ERA5_Reanalysis_ECMWF
Bhubaneswar,2023-06-02T20:00,2023,29.7,86,11.2,0.0,36.2,998.6,27.1,ERA5_Reanalysis_ECMWF
Bhubaneswar,2023-06-02T21:00,2023,29.3,90,12.9,0.0,35.8,999.1,27.5,ERA5_Reanalysis_ECMWF
Bhubaneswar,2023-06-02T22:00,2023,28.9,95,14.4,0.0,35.6,999.3,28.0,ERA5_Reanalysis_ECMWF
Bhubaneswar,2023-06-02T23:00,2023,28.7,97,14.8,0.0,35.5,999.0,28.1,ERA5_Reanalysis_ECMWF
Bhubaneswar,2023-06-03T00:00,2023,28.7,97,13.6,0.0,35.6,998.7,28.2,ERA5_Reanalysis_ECMWF
Bhubaneswar,2023-06-03T01:00,2023,28.8,96,13.2,0.0,35.7,998.4,28.1,ERA5_Reanalysis_ECMWF
Bhubaneswar,2023-06-03T02:00,2023,28.6,95,11.8,0.0,35.5,998.1,27.7,ERA5_Reanalysis_ECMWF
Bhubaneswar,2023-06-03T03:00,2023,28.4,96,11.6,0.0,35.3,998.1,27.7,ERA5_Reanalysis_ECMWF
Bhubaneswar,2023-06-03T04:00,2023,28.3,97,10.8,0.0,35.3,998.4,27.7,ERA5_Reanalysis_ECMWF
Bhubaneswar,2023-06-03T05:00,2023,28.6,94,11.6,4.0,35.4,999.2,27.5,ERA5_Reanalysis_ECMWF
Bhubaneswar,2023-06-03T06:00,2023,30.2,84,13.9,95.0,36.4,1000.0,27.2,ERA5_Reanalysis_ECMWF
Bhubaneswar,2023-06-03T07:00,2023,31.9,76,15.6,272.0,37.8,1000.8,27.1,ERA5_Reanalysis_ECMWF
Bhubaneswar,2023-06-03T08:00,2023,33.5,68,13.9,431.0,39.4,1001.5,26.8,ERA5_Reanalysis_ECMWF
Bhubaneswar,2023-06-03T09:00,2023,34.7,63,12.8,535.0,40.6,1001.5,26.6,ERA5_Reanalysis_ECMWF
Bhubaneswar,2023-06-03T10:00,2023,35.8,59,13.3,693.0,42.3,1001.0,26.5,ERA5_Reanalysis_ECMWF
Bhubaneswar,2023-06-03T11:00,2023,36.5,57,15.9,864.0,43.6,1000.3,26.5,ERA5_Reanalysis_ECMWF
Bhubaneswar,2023-06-03T12:00,2023,36.6,57,16.9,890.0,43.7,999.5,26.6,ERA5_Reanalysis_ECMWF
Bhubaneswar,2023-06-03T13:00,2023,36.1,58,19.5,824.0,42.4,998.3,26.6,ERA5_Reanalysis_ECMWF
Bhubaneswar,2023-06-03T14:00,2023,35.1,61,20.9,708.0,40.6,997.3,26.5,ERA5_Reanalysis_ECMWF
Bhubaneswar,2023-06-03T15:00,2023,34.2,65,20.6,567.0,39.2,997.3,26.8,ERA5_Reanalysis_ECMWF
Bhubaneswar,2023-06-03T16:00,2023,31.4,68,22.3,263.0,34.7,999.0,24.8,ERA5_Reanalysis_ECMWF
Bhubaneswar,2023-06-03T17:00,2023,29.9,73,20.4,49.0,33.4,998.5,24.6,ERA5_Reanalysis_ECMWF
Bhubaneswar,2023-06-03T18:00,2023,27.0,84,8.3,17.0,31.8,999.3,24.0,ERA5_Reanalysis_ECMWF
Bhubaneswar,2023-06-03T19:00,2023,27.3,83,5.5,0.0,32.6,999.1,24.2,ERA5_Reanalysis_ECMWF
Bhubaneswar,2023-06-03T20:00,2023,27.7,82,3.1,0.0,33.6,1000.0,24.4,ERA5_Reanalysis_ECMWF
Bhubaneswar,2023-06-03T21:00,2023,27.9,86,5.0,0.0,34.0,1000.6,25.3,ERA5_Reanalysis_ECMWF
Bhubaneswar,2023-06-03T22:00,2023,28.4,86,6.9,0.0,34.6,1001.0,25.9,ERA5_Reanalysis_ECMWF
Bhubaneswar,2023-06-03T23:00,2023,28.5,94,8.3,0.0,35.7,1000.5,27.4,ERA5_Reanalysis_ECMWF
Bhubaneswar,2023-06-04T00:00,2023,28.4,97,10.4,0.0,35.5,999.7,27.8,ERA5_Reanalysis_ECMWF
Bhubaneswar,2023-06-04T01:00,2023,28.4,96,10.1,0.0,35.6,999.0,27.8,ERA5_Reanalysis_ECMWF
Bhubaneswar,2023-06-04T02:00,2023,28.6,95,11.2,0.0,35.7,998.9,27.8,ERA5_Reanalysis_ECMWF
Bhubaneswar,2023-06-04T03:00,2023,28.6,95,11.6,0.0,35.5,999.1,27.7,ERA5_Reanalysis_ECMWF
Bhubaneswar,2023-06-04T04:00,2023,28.6,93,8.7,0.0,35.7,999.4,27.4,ERA5_Reanalysis_ECMWF
Bhubaneswar,2023-06-04T05:00,2023,27.9,96,5.8,4.0,35.3,1000.1,27.2,ERA5_Reanalysis_ECMWF
Bhubaneswar,2023-06-04T06:00,2023,29.5,88,10.5,95.0,36.3,1000.8,27.3,ERA5_Reanalysis_ECMWF
Bhubaneswar,2023-06-04T07:00,2023,31.2,79,12.2,253.0,37.5,1001.6,27.1,ERA5_Reanalysis_ECMWF
Bhubaneswar,2023-06-04T08:00,2023,32.7,71,12.9,440.0,38.7,1001.7,26.7,ERA5_Reanalysis_ECMWF
Bhubaneswar,2023-06-04T09:00,2023,34.2,63,13.0,626.0,40.3,1001.8,26.3,ERA5_Reanalysis_ECMWF
Bhubaneswar,2023-06-04T10:00,2023,35.4,58,13.5,752.0,41.8,1001.1,25.9,ERA5_Reanalysis_ECMWF
Bhubaneswar,2023-06-04T11:00,2023,36.1,55,14.8,845.0,42.6,1000.4,25.6,ERA5_Reanalysis_ECMWF
Bhubaneswar,2023-06-04T12:00,2023,36.6,52,15.8,886.0,42.8,999.3,25.1,ERA5_Reanalysis_ECMWF
Bhubaneswar,2023-06-04T13:00,2023,36.6,51,17.3,855.0,42.3,998.2,24.9,ERA5_Reanalysis_ECMWF
Bhubaneswar,2023-06-04T14:00,2023,36.0,55,16.6,749.0,41.6,996.9,25.5,ERA5_Reanalysis_ECMWF
Bhubaneswar,2023-06-04T15:00,2023,35.3,58,17.3,587.0,40.1,996.3,25.8,ERA5_Reanalysis_ECMWF
Bhubaneswar,2023-06-04T16:00,2023,34.2,62,18.4,391.0,38.9,996.3,26.0,ERA5_Reanalysis_ECMWF
Bhubaneswar,2023-06-04T17:00,2023,33.0,66,13.8,184.0,38.2,997.1,25.8,ERA5_Reanalysis_ECMWF
Bhubaneswar,2023-06-04T18:00,2023,31.4,74,13.6,32.0,36.8,998.4,26.1,ERA5_Reanalysis_ECMWF
Bhubaneswar,2023-06-04T19:00,2023,30.9,76,13.4,0.0,36.4,998.6,26.1,ERA5_Reanalysis_ECMWF
Bhubaneswar,2023-06-04T20:00,2023,30.3,78,14.1,0.0,35.7,998.8,26.1,ERA5_Reanalysis_ECMWF
Bhubaneswar,2023-06-04T21:00,2023,29.6,82,7.4,0.0,36.0,999.3,26.3,ERA5_Reanalysis_ECMWF
Bhubaneswar,2023-06-04T22:00,2023,28.9,87,6.6,0.0,35.7,999.6,26.5,ERA5_Reanalysis_ECMWF
Bhubaneswar,2023-06-04T23:00,2023,28.6,90,7.0,0.0,35.6,999.1,26.8,ERA5_Reanalysis_ECMWF
Bhubaneswar,2023-06-05T00:00,2023,28.1,94,7.0,0.0,35.2,998.4,27.1,ERA5_Reanalysis_ECMWF
Bhubaneswar,2023-06-05T01:00,2023,27.8,97,6.6,0.0,35.0,997.5,27.2,ERA5_Reanalysis_ECMWF
Bhubaneswar,2023-06-05T02:00,2023,27.6,98,6.9,0.0,34.8,997.1,27.2,ERA5_Reanalysis_ECMWF
Bhubaneswar,2023-06-05T03:00,2023,27.5,99,7.0,0.0,34.8,997.0,27.3,ERA5_Reanalysis_ECMWF
Bhubaneswar,2023-06-05T04:00,2023,27.5,99,6.3,0.0,34.9,997.4,27.3,ERA5_Reanalysis_ECMWF
Bhubaneswar,2023-06-05T05:00,2023,26.2,98,3.9,4.0,32.9,998.6,25.8,ERA5_Reanalysis_ECMWF
Bhubaneswar,2023-06-05T06:00,2023,27.6,92,4.7,75.0,34.3,999.6,26.1,ERA5_Reanalysis_ECMWF
Bhubaneswar,2023-06-05T07:00,2023,29.3,82,6.2,203.0,35.7,1000.4,25.9,ERA5_Reanalysis_ECMWF
Bhubaneswar,2023-06-05T08:00,2023,31.2,72,4.7,411.0,37.6,1000.2,25.6,ERA5_Reanalysis_ECMWF
Bhubaneswar,2023-06-05T09:00,2023,32.7,67,4.0,642.0,39.8,1000.3,25.6,ERA5_Reanalysis_ECMWF
Bhubaneswar,2023-06-05T10:00,2023,34.0,61,3.3,800.0,42.1,1000.0,25.5,ERA5_Reanalysis_ECMWF
Bhubaneswar,2023-06-05T11:00,2023,35.2,56,3.7,895.0,43.7,999.3,25.2,ERA5_Reanalysis_ECMWF
Bhubaneswar,2023-06-05T12:00,2023,36.2,50,5.5,915.0,43.8,998.5,24.1,ERA5_Reanalysis_ECMWF
Bhubaneswar,2023-06-05T13:00,2023,36.8,42,6.2,860.0,42.6,997.7,21.8,ERA5_Reanalysis_ECMWF
Bhubaneswar,2023-06-05T14:00,2023,37.3,37,4.0,716.0,41.7,996.4,20.2,ERA5_Reanalysis_ECMWF
Bhubaneswar,2023-06-05T15:00,2023,36.9,37,7.0,563.0,39.8,995.7,20.0,ERA5_Reanalysis_ECMWF
Bhubaneswar,2023-06-05T16:00,2023,35.4,48,12.3,300.0,39.0,995.8,22.9,ERA5_Reanalysis_ECMWF
Bhubaneswar,2023-06-05T17:00,2023,33.9,61,13.2,145.0,38.9,996.4,25.4,ERA5_Reanalysis_ECMWF
Bhubaneswar,2023-06-05T18:00,2023,32.4,69,8.9,30.0,38.5,996.6,26.0,ERA5_Reanalysis_ECMWF
Bhubaneswar,2023-06-05T19:00,2023,31.4,74,5.5,0.0,38.1,997.2,26.2,ERA5_Reanalysis_ECMWF
Bhubaneswar,2023-06-05T20:00,2023,30.5,77,8.9,0.0,36.6,998.1,26.0,ERA5_Reanalysis_ECMWF
Bhubaneswar,2023-06-05T21:00,2023,29.7,81,8.7,0.0,35.8,998.7,26.1,ERA5_Reanalysis_ECMWF
Bhubaneswar,2023-06-05T22:00,2023,29.1,86,9.3,0.0,35.6,999.2,26.6,ERA5_Reanalysis_ECMWF
Bhubaneswar,2023-06-05T23:00,2023,28.7,91,9.7,0.0,35.4,998.7,27.0,ERA5_Reanalysis_ECMWF
Bhubaneswar,2023-06-06T00:00,2023,28.4,93,10.1,0.0,35.2,998.2,27.2,ERA5_Reanalysis_ECMWF
Bhubaneswar,2023-06-06T01:00,2023,28.1,95,10.2,0.0,35.0,997.6,27.3,ERA5_Reanalysis_ECMWF
Bhubaneswar,2023-06-06T02:00,2023,27.9,97,9.5,0.0,34.9,997.2,27.4,ERA5_Reanalysis_ECMWF
Bhubaneswar,2023-06-06T03:00,2023,27.8,98,8.9,0.0,34.9,997.2,27.4,ERA5_Reanalysis_ECMWF
Bhubaneswar,2023-06-06T04:00,2023,27.7,98,9.4,0.0,34.7,997.4,27.4,ERA5_Reanalysis_ECMWF
Bhubaneswar,2023-06-06T05:00,2023,27.4,97,3.7,4.0,34.8,998.0,26.8,ERA5_Reanalysis_ECMWF
Bhubaneswar,2023-06-06T06:00,2023,29.2,87,4.3,97.0,36.6,998.4,26.9,ERA5_Reanalysis_ECMWF
Bhubaneswar,2023-06-06T07:00,2023,31.1,79,5.7,286.0,38.4,998.9,27.0,ERA5_Reanalysis_ECMWF
Bhubaneswar,2023-06-06T08:00,2023,33.2,67,6.3,489.0,39.7,998.9,26.2,ERA5_Reanalysis_ECMWF
Bhubaneswar,2023-06-06T09:00,2023,35.0,56,7.5,673.0,41.3,999.2,24.9,ERA5_Reanalysis_ECMWF
Bhubaneswar,2023-06-06T10:00,2023,36.5,49,8.8,813.0,42.8,998.8,24.0,ERA5_Reanalysis_ECMWF
Bhubaneswar,2023-06-06T11:00,2023,37.5,44,9.9,904.0,43.6,998.2,23.1,ERA5_Reanalysis_ECMWF
Bhubaneswar,2023-06-06T12:00,2023,36.8,45,12.5,915.0,42.3,997.6,22.8,ERA5_Reanalysis_ECMWF
Bhubaneswar,2023-06-06T13:00,2023,37.2,42,6.4,799.0,42.7,996.5,22.1,ERA5_Reanalysis_ECMWF
Bhubaneswar,2023-06-06T14:00,2023,37.5,40,3.1,689.0,42.7,995.6,21.8,ERA5_Reanalysis_ECMWF
Bhubaneswar,2023-06-06T15:00,2023,37.1,42,6.2,502.0,41.1,994.5,22.0,ERA5_Reanalysis_ECMWF
Bhubaneswar,2023-06-06T16:00,2023,36.6,45,6.8,369.0,40.8,994.2,22.6,ERA5_Reanalysis_ECMWF
Bhubaneswar,2023-06-06T17:00,2023,32.4,68,5.3,183.0,38.8,995.1,25.8,ERA5_Reanalysis_ECMWF
Bhubaneswar,2023-06-06T18:00,2023,31.3,73,9.7,34.0,37.2,995.3,25.9,ERA5_Reanalysis_ECMWF
Bhubaneswar,2023-06-06T19:00,2023,30.7,77,6.9,0.0,37.1,995.7,26.1,ERA5_Reanalysis_ECMWF
Bhubaneswar,2023-06-06T20:00,2023,30.3,80,7.8,0.0,36.8,996.3,26.4,ERA5_Reanalysis_ECMWF
Bhubaneswar,2023-06-06T21:00,2023,29.6,83,5.6,0.0,36.5,996.8,26.5,ERA5_Reanalysis_ECMWF
Bhubaneswar,2023-06-06T22:00,2023,29.0,88,6.5,0.0,36.0,997.1,26.8,ERA5_Reanalysis_ECMWF
Bhubaneswar,2023-06-06T23:00,2023,28.5,92,5.6,0.0,35.8,997.0,27.1,ERA5_Reanalysis_ECMWF
Bhubaneswar,2023-06-07T00:00,2023,28.2,95,8.7,0.0,35.2,996.7,27.3,ERA5_Reanalysis_ECMWF
Bhubaneswar,2023-06-07T01:00,2023,28.1,96,10.7,0.0,34.9,996.4,27.4,ERA5_Reanalysis_ECMWF
Bhubaneswar,2023-06-07T02:00,2023,28.1,97,10.0,0.0,35.1,996.3,27.5,ERA5_Reanalysis_ECMWF
Bhubaneswar,2023-06-07T03:00,2023,28.1,97,9.8,0.0,35.3,996.1,27.7,ERA5_Reanalysis_ECMWF
Bhubaneswar,2023-06-07T04:00,2023,28.2,98,8.9,0.0,35.5,996.2,27.8,ERA5_Reanalysis_ECMWF
Bhubaneswar,2023-06-07T05:00,2023,29.0,94,9.6,5.0,36.3,996.9,27.9,ERA5_Reanalysis_ECMWF
Bhubaneswar,2023-06-07T06:00,2023,30.4,88,9.5,91.0,38.0,997.6,28.2,ERA5_Reanalysis_ECMWF
Bhubaneswar,2023-06-07T07:00,2023,32.1,79,2.6,277.0,40.4,998.8,27.9,ERA5_Reanalysis_ECMWF
Bhubaneswar,2023-06-07T08:00,2023,32.9,74,4.2,361.0,40.9,998.4,27.7,ERA5_Reanalysis_ECMWF
Bhubaneswar,2023-06-07T09:00,2023,35.0,66,5.4,588.0,43.0,998.1,27.7,ERA5_Reanalysis_ECMWF
Bhubaneswar,2023-06-07T10:00,2023,36.3,60,5.8,743.0,45.0,997.8,27.3,ERA5_Reanalysis_ECMWF
Bhubaneswar,2023-06-07T11:00,2023,37.5,54,6.1,877.0,46.3,997.0,26.5,ERA5_Reanalysis_ECMWF
Bhubaneswar,2023-06-07T12:00,2023,38.5,46,1.8,905.0,47.2,995.5,24.8,ERA5_Reanalysis_ECMWF
Bhubaneswar,2023-06-07T13:00,2023,29.6,72,28.8,739.0,32.3,996.3,24.0,ERA5_Reanalysis_ECMWF
Bhubaneswar,2023-06-07T14:00,2023,29.3,78,9.2,216.0,34.6,995.2,25.0,ERA5_Reanalysis_ECMWF
Bhubaneswar,2023-06-07T15:00,2023,29.6,79,7.9,177.0,35.5,995.0,25.6,ERA5_Reanalysis_ECMWF
Bhubaneswar,2023-06-07T16:00,2023,29.7,79,3.8,108.0,36.4,994.6,25.7,ERA5_Reanalysis_ECMWF
Bhubaneswar,2023-06-07T17:00,2023,30.4,81,2.9,75.0,37.8,994.7,26.7,ERA5_Reanalysis_ECMWF
Bhubaneswar,2023-06-07T18:00,2023,29.8,86,2.7,28.0,37.6,995.1,27.2,ERA5_Reanalysis_ECMWF
Bhubaneswar,2023-06-07T19:00,2023,29.0,90,3.8,0.0,36.6,995.6,27.1,ERA5_Reanalysis_ECMWF
Bhubaneswar,2023-06-07T20:00,2023,28.7,92,7.3,0.0,35.9,996.3,27.2,ERA5_Reanalysis_ECMWF
Bhubaneswar,2023-06-07T21:00,2023,28.4,92,7.9,0.0,35.3,997.1,27.0,ERA5_Reanalysis_ECMWF
Bhubaneswar,2023-06-07T22:00,2023,28.3,91,6.4,0.0,35.2,997.5,26.7,ERA5_Reanalysis_ECMWF
Bhubaneswar,2023-06-07T23:00,2023,28.2,91,8.2,0.0,34.8,997.0,26.6,ERA5_Reanalysis_ECMWF
Bhubaneswar,2023-06-08T00:00,2023,27.8,94,5.4,0.0,35.0,996.3,26.8,ERA5_Reanalysis_ECMWF
Bhubaneswar,2023-06-08T01:00,2023,27.5,97,7.3,0.0,34.5,995.5,27.0,ERA5_Reanalysis_ECMWF
Bhubaneswar,2023-06-08T02:00,2023,27.6,97,8.4,0.0,34.5,995.3,27.1,ERA5_Reanalysis_ECMWF
Bhubaneswar,2023-06-08T03:00,2023,27.5,97,5.4,0.0,34.9,995.5,27.1,ERA5_Reanalysis_ECMWF
Bhubaneswar,2023-06-08T04:00,2023,27.1,98,5.4,0.0,34.3,995.8,26.8,ERA5_Reanalysis_ECMWF
Bhubaneswar,2023-06-08T05:00,2023,26.6,97,4.7,4.0,33.3,996.6,26.0,ERA5_Reanalysis_ECMWF
Bhubaneswar,2023-06-08T06:00,2023,28.4,88,4.3,99.0,35.3,997.2,26.2,ERA5_Reanalysis_ECMWF
Bhubaneswar,2023-06-08T07:00,2023,30.6,78,6.4,287.0,37.2,997.8,26.3,ERA5_Reanalysis_ECMWF
Bhubaneswar,2023-06-08T08:00,2023,32.9,63,10.0,493.0,38.2,997.8,25.0,ERA5_Reanalysis_ECMWF
Bhubaneswar,2023-06-08T09:00,2023,34.9,54,10.2,678.0,40.3,997.8,24.1,ERA5_Reanalysis_ECMWF
Bhubaneswar,2023-06-08T10:00,2023,36.4,48,9.3,820.0,42.5,997.3,23.6,ERA5_Reanalysis_ECMWF
Bhubaneswar,2023-06-08T11:00,2023,37.5,44,7.0,904.0,44.2,996.5,23.2,ERA5_Reanalysis_ECMWF
Bhubaneswar,2023-06-08T12:00,2023,38.5,40,6.3,924.0,44.9,995.3,22.3,ERA5_Reanalysis_ECMWF
Bhubaneswar,2023-06-08T13:00,2023,39.1,36,8.9,876.0,44.4,994.5,21.5,ERA5_Reanalysis_ECMWF
Bhubaneswar,2023-06-08T14:00,2023,38.7,31,10.4,719.0,41.2,994.0,18.3,ERA5_Reanalysis_ECMWF
Bhubaneswar,2023-06-08T15:00,2023,36.5,41,12.8,413.0,39.1,993.7,21.2,ERA5_Reanalysis_ECMWF
Bhubaneswar,2023-06-08T16:00,2023,34.2,50,14.5,312.0,37.2,993.3,22.5,ERA5_Reanalysis_ECMWF
Bhubaneswar,2023-06-08T17:00,2023,33.6,52,13.1,161.0,36.7,993.0,22.2,ERA5_Reanalysis_ECMWF
Bhubaneswar,2023-06-08T18:00,2023,31.5,78,12.9,28.0,37.7,994.5,27.1,ERA5_Reanalysis_ECMWF
Bhubaneswar,2023-06-08T19:00,2023,30.6,84,15.5,0.0,36.9,994.8,27.7,ERA5_Reanalysis_ECMWF
Bhubaneswar,2023-06-08T20:00,2023,30.1,89,13.9,0.0,36.9,995.3,28.0,ERA5_Reanalysis_ECMWF
Bhubaneswar,2023-06-08T21:00,2023,29.7,91,13.0,0.0,36.6,995.3,28.0,ERA5_Reanalysis_ECMWF
Bhubaneswar,2023-06-08T22:00,2023,29.3,92,12.8,0.0,36.1,995.4,27.9,ERA5_Reanalysis_ECMWF
Bhubaneswar,2023-06-08T23:00,2023,29.1,93,13.8,0.0,35.8,995.1,27.9,ERA5_Reanalysis_ECMWF
Bhubaneswar,2023-06-09T00:00,2023,29.1,92,13.3,0.0,35.7,994.6,27.7,ERA5_Reanalysis_ECMWF
Bhubaneswar,2023-06-09T01:00,2023,29.1,90,11.0,0.0,35.8,994.1,27.3,ERA5_Reanalysis_ECMWF
Bhubaneswar,2023-06-09T02:00,2023,28.8,90,10.2,0.0,35.5,994.0,27.1,ERA5_Reanalysis_ECMWF
Bhubaneswar,2023-06-09T03:00,2023,28.7,91,7.4,0.0,35.8,993.7,27.2,ERA5_Reanalysis_ECMWF
Bhubaneswar,2023-06-09T04:00,2023,28.5,94,7.3,0.0,35.8,993.8,27.4,ERA5_Reanalysis_ECMWF
Bhubaneswar,2023-06-09T05:00,2023,28.6,94,12.3,4.0,35.4,994.1,27.6,ERA5_Reanalysis_ECMWF
Bhubaneswar,2023-06-09T06:00,2023,30.2,92,2.8,67.0,39.1,994.8,28.7,ERA5_Reanalysis_ECMWF
Bhubaneswar,2023-06-09T07:00,2023,31.7,84,6.6,212.0,40.1,994.5,28.7,ERA5_Reanalysis_ECMWF
Bhubaneswar,2023-06-09T08:00,2023,33.6,75,4.6,439.0,42.2,994.9,28.6,ERA5_Reanalysis_ECMWF
Bhubaneswar,2023-06-09T09:00,2023,35.1,69,4.0,620.0,44.1,995.1,28.4,ERA5_Reanalysis_ECMWF
Bhubaneswar,2023-06-09T10:00,2023,36.0,64,5.8,670.0,44.9,995.0,28.2,ERA5_Reanalysis_ECMWF
Bhubaneswar,2023-06-09T11:00,2023,36.7,58,2.8,636.0,45.0,994.1,27.0,ERA5_Reanalysis_ECMWF
Bhubaneswar,2023-06-09T12:00,2023,37.7,50,3.8,729.0,45.3,993.3,25.5,ERA5_Reanalysis_ECMWF
Bhubaneswar,2023-06-09T13:00,2023,38.3,46,4.0,786.0,45.7,992.7,24.7,ERA5_Reanalysis_ECMWF
Bhubaneswar,2023-06-09T14:00,2023,35.4,50,19.5,465.0,38.1,992.9,23.3,ERA5_Reanalysis_ECMWF
Bhubaneswar,2023-06-09T15:00,2023,35.4,49,3.2,419.0,40.4,991.3,23.1,ERA5_Reanalysis_ECMWF
Bhubaneswar,2023-06-09T16:00,2023,35.3,51,7.4,342.0,40.0,991.1,23.6,ERA5_Reanalysis_ECMWF
Bhubaneswar,2023-06-09T17:00,2023,33.7,60,10.8,144.0,38.7,991.2,24.9,ERA5_Reanalysis_ECMWF
Bhubaneswar,2023-06-09T18:00,2023,30.8,70,7.6,13.0,36.1,992.1,24.6,ERA5_Reanalysis_ECMWF
Bhubaneswar,2023-06-09T19:00,2023,30.0,75,7.2,0.0,35.7,993.2,25.1,ERA5_Reanalysis_ECMWF
Bhubaneswar,2023-06-09T20:00,2023,29.7,80,9.5,0.0,35.6,993.7,25.9,ERA5_Reanalysis_ECMWF
Bhubaneswar,2023-06-09T21:00,2023,29.7,87,9.6,0.0,36.6,994.2,27.3,ERA5_Reanalysis_ECMWF
Bhubaneswar,2023-06-09T22:00,2023,29.4,90,4.7,0.0,37.2,994.9,27.5,ERA5_Reanalysis_ECMWF
Bhubaneswar,2023-06-09T23:00,2023,29.3,90,5.7,0.0,36.9,994.4,27.5,ERA5_Reanalysis_ECMWF
Bhubaneswar,2023-06-10T00:00,2023,28.9,94,4.7,0.0,36.8,993.7,27.7,ERA5_Reanalysis_ECMWF
Bhubaneswar,2023-06-10T01:00,2023,28.7,94,4.0,0.0,36.6,993.1,27.6,ERA5_Reanalysis_ECMWF
Bhubaneswar,2023-06-10T02:00,2023,28.5,95,5.8,0.0,36.3,992.8,27.7,ERA5_Reanalysis_ECMWF
Bhubaneswar,2023-06-10T03:00,2023,28.2,98,7.3,0.0,35.8,992.6,27.9,ERA5_Reanalysis_ECMWF
Bhubaneswar,2023-06-10T04:00,2023,28.0,99,6.1,0.0,35.9,992.7,27.9,ERA5_Reanalysis_ECMWF
Bhubaneswar,2023-06-10T05:00,2023,28.6,92,11.1,4.0,35.2,993.4,27.2,ERA5_Reanalysis_ECMWF
Bhubaneswar,2023-06-10T06:00,2023,30.0,86,14.2,92.0,36.4,994.3,27.5,ERA5_Reanalysis_ECMWF
Bhubaneswar,2023-06-10T07:00,2023,32.0,77,20.0,240.0,37.5,994.4,27.5,ERA5_Reanalysis_ECMWF
Bhubaneswar,2023-06-10T08:00,2023,33.1,72,15.8,360.0,39.2,994.6,27.4,ERA5_Reanalysis_ECMWF
Bhubaneswar,2023-06-10T09:00,2023,34.6,66,16.1,539.0,40.5,994.5,27.2,ERA5_Reanalysis_ECMWF
Bhubaneswar,2023-06-10T10:00,2023,35.3,63,14.7,588.0,41.6,993.9,27.2,ERA5_Reanalysis_ECMWF
Bhubaneswar,2023-06-10T11:00,2023,35.9,62,12.5,766.0,43.8,993.1,27.6,ERA5_Reanalysis_ECMWF
Bhubaneswar,2023-06-10T12:00,2023,36.5,61,11.2,867.0,45.3,992.5,27.8,ERA5_Reanalysis_ECMWF
Bhubaneswar,2023-06-10T13:00,2023,36.5,61,10.8,751.0,44.6,991.7,27.7,ERA5_Reanalysis_ECMWF
Bhubaneswar,2023-06-10T14:00,2023,36.1,62,11.6,630.0,43.5,991.1,27.8,ERA5_Reanalysis_ECMWF
Bhubaneswar,2023-06-10T15:00,2023,35.6,64,7.3,456.0,43.2,990.7,27.7,ERA5_Reanalysis_ECMWF
Bhubaneswar,2023-06-10T16:00,2023,33.4,67,24.7,370.0,37.4,991.9,26.3,ERA5_Reanalysis_ECMWF
Bhubaneswar,2023-06-10T17:00,2023,28.1,90,5.3,73.0,34.8,992.8,26.2,ERA5_Reanalysis_ECMWF
Bhubaneswar,2023-06-10T18:00,2023,27.9,89,2.8,0.0,34.8,992.6,25.9,ERA5_Reanalysis_ECMWF
Bhubaneswar,2023-06-10T19:00,2023,28.3,89,6.9,0.0,35.0,992.8,26.4,ERA5_Reanalysis_ECMWF
Bhubaneswar,2023-06-10T20:00,2023,28.6,89,6.5,0.0,35.5,993.0,26.6,ERA5_Reanalysis_ECMWF
Bhubaneswar,2023-06-10T21:00,2023,27.9,94,3.6,0.0,35.4,993.9,26.9,ERA5_Reanalysis_ECMWF
Bhubaneswar,2023-06-10T22:00,2023,28.0,94,4.8,0.0,35.4,994.0,27.0,ERA5_Reanalysis_ECMWF
Bhubaneswar,2023-06-10T23:00,2023,27.9,97,3.2,0.0,35.7,993.6,27.3,ERA5_Reanalysis_ECMWF
Bhubaneswar,2023-06-11T00:00,2023,27.9,96,9.0,0.0,34.8,993.4,27.2,ERA5_Reanalysis_ECMWF
Bhubaneswar,2023-06-11T01:00,2023,27.9,93,5.6,0.0,34.9,993.0,26.6,ERA5_Reanalysis_ECMWF
Bhubaneswar,2023-06-11T02:00,2023,27.8,93,3.4,0.0,35.0,992.3,26.6,ERA5_Reanalysis_ECMWF
Bhubaneswar,2023-06-11T03:00,2023,27.4,96,4.1,0.0,34.6,992.2,26.6,ERA5_Reanalysis_ECMWF
Bhubaneswar,2023-06-11T04:00,2023,27.5,96,5.8,0.0,34.6,992.5,26.8,ERA5_Reanalysis_ECMWF
Bhubaneswar,2023-06-11T05:00,2023,27.9,90,2.5,4.0,35.0,994.0,26.1,ERA5_Reanalysis_ECMWF
Bhubaneswar,2023-06-11T06:00,2023,29.1,86,5.0,79.0,36.1,993.9,26.5,ERA5_Reanalysis_ECMWF
Bhubaneswar,2023-06-11T07:00,2023,31.2,78,2.2,234.0,38.9,994.4,26.9,ERA5_Reanalysis_ECMWF
Bhubaneswar,2023-06-11T08:00,2023,33.5,65,7.0,449.0,39.9,994.7,26.1,ERA5_Reanalysis_ECMWF
Bhubaneswar,2023-06-11T09:00,2023,35.5,55,9.5,667.0,41.5,994.0,25.0,ERA5_Reanalysis_ECMWF
Bhubaneswar,2023-06-11T10:00,2023,36.5,51,10.0,813.0,43.1,993.6,24.7,ERA5_Reanalysis_ECMWF
Bhubaneswar,2023-06-11T11:00,2023,37.3,50,9.9,895.0,44.5,993.2,25.0,ERA5_Reanalysis_ECMWF
Bhubaneswar,2023-06-11T12:00,2023,38.0,47,11.0,913.0,45.1,992.5,24.9,ERA5_Reanalysis_ECMWF
Bhubaneswar,2023-06-11T13:00,2023,38.3,47,13.2,869.0,44.8,991.7,25.0,ERA5_Reanalysis_ECMWF
Bhubaneswar,2023-06-11T14:00,2023,38.5,42,10.0,742.0,43.8,990.8,23.4,ERA5_Reanalysis_ECMWF
Bhubaneswar,2023-06-11T15:00,2023,38.3,40,6.9,555.0,42.5,990.0,22.5,ERA5_Reanalysis_ECMWF
Bhubaneswar,2023-06-11T16:00,2023,38.1,42,4.7,370.0,42.8,989.9,22.9,ERA5_Reanalysis_ECMWF
Bhubaneswar,2023-06-11T17:00,2023,37.4,52,3.3,190.0,44.1,990.5,25.8,ERA5_Reanalysis_ECMWF
Bhubaneswar,2023-06-11T18:00,2023,37.0,42,3.3,34.0,41.4,990.8,21.9,ERA5_Reanalysis_ECMWF
Bhubaneswar,2023-06-11T19:00,2023,33.2,60,10.8,0.0,37.9,991.5,24.4,ERA5_Reanalysis_ECMWF
Bhubaneswar,2023-06-11T20:00,2023,32.0,72,11.9,0.0,37.8,992.6,26.3,ERA5_Reanalysis_ECMWF
Bhubaneswar,2023-06-11T21:00,2023,31.5,72,10.5,0.0,37.2,993.5,25.8,ERA5_Reanalysis_ECMWF
Bhubaneswar,2023-06-11T22:00,2023,30.8,73,8.2,0.0,36.5,993.7,25.3,ERA5_Reanalysis_ECMWF
Bhubaneswar,2023-06-11T23:00,2023,30.6,71,11.7,0.0,35.4,993.3,24.7,ERA5_Reanalysis_ECMWF
Bhubaneswar,2023-06-12T00:00,2023,30.4,73,12.3,0.0,35.4,992.5,25.1,ERA5_Reanalysis_ECMWF
Bhubaneswar,2023-06-12T01:00,2023,30.2,76,12.5,0.0,35.5,992.1,25.6,ERA5_Reanalysis_ECMWF
Bhubaneswar,2023-06-12T02:00,2023,29.9,78,10.3,0.0,35.5,991.7,25.7,ERA5_Reanalysis_ECMWF
Bhubaneswar,2023-06-12T03:00,2023,29.6,77,8.5,0.0,35.1,991.8,25.2,ERA5_Reanalysis_ECMWF
Bhubaneswar,2023-06-12T04:00,2023,28.7,75,6.1,0.0,33.8,992.0,23.8,ERA5_Reanalysis_ECMWF
Bhubaneswar,2023-06-12T05:00,2023,28.9,90,6.6,4.0,36.1,992.7,27.1,ERA5_Reanalysis_ECMWF
Bhubaneswar,2023-06-12T06:00,2023,30.5,84,13.3,91.0,36.9,993.5,27.4,ERA5_Reanalysis_ECMWF
Bhubaneswar,2023-06-12T07:00,2023,32.4,81,14.1,261.0,39.7,994.4,28.8,ERA5_Reanalysis_ECMWF
Bhubaneswar,2023-06-12T08:00,2023,34.2,71,9.6,475.0,41.6,995.2,28.1,ERA5_Reanalysis_ECMWF
Bhubaneswar,2023-06-12T09:00,2023,35.8,61,8.1,658.0,43.3,994.9,27.0,ERA5_Reanalysis_ECMWF
Bhubaneswar,2023-06-12T10:00,2023,37.1,51,5.8,811.0,44.8,994.1,25.4,ERA5_Reanalysis_ECMWF
Bhubaneswar,2023-06-12T11:00,2023,38.3,45,3.3,899.0,46.4,993.4,24.4,ERA5_Reanalysis_ECMWF
Bhubaneswar,2023-06-12T12:00,2023,39.3,40,5.6,920.0,46.4,992.7,23.3,ERA5_Reanalysis_ECMWF
Bhubaneswar,2023-06-12T13:00,2023,39.0,34,9.7,793.0,42.9,992.3,20.2,ERA5_Reanalysis_ECMWF
Bhubaneswar,2023-06-12T14:00,2023,39.1,34,6.7,620.0,42.7,991.1,20.6,ERA5_Reanalysis_ECMWF
Bhubaneswar,2023-06-12T15:00,2023,38.7,36,7.1,533.0,42.0,990.5,21.1,ERA5_Reanalysis_ECMWF
Bhubaneswar,2023-06-12T16:00,2023,37.1,44,11.7,375.0,40.7,990.4,22.8,ERA5_Reanalysis_ECMWF
Bhubaneswar,2023-06-12T17:00,2023,35.2,51,12.6,174.0,39.1,991.3,23.5,ERA5_Reanalysis_ECMWF
Bhubaneswar,2023-06-12T18:00,2023,33.6,60,16.0,33.0,37.9,991.7,24.8,ERA5_Reanalysis_ECMWF
Bhubaneswar,2023-06-12T19:00,2023,32.7,65,16.7,0.0,37.1,992.3,25.2,ERA5_Reanalysis_ECMWF
Bhubaneswar,2023-06-12T20:00,2023,32.1,67,13.0,0.0,36.9,993.4,25.1,ERA5_Reanalysis_ECMWF
Bhubaneswar,2023-06-12T21:00,2023,32.3,60,12.2,0.0,36.4,994.0,23.7,ERA5_Reanalysis_ECMWF
Bhubaneswar,2023-06-12T22:00,2023,31.5,67,9.2,0.0,36.5,994.2,24.5,ERA5_Reanalysis_ECMWF
Bhubaneswar,2023-06-12T23:00,2023,30.4,80,7.3,0.0,37.1,994.0,26.5,ERA5_Reanalysis_ECMWF
Bhubaneswar,2023-06-13T00:00,2023,31.6,70,1.8,0.0,38.4,993.4,25.5,ERA5_Reanalysis_ECMWF
Bhubaneswar,2023-06-13T01:00,2023,30.2,79,6.2,0.0,36.6,993.0,26.0,ERA5_Reanalysis_ECMWF
Bhubaneswar,2023-06-13T02:00,2023,29.9,72,14.0,0.0,34.1,993.3,24.3,ERA5_Reanalysis_ECMWF
Bhubaneswar,2023-06-13T03:00,2023,30.3,66,13.6,0.0,33.9,993.0,23.2,ERA5_Reanalysis_ECMWF
Bhubaneswar,2023-06-13T04:00,2023,30.0,64,11.1,0.0,33.6,993.3,22.6,ERA5_Reanalysis_ECMWF
Bhubaneswar,2023-06-13T05:00,2023,27.9,86,9.8,4.0,33.4,996.4,25.3,ERA5_Reanalysis_ECMWF
Bhubaneswar,2023-06-13T06:00,2023,27.2,90,20.5,17.0,31.2,995.1,25.4,ERA5_Reanalysis_ECMWF
Bhubaneswar,2023-06-13T07:00,2023,27.6,89,16.6,100.0,32.4,995.5,25.7,ERA5_Reanalysis_ECMWF
Bhubaneswar,2023-06-13T08:00,2023,29.9,84,8.6,327.0,36.6,995.9,26.8,ERA5_Reanalysis_ECMWF
Bhubaneswar,2023-06-13T09:00,2023,32.2,77,12.8,508.0,38.9,996.1,27.6,ERA5_Reanalysis_ECMWF
Bhubaneswar,2023-06-13T10:00,2023,34.5,67,17.1,755.0,41.5,995.7,27.5,ERA5_Reanalysis_ECMWF
Bhubaneswar,2023-06-13T11:00,2023,35.1,64,17.7,745.0,41.9,994.9,27.4,ERA5_Reanalysis_ECMWF
Bhubaneswar,2023-06-13T12:00,2023,35.8,61,19.1,837.0,42.7,994.4,27.2,ERA5_Reanalysis_ECMWF
Bhubaneswar,2023-06-13T13:00,2023,35.9,60,19.3,765.0,42.3,993.3,27.0,ERA5_Reanalysis_ECMWF
Bhubaneswar,2023-06-13T14:00,2023,35.9,60,18.1,724.0,42.2,992.2,27.0,ERA5_Reanalysis_ECMWF
Bhubaneswar,2023-06-13T15:00,2023,35.3,62,17.6,567.0,40.7,991.8,26.8,ERA5_Reanalysis_ECMWF
Bhubaneswar,2023-06-13T16:00,2023,34.5,65,14.4,378.0,40.4,991.3,26.9,ERA5_Reanalysis_ECMWF
Bhubaneswar,2023-06-13T17:00,2023,34.2,66,15.4,186.0,40.0,992.0,27.0,ERA5_Reanalysis_ECMWF
Bhubaneswar,2023-06-13T18:00,2023,32.5,69,16.6,37.0,37.6,992.2,26.2,ERA5_Reanalysis_ECMWF
Bhubaneswar,2023-06-13T19:00,2023,31.8,70,17.9,0.0,36.2,993.1,25.6,ERA5_Reanalysis_ECMWF
Bhubaneswar,2023-06-13T20:00,2023,31.3,72,15.6,0.0,36.2,994.1,25.7,ERA5_Reanalysis_ECMWF
Bhubaneswar,2023-06-13T21:00,2023,31.1,74,14.0,0.0,36.4,994.7,26.0,ERA5_Reanalysis_ECMWF
Bhubaneswar,2023-06-13T22:00,2023,30.8,78,15.0,0.0,36.2,995.0,26.4,ERA5_Reanalysis_ECMWF
Bhubaneswar,2023-06-13T23:00,2023,30.8,79,14.6,0.0,36.5,995.0,26.7,ERA5_Reanalysis_ECMWF
Bhubaneswar,2023-06-14T00:00,2023,30.7,75,14.2,0.0,35.9,994.4,25.9,ERA5_Reanalysis_ECMWF
Bhubaneswar,2023-06-14T01:00,2023,30.2,77,13.0,0.0,35.5,994.1,25.8,ERA5_Reanalysis_ECMWF
Bhubaneswar,2023-06-14T02:00,2023,30.0,75,12.9,0.0,35.0,994.2,25.2,ERA5_Reanalysis_ECMWF
Bhubaneswar,2023-06-14T03:00,2023,30.4,64,14.7,0.0,33.6,993.6,22.9,ERA5_Reanalysis_ECMWF
Bhubaneswar,2023-06-14T04:00,2023,30.2,60,14.2,0.0,32.8,994.0,21.6,ERA5_Reanalysis_ECMWF
Bhubaneswar,2023-06-14T05:00,2023,28.8,86,5.2,4.0,35.6,994.6,26.3,ERA5_Reanalysis_ECMWF
Bhubaneswar,2023-06-14T06:00,2023,30.2,85,6.2,91.0,37.7,996.0,27.5,ERA5_Reanalysis_ECMWF
Bhubaneswar,2023-06-14T07:00,2023,31.7,79,11.3,230.0,38.6,996.0,27.6,ERA5_Reanalysis_ECMWF
Bhubaneswar,2023-06-14T08:00,2023,33.5,66,14.5,436.0,39.0,996.5,26.3,ERA5_Reanalysis_ECMWF
Bhubaneswar,2023-06-14T09:00,2023,34.8,61,15.8,588.0,40.2,997.0,26.3,ERA5_Reanalysis_ECMWF
Bhubaneswar,2023-06-14T10:00,2023,31.0,78,15.6,415.0,36.7,997.9,26.8,ERA5_Reanalysis_ECMWF
Bhubaneswar,2023-06-14T11:00,2023,30.3,78,16.8,201.0,35.2,997.1,26.0,ERA5_Reanalysis_ECMWF
Bhubaneswar,2023-06-14T12:00,2023,30.4,78,13.3,218.0,35.9,995.9,26.1,ERA5_Reanalysis_ECMWF
Bhubaneswar,2023-06-14T13:00,2023,32.9,69,13.3,588.0,38.8,994.9,26.5,ERA5_Reanalysis_ECMWF
Bhubaneswar,2023-06-14T14:00,2023,34.1,66,15.1,620.0,40.3,994.2,26.9,ERA5_Reanalysis_ECMWF
Bhubaneswar,2023-06-14T15:00,2023,34.4,65,17.2,461.0,39.8,994.1,26.8,ERA5_Reanalysis_ECMWF
Bhubaneswar,2023-06-14T16:00,2023,33.7,63,20.8,374.0,37.8,993.9,25.6,ERA5_Reanalysis_ECMWF
Bhubaneswar,2023-06-14T17:00,2023,35.6,61,13.0,183.0,41.6,993.9,26.8,ERA5_Reanalysis_ECMWF
Bhubaneswar,2023-06-14T18:00,2023,33.2,64,17.8,36.0,37.6,994.5,25.5,ERA5_Reanalysis_ECMWF
Bhubaneswar,2023-06-14T19:00,2023,32.2,66,18.1,0.0,36.4,995.1,25.2,ERA5_Reanalysis_ECMWF
Bhubaneswar,2023-06-14T20:00,2023,31.7,68,16.3,0.0,36.0,995.7,25.0,ERA5_Reanalysis_ECMWF
Bhubaneswar,2023-06-14T21:00,2023,31.5,67,16.2,0.0,35.5,996.0,24.6,ERA5_Reanalysis_ECMWF
Bhubaneswar,2023-06-14T22:00,2023,31.1,67,13.8,0.0,35.3,996.4,24.2,ERA5_Reanalysis_ECMWF
Bhubaneswar,2023-06-14T23:00,2023,30.7,66,11.6,0.0,34.8,996.1,23.6,ERA5_Reanalysis_ECMWF
Bhubaneswar,2023-06-15T00:00,2023,30.1,67,8.1,0.0,34.6,995.5,23.3,ERA5_Reanalysis_ECMWF
Bhubaneswar,2023-06-15T01:00,2023,29.8,68,7.3,0.0,34.3,995.1,23.2,ERA5_Reanalysis_ECMWF
Bhubaneswar,2023-06-15T02:00,2023,29.6,68,7.6,0.0,33.9,994.4,23.0,ERA5_Reanalysis_ECMWF
Bhubaneswar,2023-06-15T03:00,2023,29.6,68,8.6,0.0,33.7,994.5,22.9,ERA5_Reanalysis_ECMWF
Bhubaneswar,2023-06-15T04:00,2023,29.4,68,7.9,0.0,33.6,994.7,22.8,ERA5_Reanalysis_ECMWF
Bhubaneswar,2023-06-15T05:00,2023,29.1,75,6.4,4.0,34.5,995.3,24.3,ERA5_Reanalysis_ECMWF
Bhubaneswar,2023-06-15T06:00,2023,30.9,65,5.5,43.0,35.9,996.9,23.6,ERA5_Reanalysis_ECMWF
Bhubaneswar,2023-06-15T07:00,2023,29.6,73,10.8,110.0,34.2,996.9,24.3,ERA5_Reanalysis_ECMWF
Bhubaneswar,2023-06-15T08:00,2023,32.3,66,9.4,372.0,37.6,997.1,25.1,ERA5_Reanalysis_ECMWF
Bhubaneswar,2023-06-15T09:00,2023,33.3,65,17.6,466.0,37.9,997.1,25.7,ERA5_Reanalysis_ECMWF
Bhubaneswar,2023-06-15T10:00,2023,35.2,57,19.6,731.0,40.3,996.8,25.5,ERA5_Reanalysis_ECMWF
Bhubaneswar,2023-06-15T11:00,2023,36.1,54,20.8,879.0,41.5,996.6,25.2,ERA5_Reanalysis_ECMWF
Bhubaneswar,2023-06-15T12:00,2023,36.9,49,22.9,869.0,41.4,996.2,24.5,ERA5_Reanalysis_ECMWF
Bhubaneswar,2023-06-15T13:00,2023,36.3,54,22.0,737.0,40.9,995.4,25.4,ERA5_Reanalysis_ECMWF
Bhubaneswar,2023-06-15T14:00,2023,37.0,53,16.8,716.0,42.6,994.3,25.8,ERA5_Reanalysis_ECMWF
Bhubaneswar,2023-06-15T15:00,2023,37.0,52,14.1,579.0,42.2,993.7,25.6,ERA5_Reanalysis_ECMWF
Bhubaneswar,2023-06-15T16:00,2023,35.8,59,13.9,376.0,41.5,993.5,26.6,ERA5_Reanalysis_ECMWF
Bhubaneswar,2023-06-15T17:00,2023,35.4,59,14.2,193.0,40.8,993.7,26.2,ERA5_Reanalysis_ECMWF
Bhubaneswar,2023-06-15T18:00,2023,33.3,67,15.6,36.0,38.5,993.7,26.2,ERA5_Reanalysis_ECMWF
Bhubaneswar,2023-06-15T19:00,2023,32.3,70,15.1,0.0,37.5,994.8,26.1,ERA5_Reanalysis_ECMWF
Bhubaneswar,2023-06-15T20:00,2023,31.5,74,13.4,0.0,37.2,995.8,26.4,ERA5_Reanalysis_ECMWF
Bhubaneswar,2023-06-15T21:00,2023,31.2,77,12.8,0.0,37.1,996.2,26.6,ERA5_Reanalysis_ECMWF
Bhubaneswar,2023-06-15T22:00,2023,31.0,78,12.6,0.0,37.0,996.2,26.7,ERA5_Reanalysis_ECMWF
Bhubaneswar,2023-06-15T23:00,2023,30.8,77,11.5,0.0,36.6,995.9,26.2,ERA5_Reanalysis_ECMWF
Bhubaneswar,2023-06-16T00:00,2023,30.4,76,10.9,0.0,35.9,995.4,25.6,ERA5_Reanalysis_ECMWF
Bhubaneswar,2023-06-16T01:00,2023,30.3,72,11.1,0.0,35.2,994.9,24.6,ERA5_Reanalysis_ECMWF
Bhubaneswar,2023-06-16T02:00,2023,30.4,67,10.0,0.0,34.8,994.6,23.6,ERA5_Reanalysis_ECMWF
Bhubaneswar,2023-06-16T03:00,2023,30.1,64,9.2,0.0,33.9,994.8,22.5,ERA5_Reanalysis_ECMWF
Bhubaneswar,2023-06-16T04:00,2023,29.5,64,7.5,0.0,33.3,995.1,21.9,ERA5_Reanalysis_ECMWF
Bhubaneswar,2023-06-16T05:00,2023,30.0,85,16.0,4.0,35.9,995.2,27.3,ERA5_Reanalysis_ECMWF
Bhubaneswar,2023-06-16T06:00,2023,30.2,73,11.8,48.0,35.0,995.7,24.8,ERA5_Reanalysis_ECMWF
Bhubaneswar,2023-06-16T07:00,2023,32.0,68,10.8,261.0,37.2,996.5,25.2,ERA5_Reanalysis_ECMWF
Bhubaneswar,2023-06-16T08:00,2023,34.1,61,11.5,478.0,39.5,996.7,25.6,ERA5_Reanalysis_ECMWF
Bhubaneswar,2023-06-16T09:00,2023,36.1,54,10.9,666.0,42.1,996.7,25.4,ERA5_Reanalysis_ECMWF
Bhubaneswar,2023-06-16T10:00,2023,37.7,48,10.4,802.0,44.2,996.1,24.9,ERA5_Reanalysis_ECMWF
Bhubaneswar,2023-06-16T11:00,2023,38.7,45,7.9,879.0,46.0,995.3,24.7,ERA5_Reanalysis_ECMWF
Bhubaneswar,2023-06-16T12:00,2023,39.4,43,8.0,908.0,46.9,994.4,24.7,ERA5_Reanalysis_ECMWF
Bhubaneswar,2023-06-16T13:00,2023,40.0,41,8.7,851.0,46.6,993.3,24.2,ERA5_Reanalysis_ECMWF
Bhubaneswar,2023-06-16T14:00,2023,39.9,40,11.2,756.0,45.5,992.7,23.9,ERA5_Reanalysis_ECMWF
Bhubaneswar,2023-06-16T15:00,2023,39.8,41,8.3,576.0,44.9,992.1,24.2,ERA5_Reanalysis_ECMWF
Bhubaneswar,2023-06-16T16:00,2023,39.4,42,6.1,366.0,44.6,992.3,24.2,ERA5_Reanalysis_ECMWF
Bhubaneswar,2023-06-16T17:00,2023,36.5,55,4.8,184.0,43.1,993.1,25.9,ERA5_Reanalysis_ECMWF
Bhubaneswar,2023-06-16T18:00,2023,35.0,56,16.1,35.0,39.2,993.5,24.8,ERA5_Reanalysis_ECMWF
Bhubaneswar,2023-06-16T19:00,2023,32.4,73,10.8,0.0,38.9,994.9,27.0,ERA5_Reanalysis_ECMWF
Bhubaneswar,2023-06-16T20:00,2023,31.8,79,12.0,0.0,38.7,995.7,27.7,ERA5_Reanalysis_ECMWF
Bhubaneswar,2023-06-16T21:00,2023,31.3,84,12.0,0.0,38.5,996.1,28.2,ERA5_Reanalysis_ECMWF
Bhubaneswar,2023-06-16T22:00,2023,30.9,85,11.5,0.0,38.1,996.3,28.1,ERA5_Reanalysis_ECMWF
Bhubaneswar,2023-06-16T23:00,2023,30.6,85,10.2,0.0,37.8,995.8,27.8,ERA5_Reanalysis_ECMWF
Bhubaneswar,2023-06-17T00:00,2023,30.3,86,12.1,0.0,37.1,995.4,27.7,ERA5_Reanalysis_ECMWF
Bhubaneswar,2023-06-17T01:00,2023,30.2,86,11.3,0.0,37.1,994.9,27.6,ERA5_Reanalysis_ECMWF
Bhubaneswar,2023-06-17T02:00,2023,30.0,87,12.7,0.0,36.7,995.0,27.6,ERA5_Reanalysis_ECMWF
Bhubaneswar,2023-06-17T03:00,2023,30.2,85,13.9,0.0,36.4,994.9,27.3,ERA5_Reanalysis_ECMWF
Bhubaneswar,2023-06-17T04:00,2023,30.2,81,10.8,0.0,36.4,995.2,26.5,ERA5_Reanalysis_ECMWF
Bhubaneswar,2023-06-17T05:00,2023,30.7,70,4.4,4.0,36.5,995.8,24.5,ERA5_Reanalysis_ECMWF
Bhubaneswar,2023-06-17T06:00,2023,31.6,66,7.2,83.0,37.0,996.5,24.6,ERA5_Reanalysis_ECMWF
Bhubaneswar,2023-06-17T07:00,2023,33.5,59,7.0,277.0,38.7,997.1,24.3,ERA5_Reanalysis_ECMWF
Bhubaneswar,2023-06-17T08:00,2023,35.0,55,9.3,480.0,40.0,997.4,24.5,ERA5_Reanalysis_ECMWF
Bhubaneswar,2023-06-17T09:00,2023,36.5,52,12.6,672.0,42.1,997.3,25.2,ERA5_Reanalysis_ECMWF
Bhubaneswar,2023-06-17T10:00,2023,37.9,46,15.0,795.0,43.2,997.4,24.3,ERA5_Reanalysis_ECMWF
Bhubaneswar,2023-06-17T11:00,2023,39.0,39,18.4,879.0,43.3,996.6,22.7,ERA5_Reanalysis_ECMWF
Bhubaneswar,2023-06-17T12:00,2023,38.9,40,19.5,899.0,43.1,995.9,22.9,ERA5_Reanalysis_ECMWF
Bhubaneswar,2023-06-17T13:00,2023,38.6,43,20.3,858.0,43.1,995.1,23.9,ERA5_Reanalysis_ECMWF
Bhubaneswar,2023-06-17T14:00,2023,37.8,46,20.8,754.0,41.9,994.7,24.2,ERA5_Reanalysis_ECMWF
Bhubaneswar,2023-06-17T15:00,2023,37.4,47,17.9,579.0,41.0,994.1,24.1,ERA5_Reanalysis_ECMWF
Bhubaneswar,2023-06-17T16:00,2023,36.5,49,15.5,388.0,40.2,994.2,24.0,ERA5_Reanalysis_ECMWF
Bhubaneswar,2023-06-17T17:00,2023,33.0,65,17.4,182.0,37.6,995.6,25.6,ERA5_Reanalysis_ECMWF
Bhubaneswar,2023-06-17T18:00,2023,31.5,75,14.0,36.0,37.3,996.5,26.6,ERA5_Reanalysis_ECMWF
Bhubaneswar,2023-06-17T19:00,2023,30.8,82,14.7,0.0,37.0,997.5,27.4,ERA5_Reanalysis_ECMWF
Bhubaneswar,2023-06-17T20:00,2023,30.3,87,13.4,0.0,37.0,997.9,27.8,ERA5_Reanalysis_ECMWF
Bhubaneswar,2023-06-17T21:00,2023,30.0,89,13.3,0.0,36.8,998.1,27.9,ERA5_Reanalysis_ECMWF
Bhubaneswar,2023-06-17T22:00,2023,29.7,90,12.7,0.0,36.6,998.2,27.9,ERA5_Reanalysis_ECMWF
Bhubaneswar,2023-06-17T23:00,2023,29.6,89,14.0,0.0,36.1,998.1,27.6,ERA5_Reanalysis_ECMWF
Bhubaneswar,2023-06-18T00:00,2023,29.4,89,14.4,0.0,35.7,997.5,27.4,ERA5_Reanalysis_ECMWF
Bhubaneswar,2023-06-18T01:00,2023,29.2,90,13.7,0.0,35.6,997.2,27.4,ERA5_Reanalysis_ECMWF
Bhubaneswar,2023-06-18T02:00,2023,29.1,90,12.0,0.0,35.7,997.1,27.3,ERA5_Reanalysis_ECMWF
Bhubaneswar,2023-06-18T03:00,2023,29.0,90,10.9,0.0,35.6,996.8,27.2,ERA5_Reanalysis_ECMWF
Bhubaneswar,2023-06-18T04:00,2023,28.8,92,11.2,0.0,35.5,997.0,27.3,ERA5_Reanalysis_ECMWF
Bhubaneswar,2023-06-18T05:00,2023,29.6,85,17.7,4.0,34.9,998.0,26.8,ERA5_Reanalysis_ECMWF
Bhubaneswar,2023-06-18T06:00,2023,30.3,80,15.5,61.0,35.7,998.5,26.5,ERA5_Reanalysis_ECMWF
Bhubaneswar,2023-06-18T07:00,2023,31.5,79,18.0,189.0,37.2,998.8,27.3,ERA5_Reanalysis_ECMWF
Bhubaneswar,2023-06-18T08:00,2023,33.1,70,21.1,358.0,38.0,998.1,26.8,ERA5_Reanalysis_ECMWF
Bhubaneswar,2023-06-18T09:00,2023,34.6,63,18.0,583.0,39.8,998.3,26.4,ERA5_Reanalysis_ECMWF
Bhubaneswar,2023-06-18T10:00,2023,35.9,61,17.6,771.0,42.6,997.8,27.2,ERA5_Reanalysis_ECMWF
Bhubaneswar,2023-06-18T11:00,2023,37.0,55,15.4,853.0,44.0,997.4,26.4,ERA5_Reanalysis_ECMWF
Bhubaneswar,2023-06-18T12:00,2023,38.0,50,11.7,877.0,45.2,996.2,25.7,ERA5_Reanalysis_ECMWF
Bhubaneswar,2023-06-18T13:00,2023,38.6,47,10.6,809.0,45.3,995.0,25.1,ERA5_Reanalysis_ECMWF
Bhubaneswar,2023-06-18T14:00,2023,38.7,45,9.6,687.0,44.6,993.7,24.7,ERA5_Reanalysis_ECMWF
Bhubaneswar,2023-06-18T15:00,2023,37.9,51,13.8,537.0,43.2,993.0,25.9,ERA5_Reanalysis_ECMWF
Bhubaneswar,2023-06-18T16:00,2023,35.2,62,19.8,374.0,40.3,993.3,26.9,ERA5_Reanalysis_ECMWF
Bhubaneswar,2023-06-18T17:00,2023,33.1,74,20.7,178.0,38.9,994.6,28.0,ERA5_Reanalysis_ECMWF
Bhubaneswar,2023-06-18T18:00,2023,31.4,83,20.1,40.0,37.3,995.9,28.1,ERA5_Reanalysis_ECMWF
Bhubaneswar,2023-06-18T19:00,2023,31.1,82,21.4,0.0,36.6,997.3,27.7,ERA5_Reanalysis_ECMWF
Bhubaneswar,2023-06-18T20:00,2023,30.9,83,20.9,0.0,36.4,997.9,27.7,ERA5_Reanalysis_ECMWF
Bhubaneswar,2023-06-18T21:00,2023,30.2,86,12.2,0.0,36.9,999.2,27.6,ERA5_Reanalysis_ECMWF
Bhubaneswar,2023-06-18T22:00,2023,28.8,89,24.5,0.0,33.2,998.5,26.9,ERA5_Reanalysis_ECMWF
Bhubaneswar,2023-06-18T23:00,2023,29.4,90,16.4,0.0,35.4,998.1,27.5,ERA5_Reanalysis_ECMWF
Bhubaneswar,2023-06-19T00:00,2023,29.4,92,17.7,0.0,35.6,997.7,27.9,ERA5_Reanalysis_ECMWF
Bhubaneswar,2023-06-19T01:00,2023,29.3,92,16.5,0.0,35.6,997.1,27.9,ERA5_Reanalysis_ECMWF
Bhubaneswar,2023-06-19T02:00,2023,29.1,92,15.0,0.0,35.5,996.7,27.7,ERA5_Reanalysis_ECMWF
Bhubaneswar,2023-06-19T03:00,2023,29.0,92,12.8,0.0,35.6,996.7,27.5,ERA5_Reanalysis_ECMWF
Bhubaneswar,2023-06-19T04:00,2023,29.0,91,12.4,0.0,35.5,996.8,27.4,ERA5_Reanalysis_ECMWF
Bhubaneswar,2023-06-19T05:00,2023,27.6,85,11.2,3.0,32.5,998.6,24.8,ERA5_Reanalysis_ECMWF
Bhubaneswar,2023-06-19T06:00,2023,28.1,84,7.8,51.0,33.7,998.3,25.1,ERA5_Reanalysis_ECMWF
Bhubaneswar,2023-06-19T07:00,2023,30.1,77,9.5,225.0,35.8,998.7,25.6,ERA5_Reanalysis_ECMWF
Bhubaneswar,2023-06-19T08:00,2023,32.3,68,15.5,422.0,37.2,999.2,25.7,ERA5_Reanalysis_ECMWF
Bhubaneswar,2023-06-19T09:00,2023,33.1,69,15.0,398.0,38.6,999.0,26.6,ERA5_Reanalysis_ECMWF
Bhubaneswar,2023-06-19T10:00,2023,34.5,65,15.9,711.0,41.0,997.8,26.9,ERA5_Reanalysis_ECMWF
Bhubaneswar,2023-06-19T11:00,2023,35.2,59,17.7,760.0,41.1,997.3,26.1,ERA5_Reanalysis_ECMWF
Bhubaneswar,2023-06-19T12:00,2023,35.5,57,17.1,668.0,40.7,996.4,25.6,ERA5_Reanalysis_ECMWF
Bhubaneswar,2023-06-19T13:00,2023,35.8,57,18.9,706.0,41.0,995.6,25.8,ERA5_Reanalysis_ECMWF
Bhubaneswar,2023-06-19T14:00,2023,35.2,58,19.9,618.0,39.7,995.0,25.6,ERA5_Reanalysis_ECMWF
Bhubaneswar,2023-06-19T15:00,2023,34.2,61,19.8,456.0,38.4,994.5,25.6,ERA5_Reanalysis_ECMWF
Bhubaneswar,2023-06-19T16:00,2023,33.4,64,18.5,333.0,37.9,993.9,25.8,ERA5_Reanalysis_ECMWF
Bhubaneswar,2023-06-19T17:00,2023,33.3,60,17.0,148.0,37.2,995.0,24.5,ERA5_Reanalysis_ECMWF
Bhubaneswar,2023-06-19T18:00,2023,31.4,70,18.1,26.0,35.6,995.8,25.3,ERA5_Reanalysis_ECMWF
Bhubaneswar,2023-06-19T19:00,2023,30.1,84,16.3,0.0,35.9,996.6,27.1,ERA5_Reanalysis_ECMWF
Bhubaneswar,2023-06-19T20:00,2023,29.9,87,14.8,0.0,36.1,997.3,27.5,ERA5_Reanalysis_ECMWF
Bhubaneswar,2023-06-19T21:00,2023,29.7,88,15.1,0.0,35.8,997.7,27.4,ERA5_Reanalysis_ECMWF
Bhubaneswar,2023-06-19T22:00,2023,29.8,88,16.6,0.0,35.8,997.9,27.6,ERA5_Reanalysis_ECMWF
Bhubaneswar,2023-06-19T23:00,2023,29.7,87,17.4,0.0,35.5,997.5,27.4,ERA5_Reanalysis_ECMWF
Bhubaneswar,2023-06-20T00:00,2023,29.6,86,17.4,0.0,35.1,997.0,27.0,ERA5_Reanalysis_ECMWF
Bhubaneswar,2023-06-20T01:00,2023,29.5,87,16.9,0.0,35.1,996.8,27.0,ERA5_Reanalysis_ECMWF
Bhubaneswar,2023-06-20T02:00,2023,29.4,87,16.1,0.0,35.1,996.5,27.0,ERA5_Reanalysis_ECMWF
Bhubaneswar,2023-06-20T03:00,2023,29.1,88,13.8,0.0,35.1,996.4,26.9,ERA5_Reanalysis_ECMWF
Bhubaneswar,2023-06-20T04:00,2023,29.1,87,13.8,0.0,35.0,996.4,26.8,ERA5_Reanalysis_ECMWF
Bhubaneswar,2023-06-20T05:00,2023,29.1,87,9.1,4.0,35.7,997.3,26.8,ERA5_Reanalysis_ECMWF
Bhubaneswar,2023-06-20T06:00,2023,30.2,82,17.6,83.0,35.6,997.9,26.8,ERA5_Reanalysis_ECMWF
Bhubaneswar,2023-06-20T07:00,2023,31.0,72,15.6,229.0,35.6,999.2,25.3,ERA5_Reanalysis_ECMWF
Bhubaneswar,2023-06-20T08:00,2023,32.4,71,16.1,334.0,37.8,998.5,26.5,ERA5_Reanalysis_ECMWF
Bhubaneswar,2023-06-20T09:00,2023,32.4,69,15.8,345.0,37.3,997.9,25.9,ERA5_Reanalysis_ECMWF
Bhubaneswar,2023-06-20T10:00,2023,33.9,64,14.2,622.0,39.7,997.4,26.2,ERA5_Reanalysis_ECMWF
Bhubaneswar,2023-06-20T11:00,2023,35.2,60,15.1,799.0,41.7,996.7,26.1,ERA5_Reanalysis_ECMWF
Bhubaneswar,2023-06-20T12:00,2023,36.1,55,17.2,902.0,42.5,996.1,25.5,ERA5_Reanalysis_ECMWF
Bhubaneswar,2023-06-20T13:00,2023,36.0,54,19.4,847.0,41.5,995.2,25.2,ERA5_Reanalysis_ECMWF
Bhubaneswar,2023-06-20T14:00,2023,35.6,55,21.6,736.0,40.1,994.3,25.2,ERA5_Reanalysis_ECMWF
Bhubaneswar,2023-06-20T15:00,2023,34.4,60,23.2,563.0,38.1,993.8,25.4,ERA5_Reanalysis_ECMWF
Bhubaneswar,2023-06-20T16:00,2023,33.5,63,24.3,358.0,37.0,994.1,25.5,ERA5_Reanalysis_ECMWF
Bhubaneswar,2023-06-20T17:00,2023,32.5,70,20.6,168.0,37.0,995.1,26.3,ERA5_Reanalysis_ECMWF
Bhubaneswar,2023-06-20T18:00,2023,31.5,74,16.7,39.0,36.7,996.2,26.4,ERA5_Reanalysis_ECMWF
Bhubaneswar,2023-06-20T19:00,2023,30.8,79,15.9,0.0,36.4,996.8,26.7,ERA5_Reanalysis_ECMWF
Bhubaneswar,2023-06-20T20:00,2023,30.4,81,18.0,0.0,35.7,997.5,26.8,ERA5_Reanalysis_ECMWF
Bhubaneswar,2023-06-20T21:00,2023,30.1,83,18.5,0.0,35.4,997.9,26.9,ERA5_Reanalysis_ECMWF
Bhubaneswar,2023-06-20T22:00,2023,29.8,85,17.6,0.0,35.3,998.1,27.0,ERA5_Reanalysis_ECMWF
Bhubaneswar,2023-06-20T23:00,2023,29.6,86,17.2,0.0,35.2,998.1,27.0,ERA5_Reanalysis_ECMWF
Bhubaneswar,2023-06-21T00:00,2023,29.4,86,17.1,0.0,34.9,997.3,26.8,ERA5_Reanalysis_ECMWF
Bhubaneswar,2023-06-21T01:00,2023,29.2,87,17.0,0.0,34.7,996.9,26.8,ERA5_Reanalysis_ECMWF
Bhubaneswar,2023-06-21T02:00,2023,29.0,87,15.8,0.0,34.6,996.5,26.7,ERA5_Reanalysis_ECMWF
Bhubaneswar,2023-06-21T03:00,2023,28.9,87,14.2,0.0,34.6,996.0,26.6,ERA5_Reanalysis_ECMWF
Bhubaneswar,2023-06-21T04:00,2023,28.7,88,12.9,0.0,34.6,996.0,26.6,ERA5_Reanalysis_ECMWF
Bhubaneswar,2023-06-21T05:00,2023,28.8,90,9.1,4.0,35.5,997.1,26.9,ERA5_Reanalysis_ECMWF
Bhubaneswar,2023-06-21T06:00,2023,30.2,83,16.5,88.0,35.8,997.3,26.9,ERA5_Reanalysis_ECMWF
Bhubaneswar,2023-06-21T07:00,2023,31.7,75,16.7,261.0,37.2,997.8,26.7,ERA5_Reanalysis_ECMWF
Bhubaneswar,2023-06-21T08:00,2023,33.2,68,16.6,438.0,38.5,998.2,26.4,ERA5_Reanalysis_ECMWF
Bhubaneswar,2023-06-21T09:00,2023,34.4,62,17.0,565.0,39.4,998.2,26.1,ERA5_Reanalysis_ECMWF
Bhubaneswar,2023-06-21T10:00,2023,34.8,61,16.8,688.0,40.4,998.1,26.1,ERA5_Reanalysis_ECMWF
Bhubaneswar,2023-06-21T11:00,2023,35.2,58,17.5,677.0,40.5,997.1,25.7,ERA5_Reanalysis_ECMWF
Bhubaneswar,2023-06-21T12:00,2023,34.4,64,21.0,667.0,39.7,996.3,26.6,ERA5_Reanalysis_ECMWF
Bhubaneswar,2023-06-21T13:00,2023,35.0,60,21.0,573.0,39.4,995.3,26.0,ERA5_Reanalysis_ECMWF
Bhubaneswar,2023-06-21T14:00,2023,35.1,59,22.5,581.0,39.2,995.0,25.8,ERA5_Reanalysis_ECMWF
Bhubaneswar,2023-06-21T15:00,2023,32.9,67,20.2,457.0,37.2,995.3,25.8,ERA5_Reanalysis_ECMWF
Bhubaneswar,2023-06-21T16:00,2023,32.9,64,21.9,266.0,36.5,995.5,25.2,ERA5_Reanalysis_ECMWF
Bhubaneswar,2023-06-21T17:00,2023,32.1,69,19.1,153.0,36.4,995.7,25.7,ERA5_Reanalysis_ECMWF
Bhubaneswar,2023-06-21T18:00,2023,30.8,76,16.2,37.0,35.9,996.5,26.2,ERA5_Reanalysis_ECMWF
Bhubaneswar,2023-06-21T19:00,2023,30.5,79,14.0,0.0,36.1,998.3,26.4,ERA5_Reanalysis_ECMWF
Bhubaneswar,2023-06-21T20:00,2023,30.2,80,13.8,0.0,35.8,998.5,26.3,ERA5_Reanalysis_ECMWF
Bhubaneswar,2023-06-21T21:00,2023,29.9,80,14.4,0.0,35.3,997.9,26.1,ERA5_Reanalysis_ECMWF
Bhubaneswar,2023-06-21T22:00,2023,29.8,81,13.6,0.0,35.3,998.1,26.2,ERA5_Reanalysis_ECMWF
Bhubaneswar,2023-06-21T23:00,2023,29.4,84,11.0,0.0,35.5,997.6,26.5,ERA5_Reanalysis_ECMWF
Bhubaneswar,2023-06-22T00:00,2023,29.1,87,10.5,0.0,35.5,997.0,26.8,ERA5_Reanalysis_ECMWF
Bhubaneswar,2023-06-22T01:00,2023,28.8,89,8.9,0.0,35.5,996.5,26.9,ERA5_Reanalysis_ECMWF
Bhubaneswar,2023-06-22T02:00,2023,28.7,90,9.3,0.0,35.3,996.2,26.9,ERA5_Reanalysis_ECMWF
Bhubaneswar,2023-06-22T03:00,2023,28.6,91,8.7,0.0,35.4,995.7,27.0,ERA5_Reanalysis_ECMWF
Bhubaneswar,2023-06-22T04:00,2023,28.5,91,10.1,0.0,35.0,995.6,26.9,ERA5_Reanalysis_ECMWF
Bhubaneswar,2023-06-22T05:00,2023,29.7,87,6.8,3.0,37.1,996.5,27.4,ERA5_Reanalysis_ECMWF
Bhubaneswar,2023-06-22T06:00,2023,30.9,82,11.2,76.0,37.7,996.7,27.4,ERA5_Reanalysis_ECMWF
Bhubaneswar,2023-06-22T07:00,2023,31.9,77,14.6,233.0,38.1,996.9,27.3,ERA5_Reanalysis_ECMWF
Bhubaneswar,2023-06-22T08:00,2023,33.1,71,11.8,379.0,39.7,998.1,27.3,ERA5_Reanalysis_ECMWF
Bhubaneswar,2023-06-22T09:00,2023,33.2,72,7.6,430.0,40.5,998.2,27.5,ERA5_Reanalysis_ECMWF
Bhubaneswar,2023-06-22T10:00,2023,33.7,69,2.9,549.0,41.5,998.0,27.2,ERA5_Reanalysis_ECMWF
Bhubaneswar,2023-06-22T11:00,2023,31.6,78,10.7,488.0,38.2,996.9,27.2,ERA5_Reanalysis_ECMWF
Bhubaneswar,2023-06-22T12:00,2023,29.1,91,7.9,250.0,36.4,996.8,27.4,ERA5_Reanalysis_ECMWF
Bhubaneswar,2023-06-22T13:00,2023,29.3,87,10.8,223.0,35.7,995.6,27.0,ERA5_Reanalysis_ECMWF
Bhubaneswar,2023-06-22T14:00,2023,30.3,81,7.9,366.0,37.0,995.7,26.7,ERA5_Reanalysis_ECMWF
Bhubaneswar,2023-06-22T15:00,2023,29.0,81,17.3,330.0,33.5,995.9,25.5,ERA5_Reanalysis_ECMWF
Bhubaneswar,2023-06-22T16:00,2023,26.3,95,14.2,92.0,31.2,996.5,25.5,ERA5_Reanalysis_ECMWF
Bhubaneswar,2023-06-22T17:00,2023,28.4,82,16.9,34.0,32.7,996.9,25.0,ERA5_Reanalysis_ECMWF
Bhubaneswar,2023-06-22T18:00,2023,28.0,84,13.0,9.0,32.8,997.2,25.0,ERA5_Reanalysis_ECMWF
Bhubaneswar,2023-06-22T19:00,2023,27.8,85,11.5,0.0,32.8,997.6,25.1,ERA5_Reanalysis_ECMWF
Bhubaneswar,2023-06-22T20:00,2023,27.5,86,10.8,0.0,32.7,997.8,25.0,ERA5_Reanalysis_ECMWF
Bhubaneswar,2023-06-22T21:00,2023,27.8,84,8.2,0.0,33.1,998.2,24.8,ERA5_Reanalysis_ECMWF
Bhubaneswar,2023-06-22T22:00,2023,27.7,85,7.0,0.0,33.3,997.9,25.0,ERA5_Reanalysis_ECMWF
Bhubaneswar,2023-06-22T23:00,2023,27.3,87,7.3,0.0,32.9,997.3,25.0,ERA5_Reanalysis_ECMWF
Bhubaneswar,2023-06-23T00:00,2023,26.9,87,5.6,0.0,32.5,996.1,24.6,ERA5_Reanalysis_ECMWF
Bhubaneswar,2023-06-23T01:00,2023,26.5,88,3.6,0.0,32.2,995.9,24.4,ERA5_Reanalysis_ECMWF
Bhubaneswar,2023-06-23T02:00,2023,26.4,89,4.0,0.0,32.1,996.4,24.4,ERA5_Reanalysis_ECMWF
Bhubaneswar,2023-06-23T03:00,2023,26.2,90,2.5,0.0,32.2,996.3,24.4,ERA5_Reanalysis_ECMWF
Bhubaneswar,2023-06-23T04:00,2023,25.8,93,6.2,0.0,31.3,997.0,24.6,ERA5_Reanalysis_ECMWF
Bhubaneswar,2023-06-23T05:00,2023,27.1,96,4.8,3.0,34.0,997.1,26.3,ERA5_Reanalysis_ECMWF
Bhubaneswar,2023-06-23T06:00,2023,27.8,86,13.0,87.0,32.7,998.0,25.1,ERA5_Reanalysis_ECMWF
Bhubaneswar,2023-06-23T07:00,2023,28.2,85,8.9,200.0,33.8,998.3,25.4,ERA5_Reanalysis_ECMWF
Bhubaneswar,2023-06-23T08:00,2023,29.3,79,11.6,338.0,34.5,998.4,25.2,ERA5_Reanalysis_ECMWF
Bhubaneswar,2023-06-23T09:00,2023,30.7,73,8.3,445.0,36.3,998.3,25.3,ERA5_Reanalysis_ECMWF
Bhubaneswar,2023-06-23T10:00,2023,31.8,67,6.6,481.0,37.5,998.3,25.0,ERA5_Reanalysis_ECMWF
Bhubaneswar,2023-06-23T11:00,2023,33.0,65,7.4,725.0,40.0,997.6,25.5,ERA5_Reanalysis_ECMWF
Bhubaneswar,2023-06-23T12:00,2023,34.0,62,9.4,818.0,41.3,996.5,25.6,ERA5_Reanalysis_ECMWF
Bhubaneswar,2023-06-23T13:00,2023,34.6,59,7.4,804.0,42.0,995.4,25.4,ERA5_Reanalysis_ECMWF
Bhubaneswar,2023-06-23T14:00,2023,32.8,62,15.7,700.0,37.6,994.7,24.4,ERA5_Reanalysis_ECMWF
Bhubaneswar,2023-06-23T15:00,2023,30.5,75,19.4,361.0,34.7,994.4,25.5,ERA5_Reanalysis_ECMWF
Bhubaneswar,2023-06-23T16:00,2023,28.8,80,17.7,314.0,32.9,994.5,25.1,ERA5_Reanalysis_ECMWF
Bhubaneswar,2023-06-23T17:00,2023,29.4,75,8.7,120.0,34.5,995.4,24.4,ERA5_Reanalysis_ECMWF
Bhubaneswar,2023-06-23T18:00,2023,28.0,86,7.3,11.0,34.0,995.6,25.5,ERA5_Reanalysis_ECMWF
Bhubaneswar,2023-06-23T19:00,2023,27.7,92,7.9,0.0,34.1,995.6,26.2,ERA5_Reanalysis_ECMWF
Bhubaneswar,2023-06-23T20:00,2023,27.5,92,9.0,0.0,33.5,996.3,26.0,ERA5_Reanalysis_ECMWF
Bhubaneswar,2023-06-23T21:00,2023,27.1,92,6.9,0.0,33.2,997.2,25.6,ERA5_Reanalysis_ECMWF
Bhubaneswar,2023-06-23T22:00,2023,26.8,93,6.1,0.0,33.0,997.1,25.5,ERA5_Reanalysis_ECMWF
Bhubaneswar,2023-06-23T23:00,2023,26.8,92,8.5,0.0,32.5,996.7,25.4,ERA5_Reanalysis_ECMWF
Bhubaneswar,2023-06-24T00:00,2023,26.7,92,8.7,0.0,32.3,996.5,25.3,ERA5_Reanalysis_ECMWF
Bhubaneswar,2023-06-24T01:00,2023,26.6,93,6.6,0.0,32.5,995.7,25.3,ERA5_Reanalysis_ECMWF
Bhubaneswar,2023-06-24T02:00,2023,26.6,93,7.8,0.0,32.3,995.4,25.3,ERA5_Reanalysis_ECMWF
Bhubaneswar,2023-06-24T03:00,2023,26.3,95,10.9,0.0,31.7,995.8,25.4,ERA5_Reanalysis_ECMWF
Bhubaneswar,2023-06-24T04:00,2023,26.0,96,8.9,0.0,31.6,995.9,25.3,ERA5_Reanalysis_ECMWF
Bhubaneswar,2023-06-24T05:00,2023,26.4,95,8.7,2.0,32.2,996.2,25.5,ERA5_Reanalysis_ECMWF
Bhubaneswar,2023-06-24T06:00,2023,26.7,94,6.6,53.0,32.9,996.0,25.7,ERA5_Reanalysis_ECMWF
Bhubaneswar,2023-06-24T07:00,2023,27.5,91,7.4,145.0,33.6,996.4,25.8,ERA5_Reanalysis_ECMWF
Bhubaneswar,2023-06-24T08:00,2023,28.6,86,8.7,273.0,34.7,996.9,26.0,ERA5_Reanalysis_ECMWF
Bhubaneswar,2023-06-24T09:00,2023,29.6,81,9.8,393.0,35.6,997.3,26.1,ERA5_Reanalysis_ECMWF
Bhubaneswar,2023-06-24T10:00,2023,30.5,76,10.4,468.0,36.1,996.8,25.7,ERA5_Reanalysis_ECMWF
Bhubaneswar,2023-06-24T11:00,2023,30.5,77,9.0,414.0,36.7,996.2,26.1,ERA5_Reanalysis_ECMWF
Bhubaneswar,2023-06-24T12:00,2023,28.1,83,14.4,387.0,32.6,996.0,24.9,ERA5_Reanalysis_ECMWF
Bhubaneswar,2023-06-24T13:00,2023,29.1,82,8.5,315.0,34.9,994.8,25.6,ERA5_Reanalysis_ECMWF
Bhubaneswar,2023-06-24T14:00,2023,29.7,80,11.3,358.0,35.4,994.7,25.9,ERA5_Reanalysis_ECMWF
Bhubaneswar,2023-06-24T15:00,2023,27.4,88,14.5,247.0,32.1,994.5,25.3,ERA5_Reanalysis_ECMWF
Bhubaneswar,2023-06-24T16:00,2023,27.4,90,9.7,81.0,33.0,993.8,25.6,ERA5_Reanalysis_ECMWF
Bhubaneswar,2023-06-24T17:00,2023,27.7,90,10.4,63.0,33.5,994.1,25.9,ERA5_Reanalysis_ECMWF
Bhubaneswar,2023-06-24T18:00,2023,27.3,93,6.8,10.0,33.8,994.3,26.1,ERA5_Reanalysis_ECMWF
Bhubaneswar,2023-06-24T19:00,2023,27.1,95,5.9,0.0,33.7,994.8,26.1,ERA5_Reanalysis_ECMWF
Bhubaneswar,2023-06-24T20:00,2023,27.0,95,5.6,0.0,33.6,995.4,26.2,ERA5_Reanalysis_ECMWF
Bhubaneswar,2023-06-24T21:00,2023,27.0,96,6.0,0.0,33.6,995.9,26.2,ERA5_Reanalysis_ECMWF
Bhubaneswar,2023-06-24T22:00,2023,26.9,96,7.6,0.0,33.3,996.0,26.2,ERA5_Reanalysis_ECMWF
Bhubaneswar,2023-06-24T23:00,2023,26.7,96,7.7,0.0,33.0,995.6,26.0,ERA5_Reanalysis_ECMWF
Bhubaneswar,2023-06-25T00:00,2023,25.8,97,9.1,0.0,31.4,995.7,25.3,ERA5_Reanalysis_ECMWF
Bhubaneswar,2023-06-25T01:00,2023,25.7,97,8.8,0.0,31.3,994.5,25.2,ERA5_Reanalysis_ECMWF
Bhubaneswar,2023-06-25T02:00,2023,25.8,96,8.4,0.0,31.4,994.2,25.2,ERA5_Reanalysis_ECMWF
Bhubaneswar,2023-06-25T03:00,2023,25.5,95,10.5,0.0,30.4,994.3,24.7,ERA5_Reanalysis_ECMWF
Bhubaneswar,2023-06-25T04:00,2023,25.4,96,8.4,0.0,30.7,994.3,24.7,ERA5_Reanalysis_ECMWF
Bhubaneswar,2023-06-25T05:00,2023,25.8,95,3.3,1.0,32.0,994.9,24.9,ERA5_Reanalysis_ECMWF
Bhubaneswar,2023-06-25T06:00,2023,26.2,94,2.8,25.0,32.6,994.8,25.2,ERA5_Reanalysis_ECMWF
Bhubaneswar,2023-06-25T07:00,2023,26.5,92,12.3,49.0,31.5,995.4,25.1,ERA5_Reanalysis_ECMWF
Bhubaneswar,2023-06-25T08:00,2023,25.9,95,12.4,56.0,30.8,995.7,25.0,ERA5_Reanalysis_ECMWF
Bhubaneswar,2023-06-25T09:00,2023,26.3,93,11.2,90.0,31.4,995.8,25.0,ERA5_Reanalysis_ECMWF
Bhubaneswar,2023-06-25T10:00,2023,27.0,92,10.2,192.0,32.5,995.7,25.5,ERA5_Reanalysis_ECMWF
Bhubaneswar,2023-06-25T11:00,2023,27.0,90,10.8,126.0,32.3,995.3,25.3,ERA5_Reanalysis_ECMWF
Bhubaneswar,2023-06-25T12:00,2023,27.1,90,9.7,129.0,32.6,994.5,25.3,ERA5_Reanalysis_ECMWF
Bhubaneswar,2023-06-25T13:00,2023,27.1,91,10.8,170.0,32.5,993.7,25.5,ERA5_Reanalysis_ECMWF
Bhubaneswar,2023-06-25T14:00,2023,26.9,93,13.0,143.0,32.2,992.6,25.7,ERA5_Reanalysis_ECMWF
Bhubaneswar,2023-06-25T15:00,2023,27.8,86,14.3,220.0,32.5,992.3,25.2,ERA5_Reanalysis_ECMWF
Bhubaneswar,2023-06-25T16:00,2023,27.0,93,10.6,63.0,32.8,992.6,25.9,ERA5_Reanalysis_ECMWF
Bhubaneswar,2023-06-25T17:00,2023,27.4,89,8.6,60.0,33.1,994.1,25.4,ERA5_Reanalysis_ECMWF
Bhubaneswar,2023-06-25T18:00,2023,26.5,92,11.0,25.0,31.6,994.7,25.0,ERA5_Reanalysis_ECMWF
Bhubaneswar,2023-06-25T19:00,2023,25.4,94,13.1,0.0,29.8,995.7,24.4,ERA5_Reanalysis_ECMWF
Bhubaneswar,2023-06-25T20:00,2023,25.3,93,9.5,0.0,30.0,995.9,24.1,ERA5_Reanalysis_ECMWF
Bhubaneswar,2023-06-25T21:00,2023,25.2,94,9.7,0.0,30.0,996.2,24.2,ERA5_Reanalysis_ECMWF
Bhubaneswar,2023-06-25T22:00,2023,25.4,94,10.5,0.0,30.2,996.1,24.4,ERA5_Reanalysis_ECMWF
Bhubaneswar,2023-06-25T23:00,2023,25.6,94,7.9,0.0,30.8,995.9,24.5,ERA5_Reanalysis_ECMWF
Bhubaneswar,2023-06-26T00:00,2023,25.5,95,6.0,0.0,31.2,995.3,24.7,ERA5_Reanalysis_ECMWF
Bhubaneswar,2023-06-26T01:00,2023,25.5,97,5.6,0.0,31.3,994.6,24.9,ERA5_Reanalysis_ECMWF
Bhubaneswar,2023-06-26T02:00,2023,25.4,96,7.5,0.0,30.8,994.4,24.7,ERA5_Reanalysis_ECMWF
Bhubaneswar,2023-06-26T03:00,2023,25.3,95,10.7,0.0,30.1,994.5,24.5,ERA5_Reanalysis_ECMWF
Bhubaneswar,2023-06-26T04:00,2023,25.2,95,12.0,0.0,29.7,994.3,24.3,ERA5_Reanalysis_ECMWF
Bhubaneswar,2023-06-26T05:00,2023,26.5,94,6.9,1.0,32.4,994.8,25.4,ERA5_Reanalysis_ECMWF
Bhubaneswar,2023-06-26T06:00,2023,27.2,93,4.9,50.0,33.7,995.3,25.9,ERA5_Reanalysis_ECMWF
Bhubaneswar,2023-06-26T07:00,2023,27.7,93,7.5,105.0,34.3,995.3,26.5,ERA5_Reanalysis_ECMWF
Bhubaneswar,2023-06-26T08:00,2023,27.9,86,16.1,132.0,32.5,995.5,25.3,ERA5_Reanalysis_ECMWF
Bhubaneswar,2023-06-26T09:00,2023,29.0,86,12.1,222.0,34.9,995.5,26.4,ERA5_Reanalysis_ECMWF
Bhubaneswar,2023-06-26T10:00,2023,31.0,75,17.1,592.0,36.2,995.6,26.1,ERA5_Reanalysis_ECMWF
Bhubaneswar,2023-06-26T11:00,2023,30.4,75,16.5,590.0,35.2,994.9,25.4,ERA5_Reanalysis_ECMWF
Bhubaneswar,2023-06-26T12:00,2023,30.0,77,17.2,254.0,34.5,994.2,25.5,ERA5_Reanalysis_ECMWF
Bhubaneswar,2023-06-26T13:00,2023,31.1,72,18.2,464.0,35.3,993.1,25.3,ERA5_Reanalysis_ECMWF
Bhubaneswar,2023-06-26T14:00,2023,31.6,69,18.7,566.0,35.8,992.7,25.2,ERA5_Reanalysis_ECMWF
Bhubaneswar,2023-06-26T15:00,2023,30.5,72,16.9,190.0,34.7,992.6,25.0,ERA5_Reanalysis_ECMWF
Bhubaneswar,2023-06-26T16:00,2023,29.6,77,16.6,76.0,34.0,992.5,25.2,ERA5_Reanalysis_ECMWF
Bhubaneswar,2023-06-26T17:00,2023,27.5,88,8.9,55.0,33.0,994.2,25.2,ERA5_Reanalysis_ECMWF
Bhubaneswar,2023-06-26T18:00,2023,27.6,90,7.5,27.0,33.7,994.0,25.8,ERA5_Reanalysis_ECMWF
Bhubaneswar,2023-06-26T19:00,2023,26.6,93,6.4,0.0,32.6,995.3,25.3,ERA5_Reanalysis_ECMWF
Bhubaneswar,2023-06-26T20:00,2023,27.0,94,10.3,0.0,32.8,995.4,25.9,ERA5_Reanalysis_ECMWF
Bhubaneswar,2023-06-26T21:00,2023,27.1,94,10.8,0.0,33.0,995.5,26.1,ERA5_Reanalysis_ECMWF
Bhubaneswar,2023-06-26T22:00,2023,27.2,94,10.6,0.0,33.2,995.7,26.2,ERA5_Reanalysis_ECMWF
Bhubaneswar,2023-06-26T23:00,2023,27.1,93,11.8,0.0,32.8,995.2,26.0,ERA5_Reanalysis_ECMWF
Bhubaneswar,2023-06-27T00:00,2023,26.8,91,13.1,0.0,31.7,994.6,25.2,ERA5_Reanalysis_ECMWF
Bhubaneswar,2023-06-27T01:00,2023,26.6,89,11.3,0.0,31.4,993.7,24.7,ERA5_Reanalysis_ECMWF
Bhubaneswar,2023-06-27T02:00,2023,26.4,90,10.5,0.0,31.3,993.6,24.6,ERA5_Reanalysis_ECMWF
Bhubaneswar,2023-06-27T03:00,2023,26.3,93,10.3,0.0,31.5,993.6,25.0,ERA5_Reanalysis_ECMWF
Bhubaneswar,2023-06-27T04:00,2023,26.5,94,11.8,0.0,31.7,993.5,25.4,ERA5_Reanalysis_ECMWF
Bhubaneswar,2023-06-27T05:00,2023,27.5,89,13.9,3.0,32.5,994.1,25.5,ERA5_Reanalysis_ECMWF
Bhubaneswar,2023-06-27T06:00,2023,28.5,82,15.8,65.0,32.9,994.6,25.1,ERA5_Reanalysis_ECMWF
Bhubaneswar,2023-06-27T07:00,2023,29.7,78,15.2,196.0,34.5,995.0,25.5,ERA5_Reanalysis_ECMWF
Bhubaneswar,2023-06-27T08:00,2023,31.0,71,19.0,393.0,35.1,995.5,25.2,ERA5_Reanalysis_ECMWF
Bhubaneswar,2023-06-27T09:00,2023,31.0,67,26.1,508.0,33.4,995.7,24.2,ERA5_Reanalysis_ECMWF
Bhubaneswar,2023-06-27T10:00,2023,31.1,66,28.7,559.0,33.0,995.9,24.0,ERA5_Reanalysis_ECMWF
Bhubaneswar,2023-06-27T11:00,2023,31.0,72,25.8,715.0,34.9,995.5,25.3,ERA5_Reanalysis_ECMWF
Bhubaneswar,2023-06-27T12:00,2023,31.8,65,25.9,701.0,35.0,994.9,24.4,ERA5_Reanalysis_ECMWF
Bhubaneswar,2023-06-27T13:00,2023,31.1,69,24.8,510.0,34.0,994.1,24.7,ERA5_Reanalysis_ECMWF
Bhubaneswar,2023-06-27T14:00,2023,31.7,66,26.3,571.0,34.3,993.4,24.6,ERA5_Reanalysis_ECMWF
Bhubaneswar,2023-06-27T15:00,2023,30.6,74,23.1,547.0,34.2,993.3,25.5,ERA5_Reanalysis_ECMWF
Bhubaneswar,2023-06-27T16:00,2023,30.3,75,20.3,271.0,34.3,993.2,25.4,ERA5_Reanalysis_ECMWF
Bhubaneswar,2023-06-27T17:00,2023,29.6,74,13.9,186.0,34.0,995.0,24.6,ERA5_Reanalysis_ECMWF
Bhubaneswar,2023-06-27T18:00,2023,28.9,77,12.6,39.0,33.3,995.4,24.4,ERA5_Reanalysis_ECMWF
Bhubaneswar,2023-06-27T19:00,2023,28.6,81,14.1,0.0,33.2,996.0,25.0,ERA5_Reanalysis_ECMWF
Bhubaneswar,2023-06-27T20:00,2023,28.6,85,14.3,0.0,33.8,996.7,25.9,ERA5_Reanalysis_ECMWF
Bhubaneswar,2023-06-27T21:00,2023,28.5,87,13.9,0.0,33.9,997.0,26.2,ERA5_Reanalysis_ECMWF
Bhubaneswar,2023-06-27T22:00,2023,28.3,90,15.5,0.0,33.8,997.5,26.5,ERA5_Reanalysis_ECMWF
Bhubaneswar,2023-06-27T23:00,2023,28.3,89,17.0,0.0,33.4,997.3,26.3,ERA5_Reanalysis_ECMWF
Bhubaneswar,2023-06-28T00:00,2023,28.3,89,17.3,0.0,33.3,997.0,26.2,ERA5_Reanalysis_ECMWF
Bhubaneswar,2023-06-28T01:00,2023,28.3,88,17.8,0.0,33.1,996.3,26.1,ERA5_Reanalysis_ECMWF
Bhubaneswar,2023-06-28T02:00,2023,28.1,89,17.3,0.0,33.0,996.3,26.1,ERA5_Reanalysis_ECMWF
Bhubaneswar,2023-06-28T03:00,2023,28.0,89,16.1,0.0,33.0,996.4,26.0,ERA5_Reanalysis_ECMWF
Bhubaneswar,2023-06-28T04:00,2023,28.1,87,18.5,0.0,32.6,996.4,25.7,ERA5_Reanalysis_ECMWF
Bhubaneswar,2023-06-28T05:00,2023,27.8,90,17.9,3.0,32.5,997.6,26.0,ERA5_Reanalysis_ECMWF
Bhubaneswar,2023-06-28T06:00,2023,28.9,88,21.5,66.0,33.7,997.3,26.8,ERA5_Reanalysis_ECMWF
Bhubaneswar,2023-06-28T07:00,2023,29.3,83,24.7,180.0,33.2,998.5,26.2,ERA5_Reanalysis_ECMWF
Bhubaneswar,2023-06-28T08:00,2023,30.2,79,22.1,323.0,34.4,998.8,26.1,ERA5_Reanalysis_ECMWF
Bhubaneswar,2023-06-28T09:00,2023,30.4,79,24.5,486.0,34.5,999.1,26.4,ERA5_Reanalysis_ECMWF
Bhubaneswar,2023-06-28T10:00,2023,30.8,71,28.7,572.0,33.4,999.0,25.0,ERA5_Reanalysis_ECMWF
Bhubaneswar,2023-06-28T11:00,2023,31.7,70,26.9,565.0,34.9,998.4,25.6,ERA5_Reanalysis_ECMWF
Bhubaneswar,2023-06-28T12:00,2023,31.6,69,26.5,629.0,34.9,997.8,25.1,ERA5_Reanalysis_ECMWF
Bhubaneswar,2023-06-28T13:00,2023,31.5,70,23.9,540.0,35.0,996.9,25.5,ERA5_Reanalysis_ECMWF
Bhubaneswar,2023-06-28T14:00,2023,31.7,70,22.4,456.0,35.6,996.2,25.7,ERA5_Reanalysis_ECMWF
Bhubaneswar,2023-06-28T15:00,2023,31.0,73,20.8,320.0,35.1,996.0,25.7,ERA5_Reanalysis_ECMWF
Bhubaneswar,2023-06-28T16:00,2023,30.6,77,18.7,240.0,35.3,996.0,26.1,ERA5_Reanalysis_ECMWF
Bhubaneswar,2023-06-28T17:00,2023,28.7,86,10.2,121.0,34.8,996.8,26.2,ERA5_Reanalysis_ECMWF
Bhubaneswar,2023-06-28T18:00,2023,29.3,87,8.7,25.0,36.1,997.9,27.0,ERA5_Reanalysis_ECMWF
Bhubaneswar,2023-06-28T19:00,2023,28.2,88,18.9,0.0,32.9,998.6,26.1,ERA5_Reanalysis_ECMWF
Bhubaneswar,2023-06-28T20:00,2023,27.7,91,16.6,0.0,32.7,999.4,26.1,ERA5_Reanalysis_ECMWF
Bhubaneswar,2023-06-28T21:00,2023,28.1,91,15.0,0.0,33.6,1000.1,26.5,ERA5_Reanalysis_ECMWF
Bhubaneswar,2023-06-28T22:00,2023,28.3,91,14.9,0.0,34.0,1000.3,26.7,ERA5_Reanalysis_ECMWF
Bhubaneswar,2023-06-28T23:00,2023,28.4,89,16.4,0.0,33.6,999.9,26.3,ERA5_Reanalysis_ECMWF
Bhubaneswar,2023-06-29T00:00,2023,28.3,87,16.9,0.0,33.2,999.3,25.9,ERA5_Reanalysis_ECMWF
Bhubaneswar,2023-06-29T01:00,2023,28.3,86,18.7,0.0,32.8,998.5,25.8,ERA5_Reanalysis_ECMWF
Bhubaneswar,2023-06-29T02:00,2023,28.3,87,18.2,0.0,32.9,997.9,25.9,ERA5_Reanalysis_ECMWF
Bhubaneswar,2023-06-29T03:00,2023,28.2,88,17.7,0.0,33.0,998.0,26.0,ERA5_Reanalysis_ECMWF
Bhubaneswar,2023-06-29T04:00,2023,28.1,87,18.1,0.0,32.7,998.2,25.8,ERA5_Reanalysis_ECMWF
Bhubaneswar,2023-06-29T05:00,2023,28.1,88,13.9,3.0,33.4,999.0,26.0,ERA5_Reanalysis_ECMWF
Bhubaneswar,2023-06-29T06:00,2023,28.9,85,15.4,63.0,34.2,999.5,26.2,ERA5_Reanalysis_ECMWF
Bhubaneswar,2023-06-29T07:00,2023,30.0,82,15.8,156.0,35.6,999.9,26.7,ERA5_Reanalysis_ECMWF
Bhubaneswar,2023-06-29T08:00,2023,29.0,81,24.8,304.0,32.4,1000.6,25.5,ERA5_Reanalysis_ECMWF
Bhubaneswar,2023-06-29T09:00,2023,29.8,82,17.8,331.0,34.9,1000.6,26.4,ERA5_Reanalysis_ECMWF
Bhubaneswar,2023-06-29T10:00,2023,31.0,76,19.6,514.0,35.7,1000.0,26.3,ERA5_Reanalysis_ECMWF
Bhubaneswar,2023-06-29T11:00,2023,32.3,71,19.5,610.0,37.3,999.5,26.3,ERA5_Reanalysis_ECMWF
Bhubaneswar,2023-06-29T12:00,2023,33.0,68,19.0,757.0,38.8,998.6,26.3,ERA5_Reanalysis_ECMWF
Bhubaneswar,2023-06-29T13:00,2023,31.9,71,18.2,696.0,37.3,998.0,26.0,ERA5_Reanalysis_ECMWF
Bhubaneswar,2023-06-29T14:00,2023,31.5,71,18.9,485.0,35.9,997.3,25.7,ERA5_Reanalysis_ECMWF
Bhubaneswar,2023-06-29T15:00,2023,31.7,71,18.4,374.0,36.3,996.4,25.8,ERA5_Reanalysis_ECMWF
Bhubaneswar,2023-06-29T16:00,2023,31.2,74,17.7,253.0,36.0,996.5,26.1,ERA5_Reanalysis_ECMWF
Bhubaneswar,2023-06-29T17:00,2023,31.3,77,15.1,145.0,37.0,997.6,26.8,ERA5_Reanalysis_ECMWF
Bhubaneswar,2023-06-29T18:00,2023,30.3,79,15.7,32.0,35.5,997.8,26.2,ERA5_Reanalysis_ECMWF
Bhubaneswar,2023-06-29T19:00,2023,29.7,82,16.2,0.0,34.9,998.3,26.3,ERA5_Reanalysis_ECMWF
Bhubaneswar,2023-06-29T20:00,2023,29.3,85,17.1,0.0,34.4,998.8,26.4,ERA5_Reanalysis_ECMWF
Bhubaneswar,2023-06-29T21:00,2023,29.1,87,17.3,0.0,34.4,999.1,26.6,ERA5_Reanalysis_ECMWF
Bhubaneswar,2023-06-29T22:00,2023,28.9,87,17.4,0.0,34.2,999.3,26.6,ERA5_Reanalysis_ECMWF
Bhubaneswar,2023-06-29T23:00,2023,28.8,88,17.3,0.0,34.0,999.1,26.6,ERA5_Reanalysis_ECMWF
Bhubaneswar,2023-06-30T00:00,2023,28.6,89,17.8,0.0,33.8,998.7,26.6,ERA5_Reanalysis_ECMWF
Bhubaneswar,2023-06-30T01:00,2023,28.5,90,17.4,0.0,33.9,998.3,26.8,ERA5_Reanalysis_ECMWF
Bhubaneswar,2023-06-30T02:00,2023,28.4,91,17.1,0.0,33.9,998.2,26.8,ERA5_Reanalysis_ECMWF
Bhubaneswar,2023-06-30T03:00,2023,28.3,92,17.1,0.0,33.8,998.1,26.8,ERA5_Reanalysis_ECMWF
Bhubaneswar,2023-06-30T04:00,2023,28.3,92,16.4,0.0,33.8,998.2,26.8,ERA5_Reanalysis_ECMWF
Bhubaneswar,2023-06-30T05:00,2023,28.3,91,14.7,3.0,34.0,998.9,26.7,ERA5_Reanalysis_ECMWF
Bhubaneswar,2023-06-30T06:00,2023,29.6,86,17.6,87.0,35.0,999.6,26.9,ERA5_Reanalysis_ECMWF
Bhubaneswar,2023-06-30T07:00,2023,31.0,81,17.4,250.0,36.7,999.5,27.3,ERA5_Reanalysis_ECMWF
Bhubaneswar,2023-06-30T08:00,2023,32.0,77,22.7,439.0,37.0,1000.0,27.4,ERA5_Reanalysis_ECMWF
Bhubaneswar,2023-06-30T09:00,2023,30.9,79,18.7,564.0,36.3,1000.2,26.9,ERA5_Reanalysis_ECMWF
Bhubaneswar,2023-06-30T10:00,2023,32.1,75,15.8,443.0,37.9,999.7,27.0,ERA5_Reanalysis_ECMWF
Bhubaneswar,2023-06-30T11:00,2023,33.4,68,12.0,603.0,39.8,999.2,26.7,ERA5_Reanalysis_ECMWF
Bhubaneswar,2023-06-30T12:00,2023,33.0,67,9.2,661.0,39.6,998.8,26.0,ERA5_Reanalysis_ECMWF
Bhubaneswar,2023-06-30T13:00,2023,33.6,65,7.8,599.0,40.2,997.2,26.1,ERA5_Reanalysis_ECMWF
Bhubaneswar,2023-06-30T14:00,2023,33.3,65,12.5,645.0,39.3,996.1,25.8,ERA5_Reanalysis_ECMWF
Bhubaneswar,2023-06-30T15:00,2023,32.8,69,8.7,477.0,39.1,995.5,26.3,ERA5_Reanalysis_ECMWF
Bhubaneswar,2023-06-30T16:00,2023,32.9,68,6.2,280.0,39.4,995.5,26.1,ERA5_Reanalysis_ECMWF
Bhubaneswar,2023-06-30T17:00,2023,32.1,73,7.1,151.0,38.9,995.2,26.6,ERA5_Reanalysis_ECMWF
Bhubaneswar,2023-06-30T18:00,2023,30.8,82,3.3,41.0,38.7,996.4,27.4,ERA5_Reanalysis_ECMWF
Bhubaneswar,2023-06-30T19:00,2023,27.0,94,17.1,0.0,31.8,998.4,26.0,ERA5_Reanalysis_ECMWF
Bhubaneswar,2023-06-30T20:00,2023,27.1,94,8.0,0.0,33.3,998.7,26.0,ERA5_Reanalysis_ECMWF
Bhubaneswar,2023-06-30T21:00,2023,27.1,96,6.2,0.0,33.9,998.7,26.4,ERA5_Reanalysis_ECMWF
Bhubaneswar,2023-06-30T22:00,2023,26.9,98,12.3,0.0,32.8,999.4,26.5,ERA5_Reanalysis_ECMWF
Bhubaneswar,2023-06-30T23:00,2023,26.9,95,3.6,0.0,33.8,998.6,26.1,ERA5_Reanalysis_ECMWF
Bhubaneswar,2024-04-01T00:00,2024,27.6,60,15.9,0.0,28.7,1003.3,19.2,ERA5_Reanalysis_ECMWF
Bhubaneswar,2024-04-01T01:00,2024,27.2,58,15.3,0.0,28.0,1002.6,18.3,ERA5_Reanalysis_ECMWF
Bhubaneswar,2024-04-01T02:00,2024,26.9,58,13.0,0.0,27.8,1001.9,17.8,ERA5_Reanalysis_ECMWF
Bhubaneswar,2024-04-01T03:00,2024,26.3,60,10.9,0.0,27.6,1001.7,17.9,ERA5_Reanalysis_ECMWF
Bhubaneswar,2024-04-01T04:00,2024,25.8,62,8.9,0.0,27.3,1002.0,17.9,ERA5_Reanalysis_ECMWF
Bhubaneswar,2024-04-01T05:00,2024,25.1,64,7.1,0.0,26.9,1002.7,17.8,ERA5_Reanalysis_ECMWF
Bhubaneswar,2024-04-01T06:00,2024,27.5,80,4.5,34.0,32.7,1003.5,23.7,ERA5_Reanalysis_ECMWF
Bhubaneswar,2024-04-01T07:00,2024,29.4,74,6.5,206.0,34.6,1004.2,24.2,ERA5_Reanalysis_ECMWF
Bhubaneswar,2024-04-01T08:00,2024,31.6,65,9.0,432.0,36.6,1004.7,24.3,ERA5_Reanalysis_ECMWF
Bhubaneswar,2024-04-01T09:00,2024,33.7,58,10.1,642.0,39.1,1004.6,24.4,ERA5_Reanalysis_ECMWF
Bhubaneswar,2024-04-01T10:00,2024,35.5,52,10.6,802.0,41.6,1004.1,24.3,ERA5_Reanalysis_ECMWF
Bhubaneswar,2024-04-01T11:00,2024,37.1,44,12.7,899.0,42.5,1003.0,22.8,ERA5_Reanalysis_ECMWF
Bhubaneswar,2024-04-01T12:00,2024,36.2,41,14.4,919.0,40.5,1002.9,21.1,ERA5_Reanalysis_ECMWF
Bhubaneswar,2024-04-01T13:00,2024,37.9,34,7.9,737.0,41.3,1000.8,19.2,ERA5_Reanalysis_ECMWF
Bhubaneswar,2024-04-01T14:00,2024,37.6,37,13.9,668.0,40.3,999.8,20.5,ERA5_Reanalysis_ECMWF
Bhubaneswar,2024-04-01T15:00,2024,36.3,43,18.4,509.0,38.3,998.8,21.6,ERA5_Reanalysis_ECMWF
Bhubaneswar,2024-04-01T16:00,2024,35.3,48,15.5,326.0,38.3,999.0,22.7,ERA5_Reanalysis_ECMWF
Bhubaneswar,2024-04-01T17:00,2024,33.0,60,14.4,135.0,37.1,999.3,24.3,ERA5_Reanalysis_ECMWF
Bhubaneswar,2024-04-01T18:00,2024,30.5,70,15.6,10.0,34.5,1000.9,24.4,ERA5_Reanalysis_ECMWF
Bhubaneswar,2024-04-01T19:00,2024,29.2,75,16.9,0.0,33.0,1001.5,24.4,ERA5_Reanalysis_ECMWF
Bhubaneswar,2024-04-01T20:00,2024,28.9,77,18.1,0.0,32.6,1002.0,24.5,ERA5_Reanalysis_ECMWF
Bhubaneswar,2024-04-01T21:00,2024,28.5,77,18.1,0.0,32.0,1002.3,24.2,ERA5_Reanalysis_ECMWF
Bhubaneswar,2024-04-01T22:00,2024,28.0,80,18.5,0.0,31.5,1001.9,24.2,ERA5_Reanalysis_ECMWF
Bhubaneswar,2024-04-01T23:00,2024,27.6,82,19.3,0.0,31.0,1001.1,24.3,ERA5_Reanalysis_ECMWF
Bhubaneswar,2024-04-02T00:00,2024,27.4,84,19.2,0.0,30.9,1000.4,24.4,ERA5_Reanalysis_ECMWF
Bhubaneswar,2024-04-02T01:00,2024,27.2,85,19.0,0.0,30.7,999.9,24.4,ERA5_Reanalysis_ECMWF
Bhubaneswar,2024-04-02T02:00,2024,27.0,85,17.4,0.0,30.7,999.5,24.3,ERA5_Reanalysis_ECMWF
Bhubaneswar,2024-04-02T03:00,2024,26.6,85,15.9,0.0,30.3,999.3,24.0,ERA5_Reanalysis_ECMWF
Bhubaneswar,2024-04-02T04:00,2024,26.3,86,10.4,0.0,30.7,999.8,23.8,ERA5_Reanalysis_ECMWF
Bhubaneswar,2024-04-02T05:00,2024,26.0,87,7.9,0.0,30.7,1000.6,23.7,ERA5_Reanalysis_ECMWF
Bhubaneswar,2024-04-02T06:00,2024,26.7,92,8.5,35.0,32.3,1001.5,25.2,ERA5_Reanalysis_ECMWF
Bhubaneswar,2024-04-02T07:00,2024,28.6,82,13.4,210.0,33.6,1002.0,25.3,ERA5_Reanalysis_ECMWF
Bhubaneswar,2024-04-02T08:00,2024,31.2,74,13.1,435.0,36.6,1003.0,26.0,ERA5_Reanalysis_ECMWF
Bhubaneswar,2024-04-02T09:00,2024,33.6,64,15.1,641.0,39.1,1002.9,25.8,ERA5_Reanalysis_ECMWF
Bhubaneswar,2024-04-02T10:00,2024,35.3,57,15.0,802.0,41.4,1002.4,25.4,ERA5_Reanalysis_ECMWF
Bhubaneswar,2024-04-02T11:00,2024,36.5,50,14.2,899.0,42.7,1001.6,24.5,ERA5_Reanalysis_ECMWF
Bhubaneswar,2024-04-02T12:00,2024,37.5,45,12.7,925.0,43.4,1000.5,23.5,ERA5_Reanalysis_ECMWF
Bhubaneswar,2024-04-02T13:00,2024,37.9,43,11.9,879.0,43.6,999.5,23.3,ERA5_Reanalysis_ECMWF
Bhubaneswar,2024-04-02T14:00,2024,37.5,45,10.7,669.0,42.5,998.6,23.6,ERA5_Reanalysis_ECMWF
Bhubaneswar,2024-04-02T15:00,2024,36.6,47,16.2,535.0,39.9,998.0,23.4,ERA5_Reanalysis_ECMWF
Bhubaneswar,2024-04-02T16:00,2024,35.0,51,15.7,329.0,38.4,998.3,23.4,ERA5_Reanalysis_ECMWF
Bhubaneswar,2024-04-02T17:00,2024,33.2,58,13.2,132.0,37.2,998.7,23.8,ERA5_Reanalysis_ECMWF
Bhubaneswar,2024-04-02T18:00,2024,31.1,70,16.6,10.0,35.5,999.9,25.1,ERA5_Reanalysis_ECMWF
Bhubaneswar,2024-04-02T19:00,2024,29.5,74,15.1,0.0,33.6,1000.9,24.4,ERA5_Reanalysis_ECMWF
Bhubaneswar,2024-04-02T20:00,2024,28.6,79,14.8,0.0,32.9,1002.0,24.5,ERA5_Reanalysis_ECMWF
Bhubaneswar,2024-04-02T21:00,2024,28.3,78,15.5,0.0,32.1,1002.5,24.0,ERA5_Reanalysis_ECMWF
Bhubaneswar,2024-04-02T22:00,2024,27.8,78,16.3,0.0,31.3,1002.4,23.7,ERA5_Reanalysis_ECMWF
Bhubaneswar,2024-04-02T23:00,2024,27.4,80,16.3,0.0,30.8,1001.9,23.6,ERA5_Reanalysis_ECMWF
Bhubaneswar,2024-04-03T00:00,2024,27.1,81,16.6,0.0,30.5,1001.4,23.6,ERA5_Reanalysis_ECMWF
Bhubaneswar,2024-04-03T01:00,2024,27.0,81,16.9,0.0,30.2,1000.8,23.5,ERA5_Reanalysis_ECMWF
Bhubaneswar,2024-04-03T02:00,2024,26.6,84,15.7,0.0,30.2,1000.5,23.6,ERA5_Reanalysis_ECMWF
Bhubaneswar,2024-04-03T03:00,2024,26.3,86,14.7,0.0,30.1,1000.4,23.8,ERA5_Reanalysis_ECMWF
Bhubaneswar,2024-04-03T04:00,2024,25.8,89,12.2,0.0,30.1,1001.0,23.9,ERA5_Reanalysis_ECMWF
Bhubaneswar,2024-04-03T05:00,2024,25.1,94,5.8,0.0,30.3,1001.8,24.0,ERA5_Reanalysis_ECMWF
Bhubaneswar,2024-04-03T06:00,2024,27.0,92,6.6,37.0,33.0,1002.5,25.5,ERA5_Reanalysis_ECMWF
Bhubaneswar,2024-04-03T07:00,2024,28.9,84,6.5,212.0,35.4,1004.1,26.0,ERA5_Reanalysis_ECMWF
Bhubaneswar,2024-04-03T08:00,2024,31.1,75,8.0,432.0,37.4,1004.5,26.1,ERA5_Reanalysis_ECMWF
Bhubaneswar,2024-04-03T09:00,2024,33.3,65,10.7,639.0,39.6,1004.4,25.9,ERA5_Reanalysis_ECMWF
Bhubaneswar,2024-04-03T10:00,2024,35.0,59,11.4,799.0,41.9,1004.1,25.7,ERA5_Reanalysis_ECMWF
Bhubaneswar,2024-04-03T11:00,2024,36.2,54,11.4,895.0,43.5,1003.4,25.5,ERA5_Reanalysis_ECMWF
Bhubaneswar,2024-04-03T12:00,2024,37.0,51,12.4,917.0,44.0,1002.4,25.2,ERA5_Reanalysis_ECMWF
Bhubaneswar,2024-04-03T13:00,2024,37.0,50,14.3,835.0,43.1,1001.3,24.9,ERA5_Reanalysis_ECMWF
Bhubaneswar,2024-04-03T14:00,2024,36.8,51,13.5,695.0,42.2,1000.5,24.9,ERA5_Reanalysis_ECMWF
Bhubaneswar,2024-04-03T15:00,2024,36.4,52,12.6,555.0,41.2,1000.1,24.9,ERA5_Reanalysis_ECMWF
Bhubaneswar,2024-04-03T16:00,2024,35.2,55,14.8,304.0,39.7,1000.0,25.0,ERA5_Reanalysis_ECMWF
Bhubaneswar,2024-04-03T17:00,2024,33.2,62,13.1,122.0,38.0,1001.0,25.0,ERA5_Reanalysis_ECMWF
Bhubaneswar,2024-04-03T18:00,2024,31.2,71,15.3,10.0,36.0,1001.6,25.4,ERA5_Reanalysis_ECMWF
Bhubaneswar,2024-04-03T19:00,2024,29.8,79,14.4,0.0,34.9,1002.5,25.8,ERA5_Reanalysis_ECMWF
Bhubaneswar,2024-04-03T20:00,2024,28.8,84,13.8,0.0,34.1,1003.3,25.8,ERA5_Reanalysis_ECMWF
Bhubaneswar,2024-04-03T21:00,2024,28.2,87,12.3,0.0,33.7,1003.5,25.8,ERA5_Reanalysis_ECMWF
Bhubaneswar,2024-04-03T22:00,2024,27.8,89,13.0,0.0,33.1,1003.3,25.8,ERA5_Reanalysis_ECMWF
Bhubaneswar,2024-04-03T23:00,2024,27.4,90,13.0,0.0,32.7,1002.7,25.7,ERA5_Reanalysis_ECMWF
Bhubaneswar,2024-04-04T00:00,2024,27.1,92,13.7,0.0,32.2,1002.3,25.6,ERA5_Reanalysis_ECMWF
Bhubaneswar,2024-04-04T01:00,2024,26.8,93,12.1,0.0,32.2,1001.7,25.7,ERA5_Reanalysis_ECMWF
Bhubaneswar,2024-04-04T02:00,2024,26.5,95,11.7,0.0,32.0,1001.2,25.7,ERA5_Reanalysis_ECMWF
Bhubaneswar,2024-04-04T03:00,2024,26.4,96,11.8,0.0,31.8,1000.7,25.7,ERA5_Reanalysis_ECMWF
Bhubaneswar,2024-04-04T04:00,2024,26.2,96,7.7,0.0,32.1,1001.2,25.5,ERA5_Reanalysis_ECMWF
Bhubaneswar,2024-04-04T05:00,2024,25.7,97,4.8,0.0,31.9,1002.0,25.2,ERA5_Reanalysis_ECMWF
Bhubaneswar,2024-04-04T06:00,2024,27.9,92,9.7,34.0,34.2,1002.9,26.5,ERA5_Reanalysis_ECMWF
Bhubaneswar,2024-04-04T07:00,2024,29.8,82,15.9,203.0,35.2,1003.8,26.5,ERA5_Reanalysis_ECMWF
Bhubaneswar,2024-04-04T08:00,2024,31.7,75,13.9,396.0,37.6,1004.3,26.8,ERA5_Reanalysis_ECMWF
Bhubaneswar,2024-04-04T09:00,2024,33.3,70,12.5,607.0,39.9,1004.4,27.0,ERA5_Reanalysis_ECMWF
Bhubaneswar,2024-04-04T10:00,2024,34.4,66,12.9,667.0,41.3,1003.9,27.1,ERA5_Reanalysis_ECMWF
Bhubaneswar,2024-04-04T11:00,2024,35.5,60,13.4,728.0,42.3,1003.1,26.6,ERA5_Reanalysis_ECMWF
Bhubaneswar,2024-04-04T12:00,2024,36.7,54,14.0,868.0,43.7,1001.9,25.9,ERA5_Reanalysis_ECMWF
Bhubaneswar,2024-04-04T13:00,2024,37.2,50,16.8,782.0,42.7,1000.9,25.1,ERA5_Reanalysis_ECMWF
Bhubaneswar,2024-04-04T14:00,2024,37.1,48,16.6,694.0,41.8,1000.1,24.4,ERA5_Reanalysis_ECMWF
Bhubaneswar,2024-04-04T15:00,2024,36.6,51,14.8,535.0,41.1,999.6,24.9,ERA5_Reanalysis_ECMWF
Bhubaneswar,2024-04-04T16:00,2024,35.4,55,14.7,330.0,40.0,999.5,25.0,ERA5_Reanalysis_ECMWF
Bhubaneswar,2024-04-04T17:00,2024,34.2,61,11.7,136.0,39.5,1000.1,25.6,ERA5_Reanalysis_ECMWF
Bhubaneswar,2024-04-04T18:00,2024,31.0,74,16.2,11.0,36.0,1001.0,25.9,ERA5_Reanalysis_ECMWF
Bhubaneswar,2024-04-04T19:00,2024,29.8,78,15.0,0.0,34.7,1001.8,25.6,ERA5_Reanalysis_ECMWF
Bhubaneswar,2024-04-04T20:00,2024,29.0,80,14.0,0.0,33.8,1002.6,25.2,ERA5_Reanalysis_ECMWF
Bhubaneswar,2024-04-04T21:00,2024,28.5,80,12.7,0.0,33.2,1003.3,24.8,ERA5_Reanalysis_ECMWF
Bhubaneswar,2024-04-04T22:00,2024,28.1,80,14.1,0.0,32.4,1003.0,24.4,ERA5_Reanalysis_ECMWF
Bhubaneswar,2024-04-04T23:00,2024,27.7,82,14.7,0.0,31.9,1002.3,24.4,ERA5_Reanalysis_ECMWF
Bhubaneswar,2024-04-05T00:00,2024,27.5,84,15.6,0.0,31.6,1001.3,24.5,ERA5_Reanalysis_ECMWF
Bhubaneswar,2024-04-05T01:00,2024,27.2,86,16.3,0.0,31.3,1000.6,24.6,ERA5_Reanalysis_ECMWF
Bhubaneswar,2024-04-05T02:00,2024,27.1,86,15.1,0.0,31.3,1000.2,24.6,ERA5_Reanalysis_ECMWF
Bhubaneswar,2024-04-05T03:00,2024,26.8,86,13.5,0.0,31.2,999.7,24.4,ERA5_Reanalysis_ECMWF
Bhubaneswar,2024-04-05T04:00,2024,26.5,87,10.7,0.0,31.1,1000.0,24.2,ERA5_Reanalysis_ECMWF
Bhubaneswar,2024-04-05T05:00,2024,25.9,89,6.2,0.0,31.1,1000.6,24.0,ERA5_Reanalysis_ECMWF
Bhubaneswar,2024-04-05T06:00,2024,27.8,90,3.6,31.0,34.6,1001.4,26.0,ERA5_Reanalysis_ECMWF
Bhubaneswar,2024-04-05T07:00,2024,30.1,81,3.0,212.0,37.3,1002.1,26.4,ERA5_Reanalysis_ECMWF
Bhubaneswar,2024-04-05T08:00,2024,32.7,70,0.5,444.0,40.3,1002.8,26.4,ERA5_Reanalysis_ECMWF
Bhubaneswar,2024-04-05T09:00,2024,35.1,59,2.7,653.0,42.7,1002.7,26.0,ERA5_Reanalysis_ECMWF
Bhubaneswar,2024-04-05T10:00,2024,37.1,51,5.9,814.0,44.7,1002.2,25.2,ERA5_Reanalysis_ECMWF
Bhubaneswar,2024-04-05T11:00,2024,38.9,42,7.6,912.0,45.7,1001.4,23.6,ERA5_Reanalysis_ECMWF
Bhubaneswar,2024-04-05T12:00,2024,40.2,34,7.8,937.0,45.8,1000.1,21.2,ERA5_Reanalysis_ECMWF
Bhubaneswar,2024-04-05T13:00,2024,40.8,25,7.2,786.0,43.6,999.0,16.9,ERA5_Reanalysis_ECMWF
Bhubaneswar,2024-04-05T14:00,2024,41.2,22,1.6,650.0,43.3,998.0,15.2,ERA5_Reanalysis_ECMWF
Bhubaneswar,2024-04-05T15:00,2024,40.9,23,6.5,523.0,42.0,997.4,16.0,ERA5_Reanalysis_ECMWF
Bhubaneswar,2024-04-05T16:00,2024,36.8,47,19.5,311.0,39.7,997.6,23.6,ERA5_Reanalysis_ECMWF
Bhubaneswar,2024-04-05T17:00,2024,35.0,51,14.5,140.0,38.5,998.0,23.4,ERA5_Reanalysis_ECMWF
Bhubaneswar,2024-04-05T18:00,2024,31.9,65,14.2,11.0,36.3,999.6,24.6,ERA5_Reanalysis_ECMWF
Bhubaneswar,2024-04-05T19:00,2024,30.3,74,12.6,0.0,35.2,1000.2,25.1,ERA5_Reanalysis_ECMWF
Bhubaneswar,2024-04-05T20:00,2024,29.2,79,11.7,0.0,34.4,1001.3,25.2,ERA5_Reanalysis_ECMWF
Bhubaneswar,2024-04-05T21:00,2024,28.7,80,11.2,0.0,33.8,1001.7,25.0,ERA5_Reanalysis_ECMWF
Bhubaneswar,2024-04-05T22:00,2024,28.4,81,12.2,0.0,33.3,1001.6,24.9,ERA5_Reanalysis_ECMWF
Bhubaneswar,2024-04-05T23:00,2024,28.0,82,15.8,0.0,32.2,1000.7,24.7,ERA5_Reanalysis_ECMWF
Bhubaneswar,2024-04-06T00:00,2024,27.9,81,16.9,0.0,31.7,999.9,24.3,ERA5_Reanalysis_ECMWF
Bhubaneswar,2024-04-06T01:00,2024,27.9,77,15.0,0.0,31.5,999.3,23.6,ERA5_Reanalysis_ECMWF
Bhubaneswar,2024-04-06T02:00,2024,27.5,76,9.4,0.0,31.5,999.1,23.0,ERA5_Reanalysis_ECMWF
Bhubaneswar,2024-04-06T03:00,2024,26.0,84,8.3,0.0,30.3,999.2,23.1,ERA5_Reanalysis_ECMWF
Bhubaneswar,2024-04-06T04:00,2024,26.0,84,6.1,0.0,30.5,999.8,23.0,ERA5_Reanalysis_ECMWF
Bhubaneswar,2024-04-06T05:00,2024,25.7,85,5.2,0.0,30.4,1000.5,22.9,ERA5_Reanalysis_ECMWF
Bhubaneswar,2024-04-06T06:00,2024,27.7,89,6.1,39.0,33.9,1001.1,25.6,ERA5_Reanalysis_ECMWF
Bhubaneswar,2024-04-06T07:00,2024,30.0,79,7.2,195.0,36.3,1002.0,26.0,ERA5_Reanalysis_ECMWF
Bhubaneswar,2024-04-06T08:00,2024,32.2,71,10.0,386.0,38.3,1002.7,26.3,ERA5_Reanalysis_ECMWF
Bhubaneswar,2024-04-06T09:00,2024,34.4,65,9.9,595.0,41.1,1002.4,26.7,ERA5_Reanalysis_ECMWF
Bhubaneswar,2024-04-06T10:00,2024,36.3,60,6.8,790.0,45.1,1002.1,27.4,ERA5_Reanalysis_ECMWF
Bhubaneswar,2024-04-06T11:00,2024,38.1,54,9.1,902.0,47.0,1001.3,27.1,ERA5_Reanalysis_ECMWF
Bhubaneswar,2024-04-06T12:00,2024,39.3,46,12.7,934.0,46.6,1000.0,25.6,ERA5_Reanalysis_ECMWF
Bhubaneswar,2024-04-06T13:00,2024,39.5,41,8.4,862.0,46.1,999.3,24.0,ERA5_Reanalysis_ECMWF
Bhubaneswar,2024-04-06T14:00,2024,38.4,39,16.5,693.0,41.6,998.5,21.9,ERA5_Reanalysis_ECMWF
Bhubaneswar,2024-04-06T15:00,2024,38.7,35,10.0,507.0,41.3,997.8,20.5,ERA5_Reanalysis_ECMWF
Bhubaneswar,2024-04-06T16:00,2024,37.5,45,10.6,335.0,41.8,997.9,23.7,ERA5_Reanalysis_ECMWF
Bhubaneswar,2024-04-06T17:00,2024,34.2,58,16.9,140.0,38.3,998.5,24.8,ERA5_Reanalysis_ECMWF
Bhubaneswar,2024-04-06T18:00,2024,30.9,75,19.1,11.0,35.4,999.3,25.9,ERA5_Reanalysis_ECMWF
Bhubaneswar,2024-04-06T19:00,2024,29.7,80,13.7,0.0,35.0,1000.1,25.9,ERA5_Reanalysis_ECMWF
Bhubaneswar,2024-04-06T20:00,2024,28.8,84,16.2,0.0,33.7,1000.9,25.8,ERA5_Reanalysis_ECMWF
Bhubaneswar,2024-04-06T21:00,2024,28.3,87,14.0,0.0,33.6,1001.4,25.9,ERA5_Reanalysis_ECMWF
Bhubaneswar,2024-04-06T22:00,2024,27.8,89,6.9,0.0,34.0,1001.9,25.9,ERA5_Reanalysis_ECMWF
Bhubaneswar,2024-04-06T23:00,2024,27.0,93,4.1,0.0,33.7,1001.3,25.8,ERA5_Reanalysis_ECMWF
Bhubaneswar,2024-04-07T00:00,2024,27.1,92,12.4,0.0,32.5,1000.5,25.7,ERA5_Reanalysis_ECMWF
Bhubaneswar,2024-04-07T01:00,2024,27.0,92,13.8,0.0,32.1,999.8,25.6,ERA5_Reanalysis_ECMWF
Bhubaneswar,2024-04-07T02:00,2024,27.0,90,13.4,0.0,32.0,999.0,25.3,ERA5_Reanalysis_ECMWF
Bhubaneswar,2024-04-07T03:00,2024,26.9,89,8.0,0.0,32.4,999.1,24.9,ERA5_Reanalysis_ECMWF
Bhubaneswar,2024-04-07T04:00,2024,26.4,90,6.3,0.0,31.9,999.8,24.7,ERA5_Reanalysis_ECMWF
Bhubaneswar,2024-04-07T05:00,2024,27.0,86,5.6,0.0,32.5,1000.6,24.5,ERA5_Reanalysis_ECMWF
Bhubaneswar,2024-04-07T06:00,2024,27.9,84,10.3,37.0,33.1,1001.5,25.0,ERA5_Reanalysis_ECMWF
Bhubaneswar,2024-04-07T07:00,2024,29.6,77,12.4,188.0,34.7,1002.8,25.2,ERA5_Reanalysis_ECMWF
Bhubaneswar,2024-04-07T08:00,2024,31.5,72,12.8,349.0,36.9,1003.2,25.8,ERA5_Reanalysis_ECMWF
Bhubaneswar,2024-04-07T09:00,2024,33.2,66,9.8,561.0,39.1,1003.6,25.9,ERA5_Reanalysis_ECMWF
Bhubaneswar,2024-04-07T10:00,2024,34.6,58,10.7,668.0,40.4,1002.8,25.1,ERA5_Reanalysis_ECMWF
Bhubaneswar,2024-04-07T11:00,2024,35.9,53,11.2,825.0,42.4,1001.8,24.8,ERA5_Reanalysis_ECMWF
Bhubaneswar,2024-04-07T12:00,2024,37.4,45,11.9,908.0,43.4,1000.3,23.5,ERA5_Reanalysis_ECMWF
Bhubaneswar,2024-04-07T13:00,2024,38.1,40,13.0,872.0,43.0,999.5,22.3,ERA5_Reanalysis_ECMWF
Bhubaneswar,2024-04-07T14:00,2024,37.5,41,7.4,610.0,41.7,999.2,22.1,ERA5_Reanalysis_ECMWF
Bhubaneswar,2024-04-07T15:00,2024,36.7,44,6.4,409.0,41.0,999.1,22.5,ERA5_Reanalysis_ECMWF
Bhubaneswar,2024-04-07T16:00,2024,34.0,53,15.9,250.0,37.2,999.8,23.0,ERA5_Reanalysis_ECMWF
Bhubaneswar,2024-04-07T17:00,2024,31.3,62,8.7,131.0,35.6,1000.4,23.2,ERA5_Reanalysis_ECMWF
Bhubaneswar,2024-04-07T18:00,2024,26.8,82,4.2,10.0,32.0,1002.6,23.5,ERA5_Reanalysis_ECMWF
Bhubaneswar,2024-04-07T19:00,2024,25.2,91,12.4,0.0,29.3,1004.8,23.7,ERA5_Reanalysis_ECMWF
Bhubaneswar,2024-04-07T20:00,2024,25.0,91,11.5,0.0,29.1,1005.0,23.5,ERA5_Reanalysis_ECMWF
Bhubaneswar,2024-04-07T21:00,2024,25.5,88,7.4,0.0,30.1,1005.0,23.4,ERA5_Reanalysis_ECMWF
Bhubaneswar,2024-04-07T22:00,2024,25.1,93,3.9,0.0,30.6,1005.7,24.0,ERA5_Reanalysis_ECMWF
Bhubaneswar,2024-04-07T23:00,2024,25.6,90,3.3,0.0,31.0,1005.6,23.8,ERA5_Reanalysis_ECMWF
Bhubaneswar,2024-04-08T00:00,2024,24.9,94,2.5,0.0,30.5,1005.3,23.8,ERA5_Reanalysis_ECMWF
Bhubaneswar,2024-04-08T01:00,2024,24.5,96,4.1,0.0,29.9,1004.6,23.9,ERA5_Reanalysis_ECMWF
Bhubaneswar,2024-04-08T02:00,2024,24.6,96,4.0,0.0,30.0,1004.3,23.9,ERA5_Reanalysis_ECMWF
Bhubaneswar,2024-04-08T03:00,2024,24.5,96,4.1,0.0,29.9,1004.2,23.9,ERA5_Reanalysis_ECMWF
Bhubaneswar,2024-04-08T04:00,2024,24.3,97,4.4,0.0,29.5,1004.6,23.7,ERA5_Reanalysis_ECMWF
Bhubaneswar,2024-04-08T05:00,2024,24.4,96,4.7,0.0,29.6,1005.4,23.7,ERA5_Reanalysis_ECMWF
Bhubaneswar,2024-04-08T06:00,2024,25.0,86,4.9,40.0,29.4,1006.7,22.4,ERA5_Reanalysis_ECMWF
Bhubaneswar,2024-04-08T07:00,2024,26.6,76,11.8,195.0,29.7,1008.0,21.9,ERA5_Reanalysis_ECMWF
Bhubaneswar,2024-04-08T08:00,2024,28.4,63,16.4,394.0,30.3,1009.0,20.8,ERA5_Reanalysis_ECMWF
Bhubaneswar,2024-04-08T09:00,2024,29.7,56,24.0,661.0,30.6,1009.6,20.1,ERA5_Reanalysis_ECMWF
Bhubaneswar,2024-04-08T10:00,2024,30.5,47,23.0,762.0,31.0,1009.2,17.9,ERA5_Reanalysis_ECMWF
Bhubaneswar,2024-04-08T11:00,2024,32.0,47,18.3,915.0,34.6,1008.4,19.2,ERA5_Reanalysis_ECMWF
Bhubaneswar,2024-04-08T12:00,2024,32.5,44,20.9,904.0,34.5,1007.3,18.9,ERA5_Reanalysis_ECMWF
Bhubaneswar,2024-04-08T13:00,2024,33.0,39,21.1,869.0,34.1,1006.4,17.3,ERA5_Reanalysis_ECMWF
Bhubaneswar,2024-04-08T14:00,2024,33.1,35,25.3,765.0,32.2,1005.8,15.6,ERA5_Reanalysis_ECMWF
Bhubaneswar,2024-04-08T15:00,2024,31.5,38,18.9,565.0,30.6,1004.9,15.5,ERA5_Reanalysis_ECMWF
Bhubaneswar,2024-04-08T16:00,2024,30.1,43,13.8,341.0,30.1,1004.5,16.1,ERA5_Reanalysis_ECMWF
Bhubaneswar,2024-04-08T17:00,2024,28.3,52,8.1,111.0,29.7,1005.0,17.4,ERA5_Reanalysis_ECMWF
Bhubaneswar,2024-04-08T18:00,2024,27.6,57,7.6,12.0,29.5,1004.9,18.3,ERA5_Reanalysis_ECMWF
Bhubaneswar,2024-04-08T19:00,2024,27.0,58,10.6,0.0,28.4,1005.6,18.1,ERA5_Reanalysis_ECMWF
Bhubaneswar,2024-04-08T20:00,2024,26.1,61,11.0,0.0,27.3,1006.4,17.9,ERA5_Reanalysis_ECMWF
Bhubaneswar,2024-04-08T21:00,2024,25.4,62,9.2,0.0,26.7,1006.6,17.5,ERA5_Reanalysis_ECMWF
Bhubaneswar,2024-04-08T22:00,2024,25.1,61,11.1,0.0,26.0,1006.7,17.1,ERA5_Reanalysis_ECMWF
Bhubaneswar,2024-04-08T23:00,2024,24.8,61,12.1,0.0,25.3,1006.1,16.7,ERA5_Reanalysis_ECMWF
Bhubaneswar,2024-04-09T00:00,2024,24.3,62,12.1,0.0,24.8,1005.3,16.6,ERA5_Reanalysis_ECMWF
Bhubaneswar,2024-04-09T01:00,2024,24.2,64,13.2,0.0,24.7,1005.0,17.0,ERA5_Reanalysis_ECMWF
Bhubaneswar,2024-04-09T02:00,2024,24.2,65,14.6,0.0,24.6,1005.1,17.2,ERA5_Reanalysis_ECMWF
Bhubaneswar,2024-04-09T03:00,2024,24.5,63,19.1,0.0,24.2,1005.4,17.1,ERA5_Reanalysis_ECMWF
Bhubaneswar,2024-04-09T04:00,2024,25.0,60,23.2,0.0,23.9,1005.9,16.6,ERA5_Reanalysis_ECMWF
Bhubaneswar,2024-04-09T05:00,2024,24.9,62,25.0,0.0,23.7,1006.2,17.1,ERA5_Reanalysis_ECMWF
Bhubaneswar,2024-04-09T06:00,2024,25.3,66,15.5,36.0,26.2,1006.6,18.5,ERA5_Reanalysis_ECMWF
Bhubaneswar,2024-04-09T07:00,2024,26.4,66,10.3,159.0,28.5,1008.3,19.5,ERA5_Reanalysis_ECMWF
Bhubaneswar,2024-04-09T08:00,2024,28.3,62,11.5,390.0,30.5,1008.2,20.2,ERA5_Reanalysis_ECMWF
Bhubaneswar,2024-04-09T09:00,2024,30.4,55,12.8,653.0,33.1,1008.1,20.3,ERA5_Reanalysis_ECMWF
Bhubaneswar,2024-04-09T10:00,2024,32.1,49,11.1,769.0,35.6,1007.9,20.1,ERA5_Reanalysis_ECMWF
Bhubaneswar,2024-04-09T11:00,2024,33.7,45,9.2,880.0,38.0,1007.3,19.9,ERA5_Reanalysis_ECMWF
Bhubaneswar,2024-04-09T12:00,2024,34.5,40,6.7,751.0,38.1,1006.3,19.1,ERA5_Reanalysis_ECMWF
Bhubaneswar,2024-04-09T13:00,2024,35.5,36,6.4,815.0,39.1,1005.0,18.0,ERA5_Reanalysis_ECMWF
Bhubaneswar,2024-04-09T14:00,2024,36.0,31,10.2,682.0,37.4,1003.9,16.2,ERA5_Reanalysis_ECMWF
Bhubaneswar,2024-04-09T15:00,2024,35.6,31,12.9,564.0,35.9,1003.3,16.1,ERA5_Reanalysis_ECMWF
Bhubaneswar,2024-04-09T16:00,2024,34.0,42,9.7,323.0,35.9,1003.1,19.1,ERA5_Reanalysis_ECMWF
Bhubaneswar,2024-04-09T17:00,2024,31.5,53,5.9,130.0,34.8,1003.2,20.8,ERA5_Reanalysis_ECMWF
Bhubaneswar,2024-04-09T18:00,2024,31.5,49,2.2,12.0,34.8,1004.5,19.6,ERA5_Reanalysis_ECMWF
Bhubaneswar,2024-04-09T19:00,2024,27.8,67,5.9,0.0,31.3,1005.3,21.1,ERA5_Reanalysis_ECMWF
Bhubaneswar,2024-04-09T20:00,2024,27.9,59,8.9,0.0,29.9,1005.9,19.0,ERA5_Reanalysis_ECMWF
Bhubaneswar,2024-04-09T21:00,2024,26.4,61,9.2,0.0,28.1,1006.5,18.4,ERA5_Reanalysis_ECMWF
Bhubaneswar,2024-04-09T22:00,2024,26.7,59,6.5,0.0,28.7,1006.6,18.0,ERA5_Reanalysis_ECMWF
Bhubaneswar,2024-04-09T23:00,2024,25.3,66,3.7,0.0,27.8,1006.2,18.5,ERA5_Reanalysis_ECMWF
Bhubaneswar,2024-04-10T00:00,2024,24.0,72,4.4,0.0,26.5,1005.2,18.6,ERA5_Reanalysis_ECMWF
Bhubaneswar,2024-04-10T01:00,2024,23.6,72,6.3,0.0,25.6,1004.9,18.2,ERA5_Reanalysis_ECMWF
Bhubaneswar,2024-04-10T02:00,2024,23.2,72,6.0,0.0,25.2,1004.3,18.0,ERA5_Reanalysis_ECMWF
Bhubaneswar,2024-04-10T03:00,2024,22.9,76,5.9,0.0,25.1,1004.5,18.4,ERA5_Reanalysis_ECMWF
Bhubaneswar,2024-04-10T04:00,2024,23.0,77,6.2,0.0,25.3,1004.9,18.8,ERA5_Reanalysis_ECMWF
Bhubaneswar,2024-04-10T05:00,2024,23.2,78,6.3,0.0,25.6,1005.8,19.1,ERA5_Reanalysis_ECMWF
Bhubaneswar,2024-04-10T06:00,2024,25.4,73,8.9,48.0,28.0,1006.3,20.1,ERA5_Reanalysis_ECMWF
Bhubaneswar,2024-04-10T07:00,2024,28.3,66,6.3,214.0,32.0,1007.2,21.5,ERA5_Reanalysis_ECMWF
Bhubaneswar,2024-04-10T08:00,2024,30.8,58,8.2,447.0,34.2,1007.8,21.5,ERA5_Reanalysis_ECMWF
Bhubaneswar,2024-04-10T09:00,2024,32.6,51,7.4,658.0,36.6,1007.4,21.2,ERA5_Reanalysis_ECMWF
Bhubaneswar,2024-04-10T10:00,2024,33.3,48,4.8,599.0,37.2,1007.1,20.9,ERA5_Reanalysis_ECMWF
Bhubaneswar,2024-04-10T11:00,2024,34.3,43,4.3,682.0,38.4,1006.3,20.1,ERA5_Reanalysis_ECMWF
Bhubaneswar,2024-04-10T12:00,2024,35.3,38,4.5,837.0,39.8,1005.4,18.9,ERA5_Reanalysis_ECMWF
Bhubaneswar,2024-04-10T13:00,2024,35.9,35,2.4,830.0,40.2,1004.2,17.9,ERA5_Reanalysis_ECMWF
Bhubaneswar,2024-04-10T14:00,2024,36.1,34,2.3,733.0,39.6,1003.2,17.6,ERA5_Reanalysis_ECMWF
Bhubaneswar,2024-04-10T15:00,2024,34.7,37,4.0,553.0,36.9,1003.2,17.8,ERA5_Reanalysis_ECMWF
Bhubaneswar,2024-04-10T16:00,2024,33.2,42,6.8,296.0,35.4,1003.0,18.6,ERA5_Reanalysis_ECMWF
Bhubaneswar,2024-04-10T17:00,2024,30.8,53,4.1,128.0,34.2,1003.1,20.3,ERA5_Reanalysis_ECMWF
Bhubaneswar,2024-04-10T18:00,2024,31.0,58,6.3,12.0,34.7,1003.5,21.6,ERA5_Reanalysis_ECMWF
Bhubaneswar,2024-04-10T19:00,2024,28.8,64,6.4,0.0,32.3,1004.2,21.2,ERA5_Reanalysis_ECMWF
Bhubaneswar,2024-04-10T20:00,2024,28.1,64,7.0,0.0,31.2,1005.2,20.6,ERA5_Reanalysis_ECMWF
Bhubaneswar,2024-04-10T21:00,2024,27.1,67,5.6,0.0,30.4,1006.0,20.5,ERA5_Reanalysis_ECMWF
Bhubaneswar,2024-04-10T22:00,2024,26.5,70,5.9,0.0,29.8,1006.2,20.6,ERA5_Reanalysis_ECMWF
Bhubaneswar,2024-04-10T23:00,2024,26.1,72,6.9,0.0,29.3,1006.0,20.7,ERA5_Reanalysis_ECMWF
Bhubaneswar,2024-04-11T00:00,2024,25.9,73,8.2,0.0,28.9,1005.4,20.7,ERA5_Reanalysis_ECMWF
Bhubaneswar,2024-04-11T01:00,2024,25.9,73,9.2,0.0,28.8,1004.9,20.8,ERA5_Reanalysis_ECMWF
Bhubaneswar,2024-04-11T02:00,2024,25.7,75,9.4,0.0,28.7,1004.4,21.0,ERA5_Reanalysis_ECMWF
Bhubaneswar,2024-04-11T03:00,2024,25.5,75,7.4,0.0,28.6,1004.3,20.8,ERA5_Reanalysis_ECMWF
Bhubaneswar,2024-04-11T04:00,2024,25.1,76,5.8,0.0,28.4,1004.7,20.6,ERA5_Reanalysis_ECMWF
Bhubaneswar,2024-04-11T05:00,2024,25.0,76,5.5,0.0,28.2,1005.5,20.5,ERA5_Reanalysis_ECMWF
Bhubaneswar,2024-04-11T06:00,2024,26.8,69,13.5,39.0,29.0,1007.2,20.7,ERA5_Reanalysis_ECMWF
Bhubaneswar,2024-04-11T07:00,2024,27.5,69,19.1,188.0,29.2,1009.1,21.2,ERA5_Reanalysis_ECMWF
Bhubaneswar,2024-04-11T08:00,2024,26.8,72,22.2,145.0,28.1,1010.1,21.4,ERA5_Reanalysis_ECMWF
Bhubaneswar,2024-04-11T09:00,2024,27.0,70,25.8,294.0,27.5,1010.3,20.9,ERA5_Reanalysis_ECMWF
Bhubaneswar,2024-04-11T10:00,2024,27.5,63,24.6,481.0,27.6,1009.9,19.8,ERA5_Reanalysis_ECMWF
Bhubaneswar,2024-04-11T11:00,2024,27.5,62,23.0,418.0,27.7,1009.3,19.5,ERA5_Reanalysis_ECMWF
Bhubaneswar,2024-04-11T12:00,2024,27.7,62,22.2,463.0,28.1,1008.2,19.8,ERA5_Reanalysis_ECMWF
Bhubaneswar,2024-04-11T13:00,2024,28.9,58,20.3,581.0,29.9,1007.1,19.9,ERA5_Reanalysis_ECMWF
Bhubaneswar,2024-04-11T14:00,2024,28.4,62,17.1,279.0,29.9,1006.3,20.3,ERA5_Reanalysis_ECMWF
Bhubaneswar,2024-04-11T15:00,2024,28.4,64,13.7,229.0,30.8,1005.8,21.1,ERA5_Reanalysis_ECMWF
Bhubaneswar,2024-04-11T16:00,2024,27.7,67,12.5,155.0,30.3,1005.5,21.1,ERA5_Reanalysis_ECMWF
Bhubaneswar,2024-04-11T17:00,2024,26.7,70,12.0,98.0,29.1,1005.8,20.8,ERA5_Reanalysis_ECMWF
Bhubaneswar,2024-04-11T18:00,2024,25.6,76,7.4,10.0,28.9,1007.1,21.0,ERA5_Reanalysis_ECMWF
Bhubaneswar,2024-04-11T19:00,2024,25.2,78,4.6,0.0,28.9,1007.3,21.1,ERA5_Reanalysis_ECMWF
Bhubaneswar,2024-04-11T20:00,2024,24.3,82,5.8,0.0,27.8,1007.8,21.1,ERA5_Reanalysis_ECMWF
Bhubaneswar,2024-04-11T21:00,2024,23.9,84,6.0,0.0,27.4,1008.2,21.1,ERA5_Reanalysis_ECMWF
Bhubaneswar,2024-04-11T22:00,2024,23.1,89,5.1,0.0,26.8,1008.0,21.2,ERA5_Reanalysis_ECMWF
Bhubaneswar,2024-04-11T23:00,2024,22.6,92,6.0,0.0,26.2,1007.1,21.3,ERA5_Reanalysis_ECMWF
Bhubaneswar,2024-04-12T00:00,2024,22.9,90,5.1,0.0,26.5,1006.4,21.1,ERA5_Reanalysis_ECMWF
Bhubaneswar,2024-04-12T01:00,2024,22.8,90,8.3,0.0,25.9,1006.0,21.0,ERA5_Reanalysis_ECMWF
Bhubaneswar,2024-04-12T02:00,2024,22.6,90,8.2,0.0,25.7,1005.4,20.9,ERA5_Reanalysis_ECMWF
Bhubaneswar,2024-04-12T03:00,2024,22.2,91,8.4,0.0,25.1,1005.2,20.6,ERA5_Reanalysis_ECMWF
Bhubaneswar,2024-04-12T04:00,2024,22.1,89,8.7,0.0,24.7,1005.4,20.1,ERA5_Reanalysis_ECMWF
Bhubaneswar,2024-04-12T05:00,2024,22.1,87,9.9,0.0,24.4,1006.2,19.8,ERA5_Reanalysis_ECMWF
Bhubaneswar,2024-04-12T06:00,2024,24.1,82,12.8,51.0,26.5,1007.1,20.9,ERA5_Reanalysis_ECMWF
Bhubaneswar,2024-04-12T07:00,2024,26.1,77,9.5,231.0,29.4,1008.0,21.8,ERA5_Reanalysis_ECMWF
Bhubaneswar,2024-04-12T08:00,2024,28.7,67,10.9,463.0,32.0,1008.9,22.0,ERA5_Reanalysis_ECMWF
Bhubaneswar,2024-04-12T09:00,2024,30.6,56,9.8,579.0,33.7,1008.7,21.0,ERA5_Reanalysis_ECMWF
Bhubaneswar,2024-04-12T10:00,2024,31.6,50,8.1,615.0,34.6,1008.2,19.9,ERA5_Reanalysis_ECMWF
Bhubaneswar,2024-04-12T11:00,2024,32.7,45,7.1,692.0,35.9,1007.3,19.1,ERA5_Reanalysis_ECMWF
Bhubaneswar,2024-04-12T12:00,2024,32.9,43,7.1,583.0,35.3,1006.3,18.7,ERA5_Reanalysis_ECMWF
Bhubaneswar,2024-04-12T13:00,2024,33.2,41,11.8,506.0,34.4,1005.7,18.3,ERA5_Reanalysis_ECMWF
Bhubaneswar,2024-04-12T14:00,2024,33.3,41,14.9,502.0,34.2,1004.8,18.5,ERA5_Reanalysis_ECMWF
Bhubaneswar,2024-04-12T15:00,2024,33.1,43,12.3,455.0,34.7,1004.2,19.0,ERA5_Reanalysis_ECMWF
Bhubaneswar,2024-04-12T16:00,2024,32.0,50,5.9,179.0,35.2,1003.8,20.4,ERA5_Reanalysis_ECMWF
Bhubaneswar,2024-04-12T17:00,2024,30.4,58,5.2,48.0,34.1,1003.8,21.2,ERA5_Reanalysis_ECMWF
Bhubaneswar,2024-04-12T18:00,2024,27.5,63,6.6,12.0,30.3,1005.1,19.9,ERA5_Reanalysis_ECMWF
Bhubaneswar,2024-04-12T19:00,2024,26.1,68,6.6,0.0,28.8,1005.7,19.8,ERA5_Reanalysis_ECMWF
Bhubaneswar,2024-04-12T20:00,2024,25.5,69,6.2,0.0,28.1,1006.4,19.3,ERA5_Reanalysis_ECMWF
Bhubaneswar,2024-04-12T21:00,2024,24.9,71,6.3,0.0,27.4,1006.9,19.3,ERA5_Reanalysis_ECMWF
Bhubaneswar,2024-04-12T22:00,2024,24.4,73,6.1,0.0,27.0,1006.7,19.3,ERA5_Reanalysis_ECMWF
Bhubaneswar,2024-04-12T23:00,2024,23.9,75,6.4,0.0,26.4,1006.2,19.2,ERA5_Reanalysis_ECMWF
Bhubaneswar,2024-04-13T00:00,2024,23.7,76,7.3,0.0,26.1,1005.8,19.2,ERA5_Reanalysis_ECMWF
Bhubaneswar,2024-04-13T01:00,2024,23.6,75,7.1,0.0,25.9,1005.4,19.0,ERA5_Reanalysis_ECMWF
Bhubaneswar,2024-04-13T02:00,2024,23.2,77,6.4,0.0,25.6,1004.8,19.0,ERA5_Reanalysis_ECMWF
Bhubaneswar,2024-04-13T03:00,2024,22.8,79,6.9,0.0,25.2,1004.8,19.1,ERA5_Reanalysis_ECMWF
Bhubaneswar,2024-04-13T04:00,2024,22.5,82,7.5,0.0,24.9,1005.2,19.3,ERA5_Reanalysis_ECMWF
Bhubaneswar,2024-04-13T05:00,2024,22.5,83,7.9,0.0,24.9,1006.0,19.4,ERA5_Reanalysis_ECMWF
Bhubaneswar,2024-04-13T06:00,2024,25.3,72,11.1,54.0,27.5,1006.8,20.0,ERA5_Reanalysis_ECMWF
Bhubaneswar,2024-04-13T07:00,2024,27.6,67,8.0,244.0,30.8,1007.9,21.0,ERA5_Reanalysis_ECMWF
Bhubaneswar,2024-04-13T08:00,2024,30.1,60,7.8,467.0,33.6,1008.0,21.5,ERA5_Reanalysis_ECMWF
Bhubaneswar,2024-04-13T09:00,2024,32.5,48,8.9,672.0,35.8,1007.8,20.1,ERA5_Reanalysis_ECMWF
Bhubaneswar,2024-04-13T10:00,2024,34.0,40,9.1,829.0,37.5,1007.8,18.6,ERA5_Reanalysis_ECMWF
Bhubaneswar,2024-04-13T11:00,2024,34.9,37,7.2,922.0,39.1,1006.8,18.3,ERA5_Reanalysis_ECMWF
Bhubaneswar,2024-04-13T12:00,2024,35.6,36,5.4,943.0,40.3,1005.4,18.2,ERA5_Reanalysis_ECMWF
Bhubaneswar,2024-04-13T13:00,2024,36.2,34,4.7,869.0,40.3,1004.3,17.7,ERA5_Reanalysis_ECMWF
Bhubaneswar,2024-04-13T14:00,2024,36.3,33,5.6,711.0,39.2,1003.1,17.6,ERA5_Reanalysis_ECMWF
Bhubaneswar,2024-04-13T15:00,2024,35.6,33,10.5,475.0,36.4,1002.7,16.7,ERA5_Reanalysis_ECMWF
Bhubaneswar,2024-04-13T16:00,2024,33.8,40,9.4,194.0,35.4,1002.4,18.4,ERA5_Reanalysis_ECMWF
Bhubaneswar,2024-04-13T17:00,2024,32.1,50,5.6,134.0,35.3,1002.6,20.4,ERA5_Reanalysis_ECMWF
Bhubaneswar,2024-04-13T18:00,2024,30.7,50,5.5,10.0,33.3,1003.3,19.1,ERA5_Reanalysis_ECMWF
Bhubaneswar,2024-04-13T19:00,2024,30.4,50,9.7,0.0,32.2,1004.1,18.7,ERA5_Reanalysis_ECMWF
Bhubaneswar,2024-04-13T20:00,2024,29.5,52,11.1,0.0,31.0,1005.2,18.6,ERA5_Reanalysis_ECMWF
Bhubaneswar,2024-04-13T21:00,2024,28.8,58,11.6,0.0,30.9,1005.9,19.8,ERA5_Reanalysis_ECMWF
Bhubaneswar,2024-04-13T22:00,2024,27.9,66,9.8,0.0,30.8,1005.7,21.0,ERA5_Reanalysis_ECMWF
Bhubaneswar,2024-04-13T23:00,2024,27.0,73,7.4,0.0,30.6,1005.6,21.7,ERA5_Reanalysis_ECMWF
Bhubaneswar,2024-04-14T00:00,2024,26.4,78,6.9,0.0,30.3,1005.1,22.1,ERA5_Reanalysis_ECMWF
Bhubaneswar,2024-04-14T01:00,2024,25.8,79,6.3,0.0,29.8,1004.7,22.0,ERA5_Reanalysis_ECMWF
Bhubaneswar,2024-04-14T02:00,2024,24.9,81,5.3,0.0,28.7,1004.7,21.5,ERA5_Reanalysis_ECMWF
Bhubaneswar,2024-04-14T03:00,2024,24.4,81,6.1,0.0,27.8,1004.8,21.0,ERA5_Reanalysis_ECMWF
Bhubaneswar,2024-04-14T04:00,2024,24.1,81,6.2,0.0,27.4,1005.1,20.7,ERA5_Reanalysis_ECMWF
Bhubaneswar,2024-04-14T05:00,2024,24.0,82,5.1,0.0,27.5,1005.7,20.8,ERA5_Reanalysis_ECMWF
Bhubaneswar,2024-04-14T06:00,2024,26.7,71,7.5,50.0,30.0,1007.0,21.0,ERA5_Reanalysis_ECMWF
Bhubaneswar,2024-04-14T07:00,2024,28.8,65,1.3,181.0,33.2,1007.7,21.5,ERA5_Reanalysis_ECMWF
Bhubaneswar,2024-04-14T08:00,2024,31.2,55,3.5,404.0,35.1,1008.1,21.1,ERA5_Reanalysis_ECMWF
Bhubaneswar,2024-04-14T09:00,2024,33.1,51,2.6,659.0,38.1,1008.1,21.6,ERA5_Reanalysis_ECMWF
Bhubaneswar,2024-04-14T10:00,2024,34.6,45,3.3,818.0,40.2,1007.4,20.9,ERA5_Reanalysis_ECMWF
Bhubaneswar,2024-04-14T11:00,2024,35.8,41,3.2,913.0,41.7,1006.4,20.3,ERA5_Reanalysis_ECMWF
Bhubaneswar,2024-04-14T12:00,2024,36.6,38,4.0,931.0,42.2,1005.3,19.9,ERA5_Reanalysis_ECMWF
Bhubaneswar,2024-04-14T13:00,2024,36.9,36,2.9,871.0,42.1,1004.0,19.4,ERA5_Reanalysis_ECMWF
Bhubaneswar,2024-04-14T14:00,2024,37.3,35,4.8,757.0,41.3,1002.9,19.1,ERA5_Reanalysis_ECMWF
Bhubaneswar,2024-04-14T15:00,2024,37.0,33,7.0,541.0,38.9,1002.3,18.2,ERA5_Reanalysis_ECMWF
Bhubaneswar,2024-04-14T16:00,2024,36.3,35,6.2,331.0,38.6,1002.4,18.6,ERA5_Reanalysis_ECMWF
Bhubaneswar,2024-04-14T17:00,2024,33.7,47,8.5,143.0,36.7,1003.0,20.8,ERA5_Reanalysis_ECMWF
Bhubaneswar,2024-04-14T18:00,2024,31.9,53,7.7,12.0,35.3,1003.8,21.3,ERA5_Reanalysis_ECMWF
Bhubaneswar,2024-04-14T19:00,2024,31.1,55,9.7,0.0,34.0,1004.5,20.9,ERA5_Reanalysis_ECMWF
Bhubaneswar,2024-04-14T20:00,2024,29.8,59,9.2,0.0,32.8,1005.6,21.0,ERA5_Reanalysis_ECMWF
Bhubaneswar,2024-04-14T21:00,2024,28.8,65,10.0,0.0,32.0,1005.7,21.6,ERA5_Reanalysis_ECMWF
Bhubaneswar,2024-04-14T22:00,2024,28.0,73,11.1,0.0,31.6,1005.9,22.6,ERA5_Reanalysis_ECMWF
Bhubaneswar,2024-04-14T23:00,2024,27.6,77,11.5,0.0,31.5,1005.5,23.2,ERA5_Reanalysis_ECMWF
Bhubaneswar,2024-04-15T00:00,2024,27.1,81,10.2,0.0,31.4,1004.7,23.5,ERA5_Reanalysis_ECMWF
Bhubaneswar,2024-04-15T01:00,2024,26.5,83,8.2,0.0,31.0,1004.6,23.3,ERA5_Reanalysis_ECMWF
Bhubaneswar,2024-04-15T02:00,2024,26.0,82,7.7,0.0,30.1,1004.3,22.6,ERA5_Reanalysis_ECMWF
Bhubaneswar,2024-04-15T03:00,2024,25.9,77,8.5,0.0,29.3,1004.0,21.5,ERA5_Reanalysis_ECMWF
Bhubaneswar,2024-04-15T04:00,2024,25.6,74,7.9,0.0,28.5,1004.3,20.6,ERA5_Reanalysis_ECMWF
Bhubaneswar,2024-04-15T05:00,2024,25.0,74,6.6,0.0,28.0,1004.9,20.2,ERA5_Reanalysis_ECMWF
Bhubaneswar,2024-04-15T06:00,2024,26.8,70,1.3,57.0,30.9,1005.9,20.9,ERA5_Reanalysis_ECMWF
Bhubaneswar,2024-04-15T07:00,2024,29.4,61,1.1,248.0,33.7,1006.6,21.1,ERA5_Reanalysis_ECMWF
Bhubaneswar,2024-04-15T08:00,2024,32.1,53,4.7,472.0,35.8,1007.3,21.2,ERA5_Reanalysis_ECMWF
Bhubaneswar,2024-04-15T09:00,2024,34.4,45,6.2,675.0,38.5,1007.2,20.8,ERA5_Reanalysis_ECMWF
Bhubaneswar,2024-04-15T10:00,2024,36.3,38,6.4,832.0,40.7,1006.7,19.6,ERA5_Reanalysis_ECMWF
Bhubaneswar,2024-04-15T11:00,2024,37.8,32,6.1,926.0,42.1,1005.9,18.1,ERA5_Reanalysis_ECMWF
Bhubaneswar,2024-04-15T12:00,2024,38.8,28,4.7,930.0,42.9,1004.9,16.8,ERA5_Reanalysis_ECMWF
Bhubaneswar,2024-04-15T13:00,2024,38.5,28,6.9,767.0,41.1,1003.6,16.6,ERA5_Reanalysis_ECMWF
Bhubaneswar,2024-04-15T14:00,2024,38.5,28,9.7,734.0,40.5,1002.5,16.8,ERA5_Reanalysis_ECMWF
Bhubaneswar,2024-04-15T15:00,2024,38.2,28,9.7,577.0,39.2,1001.8,16.7,ERA5_Reanalysis_ECMWF
Bhubaneswar,2024-04-15T16:00,2024,37.6,34,4.9,360.0,40.1,1001.2,18.8,ERA5_Reanalysis_ECMWF
Bhubaneswar,2024-04-15T17:00,2024,35.3,38,9.7,153.0,37.2,1001.9,18.8,ERA5_Reanalysis_ECMWF
Bhubaneswar,2024-04-15T18:00,2024,31.7,48,16.7,13.0,32.7,1002.9,19.2,ERA5_Reanalysis_ECMWF
Bhubaneswar,2024-04-15T19:00,2024,30.4,67,16.6,0.0,33.7,1003.8,23.6,ERA5_Reanalysis_ECMWF
Bhubaneswar,2024-04-15T20:00,2024,29.5,77,15.7,0.0,34.0,1004.5,25.1,ERA5_Reanalysis_ECMWF
Bhubaneswar,2024-04-15T21:00,2024,28.9,82,15.3,0.0,33.7,1004.6,25.5,ERA5_Reanalysis_ECMWF
Bhubaneswar,2024-04-15T22:00,2024,28.6,82,14.4,0.0,33.3,1004.6,25.2,ERA5_Reanalysis_ECMWF
Bhubaneswar,2024-04-15T23:00,2024,28.2,83,12.2,0.0,33.1,1004.1,25.1,ERA5_Reanalysis_ECMWF
Bhubaneswar,2024-04-16T00:00,2024,27.9,84,12.0,0.0,32.8,1003.6,24.9,ERA5_Reanalysis_ECMWF
Bhubaneswar,2024-04-16T01:00,2024,27.7,85,10.9,0.0,32.7,1003.2,24.9,ERA5_Reanalysis_ECMWF
Bhubaneswar,2024-04-16T02:00,2024,27.4,86,11.0,0.0,32.4,1002.6,24.9,ERA5_Reanalysis_ECMWF
Bhubaneswar,2024-04-16T03:00,2024,26.9,88,8.9,0.0,32.2,1002.5,24.8,ERA5_Reanalysis_ECMWF
Bhubaneswar,2024-04-16T04:00,2024,26.5,89,7.4,0.0,31.9,1002.5,24.6,ERA5_Reanalysis_ECMWF
Bhubaneswar,2024-04-16T05:00,2024,26.2,90,6.6,0.0,31.5,1002.6,24.3,ERA5_Reanalysis_ECMWF
Bhubaneswar,2024-04-16T06:00,2024,28.8,74,11.0,58.0,33.1,1003.3,23.8,ERA5_Reanalysis_ECMWF
Bhubaneswar,2024-04-16T07:00,2024,31.1,68,6.3,249.0,36.7,1004.1,24.6,ERA5_Reanalysis_ECMWF
Bhubaneswar,2024-04-16T08:00,2024,33.4,61,5.5,471.0,39.2,1004.7,24.8,ERA5_Reanalysis_ECMWF
Bhubaneswar,2024-04-16T09:00,2024,35.8,48,6.6,672.0,41.0,1004.4,22.9,ERA5_Reanalysis_ECMWF
Bhubaneswar,2024-04-16T10:00,2024,37.4,39,6.1,826.0,42.7,1003.9,21.3,ERA5_Reanalysis_ECMWF
Bhubaneswar,2024-04-16T11:00,2024,38.7,35,5.6,919.0,44.3,1003.0,20.7,ERA5_Reanalysis_ECMWF
Bhubaneswar,2024-04-16T12:00,2024,39.5,32,6.1,939.0,44.8,1001.8,19.9,ERA5_Reanalysis_ECMWF
Bhubaneswar,2024-04-16T13:00,2024,39.9,31,7.1,846.0,44.2,1000.5,19.5,ERA5_Reanalysis_ECMWF
Bhubaneswar,2024-04-16T14:00,2024,39.6,30,8.3,685.0,42.4,999.6,18.8,ERA5_Reanalysis_ECMWF
Bhubaneswar,2024-04-16T15:00,2024,39.3,30,8.3,533.0,41.1,999.3,18.4,ERA5_Reanalysis_ECMWF
Bhubaneswar,2024-04-16T16:00,2024,38.2,33,9.0,314.0,40.1,999.2,18.9,ERA5_Reanalysis_ECMWF
Bhubaneswar,2024-04-16T17:00,2024,35.4,56,6.7,143.0,41.2,999.6,25.2,ERA5_Reanalysis_ECMWF
Bhubaneswar,2024-04-16T18:00,2024,34.2,48,9.2,13.0,37.5,1000.7,21.6,ERA5_Reanalysis_ECMWF
Bhubaneswar,2024-04-16T19:00,2024,32.4,54,15.2,0.0,35.0,1001.7,21.9,ERA5_Reanalysis_ECMWF
Bhubaneswar,2024-04-16T20:00,2024,31.4,60,11.3,0.0,35.0,1002.5,22.6,ERA5_Reanalysis_ECMWF
Bhubaneswar,2024-04-16T21:00,2024,30.4,67,14.0,0.0,34.1,1002.9,23.6,ERA5_Reanalysis_ECMWF
Bhubaneswar,2024-04-16T22:00,2024,30.1,67,13.4,0.0,33.8,1002.5,23.3,ERA5_Reanalysis_ECMWF
Bhubaneswar,2024-04-16T23:00,2024,29.5,71,13.3,0.0,33.5,1001.9,23.8,ERA5_Reanalysis_ECMWF
Bhubaneswar,2024-04-17T00:00,2024,29.1,72,12.8,0.0,33.1,1001.1,23.7,ERA5_Reanalysis_ECMWF
Bhubaneswar,2024-04-17T01:00,2024,28.7,74,11.4,0.0,33.0,1000.5,23.7,ERA5_Reanalysis_ECMWF
Bhubaneswar,2024-04-17T02:00,2024,28.3,77,10.3,0.0,32.7,1000.0,23.8,ERA5_Reanalysis_ECMWF
Bhubaneswar,2024-04-17T03:00,2024,27.8,78,10.1,0.0,32.2,999.8,23.7,ERA5_Reanalysis_ECMWF
Bhubaneswar,2024-04-17T04:00,2024,27.4,81,9.8,0.0,31.8,1000.1,23.7,ERA5_Reanalysis_ECMWF
Bhubaneswar,2024-04-17T05:00,2024,27.0,82,8.2,0.0,31.7,1000.8,23.6,ERA5_Reanalysis_ECMWF
Bhubaneswar,2024-04-17T06:00,2024,28.8,76,10.0,60.0,33.5,1001.6,24.1,ERA5_Reanalysis_ECMWF
Bhubaneswar,2024-04-17T07:00,2024,31.4,67,7.9,252.0,36.5,1002.3,24.4,ERA5_Reanalysis_ECMWF
Bhubaneswar,2024-04-17T08:00,2024,34.2,55,7.9,473.0,39.0,1002.9,23.8,ERA5_Reanalysis_ECMWF
Bhubaneswar,2024-04-17T09:00,2024,36.6,44,9.9,676.0,41.0,1002.7,22.4,ERA5_Reanalysis_ECMWF
Bhubaneswar,2024-04-17T10:00,2024,38.9,34,10.3,831.0,42.9,1002.2,20.1,ERA5_Reanalysis_ECMWF
Bhubaneswar,2024-04-17T11:00,2024,40.3,28,11.4,913.0,43.6,1001.4,18.1,ERA5_Reanalysis_ECMWF
Bhubaneswar,2024-04-17T12:00,2024,40.8,25,14.3,903.0,43.1,1000.3,17.0,ERA5_Reanalysis_ECMWF
Bhubaneswar,2024-04-17T13:00,2024,40.5,25,14.5,814.0,42.1,999.3,16.8,ERA5_Reanalysis_ECMWF
Bhubaneswar,2024-04-17T14:00,2024,40.9,25,10.8,686.0,42.5,998.4,16.9,ERA5_Reanalysis_ECMWF
Bhubaneswar,2024-04-17T15:00,2024,40.8,23,15.0,518.0,40.4,997.8,15.5,ERA5_Reanalysis_ECMWF
Bhubaneswar,2024-04-17T16:00,2024,39.4,26,10.5,326.0,40.0,997.7,16.3,ERA5_Reanalysis_ECMWF
Bhubaneswar,2024-04-17T17:00,2024,36.6,42,4.2,148.0,40.6,998.3,21.6,ERA5_Reanalysis_ECMWF
Bhubaneswar,2024-04-17T18:00,2024,33.6,55,15.8,14.0,36.8,1000.0,23.2,ERA5_Reanalysis_ECMWF
Bhubaneswar,2024-04-17T19:00,2024,32.7,58,15.6,0.0,36.2,1000.5,23.5,ERA5_Reanalysis_ECMWF
Bhubaneswar,2024-04-17T20:00,2024,31.3,64,15.6,0.0,34.9,1001.0,23.7,ERA5_Reanalysis_ECMWF
Bhubaneswar,2024-04-17T21:00,2024,30.7,68,14.6,0.0,34.7,1001.3,24.2,ERA5_Reanalysis_ECMWF
Bhubaneswar,2024-04-17T22:00,2024,30.0,73,15.6,0.0,34.1,1001.5,24.6,ERA5_Reanalysis_ECMWF
Bhubaneswar,2024-04-17T23:00,2024,29.5,75,15.1,0.0,33.7,1000.9,24.5,ERA5_Reanalysis_ECMWF
Bhubaneswar,2024-04-18T00:00,2024,29.0,77,15.7,0.0,33.1,1000.2,24.5,ERA5_Reanalysis_ECMWF
Bhubaneswar,2024-04-18T01:00,2024,28.7,76,12.8,0.0,33.0,999.8,24.1,ERA5_Reanalysis_ECMWF
Bhubaneswar,2024-04-18T02:00,2024,28.2,77,9.7,0.0,32.8,999.4,23.9,ERA5_Reanalysis_ECMWF
Bhubaneswar,2024-04-18T03:00,2024,27.7,78,8.4,0.0,32.3,999.3,23.6,ERA5_Reanalysis_ECMWF
Bhubaneswar,2024-04-18T04:00,2024,26.9,80,5.9,0.0,31.6,1000.1,23.1,ERA5_Reanalysis_ECMWF
Bhubaneswar,2024-04-18T05:00,2024,27.3,74,3.1,0.0,31.9,1000.8,22.3,ERA5_Reanalysis_ECMWF
Bhubaneswar,2024-04-18T06:00,2024,28.5,76,4.1,62.0,33.8,1001.5,23.8,ERA5_Reanalysis_ECMWF
Bhubaneswar,2024-04-18T07:00,2024,31.3,64,4.2,257.0,36.6,1002.2,23.7,ERA5_Reanalysis_ECMWF
Bhubaneswar,2024-04-18T08:00,2024,33.9,49,7.0,484.0,37.6,1002.9,21.8,ERA5_Reanalysis_ECMWF
Bhubaneswar,2024-04-18T09:00,2024,36.4,37,7.9,690.0,39.6,1002.9,19.4,ERA5_Reanalysis_ECMWF
Bhubaneswar,2024-04-18T10:00,2024,38.3,30,8.7,848.0,41.5,1002.4,17.8,ERA5_Reanalysis_ECMWF
Bhubaneswar,2024-04-18T11:00,2024,39.6,25,5.4,942.0,43.1,1001.5,15.6,ERA5_Reanalysis_ECMWF
Bhubaneswar,2024-04-18T12:00,2024,40.2,22,7.2,964.0,43.1,1000.4,14.4,ERA5_Reanalysis_ECMWF
Bhubaneswar,2024-04-18T13:00,2024,40.5,22,5.2,900.0,43.4,999.2,14.8,ERA5_Reanalysis_ECMWF
Bhubaneswar,2024-04-18T14:00,2024,41.2,18,5.5,782.0,42.6,997.8,12.4,ERA5_Reanalysis_ECMWF
Bhubaneswar,2024-04-18T15:00,2024,40.7,18,14.9,604.0,39.3,997.0,11.6,ERA5_Reanalysis_ECMWF
Bhubaneswar,2024-04-18T16:00,2024,39.9,19,11.7,387.0,38.8,996.5,12.0,ERA5_Reanalysis_ECMWF
Bhubaneswar,2024-04-18T17:00,2024,36.9,25,8.2,163.0,36.8,997.2,13.6,ERA5_Reanalysis_ECMWF
Bhubaneswar,2024-04-18T18:00,2024,32.8,31,7.1,15.0,32.9,998.7,13.7,ERA5_Reanalysis_ECMWF
Bhubaneswar,2024-04-18T19:00,2024,30.4,66,16.6,0.0,33.6,999.6,23.3,ERA5_Reanalysis_ECMWF
Bhubaneswar,2024-04-18T20:00,2024,30.0,72,11.8,0.0,34.6,999.8,24.4,ERA5_Reanalysis_ECMWF
Bhubaneswar,2024-04-18T21:00,2024,28.9,79,13.7,0.0,33.5,1000.1,24.9,ERA5_Reanalysis_ECMWF
Bhubaneswar,2024-04-18T22:00,2024,28.5,83,13.5,0.0,33.5,1000.0,25.4,ERA5_Reanalysis_ECMWF
Bhubaneswar,2024-04-18T23:00,2024,28.0,87,13.4,0.0,33.2,999.4,25.6,ERA5_Reanalysis_ECMWF
Bhubaneswar,2024-04-19T00:00,2024,27.4,89,10.8,0.0,32.8,998.9,25.4,ERA5_Reanalysis_ECMWF
Bhubaneswar,2024-04-19T01:00,2024,26.8,88,6.9,0.0,32.2,998.3,24.6,ERA5_Reanalysis_ECMWF
Bhubaneswar,2024-04-19T02:00,2024,26.2,85,6.2,0.0,31.0,998.0,23.5,ERA5_Reanalysis_ECMWF
Bhubaneswar,2024-04-19T03:00,2024,25.2,82,7.1,0.0,29.1,998.1,22.0,ERA5_Reanalysis_ECMWF
Bhubaneswar,2024-04-19T04:00,2024,24.9,78,6.9,0.0,28.1,998.6,20.7,ERA5_Reanalysis_ECMWF
Bhubaneswar,2024-04-19T05:00,2024,24.2,79,6.2,0.0,27.3,999.2,20.3,ERA5_Reanalysis_ECMWF
Bhubaneswar,2024-04-19T06:00,2024,27.1,77,6.2,66.0,31.5,999.8,22.7,ERA5_Reanalysis_ECMWF
Bhubaneswar,2024-04-19T07:00,2024,30.4,65,4.2,264.0,35.4,1000.8,23.2,ERA5_Reanalysis_ECMWF
Bhubaneswar,2024-04-19T08:00,2024,33.0,58,1.4,491.0,38.6,1001.1,23.6,ERA5_Reanalysis_ECMWF
Bhubaneswar,2024-04-19T09:00,2024,35.4,48,1.6,696.0,41.5,1001.1,22.8,ERA5_Reanalysis_ECMWF
Bhubaneswar,2024-04-19T10:00,2024,37.6,38,3.0,852.0,43.4,1000.5,21.0,ERA5_Reanalysis_ECMWF
Bhubaneswar,2024-04-19T11:00,2024,39.1,31,1.9,945.0,44.9,999.8,19.2,ERA5_Reanalysis_ECMWF
Bhubaneswar,2024-04-19T12:00,2024,40.3,25,0.5,973.0,45.2,998.5,16.2,ERA5_Reanalysis_ECMWF
Bhubaneswar,2024-04-19T13:00,2024,40.8,21,2.3,914.0,44.2,997.2,14.2,ERA5_Reanalysis_ECMWF
Bhubaneswar,2024-04-19T14:00,2024,41.2,18,6.8,794.0,42.4,996.2,12.4,ERA5_Reanalysis_ECMWF
Bhubaneswar,2024-04-19T15:00,2024,41.4,17,1.1,608.0,42.1,995.5,11.8,ERA5_Reanalysis_ECMWF
Bhubaneswar,2024-04-19T16:00,2024,38.0,39,20.7,385.0,39.6,995.4,21.6,ERA5_Reanalysis_ECMWF
Bhubaneswar,2024-04-19T17:00,2024,34.2,53,18.6,161.0,37.1,996.1,23.3,ERA5_Reanalysis_ECMWF
Bhubaneswar,2024-04-19T18:00,2024,31.7,70,18.9,15.0,35.9,997.5,25.5,ERA5_Reanalysis_ECMWF
Bhubaneswar,2024-04-19T19:00,2024,30.3,75,18.2,0.0,34.7,998.3,25.5,ERA5_Reanalysis_ECMWF
Bhubaneswar,2024-04-19T20:00,2024,29.3,81,21.1,0.0,33.4,998.9,25.7,ERA5_Reanalysis_ECMWF
Bhubaneswar,2024-04-19T21:00,2024,28.8,84,21.6,0.0,33.0,998.8,25.9,ERA5_Reanalysis_ECMWF
Bhubaneswar,2024-04-19T22:00,2024,28.5,86,20.6,0.0,32.7,998.8,25.8,ERA5_Reanalysis_ECMWF
Bhubaneswar,2024-04-19T23:00,2024,28.2,86,17.5,0.0,32.8,998.3,25.6,ERA5_Reanalysis_ECMWF
Bhubaneswar,2024-04-20T00:00,2024,27.8,88,15.8,0.0,32.6,997.6,25.7,ERA5_Reanalysis_ECMWF
Bhubaneswar,2024-04-20T01:00,2024,27.5,89,15.4,0.0,32.4,997.0,25.6,ERA5_Reanalysis_ECMWF
Bhubaneswar,2024-04-20T02:00,2024,27.3,89,13.6,0.0,32.2,996.9,25.4,ERA5_Reanalysis_ECMWF
Bhubaneswar,2024-04-20T03:00,2024,27.0,91,14.1,0.0,32.0,996.9,25.5,ERA5_Reanalysis_ECMWF
Bhubaneswar,2024-04-20T04:00,2024,26.9,90,12.1,0.0,32.0,997.4,25.2,ERA5_Reanalysis_ECMWF
Bhubaneswar,2024-04-20T05:00,2024,26.5,92,10.0,0.0,31.8,998.0,25.1,ERA5_Reanalysis_ECMWF
Bhubaneswar,2024-04-20T06:00,2024,28.7,87,13.1,67.0,34.5,998.6,26.4,ERA5_Reanalysis_ECMWF
Bhubaneswar,2024-04-20T07:00,2024,30.8,79,10.6,263.0,37.1,999.7,26.7,ERA5_Reanalysis_ECMWF
Bhubaneswar,2024-04-20T08:00,2024,33.2,67,12.6,486.0,38.8,1000.3,26.1,ERA5_Reanalysis_ECMWF
Bhubaneswar,2024-04-20T09:00,2024,35.3,57,13.4,686.0,41.1,1000.3,25.5,ERA5_Reanalysis_ECMWF
Bhubaneswar,2024-04-20T10:00,2024,37.0,50,13.6,839.0,43.1,999.9,24.8,ERA5_Reanalysis_ECMWF
Bhubaneswar,2024-04-20T11:00,2024,38.3,45,14.8,927.0,44.4,999.1,24.2,ERA5_Reanalysis_ECMWF
Bhubaneswar,2024-04-20T12:00,2024,39.1,41,14.6,942.0,44.9,998.0,23.6,ERA5_Reanalysis_ECMWF
Bhubaneswar,2024-04-20T13:00,2024,39.3,41,15.8,863.0,44.5,996.9,23.7,ERA5_Reanalysis_ECMWF
Bhubaneswar,2024-04-20T14:00,2024,38.4,43,12.8,569.0,42.5,996.4,23.7,ERA5_Reanalysis_ECMWF
Bhubaneswar,2024-04-20T15:00,2024,38.3,43,10.9,523.0,42.5,995.8,23.6,ERA5_Reanalysis_ECMWF
Bhubaneswar,2024-04-20T16:00,2024,36.6,50,16.8,317.0,40.6,996.0,24.6,ERA5_Reanalysis_ECMWF
Bhubaneswar,2024-04-20T17:00,2024,34.2,61,20.3,116.0,38.3,996.5,25.6,ERA5_Reanalysis_ECMWF
Bhubaneswar,2024-04-20T18:00,2024,31.7,71,19.5,14.0,36.2,997.4,25.9,ERA5_Reanalysis_ECMWF
Bhubaneswar,2024-04-20T19:00,2024,31.1,74,17.1,0.0,35.9,998.2,25.9,ERA5_Reanalysis_ECMWF
Bhubaneswar,2024-04-20T20:00,2024,30.7,73,17.2,0.0,35.0,998.7,25.2,ERA5_Reanalysis_ECMWF
Bhubaneswar,2024-04-20T21:00,2024,30.1,76,16.2,0.0,34.8,999.1,25.5,ERA5_Reanalysis_ECMWF
Bhubaneswar,2024-04-20T22:00,2024,29.6,81,16.5,0.0,34.6,999.1,26.0,ERA5_Reanalysis_ECMWF
Bhubaneswar,2024-04-20T23:00,2024,29.2,85,16.6,0.0,34.3,998.4,26.3,ERA5_Reanalysis_ECMWF
Bhubaneswar,2024-04-21T00:00,2024,28.7,87,14.3,0.0,34.2,997.8,26.3,ERA5_Reanalysis_ECMWF
Bhubaneswar,2024-04-21T01:00,2024,28.3,88,13.2,0.0,33.8,997.6,26.1,ERA5_Reanalysis_ECMWF
Bhubaneswar,2024-04-21T02:00,2024,28.1,85,11.2,0.0,33.5,997.1,25.4,ERA5_Reanalysis_ECMWF
Bhubaneswar,2024-04-21T03:00,2024,27.5,86,6.1,0.0,33.3,997.5,25.0,ERA5_Reanalysis_ECMWF
Bhubaneswar,2024-04-21T04:00,2024,26.7,89,4.8,0.0,32.6,998.0,24.8,ERA5_Reanalysis_ECMWF
Bhubaneswar,2024-04-21T05:00,2024,26.3,90,4.6,0.0,32.0,998.5,24.5,ERA5_Reanalysis_ECMWF
Bhubaneswar,2024-04-21T06:00,2024,28.9,87,7.2,58.0,35.6,1000.0,26.5,ERA5_Reanalysis_ECMWF
Bhubaneswar,2024-04-21T07:00,2024,31.2,79,7.3,226.0,38.2,1000.6,27.1,ERA5_Reanalysis_ECMWF
Bhubaneswar,2024-04-21T08:00,2024,34.0,64,7.4,458.0,40.5,1001.0,26.3,ERA5_Reanalysis_ECMWF
Bhubaneswar,2024-04-21T09:00,2024,36.5,53,6.4,677.0,43.3,1001.1,25.4,ERA5_Reanalysis_ECMWF
Bhubaneswar,2024-04-21T10:00,2024,38.5,43,6.5,826.0,45.1,1000.8,23.8,ERA5_Reanalysis_ECMWF
Bhubaneswar,2024-04-21T11:00,2024,40.2,35,7.4,920.0,46.0,999.8,21.7,ERA5_Reanalysis_ECMWF
Bhubaneswar,2024-04-21T12:00,2024,41.0,31,10.8,932.0,45.6,999.0,20.4,ERA5_Reanalysis_ECMWF
Bhubaneswar,2024-04-21T13:00,2024,38.8,34,7.4,722.0,42.6,998.6,20.2,ERA5_Reanalysis_ECMWF
Bhubaneswar,2024-04-21T14:00,2024,40.4,31,4.7,665.0,44.2,997.4,19.9,ERA5_Reanalysis_ECMWF
Bhubaneswar,2024-04-21T15:00,2024,40.1,29,6.3,502.0,42.2,997.0,18.5,ERA5_Reanalysis_ECMWF
Bhubaneswar,2024-04-21T16:00,2024,38.9,33,16.1,343.0,40.3,996.6,19.8,ERA5_Reanalysis_ECMWF
Bhubaneswar,2024-04-21T17:00,2024,35.3,55,20.4,125.0,38.8,997.6,24.7,ERA5_Reanalysis_ECMWF
Bhubaneswar,2024-04-21T18:00,2024,33.0,68,19.4,10.0,37.7,999.0,26.3,ERA5_Reanalysis_ECMWF
Bhubaneswar,2024-04-21T19:00,2024,32.2,72,14.8,0.0,37.7,999.5,26.5,ERA5_Reanalysis_ECMWF
Bhubaneswar,2024-04-21T20:00,2024,31.3,75,13.9,0.0,36.8,1000.4,26.3,ERA5_Reanalysis_ECMWF
Bhubaneswar,2024-04-21T21:00,2024,30.8,77,11.9,0.0,36.7,1000.7,26.3,ERA5_Reanalysis_ECMWF
Bhubaneswar,2024-04-21T22:00,2024,30.5,79,14.7,0.0,35.9,1000.4,26.3,ERA5_Reanalysis_ECMWF
Bhubaneswar,2024-04-21T23:00,2024,29.8,81,15.5,0.0,35.1,999.5,26.3,ERA5_Reanalysis_ECMWF
Bhubaneswar,2024-04-22T00:00,2024,29.5,82,14.3,0.0,34.9,999.1,26.1,ERA5_Reanalysis_ECMWF
Bhubaneswar,2024-04-22T01:00,2024,29.2,81,12.6,0.0,34.6,998.8,25.7,ERA5_Reanalysis_ECMWF
Bhubaneswar,2024-04-22T02:00,2024,29.0,81,12.5,0.0,34.2,998.2,25.5,ERA5_Reanalysis_ECMWF
Bhubaneswar,2024-04-22T03:00,2024,28.4,85,8.3,0.0,34.3,998.4,25.6,ERA5_Reanalysis_ECMWF
Bhubaneswar,2024-04-22T04:00,2024,27.9,86,6.4,0.0,33.9,998.8,25.4,ERA5_Reanalysis_ECMWF
Bhubaneswar,2024-04-22T05:00,2024,27.6,87,7.2,0.0,33.5,999.3,25.3,ERA5_Reanalysis_ECMWF
Bhubaneswar,2024-04-22T06:00,2024,30.2,75,7.9,58.0,36.0,1000.2,25.3,ERA5_Reanalysis_ECMWF
Bhubaneswar,2024-04-22T07:00,2024,32.3,68,4.6,256.0,38.6,1001.9,25.5,ERA5_Reanalysis_ECMWF
Bhubaneswar,2024-04-22T08:00,2024,34.7,47,5.9,460.0,38.7,1002.8,21.9,ERA5_Reanalysis_ECMWF
Bhubaneswar,2024-04-22T09:00,2024,36.6,39,8.7,658.0,40.0,1002.8,20.3,ERA5_Reanalysis_ECMWF
Bhubaneswar,2024-04-22T10:00,2024,37.8,37,12.4,750.0,41.1,1002.4,20.4,ERA5_Reanalysis_ECMWF
Bhubaneswar,2024-04-22T11:00,2024,39.5,32,10.7,914.0,43.7,1001.5,19.8,ERA5_Reanalysis_ECMWF
Bhubaneswar,2024-04-22T12:00,2024,39.9,32,11.5,804.0,43.5,1000.6,20.2,ERA5_Reanalysis_ECMWF
Bhubaneswar,2024-04-22T13:00,2024,37.1,38,13.5,607.0,39.6,1001.0,20.6,ERA5_Reanalysis_ECMWF
Bhubaneswar,2024-04-22T14:00,2024,39.1,28,13.4,667.0,40.4,999.7,17.4,ERA5_Reanalysis_ECMWF
Bhubaneswar,2024-04-22T15:00,2024,38.9,27,15.9,515.0,38.8,999.0,16.5,ERA5_Reanalysis_ECMWF
Bhubaneswar,2024-04-22T16:00,2024,38.3,29,14.0,365.0,38.7,998.9,16.9,ERA5_Reanalysis_ECMWF
Bhubaneswar,2024-04-22T17:00,2024,36.5,34,8.4,131.0,38.3,999.1,18.3,ERA5_Reanalysis_ECMWF
Bhubaneswar,2024-04-22T18:00,2024,34.9,36,17.1,14.0,35.1,1001.4,17.6,ERA5_Reanalysis_ECMWF
Bhubaneswar,2024-04-22T19:00,2024,33.3,32,18.2,0.0,32.1,1002.2,14.5,ERA5_Reanalysis_ECMWF
Bhubaneswar,2024-04-22T20:00,2024,32.9,35,23.6,0.0,31.2,1002.7,15.3,ERA5_Reanalysis_ECMWF
Bhubaneswar,2024-04-22T21:00,2024,32.1,37,16.6,0.0,31.4,1003.2,15.4,ERA5_Reanalysis_ECMWF
Bhubaneswar,2024-04-22T22:00,2024,31.0,40,11.4,0.0,31.3,1003.2,15.8,ERA5_Reanalysis_ECMWF
Bhubaneswar,2024-04-22T23:00,2024,30.1,42,11.8,0.0,30.4,1002.7,16.0,ERA5_Reanalysis_ECMWF
Bhubaneswar,2024-04-23T00:00,2024,29.5,44,10.8,0.0,29.9,1001.6,15.8,ERA5_Reanalysis_ECMWF
Bhubaneswar,2024-04-23T01:00,2024,28.9,44,8.7,0.0,29.5,1000.9,15.6,ERA5_Reanalysis_ECMWF
Bhubaneswar,2024-04-23T02:00,2024,28.3,45,8.3,0.0,28.9,1000.2,15.4,ERA5_Reanalysis_ECMWF
Bhubaneswar,2024-04-23T03:00,2024,27.7,48,8.0,0.0,28.4,1000.0,15.7,ERA5_Reanalysis_ECMWF
Bhubaneswar,2024-04-23T04:00,2024,27.2,51,8.6,0.0,28.0,1000.3,16.1,ERA5_Reanalysis_ECMWF
Bhubaneswar,2024-04-23T05:00,2024,26.9,51,8.7,0.0,27.7,1000.7,16.0,ERA5_Reanalysis_ECMWF
Bhubaneswar,2024-04-23T06:00,2024,28.9,53,7.9,63.0,30.8,1001.6,18.4,ERA5_Reanalysis_ECMWF
Bhubaneswar,2024-04-23T07:00,2024,30.8,49,9.6,239.0,32.6,1002.5,18.7,ERA5_Reanalysis_ECMWF
Bhubaneswar,2024-04-23T08:00,2024,32.9,45,14.3,481.0,34.4,1003.1,19.5,ERA5_Reanalysis_ECMWF
Bhubaneswar,2024-04-23T09:00,2024,34.6,43,14.5,676.0,37.0,1003.2,20.0,ERA5_Reanalysis_ECMWF
Bhubaneswar,2024-04-23T10:00,2024,36.1,39,13.7,835.0,39.5,1002.7,19.9,ERA5_Reanalysis_ECMWF
Bhubaneswar,2024-04-23T11:00,2024,37.7,34,13.9,923.0,41.1,1001.9,19.0,ERA5_Reanalysis_ECMWF
Bhubaneswar,2024-04-23T12:00,2024,38.8,31,13.2,931.0,42.2,1000.8,18.8,ERA5_Reanalysis_ECMWF
Bhubaneswar,2024-04-23T13:00,2024,39.5,29,10.1,871.0,42.8,999.4,18.0,ERA5_Reanalysis_ECMWF
Bhubaneswar,2024-04-23T14:00,2024,39.4,25,17.8,731.0,39.7,998.7,15.9,ERA5_Reanalysis_ECMWF
Bhubaneswar,2024-04-23T15:00,2024,38.9,27,13.1,548.0,39.3,998.2,16.7,ERA5_Reanalysis_ECMWF
Bhubaneswar,2024-04-23T16:00,2024,38.2,29,12.6,359.0,38.7,998.0,16.8,ERA5_Reanalysis_ECMWF
Bhubaneswar,2024-04-23T17:00,2024,35.8,33,9.8,156.0,36.9,998.7,17.2,ERA5_Reanalysis_ECMWF
Bhubaneswar,2024-04-23T18:00,2024,34.1,38,6.6,15.0,35.9,998.9,17.7,ERA5_Reanalysis_ECMWF
Bhubaneswar,2024-04-23T19:00,2024,33.0,44,3.4,0.0,35.9,999.7,19.2,ERA5_Reanalysis_ECMWF
Bhubaneswar,2024-04-23T20:00,2024,31.7,48,13.2,0.0,33.2,1000.6,19.2,ERA5_Reanalysis_ECMWF
Bhubaneswar,2024-04-23T21:00,2024,30.4,57,12.7,0.0,32.8,1001.0,20.9,ERA5_Reanalysis_ECMWF
Bhubaneswar,2024-04-23T22:00,2024,29.8,62,12.4,0.0,32.7,1001.2,21.7,ERA5_Reanalysis_ECMWF
Bhubaneswar,2024-04-23T23:00,2024,29.1,69,12.8,0.0,32.6,1001.0,22.8,ERA5_Reanalysis_ECMWF
Bhubaneswar,2024-04-24T00:00,2024,28.7,74,14.0,0.0,32.4,1000.2,23.6,ERA5_Reanalysis_ECMWF
Bhubaneswar,2024-04-24T01:00,2024,28.3,76,12.4,0.0,32.3,999.5,23.6,ERA5_Reanalysis_ECMWF
Bhubaneswar,2024-04-24T02:00,2024,28.1,76,10.2,0.0,32.3,998.8,23.4,ERA5_Reanalysis_ECMWF
Bhubaneswar,2024-04-24T03:00,2024,27.8,77,11.5,0.0,31.8,998.8,23.4,ERA5_Reanalysis_ECMWF
Bhubaneswar,2024-04-24T04:00,2024,27.6,77,9.2,0.0,31.8,999.3,23.1,ERA5_Reanalysis_ECMWF
Bhubaneswar,2024-04-24T05:00,2024,27.0,78,6.0,0.0,31.5,999.8,22.9,ERA5_Reanalysis_ECMWF
Bhubaneswar,2024-04-24T06:00,2024,28.6,70,5.5,71.0,32.9,1001.3,22.5,ERA5_Reanalysis_ECMWF
Bhubaneswar,2024-04-24T07:00,2024,30.9,61,7.2,263.0,35.0,1002.3,22.5,ERA5_Reanalysis_ECMWF
Bhubaneswar,2024-04-24T08:00,2024,33.4,52,7.6,487.0,37.2,1002.8,22.1,ERA5_Reanalysis_ECMWF
Bhubaneswar,2024-04-24T09:00,2024,35.8,42,8.8,686.0,39.6,1002.4,20.9,ERA5_Reanalysis_ECMWF
Bhubaneswar,2024-04-24T10:00,2024,37.7,35,9.5,840.0,41.6,1002.1,19.5,ERA5_Reanalysis_ECMWF
Bhubaneswar,2024-04-24T11:00,2024,39.2,30,11.0,902.0,42.5,1001.6,18.2,ERA5_Reanalysis_ECMWF
Bhubaneswar,2024-04-24T12:00,2024,39.4,27,12.3,864.0,41.8,1000.7,17.1,ERA5_Reanalysis_ECMWF
Bhubaneswar,2024-04-24T13:00,2024,39.7,26,11.9,888.0,42.0,999.7,16.4,ERA5_Reanalysis_ECMWF
Bhubaneswar,2024-04-24T14:00,2024,40.0,23,13.4,687.0,40.4,998.7,15.2,ERA5_Reanalysis_ECMWF
Bhubaneswar,2024-04-24T15:00,2024,38.8,24,15.0,427.0,38.2,998.3,14.9,ERA5_Reanalysis_ECMWF
Bhubaneswar,2024-04-24T16:00,2024,34.8,39,28.9,214.0,33.8,998.6,18.8,ERA5_Reanalysis_ECMWF
Bhubaneswar,2024-04-24T17:00,2024,32.4,51,18.3,91.0,33.9,998.5,20.8,ERA5_Reanalysis_ECMWF
Bhubaneswar,2024-04-24T18:00,2024,31.0,64,15.9,9.0,34.4,999.8,23.5,ERA5_Reanalysis_ECMWF
Bhubaneswar,2024-04-24T19:00,2024,30.0,65,13.7,0.0,33.3,1000.1,22.7,ERA5_Reanalysis_ECMWF
Bhubaneswar,2024-04-24T20:00,2024,29.3,68,9.0,0.0,33.4,1000.8,22.9,ERA5_Reanalysis_ECMWF
Bhubaneswar,2024-04-24T21:00,2024,28.9,70,10.7,0.0,32.7,1001.3,22.9,ERA5_Reanalysis_ECMWF
Bhubaneswar,2024-04-24T22:00,2024,28.5,70,13.4,0.0,31.8,1001.4,22.6,ERA5_Reanalysis_ECMWF
Bhubaneswar,2024-04-24T23:00,2024,28.2,73,14.9,0.0,31.5,1001.0,23.0,ERA5_Reanalysis_ECMWF
Bhubaneswar,2024-04-25T00:00,2024,27.8,79,14.2,0.0,31.7,1000.4,23.9,ERA5_Reanalysis_ECMWF
Bhubaneswar,2024-04-25T01:00,2024,27.6,78,12.4,0.0,31.5,999.8,23.4,ERA5_Reanalysis_ECMWF
Bhubaneswar,2024-04-25T02:00,2024,27.3,75,9.3,0.0,31.0,999.2,22.4,ERA5_Reanalysis_ECMWF
Bhubaneswar,2024-04-25T03:00,2024,26.6,75,6.8,0.0,30.4,999.2,21.7,ERA5_Reanalysis_ECMWF
Bhubaneswar,2024-04-25T04:00,2024,25.9,76,5.4,0.0,29.7,999.7,21.4,ERA5_Reanalysis_ECMWF
Bhubaneswar,2024-04-25T05:00,2024,25.7,77,5.4,0.0,29.5,1000.4,21.4,ERA5_Reanalysis_ECMWF
Bhubaneswar,2024-04-25T06:00,2024,28.1,71,5.8,74.0,32.3,1001.4,22.3,ERA5_Reanalysis_ECMWF
Bhubaneswar,2024-04-25T07:00,2024,31.0,61,5.4,269.0,35.5,1002.0,22.7,ERA5_Reanalysis_ECMWF
Bhubaneswar,2024-04-25T08:00,2024,33.7,53,6.8,492.0,38.0,1002.4,22.7,ERA5_Reanalysis_ECMWF
Bhubaneswar,2024-04-25T09:00,2024,36.0,46,7.8,693.0,41.0,1002.1,22.7,ERA5_Reanalysis_ECMWF
Bhubaneswar,2024-04-25T10:00,2024,38.0,40,7.4,845.0,43.6,1001.7,22.0,ERA5_Reanalysis_ECMWF
Bhubaneswar,2024-04-25T11:00,2024,39.4,34,5.8,929.0,45.1,1001.0,20.8,ERA5_Reanalysis_ECMWF
Bhubaneswar,2024-04-25T12:00,2024,41.3,23,5.8,935.0,44.8,1000.0,16.0,ERA5_Reanalysis_ECMWF
Bhubaneswar,2024-04-25T13:00,2024,40.9,20,2.4,696.0,42.6,998.9,13.6,ERA5_Reanalysis_ECMWF
Bhubaneswar,2024-04-25T14:00,2024,40.6,22,6.4,637.0,41.6,998.1,14.5,ERA5_Reanalysis_ECMWF
Bhubaneswar,2024-04-25T15:00,2024,40.4,23,12.0,525.0,40.3,997.4,15.2,ERA5_Reanalysis_ECMWF
Bhubaneswar,2024-04-25T16:00,2024,39.5,26,9.3,330.0,40.4,997.3,16.5,ERA5_Reanalysis_ECMWF
Bhubaneswar,2024-04-25T17:00,2024,36.8,37,14.2,148.0,38.5,997.9,19.8,ERA5_Reanalysis_ECMWF
Bhubaneswar,2024-04-25T18:00,2024,32.8,59,15.5,15.0,36.5,999.2,23.8,ERA5_Reanalysis_ECMWF
Bhubaneswar,2024-04-25T19:00,2024,31.2,69,12.0,0.0,36.1,1000.1,24.9,ERA5_Reanalysis_ECMWF
Bhubaneswar,2024-04-25T20:00,2024,30.2,78,10.2,0.0,35.9,1000.8,25.8,ERA5_Reanalysis_ECMWF
Bhubaneswar,2024-04-25T21:00,2024,29.7,82,13.3,0.0,35.3,1001.0,26.3,ERA5_Reanalysis_ECMWF
Bhubaneswar,2024-04-25T22:00,2024,29.2,86,16.1,0.0,34.6,1000.9,26.6,ERA5_Reanalysis_ECMWF
Bhubaneswar,2024-04-25T23:00,2024,28.7,90,17.7,0.0,34.1,1000.4,26.9,ERA5_Reanalysis_ECMWF
Bhubaneswar,2024-04-26T00:00,2024,28.5,91,15.9,0.0,34.1,999.9,26.9,ERA5_Reanalysis_ECMWF
Bhubaneswar,2024-04-26T01:00,2024,28.2,91,14.0,0.0,33.9,999.6,26.6,ERA5_Reanalysis_ECMWF
Bhubaneswar,2024-04-26T02:00,2024,27.9,90,13.5,0.0,33.4,998.9,26.2,ERA5_Reanalysis_ECMWF
Bhubaneswar,2024-04-26T03:00,2024,27.8,90,13.0,0.0,33.2,998.7,25.9,ERA5_Reanalysis_ECMWF
Bhubaneswar,2024-04-26T04:00,2024,27.5,90,12.9,0.0,32.8,999.0,25.7,ERA5_Reanalysis_ECMWF
Bhubaneswar,2024-04-26T05:00,2024,27.2,90,10.8,0.0,32.6,999.7,25.5,ERA5_Reanalysis_ECMWF
Bhubaneswar,2024-04-26T06:00,2024,29.3,85,13.4,74.0,35.2,1000.8,26.6,ERA5_Reanalysis_ECMWF
Bhubaneswar,2024-04-26T07:00,2024,31.4,75,12.9,267.0,37.2,1001.6,26.4,ERA5_Reanalysis_ECMWF
Bhubaneswar,2024-04-26T08:00,2024,33.8,64,10.5,486.0,39.6,1002.2,26.0,ERA5_Reanalysis_ECMWF
Bhubaneswar,2024-04-26T09:00,2024,35.8,55,10.9,683.0,41.9,1001.8,25.4,ERA5_Reanalysis_ECMWF
Bhubaneswar,2024-04-26T10:00,2024,37.5,48,12.3,835.0,43.8,1001.1,24.7,ERA5_Reanalysis_ECMWF
Bhubaneswar,2024-04-26T11:00,2024,38.8,43,11.2,923.0,45.3,1000.4,23.9,ERA5_Reanalysis_ECMWF
Bhubaneswar,2024-04-26T12:00,2024,39.8,38,9.4,939.0,46.2,999.5,23.0,ERA5_Reanalysis_ECMWF
Bhubaneswar,2024-04-26T13:00,2024,40.3,36,11.9,873.0,45.4,998.6,22.4,ERA5_Reanalysis_ECMWF
Bhubaneswar,2024-04-26T14:00,2024,37.3,47,6.6,689.0,43.2,998.6,24.0,ERA5_Reanalysis_ECMWF
Bhubaneswar,2024-04-26T15:00,2024,37.9,44,2.2,539.0,43.2,998.1,23.4,ERA5_Reanalysis_ECMWF
Bhubaneswar,2024-04-26T16:00,2024,37.9,40,4.0,295.0,42.3,997.6,22.2,ERA5_Reanalysis_ECMWF
Bhubaneswar,2024-04-26T17:00,2024,36.4,47,11.0,142.0,40.4,997.8,23.4,ERA5_Reanalysis_ECMWF
Bhubaneswar,2024-04-26T18:00,2024,32.8,67,16.6,16.0,37.7,998.7,25.9,ERA5_Reanalysis_ECMWF
Bhubaneswar,2024-04-26T19:00,2024,31.2,73,13.1,0.0,36.5,999.8,25.8,ERA5_Reanalysis_ECMWF
Bhubaneswar,2024-04-26T20:00,2024,30.3,78,13.3,0.0,35.8,1000.3,26.0,ERA5_Reanalysis_ECMWF
Bhubaneswar,2024-04-26T21:00,2024,29.8,80,15.6,0.0,34.9,1000.8,26.0,ERA5_Reanalysis_ECMWF
Bhubaneswar,2024-04-26T22:00,2024,29.5,81,17.4,0.0,34.3,1000.8,25.9,ERA5_Reanalysis_ECMWF
Bhubaneswar,2024-04-26T23:00,2024,29.2,82,19.3,0.0,33.6,1000.3,25.9,ERA5_Reanalysis_ECMWF
Bhubaneswar,2024-04-27T00:00,2024,28.8,84,17.5,0.0,33.5,999.8,25.9,ERA5_Reanalysis_ECMWF
Bhubaneswar,2024-04-27T01:00,2024,28.4,85,16.5,0.0,33.2,999.5,25.7,ERA5_Reanalysis_ECMWF
Bhubaneswar,2024-04-27T02:00,2024,28.2,85,15.8,0.0,32.9,998.8,25.5,ERA5_Reanalysis_ECMWF
Bhubaneswar,2024-04-27T03:00,2024,28.1,84,15.5,0.0,32.6,998.6,25.1,ERA5_Reanalysis_ECMWF
Bhubaneswar,2024-04-27T04:00,2024,27.8,84,13.6,0.0,32.4,999.0,24.8,ERA5_Reanalysis_ECMWF
Bhubaneswar,2024-04-27T05:00,2024,27.4,85,8.7,1.0,32.6,999.7,24.7,ERA5_Reanalysis_ECMWF
Bhubaneswar,2024-04-27T06:00,2024,28.8,82,9.0,75.0,34.5,1000.8,25.5,ERA5_Reanalysis_ECMWF
Bhubaneswar,2024-04-27T07:00,2024,30.8,76,6.7,269.0,37.2,1001.6,26.0,ERA5_Reanalysis_ECMWF
Bhubaneswar,2024-04-27T08:00,2024,33.3,65,5.9,488.0,39.7,1002.2,25.8,ERA5_Reanalysis_ECMWF
Bhubaneswar,2024-04-27T09:00,2024,35.5,56,5.9,687.0,42.4,1002.0,25.3,ERA5_Reanalysis_ECMWF
Bhubaneswar,2024-04-27T10:00,2024,37.3,47,4.6,837.0,44.6,1001.3,24.1,ERA5_Reanalysis_ECMWF
Bhubaneswar,2024-04-27T11:00,2024,38.7,41,4.8,926.0,45.9,1000.8,23.1,ERA5_Reanalysis_ECMWF
Bhubaneswar,2024-04-27T12:00,2024,39.8,38,6.4,942.0,46.7,999.6,22.9,ERA5_Reanalysis_ECMWF
Bhubaneswar,2024-04-27T13:00,2024,40.3,37,7.1,884.0,46.7,998.4,22.9,ERA5_Reanalysis_ECMWF
Bhubaneswar,2024-04-27T14:00,2024,38.0,41,11.8,738.0,42.6,999.0,22.6,ERA5_Reanalysis_ECMWF
Bhubaneswar,2024-04-27T15:00,2024,37.6,40,4.5,513.0,41.7,997.7,21.8,ERA5_Reanalysis_ECMWF
Bhubaneswar,2024-04-27T16:00,2024,37.3,45,11.0,350.0,41.3,997.4,23.2,ERA5_Reanalysis_ECMWF
Bhubaneswar,2024-04-27T17:00,2024,34.9,58,15.8,147.0,39.6,998.0,25.5,ERA5_Reanalysis_ECMWF
Bhubaneswar,2024-04-27T18:00,2024,33.2,66,16.6,15.0,38.2,998.7,26.0,ERA5_Reanalysis_ECMWF
Bhubaneswar,2024-04-27T19:00,2024,31.4,74,13.4,0.0,37.0,999.8,26.3,ERA5_Reanalysis_ECMWF
Bhubaneswar,2024-04-27T20:00,2024,30.2,84,15.5,0.0,36.0,1000.4,27.1,ERA5_Reanalysis_ECMWF
Bhubaneswar,2024-04-27T21:00,2024,29.8,85,16.3,0.0,35.4,1000.7,26.9,ERA5_Reanalysis_ECMWF
Bhubaneswar,2024-04-27T22:00,2024,29.2,88,17.3,0.0,34.8,1000.7,27.0,ERA5_Reanalysis_ECMWF
Bhubaneswar,2024-04-27T23:00,2024,28.9,88,17.3,0.0,34.3,1000.0,26.8,ERA5_Reanalysis_ECMWF
Bhubaneswar,2024-04-28T00:00,2024,28.8,87,15.5,0.0,34.2,999.6,26.5,ERA5_Reanalysis_ECMWF
Bhubaneswar,2024-04-28T01:00,2024,28.6,87,14.7,0.0,33.9,999.4,26.2,ERA5_Reanalysis_ECMWF
Bhubaneswar,2024-04-28T02:00,2024,28.3,88,12.7,0.0,33.9,999.1,26.1,ERA5_Reanalysis_ECMWF
Bhubaneswar,2024-04-28T03:00,2024,28.0,88,11.2,0.0,33.7,998.9,25.9,ERA5_Reanalysis_ECMWF
Bhubaneswar,2024-04-28T04:00,2024,27.8,88,10.2,0.0,33.4,999.0,25.7,ERA5_Reanalysis_ECMWF
Bhubaneswar,2024-04-28T05:00,2024,27.2,91,7.0,1.0,33.3,999.8,25.6,ERA5_Reanalysis_ECMWF
Bhubaneswar,2024-04-28T06:00,2024,29.1,86,10.0,77.0,35.4,1000.6,26.5,ERA5_Reanalysis_ECMWF
Bhubaneswar,2024-04-28T07:00,2024,31.2,77,8.5,271.0,37.9,1001.4,26.8,ERA5_Reanalysis_ECMWF
Bhubaneswar,2024-04-28T08:00,2024,33.7,66,9.1,491.0,40.0,1001.8,26.4,ERA5_Reanalysis_ECMWF
Bhubaneswar,2024-04-28T09:00,2024,36.2,55,9.6,687.0,42.7,1001.7,25.7,ERA5_Reanalysis_ECMWF
Bhubaneswar,2024-04-28T10:00,2024,38.2,46,7.9,836.0,45.3,1001.5,24.7,ERA5_Reanalysis_ECMWF
Bhubaneswar,2024-04-28T11:00,2024,39.7,40,6.5,920.0,46.7,1000.8,23.4,ERA5_Reanalysis_ECMWF
Bhubaneswar,2024-04-28T12:00,2024,39.6,32,15.6,880.0,42.8,1000.7,19.8,ERA5_Reanalysis_ECMWF
Bhubaneswar,2024-04-28T13:00,2024,40.3,30,11.8,855.0,43.9,999.8,19.5,ERA5_Reanalysis_ECMWF
Bhubaneswar,2024-04-28T14:00,2024,40.6,28,6.0,720.0,43.9,999.1,18.7,ERA5_Reanalysis_ECMWF
Bhubaneswar,2024-04-28T15:00,2024,40.6,26,9.0,574.0,41.9,998.6,17.1,ERA5_Reanalysis_ECMWF
Bhubaneswar,2024-04-28T16:00,2024,39.4,29,10.5,362.0,40.7,998.3,18.0,ERA5_Reanalysis_ECMWF
Bhubaneswar,2024-04-28T17:00,2024,37.0,39,7.9,145.0,40.1,998.7,20.8,ERA5_Reanalysis_ECMWF
Bhubaneswar,2024-04-28T18:00,2024,32.6,50,12.3,15.0,35.0,1000.3,20.7,ERA5_Reanalysis_ECMWF
Bhubaneswar,2024-04-28T19:00,2024,31.5,55,5.5,0.0,35.2,1000.9,21.4,ERA5_Reanalysis_ECMWF
Bhubaneswar,2024-04-28T20:00,2024,31.2,56,8.4,0.0,34.5,1002.1,21.4,ERA5_Reanalysis_ECMWF
Bhubaneswar,2024-04-28T21:00,2024,30.4,61,6.2,0.0,34.3,1002.5,22.0,ERA5_Reanalysis_ECMWF
Bhubaneswar,2024-04-28T22:00,2024,29.8,64,6.9,0.0,33.8,1002.4,22.3,ERA5_Reanalysis_ECMWF
Bhubaneswar,2024-04-28T23:00,2024,29.0,72,8.4,0.0,33.6,1002.0,23.5,ERA5_Reanalysis_ECMWF
Bhubaneswar,2024-04-29T00:00,2024,28.5,81,8.0,0.0,34.0,1001.6,24.9,ERA5_Reanalysis_ECMWF
Bhubaneswar,2024-04-29T01:00,2024,27.9,92,8.7,0.0,34.3,1001.0,26.4,ERA5_Reanalysis_ECMWF
Bhubaneswar,2024-04-29T02:00,2024,27.6,97,8.6,0.0,34.4,1000.7,27.0,ERA5_Reanalysis_ECMWF
Bhubaneswar,2024-04-29T03:00,2024,27.4,98,9.4,0.0,34.1,1000.7,27.0,ERA5_Reanalysis_ECMWF
Bhubaneswar,2024-04-29T04:00,2024,27.3,98,9.8,0.0,33.9,1001.2,27.0,ERA5_Reanalysis_ECMWF
Bhubaneswar,2024-04-29T05:00,2024,27.2,98,9.8,1.0,33.7,1001.7,26.9,ERA5_Reanalysis_ECMWF
Bhubaneswar,2024-04-29T06:00,2024,29.1,87,12.1,77.0,35.1,1002.6,26.6,ERA5_Reanalysis_ECMWF
Bhubaneswar,2024-04-29T07:00,2024,31.2,80,10.9,269.0,37.9,1003.2,27.4,ERA5_Reanalysis_ECMWF
Bhubaneswar,2024-04-29T08:00,2024,33.6,69,10.0,486.0,40.4,1003.9,27.2,ERA5_Reanalysis_ECMWF
Bhubaneswar,2024-04-29T09:00,2024,36.0,56,9.5,681.0,42.7,1003.7,25.9,ERA5_Reanalysis_ECMWF
Bhubaneswar,2024-04-29T10:00,2024,38.0,45,9.0,829.0,44.4,1003.1,24.1,ERA5_Reanalysis_ECMWF
Bhubaneswar,2024-04-29T11:00,2024,39.4,38,8.9,916.0,45.4,1002.3,22.5,ERA5_Reanalysis_ECMWF
Bhubaneswar,2024-04-29T12:00,2024,40.4,34,8.7,923.0,45.8,1001.1,21.4,ERA5_Reanalysis_ECMWF
Bhubaneswar,2024-04-29T13:00,2024,40.8,32,8.7,847.0,45.6,999.8,21.0,ERA5_Reanalysis_ECMWF
Bhubaneswar,2024-04-29T14:00,2024,40.8,32,6.8,716.0,45.1,999.0,21.0,ERA5_Reanalysis_ECMWF
Bhubaneswar,2024-04-29T15:00,2024,39.5,32,16.3,467.0,40.9,998.8,20.0,ERA5_Reanalysis_ECMWF
Bhubaneswar,2024-04-29T16:00,2024,37.7,41,16.5,311.0,40.2,999.0,22.1,ERA5_Reanalysis_ECMWF
Bhubaneswar,2024-04-29T17:00,2024,36.1,45,17.6,145.0,38.6,999.1,22.2,ERA5_Reanalysis_ECMWF
Bhubaneswar,2024-04-29T18:00,2024,33.7,56,15.6,17.0,37.3,1000.2,23.7,ERA5_Reanalysis_ECMWF
Bhubaneswar,2024-04-29T19:00,2024,32.4,60,14.1,0.0,36.2,1000.8,23.6,ERA5_Reanalysis_ECMWF
Bhubaneswar,2024-04-29T20:00,2024,31.6,63,12.3,0.0,35.7,1001.4,23.7,ERA5_Reanalysis_ECMWF
Bhubaneswar,2024-04-29T21:00,2024,31.1,65,12.3,0.0,35.2,1001.5,23.7,ERA5_Reanalysis_ECMWF
Bhubaneswar,2024-04-29T22:00,2024,30.7,66,11.5,0.0,34.8,1001.2,23.6,ERA5_Reanalysis_ECMWF
Bhubaneswar,2024-04-29T23:00,2024,30.1,68,11.5,0.0,34.2,1000.3,23.6,ERA5_Reanalysis_ECMWF
Bhubaneswar,2024-04-30T00:00,2024,29.9,67,11.0,0.0,33.8,999.4,23.2,ERA5_Reanalysis_ECMWF
Bhubaneswar,2024-04-30T01:00,2024,30.1,62,11.9,0.0,33.1,998.6,21.9,ERA5_Reanalysis_ECMWF
Bhubaneswar,2024-04-30T02:00,2024,29.8,58,10.4,0.0,32.4,997.9,20.7,ERA5_Reanalysis_ECMWF
Bhubaneswar,2024-04-30T03:00,2024,29.0,59,7.6,0.0,31.8,997.8,20.1,ERA5_Reanalysis_ECMWF
Bhubaneswar,2024-04-30T04:00,2024,28.3,61,6.4,0.0,31.2,998.4,20.0,ERA5_Reanalysis_ECMWF
Bhubaneswar,2024-04-30T05:00,2024,27.8,63,5.9,1.0,30.8,998.7,20.2,ERA5_Reanalysis_ECMWF
Bhubaneswar,2024-04-30T06:00,2024,29.1,68,5.5,79.0,33.5,1000.0,22.6,ERA5_Reanalysis_ECMWF
Bhubaneswar,2024-04-30T07:00,2024,31.9,59,4.8,274.0,36.6,1000.7,22.9,ERA5_Reanalysis_ECMWF
Bhubaneswar,2024-04-30T08:00,2024,34.3,52,5.4,491.0,38.9,1001.0,23.0,ERA5_Reanalysis_ECMWF
Bhubaneswar,2024-04-30T09:00,2024,36.2,48,5.2,687.0,42.0,1000.5,23.4,ERA5_Reanalysis_ECMWF
Bhubaneswar,2024-04-30T10:00,2024,38.0,43,5.4,836.0,44.6,999.8,23.2,ERA5_Reanalysis_ECMWF
Bhubaneswar,2024-04-30T11:00,2024,39.5,38,6.9,924.0,46.0,998.8,22.7,ERA5_Reanalysis_ECMWF
Bhubaneswar,2024-04-30T12:00,2024,40.6,35,8.7,937.0,46.7,997.7,22.3,ERA5_Reanalysis_ECMWF
Bhubaneswar,2024-04-30T13:00,2024,41.4,32,9.4,879.0,46.6,996.5,21.5,ERA5_Reanalysis_ECMWF
Bhubaneswar,2024-04-30T14:00,2024,40.7,32,12.8,646.0,43.5,995.6,20.7,ERA5_Reanalysis_ECMWF
Bhubaneswar,2024-04-30T15:00,2024,38.2,43,22.0,507.0,40.7,995.4,23.5,ERA5_Reanalysis_ECMWF
Bhubaneswar,2024-04-30T16:00,2024,36.2,45,21.3,329.0,38.2,995.7,22.3,ERA5_Reanalysis_ECMWF
Bhubaneswar,2024-04-30T17:00,2024,35.1,52,19.9,146.0,38.1,995.9,23.8,ERA5_Reanalysis_ECMWF
Bhubaneswar,2024-04-30T18:00,2024,33.5,59,20.4,16.0,36.9,996.2,24.5,ERA5_Reanalysis_ECMWF
Bhubaneswar,2024-04-30T19:00,2024,32.1,64,18.3,0.0,35.8,996.6,24.5,ERA5_Reanalysis_ECMWF
Bhubaneswar,2024-04-30T20:00,2024,31.5,66,17.7,0.0,35.3,997.1,24.4,ERA5_Reanalysis_ECMWF
Bhubaneswar,2024-04-30T21:00,2024,31.2,66,18.1,0.0,34.8,997.4,24.2,ERA5_Reanalysis_ECMWF
Bhubaneswar,2024-04-30T22:00,2024,30.8,69,19.2,0.0,34.3,997.1,24.4,ERA5_Reanalysis_ECMWF
Bhubaneswar,2024-04-30T23:00,2024,30.4,72,18.5,0.0,34.2,996.7,24.8,ERA5_Reanalysis_ECMWF
Bhubaneswar,2024-05-01T00:00,2024,30.0,75,17.2,0.0,34.2,996.2,25.0,ERA5_Reanalysis_ECMWF
Bhubaneswar,2024-05-01T01:00,2024,29.8,75,17.5,0.0,33.9,995.5,24.9,ERA5_Reanalysis_ECMWF
Bhubaneswar,2024-05-01T02:00,2024,29.5,76,17.4,0.0,33.6,994.9,24.8,ERA5_Reanalysis_ECMWF
Bhubaneswar,2024-05-01T03:00,2024,29.3,77,18.1,0.0,33.2,995.1,24.8,ERA5_Reanalysis_ECMWF
Bhubaneswar,2024-05-01T04:00,2024,29.3,75,15.1,0.0,33.4,995.5,24.3,ERA5_Reanalysis_ECMWF
Bhubaneswar,2024-05-01T05:00,2024,29.2,74,13.7,1.0,33.3,996.0,24.1,ERA5_Reanalysis_ECMWF
Bhubaneswar,2024-05-01T06:00,2024,30.2,72,13.8,69.0,34.7,997.6,24.6,ERA5_Reanalysis_ECMWF
Bhubaneswar,2024-05-01T07:00,2024,31.6,71,9.4,182.0,37.5,997.8,25.8,ERA5_Reanalysis_ECMWF
Bhubaneswar,2024-05-01T08:00,2024,34.8,58,12.0,431.0,39.9,998.6,25.3,ERA5_Reanalysis_ECMWF
Bhubaneswar,2024-05-01T09:00,2024,36.6,48,15.5,632.0,40.8,998.4,24.0,ERA5_Reanalysis_ECMWF
Bhubaneswar,2024-05-01T10:00,2024,38.0,46,15.5,831.0,43.5,997.8,24.4,ERA5_Reanalysis_ECMWF
Bhubaneswar,2024-05-01T11:00,2024,38.7,42,18.8,883.0,43.2,997.0,23.3,ERA5_Reanalysis_ECMWF
Bhubaneswar,2024-05-01T12:00,2024,39.3,40,17.4,841.0,43.8,996.4,23.2,ERA5_Reanalysis_ECMWF
Bhubaneswar,2024-05-01T13:00,2024,39.3,37,14.1,743.0,43.3,995.6,22.2,ERA5_Reanalysis_ECMWF
Bhubaneswar,2024-05-01T14:00,2024,39.5,36,7.9,704.0,44.0,994.8,21.6,ERA5_Reanalysis_ECMWF
Bhubaneswar,2024-05-01T15:00,2024,39.5,37,9.6,509.0,43.1,994.2,22.2,ERA5_Reanalysis_ECMWF
Bhubaneswar,2024-05-01T16:00,2024,36.7,49,17.9,303.0,40.3,994.2,24.3,ERA5_Reanalysis_ECMWF
Bhubaneswar,2024-05-01T17:00,2024,35.1,54,15.1,141.0,39.1,994.3,24.3,ERA5_Reanalysis_ECMWF
Bhubaneswar,2024-05-01T18:00,2024,31.9,67,18.7,17.0,35.9,995.7,25.0,ERA5_Reanalysis_ECMWF
Bhubaneswar,2024-05-01T19:00,2024,30.3,76,21.4,0.0,34.2,996.3,25.5,ERA5_Reanalysis_ECMWF
Bhubaneswar,2024-05-01T20:00,2024,29.7,81,20.5,0.0,34.1,997.0,26.0,ERA5_Reanalysis_ECMWF
Bhubaneswar,2024-05-01T21:00,2024,29.6,81,20.0,0.0,34.1,997.2,26.0,ERA5_Reanalysis_ECMWF
Bhubaneswar,2024-05-01T22:00,2024,29.4,83,21.3,0.0,33.9,996.9,26.3,ERA5_Reanalysis_ECMWF
Bhubaneswar,2024-05-01T23:00,2024,29.3,84,20.5,0.0,33.8,996.4,26.3,ERA5_Reanalysis_ECMWF
Bhubaneswar,2024-05-02T00:00,2024,29.0,85,18.7,0.0,33.8,995.8,26.2,ERA5_Reanalysis_ECMWF
Bhubaneswar,2024-05-02T01:00,2024,28.9,85,19.5,0.0,33.4,995.0,26.1,ERA5_Reanalysis_ECMWF
Bhubaneswar,2024-05-02T02:00,2024,28.8,83,20.9,0.0,32.9,994.4,25.7,ERA5_Reanalysis_ECMWF
Bhubaneswar,2024-05-02T03:00,2024,28.8,83,20.7,0.0,32.9,994.6,25.6,ERA5_Reanalysis_ECMWF
Bhubaneswar,2024-05-02T04:00,2024,28.5,85,18.7,0.0,32.9,994.7,25.7,ERA5_Reanalysis_ECMWF
Bhubaneswar,2024-05-02T05:00,2024,28.2,87,14.4,1.0,33.4,995.4,25.8,ERA5_Reanalysis_ECMWF
Bhubaneswar,2024-05-02T06:00,2024,29.9,87,17.2,76.0,35.8,996.3,27.5,ERA5_Reanalysis_ECMWF
Bhubaneswar,2024-05-02T07:00,2024,31.9,78,18.5,275.0,37.7,998.0,27.6,ERA5_Reanalysis_ECMWF
Bhubaneswar,2024-05-02T08:00,2024,34.0,67,20.8,483.0,39.0,998.4,27.0,ERA5_Reanalysis_ECMWF
Bhubaneswar,2024-05-02T09:00,2024,35.8,60,18.7,668.0,41.5,998.4,26.7,ERA5_Reanalysis_ECMWF
Bhubaneswar,2024-05-02T10:00,2024,37.2,54,19.0,831.0,43.4,998.1,26.3,ERA5_Reanalysis_ECMWF
Bhubaneswar,2024-05-02T11:00,2024,38.0,51,18.9,914.0,44.4,997.4,26.0,ERA5_Reanalysis_ECMWF
Bhubaneswar,2024-05-02T12:00,2024,38.4,48,20.9,901.0,43.9,996.4,25.3,ERA5_Reanalysis_ECMWF
Bhubaneswar,2024-05-02T13:00,2024,37.8,49,20.1,744.0,42.6,995.9,25.1,ERA5_Reanalysis_ECMWF
Bhubaneswar,2024-05-02T14:00,2024,37.7,49,21.5,646.0,41.9,995.1,25.3,ERA5_Reanalysis_ECMWF
Bhubaneswar,2024-05-02T15:00,2024,36.9,50,23.0,531.0,40.1,995.0,24.8,ERA5_Reanalysis_ECMWF
Bhubaneswar,2024-05-02T16:00,2024,34.8,57,20.1,322.0,38.5,994.9,25.0,ERA5_Reanalysis_ECMWF
Bhubaneswar,2024-05-02T17:00,2024,33.0,65,18.5,155.0,37.3,995.4,25.5,ERA5_Reanalysis_ECMWF
Bhubaneswar,2024-05-02T18:00,2024,31.4,73,15.5,19.0,36.4,996.6,25.9,ERA5_Reanalysis_ECMWF
Bhubaneswar,2024-05-02T19:00,2024,30.5,78,14.8,0.0,35.9,997.6,26.2,ERA5_Reanalysis_ECMWF
Bhubaneswar,2024-05-02T20:00,2024,30.2,79,14.9,0.0,35.5,998.3,26.2,ERA5_Reanalysis_ECMWF
Bhubaneswar,2024-05-02T21:00,2024,29.9,81,15.7,0.0,35.2,998.5,26.3,ERA5_Reanalysis_ECMWF
Bhubaneswar,2024-05-02T22:00,2024,29.5,83,15.3,0.0,34.9,998.5,26.4,ERA5_Reanalysis_ECMWF
Bhubaneswar,2024-05-02T23:00,2024,29.0,87,14.9,0.0,34.7,998.1,26.7,ERA5_Reanalysis_ECMWF
Bhubaneswar,2024-05-03T00:00,2024,28.9,88,14.1,0.0,34.7,997.5,26.7,ERA5_Reanalysis_ECMWF
Bhubaneswar,2024-05-03T01:00,2024,28.6,89,13.0,0.0,34.4,997.1,26.5,ERA5_Reanalysis_ECMWF
Bhubaneswar,2024-05-03T02:00,2024,28.3,89,11.4,0.0,34.3,996.8,26.4,ERA5_Reanalysis_ECMWF
Bhubaneswar,2024-05-03T03:00,2024,27.9,91,7.9,0.0,34.3,997.3,26.3,ERA5_Reanalysis_ECMWF
Bhubaneswar,2024-05-03T04:00,2024,27.3,94,5.0,0.0,34.2,998.2,26.3,ERA5_Reanalysis_ECMWF
Bhubaneswar,2024-05-03T05:00,2024,27.0,96,2.6,1.0,34.2,998.9,26.3,ERA5_Reanalysis_ECMWF
Bhubaneswar,2024-05-03T06:00,2024,29.2,92,8.9,75.0,36.5,999.9,27.7,ERA5_Reanalysis_ECMWF
Bhubaneswar,2024-05-03T07:00,2024,31.1,82,6.1,238.0,38.8,1000.9,27.7,ERA5_Reanalysis_ECMWF
Bhubaneswar,2024-05-03T08:00,2024,33.1,70,4.2,481.0,40.6,1001.7,27.0,ERA5_Reanalysis_ECMWF
Bhubaneswar,2024-05-03T09:00,2024,34.9,58,4.0,686.0,42.2,1001.6,25.5,ERA5_Reanalysis_ECMWF
Bhubaneswar,2024-05-03T10:00,2024,36.2,52,4.3,840.0,44.0,1001.1,24.8,ERA5_Reanalysis_ECMWF
Bhubaneswar,2024-05-03T11:00,2024,37.6,45,5.6,930.0,45.0,1000.2,23.7,ERA5_Reanalysis_ECMWF
Bhubaneswar,2024-05-03T12:00,2024,38.7,39,6.3,951.0,45.4,999.2,22.4,ERA5_Reanalysis_ECMWF
Bhubaneswar,2024-05-03T13:00,2024,39.3,35,5.0,893.0,45.1,998.2,21.1,ERA5_Reanalysis_ECMWF
Bhubaneswar,2024-05-03T14:00,2024,39.7,32,5.5,757.0,43.9,997.4,19.9,ERA5_Reanalysis_ECMWF
Bhubaneswar,2024-05-03T15:00,2024,39.9,29,5.2,536.0,42.4,996.7,18.7,ERA5_Reanalysis_ECMWF
Bhubaneswar,2024-05-03T16:00,2024,37.8,41,9.3,374.0,41.4,996.9,22.2,ERA5_Reanalysis_ECMWF
Bhubaneswar,2024-05-03T17:00,2024,33.3,68,17.3,157.0,38.6,997.9,26.6,ERA5_Reanalysis_ECMWF
Bhubaneswar,2024-05-03T18:00,2024,31.8,73,15.5,19.0,37.3,999.4,26.5,ERA5_Reanalysis_ECMWF
Bhubaneswar,2024-05-03T19:00,2024,30.6,79,18.1,0.0,35.7,999.8,26.5,ERA5_Reanalysis_ECMWF
Bhubaneswar,2024-05-03T20:00,2024,29.8,86,18.3,0.0,35.4,1000.6,27.2,ERA5_Reanalysis_ECMWF
Bhubaneswar,2024-05-03T21:00,2024,29.3,88,17.6,0.0,34.9,1001.3,27.2,ERA5_Reanalysis_ECMWF
Bhubaneswar,2024-05-03T22:00,2024,28.9,90,16.4,0.0,34.6,1001.5,27.1,ERA5_Reanalysis_ECMWF
Bhubaneswar,2024-05-03T23:00,2024,28.6,91,16.1,0.0,34.2,1001.0,26.9,ERA5_Reanalysis_ECMWF
Bhubaneswar,2024-05-04T00:00,2024,28.3,92,16.1,0.0,33.9,1000.1,26.9,ERA5_Reanalysis_ECMWF
Bhubaneswar,2024-05-04T01:00,2024,28.0,94,15.8,0.0,33.7,999.5,26.9,ERA5_Reanalysis_ECMWF
Bhubaneswar,2024-05-04T02:00,2024,28.1,92,15.8,0.0,33.6,999.1,26.7,ERA5_Reanalysis_ECMWF
Bhubaneswar,2024-05-04T03:00,2024,27.9,92,15.0,0.0,33.4,999.1,26.5,ERA5_Reanalysis_ECMWF
Bhubaneswar,2024-05-04T04:00,2024,27.8,92,14.5,0.0,33.3,999.7,26.3,ERA5_Reanalysis_ECMWF
Bhubaneswar,2024-05-04T05:00,2024,27.7,92,15.1,1.0,33.0,1000.2,26.2,ERA5_Reanalysis_ECMWF
Bhubaneswar,2024-05-04T06:00,2024,30.2,86,18.2,84.0,36.1,1001.3,27.7,ERA5_Reanalysis_ECMWF
Bhubaneswar,2024-05-04T07:00,2024,32.2,77,20.5,254.0,37.7,1001.9,27.6,ERA5_Reanalysis_ECMWF
Bhubaneswar,2024-05-04T08:00,2024,34.1,68,20.4,401.0,39.4,1002.4,27.3,ERA5_Reanalysis_ECMWF
Bhubaneswar,2024-05-04T09:00,2024,34.7,65,22.0,583.0,39.8,1002.5,27.1,ERA5_Reanalysis_ECMWF
Bhubaneswar,2024-05-04T10:00,2024,35.9,56,19.3,739.0,41.3,1001.8,25.9,ERA5_Reanalysis_ECMWF
Bhubaneswar,2024-05-04T11:00,2024,36.9,50,19.4,887.0,42.2,1001.0,24.7,ERA5_Reanalysis_ECMWF
Bhubaneswar,2024-05-04T12:00,2024,37.5,47,18.4,929.0,42.9,1000.1,24.2,ERA5_Reanalysis_ECMWF
Bhubaneswar,2024-05-04T13:00,2024,37.8,46,17.0,881.0,43.2,998.7,24.2,ERA5_Reanalysis_ECMWF
Bhubaneswar,2024-05-04T14:00,2024,37.4,48,16.3,718.0,42.4,997.6,24.6,ERA5_Reanalysis_ECMWF
Bhubaneswar,2024-05-04T15:00,2024,36.8,51,13.3,412.0,41.5,997.5,25.0,ERA5_Reanalysis_ECMWF
Bhubaneswar,2024-05-04T16:00,2024,35.9,54,15.9,352.0,40.5,996.8,25.3,ERA5_Reanalysis_ECMWF
Bhubaneswar,2024-05-04T17:00,2024,33.2,66,20.9,160.0,37.4,997.2,25.9,ERA5_Reanalysis_ECMWF
Bhubaneswar,2024-05-04T18:00,2024,31.2,73,18.2,20.0,35.8,998.5,25.9,ERA5_Reanalysis_ECMWF
Bhubaneswar,2024-05-04T19:00,2024,30.4,80,18.4,0.0,35.5,999.0,26.6,ERA5_Reanalysis_ECMWF
Bhubaneswar,2024-05-04T20:00,2024,29.9,81,20.0,0.0,34.4,999.4,26.2,ERA5_Reanalysis_ECMWF
Bhubaneswar,2024-05-04T21:00,2024,29.4,82,19.5,0.0,34.0,999.8,26.1,ERA5_Reanalysis_ECMWF
Bhubaneswar,2024-05-04T22:00,2024,29.1,84,19.3,0.0,33.7,999.9,26.1,ERA5_Reanalysis_ECMWF
Bhubaneswar,2024-05-04T23:00,2024,28.8,85,18.2,0.0,33.6,998.9,26.1,ERA5_Reanalysis_ECMWF
Bhubaneswar,2024-05-05T00:00,2024,28.3,89,17.2,0.0,33.5,998.1,26.4,ERA5_Reanalysis_ECMWF
Bhubaneswar,2024-05-05T01:00,2024,28.0,92,17.2,0.0,33.3,997.4,26.6,ERA5_Reanalysis_ECMWF
Bhubaneswar,2024-05-05T02:00,2024,27.7,94,15.8,0.0,33.3,996.8,26.7,ERA5_Reanalysis_ECMWF
Bhubaneswar,2024-05-05T03:00,2024,27.4,96,15.6,0.0,33.0,996.6,26.7,ERA5_Reanalysis_ECMWF
Bhubaneswar,2024-05-05T04:00,2024,27.6,96,17.1,0.0,33.0,997.0,26.8,ERA5_Reanalysis_ECMWF
Bhubaneswar,2024-05-05T05:00,2024,28.0,93,15.8,1.0,33.5,997.5,26.7,ERA5_Reanalysis_ECMWF
Bhubaneswar,2024-05-05T06:00,2024,29.3,88,21.6,73.0,34.2,998.7,27.0,ERA5_Reanalysis_ECMWF
Bhubaneswar,2024-05-05T07:00,2024,31.1,79,17.0,257.0,36.6,999.5,27.0,ERA5_Reanalysis_ECMWF
Bhubaneswar,2024-05-05T08:00,2024,33.1,70,17.6,492.0,38.6,999.9,27.0,ERA5_Reanalysis_ECMWF
Bhubaneswar,2024-05-05T09:00,2024,34.9,61,20.3,692.0,40.3,999.8,26.4,ERA5_Reanalysis_ECMWF
Bhubaneswar,2024-05-05T10:00,2024,36.3,54,21.3,844.0,41.6,999.4,25.4,ERA5_Reanalysis_ECMWF
Bhubaneswar,2024-05-05T11:00,2024,37.2,50,22.1,929.0,42.4,998.7,24.9,ERA5_Reanalysis_ECMWF
Bhubaneswar,2024-05-05T12:00,2024,37.7,46,22.3,935.0,42.5,997.7,24.3,ERA5_Reanalysis_ECMWF
Bhubaneswar,2024-05-05T13:00,2024,37.9,45,22.3,868.0,42.2,996.7,24.0,ERA5_Reanalysis_ECMWF
Bhubaneswar,2024-05-05T14:00,2024,37.4,47,20.9,740.0,41.5,996.1,24.3,ERA5_Reanalysis_ECMWF
Bhubaneswar,2024-05-05T15:00,2024,36.2,53,22.7,568.0,39.8,995.5,25.2,ERA5_Reanalysis_ECMWF
Bhubaneswar,2024-05-05T16:00,2024,34.1,63,23.9,339.0,38.0,995.7,26.0,ERA5_Reanalysis_ECMWF
Bhubaneswar,2024-05-05T17:00,2024,32.7,69,21.8,154.0,37.0,996.3,26.2,ERA5_Reanalysis_ECMWF
Bhubaneswar,2024-05-05T18:00,2024,30.5,79,23.0,19.0,34.9,997.1,26.5,ERA5_Reanalysis_ECMWF
Bhubaneswar,2024-05-05T19:00,2024,29.9,82,26.2,0.0,33.8,997.3,26.5,ERA5_Reanalysis_ECMWF
Bhubaneswar,2024-05-05T20:00,2024,29.6,83,25.6,0.0,33.5,998.1,26.4,ERA5_Reanalysis_ECMWF
Bhubaneswar,2024-05-05T21:00,2024,29.5,83,24.4,0.0,33.6,998.8,26.4,ERA5_Reanalysis_ECMWF
Bhubaneswar,2024-05-05T22:00,2024,29.4,85,24.3,0.0,33.6,999.1,26.6,ERA5_Reanalysis_ECMWF
Bhubaneswar,2024-05-05T23:00,2024,29.2,86,24.2,0.0,33.5,998.7,26.7,ERA5_Reanalysis_ECMWF
Bhubaneswar,2024-05-06T00:00,2024,29.0,88,24.5,0.0,33.4,997.9,26.8,ERA5_Reanalysis_ECMWF
Bhubaneswar,2024-05-06T01:00,2024,28.9,89,24.2,0.0,33.3,997.4,26.9,ERA5_Reanalysis_ECMWF
Bhubaneswar,2024-05-06T02:00,2024,28.7,90,24.0,0.0,33.2,997.0,26.9,ERA5_Reanalysis_ECMWF
Bhubaneswar,2024-05-06T03:00,2024,28.5,91,22.6,0.0,33.2,997.2,26.9,ERA5_Reanalysis_ECMWF
Bhubaneswar,2024-05-06T04:00,2024,28.4,92,20.6,0.0,33.4,997.8,27.0,ERA5_Reanalysis_ECMWF
Bhubaneswar,2024-05-06T05:00,2024,28.5,92,20.0,1.0,33.6,998.2,27.0,ERA5_Reanalysis_ECMWF
Bhubaneswar,2024-05-06T06:00,2024,30.7,87,19.8,84.0,36.8,999.5,28.2,ERA5_Reanalysis_ECMWF
Bhubaneswar,2024-05-06T07:00,2024,32.2,79,23.2,221.0,37.7,1000.1,28.1,ERA5_Reanalysis_ECMWF
Bhubaneswar,2024-05-06T08:00,2024,33.8,71,26.4,434.0,38.7,1000.4,27.9,ERA5_Reanalysis_ECMWF
Bhubaneswar,2024-05-06T09:00,2024,34.9,65,24.0,633.0,40.1,1000.2,27.3,ERA5_Reanalysis_ECMWF
Bhubaneswar,2024-05-06T10:00,2024,36.5,57,22.3,772.0,42.2,999.9,26.8,ERA5_Reanalysis_ECMWF
Bhubaneswar,2024-05-06T11:00,2024,37.3,53,23.0,898.0,43.1,999.5,26.2,ERA5_Reanalysis_ECMWF
Bhubaneswar,2024-05-06T12:00,2024,37.4,53,24.7,890.0,42.7,998.7,26.1,ERA5_Reanalysis_ECMWF
Bhubaneswar,2024-05-06T13:00,2024,36.6,53,25.4,728.0,40.8,998.3,25.6,ERA5_Reanalysis_ECMWF
Bhubaneswar,2024-05-06T14:00,2024,33.8,61,22.9,317.0,37.3,998.4,25.3,ERA5_Reanalysis_ECMWF
Bhubaneswar,2024-05-06T15:00,2024,32.8,69,27.8,175.0,36.5,997.0,26.5,ERA5_Reanalysis_ECMWF
Bhubaneswar,2024-05-06T16:00,2024,33.2,68,24.3,336.0,37.4,997.2,26.5,ERA5_Reanalysis_ECMWF
Bhubaneswar,2024-05-06T17:00,2024,32.1,72,18.9,154.0,37.0,997.3,26.4,ERA5_Reanalysis_ECMWF
Bhubaneswar,2024-05-06T18:00,2024,30.8,76,22.6,20.0,34.9,998.4,26.1,ERA5_Reanalysis_ECMWF
Bhubaneswar,2024-05-06T19:00,2024,30.1,80,23.1,0.0,34.3,998.8,26.3,ERA5_Reanalysis_ECMWF
Bhubaneswar,2024-05-06T20:00,2024,29.5,82,23.9,0.0,33.3,999.9,26.0,ERA5_Reanalysis_ECMWF
Bhubaneswar,2024-05-06T21:00,2024,29.0,83,24.1,0.0,32.7,1000.2,25.8,ERA5_Reanalysis_ECMWF
Bhubaneswar,2024-05-06T22:00,2024,28.6,85,23.6,0.0,32.4,1000.4,25.8,ERA5_Reanalysis_ECMWF
Bhubaneswar,2024-05-06T23:00,2024,28.4,88,22.9,0.0,32.6,1000.3,26.2,ERA5_Reanalysis_ECMWF
Bhubaneswar,2024-05-07T00:00,2024,28.2,90,21.5,0.0,32.6,999.7,26.3,ERA5_Reanalysis_ECMWF
Bhubaneswar,2024-05-07T01:00,2024,28.0,89,22.3,0.0,32.2,999.4,26.0,ERA5_Reanalysis_ECMWF
Bhubaneswar,2024-05-07T02:00,2024,27.9,89,21.3,0.0,32.0,999.2,25.8,ERA5_Reanalysis_ECMWF
Bhubaneswar,2024-05-07T03:00,2024,27.8,88,21.6,0.0,31.8,999.3,25.6,ERA5_Reanalysis_ECMWF
Bhubaneswar,2024-05-07T04:00,2024,27.8,88,21.7,0.0,31.7,999.9,25.6,ERA5_Reanalysis_ECMWF
Bhubaneswar,2024-05-07T05:00,2024,27.9,88,22.0,2.0,31.9,1000.6,25.8,ERA5_Reanalysis_ECMWF
Bhubaneswar,2024-05-07T06:00,2024,28.1,78,7.2,72.0,33.0,1003.7,23.8,ERA5_Reanalysis_ECMWF
Bhubaneswar,2024-05-07T07:00,2024,29.7,71,12.7,207.0,33.8,1004.9,23.9,ERA5_Reanalysis_ECMWF
Bhubaneswar,2024-05-07T08:00,2024,30.6,66,16.5,352.0,33.9,1004.7,23.5,ERA5_Reanalysis_ECMWF
Bhubaneswar,2024-05-07T09:00,2024,33.2,60,15.0,608.0,37.6,1004.1,24.4,ERA5_Reanalysis_ECMWF
Bhubaneswar,2024-05-07T10:00,2024,35.5,51,13.7,813.0,40.9,1003.5,23.9,ERA5_Reanalysis_ECMWF
Bhubaneswar,2024-05-07T11:00,2024,34.2,55,21.9,938.0,38.8,1003.6,23.8,ERA5_Reanalysis_ECMWF
Bhubaneswar,2024-05-07T12:00,2024,31.2,67,31.6,664.0,33.3,1003.3,24.3,ERA5_Reanalysis_ECMWF
Bhubaneswar,2024-05-07T13:00,2024,31.0,68,26.0,420.0,33.5,1002.4,24.4,ERA5_Reanalysis_ECMWF
Bhubaneswar,2024-05-07T14:00,2024,31.2,66,24.4,410.0,33.8,1002.2,24.2,ERA5_Reanalysis_ECMWF
Bhubaneswar,2024-05-07T15:00,2024,30.5,70,22.6,234.0,33.5,1001.6,24.4,ERA5_Reanalysis_ECMWF
Bhubaneswar,2024-05-07T16:00,2024,29.6,77,18.5,150.0,33.6,1001.9,25.1,ERA5_Reanalysis_ECMWF
Bhubaneswar,2024-05-07T17:00,2024,29.3,78,17.4,97.0,33.5,1002.4,25.0,ERA5_Reanalysis_ECMWF
Bhubaneswar,2024-05-07T18:00,2024,30.0,68,16.2,18.0,33.4,1002.3,23.5,ERA5_Reanalysis_ECMWF
Bhubaneswar,2024-05-07T19:00,2024,29.2,73,15.3,0.0,32.9,1003.5,23.8,ERA5_Reanalysis_ECMWF
Bhubaneswar,2024-05-07T20:00,2024,28.7,78,13.0,0.0,33.2,1004.6,24.4,ERA5_Reanalysis_ECMWF
Bhubaneswar,2024-05-07T21:00,2024,28.7,79,14.3,0.0,33.1,1004.3,24.6,ERA5_Reanalysis_ECMWF
Bhubaneswar,2024-05-07T22:00,2024,28.7,78,12.1,0.0,33.3,1004.7,24.5,ERA5_Reanalysis_ECMWF
Bhubaneswar,2024-05-07T23:00,2024,28.1,80,7.0,0.0,33.4,1004.2,24.3,ERA5_Reanalysis_ECMWF
Bhubaneswar,2024-05-08T00:00,2024,27.4,84,5.2,0.0,33.0,1003.6,24.5,ERA5_Reanalysis_ECMWF
Bhubaneswar,2024-05-08T01:00,2024,27.0,85,3.6,0.0,32.7,1002.9,24.3,ERA5_Reanalysis_ECMWF
Bhubaneswar,2024-05-08T02:00,2024,26.7,88,3.3,0.0,32.6,1002.6,24.6,ERA5_Reanalysis_ECMWF
Bhubaneswar,2024-05-08T03:00,2024,26.4,91,5.4,0.0,32.2,1002.7,24.8,ERA5_Reanalysis_ECMWF
Bhubaneswar,2024-05-08T04:00,2024,26.4,93,9.4,0.0,31.8,1003.2,25.1,ERA5_Reanalysis_ECMWF
Bhubaneswar,2024-05-08T05:00,2024,26.5,93,6.6,2.0,32.5,1003.7,25.3,ERA5_Reanalysis_ECMWF
Bhubaneswar,2024-05-08T06:00,2024,27.5,87,4.7,67.0,33.6,1003.9,25.2,ERA5_Reanalysis_ECMWF
Bhubaneswar,2024-05-08T07:00,2024,29.4,78,8.3,242.0,35.0,1004.2,25.2,ERA5_Reanalysis_ECMWF
Bhubaneswar,2024-05-08T08:00,2024,31.6,67,10.2,461.0,36.6,1004.6,24.7,ERA5_Reanalysis_ECMWF
Bhubaneswar,2024-05-08T09:00,2024,33.1,58,9.2,647.0,38.3,1004.3,23.8,ERA5_Reanalysis_ECMWF
Bhubaneswar,2024-05-08T10:00,2024,34.0,52,3.4,718.0,39.9,1004.1,22.7,ERA5_Reanalysis_ECMWF
Bhubaneswar,2024-05-08T11:00,2024,35.1,48,1.5,856.0,42.2,1003.5,22.5,ERA5_Reanalysis_ECMWF
Bhubaneswar,2024-05-08T12:00,2024,35.6,46,1.8,810.0,42.1,1002.3,22.3,ERA5_Reanalysis_ECMWF
Bhubaneswar,2024-05-08T13:00,2024,34.4,50,10.9,768.0,39.2,1001.3,22.4,ERA5_Reanalysis_ECMWF
Bhubaneswar,2024-05-08T14:00,2024,32.0,56,13.9,548.0,34.9,1001.0,22.2,ERA5_Reanalysis_ECMWF
Bhubaneswar,2024-05-08T15:00,2024,28.6,76,10.2,465.0,33.1,1002.1,24.0,ERA5_Reanalysis_ECMWF
Bhubaneswar,2024-05-08T16:00,2024,29.9,69,15.6,181.0,33.5,1000.8,23.6,ERA5_Reanalysis_ECMWF
Bhubaneswar,2024-05-08T17:00,2024,29.7,69,16.6,92.0,33.1,1000.9,23.5,ERA5_Reanalysis_ECMWF
Bhubaneswar,2024-05-08T18:00,2024,31.2,68,14.5,19.0,35.4,1002.1,24.5,ERA5_Reanalysis_ECMWF
Bhubaneswar,2024-05-08T19:00,2024,30.2,75,14.3,0.0,35.0,1002.5,25.2,ERA5_Reanalysis_ECMWF
Bhubaneswar,2024-05-08T20:00,2024,29.4,81,13.0,0.0,34.7,1003.3,25.7,ERA5_Reanalysis_ECMWF
Bhubaneswar,2024-05-08T21:00,2024,28.8,85,12.4,0.0,34.4,1003.5,26.1,ERA5_Reanalysis_ECMWF
Bhubaneswar,2024-05-08T22:00,2024,28.0,90,10.2,0.0,34.0,1003.3,26.2,ERA5_Reanalysis_ECMWF
Bhubaneswar,2024-05-08T23:00,2024,27.4,93,9.4,0.0,33.5,1002.8,26.2,ERA5_Reanalysis_ECMWF
Bhubaneswar,2024-05-09T00:00,2024,27.1,95,8.6,0.0,33.4,1002.3,26.3,ERA5_Reanalysis_ECMWF
Bhubaneswar,2024-05-09T01:00,2024,27.1,96,9.7,0.0,33.3,1001.7,26.4,ERA5_Reanalysis_ECMWF
Bhubaneswar,2024-05-09T02:00,2024,27.0,97,9.7,0.0,33.3,1001.1,26.5,ERA5_Reanalysis_ECMWF
Bhubaneswar,2024-05-09T03:00,2024,27.0,97,8.6,0.0,33.4,1000.8,26.5,ERA5_Reanalysis_ECMWF
Bhubaneswar,2024-05-09T04:00,2024,27.2,96,10.1,0.0,33.5,1001.2,26.6,ERA5_Reanalysis_ECMWF
Bhubaneswar,2024-05-09T05:00,2024,27.5,95,10.1,2.0,33.7,1001.7,26.5,ERA5_Reanalysis_ECMWF
Bhubaneswar,2024-05-09T06:00,2024,28.1,87,9.7,87.0,33.9,1003.4,25.7,ERA5_Reanalysis_ECMWF
Bhubaneswar,2024-05-09T07:00,2024,29.9,76,15.2,278.0,34.5,1004.2,25.2,ERA5_Reanalysis_ECMWF
Bhubaneswar,2024-05-09T08:00,2024,31.7,67,17.7,489.0,35.8,1003.8,24.9,ERA5_Reanalysis_ECMWF
Bhubaneswar,2024-05-09T09:00,2024,33.7,59,20.0,680.0,37.8,1003.4,24.5,ERA5_Reanalysis_ECMWF
Bhubaneswar,2024-05-09T10:00,2024,34.2,55,21.3,804.0,38.4,1002.7,24.0,ERA5_Reanalysis_ECMWF
Bhubaneswar,2024-05-09T11:00,2024,34.4,55,17.4,608.0,38.2,1001.6,24.0,ERA5_Reanalysis_ECMWF
Bhubaneswar,2024-05-09T12:00,2024,34.8,50,20.0,720.0,38.1,1001.0,22.8,ERA5_Reanalysis_ECMWF
Bhubaneswar,2024-05-09T13:00,2024,34.9,46,21.0,593.0,36.6,999.8,21.5,ERA5_Reanalysis_ECMWF
Bhubaneswar,2024-05-09T14:00,2024,34.6,50,22.6,630.0,36.9,999.0,22.6,ERA5_Reanalysis_ECMWF
Bhubaneswar,2024-05-09T15:00,2024,32.6,54,22.1,504.0,34.3,999.6,22.1,ERA5_Reanalysis_ECMWF
Bhubaneswar,2024-05-09T16:00,2024,31.9,62,19.6,170.0,34.9,999.9,23.8,ERA5_Reanalysis_ECMWF
Bhubaneswar,2024-05-09T17:00,2024,30.9,68,17.3,141.0,34.5,1001.3,24.2,ERA5_Reanalysis_ECMWF
Bhubaneswar,2024-05-09T18:00,2024,30.7,69,17.8,18.0,34.3,1000.8,24.3,ERA5_Reanalysis_ECMWF
Bhubaneswar,2024-05-09T19:00,2024,29.9,75,18.1,0.0,33.9,1001.7,24.9,ERA5_Reanalysis_ECMWF
Bhubaneswar,2024-05-09T20:00,2024,29.4,77,14.9,0.0,33.9,1003.2,24.9,ERA5_Reanalysis_ECMWF
Bhubaneswar,2024-05-09T21:00,2024,29.1,79,7.7,0.0,34.7,1004.7,25.1,ERA5_Reanalysis_ECMWF
Bhubaneswar,2024-05-09T22:00,2024,28.4,83,2.9,0.0,34.8,1004.8,25.3,ERA5_Reanalysis_ECMWF
Bhubaneswar,2024-05-09T23:00,2024,28.2,85,1.3,0.0,35.0,1003.7,25.4,ERA5_Reanalysis_ECMWF
Bhubaneswar,2024-05-10T00:00,2024,27.6,89,3.3,0.0,34.3,1002.7,25.7,ERA5_Reanalysis_ECMWF
Bhubaneswar,2024-05-10T01:00,2024,27.8,89,9.4,0.0,33.7,1002.0,25.8,ERA5_Reanalysis_ECMWF
Bhubaneswar,2024-05-10T02:00,2024,27.8,89,12.9,0.0,33.2,1001.5,25.8,ERA5_Reanalysis_ECMWF
Bhubaneswar,2024-05-10T03:00,2024,27.5,91,11.3,0.0,33.2,1001.3,25.9,ERA5_Reanalysis_ECMWF
Bhubaneswar,2024-05-10T04:00,2024,27.5,91,10.5,0.0,33.3,1001.7,25.9,ERA5_Reanalysis_ECMWF
Bhubaneswar,2024-05-10T05:00,2024,27.4,91,10.3,2.0,33.2,1002.2,25.9,ERA5_Reanalysis_ECMWF
Bhubaneswar,2024-05-10T06:00,2024,28.3,90,11.2,74.0,34.5,1004.1,26.6,ERA5_Reanalysis_ECMWF
Bhubaneswar,2024-05-10T07:00,2024,29.6,83,14.1,232.0,35.3,1004.3,26.5,ERA5_Reanalysis_ECMWF
Bhubaneswar,2024-05-10T08:00,2024,31.3,71,16.7,468.0,35.7,1004.6,25.3,ERA5_Reanalysis_ECMWF
Bhubaneswar,2024-05-10T09:00,2024,32.8,61,18.3,679.0,37.0,1004.5,24.2,ERA5_Reanalysis_ECMWF
Bhubaneswar,2024-05-10T10:00,2024,33.9,55,18.9,823.0,38.3,1004.0,23.6,ERA5_Reanalysis_ECMWF
Bhubaneswar,2024-05-10T11:00,2024,34.6,52,18.0,895.0,39.2,1003.0,23.2,ERA5_Reanalysis_ECMWF
Bhubaneswar,2024-05-10T12:00,2024,35.1,48,17.0,885.0,39.5,1001.8,22.5,ERA5_Reanalysis_ECMWF
Bhubaneswar,2024-05-10T13:00,2024,35.4,48,17.1,840.0,39.6,1000.7,22.6,ERA5_Reanalysis_ECMWF
Bhubaneswar,2024-05-10T14:00,2024,35.0,49,16.4,702.0,38.8,999.6,22.9,ERA5_Reanalysis_ECMWF
Bhubaneswar,2024-05-10T15:00,2024,33.8,53,19.0,398.0,36.3,999.5,22.8,ERA5_Reanalysis_ECMWF
Bhubaneswar,2024-05-10T16:00,2024,32.5,60,23.5,322.0,34.9,999.6,23.6,ERA5_Reanalysis_ECMWF
Bhubaneswar,2024-05-10T17:00,2024,31.4,64,18.3,136.0,34.6,1000.4,23.7,ERA5_Reanalysis_ECMWF
Bhubaneswar,2024-05-10T18:00,2024,30.7,73,17.6,19.0,35.1,1001.7,25.4,ERA5_Reanalysis_ECMWF
Bhubaneswar,2024-05-10T19:00,2024,29.7,78,18.1,0.0,34.1,1002.1,25.5,ERA5_Reanalysis_ECMWF
Bhubaneswar,2024-05-10T20:00,2024,29.2,81,16.2,0.0,34.0,1002.9,25.7,ERA5_Reanalysis_ECMWF
Bhubaneswar,2024-05-10T21:00,2024,29.0,83,14.8,0.0,34.0,1003.8,25.7,ERA5_Reanalysis_ECMWF
Bhubaneswar,2024-05-10T22:00,2024,28.7,84,15.4,0.0,33.5,1003.9,25.6,ERA5_Reanalysis_ECMWF
Bhubaneswar,2024-05-10T23:00,2024,28.4,85,16.4,0.0,33.1,1003.3,25.6,ERA5_Reanalysis_ECMWF
Bhubaneswar,2024-05-11T00:00,2024,28.2,87,15.1,0.0,33.3,1003.0,25.9,ERA5_Reanalysis_ECMWF
Bhubaneswar,2024-05-11T01:00,2024,28.0,89,15.7,0.0,33.0,1002.9,25.9,ERA5_Reanalysis_ECMWF
Bhubaneswar,2024-05-11T02:00,2024,27.9,90,16.1,0.0,32.9,1002.6,26.0,ERA5_Reanalysis_ECMWF
Bhubaneswar,2024-05-11T03:00,2024,27.8,91,16.6,0.0,32.8,1002.5,26.1,ERA5_Reanalysis_ECMWF
Bhubaneswar,2024-05-11T04:00,2024,27.7,91,14.8,0.0,32.9,1003.0,26.1,ERA5_Reanalysis_ECMWF
Bhubaneswar,2024-05-11T05:00,2024,27.7,90,15.9,2.0,32.6,1003.3,25.9,ERA5_Reanalysis_ECMWF
Bhubaneswar,2024-05-11T06:00,2024,29.4,86,13.3,88.0,35.5,1004.8,26.9,ERA5_Reanalysis_ECMWF
Bhubaneswar,2024-05-11T07:00,2024,31.1,77,20.1,277.0,35.9,1005.0,26.6,ERA5_Reanalysis_ECMWF
Bhubaneswar,2024-05-11T08:00,2024,32.6,70,19.6,482.0,37.4,1005.1,26.4,ERA5_Reanalysis_ECMWF
Bhubaneswar,2024-05-11T09:00,2024,34.0,62,20.8,672.0,38.7,1004.8,25.7,ERA5_Reanalysis_ECMWF
Bhubaneswar,2024-05-11T10:00,2024,35.1,56,20.1,820.0,40.3,1003.7,25.2,ERA5_Reanalysis_ECMWF
Bhubaneswar,2024-05-11T11:00,2024,35.6,54,18.7,902.0,41.2,1002.9,24.8,ERA5_Reanalysis_ECMWF
Bhubaneswar,2024-05-11T12:00,2024,35.9,52,16.6,866.0,41.5,1001.6,24.6,ERA5_Reanalysis_ECMWF
Bhubaneswar,2024-05-11T13:00,2024,36.1,52,16.5,813.0,41.6,1000.5,24.7,ERA5_Reanalysis_ECMWF
Bhubaneswar,2024-05-11T14:00,2024,36.0,52,16.8,713.0,41.0,999.4,24.8,ERA5_Reanalysis_ECMWF
Bhubaneswar,2024-05-11T15:00,2024,35.1,55,18.0,517.0,39.1,998.8,24.8,ERA5_Reanalysis_ECMWF
Bhubaneswar,2024-05-11T16:00,2024,33.9,60,19.2,330.0,37.8,999.2,25.0,ERA5_Reanalysis_ECMWF
Bhubaneswar,2024-05-11T17:00,2024,32.5,64,11.0,148.0,37.6,1001.2,24.9,ERA5_Reanalysis_ECMWF
Bhubaneswar,2024-05-11T18:00,2024,31.3,68,14.0,20.0,35.9,1001.6,24.8,ERA5_Reanalysis_ECMWF
Bhubaneswar,2024-05-11T19:00,2024,30.0,77,16.2,0.0,34.8,1002.7,25.6,ERA5_Reanalysis_ECMWF
Bhubaneswar,2024-05-11T20:00,2024,29.3,83,15.7,0.0,34.5,1003.6,26.2,ERA5_Reanalysis_ECMWF
Bhubaneswar,2024-05-11T21:00,2024,29.1,87,15.5,0.0,34.7,1004.5,26.7,ERA5_Reanalysis_ECMWF
Bhubaneswar,2024-05-11T22:00,2024,29.1,87,14.1,0.0,34.9,1004.8,26.8,ERA5_Reanalysis_ECMWF
Bhubaneswar,2024-05-11T23:00,2024,29.0,88,14.0,0.0,34.8,1004.3,26.7,ERA5_Reanalysis_ECMWF
Bhubaneswar,2024-05-12T00:00,2024,28.6,89,11.8,0.0,34.7,1004.2,26.6,ERA5_Reanalysis_ECMWF
Bhubaneswar,2024-05-12T01:00,2024,27.9,89,16.2,0.0,32.9,1003.7,25.9,ERA5_Reanalysis_ECMWF
Bhubaneswar,2024-05-12T02:00,2024,28.3,91,19.9,0.0,33.2,1002.6,26.7,ERA5_Reanalysis_ECMWF
Bhubaneswar,2024-05-12T03:00,2024,28.3,91,17.4,0.0,33.5,1002.1,26.6,ERA5_Reanalysis_ECMWF
Bhubaneswar,2024-05-12T04:00,2024,28.2,91,17.3,0.0,33.4,1002.2,26.5,ERA5_Reanalysis_ECMWF
Bhubaneswar,2024-05-12T05:00,2024,28.3,89,16.8,2.0,33.5,1002.6,26.4,ERA5_Reanalysis_ECMWF
Bhubaneswar,2024-05-12T06:00,2024,27.2,89,14.3,86.0,32.0,1005.2,25.2,ERA5_Reanalysis_ECMWF
Bhubaneswar,2024-05-12T07:00,2024,29.1,80,17.4,269.0,33.4,1006.0,25.3,ERA5_Reanalysis_ECMWF
Bhubaneswar,2024-05-12T08:00,2024,30.9,73,21.2,424.0,34.8,1005.6,25.4,ERA5_Reanalysis_ECMWF
Bhubaneswar,2024-05-12T09:00,2024,33.0,64,19.6,638.0,37.4,1004.6,25.2,ERA5_Reanalysis_ECMWF
Bhubaneswar,2024-05-12T10:00,2024,34.3,60,14.8,796.0,40.5,1004.0,25.4,ERA5_Reanalysis_ECMWF
Bhubaneswar,2024-05-12T11:00,2024,35.1,57,10.3,888.0,42.5,1002.9,25.3,ERA5_Reanalysis_ECMWF
Bhubaneswar,2024-05-12T12:00,2024,35.4,56,7.4,864.0,43.1,1002.2,25.3,ERA5_Reanalysis_ECMWF
Bhubaneswar,2024-05-12T13:00,2024,35.6,54,5.0,739.0,42.6,1001.4,24.8,ERA5_Reanalysis_ECMWF
Bhubaneswar,2024-05-12T14:00,2024,35.4,55,6.5,681.0,41.9,1000.1,24.9,ERA5_Reanalysis_ECMWF
Bhubaneswar,2024-05-12T15:00,2024,28.5,79,12.2,443.0,33.2,1001.3,24.6,ERA5_Reanalysis_ECMWF
Bhubaneswar,2024-05-12T16:00,2024,28.4,83,8.3,164.0,34.0,1000.6,25.2,ERA5_Reanalysis_ECMWF
Bhubaneswar,2024-05-12T17:00,2024,27.5,87,7.2,125.0,33.3,1001.8,25.2,ERA5_Reanalysis_ECMWF
Bhubaneswar,2024-05-12T18:00,2024,27.4,77,7.1,14.0,31.9,1002.5,23.1,ERA5_Reanalysis_ECMWF
Bhubaneswar,2024-05-12T19:00,2024,28.1,74,9.3,0.0,32.2,1002.7,23.1,ERA5_Reanalysis_ECMWF
Bhubaneswar,2024-05-12T20:00,2024,28.9,83,11.8,0.0,34.4,1003.4,25.7,ERA5_Reanalysis_ECMWF
Bhubaneswar,2024-05-12T21:00,2024,29.1,85,14.2,0.0,34.7,1004.1,26.3,ERA5_Reanalysis_ECMWF
Bhubaneswar,2024-05-12T22:00,2024,28.8,87,15.1,0.0,34.2,1004.2,26.4,ERA5_Reanalysis_ECMWF
Bhubaneswar,2024-05-12T23:00,2024,28.6,88,15.2,0.0,34.1,1003.4,26.4,ERA5_Reanalysis_ECMWF
Bhubaneswar,2024-05-13T00:00,2024,28.4,89,12.0,0.0,34.3,1003.2,26.4,ERA5_Reanalysis_ECMWF
Bhubaneswar,2024-05-13T01:00,2024,28.2,90,10.5,0.0,34.4,1003.2,26.4,ERA5_Reanalysis_ECMWF
Bhubaneswar,2024-05-13T02:00,2024,28.0,92,9.9,0.0,34.2,1002.7,26.5,ERA5_Reanalysis_ECMWF
Bhubaneswar,2024-05-13T03:00,2024,27.6,94,4.9,0.0,34.6,1002.6,26.6,ERA5_Reanalysis_ECMWF
Bhubaneswar,2024-05-13T04:00,2024,27.1,97,4.6,0.0,34.2,1003.0,26.6,ERA5_Reanalysis_ECMWF
Bhubaneswar,2024-05-13T05:00,2024,27.3,97,4.4,2.0,34.5,1003.6,26.7,ERA5_Reanalysis_ECMWF
Bhubaneswar,2024-05-13T06:00,2024,27.3,87,7.6,75.0,32.8,1004.5,24.9,ERA5_Reanalysis_ECMWF
Bhubaneswar,2024-05-13T07:00,2024,29.1,79,7.6,267.0,34.7,1004.8,25.0,ERA5_Reanalysis_ECMWF
Bhubaneswar,2024-05-13T08:00,2024,31.1,70,8.9,472.0,36.4,1004.7,24.9,ERA5_Reanalysis_ECMWF
Bhubaneswar,2024-05-13T09:00,2024,32.8,62,10.6,639.0,38.1,1004.1,24.5,ERA5_Reanalysis_ECMWF
Bhubaneswar,2024-05-13T10:00,2024,34.3,56,11.0,827.0,40.5,1003.5,24.3,ERA5_Reanalysis_ECMWF
Bhubaneswar,2024-05-13T11:00,2024,35.6,50,9.1,897.0,42.2,1002.6,23.7,ERA5_Reanalysis_ECMWF
Bhubaneswar,2024-05-13T12:00,2024,36.5,46,7.9,922.0,43.1,1001.4,23.2,ERA5_Reanalysis_ECMWF
Bhubaneswar,2024-05-13T13:00,2024,37.1,43,7.6,859.0,43.0,1001.0,22.5,ERA5_Reanalysis_ECMWF
Bhubaneswar,2024-05-13T14:00,2024,36.0,45,8.2,676.0,40.5,1000.0,22.1,ERA5_Reanalysis_ECMWF
Bhubaneswar,2024-05-13T15:00,2024,31.4,69,8.7,420.0,36.8,1000.6,25.0,ERA5_Reanalysis_ECMWF
Bhubaneswar,2024-05-13T16:00,2024,31.3,71,6.6,260.0,37.2,1001.0,25.3,ERA5_Reanalysis_ECMWF
Bhubaneswar,2024-05-13T17:00,2024,30.4,74,9.9,92.0,35.9,1001.9,25.4,ERA5_Reanalysis_ECMWF
Bhubaneswar,2024-05-13T18:00,2024,28.2,76,8.1,22.0,32.8,1003.0,23.5,ERA5_Reanalysis_ECMWF
Bhubaneswar,2024-05-13T19:00,2024,28.9,77,13.3,0.0,33.4,1003.8,24.5,ERA5_Reanalysis_ECMWF
Bhubaneswar,2024-05-13T20:00,2024,28.6,81,11.9,0.0,33.5,1003.9,25.0,ERA5_Reanalysis_ECMWF
Bhubaneswar,2024-05-13T21:00,2024,28.2,85,9.8,0.0,33.8,1004.3,25.5,ERA5_Reanalysis_ECMWF
Bhubaneswar,2024-05-13T22:00,2024,27.8,88,6.8,0.0,33.9,1004.0,25.6,ERA5_Reanalysis_ECMWF
Bhubaneswar,2024-05-13T23:00,2024,27.4,90,6.0,0.0,33.7,1003.4,25.7,ERA5_Reanalysis_ECMWF
Bhubaneswar,2024-05-14T00:00,2024,27.2,92,5.8,0.0,33.5,1002.9,25.8,ERA5_Reanalysis_ECMWF
Bhubaneswar,2024-05-14T01:00,2024,26.8,95,3.8,0.0,33.6,1002.6,25.9,ERA5_Reanalysis_ECMWF
Bhubaneswar,2024-05-14T02:00,2024,26.7,96,3.6,0.0,33.5,1002.3,25.9,ERA5_Reanalysis_ECMWF
Bhubaneswar,2024-05-14T03:00,2024,26.4,97,3.7,0.0,33.2,1002.0,25.9,ERA5_Reanalysis_ECMWF
Bhubaneswar,2024-05-14T04:00,2024,26.1,98,5.0,0.0,32.6,1002.3,25.8,ERA5_Reanalysis_ECMWF
Bhubaneswar,2024-05-14T05:00,2024,26.2,99,2.7,3.0,33.2,1003.3,26.0,ERA5_Reanalysis_ECMWF
Bhubaneswar,2024-05-14T06:00,2024,27.7,90,2.5,90.0,34.7,1004.2,25.9,ERA5_Reanalysis_ECMWF
Bhubaneswar,2024-05-14T07:00,2024,29.5,81,0.7,278.0,36.6,1005.1,25.9,ERA5_Reanalysis_ECMWF
Bhubaneswar,2024-05-14T08:00,2024,31.0,73,3.1,487.0,37.7,1005.2,25.6,ERA5_Reanalysis_ECMWF
Bhubaneswar,2024-05-14T09:00,2024,32.6,65,6.9,677.0,39.2,1005.2,25.2,ERA5_Reanalysis_ECMWF
Bhubaneswar,2024-05-14T10:00,2024,33.7,61,9.1,815.0,40.6,1004.6,25.0,ERA5_Reanalysis_ECMWF
Bhubaneswar,2024-05-14T11:00,2024,34.6,58,9.8,894.0,41.9,1003.6,25.1,ERA5_Reanalysis_ECMWF
Bhubaneswar,2024-05-14T12:00,2024,33.6,60,11.3,877.0,40.2,1003.0,24.6,ERA5_Reanalysis_ECMWF
Bhubaneswar,2024-05-14T13:00,2024,34.5,58,7.2,742.0,41.4,1002.4,25.2,ERA5_Reanalysis_ECMWF
Bhubaneswar,2024-05-14T14:00,2024,33.0,63,15.7,617.0,37.7,1001.2,24.9,ERA5_Reanalysis_ECMWF
Bhubaneswar,2024-05-14T15:00,2024,33.0,62,13.9,461.0,37.6,1000.7,24.8,ERA5_Reanalysis_ECMWF
Bhubaneswar,2024-05-14T16:00,2024,32.1,66,11.4,326.0,37.2,1001.3,25.0,ERA5_Reanalysis_ECMWF
Bhubaneswar,2024-05-14T17:00,2024,31.4,69,12.2,128.0,36.3,1002.0,25.0,ERA5_Reanalysis_ECMWF
Bhubaneswar,2024-05-14T18:00,2024,30.4,70,13.7,22.0,34.6,1003.3,24.3,ERA5_Reanalysis_ECMWF
Bhubaneswar,2024-05-14T19:00,2024,29.3,76,15.5,0.0,33.5,1003.7,24.6,ERA5_Reanalysis_ECMWF
Bhubaneswar,2024-05-14T20:00,2024,28.6,80,12.6,0.0,33.3,1004.5,24.8,ERA5_Reanalysis_ECMWF
Bhubaneswar,2024-05-14T21:00,2024,28.1,83,11.3,0.0,33.1,1004.8,24.9,ERA5_Reanalysis_ECMWF
Bhubaneswar,2024-05-14T22:00,2024,27.6,87,9.6,0.0,33.1,1004.5,25.2,ERA5_Reanalysis_ECMWF
Bhubaneswar,2024-05-14T23:00,2024,27.2,89,9.5,0.0,32.7,1003.6,25.3,ERA5_Reanalysis_ECMWF
Bhubaneswar,2024-05-15T00:00,2024,27.0,91,9.1,0.0,32.6,1003.2,25.3,ERA5_Reanalysis_ECMWF
Bhubaneswar,2024-05-15T01:00,2024,26.8,92,8.9,0.0,32.5,1002.9,25.4,ERA5_Reanalysis_ECMWF
Bhubaneswar,2024-05-15T02:00,2024,26.6,94,8.0,0.0,32.5,1002.4,25.5,ERA5_Reanalysis_ECMWF
Bhubaneswar,2024-05-15T03:00,2024,26.2,97,5.7,0.0,32.4,1002.0,25.6,ERA5_Reanalysis_ECMWF
Bhubaneswar,2024-05-15T04:00,2024,25.6,98,6.1,0.0,31.6,1002.6,25.3,ERA5_Reanalysis_ECMWF
Bhubaneswar,2024-05-15T05:00,2024,25.9,98,3.1,3.0,32.5,1003.6,25.5,ERA5_Reanalysis_ECMWF
Bhubaneswar,2024-05-15T06:00,2024,28.3,89,0.5,91.0,35.8,1005.6,26.3,ERA5_Reanalysis_ECMWF
Bhubaneswar,2024-05-15T07:00,2024,29.9,81,3.9,278.0,36.9,1006.5,26.3,ERA5_Reanalysis_ECMWF
Bhubaneswar,2024-05-15T08:00,2024,31.4,70,6.1,490.0,37.5,1006.5,25.4,ERA5_Reanalysis_ECMWF
Bhubaneswar,2024-05-15T09:00,2024,33.1,58,8.3,679.0,38.6,1006.6,23.7,ERA5_Reanalysis_ECMWF
Bhubaneswar,2024-05-15T10:00,2024,34.5,49,8.4,822.0,39.8,1005.7,22.2,ERA5_Reanalysis_ECMWF
Bhubaneswar,2024-05-15T11:00,2024,35.4,44,6.4,907.0,41.3,1004.5,21.5,ERA5_Reanalysis_ECMWF
Bhubaneswar,2024-05-15T12:00,2024,36.2,42,5.8,923.0,42.0,1003.7,21.1,ERA5_Reanalysis_ECMWF
Bhubaneswar,2024-05-15T13:00,2024,36.5,40,5.2,837.0,41.7,1002.8,20.8,ERA5_Reanalysis_ECMWF
Bhubaneswar,2024-05-15T14:00,2024,36.6,40,6.7,648.0,40.5,1002.0,20.9,ERA5_Reanalysis_ECMWF
Bhubaneswar,2024-05-15T15:00,2024,35.9,44,11.3,541.0,39.0,1001.2,21.7,ERA5_Reanalysis_ECMWF
Bhubaneswar,2024-05-15T16:00,2024,34.2,53,18.0,344.0,37.2,1001.5,23.3,ERA5_Reanalysis_ECMWF
Bhubaneswar,2024-05-15T17:00,2024,32.5,60,15.5,160.0,36.2,1002.6,23.9,ERA5_Reanalysis_ECMWF
Bhubaneswar,2024-05-15T18:00,2024,31.0,69,17.0,18.0,35.0,1003.7,24.6,ERA5_Reanalysis_ECMWF
Bhubaneswar,2024-05-15T19:00,2024,30.2,71,15.1,0.0,34.4,1004.5,24.5,ERA5_Reanalysis_ECMWF
Bhubaneswar,2024-05-15T20:00,2024,29.7,73,11.9,0.0,34.3,1005.0,24.4,ERA5_Reanalysis_ECMWF
Bhubaneswar,2024-05-15T21:00,2024,29.0,78,10.6,0.0,34.0,1005.3,24.8,ERA5_Reanalysis_ECMWF
Bhubaneswar,2024-05-15T22:00,2024,28.7,79,9.5,0.0,33.8,1005.6,24.7,ERA5_Reanalysis_ECMWF
Bhubaneswar,2024-05-15T23:00,2024,28.5,80,11.0,0.0,33.5,1005.7,24.8,ERA5_Reanalysis_ECMWF
Bhubaneswar,2024-05-16T00:00,2024,28.2,85,8.7,0.0,33.8,1005.1,25.4,ERA5_Reanalysis_ECMWF
Bhubaneswar,2024-05-16T01:00,2024,27.9,88,6.4,0.0,34.2,1004.9,25.8,ERA5_Reanalysis_ECMWF
Bhubaneswar,2024-05-16T02:00,2024,27.8,90,6.9,0.0,34.2,1004.5,26.0,ERA5_Reanalysis_ECMWF
Bhubaneswar,2024-05-16T03:00,2024,27.8,91,8.0,0.0,34.1,1004.4,26.1,ERA5_Reanalysis_ECMWF
Bhubaneswar,2024-05-16T04:00,2024,27.8,90,7.4,0.0,34.2,1005.0,26.1,ERA5_Reanalysis_ECMWF
Bhubaneswar,2024-05-16T05:00,2024,27.9,89,7.8,2.0,34.0,1005.3,25.8,ERA5_Reanalysis_ECMWF
Bhubaneswar,2024-05-16T06:00,2024,29.5,83,10.5,77.0,35.5,1005.0,26.2,ERA5_Reanalysis_ECMWF
Bhubaneswar,2024-05-16T07:00,2024,30.4,76,13.0,158.0,35.7,1006.0,25.7,ERA5_Reanalysis_ECMWF
Bhubaneswar,2024-05-16T08:00,2024,30.5,74,11.6,107.0,35.7,1006.3,25.3,ERA5_Reanalysis_ECMWF
Bhubaneswar,2024-05-16T09:00,2024,31.4,68,13.8,222.0,35.9,1006.4,24.7,ERA5_Reanalysis_ECMWF
Bhubaneswar,2024-05-16T10:00,2024,32.3,60,14.3,416.0,35.9,1005.7,23.5,ERA5_Reanalysis_ECMWF
Bhubaneswar,2024-05-16T11:00,2024,33.3,57,10.4,641.0,38.2,1004.5,23.8,ERA5_Reanalysis_ECMWF
Bhubaneswar,2024-05-16T12:00,2024,34.2,55,8.4,737.0,40.0,1003.4,23.8,ERA5_Reanalysis_ECMWF
Bhubaneswar,2024-05-16T13:00,2024,35.0,52,7.1,820.0,41.4,1002.4,23.6,ERA5_Reanalysis_ECMWF
Bhubaneswar,2024-05-16T14:00,2024,35.3,50,7.1,711.0,41.0,1001.5,23.4,ERA5_Reanalysis_ECMWF
Bhubaneswar,2024-05-16T15:00,2024,34.8,52,11.2,490.0,38.9,1001.0,23.4,ERA5_Reanalysis_ECMWF
Bhubaneswar,2024-05-16T16:00,2024,34.3,54,11.6,324.0,38.5,1000.9,23.7,ERA5_Reanalysis_ECMWF
Bhubaneswar,2024-05-16T17:00,2024,33.3,59,12.8,156.0,37.6,1001.4,24.2,ERA5_Reanalysis_ECMWF
Bhubaneswar,2024-05-16T18:00,2024,31.8,62,17.3,23.0,35.0,1001.5,23.6,ERA5_Reanalysis_ECMWF
Bhubaneswar,2024-05-16T19:00,2024,30.4,68,15.3,0.0,34.1,1002.3,23.8,ERA5_Reanalysis_ECMWF
Bhubaneswar,2024-05-16T20:00,2024,29.7,72,15.1,0.0,33.7,1003.2,24.2,ERA5_Reanalysis_ECMWF
Bhubaneswar,2024-05-16T21:00,2024,29.2,77,14.0,0.0,33.8,1003.8,24.8,ERA5_Reanalysis_ECMWF
Bhubaneswar,2024-05-16T22:00,2024,28.9,81,14.7,0.0,33.7,1004.1,25.3,ERA5_Reanalysis_ECMWF
Bhubaneswar,2024-05-16T23:00,2024,28.7,83,15.0,0.0,33.6,1003.6,25.6,ERA5_Reanalysis_ECMWF
Bhubaneswar,2024-05-17T00:00,2024,28.5,86,15.1,0.0,33.5,1002.9,25.9,ERA5_Reanalysis_ECMWF
Bhubaneswar,2024-05-17T01:00,2024,28.3,87,13.5,0.0,33.6,1002.0,25.9,ERA5_Reanalysis_ECMWF
Bhubaneswar,2024-05-17T02:00,2024,28.0,89,12.4,0.0,33.7,1001.8,26.1,ERA5_Reanalysis_ECMWF
Bhubaneswar,2024-05-17T03:00,2024,27.8,92,11.6,0.0,33.7,1001.9,26.3,ERA5_Reanalysis_ECMWF
Bhubaneswar,2024-05-17T04:00,2024,27.9,92,12.6,0.0,33.7,1002.4,26.4,ERA5_Reanalysis_ECMWF
Bhubaneswar,2024-05-17T05:00,2024,28.0,91,12.9,3.0,33.8,1002.6,26.4,ERA5_Reanalysis_ECMWF
Bhubaneswar,2024-05-17T06:00,2024,29.7,85,8.3,84.0,36.5,1003.7,26.9,ERA5_Reanalysis_ECMWF
Bhubaneswar,2024-05-17T07:00,2024,31.0,77,10.5,204.0,37.2,1004.0,26.5,ERA5_Reanalysis_ECMWF
Bhubaneswar,2024-05-17T08:00,2024,32.7,68,10.3,393.0,38.6,1004.2,26.0,ERA5_Reanalysis_ECMWF
Bhubaneswar,2024-05-17T09:00,2024,34.1,60,12.0,533.0,39.2,1004.0,25.3,ERA5_Reanalysis_ECMWF
Bhubaneswar,2024-05-17T10:00,2024,35.3,54,11.5,666.0,40.7,1003.2,24.6,ERA5_Reanalysis_ECMWF
Bhubaneswar,2024-05-17T11:00,2024,36.8,48,10.7,909.0,43.4,1002.2,24.1,ERA5_Reanalysis_ECMWF
Bhubaneswar,2024-05-17T12:00,2024,37.7,44,11.8,904.0,43.6,1001.3,23.3,ERA5_Reanalysis_ECMWF
Bhubaneswar,2024-05-17T13:00,2024,37.2,44,14.2,800.0,41.8,1000.4,22.8,ERA5_Reanalysis_ECMWF
Bhubaneswar,2024-05-17T14:00,2024,37.2,43,14.8,703.0,41.1,999.6,22.6,ERA5_Reanalysis_ECMWF
Bhubaneswar,2024-05-17T15:00,2024,36.4,45,15.7,518.0,39.2,999.2,22.5,ERA5_Reanalysis_ECMWF
Bhubaneswar,2024-05-17T16:00,2024,35.0,48,18.2,350.0,37.4,999.4,22.3,ERA5_Reanalysis_ECMWF
Bhubaneswar,2024-05-17T17:00,2024,33.4,53,16.3,167.0,36.2,1000.1,22.6,ERA5_Reanalysis_ECMWF
Bhubaneswar,2024-05-17T18:00,2024,32.0,63,16.8,24.0,35.7,1000.7,24.2,ERA5_Reanalysis_ECMWF
Bhubaneswar,2024-05-17T19:00,2024,31.1,69,15.7,0.0,35.3,1001.6,24.7,ERA5_Reanalysis_ECMWF
Bhubaneswar,2024-05-17T20:00,2024,30.2,76,14.7,0.0,35.1,1002.3,25.5,ERA5_Reanalysis_ECMWF
Bhubaneswar,2024-05-17T21:00,2024,29.8,80,15.3,0.0,34.8,1002.6,25.9,ERA5_Reanalysis_ECMWF
Bhubaneswar,2024-05-17T22:00,2024,29.5,82,15.9,0.0,34.6,1002.8,26.1,ERA5_Reanalysis_ECMWF
Bhubaneswar,2024-05-17T23:00,2024,29.2,84,15.8,0.0,34.4,1002.2,26.2,ERA5_Reanalysis_ECMWF
Bhubaneswar,2024-05-18T00:00,2024,29.0,85,16.0,0.0,34.1,1001.5,26.1,ERA5_Reanalysis_ECMWF
Bhubaneswar,2024-05-18T01:00,2024,28.8,86,15.6,0.0,34.0,1001.2,26.2,ERA5_Reanalysis_ECMWF
Bhubaneswar,2024-05-18T02:00,2024,28.6,87,15.3,0.0,33.9,1000.9,26.2,ERA5_Reanalysis_ECMWF
Bhubaneswar,2024-05-18T03:00,2024,28.5,87,14.0,0.0,33.9,1000.9,26.1,ERA5_Reanalysis_ECMWF
Bhubaneswar,2024-05-18T04:00,2024,28.3,88,12.7,0.0,33.8,1001.0,26.0,ERA5_Reanalysis_ECMWF
Bhubaneswar,2024-05-18T05:00,2024,28.1,88,11.7,3.0,33.6,1001.3,25.9,ERA5_Reanalysis_ECMWF
Bhubaneswar,2024-05-18T06:00,2024,30.1,85,8.7,95.0,37.1,1002.0,27.3,ERA5_Reanalysis_ECMWF
Bhubaneswar,2024-05-18T07:00,2024,31.6,79,11.4,238.0,38.4,1002.0,27.6,ERA5_Reanalysis_ECMWF
Bhubaneswar,2024-05-18T08:00,2024,33.4,72,12.2,483.0,40.3,1002.6,27.8,ERA5_Reanalysis_ECMWF
Bhubaneswar,2024-05-18T09:00,2024,34.8,65,12.6,564.0,41.2,1002.3,27.1,ERA5_Reanalysis_ECMWF
Bhubaneswar,2024-05-18T10:00,2024,35.5,60,11.1,621.0,42.0,1001.6,26.5,ERA5_Reanalysis_ECMWF
Bhubaneswar,2024-05-18T11:00,2024,36.2,55,7.0,752.0,43.7,1000.6,25.8,ERA5_Reanalysis_ECMWF
Bhubaneswar,2024-05-18T12:00,2024,36.7,52,4.3,682.0,43.8,999.7,25.3,ERA5_Reanalysis_ECMWF
Bhubaneswar,2024-05-18T13:00,2024,35.7,54,10.5,566.0,41.0,998.8,25.1,ERA5_Reanalysis_ECMWF
Bhubaneswar,2024-05-18T14:00,2024,36.2,53,9.3,573.0,41.7,997.7,25.1,ERA5_Reanalysis_ECMWF
Bhubaneswar,2024-05-18T15:00,2024,35.1,55,8.8,474.0,40.3,997.5,24.8,ERA5_Reanalysis_ECMWF
Bhubaneswar,2024-05-18T16:00,2024,31.3,74,11.7,262.0,37.0,998.3,26.2,ERA5_Reanalysis_ECMWF
Bhubaneswar,2024-05-18T17:00,2024,30.1,79,9.1,108.0,36.2,998.4,26.1,ERA5_Reanalysis_ECMWF
Bhubaneswar,2024-05-18T18:00,2024,31.4,72,11.6,14.0,36.8,999.3,25.7,ERA5_Reanalysis_ECMWF
Bhubaneswar,2024-05-18T19:00,2024,30.8,71,15.0,0.0,35.3,999.7,25.0,ERA5_Reanalysis_ECMWF
Bhubaneswar,2024-05-18T20:00,2024,29.9,75,12.0,0.0,34.9,1000.3,25.0,ERA5_Reanalysis_ECMWF
Bhubaneswar,2024-05-18T21:00,2024,29.4,81,11.1,0.0,34.9,1000.7,25.7,ERA5_Reanalysis_ECMWF
Bhubaneswar,2024-05-18T22:00,2024,29.2,85,11.4,0.0,35.1,1000.6,26.3,ERA5_Reanalysis_ECMWF
Bhubaneswar,2024-05-18T23:00,2024,29.0,87,11.8,0.0,35.1,1000.2,26.7,ERA5_Reanalysis_ECMWF
Bhubaneswar,2024-05-19T00:00,2024,28.8,89,12.0,0.0,35.0,999.6,26.9,ERA5_Reanalysis_ECMWF
Bhubaneswar,2024-05-19T01:00,2024,28.6,90,11.7,0.0,34.9,999.2,26.8,ERA5_Reanalysis_ECMWF
Bhubaneswar,2024-05-19T02:00,2024,28.5,90,10.7,0.0,34.9,998.8,26.8,ERA5_Reanalysis_ECMWF
Bhubaneswar,2024-05-19T03:00,2024,28.4,91,10.7,0.0,34.8,998.7,26.8,ERA5_Reanalysis_ECMWF
Bhubaneswar,2024-05-19T04:00,2024,28.3,91,8.1,0.0,35.0,998.7,26.8,ERA5_Reanalysis_ECMWF
Bhubaneswar,2024-05-19T05:00,2024,28.3,91,6.8,3.0,35.2,999.1,26.8,ERA5_Reanalysis_ECMWF
Bhubaneswar,2024-05-19T06:00,2024,28.9,85,3.2,69.0,35.8,1000.4,26.1,ERA5_Reanalysis_ECMWF
Bhubaneswar,2024-05-19T07:00,2024,30.3,76,4.7,273.0,36.7,1001.0,25.6,ERA5_Reanalysis_ECMWF
Bhubaneswar,2024-05-19T08:00,2024,31.7,68,6.5,448.0,37.4,1001.2,24.9,ERA5_Reanalysis_ECMWF
Bhubaneswar,2024-05-19T09:00,2024,33.1,62,8.1,687.0,39.2,1001.0,24.8,ERA5_Reanalysis_ECMWF
Bhubaneswar,2024-05-19T10:00,2024,34.3,58,8.2,808.0,41.1,1000.2,24.7,ERA5_Reanalysis_ECMWF
Bhubaneswar,2024-05-19T11:00,2024,34.9,55,10.2,877.0,41.7,999.8,24.6,ERA5_Reanalysis_ECMWF
Bhubaneswar,2024-05-19T12:00,2024,34.9,54,10.5,776.0,40.9,998.8,24.3,ERA5_Reanalysis_ECMWF
Bhubaneswar,2024-05-19T13:00,2024,34.8,55,10.2,675.0,40.3,997.8,24.3,ERA5_Reanalysis_ECMWF
Bhubaneswar,2024-05-19T14:00,2024,33.8,58,11.4,564.0,38.5,997.0,24.4,ERA5_Reanalysis_ECMWF
Bhubaneswar,2024-05-19T15:00,2024,34.2,55,11.4,417.0,38.5,996.4,23.9,ERA5_Reanalysis_ECMWF
Bhubaneswar,2024-05-19T16:00,2024,33.3,59,14.3,311.0,37.3,996.0,24.1,ERA5_Reanalysis_ECMWF
Bhubaneswar,2024-05-19T17:00,2024,32.5,64,11.1,142.0,37.4,996.2,24.8,ERA5_Reanalysis_ECMWF
Bhubaneswar,2024-05-19T18:00,2024,31.8,67,13.4,24.0,36.5,997.1,24.9,ERA5_Reanalysis_ECMWF
Bhubaneswar,2024-05-19T19:00,2024,30.8,72,13.1,0.0,35.7,998.1,25.2,ERA5_Reanalysis_ECMWF
Bhubaneswar,2024-05-19T20:00,2024,30.2,76,13.1,0.0,35.4,998.6,25.6,ERA5_Reanalysis_ECMWF
Bhubaneswar,2024-05-19T21:00,2024,29.8,80,11.4,0.0,35.5,999.0,26.0,ERA5_Reanalysis_ECMWF
Bhubaneswar,2024-05-19T22:00,2024,29.5,83,11.8,0.0,35.4,999.5,26.4,ERA5_Reanalysis_ECMWF
Bhubaneswar,2024-05-19T23:00,2024,29.3,86,13.9,0.0,35.1,999.4,26.7,ERA5_Reanalysis_ECMWF
Bhubaneswar,2024-05-20T00:00,2024,29.3,86,14.4,0.0,35.1,998.6,26.7,ERA5_Reanalysis_ECMWF
Bhubaneswar,2024-05-20T01:00,2024,29.2,86,14.1,0.0,34.9,998.0,26.6,ERA5_Reanalysis_ECMWF
Bhubaneswar,2024-05-20T02:00,2024,29.2,86,14.5,0.0,34.8,997.8,26.6,ERA5_Reanalysis_ECMWF
Bhubaneswar,2024-05-20T03:00,2024,29.1,87,13.6,0.0,35.0,997.9,26.7,ERA5_Reanalysis_ECMWF
Bhubaneswar,2024-05-20T04:00,2024,29.0,88,13.4,0.0,35.0,998.4,26.8,ERA5_Reanalysis_ECMWF
Bhubaneswar,2024-05-20T05:00,2024,28.9,89,13.5,3.0,34.9,998.8,26.9,ERA5_Reanalysis_ECMWF
Bhubaneswar,2024-05-20T06:00,2024,30.0,84,12.1,77.0,36.3,999.9,27.1,ERA5_Reanalysis_ECMWF
Bhubaneswar,2024-05-20T07:00,2024,31.3,78,12.6,269.0,37.4,999.8,26.9,ERA5_Reanalysis_ECMWF
Bhubaneswar,2024-05-20T08:00,2024,32.8,67,13.8,469.0,38.2,1000.1,26.0,ERA5_Reanalysis_ECMWF
Bhubaneswar,2024-05-20T09:00,2024,34.1,61,15.8,660.0,39.4,1000.3,25.5,ERA5_Reanalysis_ECMWF
Bhubaneswar,2024-05-20T10:00,2024,34.7,58,14.6,759.0,40.5,999.9,25.2,ERA5_Reanalysis_ECMWF
Bhubaneswar,2024-05-20T11:00,2024,35.1,56,12.4,778.0,41.3,999.0,25.0,ERA5_Reanalysis_ECMWF
Bhubaneswar,2024-05-20T12:00,2024,35.7,54,14.7,850.0,41.9,997.9,25.0,ERA5_Reanalysis_ECMWF
Bhubaneswar,2024-05-20T13:00,2024,35.2,56,16.5,775.0,40.7,996.7,25.1,ERA5_Reanalysis_ECMWF
Bhubaneswar,2024-05-20T14:00,2024,34.3,57,18.9,661.0,38.5,996.5,24.5,ERA5_Reanalysis_ECMWF
Bhubaneswar,2024-05-20T15:00,2024,34.6,56,16.4,445.0,38.6,995.8,24.5,ERA5_Reanalysis_ECMWF
Bhubaneswar,2024-05-20T16:00,2024,33.5,60,16.3,322.0,37.7,995.5,24.8,ERA5_Reanalysis_ECMWF
Bhubaneswar,2024-05-20T17:00,2024,32.7,64,14.7,156.0,37.3,996.2,25.1,ERA5_Reanalysis_ECMWF
Bhubaneswar,2024-05-20T18:00,2024,31.8,65,12.6,25.0,36.2,997.5,24.3,ERA5_Reanalysis_ECMWF
Bhubaneswar,2024-05-20T19:00,2024,30.7,70,11.6,0.0,35.5,998.9,24.7,ERA5_Reanalysis_ECMWF
Bhubaneswar,2024-05-20T20:00,2024,30.0,77,15.3,0.0,34.8,999.6,25.5,ERA5_Reanalysis_ECMWF
Bhubaneswar,2024-05-20T21:00,2024,29.5,82,15.5,0.0,34.6,1000.0,26.0,ERA5_Reanalysis_ECMWF
Bhubaneswar,2024-05-20T22:00,2024,29.3,84,13.3,0.0,34.9,1000.2,26.3,ERA5_Reanalysis_ECMWF
Bhubaneswar,2024-05-20T23:00,2024,29.2,85,16.3,0.0,34.4,999.5,26.3,ERA5_Reanalysis_ECMWF
Bhubaneswar,2024-05-21T00:00,2024,28.8,87,13.0,0.0,34.6,999.0,26.4,ERA5_Reanalysis_ECMWF
Bhubaneswar,2024-05-21T01:00,2024,28.6,88,12.9,0.0,34.3,998.4,26.4,ERA5_Reanalysis_ECMWF
Bhubaneswar,2024-05-21T02:00,2024,28.4,88,13.2,0.0,34.1,998.2,26.3,ERA5_Reanalysis_ECMWF
Bhubaneswar,2024-05-21T03:00,2024,28.3,89,12.4,0.0,34.1,998.2,26.3,ERA5_Reanalysis_ECMWF
Bhubaneswar,2024-05-21T04:00,2024,28.2,89,9.3,0.0,34.5,998.4,26.3,ERA5_Reanalysis_ECMWF
Bhubaneswar,2024-05-21T05:00,2024,28.2,90,6.6,4.0,34.8,998.7,26.4,ERA5_Reanalysis_ECMWF
Bhubaneswar,2024-05-21T06:00,2024,28.4,84,2.5,95.0,35.1,999.8,25.5,ERA5_Reanalysis_ECMWF
Bhubaneswar,2024-05-21T07:00,2024,29.9,78,4.7,279.0,36.3,999.8,25.6,ERA5_Reanalysis_ECMWF
Bhubaneswar,2024-05-21T08:00,2024,31.5,73,7.6,485.0,37.8,999.8,26.1,ERA5_Reanalysis_ECMWF
Bhubaneswar,2024-05-21T09:00,2024,33.4,65,11.0,672.0,39.9,1000.2,26.0,ERA5_Reanalysis_ECMWF
Bhubaneswar,2024-05-21T10:00,2024,35.4,56,12.9,792.0,41.8,999.7,25.4,ERA5_Reanalysis_ECMWF
Bhubaneswar,2024-05-21T11:00,2024,36.2,52,18.0,855.0,41.7,999.0,24.9,ERA5_Reanalysis_ECMWF
Bhubaneswar,2024-05-21T12:00,2024,34.5,57,15.3,687.0,39.6,998.3,24.8,ERA5_Reanalysis_ECMWF
Bhubaneswar,2024-05-21T13:00,2024,35.3,55,14.7,654.0,40.4,997.2,24.9,ERA5_Reanalysis_ECMWF
Bhubaneswar,2024-05-21T14:00,2024,34.5,56,13.8,561.0,39.0,996.4,24.5,ERA5_Reanalysis_ECMWF
Bhubaneswar,2024-05-21T15:00,2024,33.6,60,13.8,420.0,38.1,996.5,24.7,ERA5_Reanalysis_ECMWF
Bhubaneswar,2024-05-21T16:00,2024,33.0,63,15.2,306.0,37.4,997.1,25.0,ERA5_Reanalysis_ECMWF
Bhubaneswar,2024-05-21T17:00,2024,31.9,68,18.1,134.0,36.1,997.3,25.3,ERA5_Reanalysis_ECMWF
Bhubaneswar,2024-05-21T18:00,2024,32.2,65,13.0,25.0,36.8,997.4,24.7,ERA5_Reanalysis_ECMWF
Bhubaneswar,2024-05-21T19:00,2024,31.2,71,11.3,0.0,36.4,998.5,25.3,ERA5_Reanalysis_ECMWF
Bhubaneswar,2024-05-21T20:00,2024,30.2,81,12.3,0.0,36.3,999.4,26.7,ERA5_Reanalysis_ECMWF
Bhubaneswar,2024-05-21T21:00,2024,29.7,85,12.3,0.0,36.0,1000.2,27.0,ERA5_Reanalysis_ECMWF
Bhubaneswar,2024-05-21T22:00,2024,29.5,87,12.0,0.0,35.8,1000.5,27.1,ERA5_Reanalysis_ECMWF
Bhubaneswar,2024-05-21T23:00,2024,29.2,88,11.3,0.0,35.6,1000.3,27.0,ERA5_Reanalysis_ECMWF
Bhubaneswar,2024-05-22T00:00,2024,29.0,88,11.2,0.0,35.3,999.7,26.9,ERA5_Reanalysis_ECMWF
Bhubaneswar,2024-05-22T01:00,2024,28.8,89,10.1,0.0,35.2,999.2,26.8,ERA5_Reanalysis_ECMWF
Bhubaneswar,2024-05-22T02:00,2024,28.5,90,8.3,0.0,35.1,998.6,26.7,ERA5_Reanalysis_ECMWF
Bhubaneswar,2024-05-22T03:00,2024,28.3,91,8.6,0.0,34.9,998.1,26.7,ERA5_Reanalysis_ECMWF
Bhubaneswar,2024-05-22T04:00,2024,28.0,92,8.3,0.0,34.7,998.3,26.7,ERA5_Reanalysis_ECMWF
Bhubaneswar,2024-05-22T05:00,2024,27.9,93,5.4,4.0,34.9,998.8,26.7,ERA5_Reanalysis_ECMWF
Bhubaneswar,2024-05-22T06:00,2024,29.7,84,10.7,96.0,36.1,999.4,26.8,ERA5_Reanalysis_ECMWF
Bhubaneswar,2024-05-22T07:00,2024,31.1,76,11.2,271.0,37.2,999.8,26.5,ERA5_Reanalysis_ECMWF
Bhubaneswar,2024-05-22T08:00,2024,32.6,68,11.2,472.0,38.4,1000.4,26.0,ERA5_Reanalysis_ECMWF
Bhubaneswar,2024-05-22T09:00,2024,33.8,62,12.3,656.0,39.7,1000.6,25.6,ERA5_Reanalysis_ECMWF
Bhubaneswar,2024-05-22T10:00,2024,34.7,58,13.4,774.0,40.8,1000.0,25.3,ERA5_Reanalysis_ECMWF
Bhubaneswar,2024-05-22T11:00,2024,35.5,55,12.2,866.0,42.2,998.9,25.1,ERA5_Reanalysis_ECMWF
Bhubaneswar,2024-05-22T12:00,2024,35.9,52,11.9,799.0,42.1,998.1,24.7,ERA5_Reanalysis_ECMWF
Bhubaneswar,2024-05-22T13:00,2024,36.0,52,14.0,783.0,41.6,996.9,24.5,ERA5_Reanalysis_ECMWF
Bhubaneswar,2024-05-22T14:00,2024,35.1,54,18.3,659.0,39.2,996.2,24.3,ERA5_Reanalysis_ECMWF
Bhubaneswar,2024-05-22T15:00,2024,33.9,59,20.5,443.0,37.4,995.5,24.7,ERA5_Reanalysis_ECMWF
Bhubaneswar,2024-05-22T16:00,2024,33.0,62,16.8,311.0,37.1,995.7,24.8,ERA5_Reanalysis_ECMWF
Bhubaneswar,2024-05-22T17:00,2024,32.2,65,17.2,156.0,36.2,996.2,24.8,ERA5_Reanalysis_ECMWF
Bhubaneswar,2024-05-22T18:00,2024,31.1,70,17.5,26.0,35.2,997.5,25.0,ERA5_Reanalysis_ECMWF
Bhubaneswar,2024-05-22T19:00,2024,29.9,78,9.9,0.0,35.7,998.6,25.7,ERA5_Reanalysis_ECMWF
Bhubaneswar,2024-05-22T20:00,2024,29.3,82,5.4,0.0,35.8,999.5,25.9,ERA5_Reanalysis_ECMWF
Bhubaneswar,2024-05-22T21:00,2024,29.0,84,8.4,0.0,35.1,999.7,26.0,ERA5_Reanalysis_ECMWF
Bhubaneswar,2024-05-22T22:00,2024,28.7,85,6.8,0.0,35.0,999.9,26.0,ERA5_Reanalysis_ECMWF
Bhubaneswar,2024-05-22T23:00,2024,28.3,87,6.2,0.0,34.7,999.1,25.9,ERA5_Reanalysis_ECMWF
Bhubaneswar,2024-05-23T00:00,2024,27.7,90,3.8,0.0,34.5,998.4,26.0,ERA5_Reanalysis_ECMWF
Bhubaneswar,2024-05-23T01:00,2024,27.5,91,4.9,0.0,34.1,997.8,25.9,ERA5_Reanalysis_ECMWF
Bhubaneswar,2024-05-23T02:00,2024,27.4,91,7.6,0.0,33.6,997.1,25.8,ERA5_Reanalysis_ECMWF
Bhubaneswar,2024-05-23T03:00,2024,27.0,93,5.1,0.0,33.5,996.8,25.8,ERA5_Reanalysis_ECMWF
Bhubaneswar,2024-05-23T04:00,2024,26.8,94,2.5,0.0,33.6,997.1,25.7,ERA5_Reanalysis_ECMWF
Bhubaneswar,2024-05-23T05:00,2024,27.0,93,4.8,4.0,33.5,997.4,25.7,ERA5_Reanalysis_ECMWF
Bhubaneswar,2024-05-23T06:00,2024,29.1,83,4.0,92.0,35.8,998.8,25.9,ERA5_Reanalysis_ECMWF
Bhubaneswar,2024-05-23T07:00,2024,30.5,73,5.4,282.0,36.5,998.9,25.2,ERA5_Reanalysis_ECMWF
Bhubaneswar,2024-05-23T08:00,2024,32.0,65,6.4,492.0,37.6,999.0,24.7,ERA5_Reanalysis_ECMWF
Bhubaneswar,2024-05-23T09:00,2024,33.5,59,8.5,677.0,39.4,998.8,24.5,ERA5_Reanalysis_ECMWF
Bhubaneswar,2024-05-23T10:00,2024,34.7,55,9.4,798.0,40.9,998.5,24.2,ERA5_Reanalysis_ECMWF
Bhubaneswar,2024-05-23T11:00,2024,35.3,53,11.0,823.0,41.5,997.8,24.2,ERA5_Reanalysis_ECMWF
Bhubaneswar,2024-05-23T12:00,2024,35.9,52,12.6,846.0,41.9,997.1,24.3,ERA5_Reanalysis_ECMWF
Bhubaneswar,2024-05-23T13:00,2024,36.1,50,11.8,769.0,41.6,996.0,24.0,ERA5_Reanalysis_ECMWF
Bhubaneswar,2024-05-23T14:00,2024,36.0,50,13.6,696.0,40.8,994.8,23.9,ERA5_Reanalysis_ECMWF
Bhubaneswar,2024-05-23T15:00,2024,35.4,51,15.4,545.0,39.0,994.1,23.7,ERA5_Reanalysis_ECMWF
Bhubaneswar,2024-05-23T16:00,2024,34.3,54,15.1,363.0,37.8,994.0,23.5,ERA5_Reanalysis_ECMWF
Bhubaneswar,2024-05-23T17:00,2024,33.4,56,16.4,129.0,36.8,994.2,23.5,ERA5_Reanalysis_ECMWF
Bhubaneswar,2024-05-23T18:00,2024,31.2,65,10.6,27.0,35.7,995.6,24.0,ERA5_Reanalysis_ECMWF
Bhubaneswar,2024-05-23T19:00,2024,30.3,70,11.3,0.0,34.9,996.3,24.3,ERA5_Reanalysis_ECMWF
Bhubaneswar,2024-05-23T20:00,2024,29.5,75,6.7,0.0,35.0,996.8,24.6,ERA5_Reanalysis_ECMWF
Bhubaneswar,2024-05-23T21:00,2024,28.6,83,5.4,0.0,34.7,997.4,25.3,ERA5_Reanalysis_ECMWF
Bhubaneswar,2024-05-23T22:00,2024,28.3,84,1.8,0.0,35.0,997.8,25.4,ERA5_Reanalysis_ECMWF
Bhubaneswar,2024-05-23T23:00,2024,28.0,84,2.9,0.0,34.3,997.2,25.0,ERA5_Reanalysis_ECMWF
Bhubaneswar,2024-05-24T00:00,2024,27.9,84,5.4,0.0,33.8,996.4,25.0,ERA5_Reanalysis_ECMWF
Bhubaneswar,2024-05-24T01:00,2024,27.8,85,6.4,0.0,33.6,995.9,25.0,ERA5_Reanalysis_ECMWF
Bhubaneswar,2024-05-24T02:00,2024,27.7,86,7.4,0.0,33.3,995.3,25.1,ERA5_Reanalysis_ECMWF
Bhubaneswar,2024-05-24T03:00,2024,27.6,86,8.4,0.0,33.2,995.0,25.1,ERA5_Reanalysis_ECMWF
Bhubaneswar,2024-05-24T04:00,2024,27.4,88,8.2,0.0,33.0,994.9,25.1,ERA5_Reanalysis_ECMWF
Bhubaneswar,2024-05-24T05:00,2024,27.4,88,9.2,4.0,32.9,995.3,25.2,ERA5_Reanalysis_ECMWF
Bhubaneswar,2024-05-24T06:00,2024,28.8,85,12.8,63.0,34.3,996.0,26.0,ERA5_Reanalysis_ECMWF
Bhubaneswar,2024-05-24T07:00,2024,29.6,82,16.9,122.0,34.6,996.3,26.1,ERA5_Reanalysis_ECMWF
Bhubaneswar,2024-05-24T08:00,2024,31.5,71,17.6,284.0,36.1,996.8,25.7,ERA5_Reanalysis_ECMWF
Bhubaneswar,2024-05-24T09:00,2024,32.7,67,16.4,458.0,37.5,997.7,25.8,ERA5_Reanalysis_ECMWF
Bhubaneswar,2024-05-24T10:00,2024,33.5,62,14.8,527.0,38.2,997.2,25.3,ERA5_Reanalysis_ECMWF
Bhubaneswar,2024-05-24T11:00,2024,34.4,59,16.0,766.0,40.1,996.3,25.3,ERA5_Reanalysis_ECMWF
Bhubaneswar,2024-05-24T12:00,2024,34.6,58,16.5,636.0,39.4,995.4,25.0,ERA5_Reanalysis_ECMWF
Bhubaneswar,2024-05-24T13:00,2024,34.8,56,18.2,612.0,38.9,994.1,24.7,ERA5_Reanalysis_ECMWF
Bhubaneswar,2024-05-24T14:00,2024,33.9,59,18.4,622.0,38.2,993.2,24.9,ERA5_Reanalysis_ECMWF
Bhubaneswar,2024-05-24T15:00,2024,34.3,57,18.2,546.0,38.2,992.2,24.7,ERA5_Reanalysis_ECMWF
Bhubaneswar,2024-05-24T16:00,2024,33.4,60,19.7,349.0,37.0,992.3,24.7,ERA5_Reanalysis_ECMWF
Bhubaneswar,2024-05-24T17:00,2024,32.6,63,15.5,154.0,36.9,992.9,24.7,ERA5_Reanalysis_ECMWF
Bhubaneswar,2024-05-24T18:00,2024,30.9,66,11.9,27.0,35.2,993.7,23.9,ERA5_Reanalysis_ECMWF
Bhubaneswar,2024-05-24T19:00,2024,30.3,70,7.6,0.0,35.4,994.9,24.3,ERA5_Reanalysis_ECMWF
Bhubaneswar,2024-05-24T20:00,2024,29.7,75,3.8,0.0,35.6,995.7,24.7,ERA5_Reanalysis_ECMWF
Bhubaneswar,2024-05-24T21:00,2024,29.7,75,5.4,0.0,35.4,995.7,24.7,ERA5_Reanalysis_ECMWF
Bhubaneswar,2024-05-24T22:00,2024,29.3,77,7.1,0.0,34.8,995.9,24.8,ERA5_Reanalysis_ECMWF
Bhubaneswar,2024-05-24T23:00,2024,29.1,79,8.2,0.0,34.7,995.2,25.1,ERA5_Reanalysis_ECMWF
Bhubaneswar,2024-05-25T00:00,2024,28.9,81,10.0,0.0,34.4,994.4,25.3,ERA5_Reanalysis_ECMWF
Bhubaneswar,2024-05-25T01:00,2024,28.6,84,9.7,0.0,34.3,993.8,25.7,ERA5_Reanalysis_ECMWF
Bhubaneswar,2024-05-25T02:00,2024,28.3,87,10.2,0.0,34.1,993.5,25.9,ERA5_Reanalysis_ECMWF
Bhubaneswar,2024-05-25T03:00,2024,28.4,87,9.7,0.0,34.3,993.4,26.0,ERA5_Reanalysis_ECMWF
Bhubaneswar,2024-05-25T04:00,2024,28.1,88,11.7,0.0,33.8,993.3,26.0,ERA5_Reanalysis_ECMWF
Bhubaneswar,2024-05-25T05:00,2024,28.1,88,12.3,4.0,33.6,993.5,26.0,ERA5_Reanalysis_ECMWF
Bhubaneswar,2024-05-25T06:00,2024,30.0,79,17.6,92.0,34.8,994.0,26.0,ERA5_Reanalysis_ECMWF
Bhubaneswar,2024-05-25T07:00,2024,31.1,74,18.4,264.0,35.8,993.5,25.9,ERA5_Reanalysis_ECMWF
Bhubaneswar,2024-05-25T08:00,2024,32.7,68,16.6,466.0,37.7,994.5,26.1,ERA5_Reanalysis_ECMWF
Bhubaneswar,2024-05-25T09:00,2024,34.1,63,17.1,640.0,39.5,994.3,26.0,ERA5_Reanalysis_ECMWF
Bhubaneswar,2024-05-25T10:00,2024,33.4,67,19.8,787.0,39.4,994.0,26.5,ERA5_Reanalysis_ECMWF
Bhubaneswar,2024-05-25T11:00,2024,33.7,62,20.0,595.0,37.9,993.6,25.3,ERA5_Reanalysis_ECMWF
Bhubaneswar,2024-05-25T12:00,2024,34.6,59,14.0,672.0,40.1,993.3,25.4,ERA5_Reanalysis_ECMWF
Bhubaneswar,2024-05-25T13:00,2024,34.2,62,15.5,747.0,40.3,992.5,25.9,ERA5_Reanalysis_ECMWF
Bhubaneswar,2024-05-25T14:00,2024,32.2,72,9.0,474.0,38.5,991.6,26.4,ERA5_Reanalysis_ECMWF
Bhubaneswar,2024-05-25T15:00,2024,30.1,79,8.5,381.0,36.2,990.8,26.0,ERA5_Reanalysis_ECMWF
Bhubaneswar,2024-05-25T16:00,2024,31.3,74,5.0,284.0,38.0,990.7,26.1,ERA5_Reanalysis_ECMWF
Bhubaneswar,2024-05-25T17:00,2024,31.5,73,4.2,154.0,38.4,990.9,26.1,ERA5_Reanalysis_ECMWF
Bhubaneswar,2024-05-25T18:00,2024,31.2,80,2.6,26.0,39.2,990.4,27.4,ERA5_Reanalysis_ECMWF
Bhubaneswar,2024-05-25T19:00,2024,30.5,79,6.1,0.0,37.3,991.5,26.5,ERA5_Reanalysis_ECMWF
Bhubaneswar,2024-05-25T20:00,2024,30.5,78,4.7,0.0,37.3,992.9,26.2,ERA5_Reanalysis_ECMWF
Bhubaneswar,2024-05-25T21:00,2024,30.2,79,4.8,0.0,36.9,993.5,26.1,ERA5_Reanalysis_ECMWF
Bhubaneswar,2024-05-25T22:00,2024,29.6,81,5.2,0.0,36.2,993.7,26.0,ERA5_Reanalysis_ECMWF
Bhubaneswar,2024-05-25T23:00,2024,29.8,80,5.6,0.0,36.3,993.1,25.9,ERA5_Reanalysis_ECMWF
Bhubaneswar,2024-05-26T00:00,2024,29.5,82,6.3,0.0,36.1,992.4,26.1,ERA5_Reanalysis_ECMWF
Bhubaneswar,2024-05-26T01:00,2024,29.3,84,7.2,0.0,35.8,991.4,26.3,ERA5_Reanalysis_ECMWF
Bhubaneswar,2024-05-26T02:00,2024,29.0,86,5.4,0.0,35.8,991.3,26.4,ERA5_Reanalysis_ECMWF
Bhubaneswar,2024-05-26T03:00,2024,28.7,88,4.8,0.0,35.6,991.1,26.4,ERA5_Reanalysis_ECMWF
Bhubaneswar,2024-05-26T04:00,2024,28.6,88,4.3,0.0,35.6,991.6,26.4,ERA5_Reanalysis_ECMWF
Bhubaneswar,2024-05-26T05:00,2024,28.8,86,7.1,3.0,35.4,991.5,26.3,ERA5_Reanalysis_ECMWF
Bhubaneswar,2024-05-26T06:00,2024,30.1,79,12.3,66.0,35.7,990.4,26.1,ERA5_Reanalysis_ECMWF
Bhubaneswar,2024-05-26T07:00,2024,30.5,77,10.7,66.0,36.4,990.7,26.1,ERA5_Reanalysis_ECMWF
Bhubaneswar,2024-05-26T08:00,2024,31.7,71,11.7,141.0,37.2,991.4,25.8,ERA5_Reanalysis_ECMWF
Bhubaneswar,2024-05-26T09:00,2024,32.5,65,13.8,186.0,37.2,991.3,25.0,ERA5_Reanalysis_ECMWF
Bhubaneswar,2024-05-26T10:00,2024,33.7,59,15.8,263.0,37.8,990.9,24.6,ERA5_Reanalysis_ECMWF
Bhubaneswar,2024-05-26T11:00,2024,34.3,56,15.6,223.0,38.3,990.3,24.3,ERA5_Reanalysis_ECMWF
Bhubaneswar,2024-05-26T12:00,2024,34.5,54,14.8,203.0,38.3,989.6,23.8,ERA5_Reanalysis_ECMWF
Bhubaneswar,2024-05-26T13:00,2024,34.0,59,14.7,334.0,38.3,988.9,24.7,ERA5_Reanalysis_ECMWF
Bhubaneswar,2024-05-26T14:00,2024,30.1,82,12.6,204.0,36.1,988.0,26.7,ERA5_Reanalysis_ECMWF
Bhubaneswar,2024-05-26T15:00,2024,29.8,83,12.4,140.0,35.8,988.4,26.6,ERA5_Reanalysis_ECMWF
Bhubaneswar,2024-05-26T16:00,2024,28.3,87,14.0,25.0,33.5,988.0,25.9,ERA5_Reanalysis_ECMWF
Bhubaneswar,2024-05-26T17:00,2024,28.2,85,18.4,43.0,32.5,987.6,25.4,ERA5_Reanalysis_ECMWF
Bhubaneswar,2024-05-26T18:00,2024,27.9,89,15.4,3.0,33.0,989.4,26.0,ERA5_Reanalysis_ECMWF
Bhubaneswar,2024-05-26T19:00,2024,28.1,84,14.9,0.0,32.7,989.3,25.2,ERA5_Reanalysis_ECMWF
Bhubaneswar,2024-05-26T20:00,2024,28.3,84,12.0,0.0,33.4,990.3,25.3,ERA5_Reanalysis_ECMWF
Bhubaneswar,2024-05-26T21:00,2024,28.1,88,10.7,0.0,33.8,991.3,25.9,ERA5_Reanalysis_ECMWF
Bhubaneswar,2024-05-26T22:00,2024,28.1,88,12.0,0.0,33.7,991.2,26.0,ERA5_Reanalysis_ECMWF
Bhubaneswar,2024-05-26T23:00,2024,27.9,90,12.3,0.0,33.6,990.6,26.1,ERA5_Reanalysis_ECMWF
Bhubaneswar,2024-05-27T00:00,2024,27.8,92,14.0,0.0,33.5,989.9,26.5,ERA5_Reanalysis_ECMWF
Bhubaneswar,2024-05-27T01:00,2024,27.9,93,12.8,0.0,33.9,989.5,26.7,ERA5_Reanalysis_ECMWF
Bhubaneswar,2024-05-27T02:00,2024,28.0,95,12.6,0.0,34.2,989.6,27.0,ERA5_Reanalysis_ECMWF
Bhubaneswar,2024-05-27T03:00,2024,28.1,93,12.7,0.0,34.2,989.4,26.9,ERA5_Reanalysis_ECMWF
Bhubaneswar,2024-05-27T04:00,2024,28.4,88,10.8,0.0,34.3,989.5,26.1,ERA5_Reanalysis_ECMWF
Bhubaneswar,2024-05-27T05:00,2024,28.7,82,8.9,4.0,34.3,989.9,25.3,ERA5_Reanalysis_ECMWF
Bhubaneswar,2024-05-27T06:00,2024,29.7,82,6.5,67.0,36.2,990.4,26.2,ERA5_Reanalysis_ECMWF
Bhubaneswar,2024-05-27T07:00,2024,30.7,75,8.9,155.0,36.6,990.7,25.7,ERA5_Reanalysis_ECMWF
Bhubaneswar,2024-05-27T08:00,2024,31.8,71,12.9,289.0,37.2,991.8,25.9,ERA5_Reanalysis_ECMWF
Bhubaneswar,2024-05-27T09:00,2024,32.4,74,16.4,391.0,38.2,992.2,27.2,ERA5_Reanalysis_ECMWF
Bhubaneswar,2024-05-27T10:00,2024,33.8,67,15.3,463.0,39.4,991.8,26.7,ERA5_Reanalysis_ECMWF
Bhubaneswar,2024-05-27T11:00,2024,34.7,63,14.4,562.0,40.5,990.8,26.7,ERA5_Reanalysis_ECMWF
Bhubaneswar,2024-05-27T12:00,2024,35.3,62,13.7,602.0,41.7,990.1,27.0,ERA5_Reanalysis_ECMWF
Bhubaneswar,2024-05-27T13:00,2024,35.4,63,12.2,484.0,41.8,989.1,27.3,ERA5_Reanalysis_ECMWF
Bhubaneswar,2024-05-27T14:00,2024,36.0,61,11.0,531.0,42.7,988.8,27.3,ERA5_Reanalysis_ECMWF
Bhubaneswar,2024-05-27T15:00,2024,36.2,59,10.4,451.0,42.8,988.5,27.0,ERA5_Reanalysis_ECMWF
Bhubaneswar,2024-05-27T16:00,2024,34.4,70,16.9,250.0,40.9,988.5,28.2,ERA5_Reanalysis_ECMWF
Bhubaneswar,2024-05-27T17:00,2024,32.8,77,17.1,117.0,39.3,988.9,28.3,ERA5_Reanalysis_ECMWF
Bhubaneswar,2024-05-27T18:00,2024,31.8,82,11.7,15.0,39.1,990.4,28.3,ERA5_Reanalysis_ECMWF
Bhubaneswar,2024-05-27T19:00,2024,31.2,85,12.6,0.0,38.5,991.1,28.4,ERA5_Reanalysis_ECMWF
Bhubaneswar,2024-05-27T20:00,2024,30.9,86,14.9,0.0,37.7,991.7,28.3,ERA5_Reanalysis_ECMWF
Bhubaneswar,2024-05-27T21:00,2024,30.8,82,19.7,0.0,36.2,991.8,27.3,ERA5_Reanalysis_ECMWF
Bhubaneswar,2024-05-27T22:00,2024,30.8,79,20.6,0.0,35.6,991.8,26.6,ERA5_Reanalysis_ECMWF
Bhubaneswar,2024-05-27T23:00,2024,30.7,80,21.1,0.0,35.5,991.6,26.8,ERA5_Reanalysis_ECMWF
Bhubaneswar,2024-05-28T00:00,2024,30.6,81,21.6,0.0,35.6,991.3,27.0,ERA5_Reanalysis_ECMWF
Bhubaneswar,2024-05-28T01:00,2024,30.4,82,22.1,0.0,35.2,990.6,27.0,ERA5_Reanalysis_ECMWF
Bhubaneswar,2024-05-28T02:00,2024,30.2,83,22.1,0.0,35.1,990.5,27.0,ERA5_Reanalysis_ECMWF
Bhubaneswar,2024-05-28T03:00,2024,30.1,84,23.4,0.0,34.8,990.6,27.0,ERA5_Reanalysis_ECMWF
Bhubaneswar,2024-05-28T04:00,2024,30.1,84,23.8,0.0,34.7,990.8,27.0,ERA5_Reanalysis_ECMWF
Bhubaneswar,2024-05-28T05:00,2024,30.0,84,21.4,4.0,34.9,991.5,27.0,ERA5_Reanalysis_ECMWF
Bhubaneswar,2024-05-28T06:00,2024,31.4,86,14.8,85.0,38.8,992.5,28.9,ERA5_Reanalysis_ECMWF
Bhubaneswar,2024-05-28T07:00,2024,32.6,83,18.8,255.0,39.6,992.9,29.2,ERA5_Reanalysis_ECMWF
Bhubaneswar,2024-05-28T08:00,2024,33.6,79,21.6,400.0,40.4,993.2,29.4,ERA5_Reanalysis_ECMWF
Bhubaneswar,2024-05-28T09:00,2024,34.7,72,24.2,575.0,40.8,992.9,29.0,ERA5_Reanalysis_ECMWF
Bhubaneswar,2024-05-28T10:00,2024,36.3,66,23.8,760.0,43.3,992.6,28.8,ERA5_Reanalysis_ECMWF
Bhubaneswar,2024-05-28T11:00,2024,37.5,59,22.8,858.0,44.6,991.8,28.2,ERA5_Reanalysis_ECMWF
Bhubaneswar,2024-05-28T12:00,2024,37.9,58,22.9,897.0,45.1,991.1,28.1,ERA5_Reanalysis_ECMWF
Bhubaneswar,2024-05-28T13:00,2024,37.9,57,24.9,862.0,44.6,990.1,28.1,ERA5_Reanalysis_ECMWF
Bhubaneswar,2024-05-28T14:00,2024,37.3,60,23.8,749.0,43.7,989.4,28.2,ERA5_Reanalysis_ECMWF
Bhubaneswar,2024-05-28T15:00,2024,36.1,64,24.3,589.0,41.8,989.3,28.3,ERA5_Reanalysis_ECMWF
Bhubaneswar,2024-05-28T16:00,2024,34.9,69,23.7,357.0,40.5,989.1,28.4,ERA5_Reanalysis_ECMWF
Bhubaneswar,2024-05-28T17:00,2024,33.4,75,21.1,171.0,39.5,989.0,28.4,ERA5_Reanalysis_ECMWF
Bhubaneswar,2024-05-28T18:00,2024,31.8,81,21.6,29.0,37.5,991.3,28.1,ERA5_Reanalysis_ECMWF
Bhubaneswar,2024-05-28T19:00,2024,31.0,86,21.1,0.0,37.0,992.2,28.4,ERA5_Reanalysis_ECMWF
Bhubaneswar,2024-05-28T20:00,2024,30.7,88,20.5,0.0,36.9,993.1,28.5,ERA5_Reanalysis_ECMWF
Bhubaneswar,2024-05-28T21:00,2024,30.6,87,18.4,0.0,36.9,993.7,28.2,ERA5_Reanalysis_ECMWF
Bhubaneswar,2024-05-28T22:00,2024,30.4,87,16.8,0.0,36.8,993.8,28.0,ERA5_Reanalysis_ECMWF
Bhubaneswar,2024-05-28T23:00,2024,30.3,87,18.9,0.0,36.2,993.3,27.9,ERA5_Reanalysis_ECMWF
Bhubaneswar,2024-05-29T00:00,2024,30.2,87,22.8,0.0,35.5,992.4,27.7,ERA5_Reanalysis_ECMWF
Bhubaneswar,2024-05-29T01:00,2024,30.2,85,23.1,0.0,35.3,991.8,27.5,ERA5_Reanalysis_ECMWF
Bhubaneswar,2024-05-29T02:00,2024,30.2,84,21.6,0.0,35.3,991.7,27.3,ERA5_Reanalysis_ECMWF
Bhubaneswar,2024-05-29T03:00,2024,30.1,85,20.8,0.0,35.3,991.9,27.2,ERA5_Reanalysis_ECMWF
Bhubaneswar,2024-05-29T04:00,2024,30.0,85,19.8,0.0,35.3,992.3,27.2,ERA5_Reanalysis_ECMWF
Bhubaneswar,2024-05-29T05:00,2024,29.9,85,19.5,4.0,35.3,993.0,27.2,ERA5_Reanalysis_ECMWF
Bhubaneswar,2024-05-29T06:00,2024,32.1,88,21.3,87.0,39.2,993.6,29.8,ERA5_Reanalysis_ECMWF
Bhubaneswar,2024-05-29T07:00,2024,33.1,83,23.3,257.0,39.9,994.1,29.8,ERA5_Reanalysis_ECMWF
Bhubaneswar,2024-05-29T08:00,2024,34.3,76,24.3,447.0,40.8,994.4,29.5,ERA5_Reanalysis_ECMWF
Bhubaneswar,2024-05-29T09:00,2024,35.4,72,21.3,644.0,42.7,994.5,29.5,ERA5_Reanalysis_ECMWF
Bhubaneswar,2024-05-29T10:00,2024,36.5,66,21.5,808.0,44.3,994.4,29.1,ERA5_Reanalysis_ECMWF
Bhubaneswar,2024-05-29T11:00,2024,37.0,63,22.8,895.0,44.7,994.1,28.8,ERA5_Reanalysis_ECMWF
Bhubaneswar,2024-05-29T12:00,2024,37.2,61,23.8,913.0,44.6,993.4,28.5,ERA5_Reanalysis_ECMWF
Bhubaneswar,2024-05-29T13:00,2024,37.0,61,24.8,863.0,43.7,992.5,28.1,ERA5_Reanalysis_ECMWF
Bhubaneswar,2024-05-29T14:00,2024,36.6,61,26.3,751.0,42.2,991.9,27.7,ERA5_Reanalysis_ECMWF
Bhubaneswar,2024-05-29T15:00,2024,35.6,64,25.7,584.0,40.5,991.4,27.6,ERA5_Reanalysis_ECMWF
Bhubaneswar,2024-05-29T16:00,2024,34.3,69,24.4,376.0,39.4,991.2,27.8,ERA5_Reanalysis_ECMWF
Bhubaneswar,2024-05-29T17:00,2024,33.1,74,24.6,179.0,38.2,991.4,27.8,ERA5_Reanalysis_ECMWF
Bhubaneswar,2024-05-29T18:00,2024,32.3,77,24.5,30.0,37.3,992.8,27.8,ERA5_Reanalysis_ECMWF
Bhubaneswar,2024-05-29T19:00,2024,31.7,79,18.3,0.0,37.5,993.8,27.6,ERA5_Reanalysis_ECMWF
Bhubaneswar,2024-05-29T20:00,2024,31.3,80,20.4,0.0,36.6,994.6,27.4,ERA5_Reanalysis_ECMWF
Bhubaneswar,2024-05-29T21:00,2024,31.0,81,21.7,0.0,36.2,994.7,27.3,ERA5_Reanalysis_ECMWF
Bhubaneswar,2024-05-29T22:00,2024,30.8,81,21.3,0.0,36.0,994.9,27.2,ERA5_Reanalysis_ECMWF
Bhubaneswar,2024-05-29T23:00,2024,30.6,82,23.5,0.0,35.3,994.1,27.1,ERA5_Reanalysis_ECMWF
Bhubaneswar,2024-05-30T00:00,2024,30.3,83,24.2,0.0,35.0,993.7,27.2,ERA5_Reanalysis_ECMWF
Bhubaneswar,2024-05-30T01:00,2024,30.0,85,19.7,0.0,35.5,993.9,27.3,ERA5_Reanalysis_ECMWF
Bhubaneswar,2024-05-30T02:00,2024,29.9,87,18.9,0.0,35.5,993.9,27.5,ERA5_Reanalysis_ECMWF
Bhubaneswar,2024-05-30T03:00,2024,29.8,87,18.7,0.0,35.4,994.3,27.4,ERA5_Reanalysis_ECMWF
Bhubaneswar,2024-05-30T04:00,2024,29.9,88,18.6,0.0,35.7,994.8,27.6,ERA5_Reanalysis_ECMWF
Bhubaneswar,2024-05-30T05:00,2024,30.0,88,18.8,3.0,35.9,995.4,27.7,ERA5_Reanalysis_ECMWF
Bhubaneswar,2024-05-30T06:00,2024,31.4,85,23.3,89.0,37.2,996.3,28.5,ERA5_Reanalysis_ECMWF
Bhubaneswar,2024-05-30T07:00,2024,32.2,82,25.4,193.0,38.0,996.7,28.8,ERA5_Reanalysis_ECMWF
Bhubaneswar,2024-05-30T08:00,2024,33.5,76,25.4,386.0,39.2,997.1,28.8,ERA5_Reanalysis_ECMWF
Bhubaneswar,2024-05-30T09:00,2024,34.6,71,24.1,624.0,40.7,996.9,28.6,ERA5_Reanalysis_ECMWF
Bhubaneswar,2024-05-30T10:00,2024,35.6,63,22.7,771.0,41.9,996.7,27.6,ERA5_Reanalysis_ECMWF
Bhubaneswar,2024-05-30T11:00,2024,36.5,60,22.1,890.0,43.3,996.1,27.5,ERA5_Reanalysis_ECMWF
Bhubaneswar,2024-05-30T12:00,2024,36.9,59,22.9,904.0,43.7,995.2,27.5,ERA5_Reanalysis_ECMWF
Bhubaneswar,2024-05-30T13:00,2024,36.8,59,23.0,860.0,43.4,994.4,27.6,ERA5_Reanalysis_ECMWF
Bhubaneswar,2024-05-30T14:00,2024,36.1,62,25.4,742.0,41.9,993.3,27.7,ERA5_Reanalysis_ECMWF
Bhubaneswar,2024-05-30T15:00,2024,35.1,66,26.8,581.0,39.9,992.7,27.7,ERA5_Reanalysis_ECMWF
Bhubaneswar,2024-05-30T16:00,2024,33.8,70,24.3,384.0,38.8,993.0,27.6,ERA5_Reanalysis_ECMWF
Bhubaneswar,2024-05-30T17:00,2024,32.8,75,17.0,175.0,38.9,994.4,27.7,ERA5_Reanalysis_ECMWF
Bhubaneswar,2024-05-30T18:00,2024,31.9,77,19.6,28.0,37.4,995.2,27.4,ERA5_Reanalysis_ECMWF
Bhubaneswar,2024-05-30T19:00,2024,31.0,81,21.0,0.0,36.4,995.6,27.5,ERA5_Reanalysis_ECMWF
Bhubaneswar,2024-05-30T20:00,2024,30.6,83,20.4,0.0,36.1,996.4,27.5,ERA5_Reanalysis_ECMWF
Bhubaneswar,2024-05-30T21:00,2024,30.4,85,22.3,0.0,35.6,996.6,27.5,ERA5_Reanalysis_ECMWF
Bhubaneswar,2024-05-30T22:00,2024,30.2,87,22.5,0.0,35.6,996.9,27.7,ERA5_Reanalysis_ECMWF
Bhubaneswar,2024-05-30T23:00,2024,30.0,88,21.4,0.0,35.6,996.4,27.9,ERA5_Reanalysis_ECMWF
Bhubaneswar,2024-05-31T00:00,2024,30.1,89,16.7,0.0,36.6,996.5,28.1,ERA5_Reanalysis_ECMWF
Bhubaneswar,2024-05-31T01:00,2024,30.0,89,18.6,0.0,36.2,996.3,28.1,ERA5_Reanalysis_ECMWF
Bhubaneswar,2024-05-31T02:00,2024,30.0,87,26.3,0.0,34.7,995.1,27.6,ERA5_Reanalysis_ECMWF
Bhubaneswar,2024-05-31T03:00,2024,30.0,87,22.1,0.0,35.3,995.6,27.5,ERA5_Reanalysis_ECMWF
Bhubaneswar,2024-05-31T04:00,2024,29.9,86,16.3,0.0,35.9,995.6,27.4,ERA5_Reanalysis_ECMWF
Bhubaneswar,2024-05-31T05:00,2024,29.9,86,13.0,4.0,36.3,996.2,27.3,ERA5_Reanalysis_ECMWF
Bhubaneswar,2024-05-31T06:00,2024,31.0,85,16.5,84.0,37.6,997.8,28.3,ERA5_Reanalysis_ECMWF
Bhubaneswar,2024-05-31T07:00,2024,32.5,79,25.1,228.0,38.0,997.8,28.4,ERA5_Reanalysis_ECMWF
Bhubaneswar,2024-05-31T08:00,2024,33.5,73,25.0,401.0,38.8,998.2,28.1,ERA5_Reanalysis_ECMWF
Bhubaneswar,2024-05-31T09:00,2024,34.3,69,20.9,479.0,39.9,998.7,27.8,ERA5_Reanalysis_ECMWF
Bhubaneswar,2024-05-31T10:00,2024,35.4,65,17.7,639.0,41.8,998.5,27.7,ERA5_Reanalysis_ECMWF
Bhubaneswar,2024-05-31T11:00,2024,36.3,61,17.3,809.0,43.6,997.7,27.7,ERA5_Reanalysis_ECMWF
Bhubaneswar,2024-05-31T12:00,2024,36.7,60,16.9,867.0,44.3,997.3,27.5,ERA5_Reanalysis_ECMWF
Bhubaneswar,2024-05-31T13:00,2024,36.1,61,19.2,791.0,42.9,996.2,27.4,ERA5_Reanalysis_ECMWF
Bhubaneswar,2024-05-31T14:00,2024,35.6,63,21.8,721.0,41.6,995.2,27.5,ERA5_Reanalysis_ECMWF
Bhubaneswar,2024-05-31T15:00,2024,34.1,67,22.7,575.0,39.2,995.0,27.2,ERA5_Reanalysis_ECMWF
Bhubaneswar,2024-05-31T16:00,2024,33.5,69,23.1,361.0,38.3,995.2,27.2,ERA5_Reanalysis_ECMWF
Bhubaneswar,2024-05-31T17:00,2024,32.6,72,20.8,172.0,37.6,995.6,27.0,ERA5_Reanalysis_ECMWF
Bhubaneswar,2024-05-31T18:00,2024,32.0,79,13.3,24.0,38.7,997.0,27.8,ERA5_Reanalysis_ECMWF
Bhubaneswar,2024-05-31T19:00,2024,31.0,84,15.1,0.0,37.6,997.9,28.0,ERA5_Reanalysis_ECMWF
Bhubaneswar,2024-05-31T20:00,2024,30.5,87,15.2,0.0,37.2,998.4,28.1,ERA5_Reanalysis_ECMWF
Bhubaneswar,2024-05-31T21:00,2024,30.3,89,16.3,0.0,36.9,998.5,28.2,ERA5_Reanalysis_ECMWF
Bhubaneswar,2024-05-31T22:00,2024,30.1,90,16.6,0.0,36.8,999.0,28.3,ERA5_Reanalysis_ECMWF
Bhubaneswar,2024-05-31T23:00,2024,30.1,91,16.9,0.0,36.7,998.7,28.4,ERA5_Reanalysis_ECMWF
Bhubaneswar,2024-06-01T00:00,2024,29.9,92,17.8,0.0,36.5,998.0,28.5,ERA5_Reanalysis_ECMWF
Bhubaneswar,2024-06-01T01:00,2024,30.0,91,13.0,0.0,37.2,997.5,28.4,ERA5_Reanalysis_ECMWF
Bhubaneswar,2024-06-01T02:00,2024,30.1,91,8.4,0.0,38.0,997.7,28.4,ERA5_Reanalysis_ECMWF
Bhubaneswar,2024-06-01T03:00,2024,30.2,90,16.5,0.0,36.8,996.9,28.3,ERA5_Reanalysis_ECMWF
Bhubaneswar,2024-06-01T04:00,2024,29.7,92,18.6,0.0,36.0,997.0,28.2,ERA5_Reanalysis_ECMWF
Bhubaneswar,2024-06-01T05:00,2024,29.7,92,16.9,4.0,36.3,997.4,28.2,ERA5_Reanalysis_ECMWF
Bhubaneswar,2024-06-01T06:00,2024,29.3,84,12.6,94.0,35.0,998.2,26.3,ERA5_Reanalysis_ECMWF
Bhubaneswar,2024-06-01T07:00,2024,31.2,75,21.2,269.0,35.7,998.9,26.3,ERA5_Reanalysis_ECMWF
Bhubaneswar,2024-06-01T08:00,2024,32.8,67,19.9,363.0,37.2,999.1,25.9,ERA5_Reanalysis_ECMWF
Bhubaneswar,2024-06-01T09:00,2024,34.1,62,20.4,466.0,38.3,999.4,25.7,ERA5_Reanalysis_ECMWF
Bhubaneswar,2024-06-01T10:00,2024,34.5,61,22.7,533.0,38.5,999.2,26.0,ERA5_Reanalysis_ECMWF
Bhubaneswar,2024-06-01T11:00,2024,35.1,59,19.7,551.0,39.5,998.9,25.9,ERA5_Reanalysis_ECMWF
Bhubaneswar,2024-06-01T12:00,2024,35.1,59,18.5,537.0,39.8,998.4,26.0,ERA5_Reanalysis_ECMWF
Bhubaneswar,2024-06-01T13:00,2024,35.4,58,18.4,615.0,40.3,997.6,25.8,ERA5_Reanalysis_ECMWF
Bhubaneswar,2024-06-01T14:00,2024,35.0,60,21.3,582.0,39.4,996.9,26.0,ERA5_Reanalysis_ECMWF
Bhubaneswar,2024-06-01T15:00,2024,34.5,62,23.1,550.0,38.5,996.2,26.0,ERA5_Reanalysis_ECMWF
Bhubaneswar,2024-06-01T16:00,2024,33.6,66,24.6,353.0,37.5,996.0,26.3,ERA5_Reanalysis_ECMWF
Bhubaneswar,2024-06-01T17:00,2024,32.0,77,22.3,154.0,37.2,997.0,27.5,ERA5_Reanalysis_ECMWF
Bhubaneswar,2024-06-01T18:00,2024,31.4,82,22.7,27.0,36.9,997.2,28.0,ERA5_Reanalysis_ECMWF
Bhubaneswar,2024-06-01T19:00,2024,30.9,84,20.6,0.0,36.7,998.2,28.0,ERA5_Reanalysis_ECMWF
Bhubaneswar,2024-06-01T20:00,2024,30.6,86,17.1,0.0,36.9,999.5,28.0,ERA5_Reanalysis_ECMWF
Bhubaneswar,2024-06-01T21:00,2024,30.4,88,16.8,0.0,36.9,999.9,28.1,ERA5_Reanalysis_ECMWF
Bhubaneswar,2024-06-01T22:00,2024,30.2,89,16.8,0.0,36.6,1000.0,28.1,ERA5_Reanalysis_ECMWF
Bhubaneswar,2024-06-01T23:00,2024,30.0,89,17.8,0.0,36.1,1000.2,27.9,ERA5_Reanalysis_ECMWF
Bhubaneswar,2024-06-02T00:00,2024,29.8,88,18.9,0.0,35.5,999.6,27.5,ERA5_Reanalysis_ECMWF
Bhubaneswar,2024-06-02T01:00,2024,29.5,89,17.7,0.0,35.4,999.3,27.5,ERA5_Reanalysis_ECMWF
Bhubaneswar,2024-06-02T02:00,2024,29.4,88,17.9,0.0,35.0,998.3,27.2,ERA5_Reanalysis_ECMWF
Bhubaneswar,2024-06-02T03:00,2024,29.1,88,15.1,0.0,34.9,997.9,26.9,ERA5_Reanalysis_ECMWF
Bhubaneswar,2024-06-02T04:00,2024,28.8,90,14.5,0.0,34.8,998.2,27.0,ERA5_Reanalysis_ECMWF
Bhubaneswar,2024-06-02T05:00,2024,28.9,91,13.6,4.0,35.1,998.8,27.2,ERA5_Reanalysis_ECMWF
Bhubaneswar,2024-06-02T06:00,2024,30.2,85,16.6,89.0,36.1,999.9,27.4,ERA5_Reanalysis_ECMWF
Bhubaneswar,2024-06-02T07:00,2024,31.7,77,18.0,239.0,37.2,1000.4,27.1,ERA5_Reanalysis_ECMWF
Bhubaneswar,2024-06-02T08:00,2024,33.2,69,15.2,428.0,38.9,1000.6,26.8,ERA5_Reanalysis_ECMWF
Bhubaneswar,2024-06-02T09:00,2024,34.4,63,20.1,592.0,39.2,1000.6,26.3,ERA5_Reanalysis_ECMWF
Bhubaneswar,2024-06-02T10:00,2024,35.1,60,22.2,686.0,40.0,1000.7,26.1,ERA5_Reanalysis_ECMWF
Bhubaneswar,2024-06-02T11:00,2024,35.1,59,21.1,609.0,39.5,999.7,25.8,ERA5_Reanalysis_ECMWF
Bhubaneswar,2024-06-02T12:00,2024,35.7,56,18.7,753.0,41.0,998.9,25.5,ERA5_Reanalysis_ECMWF
Bhubaneswar,2024-06-02T13:00,2024,36.4,54,19.4,792.0,41.8,997.9,25.5,ERA5_Reanalysis_ECMWF
Bhubaneswar,2024-06-02T14:00,2024,36.1,54,21.9,642.0,40.2,996.9,25.4,ERA5_Reanalysis_ECMWF
Bhubaneswar,2024-06-02T15:00,2024,33.5,64,25.5,349.0,36.9,996.9,25.6,ERA5_Reanalysis_ECMWF
Bhubaneswar,2024-06-02T16:00,2024,29.0,82,24.5,225.0,32.6,998.8,25.7,ERA5_Reanalysis_ECMWF
Bhubaneswar,2024-06-02T17:00,2024,28.2,93,15.3,15.0,34.0,998.5,26.9,ERA5_Reanalysis_ECMWF
Bhubaneswar,2024-06-02T18:00,2024,31.1,75,18.5,26.0,35.9,997.9,26.2,ERA5_Reanalysis_ECMWF
Bhubaneswar,2024-06-02T19:00,2024,30.2,78,3.8,0.0,36.9,999.9,25.9,ERA5_Reanalysis_ECMWF
Bhubaneswar,2024-06-02T20:00,2024,28.5,88,17.0,0.0,33.7,999.5,26.4,ERA5_Reanalysis_ECMWF
Bhubaneswar,2024-06-02T21:00,2024,28.9,90,12.5,0.0,35.1,1000.2,27.0,ERA5_Reanalysis_ECMWF
Bhubaneswar,2024-06-02T22:00,2024,29.1,91,14.8,0.0,35.3,1000.6,27.4,ERA5_Reanalysis_ECMWF
Bhubaneswar,2024-06-02T23:00,2024,28.9,91,16.5,0.0,34.8,1000.2,27.3,ERA5_Reanalysis_ECMWF
Bhubaneswar,2024-06-03T00:00,2024,28.8,90,16.8,0.0,34.5,999.3,27.0,ERA5_Reanalysis_ECMWF
Bhubaneswar,2024-06-03T01:00,2024,28.7,91,16.3,0.0,34.5,998.8,27.1,ERA5_Reanalysis_ECMWF
Bhubaneswar,2024-06-03T02:00,2024,28.7,91,18.4,0.0,34.1,998.2,27.1,ERA5_Reanalysis_ECMWF
Bhubaneswar,2024-06-03T03:00,2024,28.7,91,21.0,0.0,33.8,998.1,27.1,ERA5_Reanalysis_ECMWF
Bhubaneswar,2024-06-03T04:00,2024,28.9,88,22.7,0.0,33.6,998.8,26.8,ERA5_Reanalysis_ECMWF
Bhubaneswar,2024-06-03T05:00,2024,29.0,87,21.8,4.0,33.6,999.4,26.6,ERA5_Reanalysis_ECMWF
Bhubaneswar,2024-06-03T06:00,2024,27.8,79,14.8,58.0,31.7,999.4,23.9,ERA5_Reanalysis_ECMWF
Bhubaneswar,2024-06-03T07:00,2024,28.9,76,11.0,190.0,33.6,999.9,24.3,ERA5_Reanalysis_ECMWF
Bhubaneswar,2024-06-03T08:00,2024,29.4,74,6.6,223.0,34.7,1000.6,24.4,ERA5_Reanalysis_ECMWF
Bhubaneswar,2024-06-03T09:00,2024,30.0,73,7.4,257.0,35.4,1001.0,24.6,ERA5_Reanalysis_ECMWF
Bhubaneswar,2024-06-03T10:00,2024,32.0,65,6.0,638.0,38.2,1000.6,24.7,ERA5_Reanalysis_ECMWF
Bhubaneswar,2024-06-03T11:00,2024,33.5,59,8.7,784.0,39.8,999.9,24.3,ERA5_Reanalysis_ECMWF
Bhubaneswar,2024-06-03T12:00,2024,34.1,56,10.4,755.0,39.9,999.2,24.1,ERA5_Reanalysis_ECMWF
Bhubaneswar,2024-06-03T13:00,2024,35.1,51,10.9,850.0,41.0,998.2,23.5,ERA5_Reanalysis_ECMWF
Bhubaneswar,2024-06-03T14:00,2024,35.6,51,11.7,741.0,40.8,997.2,23.7,ERA5_Reanalysis_ECMWF
Bhubaneswar,2024-06-03T15:00,2024,34.8,55,16.9,569.0,38.9,996.6,24.6,ERA5_Reanalysis_ECMWF
Bhubaneswar,2024-06-03T16:00,2024,33.2,59,20.3,360.0,36.3,996.7,24.0,ERA5_Reanalysis_ECMWF
Bhubaneswar,2024-06-03T17:00,2024,32.0,64,18.3,172.0,35.6,997.2,24.3,ERA5_Reanalysis_ECMWF
Bhubaneswar,2024-06-03T18:00,2024,30.9,75,13.7,30.0,36.2,997.9,25.9,ERA5_Reanalysis_ECMWF
Bhubaneswar,2024-06-03T19:00,2024,29.9,78,15.2,0.0,34.8,998.9,25.6,ERA5_Reanalysis_ECMWF
Bhubaneswar,2024-06-03T20:00,2024,29.6,80,14.3,0.0,34.8,999.8,25.9,ERA5_Reanalysis_ECMWF
Bhubaneswar,2024-06-03T21:00,2024,29.5,82,13.7,0.0,34.9,1000.3,26.1,ERA5_Reanalysis_ECMWF
Bhubaneswar,2024-06-03T22:00,2024,29.3,84,14.0,0.0,34.9,1000.3,26.4,ERA5_Reanalysis_ECMWF
Bhubaneswar,2024-06-03T23:00,2024,29.2,85,13.7,0.0,34.8,999.8,26.4,ERA5_Reanalysis_ECMWF
Bhubaneswar,2024-06-04T00:00,2024,28.9,86,12.9,0.0,34.7,999.0,26.4,ERA5_Reanalysis_ECMWF
Bhubaneswar,2024-06-04T01:00,2024,28.8,87,12.4,0.0,34.7,998.4,26.5,ERA5_Reanalysis_ECMWF
Bhubaneswar,2024-06-04T02:00,2024,28.6,88,12.5,0.0,34.5,998.0,26.5,ERA5_Reanalysis_ECMWF
Bhubaneswar,2024-06-04T03:00,2024,28.5,90,12.0,0.0,34.5,998.1,26.6,ERA5_Reanalysis_ECMWF
Bhubaneswar,2024-06-04T04:00,2024,28.4,91,12.1,0.0,34.6,998.4,26.8,ERA5_Reanalysis_ECMWF
Bhubaneswar,2024-06-04T05:00,2024,28.6,91,12.2,4.0,34.9,999.0,27.0,ERA5_Reanalysis_ECMWF
Bhubaneswar,2024-06-04T06:00,2024,29.4,86,11.0,86.0,35.8,999.8,26.9,ERA5_Reanalysis_ECMWF
Bhubaneswar,2024-06-04T07:00,2024,30.8,81,11.5,277.0,37.3,1000.2,27.2,ERA5_Reanalysis_ECMWF
Bhubaneswar,2024-06-04T08:00,2024,32.5,74,10.8,461.0,39.2,1000.7,27.3,ERA5_Reanalysis_ECMWF
Bhubaneswar,2024-06-04T09:00,2024,34.0,67,9.2,649.0,41.4,1000.6,27.1,ERA5_Reanalysis_ECMWF
Bhubaneswar,2024-06-04T10:00,2024,35.6,59,8.9,799.0,43.4,1000.2,26.4,ERA5_Reanalysis_ECMWF
Bhubaneswar,2024-06-04T11:00,2024,36.7,53,4.2,854.0,45.1,999.0,25.7,ERA5_Reanalysis_ECMWF
Bhubaneswar,2024-06-04T12:00,2024,37.4,50,5.1,900.0,45.8,998.3,25.4,ERA5_Reanalysis_ECMWF
Bhubaneswar,2024-06-04T13:00,2024,37.9,48,10.4,846.0,44.7,997.2,24.9,ERA5_Reanalysis_ECMWF
Bhubaneswar,2024-06-04T14:00,2024,29.8,79,10.9,525.0,35.4,998.2,25.8,ERA5_Reanalysis_ECMWF
Bhubaneswar,2024-06-04T15:00,2024,28.5,89,13.7,53.0,34.1,998.7,26.4,ERA5_Reanalysis_ECMWF
Bhubaneswar,2024-06-04T16:00,2024,29.4,88,18.0,75.0,35.1,998.2,27.3,ERA5_Reanalysis_ECMWF
Bhubaneswar,2024-06-04T17:00,2024,29.3,90,11.0,75.0,36.1,997.4,27.4,ERA5_Reanalysis_ECMWF
Bhubaneswar,2024-06-04T18:00,2024,31.3,76,13.6,32.0,37.1,997.3,26.6,ERA5_Reanalysis_ECMWF
Bhubaneswar,2024-06-04T19:00,2024,31.1,80,10.6,0.0,37.8,998.4,27.3,ERA5_Reanalysis_ECMWF
Bhubaneswar,2024-06-04T20:00,2024,30.6,83,5.7,0.0,38.1,999.1,27.3,ERA5_Reanalysis_ECMWF
Bhubaneswar,2024-06-04T21:00,2024,29.9,86,10.6,0.0,36.7,999.5,27.3,ERA5_Reanalysis_ECMWF
Bhubaneswar,2024-06-04T22:00,2024,29.7,86,13.0,0.0,36.0,999.6,27.2,ERA5_Reanalysis_ECMWF
Bhubaneswar,2024-06-04T23:00,2024,29.5,85,14.7,0.0,35.3,999.1,26.7,ERA5_Reanalysis_ECMWF
Bhubaneswar,2024-06-05T00:00,2024,29.2,85,15.0,0.0,34.6,998.2,26.4,ERA5_Reanalysis_ECMWF
Bhubaneswar,2024-06-05T01:00,2024,28.8,88,13.5,0.0,34.6,997.9,26.6,ERA5_Reanalysis_ECMWF
Bhubaneswar,2024-06-05T02:00,2024,28.6,89,9.4,0.0,35.1,997.7,26.7,ERA5_Reanalysis_ECMWF
Bhubaneswar,2024-06-05T03:00,2024,28.7,89,8.7,0.0,35.3,997.8,26.7,ERA5_Reanalysis_ECMWF
Bhubaneswar,2024-06-05T04:00,2024,28.4,91,8.2,0.0,35.1,998.2,26.8,ERA5_Reanalysis_ECMWF
Bhubaneswar,2024-06-05T05:00,2024,28.3,92,8.7,4.0,35.0,998.9,26.9,ERA5_Reanalysis_ECMWF
Bhubaneswar,2024-06-05T06:00,2024,28.2,91,5.9,98.0,35.1,1000.2,26.5,ERA5_Reanalysis_ECMWF
Bhubaneswar,2024-06-05T07:00,2024,30.1,79,8.2,284.0,36.3,1000.2,26.1,ERA5_Reanalysis_ECMWF
Bhubaneswar,2024-06-05T08:00,2024,31.8,69,8.5,488.0,37.5,1000.8,25.5,ERA5_Reanalysis_ECMWF
Bhubaneswar,2024-06-05T09:00,2024,33.3,61,6.1,670.0,39.8,1001.0,24.9,ERA5_Reanalysis_ECMWF
Bhubaneswar,2024-06-05T10:00,2024,34.7,56,4.4,813.0,42.2,1000.7,24.7,ERA5_Reanalysis_ECMWF
Bhubaneswar,2024-06-05T11:00,2024,35.7,53,3.2,892.0,44.0,1000.1,24.7,ERA5_Reanalysis_ECMWF
Bhubaneswar,2024-06-05T12:00,2024,36.7,50,4.7,906.0,44.6,999.5,24.5,ERA5_Reanalysis_ECMWF
Bhubaneswar,2024-06-05T13:00,2024,36.4,49,9.2,830.0,42.7,999.0,23.9,ERA5_Reanalysis_ECMWF
Bhubaneswar,2024-06-05T14:00,2024,35.9,49,5.9,597.0,41.1,997.7,23.6,ERA5_Reanalysis_ECMWF
Bhubaneswar,2024-06-05T15:00,2024,36.3,47,5.1,532.0,41.2,996.6,23.3,ERA5_Reanalysis_ECMWF
Bhubaneswar,2024-06-05T16:00,2024,36.3,48,4.3,381.0,41.4,996.3,23.5,ERA5_Reanalysis_ECMWF
Bhubaneswar,2024-06-05T17:00,2024,35.2,58,2.2,185.0,42.0,996.2,25.6,ERA5_Reanalysis_ECMWF
Bhubaneswar,2024-06-05T18:00,2024,32.3,70,10.8,30.0,38.2,997.5,26.1,ERA5_Reanalysis_ECMWF
Bhubaneswar,2024-06-05T19:00,2024,31.7,70,7.7,0.0,37.7,998.5,25.6,ERA5_Reanalysis_ECMWF
Bhubaneswar,2024-06-05T20:00,2024,31.0,72,10.2,0.0,36.4,999.5,25.3,ERA5_Reanalysis_ECMWF
Bhubaneswar,2024-06-05T21:00,2024,30.5,72,10.7,0.0,35.5,999.8,24.8,ERA5_Reanalysis_ECMWF
Bhubaneswar,2024-06-05T22:00,2024,30.0,74,11.5,0.0,34.9,1000.0,24.9,ERA5_Reanalysis_ECMWF
Bhubaneswar,2024-06-05T23:00,2024,29.4,79,13.0,0.0,34.4,999.9,25.3,ERA5_Reanalysis_ECMWF
Bhubaneswar,2024-06-06T00:00,2024,29.0,82,10.2,0.0,34.5,999.4,25.5,ERA5_Reanalysis_ECMWF
Bhubaneswar,2024-06-06T01:00,2024,28.5,85,9.3,0.0,34.3,999.1,25.7,ERA5_Reanalysis_ECMWF
Bhubaneswar,2024-06-06T02:00,2024,28.2,88,9.7,0.0,34.1,998.9,26.0,ERA5_Reanalysis_ECMWF
Bhubaneswar,2024-06-06T03:00,2024,27.8,91,8.9,0.0,34.1,998.7,26.3,ERA5_Reanalysis_ECMWF
Bhubaneswar,2024-06-06T04:00,2024,27.5,94,6.4,0.0,34.3,998.7,26.4,ERA5_Reanalysis_ECMWF
Bhubaneswar,2024-06-06T05:00,2024,27.4,94,5.4,4.0,34.1,999.3,26.3,ERA5_Reanalysis_ECMWF
Bhubaneswar,2024-06-06T06:00,2024,29.7,87,6.9,98.0,36.9,999.8,27.3,ERA5_Reanalysis_ECMWF
Bhubaneswar,2024-06-06T07:00,2024,31.6,80,9.2,283.0,38.8,1000.4,27.7,ERA5_Reanalysis_ECMWF
Bhubaneswar,2024-06-06T08:00,2024,33.4,70,10.0,487.0,40.1,1000.9,27.2,ERA5_Reanalysis_ECMWF
Bhubaneswar,2024-06-06T09:00,2024,35.0,62,9.6,669.0,42.1,1001.2,26.7,ERA5_Reanalysis_ECMWF
Bhubaneswar,2024-06-06T10:00,2024,36.3,55,7.7,806.0,44.0,1000.7,25.9,ERA5_Reanalysis_ECMWF
Bhubaneswar,2024-06-06T11:00,2024,37.4,50,6.6,890.0,45.3,999.7,25.1,ERA5_Reanalysis_ECMWF
Bhubaneswar,2024-06-06T12:00,2024,38.0,47,5.2,909.0,46.1,998.5,24.8,ERA5_Reanalysis_ECMWF
Bhubaneswar,2024-06-06T13:00,2024,38.6,45,5.5,858.0,46.2,997.5,24.6,ERA5_Reanalysis_ECMWF
Bhubaneswar,2024-06-06T14:00,2024,38.8,44,8.6,745.0,45.0,996.4,24.4,ERA5_Reanalysis_ECMWF
Bhubaneswar,2024-06-06T15:00,2024,38.0,47,13.3,565.0,42.6,996.3,24.7,ERA5_Reanalysis_ECMWF
Bhubaneswar,2024-06-06T16:00,2024,35.8,54,20.2,352.0,39.7,996.2,25.2,ERA5_Reanalysis_ECMWF
Bhubaneswar,2024-06-06T17:00,2024,31.1,72,20.4,160.0,35.1,998.9,25.4,ERA5_Reanalysis_ECMWF
Bhubaneswar,2024-06-06T18:00,2024,33.1,65,12.3,32.0,38.5,998.4,25.7,ERA5_Reanalysis_ECMWF
Bhubaneswar,2024-06-06T19:00,2024,31.8,68,12.6,0.0,36.7,999.5,25.1,ERA5_Reanalysis_ECMWF
Bhubaneswar,2024-06-06T20:00,2024,30.9,71,14.1,0.0,35.6,999.8,25.1,ERA5_Reanalysis_ECMWF
Bhubaneswar,2024-06-06T21:00,2024,30.3,76,17.4,0.0,34.7,1000.2,25.5,ERA5_Reanalysis_ECMWF
Bhubaneswar,2024-06-06T22:00,2024,29.8,78,15.8,0.0,34.5,1000.0,25.6,ERA5_Reanalysis_ECMWF
Bhubaneswar,2024-06-06T23:00,2024,29.3,83,15.8,0.0,34.4,999.5,26.1,ERA5_Reanalysis_ECMWF
Bhubaneswar,2024-06-07T00:00,2024,29.0,85,15.9,0.0,34.2,998.6,26.3,ERA5_Reanalysis_ECMWF
Bhubaneswar,2024-06-07T01:00,2024,28.8,86,14.0,0.0,34.2,998.3,26.2,ERA5_Reanalysis_ECMWF
Bhubaneswar,2024-06-07T02:00,2024,28.6,87,14.2,0.0,34.1,997.7,26.3,ERA5_Reanalysis_ECMWF
Bhubaneswar,2024-06-07T03:00,2024,28.4,89,14.2,0.0,34.0,997.2,26.4,ERA5_Reanalysis_ECMWF
Bhubaneswar,2024-06-07T04:00,2024,28.3,90,12.5,0.0,34.1,997.7,26.5,ERA5_Reanalysis_ECMWF
Bhubaneswar,2024-06-07T05:00,2024,28.4,89,12.9,4.0,34.2,998.3,26.5,ERA5_Reanalysis_ECMWF
Bhubaneswar,2024-06-07T06:00,2024,29.3,82,10.4,97.0,35.1,999.4,26.0,ERA5_Reanalysis_ECMWF
Bhubaneswar,2024-06-07T07:00,2024,30.8,78,13.0,281.0,36.5,999.8,26.4,ERA5_Reanalysis_ECMWF
Bhubaneswar,2024-06-07T08:00,2024,32.5,70,17.9,484.0,37.4,1000.3,26.2,ERA5_Reanalysis_ECMWF
Bhubaneswar,2024-06-07T09:00,2024,34.0,61,18.8,666.0,38.9,1000.3,25.5,ERA5_Reanalysis_ECMWF
Bhubaneswar,2024-06-07T10:00,2024,35.4,55,18.2,809.0,40.8,999.9,25.0,ERA5_Reanalysis_ECMWF
Bhubaneswar,2024-06-07T11:00,2024,36.4,51,16.7,892.0,42.1,999.2,24.5,ERA5_Reanalysis_ECMWF
Bhubaneswar,2024-06-07T12:00,2024,37.0,48,16.8,907.0,42.6,998.6,24.3,ERA5_Reanalysis_ECMWF
Bhubaneswar,2024-06-07T13:00,2024,37.4,47,15.9,855.0,42.8,997.8,24.2,ERA5_Reanalysis_ECMWF
Bhubaneswar,2024-06-07T14:00,2024,36.7,49,17.3,704.0,41.3,996.6,24.4,ERA5_Reanalysis_ECMWF
Bhubaneswar,2024-06-07T15:00,2024,35.6,53,19.7,531.0,39.0,996.0,24.4,ERA5_Reanalysis_ECMWF
Bhubaneswar,2024-06-07T16:00,2024,34.4,57,20.6,367.0,37.8,995.6,24.6,ERA5_Reanalysis_ECMWF
Bhubaneswar,2024-06-07T17:00,2024,33.0,63,19.2,172.0,37.0,995.7,25.1,ERA5_Reanalysis_ECMWF
Bhubaneswar,2024-06-07T18:00,2024,30.7,71,19.5,26.0,34.4,998.2,24.8,ERA5_Reanalysis_ECMWF
Bhubaneswar,2024-06-07T19:00,2024,30.0,76,18.0,0.0,34.3,998.4,25.3,ERA5_Reanalysis_ECMWF
Bhubaneswar,2024-06-07T20:00,2024,29.6,79,17.4,0.0,34.2,998.9,25.7,ERA5_Reanalysis_ECMWF
Bhubaneswar,2024-06-07T21:00,2024,29.4,82,19.0,0.0,34.0,999.3,26.1,ERA5_Reanalysis_ECMWF
Bhubaneswar,2024-06-07T22:00,2024,29.1,83,20.9,0.0,33.4,999.5,26.0,ERA5_Reanalysis_ECMWF
Bhubaneswar,2024-06-07T23:00,2024,28.7,85,20.5,0.0,33.1,999.0,25.9,ERA5_Reanalysis_ECMWF
Bhubaneswar,2024-06-08T00:00,2024,28.5,85,19.4,0.0,32.9,998.3,25.7,ERA5_Reanalysis_ECMWF
Bhubaneswar,2024-06-08T01:00,2024,28.3,84,19.2,0.0,32.5,998.0,25.4,ERA5_Reanalysis_ECMWF
Bhubaneswar,2024-06-08T02:00,2024,28.1,85,17.4,0.0,32.5,997.6,25.4,ERA5_Reanalysis_ECMWF
Bhubaneswar,2024-06-08T03:00,2024,27.9,86,14.4,0.0,32.7,997.2,25.3,ERA5_Reanalysis_ECMWF
Bhubaneswar,2024-06-08T04:00,2024,27.6,87,11.2,0.0,32.7,997.2,25.2,ERA5_Reanalysis_ECMWF
Bhubaneswar,2024-06-08T05:00,2024,27.4,87,7.7,4.0,33.0,997.9,25.1,ERA5_Reanalysis_ECMWF
Bhubaneswar,2024-06-08T06:00,2024,28.6,84,9.9,97.0,34.2,998.7,25.5,ERA5_Reanalysis_ECMWF
Bhubaneswar,2024-06-08T07:00,2024,30.1,77,12.7,275.0,35.4,998.8,25.6,ERA5_Reanalysis_ECMWF
Bhubaneswar,2024-06-08T08:00,2024,31.9,70,13.7,481.0,37.0,998.9,25.6,ERA5_Reanalysis_ECMWF
Bhubaneswar,2024-06-08T09:00,2024,33.6,62,13.6,664.0,39.2,998.9,25.3,ERA5_Reanalysis_ECMWF
Bhubaneswar,2024-06-08T10:00,2024,35.0,56,12.3,800.0,41.2,998.6,24.8,ERA5_Reanalysis_ECMWF
Bhubaneswar,2024-06-08T11:00,2024,36.1,51,11.8,890.0,42.6,998.3,24.5,ERA5_Reanalysis_ECMWF
Bhubaneswar,2024-06-08T12:00,2024,37.0,48,10.3,908.0,43.7,997.6,24.3,ERA5_Reanalysis_ECMWF
Bhubaneswar,2024-06-08T13:00,2024,37.5,47,8.7,861.0,44.3,996.2,24.3,ERA5_Reanalysis_ECMWF
Bhubaneswar,2024-06-08T14:00,2024,37.7,47,6.8,741.0,44.2,995.1,24.4,ERA5_Reanalysis_ECMWF
Bhubaneswar,2024-06-08T15:00,2024,37.6,47,10.0,582.0,42.6,994.4,24.5,ERA5_Reanalysis_ECMWF
Bhubaneswar,2024-06-08T16:00,2024,36.0,54,16.2,387.0,40.4,993.7,25.1,ERA5_Reanalysis_ECMWF
Bhubaneswar,2024-06-08T17:00,2024,33.1,64,23.0,187.0,36.7,994.4,25.4,ERA5_Reanalysis_ECMWF
Bhubaneswar,2024-06-08T18:00,2024,31.1,70,23.0,32.0,34.5,995.9,25.1,ERA5_Reanalysis_ECMWF
Bhubaneswar,2024-06-08T19:00,2024,30.1,75,21.7,0.0,33.8,996.7,25.3,ERA5_Reanalysis_ECMWF
Bhubaneswar,2024-06-08T20:00,2024,29.5,80,21.0,0.0,33.6,997.4,25.7,ERA5_Reanalysis_ECMWF
Bhubaneswar,2024-06-08T21:00,2024,29.4,81,20.3,0.0,33.6,997.9,25.8,ERA5_Reanalysis_ECMWF
Bhubaneswar,2024-06-08T22:00,2024,29.2,82,20.1,0.0,33.5,997.9,25.9,ERA5_Reanalysis_ECMWF
Bhubaneswar,2024-06-08T23:00,2024,28.9,85,18.2,0.0,33.7,997.4,26.1,ERA5_Reanalysis_ECMWF
Bhubaneswar,2024-06-09T00:00,2024,28.7,85,16.0,0.0,33.8,996.6,26.0,ERA5_Reanalysis_ECMWF
Bhubaneswar,2024-06-09T01:00,2024,28.5,86,13.3,0.0,33.8,996.1,25.9,ERA5_Reanalysis_ECMWF
Bhubaneswar,2024-06-09T02:00,2024,28.2,87,10.2,0.0,33.9,995.7,25.8,ERA5_Reanalysis_ECMWF
Bhubaneswar,2024-06-09T03:00,2024,27.9,88,9.9,0.0,33.7,995.7,25.8,ERA5_Reanalysis_ECMWF
Bhubaneswar,2024-06-09T04:00,2024,27.8,89,11.0,0.0,33.5,995.9,25.9,ERA5_Reanalysis_ECMWF
Bhubaneswar,2024-06-09T05:00,2024,27.9,89,13.3,4.0,33.3,996.3,26.0,ERA5_Reanalysis_ECMWF
Bhubaneswar,2024-06-09T06:00,2024,29.2,83,10.9,97.0,35.1,997.2,26.1,ERA5_Reanalysis_ECMWF
Bhubaneswar,2024-06-09T07:00,2024,30.9,76,10.9,281.0,36.7,997.7,26.1,ERA5_Reanalysis_ECMWF
Bhubaneswar,2024-06-09T08:00,2024,32.7,69,9.7,483.0,38.7,998.1,26.1,ERA5_Reanalysis_ECMWF
Bhubaneswar,2024-06-09T09:00,2024,34.5,61,8.2,665.0,41.3,998.0,25.9,ERA5_Reanalysis_ECMWF
Bhubaneswar,2024-06-09T10:00,2024,36.1,54,8.1,807.0,43.4,997.6,25.4,ERA5_Reanalysis_ECMWF
Bhubaneswar,2024-06-09T11:00,2024,37.2,50,7.6,888.0,44.9,997.2,25.0,ERA5_Reanalysis_ECMWF
Bhubaneswar,2024-06-09T12:00,2024,37.9,48,5.2,904.0,46.0,996.3,25.0,ERA5_Reanalysis_ECMWF
Bhubaneswar,2024-06-09T13:00,2024,38.4,46,5.3,858.0,46.1,995.4,24.8,ERA5_Reanalysis_ECMWF
Bhubaneswar,2024-06-09T14:00,2024,38.9,44,5.5,718.0,45.5,994.7,24.6,ERA5_Reanalysis_ECMWF
Bhubaneswar,2024-06-09T15:00,2024,37.6,49,16.9,554.0,41.8,994.3,25.0,ERA5_Reanalysis_ECMWF
Bhubaneswar,2024-06-09T16:00,2024,35.3,55,23.0,371.0,38.5,993.9,24.8,ERA5_Reanalysis_ECMWF
Bhubaneswar,2024-06-09T17:00,2024,33.8,58,21.7,178.0,37.0,994.4,24.4,ERA5_Reanalysis_ECMWF
Bhubaneswar,2024-06-09T18:00,2024,32.6,63,21.3,34.0,35.9,995.5,24.6,ERA5_Reanalysis_ECMWF
Bhubaneswar,2024-06-09T19:00,2024,31.1,68,21.7,0.0,34.2,996.5,24.4,ERA5_Reanalysis_ECMWF
Bhubaneswar,2024-06-09T20:00,2024,30.3,72,21.4,0.0,33.7,997.1,24.7,ERA5_Reanalysis_ECMWF
Bhubaneswar,2024-06-09T21:00,2024,30.0,73,19.0,0.0,33.7,997.6,24.7,ERA5_Reanalysis_ECMWF
Bhubaneswar,2024-06-09T22:00,2024,29.6,74,19.2,0.0,33.2,998.0,24.5,ERA5_Reanalysis_ECMWF
Bhubaneswar,2024-06-09T23:00,2024,29.2,77,20.2,0.0,32.7,997.7,24.7,ERA5_Reanalysis_ECMWF
Bhubaneswar,2024-06-10T00:00,2024,28.8,79,21.0,0.0,32.3,997.2,24.9,ERA5_Reanalysis_ECMWF
Bhubaneswar,2024-06-10T01:00,2024,28.4,81,20.3,0.0,32.0,996.6,24.8,ERA5_Reanalysis_ECMWF
Bhubaneswar,2024-06-10T02:00,2024,28.1,82,19.0,0.0,31.8,996.4,24.7,ERA5_Reanalysis_ECMWF
Bhubaneswar,2024-06-10T03:00,2024,27.8,84,18.8,0.0,31.6,996.1,24.8,ERA5_Reanalysis_ECMWF
Bhubaneswar,2024-06-10T04:00,2024,27.6,85,17.9,0.0,31.5,996.3,24.8,ERA5_Reanalysis_ECMWF
Bhubaneswar,2024-06-10T05:00,2024,27.4,86,15.9,4.0,31.7,996.9,24.9,ERA5_Reanalysis_ECMWF
Bhubaneswar,2024-06-10T06:00,2024,29.0,82,14.1,99.0,34.0,997.5,25.5,ERA5_Reanalysis_ECMWF
Bhubaneswar,2024-06-10T07:00,2024,30.5,75,12.3,286.0,35.7,997.8,25.5,ERA5_Reanalysis_ECMWF
Bhubaneswar,2024-06-10T08:00,2024,32.1,68,11.8,492.0,37.3,998.2,25.4,ERA5_Reanalysis_ECMWF
Bhubaneswar,2024-06-10T09:00,2024,33.8,60,12.8,676.0,39.3,998.2,25.0,ERA5_Reanalysis_ECMWF
Bhubaneswar,2024-06-10T10:00,2024,35.3,54,12.4,819.0,41.4,997.7,24.5,ERA5_Reanalysis_ECMWF
Bhubaneswar,2024-06-10T11:00,2024,36.4,50,10.3,903.0,43.1,996.9,24.2,ERA5_Reanalysis_ECMWF
Bhubaneswar,2024-06-10T12:00,2024,37.3,46,8.9,921.0,44.2,996.1,23.9,ERA5_Reanalysis_ECMWF
Bhubaneswar,2024-06-10T13:00,2024,38.0,44,9.8,871.0,44.2,995.1,23.6,ERA5_Reanalysis_ECMWF
Bhubaneswar,2024-06-10T14:00,2024,37.9,45,12.6,758.0,43.2,994.2,23.9,ERA5_Reanalysis_ECMWF
Bhubaneswar,2024-06-10T15:00,2024,36.9,50,15.9,594.0,41.3,993.9,24.8,ERA5_Reanalysis_ECMWF
Bhubaneswar,2024-06-10T16:00,2024,35.2,55,18.6,396.0,39.0,993.9,24.8,ERA5_Reanalysis_ECMWF
Bhubaneswar,2024-06-10T17:00,2024,33.6,59,19.5,193.0,37.1,994.6,24.5,ERA5_Reanalysis_ECMWF
Bhubaneswar,2024-06-10T18:00,2024,31.9,65,21.8,37.0,35.2,995.4,24.6,ERA5_Reanalysis_ECMWF
Bhubaneswar,2024-06-10T19:00,2024,30.5,73,22.4,0.0,34.0,996.8,25.1,ERA5_Reanalysis_ECMWF
Bhubaneswar,2024-06-10T20:00,2024,29.9,75,21.7,0.0,33.5,997.4,25.1,ERA5_Reanalysis_ECMWF
Bhubaneswar,2024-06-10T21:00,2024,29.6,75,22.6,0.0,32.8,997.8,24.8,ERA5_Reanalysis_ECMWF
Bhubaneswar,2024-06-10T22:00,2024,29.2,78,22.6,0.0,32.6,998.2,24.9,ERA5_Reanalysis_ECMWF
Bhubaneswar,2024-06-10T23:00,2024,28.9,79,22.0,0.0,32.3,997.9,24.9,ERA5_Reanalysis_ECMWF
Bhubaneswar,2024-06-11T00:00,2024,28.5,81,21.7,0.0,32.1,997.1,25.0,ERA5_Reanalysis_ECMWF
Bhubaneswar,2024-06-11T01:00,2024,28.2,85,21.9,0.0,31.9,996.5,25.3,ERA5_Reanalysis_ECMWF
Bhubaneswar,2024-06-11T02:00,2024,28.1,85,20.8,0.0,31.9,996.0,25.3,ERA5_Reanalysis_ECMWF
Bhubaneswar,2024-06-11T03:00,2024,27.9,85,19.5,0.0,31.8,995.8,25.1,ERA5_Reanalysis_ECMWF
Bhubaneswar,2024-06-11T04:00,2024,27.6,87,15.9,0.0,32.1,995.8,25.2,ERA5_Reanalysis_ECMWF
Bhubaneswar,2024-06-11T05:00,2024,27.6,87,16.4,4.0,32.1,996.8,25.3,ERA5_Reanalysis_ECMWF
Bhubaneswar,2024-06-11T06:00,2024,29.0,83,14.4,94.0,34.2,997.1,25.9,ERA5_Reanalysis_ECMWF
Bhubaneswar,2024-06-11T07:00,2024,30.5,77,15.2,273.0,35.6,997.4,26.0,ERA5_Reanalysis_ECMWF
Bhubaneswar,2024-06-11T08:00,2024,32.4,68,15.9,486.0,37.4,997.7,25.9,ERA5_Reanalysis_ECMWF
Bhubaneswar,2024-06-11T09:00,2024,34.1,61,13.6,662.0,39.7,997.3,25.4,ERA5_Reanalysis_ECMWF
Bhubaneswar,2024-06-11T10:00,2024,35.4,55,14.8,805.0,41.4,996.6,25.1,ERA5_Reanalysis_ECMWF
Bhubaneswar,2024-06-11T11:00,2024,36.5,52,14.2,882.0,42.8,996.0,24.9,ERA5_Reanalysis_ECMWF
Bhubaneswar,2024-06-11T12:00,2024,37.1,50,15.0,895.0,43.5,995.5,25.0,ERA5_Reanalysis_ECMWF
Bhubaneswar,2024-06-11T13:00,2024,37.2,50,16.3,854.0,43.2,994.7,25.2,ERA5_Reanalysis_ECMWF
Bhubaneswar,2024-06-11T14:00,2024,36.5,52,16.9,742.0,41.8,993.8,25.2,ERA5_Reanalysis_ECMWF
Bhubaneswar,2024-06-11T15:00,2024,35.2,55,19.9,583.0,39.2,993.6,25.0,ERA5_Reanalysis_ECMWF
Bhubaneswar,2024-06-11T16:00,2024,33.4,62,22.3,386.0,36.9,993.7,25.0,ERA5_Reanalysis_ECMWF
Bhubaneswar,2024-06-11T17:00,2024,32.0,66,21.3,188.0,35.5,994.3,24.9,ERA5_Reanalysis_ECMWF
Bhubaneswar,2024-06-11T18:00,2024,30.3,71,19.4,36.0,33.8,995.6,24.4,ERA5_Reanalysis_ECMWF
Bhubaneswar,2024-06-11T19:00,2024,29.7,75,18.4,0.0,33.6,995.9,24.9,ERA5_Reanalysis_ECMWF
Bhubaneswar,2024-06-11T20:00,2024,29.3,80,16.1,0.0,34.0,996.5,25.4,ERA5_Reanalysis_ECMWF
Bhubaneswar,2024-06-11T21:00,2024,29.2,82,17.7,0.0,33.9,997.2,25.8,ERA5_Reanalysis_ECMWF
Bhubaneswar,2024-06-11T22:00,2024,29.2,83,21.8,0.0,33.4,997.7,26.0,ERA5_Reanalysis_ECMWF
Bhubaneswar,2024-06-11T23:00,2024,29.0,84,20.5,0.0,33.4,997.2,26.1,ERA5_Reanalysis_ECMWF
Bhubaneswar,2024-06-12T00:00,2024,28.8,85,21.1,0.0,33.1,996.6,26.0,ERA5_Reanalysis_ECMWF
Bhubaneswar,2024-06-12T01:00,2024,28.9,84,18.2,0.0,33.6,996.3,25.9,ERA5_Reanalysis_ECMWF
Bhubaneswar,2024-06-12T02:00,2024,28.7,84,15.5,0.0,33.7,995.9,25.8,ERA5_Reanalysis_ECMWF
Bhubaneswar,2024-06-12T03:00,2024,28.5,86,12.2,0.0,34.0,995.8,25.9,ERA5_Reanalysis_ECMWF
Bhubaneswar,2024-06-12T04:00,2024,28.1,88,9.9,0.0,33.9,996.0,25.9,ERA5_Reanalysis_ECMWF
Bhubaneswar,2024-06-12T05:00,2024,28.1,89,10.9,4.0,33.9,996.6,26.0,ERA5_Reanalysis_ECMWF
Bhubaneswar,2024-06-12T06:00,2024,29.5,83,19.5,72.0,34.2,997.6,26.2,ERA5_Reanalysis_ECMWF
Bhubaneswar,2024-06-12T07:00,2024,30.8,76,17.6,247.0,35.7,997.8,26.2,ERA5_Reanalysis_ECMWF
Bhubaneswar,2024-06-12T08:00,2024,32.3,70,13.0,448.0,37.8,998.5,26.1,ERA5_Reanalysis_ECMWF
Bhubaneswar,2024-06-12T09:00,2024,33.9,63,11.0,655.0,40.2,998.5,25.9,ERA5_Reanalysis_ECMWF
Bhubaneswar,2024-06-12T10:00,2024,35.5,58,8.4,790.0,43.0,997.8,26.0,ERA5_Reanalysis_ECMWF
Bhubaneswar,2024-06-12T11:00,2024,36.7,54,7.8,863.0,44.8,997.2,26.0,ERA5_Reanalysis_ECMWF
Bhubaneswar,2024-06-12T12:00,2024,38.0,50,7.6,894.0,46.2,996.1,25.8,ERA5_Reanalysis_ECMWF
Bhubaneswar,2024-06-12T13:00,2024,38.9,47,6.0,807.0,46.6,994.9,25.5,ERA5_Reanalysis_ECMWF
Bhubaneswar,2024-06-12T14:00,2024,39.3,45,6.6,679.0,46.0,993.9,25.2,ERA5_Reanalysis_ECMWF
Bhubaneswar,2024-06-12T15:00,2024,31.8,73,19.5,528.0,36.5,994.9,26.3,ERA5_Reanalysis_ECMWF
Bhubaneswar,2024-06-12T16:00,2024,31.6,77,6.0,178.0,38.9,993.7,27.1,ERA5_Reanalysis_ECMWF
Bhubaneswar,2024-06-12T17:00,2024,32.5,70,13.0,129.0,38.2,994.7,26.3,ERA5_Reanalysis_ECMWF
Bhubaneswar,2024-06-12T18:00,2024,31.3,73,19.1,36.0,35.9,995.8,25.9,ERA5_Reanalysis_ECMWF
Bhubaneswar,2024-06-12T19:00,2024,30.7,75,18.6,0.0,35.2,995.7,25.7,ERA5_Reanalysis_ECMWF
Bhubaneswar,2024-06-12T20:00,2024,30.2,76,18.7,0.0,34.5,996.2,25.5,ERA5_Reanalysis_ECMWF
Bhubaneswar,2024-06-12T21:00,2024,29.7,81,19.5,0.0,34.3,997.0,26.1,ERA5_Reanalysis_ECMWF
Bhubaneswar,2024-06-12T22:00,2024,29.4,84,18.8,0.0,34.3,997.5,26.4,ERA5_Reanalysis_ECMWF
Bhubaneswar,2024-06-12T23:00,2024,29.2,85,17.9,0.0,34.2,997.2,26.3,ERA5_Reanalysis_ECMWF
Bhubaneswar,2024-06-13T00:00,2024,29.1,86,19.2,0.0,33.9,996.5,26.4,ERA5_Reanalysis_ECMWF
Bhubaneswar,2024-06-13T01:00,2024,28.9,86,18.6,0.0,33.7,996.0,26.3,ERA5_Reanalysis_ECMWF
Bhubaneswar,2024-06-13T02:00,2024,28.7,87,16.9,0.0,33.8,995.6,26.3,ERA5_Reanalysis_ECMWF
Bhubaneswar,2024-06-13T03:00,2024,28.6,87,16.4,0.0,33.8,995.7,26.2,ERA5_Reanalysis_ECMWF
Bhubaneswar,2024-06-13T04:00,2024,28.6,87,16.9,0.0,33.6,996.0,26.1,ERA5_Reanalysis_ECMWF
Bhubaneswar,2024-06-13T05:00,2024,28.7,86,16.1,4.0,33.8,996.5,26.1,ERA5_Reanalysis_ECMWF
Bhubaneswar,2024-06-13T06:00,2024,29.8,84,16.7,59.0,35.3,997.2,26.8,ERA5_Reanalysis_ECMWF
Bhubaneswar,2024-06-13T07:00,2024,31.2,78,19.9,183.0,36.4,997.9,27.0,ERA5_Reanalysis_ECMWF
Bhubaneswar,2024-06-13T08:00,2024,32.3,75,19.7,288.0,37.7,998.1,27.3,ERA5_Reanalysis_ECMWF
Bhubaneswar,2024-06-13T09:00,2024,34.2,65,20.4,625.0,39.5,998.0,26.8,ERA5_Reanalysis_ECMWF
Bhubaneswar,2024-06-13T10:00,2024,35.5,59,24.8,793.0,40.6,997.6,26.4,ERA5_Reanalysis_ECMWF
Bhubaneswar,2024-06-13T11:00,2024,36.5,51,23.3,873.0,41.2,997.1,24.8,ERA5_Reanalysis_ECMWF
Bhubaneswar,2024-06-13T12:00,2024,37.4,47,24.3,892.0,41.7,996.4,24.2,ERA5_Reanalysis_ECMWF
Bhubaneswar,2024-06-13T13:00,2024,37.5,46,23.9,799.0,41.2,995.0,24.0,ERA5_Reanalysis_ECMWF
Bhubaneswar,2024-06-13T14:00,2024,38.3,45,20.6,710.0,42.3,993.8,24.4,ERA5_Reanalysis_ECMWF
Bhubaneswar,2024-06-13T15:00,2024,37.4,47,19.6,448.0,40.7,993.5,24.2,ERA5_Reanalysis_ECMWF
Bhubaneswar,2024-06-13T16:00,2024,36.1,51,20.0,326.0,39.6,993.8,24.5,ERA5_Reanalysis_ECMWF
Bhubaneswar,2024-06-13T17:00,2024,33.5,59,20.3,154.0,36.8,994.3,24.3,ERA5_Reanalysis_ECMWF
Bhubaneswar,2024-06-13T18:00,2024,31.0,76,21.9,37.0,35.3,994.8,26.3,ERA5_Reanalysis_ECMWF
Bhubaneswar,2024-06-13T19:00,2024,30.3,79,22.2,0.0,34.6,995.7,26.3,ERA5_Reanalysis_ECMWF
Bhubaneswar,2024-06-13T20:00,2024,29.8,83,22.5,0.0,34.2,995.9,26.5,ERA5_Reanalysis_ECMWF
Bhubaneswar,2024-06-13T21:00,2024,29.6,83,23.0,0.0,33.8,996.6,26.3,ERA5_Reanalysis_ECMWF
Bhubaneswar,2024-06-13T22:00,2024,29.3,84,22.5,0.0,33.6,996.9,26.3,ERA5_Reanalysis_ECMWF
Bhubaneswar,2024-06-13T23:00,2024,29.3,82,21.3,0.0,33.4,996.3,25.8,ERA5_Reanalysis_ECMWF
Bhubaneswar,2024-06-14T00:00,2024,29.0,82,20.9,0.0,33.1,995.6,25.7,ERA5_Reanalysis_ECMWF
Bhubaneswar,2024-06-14T01:00,2024,28.8,83,20.0,0.0,33.0,994.9,25.6,ERA5_Reanalysis_ECMWF
Bhubaneswar,2024-06-14T02:00,2024,28.6,85,18.5,0.0,33.1,994.6,25.7,ERA5_Reanalysis_ECMWF
Bhubaneswar,2024-06-14T03:00,2024,28.4,85,18.2,0.0,33.0,994.4,25.7,ERA5_Reanalysis_ECMWF
Bhubaneswar,2024-06-14T04:00,2024,28.5,85,16.3,0.0,33.3,994.7,25.8,ERA5_Reanalysis_ECMWF
Bhubaneswar,2024-06-14T05:00,2024,28.6,84,14.8,3.0,33.6,995.7,25.7,ERA5_Reanalysis_ECMWF
Bhubaneswar,2024-06-14T06:00,2024,29.7,78,6.6,82.0,35.7,995.6,25.5,ERA5_Reanalysis_ECMWF
Bhubaneswar,2024-06-14T07:00,2024,31.1,72,13.0,197.0,36.3,996.6,25.6,ERA5_Reanalysis_ECMWF
Bhubaneswar,2024-06-14T08:00,2024,32.7,66,9.1,373.0,38.4,997.4,25.4,ERA5_Reanalysis_ECMWF
Bhubaneswar,2024-06-14T09:00,2024,34.3,58,11.8,507.0,39.2,997.2,24.9,ERA5_Reanalysis_ECMWF
Bhubaneswar,2024-06-14T10:00,2024,35.4,53,11.3,558.0,40.0,997.0,24.2,ERA5_Reanalysis_ECMWF
Bhubaneswar,2024-06-14T11:00,2024,36.1,50,12.0,610.0,40.8,996.1,24.1,ERA5_Reanalysis_ECMWF
Bhubaneswar,2024-06-14T12:00,2024,37.5,46,14.0,843.0,43.0,995.2,24.0,ERA5_Reanalysis_ECMWF
Bhubaneswar,2024-06-14T13:00,2024,38.2,44,16.0,791.0,43.0,994.2,23.8,ERA5_Reanalysis_ECMWF
Bhubaneswar,2024-06-14T14:00,2024,38.2,44,16.4,687.0,42.3,993.3,23.7,ERA5_Reanalysis_ECMWF
Bhubaneswar,2024-06-14T15:00,2024,37.8,45,14.5,568.0,41.6,993.2,23.7,ERA5_Reanalysis_ECMWF
Bhubaneswar,2024-06-14T16:00,2024,37.8,44,12.9,388.0,41.6,993.0,23.5,ERA5_Reanalysis_ECMWF
Bhubaneswar,2024-06-14T17:00,2024,36.1,52,16.4,164.0,40.1,993.1,24.6,ERA5_Reanalysis_ECMWF
Bhubaneswar,2024-06-14T18:00,2024,31.9,68,20.7,13.0,35.8,994.9,25.3,ERA5_Reanalysis_ECMWF
Bhubaneswar,2024-06-14T19:00,2024,31.3,71,21.1,0.0,35.2,995.8,25.4,ERA5_Reanalysis_ECMWF
Bhubaneswar,2024-06-14T20:00,2024,30.9,73,19.4,0.0,35.1,996.1,25.5,ERA5_Reanalysis_ECMWF
Bhubaneswar,2024-06-14T21:00,2024,30.5,76,19.2,0.0,34.9,996.6,25.7,ERA5_Reanalysis_ECMWF
Bhubaneswar,2024-06-14T22:00,2024,30.5,74,19.0,0.0,34.6,997.0,25.3,ERA5_Reanalysis_ECMWF
Bhubaneswar,2024-06-14T23:00,2024,30.3,75,18.5,0.0,34.5,996.6,25.3,ERA5_Reanalysis_ECMWF
Bhubaneswar,2024-06-15T00:00,2024,30.2,76,17.8,0.0,34.5,995.7,25.4,ERA5_Reanalysis_ECMWF
Bhubaneswar,2024-06-15T01:00,2024,30.0,77,14.7,0.0,34.8,995.0,25.5,ERA5_Reanalysis_ECMWF
Bhubaneswar,2024-06-15T02:00,2024,29.5,80,13.2,0.0,34.7,994.9,25.7,ERA5_Reanalysis_ECMWF
Bhubaneswar,2024-06-15T03:00,2024,29.1,83,11.6,0.0,34.7,995.0,25.9,ERA5_Reanalysis_ECMWF
Bhubaneswar,2024-06-15T04:00,2024,28.9,84,11.0,0.0,34.6,995.1,26.0,ERA5_Reanalysis_ECMWF
Bhubaneswar,2024-06-15T05:00,2024,28.8,86,12.1,4.0,34.5,995.8,26.2,ERA5_Reanalysis_ECMWF
Bhubaneswar,2024-06-15T06:00,2024,30.0,82,9.3,92.0,36.4,995.8,26.6,ERA5_Reanalysis_ECMWF
Bhubaneswar,2024-06-15T07:00,2024,31.9,76,10.5,275.0,38.4,996.3,27.0,ERA5_Reanalysis_ECMWF
Bhubaneswar,2024-06-15T08:00,2024,33.9,65,9.1,474.0,40.3,996.2,26.5,ERA5_Reanalysis_ECMWF
Bhubaneswar,2024-06-15T09:00,2024,35.6,58,6.6,650.0,42.6,996.1,26.0,ERA5_Reanalysis_ECMWF
Bhubaneswar,2024-06-15T10:00,2024,37.0,53,8.2,785.0,44.5,995.8,25.9,ERA5_Reanalysis_ECMWF
Bhubaneswar,2024-06-15T11:00,2024,38.3,49,9.2,877.0,46.2,995.2,25.9,ERA5_Reanalysis_ECMWF
Bhubaneswar,2024-06-15T12:00,2024,39.3,47,8.5,899.0,47.3,993.9,25.7,ERA5_Reanalysis_ECMWF
Bhubaneswar,2024-06-15T13:00,2024,39.7,44,11.6,839.0,46.5,992.9,25.3,ERA5_Reanalysis_ECMWF
Bhubaneswar,2024-06-15T14:00,2024,38.8,47,17.9,716.0,44.0,992.2,25.4,ERA5_Reanalysis_ECMWF
Bhubaneswar,2024-06-15T15:00,2024,37.2,52,22.3,529.0,41.0,992.1,25.6,ERA5_Reanalysis_ECMWF
Bhubaneswar,2024-06-15T16:00,2024,36.1,53,22.7,393.0,39.5,992.5,25.1,ERA5_Reanalysis_ECMWF
Bhubaneswar,2024-06-15T17:00,2024,33.7,59,22.4,189.0,36.9,993.8,24.6,ERA5_Reanalysis_ECMWF
Bhubaneswar,2024-06-15T18:00,2024,32.9,68,17.7,38.0,37.8,993.6,26.2,ERA5_Reanalysis_ECMWF
Bhubaneswar,2024-06-15T19:00,2024,31.9,71,18.9,0.0,36.4,994.9,25.9,ERA5_Reanalysis_ECMWF
Bhubaneswar,2024-06-15T20:00,2024,30.9,78,17.0,0.0,36.2,995.7,26.6,ERA5_Reanalysis_ECMWF
Bhubaneswar,2024-06-15T21:00,2024,30.6,79,16.3,0.0,36.0,996.0,26.6,ERA5_Reanalysis_ECMWF
Bhubaneswar,2024-06-15T22:00,2024,30.4,79,15.3,0.0,35.8,996.3,26.4,ERA5_Reanalysis_ECMWF
Bhubaneswar,2024-06-15T23:00,2024,30.1,80,14.0,0.0,35.6,995.9,26.3,ERA5_Reanalysis_ECMWF
Bhubaneswar,2024-06-16T00:00,2024,29.7,81,11.2,0.0,35.5,996.1,26.1,ERA5_Reanalysis_ECMWF
Bhubaneswar,2024-06-16T01:00,2024,28.7,87,11.0,0.0,34.6,996.3,26.2,ERA5_Reanalysis_ECMWF
Bhubaneswar,2024-06-16T02:00,2024,28.2,89,13.2,0.0,33.8,996.6,26.2,ERA5_Reanalysis_ECMWF
Bhubaneswar,2024-06-16T03:00,2024,28.2,88,7.1,0.0,34.4,996.2,25.9,ERA5_Reanalysis_ECMWF
Bhubaneswar,2024-06-16T04:00,2024,27.9,89,6.4,0.0,34.3,996.4,26.0,ERA5_Reanalysis_ECMWF
Bhubaneswar,2024-06-16T05:00,2024,28.0,89,6.6,4.0,34.4,996.9,26.0,ERA5_Reanalysis_ECMWF
Bhubaneswar,2024-06-16T06:00,2024,29.1,80,13.0,88.0,34.0,997.6,25.2,ERA5_Reanalysis_ECMWF
Bhubaneswar,2024-06-16T07:00,2024,30.5,72,9.4,250.0,35.7,998.7,24.8,ERA5_Reanalysis_ECMWF
Bhubaneswar,2024-06-16T08:00,2024,28.2,84,7.4,338.0,33.9,1000.4,25.2,ERA5_Reanalysis_ECMWF
Bhubaneswar,2024-06-16T09:00,2024,27.7,91,10.0,98.0,33.7,999.2,26.1,ERA5_Reanalysis_ECMWF
Bhubaneswar,2024-06-16T10:00,2024,31.9,72,9.1,740.0,39.2,998.7,26.2,ERA5_Reanalysis_ECMWF
Bhubaneswar,2024-06-16T11:00,2024,34.1,63,12.1,810.0,41.2,997.7,26.1,ERA5_Reanalysis_ECMWF
Bhubaneswar,2024-06-16T12:00,2024,35.6,59,14.0,892.0,42.9,996.8,26.2,ERA5_Reanalysis_ECMWF
Bhubaneswar,2024-06-16T13:00,2024,36.5,54,13.1,850.0,43.5,995.9,25.8,ERA5_Reanalysis_ECMWF
Bhubaneswar,2024-06-16T14:00,2024,36.9,52,11.8,745.0,43.2,994.8,25.4,ERA5_Reanalysis_ECMWF
Bhubaneswar,2024-06-16T15:00,2024,37.1,50,10.2,581.0,42.5,994.3,25.0,ERA5_Reanalysis_ECMWF
Bhubaneswar,2024-06-16T16:00,2024,37.2,48,7.2,383.0,42.5,994.0,24.4,ERA5_Reanalysis_ECMWF
Bhubaneswar,2024-06-16T17:00,2024,34.7,61,15.2,189.0,40.0,994.2,26.2,ERA5_Reanalysis_ECMWF
Bhubaneswar,2024-06-16T18:00,2024,34.2,60,13.0,36.0,39.2,995.7,25.4,ERA5_Reanalysis_ECMWF
Bhubaneswar,2024-06-16T19:00,2024,30.8,75,16.7,0.0,35.6,996.5,25.8,ERA5_Reanalysis_ECMWF
Bhubaneswar,2024-06-16T20:00,2024,30.4,80,15.1,0.0,36.0,997.0,26.6,ERA5_Reanalysis_ECMWF
Bhubaneswar,2024-06-16T21:00,2024,30.1,82,14.0,0.0,35.9,997.7,26.6,ERA5_Reanalysis_ECMWF
Bhubaneswar,2024-06-16T22:00,2024,30.0,81,13.5,0.0,35.6,998.0,26.4,ERA5_Reanalysis_ECMWF
Bhubaneswar,2024-06-16T23:00,2024,29.7,83,13.5,0.0,35.4,997.9,26.4,ERA5_Reanalysis_ECMWF
Bhubaneswar,2024-06-17T00:00,2024,29.6,82,14.4,0.0,35.1,997.7,26.3,ERA5_Reanalysis_ECMWF
Bhubaneswar,2024-06-17T01:00,2024,29.6,82,13.8,0.0,35.1,997.5,26.2,ERA5_Reanalysis_ECMWF
Bhubaneswar,2024-06-17T02:00,2024,29.4,82,13.0,0.0,34.9,997.2,26.1,ERA5_Reanalysis_ECMWF
Bhubaneswar,2024-06-17T03:00,2024,29.2,83,14.1,0.0,34.5,997.1,26.0,ERA5_Reanalysis_ECMWF
Bhubaneswar,2024-06-17T04:00,2024,29.1,83,13.6,0.0,34.4,997.3,25.9,ERA5_Reanalysis_ECMWF
Bhubaneswar,2024-06-17T05:00,2024,29.0,78,13.1,4.0,33.5,997.6,24.7,ERA5_Reanalysis_ECMWF
Bhubaneswar,2024-06-17T06:00,2024,30.4,81,16.3,86.0,36.0,998.0,26.8,ERA5_Reanalysis_ECMWF
Bhubaneswar,2024-06-17T07:00,2024,32.0,78,17.9,263.0,37.9,998.6,27.7,ERA5_Reanalysis_ECMWF
Bhubaneswar,2024-06-17T08:00,2024,33.7,70,20.7,434.0,39.0,998.8,27.4,ERA5_Reanalysis_ECMWF
Bhubaneswar,2024-06-17T09:00,2024,34.5,65,21.6,537.0,39.3,998.8,26.9,ERA5_Reanalysis_ECMWF
Bhubaneswar,2024-06-17T10:00,2024,36.2,57,17.1,729.0,42.3,998.2,26.4,ERA5_Reanalysis_ECMWF
Bhubaneswar,2024-06-17T11:00,2024,37.4,52,14.3,811.0,43.8,997.5,25.7,ERA5_Reanalysis_ECMWF
Bhubaneswar,2024-06-17T12:00,2024,31.2,77,26.7,842.0,36.5,998.7,26.8,ERA5_Reanalysis_ECMWF
Bhubaneswar,2024-06-17T13:00,2024,30.2,87,11.4,247.0,37.2,997.8,27.8,ERA5_Reanalysis_ECMWF
Bhubaneswar,2024-06-17T14:00,2024,29.8,87,4.4,5.0,37.6,996.8,27.5,ERA5_Reanalysis_ECMWF
Bhubaneswar,2024-06-17T15:00,2024,30.5,80,1.3,192.0,38.2,996.2,26.7,ERA5_Reanalysis_ECMWF
Bhubaneswar,2024-06-17T16:00,2024,31.2,75,1.1,193.0,38.6,996.1,26.3,ERA5_Reanalysis_ECMWF
Bhubaneswar,2024-06-17T17:00,2024,31.1,76,6.5,88.0,37.8,995.9,26.4,ERA5_Reanalysis_ECMWF
Bhubaneswar,2024-06-17T18:00,2024,32.3,66,3.8,29.0,38.5,995.7,25.1,ERA5_Reanalysis_ECMWF
Bhubaneswar,2024-06-17T19:00,2024,32.1,66,15.0,0.0,36.5,996.5,24.8,ERA5_Reanalysis_ECMWF
Bhubaneswar,2024-06-17T20:00,2024,30.9,75,19.7,0.0,35.3,997.4,25.9,ERA5_Reanalysis_ECMWF
Bhubaneswar,2024-06-17T21:00,2024,30.2,82,20.2,0.0,35.1,998.0,26.8,ERA5_Reanalysis_ECMWF
Bhubaneswar,2024-06-17T22:00,2024,29.9,83,19.1,0.0,35.0,998.6,26.7,ERA5_Reanalysis_ECMWF
Bhubaneswar,2024-06-17T23:00,2024,29.5,87,20.0,0.0,34.7,998.2,27.1,ERA5_Reanalysis_ECMWF
Bhubaneswar,2024-06-18T00:00,2024,29.4,86,20.9,0.0,34.3,997.6,26.8,ERA5_Reanalysis_ECMWF
Bhubaneswar,2024-06-18T01:00,2024,29.2,86,21.6,0.0,33.9,997.1,26.6,ERA5_Reanalysis_ECMWF
Bhubaneswar,2024-06-18T02:00,2024,29.2,85,22.1,0.0,33.6,996.7,26.4,ERA5_Reanalysis_ECMWF
Bhubaneswar,2024-06-18T03:00,2024,29.1,85,21.9,0.0,33.5,996.2,26.3,ERA5_Reanalysis_ECMWF
Bhubaneswar,2024-06-18T04:00,2024,29.0,86,21.4,0.0,33.5,996.5,26.4,ERA5_Reanalysis_ECMWF
Bhubaneswar,2024-06-18T05:00,2024,29.0,86,19.9,4.0,33.9,996.8,26.5,ERA5_Reanalysis_ECMWF
Bhubaneswar,2024-06-18T06:00,2024,29.9,84,26.1,79.0,34.1,997.6,26.9,ERA5_Reanalysis_ECMWF
Bhubaneswar,2024-06-18T07:00,2024,30.3,80,7.9,183.0,36.8,996.4,26.4,ERA5_Reanalysis_ECMWF
Bhubaneswar,2024-06-18T08:00,2024,31.6,75,6.1,270.0,38.5,997.3,26.6,ERA5_Reanalysis_ECMWF
Bhubaneswar,2024-06-18T09:00,2024,33.1,69,5.9,569.0,40.3,997.8,26.8,ERA5_Reanalysis_ECMWF
Bhubaneswar,2024-06-18T10:00,2024,30.7,77,2.7,478.0,37.9,998.3,26.3,ERA5_Reanalysis_ECMWF
Bhubaneswar,2024-06-18T11:00,2024,30.4,81,9.4,83.0,37.0,997.1,26.8,ERA5_Reanalysis_ECMWF
Bhubaneswar,2024-06-18T12:00,2024,32.0,78,9.6,316.0,39.3,996.2,27.8,ERA5_Reanalysis_ECMWF
Bhubaneswar,2024-06-18T13:00,2024,34.8,64,11.7,586.0,41.3,995.4,26.9,ERA5_Reanalysis_ECMWF
Bhubaneswar,2024-06-18T14:00,2024,36.0,58,10.2,525.0,42.2,995.0,26.4,ERA5_Reanalysis_ECMWF
Bhubaneswar,2024-06-18T15:00,2024,36.0,57,12.4,405.0,41.6,994.0,26.1,ERA5_Reanalysis_ECMWF
Bhubaneswar,2024-06-18T16:00,2024,34.9,62,15.1,260.0,40.5,993.0,26.7,ERA5_Reanalysis_ECMWF
Bhubaneswar,2024-06-18T17:00,2024,33.1,71,17.3,129.0,38.7,993.1,27.1,ERA5_Reanalysis_ECMWF
Bhubaneswar,2024-06-18T18:00,2024,30.9,75,15.2,31.0,35.9,995.1,25.8,ERA5_Reanalysis_ECMWF
Bhubaneswar,2024-06-18T19:00,2024,30.4,76,15.9,0.0,35.1,995.7,25.6,ERA5_Reanalysis_ECMWF
Bhubaneswar,2024-06-18T20:00,2024,29.9,81,17.3,0.0,34.9,996.1,26.3,ERA5_Reanalysis_ECMWF
Bhubaneswar,2024-06-18T21:00,2024,29.6,85,20.1,0.0,34.6,996.5,26.8,ERA5_Reanalysis_ECMWF
Bhubaneswar,2024-06-18T22:00,2024,29.5,84,20.8,0.0,34.3,996.6,26.6,ERA5_Reanalysis_ECMWF
Bhubaneswar,2024-06-18T23:00,2024,29.4,83,21.6,0.0,33.8,996.2,26.3,ERA5_Reanalysis_ECMWF
Bhubaneswar,2024-06-19T00:00,2024,29.3,84,23.0,0.0,33.4,996.1,26.2,ERA5_Reanalysis_ECMWF
Bhubaneswar,2024-06-19T01:00,2024,29.1,85,23.8,0.0,33.3,995.8,26.4,ERA5_Reanalysis_ECMWF
Bhubaneswar,2024-06-19T02:00,2024,29.0,86,22.3,0.0,33.4,995.1,26.4,ERA5_Reanalysis_ECMWF
Bhubaneswar,2024-06-19T03:00,2024,28.8,86,18.5,0.0,33.6,994.4,26.2,ERA5_Reanalysis_ECMWF
Bhubaneswar,2024-06-19T04:00,2024,28.6,86,11.9,0.0,34.2,994.3,26.0,ERA5_Reanalysis_ECMWF
Bhubaneswar,2024-06-19T05:00,2024,28.5,87,10.5,4.0,34.4,994.8,26.1,ERA5_Reanalysis_ECMWF
Bhubaneswar,2024-06-19T06:00,2024,29.1,86,15.8,82.0,34.6,995.5,26.6,ERA5_Reanalysis_ECMWF
Bhubaneswar,2024-06-19T07:00,2024,30.7,80,12.4,249.0,36.9,996.0,26.9,ERA5_Reanalysis_ECMWF
Bhubaneswar,2024-06-19T08:00,2024,32.2,73,14.9,385.0,37.9,996.4,26.7,ERA5_Reanalysis_ECMWF
Bhubaneswar,2024-06-19T09:00,2024,33.1,67,12.0,503.0,38.8,996.2,26.2,ERA5_Reanalysis_ECMWF
Bhubaneswar,2024-06-19T10:00,2024,34.5,61,10.7,668.0,40.9,996.2,25.9,ERA5_Reanalysis_ECMWF
Bhubaneswar,2024-06-19T11:00,2024,35.7,57,8.7,815.0,43.3,995.6,25.9,ERA5_Reanalysis_ECMWF
Bhubaneswar,2024-06-19T12:00,2024,36.6,54,9.2,820.0,44.1,994.7,25.9,ERA5_Reanalysis_ECMWF
Bhubaneswar,2024-06-19T13:00,2024,37.0,52,9.5,790.0,44.0,993.6,25.5,ERA5_Reanalysis_ECMWF
Bhubaneswar,2024-06-19T14:00,2024,37.1,51,7.0,674.0,43.7,992.4,25.2,ERA5_Reanalysis_ECMWF
Bhubaneswar,2024-06-19T15:00,2024,37.6,49,6.2,499.0,43.3,991.9,24.9,ERA5_Reanalysis_ECMWF
Bhubaneswar,2024-06-19T16:00,2024,34.7,59,10.8,305.0,40.2,992.2,25.6,ERA5_Reanalysis_ECMWF
Bhubaneswar,2024-06-19T17:00,2024,33.1,65,16.6,110.0,37.8,992.9,25.6,ERA5_Reanalysis_ECMWF
Bhubaneswar,2024-06-19T18:00,2024,32.4,68,17.3,31.0,37.0,992.9,25.7,ERA5_Reanalysis_ECMWF
Bhubaneswar,2024-06-19T19:00,2024,31.4,72,17.6,0.0,36.0,993.6,25.7,ERA5_Reanalysis_ECMWF
Bhubaneswar,2024-06-19T20:00,2024,30.6,77,18.0,0.0,35.3,994.3,26.0,ERA5_Reanalysis_ECMWF
Bhubaneswar,2024-06-19T21:00,2024,30.2,79,17.0,0.0,35.2,994.6,26.1,ERA5_Reanalysis_ECMWF
Bhubaneswar,2024-06-19T22:00,2024,29.9,80,15.0,0.0,35.2,995.0,26.2,ERA5_Reanalysis_ECMWF
Bhubaneswar,2024-06-19T23:00,2024,29.7,82,14.0,0.0,35.2,994.7,26.3,ERA5_Reanalysis_ECMWF
Bhubaneswar,2024-06-20T00:00,2024,29.6,82,14.8,0.0,35.0,994.4,26.3,ERA5_Reanalysis_ECMWF
Bhubaneswar,2024-06-20T01:00,2024,29.5,83,14.2,0.0,35.0,994.3,26.3,ERA5_Reanalysis_ECMWF
Bhubaneswar,2024-06-20T02:00,2024,29.3,84,15.8,0.0,34.6,994.1,26.4,ERA5_Reanalysis_ECMWF
Bhubaneswar,2024-06-20T03:00,2024,29.1,86,16.0,0.0,34.5,993.8,26.6,ERA5_Reanalysis_ECMWF
Bhubaneswar,2024-06-20T04:00,2024,28.8,89,13.8,0.0,34.7,993.9,26.8,ERA5_Reanalysis_ECMWF
Bhubaneswar,2024-06-20T05:00,2024,28.6,91,11.1,4.0,35.1,994.5,27.0,ERA5_Reanalysis_ECMWF
Bhubaneswar,2024-06-20T06:00,2024,29.3,88,16.8,82.0,35.0,995.5,27.1,ERA5_Reanalysis_ECMWF
Bhubaneswar,2024-06-20T07:00,2024,28.4,92,13.9,128.0,34.3,996.2,26.9,ERA5_Reanalysis_ECMWF
Bhubaneswar,2024-06-20T08:00,2024,29.3,83,15.5,303.0,34.6,997.0,26.2,ERA5_Reanalysis_ECMWF
Bhubaneswar,2024-06-20T09:00,2024,30.3,76,11.9,411.0,35.8,997.2,25.7,ERA5_Reanalysis_ECMWF
Bhubaneswar,2024-06-20T10:00,2024,32.2,68,9.2,574.0,38.2,996.7,25.7,ERA5_Reanalysis_ECMWF
Bhubaneswar,2024-06-20T11:00,2024,33.8,61,7.2,667.0,40.2,996.3,25.2,ERA5_Reanalysis_ECMWF
Bhubaneswar,2024-06-20T12:00,2024,35.1,55,7.2,772.0,41.9,994.9,24.6,ERA5_Reanalysis_ECMWF
Bhubaneswar,2024-06-20T13:00,2024,35.8,54,7.1,806.0,43.1,994.5,25.1,ERA5_Reanalysis_ECMWF
Bhubaneswar,2024-06-20T14:00,2024,35.6,56,7.3,630.0,42.0,994.1,25.5,ERA5_Reanalysis_ECMWF
Bhubaneswar,2024-06-20T15:00,2024,35.6,55,6.4,534.0,41.5,993.6,25.3,ERA5_Reanalysis_ECMWF
Bhubaneswar,2024-06-20T16:00,2024,32.5,66,3.1,285.0,39.0,993.7,25.4,ERA5_Reanalysis_ECMWF
Bhubaneswar,2024-06-20T17:00,2024,30.3,76,11.3,146.0,35.8,993.8,25.7,ERA5_Reanalysis_ECMWF
Bhubaneswar,2024-06-20T18:00,2024,32.0,68,15.4,35.0,36.7,994.0,25.3,ERA5_Reanalysis_ECMWF
Bhubaneswar,2024-06-20T19:00,2024,31.4,70,13.0,0.0,36.3,995.2,25.2,ERA5_Reanalysis_ECMWF
Bhubaneswar,2024-06-20T20:00,2024,30.9,73,11.3,0.0,36.3,995.9,25.5,ERA5_Reanalysis_ECMWF
Bhubaneswar,2024-06-20T21:00,2024,30.2,79,9.0,0.0,36.4,996.7,26.2,ERA5_Reanalysis_ECMWF
Bhubaneswar,2024-06-20T22:00,2024,29.9,83,9.2,0.0,36.3,997.0,26.6,ERA5_Reanalysis_ECMWF
Bhubaneswar,2024-06-20T23:00,2024,29.5,82,7.2,0.0,35.9,996.7,26.0,ERA5_Reanalysis_ECMWF
Bhubaneswar,2024-06-21T00:00,2024,29.2,78,8.1,0.0,34.7,996.0,25.0,ERA5_Reanalysis_ECMWF
Bhubaneswar,2024-06-21T01:00,2024,28.8,79,6.6,0.0,34.4,995.5,24.7,ERA5_Reanalysis_ECMWF
Bhubaneswar,2024-06-21T02:00,2024,28.7,80,4.6,0.0,34.6,995.2,24.8,ERA5_Reanalysis_ECMWF
Bhubaneswar,2024-06-21T03:00,2024,28.4,82,5.7,0.0,34.2,995.0,25.0,ERA5_Reanalysis_ECMWF
Bhubaneswar,2024-06-21T04:00,2024,28.1,85,6.8,0.0,34.0,995.0,25.3,ERA5_Reanalysis_ECMWF
Bhubaneswar,2024-06-21T05:00,2024,27.9,88,5.8,2.0,34.3,995.5,25.7,ERA5_Reanalysis_ECMWF
Bhubaneswar,2024-06-21T06:00,2024,27.2,93,5.5,90.0,33.7,995.9,25.9,ERA5_Reanalysis_ECMWF
Bhubaneswar,2024-06-21T07:00,2024,28.7,84,9.2,265.0,34.4,996.7,25.6,ERA5_Reanalysis_ECMWF
Bhubaneswar,2024-06-21T08:00,2024,30.1,76,8.4,411.0,35.8,997.3,25.4,ERA5_Reanalysis_ECMWF
Bhubaneswar,2024-06-21T09:00,2024,31.6,69,6.4,600.0,37.9,997.4,25.3,ERA5_Reanalysis_ECMWF
Bhubaneswar,2024-06-21T10:00,2024,32.4,67,6.3,624.0,39.0,997.0,25.5,ERA5_Reanalysis_ECMWF
Bhubaneswar,2024-06-21T11:00,2024,33.6,62,5.8,847.0,41.6,996.1,25.4,ERA5_Reanalysis_ECMWF
Bhubaneswar,2024-06-21T12:00,2024,34.5,58,8.0,881.0,42.1,995.1,25.1,ERA5_Reanalysis_ECMWF
Bhubaneswar,2024-06-21T13:00,2024,34.7,55,5.8,641.0,40.7,994.0,24.4,ERA5_Reanalysis_ECMWF
Bhubaneswar,2024-06-21T14:00,2024,28.6,85,6.1,391.0,34.9,994.9,25.8,ERA5_Reanalysis_ECMWF
Bhubaneswar,2024-06-21T15:00,2024,28.7,82,4.7,290.0,35.0,995.0,25.4,ERA5_Reanalysis_ECMWF
Bhubaneswar,2024-06-21T16:00,2024,28.1,85,7.5,190.0,33.9,994.1,25.4,ERA5_Reanalysis_ECMWF
Bhubaneswar,2024-06-21T17:00,2024,28.3,87,4.0,135.0,35.0,994.7,25.9,ERA5_Reanalysis_ECMWF
Bhubaneswar,2024-06-21T18:00,2024,27.7,83,10.5,16.0,32.6,995.0,24.5,ERA5_Reanalysis_ECMWF
Bhubaneswar,2024-06-21T19:00,2024,27.5,87,6.9,0.0,33.2,995.5,25.0,ERA5_Reanalysis_ECMWF
Bhubaneswar,2024-06-21T20:00,2024,27.3,90,8.4,0.0,33.1,995.9,25.6,ERA5_Reanalysis_ECMWF
Bhubaneswar,2024-06-21T21:00,2024,27.3,92,8.2,0.0,33.4,996.4,25.9,ERA5_Reanalysis_ECMWF
Bhubaneswar,2024-06-21T22:00,2024,27.2,93,5.5,0.0,33.8,996.9,26.1,ERA5_Reanalysis_ECMWF
Bhubaneswar,2024-06-21T23:00,2024,27.2,94,3.6,0.0,34.1,996.7,26.2,ERA5_Reanalysis_ECMWF
Bhubaneswar,2024-06-22T00:00,2024,27.0,95,1.1,0.0,34.3,995.7,26.1,ERA5_Reanalysis_ECMWF
Bhubaneswar,2024-06-22T01:00,2024,26.6,98,1.8,0.0,33.8,994.7,26.2,ERA5_Reanalysis_ECMWF
Bhubaneswar,2024-06-22T02:00,2024,26.5,98,4.6,0.0,33.3,994.9,26.1,ERA5_Reanalysis_ECMWF
Bhubaneswar,2024-06-22T03:00,2024,26.5,94,3.8,0.0,32.9,994.2,25.5,ERA5_Reanalysis_ECMWF
Bhubaneswar,2024-06-22T04:00,2024,26.3,94,5.7,0.0,32.4,994.5,25.3,ERA5_Reanalysis_ECMWF
Bhubaneswar,2024-06-22T05:00,2024,26.2,95,1.5,2.0,32.9,994.8,25.3,ERA5_Reanalysis_ECMWF
Bhubaneswar,2024-06-22T06:00,2024,27.5,86,3.4,82.0,33.6,995.4,24.9,ERA5_Reanalysis_ECMWF
Bhubaneswar,2024-06-22T07:00,2024,28.6,82,5.0,211.0,34.7,995.5,25.2,ERA5_Reanalysis_ECMWF
Bhubaneswar,2024-06-22T08:00,2024,30.1,77,8.3,402.0,36.0,996.0,25.6,ERA5_Reanalysis_ECMWF
Bhubaneswar,2024-06-22T09:00,2024,31.4,72,9.4,587.0,37.4,996.2,25.7,ERA5_Reanalysis_ECMWF
Bhubaneswar,2024-06-22T10:00,2024,32.4,65,12.0,670.0,37.9,995.9,24.9,ERA5_Reanalysis_ECMWF
Bhubaneswar,2024-06-22T11:00,2024,29.2,79,10.2,480.0,34.4,995.9,25.1,ERA5_Reanalysis_ECMWF
Bhubaneswar,2024-06-22T12:00,2024,31.6,70,7.9,614.0,37.7,994.8,25.3,ERA5_Reanalysis_ECMWF
Bhubaneswar,2024-06-22T13:00,2024,33.2,64,8.6,803.0,40.4,993.9,25.4,ERA5_Reanalysis_ECMWF
Bhubaneswar,2024-06-22T14:00,2024,33.5,62,10.4,677.0,39.6,992.7,25.3,ERA5_Reanalysis_ECMWF
Bhubaneswar,2024-06-22T15:00,2024,32.9,63,14.6,480.0,37.5,991.8,25.0,ERA5_Reanalysis_ECMWF
Bhubaneswar,2024-06-22T16:00,2024,31.1,70,13.4,291.0,35.9,992.2,25.1,ERA5_Reanalysis_ECMWF
Bhubaneswar,2024-06-22T17:00,2024,30.9,70,13.7,177.0,35.5,992.9,24.8,ERA5_Reanalysis_ECMWF
Bhubaneswar,2024-06-22T18:00,2024,29.4,77,15.2,34.0,33.8,994.4,24.9,ERA5_Reanalysis_ECMWF
Bhubaneswar,2024-06-22T19:00,2024,28.6,81,10.8,0.0,33.8,994.8,25.0,ERA5_Reanalysis_ECMWF
Bhubaneswar,2024-06-22T20:00,2024,28.4,82,10.2,0.0,33.6,996.0,25.1,ERA5_Reanalysis_ECMWF
Bhubaneswar,2024-06-22T21:00,2024,28.2,84,11.0,0.0,33.5,996.5,25.3,ERA5_Reanalysis_ECMWF
Bhubaneswar,2024-06-22T22:00,2024,28.0,86,9.2,0.0,33.6,996.9,25.4,ERA5_Reanalysis_ECMWF
Bhubaneswar,2024-06-22T23:00,2024,27.9,86,8.7,0.0,33.6,996.6,25.4,ERA5_Reanalysis_ECMWF
Bhubaneswar,2024-06-23T00:00,2024,27.8,87,8.8,0.0,33.5,996.3,25.5,ERA5_Reanalysis_ECMWF
Bhubaneswar,2024-06-23T01:00,2024,27.6,89,9.3,0.0,33.4,995.9,25.6,ERA5_Reanalysis_ECMWF
Bhubaneswar,2024-06-23T02:00,2024,27.5,89,10.2,0.0,33.1,995.2,25.6,ERA5_Reanalysis_ECMWF
Bhubaneswar,2024-06-23T03:00,2024,27.2,90,8.9,0.0,33.0,995.0,25.5,ERA5_Reanalysis_ECMWF
Bhubaneswar,2024-06-23T04:00,2024,27.1,92,8.0,0.0,33.0,995.3,25.6,ERA5_Reanalysis_ECMWF
Bhubaneswar,2024-06-23T05:00,2024,27.1,92,6.9,3.0,33.2,996.0,25.7,ERA5_Reanalysis_ECMWF
Bhubaneswar,2024-06-23T06:00,2024,28.8,86,6.2,85.0,35.4,996.5,26.2,ERA5_Reanalysis_ECMWF
Bhubaneswar,2024-06-23T07:00,2024,30.2,78,11.2,259.0,36.0,996.8,26.0,ERA5_Reanalysis_ECMWF
Bhubaneswar,2024-06-23T08:00,2024,31.1,74,13.0,413.0,36.5,997.0,25.9,ERA5_Reanalysis_ECMWF
Bhubaneswar,2024-06-23T09:00,2024,31.9,70,15.1,523.0,36.9,997.2,25.8,ERA5_Reanalysis_ECMWF
Bhubaneswar,2024-06-23T10:00,2024,32.5,67,15.2,596.0,37.6,997.0,25.7,ERA5_Reanalysis_ECMWF
Bhubaneswar,2024-06-23T11:00,2024,33.3,65,16.3,694.0,38.8,996.6,25.7,ERA5_Reanalysis_ECMWF
Bhubaneswar,2024-06-23T12:00,2024,33.4,64,16.0,759.0,39.2,995.7,25.6,ERA5_Reanalysis_ECMWF
Bhubaneswar,2024-06-23T13:00,2024,33.5,63,17.8,691.0,38.5,994.3,25.4,ERA5_Reanalysis_ECMWF
Bhubaneswar,2024-06-23T14:00,2024,33.9,59,17.7,681.0,38.5,993.6,24.7,ERA5_Reanalysis_ECMWF
Bhubaneswar,2024-06-23T15:00,2024,33.2,60,21.0,568.0,36.5,993.2,24.5,ERA5_Reanalysis_ECMWF
Bhubaneswar,2024-06-23T16:00,2024,31.9,67,20.3,300.0,35.6,992.8,24.9,ERA5_Reanalysis_ECMWF
Bhubaneswar,2024-06-23T17:00,2024,31.1,71,19.2,152.0,35.1,992.9,25.2,ERA5_Reanalysis_ECMWF
Bhubaneswar,2024-06-23T18:00,2024,29.4,81,16.6,36.0,34.2,993.6,25.7,ERA5_Reanalysis_ECMWF
Bhubaneswar,2024-06-23T19:00,2024,29.0,83,15.5,0.0,34.0,994.3,25.8,ERA5_Reanalysis_ECMWF
Bhubaneswar,2024-06-23T20:00,2024,28.8,85,15.3,0.0,33.9,995.1,25.9,ERA5_Reanalysis_ECMWF
Bhubaneswar,2024-06-23T21:00,2024,28.7,86,15.5,0.0,33.8,995.9,26.1,ERA5_Reanalysis_ECMWF
Bhubaneswar,2024-06-23T22:00,2024,28.5,87,16.6,0.0,33.6,996.6,26.1,ERA5_Reanalysis_ECMWF
Bhubaneswar,2024-06-23T23:00,2024,28.5,87,17.0,0.0,33.4,996.4,26.1,ERA5_Reanalysis_ECMWF
Bhubaneswar,2024-06-24T00:00,2024,28.6,85,16.2,0.0,33.4,996.2,25.8,ERA5_Reanalysis_ECMWF
Bhubaneswar,2024-06-24T01:00,2024,28.5,85,16.2,0.0,33.2,995.9,25.6,ERA5_Reanalysis_ECMWF
Bhubaneswar,2024-06-24T02:00,2024,28.3,85,15.6,0.0,33.2,995.4,25.6,ERA5_Reanalysis_ECMWF
Bhubaneswar,2024-06-24T03:00,2024,28.1,87,14.5,0.0,33.1,995.1,25.6,ERA5_Reanalysis_ECMWF
Bhubaneswar,2024-06-24T04:00,2024,27.9,87,12.7,0.0,33.2,995.4,25.6,ERA5_Reanalysis_ECMWF
Bhubaneswar,2024-06-24T05:00,2024,28.0,87,11.6,3.0,33.4,995.9,25.7,ERA5_Reanalysis_ECMWF
Bhubaneswar,2024-06-24T06:00,2024,28.5,84,17.1,34.0,33.1,996.1,25.6,ERA5_Reanalysis_ECMWF
Bhubaneswar,2024-06-24T07:00,2024,29.5,82,16.3,173.0,34.5,996.4,26.0,ERA5_Reanalysis_ECMWF
Bhubaneswar,2024-06-24T08:00,2024,31.3,74,15.9,462.0,36.4,996.6,26.1,ERA5_Reanalysis_ECMWF
Bhubaneswar,2024-06-24T09:00,2024,32.7,66,16.1,654.0,38.0,996.8,25.6,ERA5_Reanalysis_ECMWF
Bhubaneswar,2024-06-24T10:00,2024,33.7,61,16.3,737.0,39.0,996.1,25.1,ERA5_Reanalysis_ECMWF
Bhubaneswar,2024-06-24T11:00,2024,34.0,59,15.1,784.0,39.7,995.7,24.9,ERA5_Reanalysis_ECMWF
Bhubaneswar,2024-06-24T12:00,2024,34.4,58,13.5,844.0,40.7,995.0,25.0,ERA5_Reanalysis_ECMWF
Bhubaneswar,2024-06-24T13:00,2024,34.5,58,14.8,796.0,40.4,994.0,25.1,ERA5_Reanalysis_ECMWF
Bhubaneswar,2024-06-24T14:00,2024,33.8,58,17.4,632.0,37.9,993.3,24.3,ERA5_Reanalysis_ECMWF
Bhubaneswar,2024-06-24T15:00,2024,33.5,60,16.6,528.0,37.6,992.7,24.8,ERA5_Reanalysis_ECMWF
Bhubaneswar,2024-06-24T16:00,2024,32.5,65,17.7,370.0,36.7,992.6,25.1,ERA5_Reanalysis_ECMWF
Bhubaneswar,2024-06-24T17:00,2024,31.5,69,16.7,182.0,35.9,992.7,25.2,ERA5_Reanalysis_ECMWF
Bhubaneswar,2024-06-24T18:00,2024,30.0,74,16.6,41.0,34.1,993.9,24.8,ERA5_Reanalysis_ECMWF
Bhubaneswar,2024-06-24T19:00,2024,29.3,78,15.5,0.0,33.8,994.6,25.0,ERA5_Reanalysis_ECMWF
Bhubaneswar,2024-06-24T20:00,2024,28.8,81,15.6,0.0,33.5,995.6,25.3,ERA5_Reanalysis_ECMWF
Bhubaneswar,2024-06-24T21:00,2024,28.6,83,15.3,0.0,33.4,996.4,25.5,ERA5_Reanalysis_ECMWF
Bhubaneswar,2024-06-24T22:00,2024,28.5,85,16.7,0.0,33.3,996.7,25.8,ERA5_Reanalysis_ECMWF
Bhubaneswar,2024-06-24T23:00,2024,28.5,87,17.0,0.0,33.4,996.1,26.0,ERA5_Reanalysis_ECMWF
Bhubaneswar,2024-06-25T00:00,2024,28.4,87,16.4,0.0,33.4,995.6,26.0,ERA5_Reanalysis_ECMWF
Bhubaneswar,2024-06-25T01:00,2024,28.2,87,14.7,0.0,33.4,995.1,25.9,ERA5_Reanalysis_ECMWF
Bhubaneswar,2024-06-25T02:00,2024,28.1,87,13.4,0.0,33.4,994.6,25.7,ERA5_Reanalysis_ECMWF
Bhubaneswar,2024-06-25T03:00,2024,28.1,87,11.6,0.0,33.5,994.3,25.6,ERA5_Reanalysis_ECMWF
Bhubaneswar,2024-06-25T04:00,2024,28.0,87,11.5,0.0,33.4,994.5,25.6,ERA5_Reanalysis_ECMWF
Bhubaneswar,2024-06-25T05:00,2024,27.9,87,11.0,3.0,33.4,994.8,25.6,ERA5_Reanalysis_ECMWF
Bhubaneswar,2024-06-25T06:00,2024,29.2,83,13.4,87.0,34.6,995.4,26.0,ERA5_Reanalysis_ECMWF
Bhubaneswar,2024-06-25T07:00,2024,30.4,77,13.6,250.0,35.7,996.0,25.9,ERA5_Reanalysis_ECMWF
Bhubaneswar,2024-06-25T08:00,2024,31.6,71,10.3,445.0,37.1,996.2,25.6,ERA5_Reanalysis_ECMWF
Bhubaneswar,2024-06-25T09:00,2024,32.6,67,8.0,591.0,38.8,996.1,25.6,ERA5_Reanalysis_ECMWF
Bhubaneswar,2024-06-25T10:00,2024,33.6,63,4.8,750.0,41.3,995.6,25.7,ERA5_Reanalysis_ECMWF
Bhubaneswar,2024-06-25T11:00,2024,34.4,60,1.8,863.0,43.4,995.0,25.6,ERA5_Reanalysis_ECMWF
Bhubaneswar,2024-06-25T12:00,2024,35.1,58,0.8,881.0,44.4,994.1,25.7,ERA5_Reanalysis_ECMWF
Bhubaneswar,2024-06-25T13:00,2024,35.5,56,4.3,803.0,43.5,993.1,25.4,ERA5_Reanalysis_ECMWF
Bhubaneswar,2024-06-25T14:00,2024,32.7,68,14.5,620.0,38.3,992.8,26.0,ERA5_Reanalysis_ECMWF
Bhubaneswar,2024-06-25T15:00,2024,32.8,67,12.7,448.0,38.2,992.7,25.8,ERA5_Reanalysis_ECMWF
Bhubaneswar,2024-06-25T16:00,2024,30.0,79,10.5,291.0,35.8,992.9,26.0,ERA5_Reanalysis_ECMWF
Bhubaneswar,2024-06-25T17:00,2024,30.8,76,9.7,187.0,36.7,993.2,26.0,ERA5_Reanalysis_ECMWF
Bhubaneswar,2024-06-25T18:00,2024,29.8,77,10.8,33.0,35.1,993.7,25.3,ERA5_Reanalysis_ECMWF
Bhubaneswar,2024-06-25T19:00,2024,29.2,82,9.1,0.0,35.0,994.6,25.7,ERA5_Reanalysis_ECMWF
Bhubaneswar,2024-06-25T20:00,2024,28.8,84,10.2,0.0,34.6,994.6,25.9,ERA5_Reanalysis_ECMWF
Bhubaneswar,2024-06-25T21:00,2024,28.6,86,10.5,0.0,34.4,995.4,26.0,ERA5_Reanalysis_ECMWF
Bhubaneswar,2024-06-25T22:00,2024,28.4,87,8.8,0.0,34.5,995.8,26.0,ERA5_Reanalysis_ECMWF
Bhubaneswar,2024-06-25T23:00,2024,28.3,88,7.9,0.0,34.5,995.8,26.0,ERA5_Reanalysis_ECMWF
Bhubaneswar,2024-06-26T00:00,2024,28.1,89,8.0,0.0,34.4,995.5,26.1,ERA5_Reanalysis_ECMWF
Bhubaneswar,2024-06-26T01:00,2024,27.9,90,6.9,0.0,34.3,994.8,26.1,ERA5_Reanalysis_ECMWF
Bhubaneswar,2024-06-26T02:00,2024,27.6,92,4.7,0.0,34.4,994.2,26.2,ERA5_Reanalysis_ECMWF
Bhubaneswar,2024-06-26T03:00,2024,27.4,93,5.1,0.0,34.2,994.0,26.2,ERA5_Reanalysis_ECMWF
Bhubaneswar,2024-06-26T04:00,2024,27.2,95,4.0,0.0,34.1,994.1,26.2,ERA5_Reanalysis_ECMWF
Bhubaneswar,2024-06-26T05:00,2024,27.3,94,5.5,3.0,34.0,994.8,26.2,ERA5_Reanalysis_ECMWF
Bhubaneswar,2024-06-26T06:00,2024,28.3,89,5.8,89.0,35.0,994.5,26.2,ERA5_Reanalysis_ECMWF
Bhubaneswar,2024-06-26T07:00,2024,29.6,82,3.4,268.0,36.5,995.4,26.1,ERA5_Reanalysis_ECMWF
Bhubaneswar,2024-06-26T08:00,2024,30.7,77,2.9,444.0,37.8,995.5,26.3,ERA5_Reanalysis_ECMWF
Bhubaneswar,2024-06-26T09:00,2024,32.2,70,4.5,506.0,39.0,995.5,26.0,ERA5_Reanalysis_ECMWF
Bhubaneswar,2024-06-26T10:00,2024,30.1,77,14.8,594.0,35.3,995.9,25.6,ERA5_Reanalysis_ECMWF
Bhubaneswar,2024-06-26T11:00,2024,30.4,77,9.8,647.0,36.9,995.2,26.0,ERA5_Reanalysis_ECMWF
Bhubaneswar,2024-06-26T12:00,2024,32.6,70,9.4,759.0,40.0,994.1,26.3,ERA5_Reanalysis_ECMWF
Bhubaneswar,2024-06-26T13:00,2024,34.2,61,8.3,828.0,41.7,992.9,25.6,ERA5_Reanalysis_ECMWF
Bhubaneswar,2024-06-26T14:00,2024,33.0,62,12.0,474.0,37.8,992.6,24.8,ERA5_Reanalysis_ECMWF
Bhubaneswar,2024-06-26T15:00,2024,28.6,88,10.1,346.0,34.9,993.1,26.5,ERA5_Reanalysis_ECMWF
Bhubaneswar,2024-06-26T16:00,2024,29.8,82,4.0,260.0,36.9,993.0,26.4,ERA5_Reanalysis_ECMWF
Bhubaneswar,2024-06-26T17:00,2024,30.2,76,6.9,140.0,36.2,993.2,25.4,ERA5_Reanalysis_ECMWF
Bhubaneswar,2024-06-26T18:00,2024,29.5,78,12.0,31.0,34.6,994.3,25.3,ERA5_Reanalysis_ECMWF
Bhubaneswar,2024-06-26T19:00,2024,28.9,81,9.0,0.0,34.5,995.4,25.4,ERA5_Reanalysis_ECMWF
Bhubaneswar,2024-06-26T20:00,2024,28.4,84,7.4,0.0,34.3,996.0,25.4,ERA5_Reanalysis_ECMWF
Bhubaneswar,2024-06-26T21:00,2024,27.9,87,5.2,0.0,34.2,996.5,25.5,ERA5_Reanalysis_ECMWF
Bhubaneswar,2024-06-26T22:00,2024,27.7,89,4.1,0.0,34.2,997.2,25.7,ERA5_Reanalysis_ECMWF
Bhubaneswar,2024-06-26T23:00,2024,27.5,90,3.3,0.0,34.2,996.6,25.7,ERA5_Reanalysis_ECMWF
Bhubaneswar,2024-06-27T00:00,2024,27.4,90,3.8,0.0,33.9,996.0,25.6,ERA5_Reanalysis_ECMWF
Bhubaneswar,2024-06-27T01:00,2024,27.2,91,3.7,0.0,33.8,995.6,25.6,ERA5_Reanalysis_ECMWF
Bhubaneswar,2024-06-27T02:00,2024,26.9,93,2.9,0.0,33.6,995.0,25.7,ERA5_Reanalysis_ECMWF
Bhubaneswar,2024-06-27T03:00,2024,26.7,94,1.1,0.0,33.7,994.8,25.6,ERA5_Reanalysis_ECMWF
Bhubaneswar,2024-06-27T04:00,2024,26.5,95,2.7,0.0,33.3,994.8,25.7,ERA5_Reanalysis_ECMWF
Bhubaneswar,2024-06-27T05:00,2024,26.6,95,5.0,3.0,33.1,995.3,25.7,ERA5_Reanalysis_ECMWF
Bhubaneswar,2024-06-27T06:00,2024,27.9,89,9.7,56.0,33.7,995.6,25.9,ERA5_Reanalysis_ECMWF
Bhubaneswar,2024-06-27T07:00,2024,28.7,83,9.2,179.0,34.4,995.9,25.5,ERA5_Reanalysis_ECMWF
Bhubaneswar,2024-06-27T08:00,2024,30.3,76,10.4,427.0,35.9,996.5,25.7,ERA5_Reanalysis_ECMWF
Bhubaneswar,2024-06-27T09:00,2024,31.7,69,12.3,556.0,36.8,996.5,25.3,ERA5_Reanalysis_ECMWF
Bhubaneswar,2024-06-27T10:00,2024,31.5,69,10.8,373.0,36.6,996.0,25.1,ERA5_Reanalysis_ECMWF
Bhubaneswar,2024-06-27T11:00,2024,29.6,80,18.4,783.0,35.3,995.6,25.8,ERA5_Reanalysis_ECMWF
Bhubaneswar,2024-06-27T12:00,2024,30.2,79,8.1,642.0,37.0,995.3,26.1,ERA5_Reanalysis_ECMWF
Bhubaneswar,2024-06-27T13:00,2024,32.1,69,8.1,557.0,38.2,994.0,25.8,ERA5_Reanalysis_ECMWF
Bhubaneswar,2024-06-27T14:00,2024,29.2,83,10.7,553.0,35.0,993.7,26.0,ERA5_Reanalysis_ECMWF
Bhubaneswar,2024-06-27T15:00,2024,30.7,75,6.2,440.0,37.0,993.3,25.8,ERA5_Reanalysis_ECMWF
Bhubaneswar,2024-06-27T16:00,2024,30.2,75,10.7,284.0,35.6,993.2,25.3,ERA5_Reanalysis_ECMWF
Bhubaneswar,2024-06-27T17:00,2024,28.5,84,10.9,145.0,34.0,993.4,25.5,ERA5_Reanalysis_ECMWF
Bhubaneswar,2024-06-27T18:00,2024,27.4,90,5.2,27.0,33.8,994.9,25.7,ERA5_Reanalysis_ECMWF
Bhubaneswar,2024-06-27T19:00,2024,27.2,94,4.4,0.0,34.0,995.4,26.1,ERA5_Reanalysis_ECMWF
Bhubaneswar,2024-06-27T20:00,2024,27.2,93,5.3,0.0,33.9,995.9,26.1,ERA5_Reanalysis_ECMWF
Bhubaneswar,2024-06-27T21:00,2024,27.2,95,4.8,0.0,34.0,996.2,26.3,ERA5_Reanalysis_ECMWF
Bhubaneswar,2024-06-27T22:00,2024,27.1,95,4.9,0.0,33.9,996.4,26.2,ERA5_Reanalysis_ECMWF
Bhubaneswar,2024-06-27T23:00,2024,27.1,94,3.3,0.0,34.0,996.1,26.0,ERA5_Reanalysis_ECMWF
Bhubaneswar,2024-06-28T00:00,2024,27.1,95,1.6,0.0,34.3,995.8,26.2,ERA5_Reanalysis_ECMWF
Bhubaneswar,2024-06-28T01:00,2024,27.0,96,2.2,0.0,34.2,995.4,26.3,ERA5_Reanalysis_ECMWF
Bhubaneswar,2024-06-28T02:00,2024,27.0,94,2.6,0.0,34.0,995.1,26.0,ERA5_Reanalysis_ECMWF
Bhubaneswar,2024-06-28T03:00,2024,26.7,96,2.3,0.0,33.8,994.7,26.1,ERA5_Reanalysis_ECMWF
Bhubaneswar,2024-06-28T04:00,2024,26.8,96,3.3,0.0,33.7,994.8,26.0,ERA5_Reanalysis_ECMWF
Bhubaneswar,2024-06-28T05:00,2024,26.8,96,2.6,1.0,33.8,994.8,26.1,ERA5_Reanalysis_ECMWF
Bhubaneswar,2024-06-28T06:00,2024,26.6,96,5.8,42.0,33.1,995.9,25.9,ERA5_Reanalysis_ECMWF
Bhubaneswar,2024-06-28T07:00,2024,27.3,93,6.7,122.0,33.7,996.4,26.0,ERA5_Reanalysis_ECMWF
Bhubaneswar,2024-06-28T08:00,2024,28.6,85,4.6,323.0,35.1,996.3,25.7,ERA5_Reanalysis_ECMWF
Bhubaneswar,2024-06-28T09:00,2024,30.0,76,6.2,411.0,36.1,996.1,25.4,ERA5_Reanalysis_ECMWF
Bhubaneswar,2024-06-28T10:00,2024,31.2,72,6.5,540.0,37.4,996.0,25.7,ERA5_Reanalysis_ECMWF
Bhubaneswar,2024-06-28T11:00,2024,31.8,70,3.1,575.0,38.6,995.0,25.6,ERA5_Reanalysis_ECMWF
Bhubaneswar,2024-06-28T12:00,2024,32.8,68,3.4,746.0,40.9,994.0,26.0,ERA5_Reanalysis_ECMWF
Bhubaneswar,2024-06-28T13:00,2024,33.6,65,5.3,855.0,42.2,993.0,26.1,ERA5_Reanalysis_ECMWF
Bhubaneswar,2024-06-28T14:00,2024,33.7,63,6.1,644.0,40.6,992.1,25.8,ERA5_Reanalysis_ECMWF
Bhubaneswar,2024-06-28T15:00,2024,33.1,64,8.8,477.0,38.7,991.7,25.3,ERA5_Reanalysis_ECMWF
Bhubaneswar,2024-06-28T16:00,2024,30.3,76,13.0,271.0,35.5,992.2,25.5,ERA5_Reanalysis_ECMWF
Bhubaneswar,2024-06-28T17:00,2024,29.9,80,10.4,97.0,35.7,992.2,26.0,ERA5_Reanalysis_ECMWF
Bhubaneswar,2024-06-28T18:00,2024,28.8,89,11.5,20.0,35.0,993.7,26.7,ERA5_Reanalysis_ECMWF
Bhubaneswar,2024-06-28T19:00,2024,28.5,89,12.7,0.0,34.3,994.1,26.5,ERA5_Reanalysis_ECMWF
Bhubaneswar,2024-06-28T20:00,2024,28.0,91,11.7,0.0,33.9,994.8,26.3,ERA5_Reanalysis_ECMWF
Bhubaneswar,2024-06-28T21:00,2024,27.8,92,8.9,0.0,34.0,995.3,26.3,ERA5_Reanalysis_ECMWF
Bhubaneswar,2024-06-28T22:00,2024,27.5,93,7.1,0.0,34.1,995.3,26.3,ERA5_Reanalysis_ECMWF
Bhubaneswar,2024-06-28T23:00,2024,27.3,95,5.8,0.0,34.1,995.4,26.4,ERA5_Reanalysis_ECMWF
Bhubaneswar,2024-06-29T00:00,2024,27.2,95,6.6,0.0,33.8,994.7,26.4,ERA5_Reanalysis_ECMWF
Bhubaneswar,2024-06-29T01:00,2024,27.0,96,6.5,0.0,33.6,994.2,26.3,ERA5_Reanalysis_ECMWF
Bhubaneswar,2024-06-29T02:00,2024,26.9,96,6.9,0.0,33.4,994.2,26.2,ERA5_Reanalysis_ECMWF
Bhubaneswar,2024-06-29T03:00,2024,26.9,95,7.1,0.0,33.3,994.2,26.1,ERA5_Reanalysis_ECMWF
Bhubaneswar,2024-06-29T04:00,2024,27.0,94,6.2,0.0,33.4,994.5,25.9,ERA5_Reanalysis_ECMWF
Bhubaneswar,2024-06-29T05:00,2024,27.1,93,7.4,2.0,33.2,994.8,25.8,ERA5_Reanalysis_ECMWF
Bhubaneswar,2024-06-29T06:00,2024,28.0,90,7.9,53.0,34.4,995.7,26.2,ERA5_Reanalysis_ECMWF
Bhubaneswar,2024-06-29T07:00,2024,29.3,83,10.2,183.0,35.2,996.1,26.1,ERA5_Reanalysis_ECMWF
Bhubaneswar,2024-06-29T08:00,2024,30.5,75,11.3,301.0,35.8,996.4,25.5,ERA5_Reanalysis_ECMWF
Bhubaneswar,2024-06-29T09:00,2024,31.8,70,15.5,562.0,36.6,996.7,25.5,ERA5_Reanalysis_ECMWF
Bhubaneswar,2024-06-29T10:00,2024,32.4,67,14.4,586.0,37.5,996.2,25.5,ERA5_Reanalysis_ECMWF
Bhubaneswar,2024-06-29T11:00,2024,33.9,60,16.5,776.0,39.5,995.7,25.2,ERA5_Reanalysis_ECMWF
Bhubaneswar,2024-06-29T12:00,2024,33.2,64,11.1,600.0,38.9,994.6,25.5,ERA5_Reanalysis_ECMWF
Bhubaneswar,2024-06-29T13:00,2024,29.1,83,15.3,605.0,34.4,995.2,25.9,ERA5_Reanalysis_ECMWF
Bhubaneswar,2024-06-29T14:00,2024,29.6,81,1.0,251.0,36.8,994.9,26.0,ERA5_Reanalysis_ECMWF
Bhubaneswar,2024-06-29T15:00,2024,29.7,81,7.1,151.0,36.2,993.8,26.2,ERA5_Reanalysis_ECMWF
Bhubaneswar,2024-06-29T16:00,2024,29.6,82,13.7,188.0,35.0,993.6,26.1,ERA5_Reanalysis_ECMWF
Bhubaneswar,2024-06-29T17:00,2024,29.3,82,13.3,129.0,34.7,994.0,26.0,ERA5_Reanalysis_ECMWF
Bhubaneswar,2024-06-29T18:00,2024,28.1,87,12.3,24.0,33.4,995.2,25.6,ERA5_Reanalysis_ECMWF
Bhubaneswar,2024-06-29T19:00,2024,26.5,95,18.9,0.0,30.8,996.4,25.6,ERA5_Reanalysis_ECMWF
Bhubaneswar,2024-06-29T20:00,2024,26.2,96,13.3,0.0,31.3,997.1,25.5,ERA5_Reanalysis_ECMWF
Bhubaneswar,2024-06-29T21:00,2024,26.3,96,12.4,0.0,31.5,997.4,25.6,ERA5_Reanalysis_ECMWF
Bhubaneswar,2024-06-29T22:00,2024,26.6,95,12.9,0.0,32.0,997.6,25.8,ERA5_Reanalysis_ECMWF
Bhubaneswar,2024-06-29T23:00,2024,26.9,94,15.5,0.0,31.9,996.8,25.8,ERA5_Reanalysis_ECMWF
Bhubaneswar,2024-06-30T00:00,2024,26.5,95,16.1,0.0,31.2,996.6,25.6,ERA5_Reanalysis_ECMWF
Bhubaneswar,2024-06-30T01:00,2024,26.6,95,15.8,0.0,31.5,996.2,25.8,ERA5_Reanalysis_ECMWF
Bhubaneswar,2024-06-30T02:00,2024,26.5,95,16.9,0.0,31.1,995.4,25.6,ERA5_Reanalysis_ECMWF
Bhubaneswar,2024-06-30T03:00,2024,26.2,95,14.5,0.0,30.9,995.2,25.2,ERA5_Reanalysis_ECMWF
Bhubaneswar,2024-06-30T04:00,2024,26.1,95,10.8,0.0,31.3,995.6,25.2,ERA5_Reanalysis_ECMWF
Bhubaneswar,2024-06-30T05:00,2024,26.1,94,13.2,2.0,31.0,996.2,25.1,ERA5_Reanalysis_ECMWF
Bhubaneswar,2024-06-30T06:00,2024,27.4,94,8.0,35.0,33.8,996.5,26.4,ERA5_Reanalysis_ECMWF
Bhubaneswar,2024-06-30T07:00,2024,28.4,89,8.7,152.0,34.8,997.4,26.5,ERA5_Reanalysis_ECMWF
Bhubaneswar,2024-06-30T08:00,2024,29.6,82,13.0,298.0,35.3,997.4,26.3,ERA5_Reanalysis_ECMWF
Bhubaneswar,2024-06-30T09:00,2024,30.8,76,13.8,490.0,36.1,998.3,26.0,ERA5_Reanalysis_ECMWF
Bhubaneswar,2024-06-30T10:00,2024,30.5,77,13.8,455.0,35.8,997.8,26.0,ERA5_Reanalysis_ECMWF
Bhubaneswar,2024-06-30T11:00,2024,31.1,75,11.6,532.0,37.0,997.2,26.2,ERA5_Reanalysis_ECMWF
Bhubaneswar,2024-06-30T12:00,2024,31.6,74,10.9,519.0,37.7,996.5,26.4,ERA5_Reanalysis_ECMWF
Bhubaneswar,2024-06-30T13:00,2024,29.6,79,18.7,430.0,33.9,995.8,25.6,ERA5_Reanalysis_ECMWF
Bhubaneswar,2024-06-30T14:00,2024,28.9,85,10.7,231.0,34.7,995.5,26.1,ERA5_Reanalysis_ECMWF
Bhubaneswar,2024-06-30T15:00,2024,28.4,85,14.1,133.0,33.5,994.6,25.7,ERA5_Reanalysis_ECMWF
Bhubaneswar,2024-06-30T16:00,2024,28.7,86,11.2,181.0,34.4,994.5,26.0,ERA5_Reanalysis_ECMWF
Bhubaneswar,2024-06-30T17:00,2024,28.8,86,10.1,104.0,34.8,995.1,26.2,ERA5_Reanalysis_ECMWF
Bhubaneswar,2024-06-30T18:00,2024,27.3,93,11.8,12.0,33.1,995.8,26.2,ERA5_Reanalysis_ECMWF
Bhubaneswar,2024-06-30T19:00,2024,27.1,95,12.4,0.0,32.8,996.2,26.2,ERA5_Reanalysis_ECMWF
Bhubaneswar,2024-06-30T20:00,2024,26.9,95,13.9,0.0,32.2,997.1,26.0,ERA5_Reanalysis_ECMWF
Bhubaneswar,2024-06-30T21:00,2024,26.7,94,15.6,0.0,31.6,997.6,25.7,ERA5_Reanalysis_ECMWF
Bhubaneswar,2024-06-30T22:00,2024,26.9,94,15.3,0.0,32.0,997.6,25.9,ERA5_Reanalysis_ECMWF
Bhubaneswar,2024-06-30T23:00,2024,27.1,93,15.8,0.0,32.1,997.1,25.9,ERA5_Reanalysis_ECMWF
