ward_no,zone,population,centroid_lat,centroid_lon,timestamp,temperature_c,relative_humidity_pct,wind_speed_ms,solar_radiation_wm2,apparent_temp_c
W9,North Zone,13932,20.327133162303745,85.83049604840927,2026-08-28T00:00,26.9,95,9.0,0.0,32.9
W9,North Zone,13932,20.327133162303745,85.83049604840927,2026-08-28T01:00,26.9,95,10.7,0.0,32.7
W9,North Zone,13932,20.327133162303745,85.83049604840927,2026-08-28T02:00,26.9,93,12.0,0.0,32.3
W9,North Zone,13932,20.327133162303745,85.83049604840927,2026-08-28T03:00,26.5,92,12.4,0.0,31.5
W9,North Zone,13932,20.327133162303745,85.83049604840927,2026-08-28T04:00,26.3,91,11.4,0.0,31.1
W9,North Zone,13932,20.327133162303745,85.83049604840927,2026-08-28T05:00,26.3,90,11.1,0.0,31.0
W9,North Zone,13932,20.327133162303745,85.83049604840927,2026-08-28T06:00,26.9,88,11.1,42.0,31.7
W9,North Zone,13932,20.327133162303745,85.83049604840927,2026-08-28T07:00,28.3,82,13.0,212.0,33.1
W9,North Zone,13932,20.327133162303745,85.83049604840927,2026-08-28T08:00,29.5,77,16.0,416.0,33.9
W9,North Zone,13932,20.327133162303745,85.83049604840927,2026-08-28T09:00,30.5,74,15.7,616.0,35.5
W9,North Zone,13932,20.327133162303745,85.83049604840927,2026-08-28T10:00,31.3,73,13.5,708.0,37.5
W9,North Zone,13932,20.327133162303745,85.83049604840927,2026-08-28T11:00,31.6,71,11.5,738.0,38.1
W9,North Zone,13932,20.327133162303745,85.83049604840927,2026-08-28T12:00,28.8,85,13.5,469.0,34.3
W9,North Zone,13932,20.327133162303745,85.83049604840927,2026-08-28T13:00,29.2,83,7.0,451.0,35.7
W9,North Zone,13932,20.327133162303745,85.83049604840927,2026-08-28T14:00,30.0,84,5.3,346.0,37.3
W9,North Zone,13932,20.327133162303745,85.83049604840927,2026-08-28T15:00,29.4,88,4.6,297.0,36.9
W9,North Zone,13932,20.327133162303745,85.83049604840927,2026-08-28T16:00,26.9,92,8.7,171.0,32.6
W9,North Zone,13932,20.327133162303745,85.83049604840927,2026-08-28T17:00,26.7,94,0.4,61.0,33.8
W9,North Zone,13932,20.327133162303745,85.83049604840927,2026-08-28T18:00,26.8,95,4.6,6.0,33.5
W9,North Zone,13932,20.327133162303745,85.83049604840927,2026-08-28T19:00,26.5,97,8.5,0.0,32.6
W9,North Zone,13932,20.327133162303745,85.83049604840927,2026-08-28T20:00,26.2,97,8.8,0.0,32.1
W9,North Zone,13932,20.327133162303745,85.83049604840927,2026-08-28T21:00,26.1,97,8.7,0.0,31.9
W9,North Zone,13932,20.327133162303745,85.83049604840927,2026-08-28T22:00,26.0,97,9.5,0.0,31.7
W9,North Zone,13932,20.327133162303745,85.83049604840927,2026-08-28T23:00,26.1,97,8.7,0.0,31.9
W9,North Zone,13932,20.327133162303745,85.83049604840927,2026-08-29T00:00,26.2,97,8.8,0.0,32.0
W9,North Zone,13932,20.327133162303745,85.83049604840927,2026-08-29T01:00,26.2,96,8.3,0.0,32.1
W9,North Zone,13932,20.327133162303745,85.83049604840927,2026-08-29T02:00,26.3,96,8.7,0.0,32.1
W9,North Zone,13932,20.327133162303745,85.83049604840927,2026-08-29T03:00,25.2,98,11.7,0.0,30.1
W9,North Zone,13932,20.327133162303745,85.83049604840927,2026-08-29T04:00,25.5,98,9.7,0.0,30.8
W9,North Zone,13932,20.327133162303745,85.83049604840927,2026-08-29T05:00,25.7,97,10.1,0.0,31.1
W9,North Zone,13932,20.327133162303745,85.83049604840927,2026-08-29T06:00,26.2,98,8.6,28.0,32.1
W9,North Zone,13932,20.327133162303745,85.83049604840927,2026-08-29T07:00,26.9,97,6.8,106.0,33.6
W9,North Zone,13932,20.327133162303745,85.83049604840927,2026-08-29T08:00,28.2,92,7.8,250.0,34.9
W9,North Zone,13932,20.327133162303745,85.83049604840927,2026-08-29T09:00,29.4,83,9.4,428.0,35.6
W9,North Zone,13932,20.327133162303745,85.83049604840927,2026-08-29T10:00,29.8,82,9.3,419.0,36.0
W9,North Zone,13932,20.327133162303745,85.83049604840927,2026-08-29T11:00,29.7,80,10.1,309.0,35.5
W9,North Zone,13932,20.327133162303745,85.83049604840927,2026-08-29T12:00,29.9,78,11.3,323.0,35.4
W9,North Zone,13932,20.327133162303745,85.83049604840927,2026-08-29T13:00,30.2,76,11.7,333.0,35.5
W9,North Zone,13932,20.327133162303745,85.83049604840927,2026-08-29T14:00,30.2,77,9.6,258.0,36.0
W9,North Zone,13932,20.327133162303745,85.83049604840927,2026-08-29T15:00,30.3,77,9.5,240.0,36.1
W9,North Zone,13932,20.327133162303745,85.83049604840927,2026-08-29T16:00,29.2,85,9.0,113.0,35.6
W9,North Zone,13932,20.327133162303745,85.83049604840927,2026-08-29T17:00,27.1,95,7.2,53.0,33.6
W9,North Zone,13932,20.327133162303745,85.83049604840927,2026-08-29T18:00,26.8,97,10.2,1.0,32.9
W9,North Zone,13932,20.327133162303745,85.83049604840927,2026-08-29T19:00,26.7,97,8.2,0.0,33.0
W9,North Zone,13932,20.327133162303745,85.83049604840927,2026-08-29T20:00,26.4,97,8.8,0.0,32.4
W9,North Zone,13932,20.327133162303745,85.83049604840927,2026-08-29T21:00,26.3,97,7.8,0.0,32.4
W9,North Zone,13932,20.327133162303745,85.83049604840927,2026-08-29T22:00,26.1,97,8.3,0.0,32.0
W9,North Zone,13932,20.327133162303745,85.83049604840927,2026-08-29T23:00,24.9,99,12.5,0.0,29.7
W9,North Zone,13932,20.327133162303745,85.83049604840927,2026-08-30T00:00,25.1,99,8.3,0.0,30.6
W9,North Zone,13932,20.327133162303745,85.83049604840927,2026-08-30T01:00,25.4,99,9.6,0.0,30.7
W9,North Zone,13932,20.327133162303745,85.83049604840927,2026-08-30T02:00,25.6,98,9.7,0.0,31.1
W9,North Zone,13932,20.327133162303745,85.83049604840927,2026-08-30T03:00,25.8,97,9.8,0.0,31.3
W9,North Zone,13932,20.327133162303745,85.83049604840927,2026-08-30T04:00,25.8,97,8.1,0.0,31.5
W9,North Zone,13932,20.327133162303745,85.83049604840927,2026-08-30T05:00,25.7,99,9.0,0.0,31.3
W9,North Zone,13932,20.327133162303745,85.83049604840927,2026-08-30T06:00,25.8,98,7.9,18.0,31.7
W9,North Zone,13932,20.327133162303745,85.83049604840927,2026-08-30T07:00,26.3,95,8.3,63.0,32.1
W9,North Zone,13932,20.327133162303745,85.83049604840927,2026-08-30T08:00,26.2,95,9.7,116.0,31.8
W9,North Zone,13932,20.327133162303745,85.83049604840927,2026-08-30T09:00,26.1,93,7.8,155.0,31.5
W9,North Zone,13932,20.327133162303745,85.83049604840927,2026-08-30T10:00,26.9,93,7.2,197.0,33.0
W9,North Zone,13932,20.327133162303745,85.83049604840927,2026-08-30T11:00,26.8,93,8.5,156.0,32.6
W9,North Zone,13932,20.327133162303745,85.83049604840927,2026-08-30T12:00,28.0,89,7.9,345.0,34.1
W9,North Zone,13932,20.327133162303745,85.83049604840927,2026-08-30T13:00,29.0,83,10.7,334.0,34.7
W9,North Zone,13932,20.327133162303745,85.83049604840927,2026-08-30T14:00,29.6,79,12.1,389.0,34.8
W9,North Zone,13932,20.327133162303745,85.83049604840927,2026-08-30T15:00,29.9,76,13.0,333.0,34.9
W9,North Zone,13932,20.327133162303745,85.83049604840927,2026-08-30T16:00,29.6,78,12.7,221.0,34.6
W9,North Zone,13932,20.327133162303745,85.83049604840927,2026-08-30T17:00,29.0,81,9.0,110.0,34.7
W9,North Zone,13932,20.327133162303745,85.83049604840927,2026-08-30T18:00,28.1,85,8.2,10.0,33.9
W9,North Zone,13932,20.327133162303745,85.83049604840927,2026-08-30T19:00,27.9,86,8.3,0.0,33.7
W9,North Zone,13932,20.327133162303745,85.83049604840927,2026-08-30T20:00,27.1,88,6.2,0.0,32.9
W9,North Zone,13932,20.327133162303745,85.83049604840927,2026-08-30T21:00,26.7,93,5.5,0.0,33.0
W9,North Zone,13932,20.327133162303745,85.83049604840927,2026-08-30T22:00,26.4,95,5.1,0.0,32.7
W9,North Zone,13932,20.327133162303745,85.83049604840927,2026-08-30T23:00,26.2,96,8.0,0.0,32.0
W9,North Zone,13932,20.327133162303745,85.83049604840927,2026-08-31T00:00,26.0,95,11.5,0.0,31.0
W9,North Zone,13932,20.327133162303745,85.83049604840927,2026-08-31T01:00,25.7,94,11.3,0.0,30.5
W9,North Zone,13932,20.327133162303745,85.83049604840927,2026-08-31T02:00,25.4,94,10.8,0.0,30.1
W9,North Zone,13932,20.327133162303745,85.83049604840927,2026-08-31T03:00,25.4,94,10.2,0.0,30.1
W9,North Zone,13932,20.327133162303745,85.83049604840927,2026-08-31T04:00,25.5,92,10.1,0.0,30.2
W9,North Zone,13932,20.327133162303745,85.83049604840927,2026-08-31T05:00,25.5,92,9.0,0.0,30.3
W9,North Zone,13932,20.327133162303745,85.83049604840927,2026-08-31T06:00,25.7,92,8.5,19.0,30.7
W9,North Zone,13932,20.327133162303745,85.83049604840927,2026-08-31T07:00,26.5,88,9.2,100.0,31.5
W9,North Zone,13932,20.327133162303745,85.83049604840927,2026-08-31T08:00,27.1,86,9.3,159.0,32.3
W9,North Zone,13932,20.327133162303745,85.83049604840927,2026-08-31T09:00,27.5,85,12.4,239.0,32.2
W9,North Zone,13932,20.327133162303745,85.83049604840927,2026-08-31T10:00,28.0,82,16.6,418.0,31.9
W9,North Zone,13932,20.327133162303745,85.83049604840927,2026-08-31T11:00,28.3,79,15.4,306.0,32.3
W9,North Zone,13932,20.327133162303745,85.83049604840927,2026-08-31T12:00,29.0,76,16.6,446.0,32.8
W9,North Zone,13932,20.327133162303745,85.83049604840927,2026-08-31T13:00,29.7,72,17.3,469.0,33.3
W9,North Zone,13932,20.327133162303745,85.83049604840927,2026-08-31T14:00,30.1,70,17.4,456.0,33.7
W9,North Zone,13932,20.327133162303745,85.83049604840927,2026-08-31T15:00,29.9,71,16.8,437.0,33.6
W9,North Zone,13932,20.327133162303745,85.83049604840927,2026-08-31T16:00,29.3,74,15.7,304.0,33.2
W9,North Zone,13932,20.327133162303745,85.83049604840927,2026-08-31T17:00,28.8,76,14.8,138.0,32.8
W9,North Zone,13932,20.327133162303745,85.83049604840927,2026-08-31T18:00,28.4,78,13.7,9.0,32.5
W9,North Zone,13932,20.327133162303745,85.83049604840927,2026-08-31T19:00,28.0,79,12.4,0.0,32.2
W9,North Zone,13932,20.327133162303745,85.83049604840927,2026-08-31T20:00,27.6,80,11.4,0.0,31.9
W9,North Zone,13932,20.327133162303745,85.83049604840927,2026-08-31T21:00,27.2,82,10.1,0.0,31.7
W9,North Zone,13932,20.327133162303745,85.83049604840927,2026-08-31T22:00,26.9,84,9.1,0.0,31.6
W9,North Zone,13932,20.327133162303745,85.83049604840927,2026-08-31T23:00,26.6,85,9.0,0.0,31.3
W9,North Zone,13932,20.327133162303745,85.83049604840927,2026-09-01T00:00,26.6,84,9.8,0.0,31.0
W9,North Zone,13932,20.327133162303745,85.83049604840927,2026-09-01T01:00,26.6,83,11.2,0.0,30.7
W9,North Zone,13932,20.327133162303745,85.83049604840927,2026-09-01T02:00,26.6,82,11.7,0.0,30.6
W9,North Zone,13932,20.327133162303745,85.83049604840927,2026-09-01T03:00,26.5,83,10.9,0.0,30.6
W9,North Zone,13932,20.327133162303745,85.83049604840927,2026-09-01T04:00,26.2,85,10.0,0.0,30.6
W9,North Zone,13932,20.327133162303745,85.83049604840927,2026-09-01T05:00,26.3,86,9.9,0.0,30.7
W9,North Zone,13932,20.327133162303745,85.83049604840927,2026-09-01T06:00,26.8,84,10.5,24.0,31.2
W9,North Zone,13932,20.327133162303745,85.83049604840927,2026-09-01T07:00,27.5,81,11.0,104.0,31.9
W9,North Zone,13932,20.327133162303745,85.83049604840927,2026-09-01T08:00,28.1,78,11.5,181.0,32.5
W9,North Zone,13932,20.327133162303745,85.83049604840927,2026-09-01T09:00,28.4,77,11.6,238.0,32.8
W9,North Zone,13932,20.327133162303745,85.83049604840927,2026-09-01T10:00,28.6,76,12.7,292.0,32.9
W9,North Zone,13932,20.327133162303745,85.83049604840927,2026-09-01T11:00,28.8,76,14.0,334.0,32.9
W9,North Zone,13932,20.327133162303745,85.83049604840927,2026-09-01T12:00,29.2,74,14.8,340.0,33.2
W9,North Zone,13932,20.327133162303745,85.83049604840927,2026-09-01T13:00,29.6,72,15.2,360.0,33.4
W9,North Zone,13932,20.327133162303745,85.83049604840927,2026-09-01T14:00,29.8,71,14.8,363.0,33.7
W9,North Zone,13932,20.327133162303745,85.83049604840927,2026-09-01T15:00,29.5,74,13.2,394.0,34.0
W9,North Zone,13932,20.327133162303745,85.83049604840927,2026-09-01T16:00,29.0,80,10.9,270.0,34.2
W9,North Zone,13932,20.327133162303745,85.83049604840927,2026-09-01T17:00,28.4,84,9.3,115.0,34.1
W9,North Zone,13932,20.327133162303745,85.83049604840927,2026-09-01T18:00,27.8,86,8.1,6.0,33.6
W9,North Zone,13932,20.327133162303745,85.83049604840927,2026-09-01T19:00,27.2,88,7.2,0.0,32.8
W9,North Zone,13932,20.327133162303745,85.83049604840927,2026-09-01T20:00,26.7,89,7.0,0.0,32.1
W9,North Zone,13932,20.327133162303745,85.83049604840927,2026-09-01T21:00,26.5,90,7.8,0.0,31.9
W9,North Zone,13932,20.327133162303745,85.83049604840927,2026-09-01T22:00,26.5,91,9.3,0.0,31.7
W9,North Zone,13932,20.327133162303745,85.83049604840927,2026-09-01T23:00,26.5,91,10.2,0.0,31.6
W25,South-West Zone,13508,20.29250747814624,85.80721151889455,2026-08-28T00:00,26.9,95,9.0,0.0,32.9
W25,South-West Zone,13508,20.29250747814624,85.80721151889455,2026-08-28T01:00,26.9,95,10.7,0.0,32.7
W25,South-West Zone,13508,20.29250747814624,85.80721151889455,2026-08-28T02:00,26.9,93,12.0,0.0,32.3
W25,South-West Zone,13508,20.29250747814624,85.80721151889455,2026-08-28T03:00,26.5,92,12.4,0.0,31.5
W25,South-West Zone,13508,20.29250747814624,85.80721151889455,2026-08-28T04:00,26.3,91,11.4,0.0,31.1
W25,South-West Zone,13508,20.29250747814624,85.80721151889455,2026-08-28T05:00,26.3,90,11.1,0.0,31.0
W25,South-West Zone,13508,20.29250747814624,85.80721151889455,2026-08-28T06:00,26.9,88,11.1,42.0,31.7
W25,South-West Zone,13508,20.29250747814624,85.80721151889455,2026-08-28T07:00,28.3,82,13.0,212.0,33.1
W25,South-West Zone,13508,20.29250747814624,85.80721151889455,2026-08-28T08:00,29.5,77,16.0,416.0,33.9
W25,South-West Zone,13508,20.29250747814624,85.80721151889455,2026-08-28T09:00,30.5,74,15.7,616.0,35.5
W25,South-West Zone,13508,20.29250747814624,85.80721151889455,2026-08-28T10:00,31.3,73,13.5,708.0,37.5
W25,South-West Zone,13508,20.29250747814624,85.80721151889455,2026-08-28T11:00,31.6,71,11.5,738.0,38.1
W25,South-West Zone,13508,20.29250747814624,85.80721151889455,2026-08-28T12:00,28.8,85,13.5,469.0,34.3
W25,South-West Zone,13508,20.29250747814624,85.80721151889455,2026-08-28T13:00,29.2,83,7.0,451.0,35.7
W25,South-West Zone,13508,20.29250747814624,85.80721151889455,2026-08-28T14:00,30.0,84,5.3,346.0,37.3
W25,South-West Zone,13508,20.29250747814624,85.80721151889455,2026-08-28T15:00,29.4,88,4.6,297.0,36.9
W25,South-West Zone,13508,20.29250747814624,85.80721151889455,2026-08-28T16:00,26.9,92,8.7,171.0,32.6
W25,South-West Zone,13508,20.29250747814624,85.80721151889455,2026-08-28T17:00,26.7,94,0.4,61.0,33.8
W25,South-West Zone,13508,20.29250747814624,85.80721151889455,2026-08-28T18:00,26.8,95,4.6,6.0,33.5
W25,South-West Zone,13508,20.29250747814624,85.80721151889455,2026-08-28T19:00,26.5,97,8.5,0.0,32.6
W25,South-West Zone,13508,20.29250747814624,85.80721151889455,2026-08-28T20:00,26.2,97,8.8,0.0,32.1
W25,South-West Zone,13508,20.29250747814624,85.80721151889455,2026-08-28T21:00,26.1,97,8.7,0.0,31.9
W25,South-West Zone,13508,20.29250747814624,85.80721151889455,2026-08-28T22:00,26.0,97,9.5,0.0,31.7
W25,South-West Zone,13508,20.29250747814624,85.80721151889455,2026-08-28T23:00,26.1,97,8.7,0.0,31.9
W25,South-West Zone,13508,20.29250747814624,85.80721151889455,2026-08-29T00:00,26.2,97,8.8,0.0,32.0
W25,South-West Zone,13508,20.29250747814624,85.80721151889455,2026-08-29T01:00,26.2,96,8.3,0.0,32.1
W25,South-West Zone,13508,20.29250747814624,85.80721151889455,2026-08-29T02:00,26.3,96,8.7,0.0,32.1
W25,South-West Zone,13508,20.29250747814624,85.80721151889455,2026-08-29T03:00,25.2,98,11.7,0.0,30.1
W25,South-West Zone,13508,20.29250747814624,85.80721151889455,2026-08-29T04:00,25.5,98,9.7,0.0,30.8
W25,South-West Zone,13508,20.29250747814624,85.80721151889455,2026-08-29T05:00,25.7,97,10.1,0.0,31.1
W25,South-West Zone,13508,20.29250747814624,85.80721151889455,2026-08-29T06:00,26.2,98,8.6,28.0,32.1
W25,South-West Zone,13508,20.29250747814624,85.80721151889455,2026-08-29T07:00,26.9,97,6.8,106.0,33.6
W25,South-West Zone,13508,20.29250747814624,85.80721151889455,2026-08-29T08:00,28.2,92,7.8,250.0,34.9
W25,South-West Zone,13508,20.29250747814624,85.80721151889455,2026-08-29T09:00,29.4,83,9.4,428.0,35.6
W25,South-West Zone,13508,20.29250747814624,85.80721151889455,2026-08-29T10:00,29.8,82,9.3,419.0,36.0
W25,South-West Zone,13508,20.29250747814624,85.80721151889455,2026-08-29T11:00,29.7,80,10.1,309.0,35.5
W25,South-West Zone,13508,20.29250747814624,85.80721151889455,2026-08-29T12:00,29.9,78,11.3,323.0,35.4
W25,South-West Zone,13508,20.29250747814624,85.80721151889455,2026-08-29T13:00,30.2,76,11.7,333.0,35.5
W25,South-West Zone,13508,20.29250747814624,85.80721151889455,2026-08-29T14:00,30.2,77,9.6,258.0,36.0
W25,South-West Zone,13508,20.29250747814624,85.80721151889455,2026-08-29T15:00,30.3,77,9.5,240.0,36.1
W25,South-West Zone,13508,20.29250747814624,85.80721151889455,2026-08-29T16:00,29.2,85,9.0,113.0,35.6
W25,South-West Zone,13508,20.29250747814624,85.80721151889455,2026-08-29T17:00,27.1,95,7.2,53.0,33.6
W25,South-West Zone,13508,20.29250747814624,85.80721151889455,2026-08-29T18:00,26.8,97,10.2,1.0,32.9
W25,South-West Zone,13508,20.29250747814624,85.80721151889455,2026-08-29T19:00,26.7,97,8.2,0.0,33.0
W25,South-West Zone,13508,20.29250747814624,85.80721151889455,2026-08-29T20:00,26.4,97,8.8,0.0,32.4
W25,South-West Zone,13508,20.29250747814624,85.80721151889455,2026-08-29T21:00,26.3,97,7.8,0.0,32.4
W25,South-West Zone,13508,20.29250747814624,85.80721151889455,2026-08-29T22:00,26.1,97,8.3,0.0,32.0
W25,South-West Zone,13508,20.29250747814624,85.80721151889455,2026-08-29T23:00,24.9,99,12.5,0.0,29.7
W25,South-West Zone,13508,20.29250747814624,85.80721151889455,2026-08-30T00:00,25.1,99,8.3,0.0,30.6
W25,South-West Zone,13508,20.29250747814624,85.80721151889455,2026-08-30T01:00,25.4,99,9.6,0.0,30.7
W25,South-West Zone,13508,20.29250747814624,85.80721151889455,2026-08-30T02:00,25.6,98,9.7,0.0,31.1
W25,South-West Zone,13508,20.29250747814624,85.80721151889455,2026-08-30T03:00,25.8,97,9.8,0.0,31.3
W25,South-West Zone,13508,20.29250747814624,85.80721151889455,2026-08-30T04:00,25.8,97,8.1,0.0,31.5
W25,South-West Zone,13508,20.29250747814624,85.80721151889455,2026-08-30T05:00,25.7,99,9.0,0.0,31.3
W25,South-West Zone,13508,20.29250747814624,85.80721151889455,2026-08-30T06:00,25.8,98,7.9,18.0,31.7
W25,South-West Zone,13508,20.29250747814624,85.80721151889455,2026-08-30T07:00,26.3,95,8.3,63.0,32.1
W25,South-West Zone,13508,20.29250747814624,85.80721151889455,2026-08-30T08:00,26.2,95,9.7,116.0,31.8
W25,South-West Zone,13508,20.29250747814624,85.80721151889455,2026-08-30T09:00,26.1,93,7.8,155.0,31.5
W25,South-West Zone,13508,20.29250747814624,85.80721151889455,2026-08-30T10:00,26.9,93,7.2,197.0,33.0
W25,South-West Zone,13508,20.29250747814624,85.80721151889455,2026-08-30T11:00,26.8,93,8.5,156.0,32.6
W25,South-West Zone,13508,20.29250747814624,85.80721151889455,2026-08-30T12:00,28.0,89,7.9,345.0,34.1
W25,South-West Zone,13508,20.29250747814624,85.80721151889455,2026-08-30T13:00,29.0,83,10.7,334.0,34.7
W25,South-West Zone,13508,20.29250747814624,85.80721151889455,2026-08-30T14:00,29.6,79,12.1,389.0,34.8
W25,South-West Zone,13508,20.29250747814624,85.80721151889455,2026-08-30T15:00,29.9,76,13.0,333.0,34.9
W25,South-West Zone,13508,20.29250747814624,85.80721151889455,2026-08-30T16:00,29.6,78,12.7,221.0,34.6
W25,South-West Zone,13508,20.29250747814624,85.80721151889455,2026-08-30T17:00,29.0,81,9.0,110.0,34.7
W25,South-West Zone,13508,20.29250747814624,85.80721151889455,2026-08-30T18:00,28.1,85,8.2,10.0,33.9
W25,South-West Zone,13508,20.29250747814624,85.80721151889455,2026-08-30T19:00,27.9,86,8.3,0.0,33.7
W25,South-West Zone,13508,20.29250747814624,85.80721151889455,2026-08-30T20:00,27.1,88,6.2,0.0,32.9
W25,South-West Zone,13508,20.29250747814624,85.80721151889455,2026-08-30T21:00,26.7,93,5.5,0.0,33.0
W25,South-West Zone,13508,20.29250747814624,85.80721151889455,2026-08-30T22:00,26.4,95,5.1,0.0,32.7
W25,South-West Zone,13508,20.29250747814624,85.80721151889455,2026-08-30T23:00,26.2,96,8.0,0.0,32.0
W25,South-West Zone,13508,20.29250747814624,85.80721151889455,2026-08-31T00:00,26.0,95,11.5,0.0,31.0
W25,South-West Zone,13508,20.29250747814624,85.80721151889455,2026-08-31T01:00,25.7,94,11.3,0.0,30.5
W25,South-West Zone,13508,20.29250747814624,85.80721151889455,2026-08-31T02:00,25.4,94,10.8,0.0,30.1
W25,South-West Zone,13508,20.29250747814624,85.80721151889455,2026-08-31T03:00,25.4,94,10.2,0.0,30.1
W25,South-West Zone,13508,20.29250747814624,85.80721151889455,2026-08-31T04:00,25.5,92,10.1,0.0,30.2
W25,South-West Zone,13508,20.29250747814624,85.80721151889455,2026-08-31T05:00,25.5,92,9.0,0.0,30.3
W25,South-West Zone,13508,20.29250747814624,85.80721151889455,2026-08-31T06:00,25.7,92,8.5,19.0,30.7
W25,South-West Zone,13508,20.29250747814624,85.80721151889455,2026-08-31T07:00,26.5,88,9.2,100.0,31.5
W25,South-West Zone,13508,20.29250747814624,85.80721151889455,2026-08-31T08:00,27.1,86,9.3,159.0,32.3
W25,South-West Zone,13508,20.29250747814624,85.80721151889455,2026-08-31T09:00,27.5,85,12.4,239.0,32.2
W25,South-West Zone,13508,20.29250747814624,85.80721151889455,2026-08-31T10:00,28.0,82,16.6,418.0,31.9
W25,South-West Zone,13508,20.29250747814624,85.80721151889455,2026-08-31T11:00,28.3,79,15.4,306.0,32.3
W25,South-West Zone,13508,20.29250747814624,85.80721151889455,2026-08-31T12:00,29.0,76,16.6,446.0,32.8
W25,South-West Zone,13508,20.29250747814624,85.80721151889455,2026-08-31T13:00,29.7,72,17.3,469.0,33.3
W25,South-West Zone,13508,20.29250747814624,85.80721151889455,2026-08-31T14:00,30.1,70,17.4,456.0,33.7
W25,South-West Zone,13508,20.29250747814624,85.80721151889455,2026-08-31T15:00,29.9,71,16.8,437.0,33.6
W25,South-West Zone,13508,20.29250747814624,85.80721151889455,2026-08-31T16:00,29.3,74,15.7,304.0,33.2
W25,South-West Zone,13508,20.29250747814624,85.80721151889455,2026-08-31T17:00,28.8,76,14.8,138.0,32.8
W25,South-West Zone,13508,20.29250747814624,85.80721151889455,2026-08-31T18:00,28.4,78,13.7,9.0,32.5
W25,South-West Zone,13508,20.29250747814624,85.80721151889455,2026-08-31T19:00,28.0,79,12.4,0.0,32.2
W25,South-West Zone,13508,20.29250747814624,85.80721151889455,2026-08-31T20:00,27.6,80,11.4,0.0,31.9
W25,South-West Zone,13508,20.29250747814624,85.80721151889455,2026-08-31T21:00,27.2,82,10.1,0.0,31.7
W25,South-West Zone,13508,20.29250747814624,85.80721151889455,2026-08-31T22:00,26.9,84,9.1,0.0,31.6
W25,South-West Zone,13508,20.29250747814624,85.80721151889455,2026-08-31T23:00,26.6,85,9.0,0.0,31.3
W25,South-West Zone,13508,20.29250747814624,85.80721151889455,2026-09-01T00:00,26.6,84,9.8,0.0,31.0
W25,South-West Zone,13508,20.29250747814624,85.80721151889455,2026-09-01T01:00,26.6,83,11.2,0.0,30.7
W25,South-West Zone,13508,20.29250747814624,85.80721151889455,2026-09-01T02:00,26.6,82,11.7,0.0,30.6
W25,South-West Zone,13508,20.29250747814624,85.80721151889455,2026-09-01T03:00,26.5,83,10.9,0.0,30.6
W25,South-West Zone,13508,20.29250747814624,85.80721151889455,2026-09-01T04:00,26.2,85,10.0,0.0,30.6
W25,South-West Zone,13508,20.29250747814624,85.80721151889455,2026-09-01T05:00,26.3,86,9.9,0.0,30.7
W25,South-West Zone,13508,20.29250747814624,85.80721151889455,2026-09-01T06:00,26.8,84,10.5,24.0,31.2
W25,South-West Zone,13508,20.29250747814624,85.80721151889455,2026-09-01T07:00,27.5,81,11.0,104.0,31.9
W25,South-West Zone,13508,20.29250747814624,85.80721151889455,2026-09-01T08:00,28.1,78,11.5,181.0,32.5
W25,South-West Zone,13508,20.29250747814624,85.80721151889455,2026-09-01T09:00,28.4,77,11.6,238.0,32.8
W25,South-West Zone,13508,20.29250747814624,85.80721151889455,2026-09-01T10:00,28.6,76,12.7,292.0,32.9
W25,South-West Zone,13508,20.29250747814624,85.80721151889455,2026-09-01T11:00,28.8,76,14.0,334.0,32.9
W25,South-West Zone,13508,20.29250747814624,85.80721151889455,2026-09-01T12:00,29.2,74,14.8,340.0,33.2
W25,South-West Zone,13508,20.29250747814624,85.80721151889455,2026-09-01T13:00,29.6,72,15.2,360.0,33.4
W25,South-West Zone,13508,20.29250747814624,85.80721151889455,2026-09-01T14:00,29.8,71,14.8,363.0,33.7
W25,South-West Zone,13508,20.29250747814624,85.80721151889455,2026-09-01T15:00,29.5,74,13.2,394.0,34.0
W25,South-West Zone,13508,20.29250747814624,85.80721151889455,2026-09-01T16:00,29.0,80,10.9,270.0,34.2
W25,South-West Zone,13508,20.29250747814624,85.80721151889455,2026-09-01T17:00,28.4,84,9.3,115.0,34.1
W25,South-West Zone,13508,20.29250747814624,85.80721151889455,2026-09-01T18:00,27.8,86,8.1,6.0,33.6
W25,South-West Zone,13508,20.29250747814624,85.80721151889455,2026-09-01T19:00,27.2,88,7.2,0.0,32.8
W25,South-West Zone,13508,20.29250747814624,85.80721151889455,2026-09-01T20:00,26.7,89,7.0,0.0,32.1
W25,South-West Zone,13508,20.29250747814624,85.80721151889455,2026-09-01T21:00,26.5,90,7.8,0.0,31.9
W25,South-West Zone,13508,20.29250747814624,85.80721151889455,2026-09-01T22:00,26.5,91,9.3,0.0,31.7
W25,South-West Zone,13508,20.29250747814624,85.80721151889455,2026-09-01T23:00,26.5,91,10.2,0.0,31.6
W51,South-West Zone,12138,20.268163288530804,85.80614663662465,2026-08-28T00:00,26.9,95,9.0,0.0,32.9
W51,South-West Zone,12138,20.268163288530804,85.80614663662465,2026-08-28T01:00,26.9,95,10.7,0.0,32.7
W51,South-West Zone,12138,20.268163288530804,85.80614663662465,2026-08-28T02:00,26.9,93,12.0,0.0,32.3
W51,South-West Zone,12138,20.268163288530804,85.80614663662465,2026-08-28T03:00,26.5,92,12.4,0.0,31.5
W51,South-West Zone,12138,20.268163288530804,85.80614663662465,2026-08-28T04:00,26.3,91,11.4,0.0,31.1
W51,South-West Zone,12138,20.268163288530804,85.80614663662465,2026-08-28T05:00,26.3,90,11.1,0.0,31.0
W51,South-West Zone,12138,20.268163288530804,85.80614663662465,2026-08-28T06:00,26.9,88,11.1,42.0,31.7
W51,South-West Zone,12138,20.268163288530804,85.80614663662465,2026-08-28T07:00,28.3,82,13.0,212.0,33.1
W51,South-West Zone,12138,20.268163288530804,85.80614663662465,2026-08-28T08:00,29.5,77,16.0,416.0,33.9
W51,South-West Zone,12138,20.268163288530804,85.80614663662465,2026-08-28T09:00,30.5,74,15.7,616.0,35.5
W51,South-West Zone,12138,20.268163288530804,85.80614663662465,2026-08-28T10:00,31.3,73,13.5,708.0,37.5
W51,South-West Zone,12138,20.268163288530804,85.80614663662465,2026-08-28T11:00,31.6,71,11.5,738.0,38.1
W51,South-West Zone,12138,20.268163288530804,85.80614663662465,2026-08-28T12:00,28.8,85,13.5,469.0,34.3
W51,South-West Zone,12138,20.268163288530804,85.80614663662465,2026-08-28T13:00,29.2,83,7.0,451.0,35.7
W51,South-West Zone,12138,20.268163288530804,85.80614663662465,2026-08-28T14:00,30.0,84,5.3,346.0,37.3
W51,South-West Zone,12138,20.268163288530804,85.80614663662465,2026-08-28T15:00,29.4,88,4.6,297.0,36.9
W51,South-West Zone,12138,20.268163288530804,85.80614663662465,2026-08-28T16:00,26.9,92,8.7,171.0,32.6
W51,South-West Zone,12138,20.268163288530804,85.80614663662465,2026-08-28T17:00,26.7,94,0.4,61.0,33.8
W51,South-West Zone,12138,20.268163288530804,85.80614663662465,2026-08-28T18:00,26.8,95,4.6,6.0,33.5
W51,South-West Zone,12138,20.268163288530804,85.80614663662465,2026-08-28T19:00,26.5,97,8.5,0.0,32.6
W51,South-West Zone,12138,20.268163288530804,85.80614663662465,2026-08-28T20:00,26.2,97,8.8,0.0,32.1
W51,South-West Zone,12138,20.268163288530804,85.80614663662465,2026-08-28T21:00,26.1,97,8.7,0.0,31.9
W51,South-West Zone,12138,20.268163288530804,85.80614663662465,2026-08-28T22:00,26.0,97,9.5,0.0,31.7
W51,South-West Zone,12138,20.268163288530804,85.80614663662465,2026-08-28T23:00,26.1,97,8.7,0.0,31.9
W51,South-West Zone,12138,20.268163288530804,85.80614663662465,2026-08-29T00:00,26.2,97,8.8,0.0,32.0
W51,South-West Zone,12138,20.268163288530804,85.80614663662465,2026-08-29T01:00,26.2,96,8.3,0.0,32.1
W51,South-West Zone,12138,20.268163288530804,85.80614663662465,2026-08-29T02:00,26.3,96,8.7,0.0,32.1
W51,South-West Zone,12138,20.268163288530804,85.80614663662465,2026-08-29T03:00,25.2,98,11.7,0.0,30.1
W51,South-West Zone,12138,20.268163288530804,85.80614663662465,2026-08-29T04:00,25.5,98,9.7,0.0,30.8
W51,South-West Zone,12138,20.268163288530804,85.80614663662465,2026-08-29T05:00,25.7,97,10.1,0.0,31.1
W51,South-West Zone,12138,20.268163288530804,85.80614663662465,2026-08-29T06:00,26.2,98,8.6,28.0,32.1
W51,South-West Zone,12138,20.268163288530804,85.80614663662465,2026-08-29T07:00,26.9,97,6.8,106.0,33.6
W51,South-West Zone,12138,20.268163288530804,85.80614663662465,2026-08-29T08:00,28.2,92,7.8,250.0,34.9
W51,South-West Zone,12138,20.268163288530804,85.80614663662465,2026-08-29T09:00,29.4,83,9.4,428.0,35.6
W51,South-West Zone,12138,20.268163288530804,85.80614663662465,2026-08-29T10:00,29.8,82,9.3,419.0,36.0
W51,South-West Zone,12138,20.268163288530804,85.80614663662465,2026-08-29T11:00,29.7,80,10.1,309.0,35.5
W51,South-West Zone,12138,20.268163288530804,85.80614663662465,2026-08-29T12:00,29.9,78,11.3,323.0,35.4
W51,South-West Zone,12138,20.268163288530804,85.80614663662465,2026-08-29T13:00,30.2,76,11.7,333.0,35.5
W51,South-West Zone,12138,20.268163288530804,85.80614663662465,2026-08-29T14:00,30.2,77,9.6,258.0,36.0
W51,South-West Zone,12138,20.268163288530804,85.80614663662465,2026-08-29T15:00,30.3,77,9.5,240.0,36.1
W51,South-West Zone,12138,20.268163288530804,85.80614663662465,2026-08-29T16:00,29.2,85,9.0,113.0,35.6
W51,South-West Zone,12138,20.268163288530804,85.80614663662465,2026-08-29T17:00,27.1,95,7.2,53.0,33.6
W51,South-West Zone,12138,20.268163288530804,85.80614663662465,2026-08-29T18:00,26.8,97,10.2,1.0,32.9
W51,South-West Zone,12138,20.268163288530804,85.80614663662465,2026-08-29T19:00,26.7,97,8.2,0.0,33.0
W51,South-West Zone,12138,20.268163288530804,85.80614663662465,2026-08-29T20:00,26.4,97,8.8,0.0,32.4
W51,South-West Zone,12138,20.268163288530804,85.80614663662465,2026-08-29T21:00,26.3,97,7.8,0.0,32.4
W51,South-West Zone,12138,20.268163288530804,85.80614663662465,2026-08-29T22:00,26.1,97,8.3,0.0,32.0
W51,South-West Zone,12138,20.268163288530804,85.80614663662465,2026-08-29T23:00,24.9,99,12.5,0.0,29.7
W51,South-West Zone,12138,20.268163288530804,85.80614663662465,2026-08-30T00:00,25.1,99,8.3,0.0,30.6
W51,South-West Zone,12138,20.268163288530804,85.80614663662465,2026-08-30T01:00,25.4,99,9.6,0.0,30.7
W51,South-West Zone,12138,20.268163288530804,85.80614663662465,2026-08-30T02:00,25.6,98,9.7,0.0,31.1
W51,South-West Zone,12138,20.268163288530804,85.80614663662465,2026-08-30T03:00,25.8,97,9.8,0.0,31.3
W51,South-West Zone,12138,20.268163288530804,85.80614663662465,2026-08-30T04:00,25.8,97,8.1,0.0,31.5
W51,South-West Zone,12138,20.268163288530804,85.80614663662465,2026-08-30T05:00,25.7,99,9.0,0.0,31.3
W51,South-West Zone,12138,20.268163288530804,85.80614663662465,2026-08-30T06:00,25.8,98,7.9,18.0,31.7
W51,South-West Zone,12138,20.268163288530804,85.80614663662465,2026-08-30T07:00,26.3,95,8.3,63.0,32.1
W51,South-West Zone,12138,20.268163288530804,85.80614663662465,2026-08-30T08:00,26.2,95,9.7,116.0,31.8
W51,South-West Zone,12138,20.268163288530804,85.80614663662465,2026-08-30T09:00,26.1,93,7.8,155.0,31.5
W51,South-West Zone,12138,20.268163288530804,85.80614663662465,2026-08-30T10:00,26.9,93,7.2,197.0,33.0
W51,South-West Zone,12138,20.268163288530804,85.80614663662465,2026-08-30T11:00,26.8,93,8.5,156.0,32.6
W51,South-West Zone,12138,20.268163288530804,85.80614663662465,2026-08-30T12:00,28.0,89,7.9,345.0,34.1
W51,South-West Zone,12138,20.268163288530804,85.80614663662465,2026-08-30T13:00,29.0,83,10.7,334.0,34.7
W51,South-West Zone,12138,20.268163288530804,85.80614663662465,2026-08-30T14:00,29.6,79,12.1,389.0,34.8
W51,South-West Zone,12138,20.268163288530804,85.80614663662465,2026-08-30T15:00,29.9,76,13.0,333.0,34.9
W51,South-West Zone,12138,20.268163288530804,85.80614663662465,2026-08-30T16:00,29.6,78,12.7,221.0,34.6
W51,South-West Zone,12138,20.268163288530804,85.80614663662465,2026-08-30T17:00,29.0,81,9.0,110.0,34.7
W51,South-West Zone,12138,20.268163288530804,85.80614663662465,2026-08-30T18:00,28.1,85,8.2,10.0,33.9
W51,South-West Zone,12138,20.268163288530804,85.80614663662465,2026-08-30T19:00,27.9,86,8.3,0.0,33.7
W51,South-West Zone,12138,20.268163288530804,85.80614663662465,2026-08-30T20:00,27.1,88,6.2,0.0,32.9
W51,South-West Zone,12138,20.268163288530804,85.80614663662465,2026-08-30T21:00,26.7,93,5.5,0.0,33.0
W51,South-West Zone,12138,20.268163288530804,85.80614663662465,2026-08-30T22:00,26.4,95,5.1,0.0,32.7
W51,South-West Zone,12138,20.268163288530804,85.80614663662465,2026-08-30T23:00,26.2,96,8.0,0.0,32.0
W51,South-West Zone,12138,20.268163288530804,85.80614663662465,2026-08-31T00:00,26.0,95,11.5,0.0,31.0
W51,South-West Zone,12138,20.268163288530804,85.80614663662465,2026-08-31T01:00,25.7,94,11.3,0.0,30.5
W51,South-West Zone,12138,20.268163288530804,85.80614663662465,2026-08-31T02:00,25.4,94,10.8,0.0,30.1
W51,South-West Zone,12138,20.268163288530804,85.80614663662465,2026-08-31T03:00,25.4,94,10.2,0.0,30.1
W51,South-West Zone,12138,20.268163288530804,85.80614663662465,2026-08-31T04:00,25.5,92,10.1,0.0,30.2
W51,South-West Zone,12138,20.268163288530804,85.80614663662465,2026-08-31T05:00,25.5,92,9.0,0.0,30.3
W51,South-West Zone,12138,20.268163288530804,85.80614663662465,2026-08-31T06:00,25.7,92,8.5,19.0,30.7
W51,South-West Zone,12138,20.268163288530804,85.80614663662465,2026-08-31T07:00,26.5,88,9.2,100.0,31.5
W51,South-West Zone,12138,20.268163288530804,85.80614663662465,2026-08-31T08:00,27.1,86,9.3,159.0,32.3
W51,South-West Zone,12138,20.268163288530804,85.80614663662465,2026-08-31T09:00,27.5,85,12.4,239.0,32.2
W51,South-West Zone,12138,20.268163288530804,85.80614663662465,2026-08-31T10:00,28.0,82,16.6,418.0,31.9
W51,South-West Zone,12138,20.268163288530804,85.80614663662465,2026-08-31T11:00,28.3,79,15.4,306.0,32.3
W51,South-West Zone,12138,20.268163288530804,85.80614663662465,2026-08-31T12:00,29.0,76,16.6,446.0,32.8
W51,South-West Zone,12138,20.268163288530804,85.80614663662465,2026-08-31T13:00,29.7,72,17.3,469.0,33.3
W51,South-West Zone,12138,20.268163288530804,85.80614663662465,2026-08-31T14:00,30.1,70,17.4,456.0,33.7
W51,South-West Zone,12138,20.268163288530804,85.80614663662465,2026-08-31T15:00,29.9,71,16.8,437.0,33.6
W51,South-West Zone,12138,20.268163288530804,85.80614663662465,2026-08-31T16:00,29.3,74,15.7,304.0,33.2
W51,South-West Zone,12138,20.268163288530804,85.80614663662465,2026-08-31T17:00,28.8,76,14.8,138.0,32.8
W51,South-West Zone,12138,20.268163288530804,85.80614663662465,2026-08-31T18:00,28.4,78,13.7,9.0,32.5
W51,South-West Zone,12138,20.268163288530804,85.80614663662465,2026-08-31T19:00,28.0,79,12.4,0.0,32.2
W51,South-West Zone,12138,20.268163288530804,85.80614663662465,2026-08-31T20:00,27.6,80,11.4,0.0,31.9
W51,South-West Zone,12138,20.268163288530804,85.80614663662465,2026-08-31T21:00,27.2,82,10.1,0.0,31.7
W51,South-West Zone,12138,20.268163288530804,85.80614663662465,2026-08-31T22:00,26.9,84,9.1,0.0,31.6
W51,South-West Zone,12138,20.268163288530804,85.80614663662465,2026-08-31T23:00,26.6,85,9.0,0.0,31.3
W51,South-West Zone,12138,20.268163288530804,85.80614663662465,2026-09-01T00:00,26.6,84,9.8,0.0,31.0
W51,South-West Zone,12138,20.268163288530804,85.80614663662465,2026-09-01T01:00,26.6,83,11.2,0.0,30.7
W51,South-West Zone,12138,20.268163288530804,85.80614663662465,2026-09-01T02:00,26.6,82,11.7,0.0,30.6
W51,South-West Zone,12138,20.268163288530804,85.80614663662465,2026-09-01T03:00,26.5,83,10.9,0.0,30.6
W51,South-West Zone,12138,20.268163288530804,85.80614663662465,2026-09-01T04:00,26.2,85,10.0,0.0,30.6
W51,South-West Zone,12138,20.268163288530804,85.80614663662465,2026-09-01T05:00,26.3,86,9.9,0.0,30.7
W51,South-West Zone,12138,20.268163288530804,85.80614663662465,2026-09-01T06:00,26.8,84,10.5,24.0,31.2
W51,South-West Zone,12138,20.268163288530804,85.80614663662465,2026-09-01T07:00,27.5,81,11.0,104.0,31.9
W51,South-West Zone,12138,20.268163288530804,85.80614663662465,2026-09-01T08:00,28.1,78,11.5,181.0,32.5
W51,South-West Zone,12138,20.268163288530804,85.80614663662465,2026-09-01T09:00,28.4,77,11.6,238.0,32.8
W51,South-West Zone,12138,20.268163288530804,85.80614663662465,2026-09-01T10:00,28.6,76,12.7,292.0,32.9
W51,South-West Zone,12138,20.268163288530804,85.80614663662465,2026-09-01T11:00,28.8,76,14.0,334.0,32.9
W51,South-West Zone,12138,20.268163288530804,85.80614663662465,2026-09-01T12:00,29.2,74,14.8,340.0,33.2
W51,South-West Zone,12138,20.268163288530804,85.80614663662465,2026-09-01T13:00,29.6,72,15.2,360.0,33.4
W51,South-West Zone,12138,20.268163288530804,85.80614663662465,2026-09-01T14:00,29.8,71,14.8,363.0,33.7
W51,South-West Zone,12138,20.268163288530804,85.80614663662465,2026-09-01T15:00,29.5,74,13.2,394.0,34.0
W51,South-West Zone,12138,20.268163288530804,85.80614663662465,2026-09-01T16:00,29.0,80,10.9,270.0,34.2
W51,South-West Zone,12138,20.268163288530804,85.80614663662465,2026-09-01T17:00,28.4,84,9.3,115.0,34.1
W51,South-West Zone,12138,20.268163288530804,85.80614663662465,2026-09-01T18:00,27.8,86,8.1,6.0,33.6
W51,South-West Zone,12138,20.268163288530804,85.80614663662465,2026-09-01T19:00,27.2,88,7.2,0.0,32.8
W51,South-West Zone,12138,20.268163288530804,85.80614663662465,2026-09-01T20:00,26.7,89,7.0,0.0,32.1
W51,South-West Zone,12138,20.268163288530804,85.80614663662465,2026-09-01T21:00,26.5,90,7.8,0.0,31.9
W51,South-West Zone,12138,20.268163288530804,85.80614663662465,2026-09-01T22:00,26.5,91,9.3,0.0,31.7
W51,South-West Zone,12138,20.268163288530804,85.80614663662465,2026-09-01T23:00,26.5,91,10.2,0.0,31.6
W56,South-East Zone,11228,20.251335516414276,85.84259371169185,2026-08-28T00:00,26.9,95,9.0,0.0,32.9
W56,South-East Zone,11228,20.251335516414276,85.84259371169185,2026-08-28T01:00,26.9,95,10.7,0.0,32.7
W56,South-East Zone,11228,20.251335516414276,85.84259371169185,2026-08-28T02:00,26.9,93,12.0,0.0,32.3
W56,South-East Zone,11228,20.251335516414276,85.84259371169185,2026-08-28T03:00,26.5,92,12.4,0.0,31.5
W56,South-East Zone,11228,20.251335516414276,85.84259371169185,2026-08-28T04:00,26.3,91,11.4,0.0,31.1
W56,South-East Zone,11228,20.251335516414276,85.84259371169185,2026-08-28T05:00,26.3,90,11.1,0.0,31.0
W56,South-East Zone,11228,20.251335516414276,85.84259371169185,2026-08-28T06:00,26.9,88,11.1,42.0,31.7
W56,South-East Zone,11228,20.251335516414276,85.84259371169185,2026-08-28T07:00,28.3,82,13.0,212.0,33.1
W56,South-East Zone,11228,20.251335516414276,85.84259371169185,2026-08-28T08:00,29.5,77,16.0,416.0,33.9
W56,South-East Zone,11228,20.251335516414276,85.84259371169185,2026-08-28T09:00,30.5,74,15.7,616.0,35.5
W56,South-East Zone,11228,20.251335516414276,85.84259371169185,2026-08-28T10:00,31.3,73,13.5,708.0,37.5
W56,South-East Zone,11228,20.251335516414276,85.84259371169185,2026-08-28T11:00,31.6,71,11.5,738.0,38.1
W56,South-East Zone,11228,20.251335516414276,85.84259371169185,2026-08-28T12:00,28.8,85,13.5,469.0,34.3
W56,South-East Zone,11228,20.251335516414276,85.84259371169185,2026-08-28T13:00,29.2,83,7.0,451.0,35.7
W56,South-East Zone,11228,20.251335516414276,85.84259371169185,2026-08-28T14:00,30.0,84,5.3,346.0,37.3
W56,South-East Zone,11228,20.251335516414276,85.84259371169185,2026-08-28T15:00,29.4,88,4.6,297.0,36.9
W56,South-East Zone,11228,20.251335516414276,85.84259371169185,2026-08-28T16:00,26.9,92,8.7,171.0,32.6
W56,South-East Zone,11228,20.251335516414276,85.84259371169185,2026-08-28T17:00,26.7,94,0.4,61.0,33.8
W56,South-East Zone,11228,20.251335516414276,85.84259371169185,2026-08-28T18:00,26.8,95,4.6,6.0,33.5
W56,South-East Zone,11228,20.251335516414276,85.84259371169185,2026-08-28T19:00,26.5,97,8.5,0.0,32.6
W56,South-East Zone,11228,20.251335516414276,85.84259371169185,2026-08-28T20:00,26.2,97,8.8,0.0,32.1
W56,South-East Zone,11228,20.251335516414276,85.84259371169185,2026-08-28T21:00,26.1,97,8.7,0.0,31.9
W56,South-East Zone,11228,20.251335516414276,85.84259371169185,2026-08-28T22:00,26.0,97,9.5,0.0,31.7
W56,South-East Zone,11228,20.251335516414276,85.84259371169185,2026-08-28T23:00,26.1,97,8.7,0.0,31.9
W56,South-East Zone,11228,20.251335516414276,85.84259371169185,2026-08-29T00:00,26.2,97,8.8,0.0,32.0
W56,South-East Zone,11228,20.251335516414276,85.84259371169185,2026-08-29T01:00,26.2,96,8.3,0.0,32.1
W56,South-East Zone,11228,20.251335516414276,85.84259371169185,2026-08-29T02:00,26.3,96,8.7,0.0,32.1
W56,South-East Zone,11228,20.251335516414276,85.84259371169185,2026-08-29T03:00,25.2,98,11.7,0.0,30.1
W56,South-East Zone,11228,20.251335516414276,85.84259371169185,2026-08-29T04:00,25.5,98,9.7,0.0,30.8
W56,South-East Zone,11228,20.251335516414276,85.84259371169185,2026-08-29T05:00,25.7,97,10.1,0.0,31.1
W56,South-East Zone,11228,20.251335516414276,85.84259371169185,2026-08-29T06:00,26.2,98,8.6,28.0,32.1
W56,South-East Zone,11228,20.251335516414276,85.84259371169185,2026-08-29T07:00,26.9,97,6.8,106.0,33.6
W56,South-East Zone,11228,20.251335516414276,85.84259371169185,2026-08-29T08:00,28.2,92,7.8,250.0,34.9
W56,South-East Zone,11228,20.251335516414276,85.84259371169185,2026-08-29T09:00,29.4,83,9.4,428.0,35.6
W56,South-East Zone,11228,20.251335516414276,85.84259371169185,2026-08-29T10:00,29.8,82,9.3,419.0,36.0
W56,South-East Zone,11228,20.251335516414276,85.84259371169185,2026-08-29T11:00,29.7,80,10.1,309.0,35.5
W56,South-East Zone,11228,20.251335516414276,85.84259371169185,2026-08-29T12:00,29.9,78,11.3,323.0,35.4
W56,South-East Zone,11228,20.251335516414276,85.84259371169185,2026-08-29T13:00,30.2,76,11.7,333.0,35.5
W56,South-East Zone,11228,20.251335516414276,85.84259371169185,2026-08-29T14:00,30.2,77,9.6,258.0,36.0
W56,South-East Zone,11228,20.251335516414276,85.84259371169185,2026-08-29T15:00,30.3,77,9.5,240.0,36.1
W56,South-East Zone,11228,20.251335516414276,85.84259371169185,2026-08-29T16:00,29.2,85,9.0,113.0,35.6
W56,South-East Zone,11228,20.251335516414276,85.84259371169185,2026-08-29T17:00,27.1,95,7.2,53.0,33.6
W56,South-East Zone,11228,20.251335516414276,85.84259371169185,2026-08-29T18:00,26.8,97,10.2,1.0,32.9
W56,South-East Zone,11228,20.251335516414276,85.84259371169185,2026-08-29T19:00,26.7,97,8.2,0.0,33.0
W56,South-East Zone,11228,20.251335516414276,85.84259371169185,2026-08-29T20:00,26.4,97,8.8,0.0,32.4
W56,South-East Zone,11228,20.251335516414276,85.84259371169185,2026-08-29T21:00,26.3,97,7.8,0.0,32.4
W56,South-East Zone,11228,20.251335516414276,85.84259371169185,2026-08-29T22:00,26.1,97,8.3,0.0,32.0
W56,South-East Zone,11228,20.251335516414276,85.84259371169185,2026-08-29T23:00,24.9,99,12.5,0.0,29.7
W56,South-East Zone,11228,20.251335516414276,85.84259371169185,2026-08-30T00:00,25.1,99,8.3,0.0,30.6
W56,South-East Zone,11228,20.251335516414276,85.84259371169185,2026-08-30T01:00,25.4,99,9.6,0.0,30.7
W56,South-East Zone,11228,20.251335516414276,85.84259371169185,2026-08-30T02:00,25.6,98,9.7,0.0,31.1
W56,South-East Zone,11228,20.251335516414276,85.84259371169185,2026-08-30T03:00,25.8,97,9.8,0.0,31.3
W56,South-East Zone,11228,20.251335516414276,85.84259371169185,2026-08-30T04:00,25.8,97,8.1,0.0,31.5
W56,South-East Zone,11228,20.251335516414276,85.84259371169185,2026-08-30T05:00,25.7,99,9.0,0.0,31.3
W56,South-East Zone,11228,20.251335516414276,85.84259371169185,2026-08-30T06:00,25.8,98,7.9,18.0,31.7
W56,South-East Zone,11228,20.251335516414276,85.84259371169185,2026-08-30T07:00,26.3,95,8.3,63.0,32.1
W56,South-East Zone,11228,20.251335516414276,85.84259371169185,2026-08-30T08:00,26.2,95,9.7,116.0,31.8
W56,South-East Zone,11228,20.251335516414276,85.84259371169185,2026-08-30T09:00,26.1,93,7.8,155.0,31.5
W56,South-East Zone,11228,20.251335516414276,85.84259371169185,2026-08-30T10:00,26.9,93,7.2,197.0,33.0
W56,South-East Zone,11228,20.251335516414276,85.84259371169185,2026-08-30T11:00,26.8,93,8.5,156.0,32.6
W56,South-East Zone,11228,20.251335516414276,85.84259371169185,2026-08-30T12:00,28.0,89,7.9,345.0,34.1
W56,South-East Zone,11228,20.251335516414276,85.84259371169185,2026-08-30T13:00,29.0,83,10.7,334.0,34.7
W56,South-East Zone,11228,20.251335516414276,85.84259371169185,2026-08-30T14:00,29.6,79,12.1,389.0,34.8
W56,South-East Zone,11228,20.251335516414276,85.84259371169185,2026-08-30T15:00,29.9,76,13.0,333.0,34.9
W56,South-East Zone,11228,20.251335516414276,85.84259371169185,2026-08-30T16:00,29.6,78,12.7,221.0,34.6
W56,South-East Zone,11228,20.251335516414276,85.84259371169185,2026-08-30T17:00,29.0,81,9.0,110.0,34.7
W56,South-East Zone,11228,20.251335516414276,85.84259371169185,2026-08-30T18:00,28.1,85,8.2,10.0,33.9
W56,South-East Zone,11228,20.251335516414276,85.84259371169185,2026-08-30T19:00,27.9,86,8.3,0.0,33.7
W56,South-East Zone,11228,20.251335516414276,85.84259371169185,2026-08-30T20:00,27.1,88,6.2,0.0,32.9
W56,South-East Zone,11228,20.251335516414276,85.84259371169185,2026-08-30T21:00,26.7,93,5.5,0.0,33.0
W56,South-East Zone,11228,20.251335516414276,85.84259371169185,2026-08-30T22:00,26.4,95,5.1,0.0,32.7
W56,South-East Zone,11228,20.251335516414276,85.84259371169185,2026-08-30T23:00,26.2,96,8.0,0.0,32.0
W56,South-East Zone,11228,20.251335516414276,85.84259371169185,2026-08-31T00:00,26.0,95,11.5,0.0,31.0
W56,South-East Zone,11228,20.251335516414276,85.84259371169185,2026-08-31T01:00,25.7,94,11.3,0.0,30.5
W56,South-East Zone,11228,20.251335516414276,85.84259371169185,2026-08-31T02:00,25.4,94,10.8,0.0,30.1
W56,South-East Zone,11228,20.251335516414276,85.84259371169185,2026-08-31T03:00,25.4,94,10.2,0.0,30.1
W56,South-East Zone,11228,20.251335516414276,85.84259371169185,2026-08-31T04:00,25.5,92,10.1,0.0,30.2
W56,South-East Zone,11228,20.251335516414276,85.84259371169185,2026-08-31T05:00,25.5,92,9.0,0.0,30.3
W56,South-East Zone,11228,20.251335516414276,85.84259371169185,2026-08-31T06:00,25.7,92,8.5,19.0,30.7
W56,South-East Zone,11228,20.251335516414276,85.84259371169185,2026-08-31T07:00,26.5,88,9.2,100.0,31.5
W56,South-East Zone,11228,20.251335516414276,85.84259371169185,2026-08-31T08:00,27.1,86,9.3,159.0,32.3
W56,South-East Zone,11228,20.251335516414276,85.84259371169185,2026-08-31T09:00,27.5,85,12.4,239.0,32.2
W56,South-East Zone,11228,20.251335516414276,85.84259371169185,2026-08-31T10:00,28.0,82,16.6,418.0,31.9
W56,South-East Zone,11228,20.251335516414276,85.84259371169185,2026-08-31T11:00,28.3,79,15.4,306.0,32.3
W56,South-East Zone,11228,20.251335516414276,85.84259371169185,2026-08-31T12:00,29.0,76,16.6,446.0,32.8
W56,South-East Zone,11228,20.251335516414276,85.84259371169185,2026-08-31T13:00,29.7,72,17.3,469.0,33.3
W56,South-East Zone,11228,20.251335516414276,85.84259371169185,2026-08-31T14:00,30.1,70,17.4,456.0,33.7
W56,South-East Zone,11228,20.251335516414276,85.84259371169185,2026-08-31T15:00,29.9,71,16.8,437.0,33.6
W56,South-East Zone,11228,20.251335516414276,85.84259371169185,2026-08-31T16:00,29.3,74,15.7,304.0,33.2
W56,South-East Zone,11228,20.251335516414276,85.84259371169185,2026-08-31T17:00,28.8,76,14.8,138.0,32.8
W56,South-East Zone,11228,20.251335516414276,85.84259371169185,2026-08-31T18:00,28.4,78,13.7,9.0,32.5
W56,South-East Zone,11228,20.251335516414276,85.84259371169185,2026-08-31T19:00,28.0,79,12.4,0.0,32.2
W56,South-East Zone,11228,20.251335516414276,85.84259371169185,2026-08-31T20:00,27.6,80,11.4,0.0,31.9
W56,South-East Zone,11228,20.251335516414276,85.84259371169185,2026-08-31T21:00,27.2,82,10.1,0.0,31.7
W56,South-East Zone,11228,20.251335516414276,85.84259371169185,2026-08-31T22:00,26.9,84,9.1,0.0,31.6
W56,South-East Zone,11228,20.251335516414276,85.84259371169185,2026-08-31T23:00,26.6,85,9.0,0.0,31.3
W56,South-East Zone,11228,20.251335516414276,85.84259371169185,2026-09-01T00:00,26.6,84,9.8,0.0,31.0
W56,South-East Zone,11228,20.251335516414276,85.84259371169185,2026-09-01T01:00,26.6,83,11.2,0.0,30.7
W56,South-East Zone,11228,20.251335516414276,85.84259371169185,2026-09-01T02:00,26.6,82,11.7,0.0,30.6
W56,South-East Zone,11228,20.251335516414276,85.84259371169185,2026-09-01T03:00,26.5,83,10.9,0.0,30.6
W56,South-East Zone,11228,20.251335516414276,85.84259371169185,2026-09-01T04:00,26.2,85,10.0,0.0,30.6
W56,South-East Zone,11228,20.251335516414276,85.84259371169185,2026-09-01T05:00,26.3,86,9.9,0.0,30.7
W56,South-East Zone,11228,20.251335516414276,85.84259371169185,2026-09-01T06:00,26.8,84,10.5,24.0,31.2
W56,South-East Zone,11228,20.251335516414276,85.84259371169185,2026-09-01T07:00,27.5,81,11.0,104.0,31.9
W56,South-East Zone,11228,20.251335516414276,85.84259371169185,2026-09-01T08:00,28.1,78,11.5,181.0,32.5
W56,South-East Zone,11228,20.251335516414276,85.84259371169185,2026-09-01T09:00,28.4,77,11.6,238.0,32.8
W56,South-East Zone,11228,20.251335516414276,85.84259371169185,2026-09-01T10:00,28.6,76,12.7,292.0,32.9
W56,South-East Zone,11228,20.251335516414276,85.84259371169185,2026-09-01T11:00,28.8,76,14.0,334.0,32.9
W56,South-East Zone,11228,20.251335516414276,85.84259371169185,2026-09-01T12:00,29.2,74,14.8,340.0,33.2
W56,South-East Zone,11228,20.251335516414276,85.84259371169185,2026-09-01T13:00,29.6,72,15.2,360.0,33.4
W56,South-East Zone,11228,20.251335516414276,85.84259371169185,2026-09-01T14:00,29.8,71,14.8,363.0,33.7
W56,South-East Zone,11228,20.251335516414276,85.84259371169185,2026-09-01T15:00,29.5,74,13.2,394.0,34.0
W56,South-East Zone,11228,20.251335516414276,85.84259371169185,2026-09-01T16:00,29.0,80,10.9,270.0,34.2
W56,South-East Zone,11228,20.251335516414276,85.84259371169185,2026-09-01T17:00,28.4,84,9.3,115.0,34.1
W56,South-East Zone,11228,20.251335516414276,85.84259371169185,2026-09-01T18:00,27.8,86,8.1,6.0,33.6
W56,South-East Zone,11228,20.251335516414276,85.84259371169185,2026-09-01T19:00,27.2,88,7.2,0.0,32.8
W56,South-East Zone,11228,20.251335516414276,85.84259371169185,2026-09-01T20:00,26.7,89,7.0,0.0,32.1
W56,South-East Zone,11228,20.251335516414276,85.84259371169185,2026-09-01T21:00,26.5,90,7.8,0.0,31.9
W56,South-East Zone,11228,20.251335516414276,85.84259371169185,2026-09-01T22:00,26.5,91,9.3,0.0,31.7
W56,South-East Zone,11228,20.251335516414276,85.84259371169185,2026-09-01T23:00,26.5,91,10.2,0.0,31.6
W6,North Zone,13547,20.343523185058174,85.81561136932677,2026-08-28T00:00,26.9,95,9.0,0.0,32.9
W6,North Zone,13547,20.343523185058174,85.81561136932677,2026-08-28T01:00,26.9,95,10.7,0.0,32.7
W6,North Zone,13547,20.343523185058174,85.81561136932677,2026-08-28T02:00,26.9,93,12.0,0.0,32.3
W6,North Zone,13547,20.343523185058174,85.81561136932677,2026-08-28T03:00,26.5,92,12.4,0.0,31.5
W6,North Zone,13547,20.343523185058174,85.81561136932677,2026-08-28T04:00,26.3,91,11.4,0.0,31.1
W6,North Zone,13547,20.343523185058174,85.81561136932677,2026-08-28T05:00,26.3,90,11.1,0.0,31.0
W6,North Zone,13547,20.343523185058174,85.81561136932677,2026-08-28T06:00,26.9,88,11.1,42.0,31.7
W6,North Zone,13547,20.343523185058174,85.81561136932677,2026-08-28T07:00,28.3,82,13.0,212.0,33.1
W6,North Zone,13547,20.343523185058174,85.81561136932677,2026-08-28T08:00,29.5,77,16.0,416.0,33.9
W6,North Zone,13547,20.343523185058174,85.81561136932677,2026-08-28T09:00,30.5,74,15.7,616.0,35.5
W6,North Zone,13547,20.343523185058174,85.81561136932677,2026-08-28T10:00,31.3,73,13.5,708.0,37.5
W6,North Zone,13547,20.343523185058174,85.81561136932677,2026-08-28T11:00,31.6,71,11.5,738.0,38.1
W6,North Zone,13547,20.343523185058174,85.81561136932677,2026-08-28T12:00,28.8,85,13.5,469.0,34.3
W6,North Zone,13547,20.343523185058174,85.81561136932677,2026-08-28T13:00,29.2,83,7.0,451.0,35.7
W6,North Zone,13547,20.343523185058174,85.81561136932677,2026-08-28T14:00,30.0,84,5.3,346.0,37.3
W6,North Zone,13547,20.343523185058174,85.81561136932677,2026-08-28T15:00,29.4,88,4.6,297.0,36.9
W6,North Zone,13547,20.343523185058174,85.81561136932677,2026-08-28T16:00,26.9,92,8.7,171.0,32.6
W6,North Zone,13547,20.343523185058174,85.81561136932677,2026-08-28T17:00,26.7,94,0.4,61.0,33.8
W6,North Zone,13547,20.343523185058174,85.81561136932677,2026-08-28T18:00,26.8,95,4.6,6.0,33.5
W6,North Zone,13547,20.343523185058174,85.81561136932677,2026-08-28T19:00,26.5,97,8.5,0.0,32.6
W6,North Zone,13547,20.343523185058174,85.81561136932677,2026-08-28T20:00,26.2,97,8.8,0.0,32.1
W6,North Zone,13547,20.343523185058174,85.81561136932677,2026-08-28T21:00,26.1,97,8.7,0.0,31.9
W6,North Zone,13547,20.343523185058174,85.81561136932677,2026-08-28T22:00,26.0,97,9.5,0.0,31.7
W6,North Zone,13547,20.343523185058174,85.81561136932677,2026-08-28T23:00,26.1,97,8.7,0.0,31.9
W6,North Zone,13547,20.343523185058174,85.81561136932677,2026-08-29T00:00,26.2,97,8.8,0.0,32.0
W6,North Zone,13547,20.343523185058174,85.81561136932677,2026-08-29T01:00,26.2,96,8.3,0.0,32.1
W6,North Zone,13547,20.343523185058174,85.81561136932677,2026-08-29T02:00,26.3,96,8.7,0.0,32.1
W6,North Zone,13547,20.343523185058174,85.81561136932677,2026-08-29T03:00,25.2,98,11.7,0.0,30.1
W6,North Zone,13547,20.343523185058174,85.81561136932677,2026-08-29T04:00,25.5,98,9.7,0.0,30.8
W6,North Zone,13547,20.343523185058174,85.81561136932677,2026-08-29T05:00,25.7,97,10.1,0.0,31.1
W6,North Zone,13547,20.343523185058174,85.81561136932677,2026-08-29T06:00,26.2,98,8.6,28.0,32.1
W6,North Zone,13547,20.343523185058174,85.81561136932677,2026-08-29T07:00,26.9,97,6.8,106.0,33.6
W6,North Zone,13547,20.343523185058174,85.81561136932677,2026-08-29T08:00,28.2,92,7.8,250.0,34.9
W6,North Zone,13547,20.343523185058174,85.81561136932677,2026-08-29T09:00,29.4,83,9.4,428.0,35.6
W6,North Zone,13547,20.343523185058174,85.81561136932677,2026-08-29T10:00,29.8,82,9.3,419.0,36.0
W6,North Zone,13547,20.343523185058174,85.81561136932677,2026-08-29T11:00,29.7,80,10.1,309.0,35.5
W6,North Zone,13547,20.343523185058174,85.81561136932677,2026-08-29T12:00,29.9,78,11.3,323.0,35.4
W6,North Zone,13547,20.343523185058174,85.81561136932677,2026-08-29T13:00,30.2,76,11.7,333.0,35.5
W6,North Zone,13547,20.343523185058174,85.81561136932677,2026-08-29T14:00,30.2,77,9.6,258.0,36.0
W6,North Zone,13547,20.343523185058174,85.81561136932677,2026-08-29T15:00,30.3,77,9.5,240.0,36.1
W6,North Zone,13547,20.343523185058174,85.81561136932677,2026-08-29T16:00,29.2,85,9.0,113.0,35.6
W6,North Zone,13547,20.343523185058174,85.81561136932677,2026-08-29T17:00,27.1,95,7.2,53.0,33.6
W6,North Zone,13547,20.343523185058174,85.81561136932677,2026-08-29T18:00,26.8,97,10.2,1.0,32.9
W6,North Zone,13547,20.343523185058174,85.81561136932677,2026-08-29T19:00,26.7,97,8.2,0.0,33.0
W6,North Zone,13547,20.343523185058174,85.81561136932677,2026-08-29T20:00,26.4,97,8.8,0.0,32.4
W6,North Zone,13547,20.343523185058174,85.81561136932677,2026-08-29T21:00,26.3,97,7.8,0.0,32.4
W6,North Zone,13547,20.343523185058174,85.81561136932677,2026-08-29T22:00,26.1,97,8.3,0.0,32.0
W6,North Zone,13547,20.343523185058174,85.81561136932677,2026-08-29T23:00,24.9,99,12.5,0.0,29.7
W6,North Zone,13547,20.343523185058174,85.81561136932677,2026-08-30T00:00,25.1,99,8.3,0.0,30.6
W6,North Zone,13547,20.343523185058174,85.81561136932677,2026-08-30T01:00,25.4,99,9.6,0.0,30.7
W6,North Zone,13547,20.343523185058174,85.81561136932677,2026-08-30T02:00,25.6,98,9.7,0.0,31.1
W6,North Zone,13547,20.343523185058174,85.81561136932677,2026-08-30T03:00,25.8,97,9.8,0.0,31.3
W6,North Zone,13547,20.343523185058174,85.81561136932677,2026-08-30T04:00,25.8,97,8.1,0.0,31.5
W6,North Zone,13547,20.343523185058174,85.81561136932677,2026-08-30T05:00,25.7,99,9.0,0.0,31.3
W6,North Zone,13547,20.343523185058174,85.81561136932677,2026-08-30T06:00,25.8,98,7.9,18.0,31.7
W6,North Zone,13547,20.343523185058174,85.81561136932677,2026-08-30T07:00,26.3,95,8.3,63.0,32.1
W6,North Zone,13547,20.343523185058174,85.81561136932677,2026-08-30T08:00,26.2,95,9.7,116.0,31.8
W6,North Zone,13547,20.343523185058174,85.81561136932677,2026-08-30T09:00,26.1,93,7.8,155.0,31.5
W6,North Zone,13547,20.343523185058174,85.81561136932677,2026-08-30T10:00,26.9,93,7.2,197.0,33.0
W6,North Zone,13547,20.343523185058174,85.81561136932677,2026-08-30T11:00,26.8,93,8.5,156.0,32.6
W6,North Zone,13547,20.343523185058174,85.81561136932677,2026-08-30T12:00,28.0,89,7.9,345.0,34.1
W6,North Zone,13547,20.343523185058174,85.81561136932677,2026-08-30T13:00,29.0,83,10.7,334.0,34.7
W6,North Zone,13547,20.343523185058174,85.81561136932677,2026-08-30T14:00,29.6,79,12.1,389.0,34.8
W6,North Zone,13547,20.343523185058174,85.81561136932677,2026-08-30T15:00,29.9,76,13.0,333.0,34.9
W6,North Zone,13547,20.343523185058174,85.81561136932677,2026-08-30T16:00,29.6,78,12.7,221.0,34.6
W6,North Zone,13547,20.343523185058174,85.81561136932677,2026-08-30T17:00,29.0,81,9.0,110.0,34.7
W6,North Zone,13547,20.343523185058174,85.81561136932677,2026-08-30T18:00,28.1,85,8.2,10.0,33.9
W6,North Zone,13547,20.343523185058174,85.81561136932677,2026-08-30T19:00,27.9,86,8.3,0.0,33.7
W6,North Zone,13547,20.343523185058174,85.81561136932677,2026-08-30T20:00,27.1,88,6.2,0.0,32.9
W6,North Zone,13547,20.343523185058174,85.81561136932677,2026-08-30T21:00,26.7,93,5.5,0.0,33.0
W6,North Zone,13547,20.343523185058174,85.81561136932677,2026-08-30T22:00,26.4,95,5.1,0.0,32.7
W6,North Zone,13547,20.343523185058174,85.81561136932677,2026-08-30T23:00,26.2,96,8.0,0.0,32.0
W6,North Zone,13547,20.343523185058174,85.81561136932677,2026-08-31T00:00,26.0,95,11.5,0.0,31.0
W6,North Zone,13547,20.343523185058174,85.81561136932677,2026-08-31T01:00,25.7,94,11.3,0.0,30.5
W6,North Zone,13547,20.343523185058174,85.81561136932677,2026-08-31T02:00,25.4,94,10.8,0.0,30.1
W6,North Zone,13547,20.343523185058174,85.81561136932677,2026-08-31T03:00,25.4,94,10.2,0.0,30.1
W6,North Zone,13547,20.343523185058174,85.81561136932677,2026-08-31T04:00,25.5,92,10.1,0.0,30.2
W6,North Zone,13547,20.343523185058174,85.81561136932677,2026-08-31T05:00,25.5,92,9.0,0.0,30.3
W6,North Zone,13547,20.343523185058174,85.81561136932677,2026-08-31T06:00,25.7,92,8.5,19.0,30.7
W6,North Zone,13547,20.343523185058174,85.81561136932677,2026-08-31T07:00,26.5,88,9.2,100.0,31.5
W6,North Zone,13547,20.343523185058174,85.81561136932677,2026-08-31T08:00,27.1,86,9.3,159.0,32.3
W6,North Zone,13547,20.343523185058174,85.81561136932677,2026-08-31T09:00,27.5,85,12.4,239.0,32.2
W6,North Zone,13547,20.343523185058174,85.81561136932677,2026-08-31T10:00,28.0,82,16.6,418.0,31.9
W6,North Zone,13547,20.343523185058174,85.81561136932677,2026-08-31T11:00,28.3,79,15.4,306.0,32.3
W6,North Zone,13547,20.343523185058174,85.81561136932677,2026-08-31T12:00,29.0,76,16.6,446.0,32.8
W6,North Zone,13547,20.343523185058174,85.81561136932677,2026-08-31T13:00,29.7,72,17.3,469.0,33.3
W6,North Zone,13547,20.343523185058174,85.81561136932677,2026-08-31T14:00,30.1,70,17.4,456.0,33.7
W6,North Zone,13547,20.343523185058174,85.81561136932677,2026-08-31T15:00,29.9,71,16.8,437.0,33.6
W6,North Zone,13547,20.343523185058174,85.81561136932677,2026-08-31T16:00,29.3,74,15.7,304.0,33.2
W6,North Zone,13547,20.343523185058174,85.81561136932677,2026-08-31T17:00,28.8,76,14.8,138.0,32.8
W6,North Zone,13547,20.343523185058174,85.81561136932677,2026-08-31T18:00,28.4,78,13.7,9.0,32.5
W6,North Zone,13547,20.343523185058174,85.81561136932677,2026-08-31T19:00,28.0,79,12.4,0.0,32.2
W6,North Zone,13547,20.343523185058174,85.81561136932677,2026-08-31T20:00,27.6,80,11.4,0.0,31.9
W6,North Zone,13547,20.343523185058174,85.81561136932677,2026-08-31T21:00,27.2,82,10.1,0.0,31.7
W6,North Zone,13547,20.343523185058174,85.81561136932677,2026-08-31T22:00,26.9,84,9.1,0.0,31.6
W6,North Zone,13547,20.343523185058174,85.81561136932677,2026-08-31T23:00,26.6,85,9.0,0.0,31.3
W6,North Zone,13547,20.343523185058174,85.81561136932677,2026-09-01T00:00,26.6,84,9.8,0.0,31.0
W6,North Zone,13547,20.343523185058174,85.81561136932677,2026-09-01T01:00,26.6,83,11.2,0.0,30.7
W6,North Zone,13547,20.343523185058174,85.81561136932677,2026-09-01T02:00,26.6,82,11.7,0.0,30.6
W6,North Zone,13547,20.343523185058174,85.81561136932677,2026-09-01T03:00,26.5,83,10.9,0.0,30.6
W6,North Zone,13547,20.343523185058174,85.81561136932677,2026-09-01T04:00,26.2,85,10.0,0.0,30.6
W6,North Zone,13547,20.343523185058174,85.81561136932677,2026-09-01T05:00,26.3,86,9.9,0.0,30.7
W6,North Zone,13547,20.343523185058174,85.81561136932677,2026-09-01T06:00,26.8,84,10.5,24.0,31.2
W6,North Zone,13547,20.343523185058174,85.81561136932677,2026-09-01T07:00,27.5,81,11.0,104.0,31.9
W6,North Zone,13547,20.343523185058174,85.81561136932677,2026-09-01T08:00,28.1,78,11.5,181.0,32.5
W6,North Zone,13547,20.343523185058174,85.81561136932677,2026-09-01T09:00,28.4,77,11.6,238.0,32.8
W6,North Zone,13547,20.343523185058174,85.81561136932677,2026-09-01T10:00,28.6,76,12.7,292.0,32.9
W6,North Zone,13547,20.343523185058174,85.81561136932677,2026-09-01T11:00,28.8,76,14.0,334.0,32.9
W6,North Zone,13547,20.343523185058174,85.81561136932677,2026-09-01T12:00,29.2,74,14.8,340.0,33.2
W6,North Zone,13547,20.343523185058174,85.81561136932677,2026-09-01T13:00,29.6,72,15.2,360.0,33.4
W6,North Zone,13547,20.343523185058174,85.81561136932677,2026-09-01T14:00,29.8,71,14.8,363.0,33.7
W6,North Zone,13547,20.343523185058174,85.81561136932677,2026-09-01T15:00,29.5,74,13.2,394.0,34.0
W6,North Zone,13547,20.343523185058174,85.81561136932677,2026-09-01T16:00,29.0,80,10.9,270.0,34.2
W6,North Zone,13547,20.343523185058174,85.81561136932677,2026-09-01T17:00,28.4,84,9.3,115.0,34.1
W6,North Zone,13547,20.343523185058174,85.81561136932677,2026-09-01T18:00,27.8,86,8.1,6.0,33.6
W6,North Zone,13547,20.343523185058174,85.81561136932677,2026-09-01T19:00,27.2,88,7.2,0.0,32.8
W6,North Zone,13547,20.343523185058174,85.81561136932677,2026-09-01T20:00,26.7,89,7.0,0.0,32.1
W6,North Zone,13547,20.343523185058174,85.81561136932677,2026-09-01T21:00,26.5,90,7.8,0.0,31.9
W6,North Zone,13547,20.343523185058174,85.81561136932677,2026-09-01T22:00,26.5,91,9.3,0.0,31.7
W6,North Zone,13547,20.343523185058174,85.81561136932677,2026-09-01T23:00,26.5,91,10.2,0.0,31.6
W7,North Zone,13698,20.33499006225633,85.80159365515358,2026-08-28T00:00,26.9,95,9.0,0.0,32.9
W7,North Zone,13698,20.33499006225633,85.80159365515358,2026-08-28T01:00,26.9,95,10.7,0.0,32.7
W7,North Zone,13698,20.33499006225633,85.80159365515358,2026-08-28T02:00,26.9,93,12.0,0.0,32.3
W7,North Zone,13698,20.33499006225633,85.80159365515358,2026-08-28T03:00,26.5,92,12.4,0.0,31.5
W7,North Zone,13698,20.33499006225633,85.80159365515358,2026-08-28T04:00,26.3,91,11.4,0.0,31.1
W7,North Zone,13698,20.33499006225633,85.80159365515358,2026-08-28T05:00,26.3,90,11.1,0.0,31.0
W7,North Zone,13698,20.33499006225633,85.80159365515358,2026-08-28T06:00,26.9,88,11.1,42.0,31.7
W7,North Zone,13698,20.33499006225633,85.80159365515358,2026-08-28T07:00,28.3,82,13.0,212.0,33.1
W7,North Zone,13698,20.33499006225633,85.80159365515358,2026-08-28T08:00,29.5,77,16.0,416.0,33.9
W7,North Zone,13698,20.33499006225633,85.80159365515358,2026-08-28T09:00,30.5,74,15.7,616.0,35.5
W7,North Zone,13698,20.33499006225633,85.80159365515358,2026-08-28T10:00,31.3,73,13.5,708.0,37.5
W7,North Zone,13698,20.33499006225633,85.80159365515358,2026-08-28T11:00,31.6,71,11.5,738.0,38.1
W7,North Zone,13698,20.33499006225633,85.80159365515358,2026-08-28T12:00,28.8,85,13.5,469.0,34.3
W7,North Zone,13698,20.33499006225633,85.80159365515358,2026-08-28T13:00,29.2,83,7.0,451.0,35.7
W7,North Zone,13698,20.33499006225633,85.80159365515358,2026-08-28T14:00,30.0,84,5.3,346.0,37.3
W7,North Zone,13698,20.33499006225633,85.80159365515358,2026-08-28T15:00,29.4,88,4.6,297.0,36.9
W7,North Zone,13698,20.33499006225633,85.80159365515358,2026-08-28T16:00,26.9,92,8.7,171.0,32.6
W7,North Zone,13698,20.33499006225633,85.80159365515358,2026-08-28T17:00,26.7,94,0.4,61.0,33.8
W7,North Zone,13698,20.33499006225633,85.80159365515358,2026-08-28T18:00,26.8,95,4.6,6.0,33.5
W7,North Zone,13698,20.33499006225633,85.80159365515358,2026-08-28T19:00,26.5,97,8.5,0.0,32.6
W7,North Zone,13698,20.33499006225633,85.80159365515358,2026-08-28T20:00,26.2,97,8.8,0.0,32.1
W7,North Zone,13698,20.33499006225633,85.80159365515358,2026-08-28T21:00,26.1,97,8.7,0.0,31.9
W7,North Zone,13698,20.33499006225633,85.80159365515358,2026-08-28T22:00,26.0,97,9.5,0.0,31.7
W7,North Zone,13698,20.33499006225633,85.80159365515358,2026-08-28T23:00,26.1,97,8.7,0.0,31.9
W7,North Zone,13698,20.33499006225633,85.80159365515358,2026-08-29T00:00,26.2,97,8.8,0.0,32.0
W7,North Zone,13698,20.33499006225633,85.80159365515358,2026-08-29T01:00,26.2,96,8.3,0.0,32.1
W7,North Zone,13698,20.33499006225633,85.80159365515358,2026-08-29T02:00,26.3,96,8.7,0.0,32.1
W7,North Zone,13698,20.33499006225633,85.80159365515358,2026-08-29T03:00,25.2,98,11.7,0.0,30.1
W7,North Zone,13698,20.33499006225633,85.80159365515358,2026-08-29T04:00,25.5,98,9.7,0.0,30.8
W7,North Zone,13698,20.33499006225633,85.80159365515358,2026-08-29T05:00,25.7,97,10.1,0.0,31.1
W7,North Zone,13698,20.33499006225633,85.80159365515358,2026-08-29T06:00,26.2,98,8.6,28.0,32.1
W7,North Zone,13698,20.33499006225633,85.80159365515358,2026-08-29T07:00,26.9,97,6.8,106.0,33.6
W7,North Zone,13698,20.33499006225633,85.80159365515358,2026-08-29T08:00,28.2,92,7.8,250.0,34.9
W7,North Zone,13698,20.33499006225633,85.80159365515358,2026-08-29T09:00,29.4,83,9.4,428.0,35.6
W7,North Zone,13698,20.33499006225633,85.80159365515358,2026-08-29T10:00,29.8,82,9.3,419.0,36.0
W7,North Zone,13698,20.33499006225633,85.80159365515358,2026-08-29T11:00,29.7,80,10.1,309.0,35.5
W7,North Zone,13698,20.33499006225633,85.80159365515358,2026-08-29T12:00,29.9,78,11.3,323.0,35.4
W7,North Zone,13698,20.33499006225633,85.80159365515358,2026-08-29T13:00,30.2,76,11.7,333.0,35.5
W7,North Zone,13698,20.33499006225633,85.80159365515358,2026-08-29T14:00,30.2,77,9.6,258.0,36.0
W7,North Zone,13698,20.33499006225633,85.80159365515358,2026-08-29T15:00,30.3,77,9.5,240.0,36.1
W7,North Zone,13698,20.33499006225633,85.80159365515358,2026-08-29T16:00,29.2,85,9.0,113.0,35.6
W7,North Zone,13698,20.33499006225633,85.80159365515358,2026-08-29T17:00,27.1,95,7.2,53.0,33.6
W7,North Zone,13698,20.33499006225633,85.80159365515358,2026-08-29T18:00,26.8,97,10.2,1.0,32.9
W7,North Zone,13698,20.33499006225633,85.80159365515358,2026-08-29T19:00,26.7,97,8.2,0.0,33.0
W7,North Zone,13698,20.33499006225633,85.80159365515358,2026-08-29T20:00,26.4,97,8.8,0.0,32.4
W7,North Zone,13698,20.33499006225633,85.80159365515358,2026-08-29T21:00,26.3,97,7.8,0.0,32.4
W7,North Zone,13698,20.33499006225633,85.80159365515358,2026-08-29T22:00,26.1,97,8.3,0.0,32.0
W7,North Zone,13698,20.33499006225633,85.80159365515358,2026-08-29T23:00,24.9,99,12.5,0.0,29.7
W7,North Zone,13698,20.33499006225633,85.80159365515358,2026-08-30T00:00,25.1,99,8.3,0.0,30.6
W7,North Zone,13698,20.33499006225633,85.80159365515358,2026-08-30T01:00,25.4,99,9.6,0.0,30.7
W7,North Zone,13698,20.33499006225633,85.80159365515358,2026-08-30T02:00,25.6,98,9.7,0.0,31.1
W7,North Zone,13698,20.33499006225633,85.80159365515358,2026-08-30T03:00,25.8,97,9.8,0.0,31.3
W7,North Zone,13698,20.33499006225633,85.80159365515358,2026-08-30T04:00,25.8,97,8.1,0.0,31.5
W7,North Zone,13698,20.33499006225633,85.80159365515358,2026-08-30T05:00,25.7,99,9.0,0.0,31.3
W7,North Zone,13698,20.33499006225633,85.80159365515358,2026-08-30T06:00,25.8,98,7.9,18.0,31.7
W7,North Zone,13698,20.33499006225633,85.80159365515358,2026-08-30T07:00,26.3,95,8.3,63.0,32.1
W7,North Zone,13698,20.33499006225633,85.80159365515358,2026-08-30T08:00,26.2,95,9.7,116.0,31.8
W7,North Zone,13698,20.33499006225633,85.80159365515358,2026-08-30T09:00,26.1,93,7.8,155.0,31.5
W7,North Zone,13698,20.33499006225633,85.80159365515358,2026-08-30T10:00,26.9,93,7.2,197.0,33.0
W7,North Zone,13698,20.33499006225633,85.80159365515358,2026-08-30T11:00,26.8,93,8.5,156.0,32.6
W7,North Zone,13698,20.33499006225633,85.80159365515358,2026-08-30T12:00,28.0,89,7.9,345.0,34.1
W7,North Zone,13698,20.33499006225633,85.80159365515358,2026-08-30T13:00,29.0,83,10.7,334.0,34.7
W7,North Zone,13698,20.33499006225633,85.80159365515358,2026-08-30T14:00,29.6,79,12.1,389.0,34.8
W7,North Zone,13698,20.33499006225633,85.80159365515358,2026-08-30T15:00,29.9,76,13.0,333.0,34.9
W7,North Zone,13698,20.33499006225633,85.80159365515358,2026-08-30T16:00,29.6,78,12.7,221.0,34.6
W7,North Zone,13698,20.33499006225633,85.80159365515358,2026-08-30T17:00,29.0,81,9.0,110.0,34.7
W7,North Zone,13698,20.33499006225633,85.80159365515358,2026-08-30T18:00,28.1,85,8.2,10.0,33.9
W7,North Zone,13698,20.33499006225633,85.80159365515358,2026-08-30T19:00,27.9,86,8.3,0.0,33.7
W7,North Zone,13698,20.33499006225633,85.80159365515358,2026-08-30T20:00,27.1,88,6.2,0.0,32.9
W7,North Zone,13698,20.33499006225633,85.80159365515358,2026-08-30T21:00,26.7,93,5.5,0.0,33.0
W7,North Zone,13698,20.33499006225633,85.80159365515358,2026-08-30T22:00,26.4,95,5.1,0.0,32.7
W7,North Zone,13698,20.33499006225633,85.80159365515358,2026-08-30T23:00,26.2,96,8.0,0.0,32.0
W7,North Zone,13698,20.33499006225633,85.80159365515358,2026-08-31T00:00,26.0,95,11.5,0.0,31.0
W7,North Zone,13698,20.33499006225633,85.80159365515358,2026-08-31T01:00,25.7,94,11.3,0.0,30.5
W7,North Zone,13698,20.33499006225633,85.80159365515358,2026-08-31T02:00,25.4,94,10.8,0.0,30.1
W7,North Zone,13698,20.33499006225633,85.80159365515358,2026-08-31T03:00,25.4,94,10.2,0.0,30.1
W7,North Zone,13698,20.33499006225633,85.80159365515358,2026-08-31T04:00,25.5,92,10.1,0.0,30.2
W7,North Zone,13698,20.33499006225633,85.80159365515358,2026-08-31T05:00,25.5,92,9.0,0.0,30.3
W7,North Zone,13698,20.33499006225633,85.80159365515358,2026-08-31T06:00,25.7,92,8.5,19.0,30.7
W7,North Zone,13698,20.33499006225633,85.80159365515358,2026-08-31T07:00,26.5,88,9.2,100.0,31.5
W7,North Zone,13698,20.33499006225633,85.80159365515358,2026-08-31T08:00,27.1,86,9.3,159.0,32.3
W7,North Zone,13698,20.33499006225633,85.80159365515358,2026-08-31T09:00,27.5,85,12.4,239.0,32.2
W7,North Zone,13698,20.33499006225633,85.80159365515358,2026-08-31T10:00,28.0,82,16.6,418.0,31.9
W7,North Zone,13698,20.33499006225633,85.80159365515358,2026-08-31T11:00,28.3,79,15.4,306.0,32.3
W7,North Zone,13698,20.33499006225633,85.80159365515358,2026-08-31T12:00,29.0,76,16.6,446.0,32.8
W7,North Zone,13698,20.33499006225633,85.80159365515358,2026-08-31T13:00,29.7,72,17.3,469.0,33.3
W7,North Zone,13698,20.33499006225633,85.80159365515358,2026-08-31T14:00,30.1,70,17.4,456.0,33.7
W7,North Zone,13698,20.33499006225633,85.80159365515358,2026-08-31T15:00,29.9,71,16.8,437.0,33.6
W7,North Zone,13698,20.33499006225633,85.80159365515358,2026-08-31T16:00,29.3,74,15.7,304.0,33.2
W7,North Zone,13698,20.33499006225633,85.80159365515358,2026-08-31T17:00,28.8,76,14.8,138.0,32.8
W7,North Zone,13698,20.33499006225633,85.80159365515358,2026-08-31T18:00,28.4,78,13.7,9.0,32.5
W7,North Zone,13698,20.33499006225633,85.80159365515358,2026-08-31T19:00,28.0,79,12.4,0.0,32.2
W7,North Zone,13698,20.33499006225633,85.80159365515358,2026-08-31T20:00,27.6,80,11.4,0.0,31.9
W7,North Zone,13698,20.33499006225633,85.80159365515358,2026-08-31T21:00,27.2,82,10.1,0.0,31.7
W7,North Zone,13698,20.33499006225633,85.80159365515358,2026-08-31T22:00,26.9,84,9.1,0.0,31.6
W7,North Zone,13698,20.33499006225633,85.80159365515358,2026-08-31T23:00,26.6,85,9.0,0.0,31.3
W7,North Zone,13698,20.33499006225633,85.80159365515358,2026-09-01T00:00,26.6,84,9.8,0.0,31.0
W7,North Zone,13698,20.33499006225633,85.80159365515358,2026-09-01T01:00,26.6,83,11.2,0.0,30.7
W7,North Zone,13698,20.33499006225633,85.80159365515358,2026-09-01T02:00,26.6,82,11.7,0.0,30.6
W7,North Zone,13698,20.33499006225633,85.80159365515358,2026-09-01T03:00,26.5,83,10.9,0.0,30.6
W7,North Zone,13698,20.33499006225633,85.80159365515358,2026-09-01T04:00,26.2,85,10.0,0.0,30.6
W7,North Zone,13698,20.33499006225633,85.80159365515358,2026-09-01T05:00,26.3,86,9.9,0.0,30.7
W7,North Zone,13698,20.33499006225633,85.80159365515358,2026-09-01T06:00,26.8,84,10.5,24.0,31.2
W7,North Zone,13698,20.33499006225633,85.80159365515358,2026-09-01T07:00,27.5,81,11.0,104.0,31.9
W7,North Zone,13698,20.33499006225633,85.80159365515358,2026-09-01T08:00,28.1,78,11.5,181.0,32.5
W7,North Zone,13698,20.33499006225633,85.80159365515358,2026-09-01T09:00,28.4,77,11.6,238.0,32.8
W7,North Zone,13698,20.33499006225633,85.80159365515358,2026-09-01T10:00,28.6,76,12.7,292.0,32.9
W7,North Zone,13698,20.33499006225633,85.80159365515358,2026-09-01T11:00,28.8,76,14.0,334.0,32.9
W7,North Zone,13698,20.33499006225633,85.80159365515358,2026-09-01T12:00,29.2,74,14.8,340.0,33.2
W7,North Zone,13698,20.33499006225633,85.80159365515358,2026-09-01T13:00,29.6,72,15.2,360.0,33.4
W7,North Zone,13698,20.33499006225633,85.80159365515358,2026-09-01T14:00,29.8,71,14.8,363.0,33.7
W7,North Zone,13698,20.33499006225633,85.80159365515358,2026-09-01T15:00,29.5,74,13.2,394.0,34.0
W7,North Zone,13698,20.33499006225633,85.80159365515358,2026-09-01T16:00,29.0,80,10.9,270.0,34.2
W7,North Zone,13698,20.33499006225633,85.80159365515358,2026-09-01T17:00,28.4,84,9.3,115.0,34.1
W7,North Zone,13698,20.33499006225633,85.80159365515358,2026-09-01T18:00,27.8,86,8.1,6.0,33.6
W7,North Zone,13698,20.33499006225633,85.80159365515358,2026-09-01T19:00,27.2,88,7.2,0.0,32.8
W7,North Zone,13698,20.33499006225633,85.80159365515358,2026-09-01T20:00,26.7,89,7.0,0.0,32.1
W7,North Zone,13698,20.33499006225633,85.80159365515358,2026-09-01T21:00,26.5,90,7.8,0.0,31.9
W7,North Zone,13698,20.33499006225633,85.80159365515358,2026-09-01T22:00,26.5,91,9.3,0.0,31.7
W7,North Zone,13698,20.33499006225633,85.80159365515358,2026-09-01T23:00,26.5,91,10.2,0.0,31.6
W13,North Zone,13287,20.319966435131608,85.814967228415,2026-08-28T00:00,26.9,95,9.0,0.0,32.9
W13,North Zone,13287,20.319966435131608,85.814967228415,2026-08-28T01:00,26.9,95,10.7,0.0,32.7
W13,North Zone,13287,20.319966435131608,85.814967228415,2026-08-28T02:00,26.9,93,12.0,0.0,32.3
W13,North Zone,13287,20.319966435131608,85.814967228415,2026-08-28T03:00,26.5,92,12.4,0.0,31.5
W13,North Zone,13287,20.319966435131608,85.814967228415,2026-08-28T04:00,26.3,91,11.4,0.0,31.1
W13,North Zone,13287,20.319966435131608,85.814967228415,2026-08-28T05:00,26.3,90,11.1,0.0,31.0
W13,North Zone,13287,20.319966435131608,85.814967228415,2026-08-28T06:00,26.9,88,11.1,42.0,31.7
W13,North Zone,13287,20.319966435131608,85.814967228415,2026-08-28T07:00,28.3,82,13.0,212.0,33.1
W13,North Zone,13287,20.319966435131608,85.814967228415,2026-08-28T08:00,29.5,77,16.0,416.0,33.9
W13,North Zone,13287,20.319966435131608,85.814967228415,2026-08-28T09:00,30.5,74,15.7,616.0,35.5
W13,North Zone,13287,20.319966435131608,85.814967228415,2026-08-28T10:00,31.3,73,13.5,708.0,37.5
W13,North Zone,13287,20.319966435131608,85.814967228415,2026-08-28T11:00,31.6,71,11.5,738.0,38.1
W13,North Zone,13287,20.319966435131608,85.814967228415,2026-08-28T12:00,28.8,85,13.5,469.0,34.3
W13,North Zone,13287,20.319966435131608,85.814967228415,2026-08-28T13:00,29.2,83,7.0,451.0,35.7
W13,North Zone,13287,20.319966435131608,85.814967228415,2026-08-28T14:00,30.0,84,5.3,346.0,37.3
W13,North Zone,13287,20.319966435131608,85.814967228415,2026-08-28T15:00,29.4,88,4.6,297.0,36.9
W13,North Zone,13287,20.319966435131608,85.814967228415,2026-08-28T16:00,26.9,92,8.7,171.0,32.6
W13,North Zone,13287,20.319966435131608,85.814967228415,2026-08-28T17:00,26.7,94,0.4,61.0,33.8
W13,North Zone,13287,20.319966435131608,85.814967228415,2026-08-28T18:00,26.8,95,4.6,6.0,33.5
W13,North Zone,13287,20.319966435131608,85.814967228415,2026-08-28T19:00,26.5,97,8.5,0.0,32.6
W13,North Zone,13287,20.319966435131608,85.814967228415,2026-08-28T20:00,26.2,97,8.8,0.0,32.1
W13,North Zone,13287,20.319966435131608,85.814967228415,2026-08-28T21:00,26.1,97,8.7,0.0,31.9
W13,North Zone,13287,20.319966435131608,85.814967228415,2026-08-28T22:00,26.0,97,9.5,0.0,31.7
W13,North Zone,13287,20.319966435131608,85.814967228415,2026-08-28T23:00,26.1,97,8.7,0.0,31.9
W13,North Zone,13287,20.319966435131608,85.814967228415,2026-08-29T00:00,26.2,97,8.8,0.0,32.0
W13,North Zone,13287,20.319966435131608,85.814967228415,2026-08-29T01:00,26.2,96,8.3,0.0,32.1
W13,North Zone,13287,20.319966435131608,85.814967228415,2026-08-29T02:00,26.3,96,8.7,0.0,32.1
W13,North Zone,13287,20.319966435131608,85.814967228415,2026-08-29T03:00,25.2,98,11.7,0.0,30.1
W13,North Zone,13287,20.319966435131608,85.814967228415,2026-08-29T04:00,25.5,98,9.7,0.0,30.8
W13,North Zone,13287,20.319966435131608,85.814967228415,2026-08-29T05:00,25.7,97,10.1,0.0,31.1
W13,North Zone,13287,20.319966435131608,85.814967228415,2026-08-29T06:00,26.2,98,8.6,28.0,32.1
W13,North Zone,13287,20.319966435131608,85.814967228415,2026-08-29T07:00,26.9,97,6.8,106.0,33.6
W13,North Zone,13287,20.319966435131608,85.814967228415,2026-08-29T08:00,28.2,92,7.8,250.0,34.9
W13,North Zone,13287,20.319966435131608,85.814967228415,2026-08-29T09:00,29.4,83,9.4,428.0,35.6
W13,North Zone,13287,20.319966435131608,85.814967228415,2026-08-29T10:00,29.8,82,9.3,419.0,36.0
W13,North Zone,13287,20.319966435131608,85.814967228415,2026-08-29T11:00,29.7,80,10.1,309.0,35.5
W13,North Zone,13287,20.319966435131608,85.814967228415,2026-08-29T12:00,29.9,78,11.3,323.0,35.4
W13,North Zone,13287,20.319966435131608,85.814967228415,2026-08-29T13:00,30.2,76,11.7,333.0,35.5
W13,North Zone,13287,20.319966435131608,85.814967228415,2026-08-29T14:00,30.2,77,9.6,258.0,36.0
W13,North Zone,13287,20.319966435131608,85.814967228415,2026-08-29T15:00,30.3,77,9.5,240.0,36.1
W13,North Zone,13287,20.319966435131608,85.814967228415,2026-08-29T16:00,29.2,85,9.0,113.0,35.6
W13,North Zone,13287,20.319966435131608,85.814967228415,2026-08-29T17:00,27.1,95,7.2,53.0,33.6
W13,North Zone,13287,20.319966435131608,85.814967228415,2026-08-29T18:00,26.8,97,10.2,1.0,32.9
W13,North Zone,13287,20.319966435131608,85.814967228415,2026-08-29T19:00,26.7,97,8.2,0.0,33.0
W13,North Zone,13287,20.319966435131608,85.814967228415,2026-08-29T20:00,26.4,97,8.8,0.0,32.4
W13,North Zone,13287,20.319966435131608,85.814967228415,2026-08-29T21:00,26.3,97,7.8,0.0,32.4
W13,North Zone,13287,20.319966435131608,85.814967228415,2026-08-29T22:00,26.1,97,8.3,0.0,32.0
W13,North Zone,13287,20.319966435131608,85.814967228415,2026-08-29T23:00,24.9,99,12.5,0.0,29.7
W13,North Zone,13287,20.319966435131608,85.814967228415,2026-08-30T00:00,25.1,99,8.3,0.0,30.6
W13,North Zone,13287,20.319966435131608,85.814967228415,2026-08-30T01:00,25.4,99,9.6,0.0,30.7
W13,North Zone,13287,20.319966435131608,85.814967228415,2026-08-30T02:00,25.6,98,9.7,0.0,31.1
W13,North Zone,13287,20.319966435131608,85.814967228415,2026-08-30T03:00,25.8,97,9.8,0.0,31.3
W13,North Zone,13287,20.319966435131608,85.814967228415,2026-08-30T04:00,25.8,97,8.1,0.0,31.5
W13,North Zone,13287,20.319966435131608,85.814967228415,2026-08-30T05:00,25.7,99,9.0,0.0,31.3
W13,North Zone,13287,20.319966435131608,85.814967228415,2026-08-30T06:00,25.8,98,7.9,18.0,31.7
W13,North Zone,13287,20.319966435131608,85.814967228415,2026-08-30T07:00,26.3,95,8.3,63.0,32.1
W13,North Zone,13287,20.319966435131608,85.814967228415,2026-08-30T08:00,26.2,95,9.7,116.0,31.8
W13,North Zone,13287,20.319966435131608,85.814967228415,2026-08-30T09:00,26.1,93,7.8,155.0,31.5
W13,North Zone,13287,20.319966435131608,85.814967228415,2026-08-30T10:00,26.9,93,7.2,197.0,33.0
W13,North Zone,13287,20.319966435131608,85.814967228415,2026-08-30T11:00,26.8,93,8.5,156.0,32.6
W13,North Zone,13287,20.319966435131608,85.814967228415,2026-08-30T12:00,28.0,89,7.9,345.0,34.1
W13,North Zone,13287,20.319966435131608,85.814967228415,2026-08-30T13:00,29.0,83,10.7,334.0,34.7
W13,North Zone,13287,20.319966435131608,85.814967228415,2026-08-30T14:00,29.6,79,12.1,389.0,34.8
W13,North Zone,13287,20.319966435131608,85.814967228415,2026-08-30T15:00,29.9,76,13.0,333.0,34.9
W13,North Zone,13287,20.319966435131608,85.814967228415,2026-08-30T16:00,29.6,78,12.7,221.0,34.6
W13,North Zone,13287,20.319966435131608,85.814967228415,2026-08-30T17:00,29.0,81,9.0,110.0,34.7
W13,North Zone,13287,20.319966435131608,85.814967228415,2026-08-30T18:00,28.1,85,8.2,10.0,33.9
W13,North Zone,13287,20.319966435131608,85.814967228415,2026-08-30T19:00,27.9,86,8.3,0.0,33.7
W13,North Zone,13287,20.319966435131608,85.814967228415,2026-08-30T20:00,27.1,88,6.2,0.0,32.9
W13,North Zone,13287,20.319966435131608,85.814967228415,2026-08-30T21:00,26.7,93,5.5,0.0,33.0
W13,North Zone,13287,20.319966435131608,85.814967228415,2026-08-30T22:00,26.4,95,5.1,0.0,32.7
W13,North Zone,13287,20.319966435131608,85.814967228415,2026-08-30T23:00,26.2,96,8.0,0.0,32.0
W13,North Zone,13287,20.319966435131608,85.814967228415,2026-08-31T00:00,26.0,95,11.5,0.0,31.0
W13,North Zone,13287,20.319966435131608,85.814967228415,2026-08-31T01:00,25.7,94,11.3,0.0,30.5
W13,North Zone,13287,20.319966435131608,85.814967228415,2026-08-31T02:00,25.4,94,10.8,0.0,30.1
W13,North Zone,13287,20.319966435131608,85.814967228415,2026-08-31T03:00,25.4,94,10.2,0.0,30.1
W13,North Zone,13287,20.319966435131608,85.814967228415,2026-08-31T04:00,25.5,92,10.1,0.0,30.2
W13,North Zone,13287,20.319966435131608,85.814967228415,2026-08-31T05:00,25.5,92,9.0,0.0,30.3
W13,North Zone,13287,20.319966435131608,85.814967228415,2026-08-31T06:00,25.7,92,8.5,19.0,30.7
W13,North Zone,13287,20.319966435131608,85.814967228415,2026-08-31T07:00,26.5,88,9.2,100.0,31.5
W13,North Zone,13287,20.319966435131608,85.814967228415,2026-08-31T08:00,27.1,86,9.3,159.0,32.3
W13,North Zone,13287,20.319966435131608,85.814967228415,2026-08-31T09:00,27.5,85,12.4,239.0,32.2
W13,North Zone,13287,20.319966435131608,85.814967228415,2026-08-31T10:00,28.0,82,16.6,418.0,31.9
W13,North Zone,13287,20.319966435131608,85.814967228415,2026-08-31T11:00,28.3,79,15.4,306.0,32.3
W13,North Zone,13287,20.319966435131608,85.814967228415,2026-08-31T12:00,29.0,76,16.6,446.0,32.8
W13,North Zone,13287,20.319966435131608,85.814967228415,2026-08-31T13:00,29.7,72,17.3,469.0,33.3
W13,North Zone,13287,20.319966435131608,85.814967228415,2026-08-31T14:00,30.1,70,17.4,456.0,33.7
W13,North Zone,13287,20.319966435131608,85.814967228415,2026-08-31T15:00,29.9,71,16.8,437.0,33.6
W13,North Zone,13287,20.319966435131608,85.814967228415,2026-08-31T16:00,29.3,74,15.7,304.0,33.2
W13,North Zone,13287,20.319966435131608,85.814967228415,2026-08-31T17:00,28.8,76,14.8,138.0,32.8
W13,North Zone,13287,20.319966435131608,85.814967228415,2026-08-31T18:00,28.4,78,13.7,9.0,32.5
W13,North Zone,13287,20.319966435131608,85.814967228415,2026-08-31T19:00,28.0,79,12.4,0.0,32.2
W13,North Zone,13287,20.319966435131608,85.814967228415,2026-08-31T20:00,27.6,80,11.4,0.0,31.9
W13,North Zone,13287,20.319966435131608,85.814967228415,2026-08-31T21:00,27.2,82,10.1,0.0,31.7
W13,North Zone,13287,20.319966435131608,85.814967228415,2026-08-31T22:00,26.9,84,9.1,0.0,31.6
W13,North Zone,13287,20.319966435131608,85.814967228415,2026-08-31T23:00,26.6,85,9.0,0.0,31.3
W13,North Zone,13287,20.319966435131608,85.814967228415,2026-09-01T00:00,26.6,84,9.8,0.0,31.0
W13,North Zone,13287,20.319966435131608,85.814967228415,2026-09-01T01:00,26.6,83,11.2,0.0,30.7
W13,North Zone,13287,20.319966435131608,85.814967228415,2026-09-01T02:00,26.6,82,11.7,0.0,30.6
W13,North Zone,13287,20.319966435131608,85.814967228415,2026-09-01T03:00,26.5,83,10.9,0.0,30.6
W13,North Zone,13287,20.319966435131608,85.814967228415,2026-09-01T04:00,26.2,85,10.0,0.0,30.6
W13,North Zone,13287,20.319966435131608,85.814967228415,2026-09-01T05:00,26.3,86,9.9,0.0,30.7
W13,North Zone,13287,20.319966435131608,85.814967228415,2026-09-01T06:00,26.8,84,10.5,24.0,31.2
W13,North Zone,13287,20.319966435131608,85.814967228415,2026-09-01T07:00,27.5,81,11.0,104.0,31.9
W13,North Zone,13287,20.319966435131608,85.814967228415,2026-09-01T08:00,28.1,78,11.5,181.0,32.5
W13,North Zone,13287,20.319966435131608,85.814967228415,2026-09-01T09:00,28.4,77,11.6,238.0,32.8
W13,North Zone,13287,20.319966435131608,85.814967228415,2026-09-01T10:00,28.6,76,12.7,292.0,32.9
W13,North Zone,13287,20.319966435131608,85.814967228415,2026-09-01T11:00,28.8,76,14.0,334.0,32.9
W13,North Zone,13287,20.319966435131608,85.814967228415,2026-09-01T12:00,29.2,74,14.8,340.0,33.2
W13,North Zone,13287,20.319966435131608,85.814967228415,2026-09-01T13:00,29.6,72,15.2,360.0,33.4
W13,North Zone,13287,20.319966435131608,85.814967228415,2026-09-01T14:00,29.8,71,14.8,363.0,33.7
W13,North Zone,13287,20.319966435131608,85.814967228415,2026-09-01T15:00,29.5,74,13.2,394.0,34.0
W13,North Zone,13287,20.319966435131608,85.814967228415,2026-09-01T16:00,29.0,80,10.9,270.0,34.2
W13,North Zone,13287,20.319966435131608,85.814967228415,2026-09-01T17:00,28.4,84,9.3,115.0,34.1
W13,North Zone,13287,20.319966435131608,85.814967228415,2026-09-01T18:00,27.8,86,8.1,6.0,33.6
W13,North Zone,13287,20.319966435131608,85.814967228415,2026-09-01T19:00,27.2,88,7.2,0.0,32.8
W13,North Zone,13287,20.319966435131608,85.814967228415,2026-09-01T20:00,26.7,89,7.0,0.0,32.1
W13,North Zone,13287,20.319966435131608,85.814967228415,2026-09-01T21:00,26.5,90,7.8,0.0,31.9
W13,North Zone,13287,20.319966435131608,85.814967228415,2026-09-01T22:00,26.5,91,9.3,0.0,31.7
W13,North Zone,13287,20.319966435131608,85.814967228415,2026-09-01T23:00,26.5,91,10.2,0.0,31.6
W27,South-West Zone,12039,20.296814228062317,85.81908505626633,2026-08-28T00:00,26.9,95,9.0,0.0,32.9
W27,South-West Zone,12039,20.296814228062317,85.81908505626633,2026-08-28T01:00,26.9,95,10.7,0.0,32.7
W27,South-West Zone,12039,20.296814228062317,85.81908505626633,2026-08-28T02:00,26.9,93,12.0,0.0,32.3
W27,South-West Zone,12039,20.296814228062317,85.81908505626633,2026-08-28T03:00,26.5,92,12.4,0.0,31.5
W27,South-West Zone,12039,20.296814228062317,85.81908505626633,2026-08-28T04:00,26.3,91,11.4,0.0,31.1
W27,South-West Zone,12039,20.296814228062317,85.81908505626633,2026-08-28T05:00,26.3,90,11.1,0.0,31.0
W27,South-West Zone,12039,20.296814228062317,85.81908505626633,2026-08-28T06:00,26.9,88,11.1,42.0,31.7
W27,South-West Zone,12039,20.296814228062317,85.81908505626633,2026-08-28T07:00,28.3,82,13.0,212.0,33.1
W27,South-West Zone,12039,20.296814228062317,85.81908505626633,2026-08-28T08:00,29.5,77,16.0,416.0,33.9
W27,South-West Zone,12039,20.296814228062317,85.81908505626633,2026-08-28T09:00,30.5,74,15.7,616.0,35.5
W27,South-West Zone,12039,20.296814228062317,85.81908505626633,2026-08-28T10:00,31.3,73,13.5,708.0,37.5
W27,South-West Zone,12039,20.296814228062317,85.81908505626633,2026-08-28T11:00,31.6,71,11.5,738.0,38.1
W27,South-West Zone,12039,20.296814228062317,85.81908505626633,2026-08-28T12:00,28.8,85,13.5,469.0,34.3
W27,South-West Zone,12039,20.296814228062317,85.81908505626633,2026-08-28T13:00,29.2,83,7.0,451.0,35.7
W27,South-West Zone,12039,20.296814228062317,85.81908505626633,2026-08-28T14:00,30.0,84,5.3,346.0,37.3
W27,South-West Zone,12039,20.296814228062317,85.81908505626633,2026-08-28T15:00,29.4,88,4.6,297.0,36.9
W27,South-West Zone,12039,20.296814228062317,85.81908505626633,2026-08-28T16:00,26.9,92,8.7,171.0,32.6
W27,South-West Zone,12039,20.296814228062317,85.81908505626633,2026-08-28T17:00,26.7,94,0.4,61.0,33.8
W27,South-West Zone,12039,20.296814228062317,85.81908505626633,2026-08-28T18:00,26.8,95,4.6,6.0,33.5
W27,South-West Zone,12039,20.296814228062317,85.81908505626633,2026-08-28T19:00,26.5,97,8.5,0.0,32.6
W27,South-West Zone,12039,20.296814228062317,85.81908505626633,2026-08-28T20:00,26.2,97,8.8,0.0,32.1
W27,South-West Zone,12039,20.296814228062317,85.81908505626633,2026-08-28T21:00,26.1,97,8.7,0.0,31.9
W27,South-West Zone,12039,20.296814228062317,85.81908505626633,2026-08-28T22:00,26.0,97,9.5,0.0,31.7
W27,South-West Zone,12039,20.296814228062317,85.81908505626633,2026-08-28T23:00,26.1,97,8.7,0.0,31.9
W27,South-West Zone,12039,20.296814228062317,85.81908505626633,2026-08-29T00:00,26.2,97,8.8,0.0,32.0
W27,South-West Zone,12039,20.296814228062317,85.81908505626633,2026-08-29T01:00,26.2,96,8.3,0.0,32.1
W27,South-West Zone,12039,20.296814228062317,85.81908505626633,2026-08-29T02:00,26.3,96,8.7,0.0,32.1
W27,South-West Zone,12039,20.296814228062317,85.81908505626633,2026-08-29T03:00,25.2,98,11.7,0.0,30.1
W27,South-West Zone,12039,20.296814228062317,85.81908505626633,2026-08-29T04:00,25.5,98,9.7,0.0,30.8
W27,South-West Zone,12039,20.296814228062317,85.81908505626633,2026-08-29T05:00,25.7,97,10.1,0.0,31.1
W27,South-West Zone,12039,20.296814228062317,85.81908505626633,2026-08-29T06:00,26.2,98,8.6,28.0,32.1
W27,South-West Zone,12039,20.296814228062317,85.81908505626633,2026-08-29T07:00,26.9,97,6.8,106.0,33.6
W27,South-West Zone,12039,20.296814228062317,85.81908505626633,2026-08-29T08:00,28.2,92,7.8,250.0,34.9
W27,South-West Zone,12039,20.296814228062317,85.81908505626633,2026-08-29T09:00,29.4,83,9.4,428.0,35.6
W27,South-West Zone,12039,20.296814228062317,85.81908505626633,2026-08-29T10:00,29.8,82,9.3,419.0,36.0
W27,South-West Zone,12039,20.296814228062317,85.81908505626633,2026-08-29T11:00,29.7,80,10.1,309.0,35.5
W27,South-West Zone,12039,20.296814228062317,85.81908505626633,2026-08-29T12:00,29.9,78,11.3,323.0,35.4
W27,South-West Zone,12039,20.296814228062317,85.81908505626633,2026-08-29T13:00,30.2,76,11.7,333.0,35.5
W27,South-West Zone,12039,20.296814228062317,85.81908505626633,2026-08-29T14:00,30.2,77,9.6,258.0,36.0
W27,South-West Zone,12039,20.296814228062317,85.81908505626633,2026-08-29T15:00,30.3,77,9.5,240.0,36.1
W27,South-West Zone,12039,20.296814228062317,85.81908505626633,2026-08-29T16:00,29.2,85,9.0,113.0,35.6
W27,South-West Zone,12039,20.296814228062317,85.81908505626633,2026-08-29T17:00,27.1,95,7.2,53.0,33.6
W27,South-West Zone,12039,20.296814228062317,85.81908505626633,2026-08-29T18:00,26.8,97,10.2,1.0,32.9
W27,South-West Zone,12039,20.296814228062317,85.81908505626633,2026-08-29T19:00,26.7,97,8.2,0.0,33.0
W27,South-West Zone,12039,20.296814228062317,85.81908505626633,2026-08-29T20:00,26.4,97,8.8,0.0,32.4
W27,South-West Zone,12039,20.296814228062317,85.81908505626633,2026-08-29T21:00,26.3,97,7.8,0.0,32.4
W27,South-West Zone,12039,20.296814228062317,85.81908505626633,2026-08-29T22:00,26.1,97,8.3,0.0,32.0
W27,South-West Zone,12039,20.296814228062317,85.81908505626633,2026-08-29T23:00,24.9,99,12.5,0.0,29.7
W27,South-West Zone,12039,20.296814228062317,85.81908505626633,2026-08-30T00:00,25.1,99,8.3,0.0,30.6
W27,South-West Zone,12039,20.296814228062317,85.81908505626633,2026-08-30T01:00,25.4,99,9.6,0.0,30.7
W27,South-West Zone,12039,20.296814228062317,85.81908505626633,2026-08-30T02:00,25.6,98,9.7,0.0,31.1
W27,South-West Zone,12039,20.296814228062317,85.81908505626633,2026-08-30T03:00,25.8,97,9.8,0.0,31.3
W27,South-West Zone,12039,20.296814228062317,85.81908505626633,2026-08-30T04:00,25.8,97,8.1,0.0,31.5
W27,South-West Zone,12039,20.296814228062317,85.81908505626633,2026-08-30T05:00,25.7,99,9.0,0.0,31.3
W27,South-West Zone,12039,20.296814228062317,85.81908505626633,2026-08-30T06:00,25.8,98,7.9,18.0,31.7
W27,South-West Zone,12039,20.296814228062317,85.81908505626633,2026-08-30T07:00,26.3,95,8.3,63.0,32.1
W27,South-West Zone,12039,20.296814228062317,85.81908505626633,2026-08-30T08:00,26.2,95,9.7,116.0,31.8
W27,South-West Zone,12039,20.296814228062317,85.81908505626633,2026-08-30T09:00,26.1,93,7.8,155.0,31.5
W27,South-West Zone,12039,20.296814228062317,85.81908505626633,2026-08-30T10:00,26.9,93,7.2,197.0,33.0
W27,South-West Zone,12039,20.296814228062317,85.81908505626633,2026-08-30T11:00,26.8,93,8.5,156.0,32.6
W27,South-West Zone,12039,20.296814228062317,85.81908505626633,2026-08-30T12:00,28.0,89,7.9,345.0,34.1
W27,South-West Zone,12039,20.296814228062317,85.81908505626633,2026-08-30T13:00,29.0,83,10.7,334.0,34.7
W27,South-West Zone,12039,20.296814228062317,85.81908505626633,2026-08-30T14:00,29.6,79,12.1,389.0,34.8
W27,South-West Zone,12039,20.296814228062317,85.81908505626633,2026-08-30T15:00,29.9,76,13.0,333.0,34.9
W27,South-West Zone,12039,20.296814228062317,85.81908505626633,2026-08-30T16:00,29.6,78,12.7,221.0,34.6
W27,South-West Zone,12039,20.296814228062317,85.81908505626633,2026-08-30T17:00,29.0,81,9.0,110.0,34.7
W27,South-West Zone,12039,20.296814228062317,85.81908505626633,2026-08-30T18:00,28.1,85,8.2,10.0,33.9
W27,South-West Zone,12039,20.296814228062317,85.81908505626633,2026-08-30T19:00,27.9,86,8.3,0.0,33.7
W27,South-West Zone,12039,20.296814228062317,85.81908505626633,2026-08-30T20:00,27.1,88,6.2,0.0,32.9
W27,South-West Zone,12039,20.296814228062317,85.81908505626633,2026-08-30T21:00,26.7,93,5.5,0.0,33.0
W27,South-West Zone,12039,20.296814228062317,85.81908505626633,2026-08-30T22:00,26.4,95,5.1,0.0,32.7
W27,South-West Zone,12039,20.296814228062317,85.81908505626633,2026-08-30T23:00,26.2,96,8.0,0.0,32.0
W27,South-West Zone,12039,20.296814228062317,85.81908505626633,2026-08-31T00:00,26.0,95,11.5,0.0,31.0
W27,South-West Zone,12039,20.296814228062317,85.81908505626633,2026-08-31T01:00,25.7,94,11.3,0.0,30.5
W27,South-West Zone,12039,20.296814228062317,85.81908505626633,2026-08-31T02:00,25.4,94,10.8,0.0,30.1
W27,South-West Zone,12039,20.296814228062317,85.81908505626633,2026-08-31T03:00,25.4,94,10.2,0.0,30.1
W27,South-West Zone,12039,20.296814228062317,85.81908505626633,2026-08-31T04:00,25.5,92,10.1,0.0,30.2
W27,South-West Zone,12039,20.296814228062317,85.81908505626633,2026-08-31T05:00,25.5,92,9.0,0.0,30.3
W27,South-West Zone,12039,20.296814228062317,85.81908505626633,2026-08-31T06:00,25.7,92,8.5,19.0,30.7
W27,South-West Zone,12039,20.296814228062317,85.81908505626633,2026-08-31T07:00,26.5,88,9.2,100.0,31.5
W27,South-West Zone,12039,20.296814228062317,85.81908505626633,2026-08-31T08:00,27.1,86,9.3,159.0,32.3
W27,South-West Zone,12039,20.296814228062317,85.81908505626633,2026-08-31T09:00,27.5,85,12.4,239.0,32.2
W27,South-West Zone,12039,20.296814228062317,85.81908505626633,2026-08-31T10:00,28.0,82,16.6,418.0,31.9
W27,South-West Zone,12039,20.296814228062317,85.81908505626633,2026-08-31T11:00,28.3,79,15.4,306.0,32.3
W27,South-West Zone,12039,20.296814228062317,85.81908505626633,2026-08-31T12:00,29.0,76,16.6,446.0,32.8
W27,South-West Zone,12039,20.296814228062317,85.81908505626633,2026-08-31T13:00,29.7,72,17.3,469.0,33.3
W27,South-West Zone,12039,20.296814228062317,85.81908505626633,2026-08-31T14:00,30.1,70,17.4,456.0,33.7
W27,South-West Zone,12039,20.296814228062317,85.81908505626633,2026-08-31T15:00,29.9,71,16.8,437.0,33.6
W27,South-West Zone,12039,20.296814228062317,85.81908505626633,2026-08-31T16:00,29.3,74,15.7,304.0,33.2
W27,South-West Zone,12039,20.296814228062317,85.81908505626633,2026-08-31T17:00,28.8,76,14.8,138.0,32.8
W27,South-West Zone,12039,20.296814228062317,85.81908505626633,2026-08-31T18:00,28.4,78,13.7,9.0,32.5
W27,South-West Zone,12039,20.296814228062317,85.81908505626633,2026-08-31T19:00,28.0,79,12.4,0.0,32.2
W27,South-West Zone,12039,20.296814228062317,85.81908505626633,2026-08-31T20:00,27.6,80,11.4,0.0,31.9
W27,South-West Zone,12039,20.296814228062317,85.81908505626633,2026-08-31T21:00,27.2,82,10.1,0.0,31.7
W27,South-West Zone,12039,20.296814228062317,85.81908505626633,2026-08-31T22:00,26.9,84,9.1,0.0,31.6
W27,South-West Zone,12039,20.296814228062317,85.81908505626633,2026-08-31T23:00,26.6,85,9.0,0.0,31.3
W27,South-West Zone,12039,20.296814228062317,85.81908505626633,2026-09-01T00:00,26.6,84,9.8,0.0,31.0
W27,South-West Zone,12039,20.296814228062317,85.81908505626633,2026-09-01T01:00,26.6,83,11.2,0.0,30.7
W27,South-West Zone,12039,20.296814228062317,85.81908505626633,2026-09-01T02:00,26.6,82,11.7,0.0,30.6
W27,South-West Zone,12039,20.296814228062317,85.81908505626633,2026-09-01T03:00,26.5,83,10.9,0.0,30.6
W27,South-West Zone,12039,20.296814228062317,85.81908505626633,2026-09-01T04:00,26.2,85,10.0,0.0,30.6
W27,South-West Zone,12039,20.296814228062317,85.81908505626633,2026-09-01T05:00,26.3,86,9.9,0.0,30.7
W27,South-West Zone,12039,20.296814228062317,85.81908505626633,2026-09-01T06:00,26.8,84,10.5,24.0,31.2
W27,South-West Zone,12039,20.296814228062317,85.81908505626633,2026-09-01T07:00,27.5,81,11.0,104.0,31.9
W27,South-West Zone,12039,20.296814228062317,85.81908505626633,2026-09-01T08:00,28.1,78,11.5,181.0,32.5
W27,South-West Zone,12039,20.296814228062317,85.81908505626633,2026-09-01T09:00,28.4,77,11.6,238.0,32.8
W27,South-West Zone,12039,20.296814228062317,85.81908505626633,2026-09-01T10:00,28.6,76,12.7,292.0,32.9
W27,South-West Zone,12039,20.296814228062317,85.81908505626633,2026-09-01T11:00,28.8,76,14.0,334.0,32.9
W27,South-West Zone,12039,20.296814228062317,85.81908505626633,2026-09-01T12:00,29.2,74,14.8,340.0,33.2
W27,South-West Zone,12039,20.296814228062317,85.81908505626633,2026-09-01T13:00,29.6,72,15.2,360.0,33.4
W27,South-West Zone,12039,20.296814228062317,85.81908505626633,2026-09-01T14:00,29.8,71,14.8,363.0,33.7
W27,South-West Zone,12039,20.296814228062317,85.81908505626633,2026-09-01T15:00,29.5,74,13.2,394.0,34.0
W27,South-West Zone,12039,20.296814228062317,85.81908505626633,2026-09-01T16:00,29.0,80,10.9,270.0,34.2
W27,South-West Zone,12039,20.296814228062317,85.81908505626633,2026-09-01T17:00,28.4,84,9.3,115.0,34.1
W27,South-West Zone,12039,20.296814228062317,85.81908505626633,2026-09-01T18:00,27.8,86,8.1,6.0,33.6
W27,South-West Zone,12039,20.296814228062317,85.81908505626633,2026-09-01T19:00,27.2,88,7.2,0.0,32.8
W27,South-West Zone,12039,20.296814228062317,85.81908505626633,2026-09-01T20:00,26.7,89,7.0,0.0,32.1
W27,South-West Zone,12039,20.296814228062317,85.81908505626633,2026-09-01T21:00,26.5,90,7.8,0.0,31.9
W27,South-West Zone,12039,20.296814228062317,85.81908505626633,2026-09-01T22:00,26.5,91,9.3,0.0,31.7
W27,South-West Zone,12039,20.296814228062317,85.81908505626633,2026-09-01T23:00,26.5,91,10.2,0.0,31.6
W12,North Zone,13243,20.31221151549323,85.83319777018116,2026-08-28T00:00,26.9,95,9.0,0.0,32.9
W12,North Zone,13243,20.31221151549323,85.83319777018116,2026-08-28T01:00,26.9,95,10.7,0.0,32.7
W12,North Zone,13243,20.31221151549323,85.83319777018116,2026-08-28T02:00,26.9,93,12.0,0.0,32.3
W12,North Zone,13243,20.31221151549323,85.83319777018116,2026-08-28T03:00,26.5,92,12.4,0.0,31.5
W12,North Zone,13243,20.31221151549323,85.83319777018116,2026-08-28T04:00,26.3,91,11.4,0.0,31.1
W12,North Zone,13243,20.31221151549323,85.83319777018116,2026-08-28T05:00,26.3,90,11.1,0.0,31.0
W12,North Zone,13243,20.31221151549323,85.83319777018116,2026-08-28T06:00,26.9,88,11.1,42.0,31.7
W12,North Zone,13243,20.31221151549323,85.83319777018116,2026-08-28T07:00,28.3,82,13.0,212.0,33.1
W12,North Zone,13243,20.31221151549323,85.83319777018116,2026-08-28T08:00,29.5,77,16.0,416.0,33.9
W12,North Zone,13243,20.31221151549323,85.83319777018116,2026-08-28T09:00,30.5,74,15.7,616.0,35.5
W12,North Zone,13243,20.31221151549323,85.83319777018116,2026-08-28T10:00,31.3,73,13.5,708.0,37.5
W12,North Zone,13243,20.31221151549323,85.83319777018116,2026-08-28T11:00,31.6,71,11.5,738.0,38.1
W12,North Zone,13243,20.31221151549323,85.83319777018116,2026-08-28T12:00,28.8,85,13.5,469.0,34.3
W12,North Zone,13243,20.31221151549323,85.83319777018116,2026-08-28T13:00,29.2,83,7.0,451.0,35.7
W12,North Zone,13243,20.31221151549323,85.83319777018116,2026-08-28T14:00,30.0,84,5.3,346.0,37.3
W12,North Zone,13243,20.31221151549323,85.83319777018116,2026-08-28T15:00,29.4,88,4.6,297.0,36.9
W12,North Zone,13243,20.31221151549323,85.83319777018116,2026-08-28T16:00,26.9,92,8.7,171.0,32.6
W12,North Zone,13243,20.31221151549323,85.83319777018116,2026-08-28T17:00,26.7,94,0.4,61.0,33.8
W12,North Zone,13243,20.31221151549323,85.83319777018116,2026-08-28T18:00,26.8,95,4.6,6.0,33.5
W12,North Zone,13243,20.31221151549323,85.83319777018116,2026-08-28T19:00,26.5,97,8.5,0.0,32.6
W12,North Zone,13243,20.31221151549323,85.83319777018116,2026-08-28T20:00,26.2,97,8.8,0.0,32.1
W12,North Zone,13243,20.31221151549323,85.83319777018116,2026-08-28T21:00,26.1,97,8.7,0.0,31.9
W12,North Zone,13243,20.31221151549323,85.83319777018116,2026-08-28T22:00,26.0,97,9.5,0.0,31.7
W12,North Zone,13243,20.31221151549323,85.83319777018116,2026-08-28T23:00,26.1,97,8.7,0.0,31.9
W12,North Zone,13243,20.31221151549323,85.83319777018116,2026-08-29T00:00,26.2,97,8.8,0.0,32.0
W12,North Zone,13243,20.31221151549323,85.83319777018116,2026-08-29T01:00,26.2,96,8.3,0.0,32.1
W12,North Zone,13243,20.31221151549323,85.83319777018116,2026-08-29T02:00,26.3,96,8.7,0.0,32.1
W12,North Zone,13243,20.31221151549323,85.83319777018116,2026-08-29T03:00,25.2,98,11.7,0.0,30.1
W12,North Zone,13243,20.31221151549323,85.83319777018116,2026-08-29T04:00,25.5,98,9.7,0.0,30.8
W12,North Zone,13243,20.31221151549323,85.83319777018116,2026-08-29T05:00,25.7,97,10.1,0.0,31.1
W12,North Zone,13243,20.31221151549323,85.83319777018116,2026-08-29T06:00,26.2,98,8.6,28.0,32.1
W12,North Zone,13243,20.31221151549323,85.83319777018116,2026-08-29T07:00,26.9,97,6.8,106.0,33.6
W12,North Zone,13243,20.31221151549323,85.83319777018116,2026-08-29T08:00,28.2,92,7.8,250.0,34.9
W12,North Zone,13243,20.31221151549323,85.83319777018116,2026-08-29T09:00,29.4,83,9.4,428.0,35.6
W12,North Zone,13243,20.31221151549323,85.83319777018116,2026-08-29T10:00,29.8,82,9.3,419.0,36.0
W12,North Zone,13243,20.31221151549323,85.83319777018116,2026-08-29T11:00,29.7,80,10.1,309.0,35.5
W12,North Zone,13243,20.31221151549323,85.83319777018116,2026-08-29T12:00,29.9,78,11.3,323.0,35.4
W12,North Zone,13243,20.31221151549323,85.83319777018116,2026-08-29T13:00,30.2,76,11.7,333.0,35.5
W12,North Zone,13243,20.31221151549323,85.83319777018116,2026-08-29T14:00,30.2,77,9.6,258.0,36.0
W12,North Zone,13243,20.31221151549323,85.83319777018116,2026-08-29T15:00,30.3,77,9.5,240.0,36.1
W12,North Zone,13243,20.31221151549323,85.83319777018116,2026-08-29T16:00,29.2,85,9.0,113.0,35.6
W12,North Zone,13243,20.31221151549323,85.83319777018116,2026-08-29T17:00,27.1,95,7.2,53.0,33.6
W12,North Zone,13243,20.31221151549323,85.83319777018116,2026-08-29T18:00,26.8,97,10.2,1.0,32.9
W12,North Zone,13243,20.31221151549323,85.83319777018116,2026-08-29T19:00,26.7,97,8.2,0.0,33.0
W12,North Zone,13243,20.31221151549323,85.83319777018116,2026-08-29T20:00,26.4,97,8.8,0.0,32.4
W12,North Zone,13243,20.31221151549323,85.83319777018116,2026-08-29T21:00,26.3,97,7.8,0.0,32.4
W12,North Zone,13243,20.31221151549323,85.83319777018116,2026-08-29T22:00,26.1,97,8.3,0.0,32.0
W12,North Zone,13243,20.31221151549323,85.83319777018116,2026-08-29T23:00,24.9,99,12.5,0.0,29.7
W12,North Zone,13243,20.31221151549323,85.83319777018116,2026-08-30T00:00,25.1,99,8.3,0.0,30.6
W12,North Zone,13243,20.31221151549323,85.83319777018116,2026-08-30T01:00,25.4,99,9.6,0.0,30.7
W12,North Zone,13243,20.31221151549323,85.83319777018116,2026-08-30T02:00,25.6,98,9.7,0.0,31.1
W12,North Zone,13243,20.31221151549323,85.83319777018116,2026-08-30T03:00,25.8,97,9.8,0.0,31.3
W12,North Zone,13243,20.31221151549323,85.83319777018116,2026-08-30T04:00,25.8,97,8.1,0.0,31.5
W12,North Zone,13243,20.31221151549323,85.83319777018116,2026-08-30T05:00,25.7,99,9.0,0.0,31.3
W12,North Zone,13243,20.31221151549323,85.83319777018116,2026-08-30T06:00,25.8,98,7.9,18.0,31.7
W12,North Zone,13243,20.31221151549323,85.83319777018116,2026-08-30T07:00,26.3,95,8.3,63.0,32.1
W12,North Zone,13243,20.31221151549323,85.83319777018116,2026-08-30T08:00,26.2,95,9.7,116.0,31.8
W12,North Zone,13243,20.31221151549323,85.83319777018116,2026-08-30T09:00,26.1,93,7.8,155.0,31.5
W12,North Zone,13243,20.31221151549323,85.83319777018116,2026-08-30T10:00,26.9,93,7.2,197.0,33.0
W12,North Zone,13243,20.31221151549323,85.83319777018116,2026-08-30T11:00,26.8,93,8.5,156.0,32.6
W12,North Zone,13243,20.31221151549323,85.83319777018116,2026-08-30T12:00,28.0,89,7.9,345.0,34.1
W12,North Zone,13243,20.31221151549323,85.83319777018116,2026-08-30T13:00,29.0,83,10.7,334.0,34.7
W12,North Zone,13243,20.31221151549323,85.83319777018116,2026-08-30T14:00,29.6,79,12.1,389.0,34.8
W12,North Zone,13243,20.31221151549323,85.83319777018116,2026-08-30T15:00,29.9,76,13.0,333.0,34.9
W12,North Zone,13243,20.31221151549323,85.83319777018116,2026-08-30T16:00,29.6,78,12.7,221.0,34.6
W12,North Zone,13243,20.31221151549323,85.83319777018116,2026-08-30T17:00,29.0,81,9.0,110.0,34.7
W12,North Zone,13243,20.31221151549323,85.83319777018116,2026-08-30T18:00,28.1,85,8.2,10.0,33.9
W12,North Zone,13243,20.31221151549323,85.83319777018116,2026-08-30T19:00,27.9,86,8.3,0.0,33.7
W12,North Zone,13243,20.31221151549323,85.83319777018116,2026-08-30T20:00,27.1,88,6.2,0.0,32.9
W12,North Zone,13243,20.31221151549323,85.83319777018116,2026-08-30T21:00,26.7,93,5.5,0.0,33.0
W12,North Zone,13243,20.31221151549323,85.83319777018116,2026-08-30T22:00,26.4,95,5.1,0.0,32.7
W12,North Zone,13243,20.31221151549323,85.83319777018116,2026-08-30T23:00,26.2,96,8.0,0.0,32.0
W12,North Zone,13243,20.31221151549323,85.83319777018116,2026-08-31T00:00,26.0,95,11.5,0.0,31.0
W12,North Zone,13243,20.31221151549323,85.83319777018116,2026-08-31T01:00,25.7,94,11.3,0.0,30.5
W12,North Zone,13243,20.31221151549323,85.83319777018116,2026-08-31T02:00,25.4,94,10.8,0.0,30.1
W12,North Zone,13243,20.31221151549323,85.83319777018116,2026-08-31T03:00,25.4,94,10.2,0.0,30.1
W12,North Zone,13243,20.31221151549323,85.83319777018116,2026-08-31T04:00,25.5,92,10.1,0.0,30.2
W12,North Zone,13243,20.31221151549323,85.83319777018116,2026-08-31T05:00,25.5,92,9.0,0.0,30.3
W12,North Zone,13243,20.31221151549323,85.83319777018116,2026-08-31T06:00,25.7,92,8.5,19.0,30.7
W12,North Zone,13243,20.31221151549323,85.83319777018116,2026-08-31T07:00,26.5,88,9.2,100.0,31.5
W12,North Zone,13243,20.31221151549323,85.83319777018116,2026-08-31T08:00,27.1,86,9.3,159.0,32.3
W12,North Zone,13243,20.31221151549323,85.83319777018116,2026-08-31T09:00,27.5,85,12.4,239.0,32.2
W12,North Zone,13243,20.31221151549323,85.83319777018116,2026-08-31T10:00,28.0,82,16.6,418.0,31.9
W12,North Zone,13243,20.31221151549323,85.83319777018116,2026-08-31T11:00,28.3,79,15.4,306.0,32.3
W12,North Zone,13243,20.31221151549323,85.83319777018116,2026-08-31T12:00,29.0,76,16.6,446.0,32.8
W12,North Zone,13243,20.31221151549323,85.83319777018116,2026-08-31T13:00,29.7,72,17.3,469.0,33.3
W12,North Zone,13243,20.31221151549323,85.83319777018116,2026-08-31T14:00,30.1,70,17.4,456.0,33.7
W12,North Zone,13243,20.31221151549323,85.83319777018116,2026-08-31T15:00,29.9,71,16.8,437.0,33.6
W12,North Zone,13243,20.31221151549323,85.83319777018116,2026-08-31T16:00,29.3,74,15.7,304.0,33.2
W12,North Zone,13243,20.31221151549323,85.83319777018116,2026-08-31T17:00,28.8,76,14.8,138.0,32.8
W12,North Zone,13243,20.31221151549323,85.83319777018116,2026-08-31T18:00,28.4,78,13.7,9.0,32.5
W12,North Zone,13243,20.31221151549323,85.83319777018116,2026-08-31T19:00,28.0,79,12.4,0.0,32.2
W12,North Zone,13243,20.31221151549323,85.83319777018116,2026-08-31T20:00,27.6,80,11.4,0.0,31.9
W12,North Zone,13243,20.31221151549323,85.83319777018116,2026-08-31T21:00,27.2,82,10.1,0.0,31.7
W12,North Zone,13243,20.31221151549323,85.83319777018116,2026-08-31T22:00,26.9,84,9.1,0.0,31.6
W12,North Zone,13243,20.31221151549323,85.83319777018116,2026-08-31T23:00,26.6,85,9.0,0.0,31.3
W12,North Zone,13243,20.31221151549323,85.83319777018116,2026-09-01T00:00,26.6,84,9.8,0.0,31.0
W12,North Zone,13243,20.31221151549323,85.83319777018116,2026-09-01T01:00,26.6,83,11.2,0.0,30.7
W12,North Zone,13243,20.31221151549323,85.83319777018116,2026-09-01T02:00,26.6,82,11.7,0.0,30.6
W12,North Zone,13243,20.31221151549323,85.83319777018116,2026-09-01T03:00,26.5,83,10.9,0.0,30.6
W12,North Zone,13243,20.31221151549323,85.83319777018116,2026-09-01T04:00,26.2,85,10.0,0.0,30.6
W12,North Zone,13243,20.31221151549323,85.83319777018116,2026-09-01T05:00,26.3,86,9.9,0.0,30.7
W12,North Zone,13243,20.31221151549323,85.83319777018116,2026-09-01T06:00,26.8,84,10.5,24.0,31.2
W12,North Zone,13243,20.31221151549323,85.83319777018116,2026-09-01T07:00,27.5,81,11.0,104.0,31.9
W12,North Zone,13243,20.31221151549323,85.83319777018116,2026-09-01T08:00,28.1,78,11.5,181.0,32.5
W12,North Zone,13243,20.31221151549323,85.83319777018116,2026-09-01T09:00,28.4,77,11.6,238.0,32.8
W12,North Zone,13243,20.31221151549323,85.83319777018116,2026-09-01T10:00,28.6,76,12.7,292.0,32.9
W12,North Zone,13243,20.31221151549323,85.83319777018116,2026-09-01T11:00,28.8,76,14.0,334.0,32.9
W12,North Zone,13243,20.31221151549323,85.83319777018116,2026-09-01T12:00,29.2,74,14.8,340.0,33.2
W12,North Zone,13243,20.31221151549323,85.83319777018116,2026-09-01T13:00,29.6,72,15.2,360.0,33.4
W12,North Zone,13243,20.31221151549323,85.83319777018116,2026-09-01T14:00,29.8,71,14.8,363.0,33.7
W12,North Zone,13243,20.31221151549323,85.83319777018116,2026-09-01T15:00,29.5,74,13.2,394.0,34.0
W12,North Zone,13243,20.31221151549323,85.83319777018116,2026-09-01T16:00,29.0,80,10.9,270.0,34.2
W12,North Zone,13243,20.31221151549323,85.83319777018116,2026-09-01T17:00,28.4,84,9.3,115.0,34.1
W12,North Zone,13243,20.31221151549323,85.83319777018116,2026-09-01T18:00,27.8,86,8.1,6.0,33.6
W12,North Zone,13243,20.31221151549323,85.83319777018116,2026-09-01T19:00,27.2,88,7.2,0.0,32.8
W12,North Zone,13243,20.31221151549323,85.83319777018116,2026-09-01T20:00,26.7,89,7.0,0.0,32.1
W12,North Zone,13243,20.31221151549323,85.83319777018116,2026-09-01T21:00,26.5,90,7.8,0.0,31.9
W12,North Zone,13243,20.31221151549323,85.83319777018116,2026-09-01T22:00,26.5,91,9.3,0.0,31.7
W12,North Zone,13243,20.31221151549323,85.83319777018116,2026-09-01T23:00,26.5,91,10.2,0.0,31.6
W11,North Zone,11834,20.310804731519394,85.84236891805146,2026-08-28T00:00,26.9,95,9.0,0.0,32.9
W11,North Zone,11834,20.310804731519394,85.84236891805146,2026-08-28T01:00,26.9,95,10.7,0.0,32.7
W11,North Zone,11834,20.310804731519394,85.84236891805146,2026-08-28T02:00,26.9,93,12.0,0.0,32.3
W11,North Zone,11834,20.310804731519394,85.84236891805146,2026-08-28T03:00,26.5,92,12.4,0.0,31.5
W11,North Zone,11834,20.310804731519394,85.84236891805146,2026-08-28T04:00,26.3,91,11.4,0.0,31.1
W11,North Zone,11834,20.310804731519394,85.84236891805146,2026-08-28T05:00,26.3,90,11.1,0.0,31.0
W11,North Zone,11834,20.310804731519394,85.84236891805146,2026-08-28T06:00,26.9,88,11.1,42.0,31.7
W11,North Zone,11834,20.310804731519394,85.84236891805146,2026-08-28T07:00,28.3,82,13.0,212.0,33.1
W11,North Zone,11834,20.310804731519394,85.84236891805146,2026-08-28T08:00,29.5,77,16.0,416.0,33.9
W11,North Zone,11834,20.310804731519394,85.84236891805146,2026-08-28T09:00,30.5,74,15.7,616.0,35.5
W11,North Zone,11834,20.310804731519394,85.84236891805146,2026-08-28T10:00,31.3,73,13.5,708.0,37.5
W11,North Zone,11834,20.310804731519394,85.84236891805146,2026-08-28T11:00,31.6,71,11.5,738.0,38.1
W11,North Zone,11834,20.310804731519394,85.84236891805146,2026-08-28T12:00,28.8,85,13.5,469.0,34.3
W11,North Zone,11834,20.310804731519394,85.84236891805146,2026-08-28T13:00,29.2,83,7.0,451.0,35.7
W11,North Zone,11834,20.310804731519394,85.84236891805146,2026-08-28T14:00,30.0,84,5.3,346.0,37.3
W11,North Zone,11834,20.310804731519394,85.84236891805146,2026-08-28T15:00,29.4,88,4.6,297.0,36.9
W11,North Zone,11834,20.310804731519394,85.84236891805146,2026-08-28T16:00,26.9,92,8.7,171.0,32.6
W11,North Zone,11834,20.310804731519394,85.84236891805146,2026-08-28T17:00,26.7,94,0.4,61.0,33.8
W11,North Zone,11834,20.310804731519394,85.84236891805146,2026-08-28T18:00,26.8,95,4.6,6.0,33.5
W11,North Zone,11834,20.310804731519394,85.84236891805146,2026-08-28T19:00,26.5,97,8.5,0.0,32.6
W11,North Zone,11834,20.310804731519394,85.84236891805146,2026-08-28T20:00,26.2,97,8.8,0.0,32.1
W11,North Zone,11834,20.310804731519394,85.84236891805146,2026-08-28T21:00,26.1,97,8.7,0.0,31.9
W11,North Zone,11834,20.310804731519394,85.84236891805146,2026-08-28T22:00,26.0,97,9.5,0.0,31.7
W11,North Zone,11834,20.310804731519394,85.84236891805146,2026-08-28T23:00,26.1,97,8.7,0.0,31.9
W11,North Zone,11834,20.310804731519394,85.84236891805146,2026-08-29T00:00,26.2,97,8.8,0.0,32.0
W11,North Zone,11834,20.310804731519394,85.84236891805146,2026-08-29T01:00,26.2,96,8.3,0.0,32.1
W11,North Zone,11834,20.310804731519394,85.84236891805146,2026-08-29T02:00,26.3,96,8.7,0.0,32.1
W11,North Zone,11834,20.310804731519394,85.84236891805146,2026-08-29T03:00,25.2,98,11.7,0.0,30.1
W11,North Zone,11834,20.310804731519394,85.84236891805146,2026-08-29T04:00,25.5,98,9.7,0.0,30.8
W11,North Zone,11834,20.310804731519394,85.84236891805146,2026-08-29T05:00,25.7,97,10.1,0.0,31.1
W11,North Zone,11834,20.310804731519394,85.84236891805146,2026-08-29T06:00,26.2,98,8.6,28.0,32.1
W11,North Zone,11834,20.310804731519394,85.84236891805146,2026-08-29T07:00,26.9,97,6.8,106.0,33.6
W11,North Zone,11834,20.310804731519394,85.84236891805146,2026-08-29T08:00,28.2,92,7.8,250.0,34.9
W11,North Zone,11834,20.310804731519394,85.84236891805146,2026-08-29T09:00,29.4,83,9.4,428.0,35.6
W11,North Zone,11834,20.310804731519394,85.84236891805146,2026-08-29T10:00,29.8,82,9.3,419.0,36.0
W11,North Zone,11834,20.310804731519394,85.84236891805146,2026-08-29T11:00,29.7,80,10.1,309.0,35.5
W11,North Zone,11834,20.310804731519394,85.84236891805146,2026-08-29T12:00,29.9,78,11.3,323.0,35.4
W11,North Zone,11834,20.310804731519394,85.84236891805146,2026-08-29T13:00,30.2,76,11.7,333.0,35.5
W11,North Zone,11834,20.310804731519394,85.84236891805146,2026-08-29T14:00,30.2,77,9.6,258.0,36.0
W11,North Zone,11834,20.310804731519394,85.84236891805146,2026-08-29T15:00,30.3,77,9.5,240.0,36.1
W11,North Zone,11834,20.310804731519394,85.84236891805146,2026-08-29T16:00,29.2,85,9.0,113.0,35.6
W11,North Zone,11834,20.310804731519394,85.84236891805146,2026-08-29T17:00,27.1,95,7.2,53.0,33.6
W11,North Zone,11834,20.310804731519394,85.84236891805146,2026-08-29T18:00,26.8,97,10.2,1.0,32.9
W11,North Zone,11834,20.310804731519394,85.84236891805146,2026-08-29T19:00,26.7,97,8.2,0.0,33.0
W11,North Zone,11834,20.310804731519394,85.84236891805146,2026-08-29T20:00,26.4,97,8.8,0.0,32.4
W11,North Zone,11834,20.310804731519394,85.84236891805146,2026-08-29T21:00,26.3,97,7.8,0.0,32.4
W11,North Zone,11834,20.310804731519394,85.84236891805146,2026-08-29T22:00,26.1,97,8.3,0.0,32.0
W11,North Zone,11834,20.310804731519394,85.84236891805146,2026-08-29T23:00,24.9,99,12.5,0.0,29.7
W11,North Zone,11834,20.310804731519394,85.84236891805146,2026-08-30T00:00,25.1,99,8.3,0.0,30.6
W11,North Zone,11834,20.310804731519394,85.84236891805146,2026-08-30T01:00,25.4,99,9.6,0.0,30.7
W11,North Zone,11834,20.310804731519394,85.84236891805146,2026-08-30T02:00,25.6,98,9.7,0.0,31.1
W11,North Zone,11834,20.310804731519394,85.84236891805146,2026-08-30T03:00,25.8,97,9.8,0.0,31.3
W11,North Zone,11834,20.310804731519394,85.84236891805146,2026-08-30T04:00,25.8,97,8.1,0.0,31.5
W11,North Zone,11834,20.310804731519394,85.84236891805146,2026-08-30T05:00,25.7,99,9.0,0.0,31.3
W11,North Zone,11834,20.310804731519394,85.84236891805146,2026-08-30T06:00,25.8,98,7.9,18.0,31.7
W11,North Zone,11834,20.310804731519394,85.84236891805146,2026-08-30T07:00,26.3,95,8.3,63.0,32.1
W11,North Zone,11834,20.310804731519394,85.84236891805146,2026-08-30T08:00,26.2,95,9.7,116.0,31.8
W11,North Zone,11834,20.310804731519394,85.84236891805146,2026-08-30T09:00,26.1,93,7.8,155.0,31.5
W11,North Zone,11834,20.310804731519394,85.84236891805146,2026-08-30T10:00,26.9,93,7.2,197.0,33.0
W11,North Zone,11834,20.310804731519394,85.84236891805146,2026-08-30T11:00,26.8,93,8.5,156.0,32.6
W11,North Zone,11834,20.310804731519394,85.84236891805146,2026-08-30T12:00,28.0,89,7.9,345.0,34.1
W11,North Zone,11834,20.310804731519394,85.84236891805146,2026-08-30T13:00,29.0,83,10.7,334.0,34.7
W11,North Zone,11834,20.310804731519394,85.84236891805146,2026-08-30T14:00,29.6,79,12.1,389.0,34.8
W11,North Zone,11834,20.310804731519394,85.84236891805146,2026-08-30T15:00,29.9,76,13.0,333.0,34.9
W11,North Zone,11834,20.310804731519394,85.84236891805146,2026-08-30T16:00,29.6,78,12.7,221.0,34.6
W11,North Zone,11834,20.310804731519394,85.84236891805146,2026-08-30T17:00,29.0,81,9.0,110.0,34.7
W11,North Zone,11834,20.310804731519394,85.84236891805146,2026-08-30T18:00,28.1,85,8.2,10.0,33.9
W11,North Zone,11834,20.310804731519394,85.84236891805146,2026-08-30T19:00,27.9,86,8.3,0.0,33.7
W11,North Zone,11834,20.310804731519394,85.84236891805146,2026-08-30T20:00,27.1,88,6.2,0.0,32.9
W11,North Zone,11834,20.310804731519394,85.84236891805146,2026-08-30T21:00,26.7,93,5.5,0.0,33.0
W11,North Zone,11834,20.310804731519394,85.84236891805146,2026-08-30T22:00,26.4,95,5.1,0.0,32.7
W11,North Zone,11834,20.310804731519394,85.84236891805146,2026-08-30T23:00,26.2,96,8.0,0.0,32.0
W11,North Zone,11834,20.310804731519394,85.84236891805146,2026-08-31T00:00,26.0,95,11.5,0.0,31.0
W11,North Zone,11834,20.310804731519394,85.84236891805146,2026-08-31T01:00,25.7,94,11.3,0.0,30.5
W11,North Zone,11834,20.310804731519394,85.84236891805146,2026-08-31T02:00,25.4,94,10.8,0.0,30.1
W11,North Zone,11834,20.310804731519394,85.84236891805146,2026-08-31T03:00,25.4,94,10.2,0.0,30.1
W11,North Zone,11834,20.310804731519394,85.84236891805146,2026-08-31T04:00,25.5,92,10.1,0.0,30.2
W11,North Zone,11834,20.310804731519394,85.84236891805146,2026-08-31T05:00,25.5,92,9.0,0.0,30.3
W11,North Zone,11834,20.310804731519394,85.84236891805146,2026-08-31T06:00,25.7,92,8.5,19.0,30.7
W11,North Zone,11834,20.310804731519394,85.84236891805146,2026-08-31T07:00,26.5,88,9.2,100.0,31.5
W11,North Zone,11834,20.310804731519394,85.84236891805146,2026-08-31T08:00,27.1,86,9.3,159.0,32.3
W11,North Zone,11834,20.310804731519394,85.84236891805146,2026-08-31T09:00,27.5,85,12.4,239.0,32.2
W11,North Zone,11834,20.310804731519394,85.84236891805146,2026-08-31T10:00,28.0,82,16.6,418.0,31.9
W11,North Zone,11834,20.310804731519394,85.84236891805146,2026-08-31T11:00,28.3,79,15.4,306.0,32.3
W11,North Zone,11834,20.310804731519394,85.84236891805146,2026-08-31T12:00,29.0,76,16.6,446.0,32.8
W11,North Zone,11834,20.310804731519394,85.84236891805146,2026-08-31T13:00,29.7,72,17.3,469.0,33.3
W11,North Zone,11834,20.310804731519394,85.84236891805146,2026-08-31T14:00,30.1,70,17.4,456.0,33.7
W11,North Zone,11834,20.310804731519394,85.84236891805146,2026-08-31T15:00,29.9,71,16.8,437.0,33.6
W11,North Zone,11834,20.310804731519394,85.84236891805146,2026-08-31T16:00,29.3,74,15.7,304.0,33.2
W11,North Zone,11834,20.310804731519394,85.84236891805146,2026-08-31T17:00,28.8,76,14.8,138.0,32.8
W11,North Zone,11834,20.310804731519394,85.84236891805146,2026-08-31T18:00,28.4,78,13.7,9.0,32.5
W11,North Zone,11834,20.310804731519394,85.84236891805146,2026-08-31T19:00,28.0,79,12.4,0.0,32.2
W11,North Zone,11834,20.310804731519394,85.84236891805146,2026-08-31T20:00,27.6,80,11.4,0.0,31.9
W11,North Zone,11834,20.310804731519394,85.84236891805146,2026-08-31T21:00,27.2,82,10.1,0.0,31.7
W11,North Zone,11834,20.310804731519394,85.84236891805146,2026-08-31T22:00,26.9,84,9.1,0.0,31.6
W11,North Zone,11834,20.310804731519394,85.84236891805146,2026-08-31T23:00,26.6,85,9.0,0.0,31.3
W11,North Zone,11834,20.310804731519394,85.84236891805146,2026-09-01T00:00,26.6,84,9.8,0.0,31.0
W11,North Zone,11834,20.310804731519394,85.84236891805146,2026-09-01T01:00,26.6,83,11.2,0.0,30.7
W11,North Zone,11834,20.310804731519394,85.84236891805146,2026-09-01T02:00,26.6,82,11.7,0.0,30.6
W11,North Zone,11834,20.310804731519394,85.84236891805146,2026-09-01T03:00,26.5,83,10.9,0.0,30.6
W11,North Zone,11834,20.310804731519394,85.84236891805146,2026-09-01T04:00,26.2,85,10.0,0.0,30.6
W11,North Zone,11834,20.310804731519394,85.84236891805146,2026-09-01T05:00,26.3,86,9.9,0.0,30.7
W11,North Zone,11834,20.310804731519394,85.84236891805146,2026-09-01T06:00,26.8,84,10.5,24.0,31.2
W11,North Zone,11834,20.310804731519394,85.84236891805146,2026-09-01T07:00,27.5,81,11.0,104.0,31.9
W11,North Zone,11834,20.310804731519394,85.84236891805146,2026-09-01T08:00,28.1,78,11.5,181.0,32.5
W11,North Zone,11834,20.310804731519394,85.84236891805146,2026-09-01T09:00,28.4,77,11.6,238.0,32.8
W11,North Zone,11834,20.310804731519394,85.84236891805146,2026-09-01T10:00,28.6,76,12.7,292.0,32.9
W11,North Zone,11834,20.310804731519394,85.84236891805146,2026-09-01T11:00,28.8,76,14.0,334.0,32.9
W11,North Zone,11834,20.310804731519394,85.84236891805146,2026-09-01T12:00,29.2,74,14.8,340.0,33.2
W11,North Zone,11834,20.310804731519394,85.84236891805146,2026-09-01T13:00,29.6,72,15.2,360.0,33.4
W11,North Zone,11834,20.310804731519394,85.84236891805146,2026-09-01T14:00,29.8,71,14.8,363.0,33.7
W11,North Zone,11834,20.310804731519394,85.84236891805146,2026-09-01T15:00,29.5,74,13.2,394.0,34.0
W11,North Zone,11834,20.310804731519394,85.84236891805146,2026-09-01T16:00,29.0,80,10.9,270.0,34.2
W11,North Zone,11834,20.310804731519394,85.84236891805146,2026-09-01T17:00,28.4,84,9.3,115.0,34.1
W11,North Zone,11834,20.310804731519394,85.84236891805146,2026-09-01T18:00,27.8,86,8.1,6.0,33.6
W11,North Zone,11834,20.310804731519394,85.84236891805146,2026-09-01T19:00,27.2,88,7.2,0.0,32.8
W11,North Zone,11834,20.310804731519394,85.84236891805146,2026-09-01T20:00,26.7,89,7.0,0.0,32.1
W11,North Zone,11834,20.310804731519394,85.84236891805146,2026-09-01T21:00,26.5,90,7.8,0.0,31.9
W11,North Zone,11834,20.310804731519394,85.84236891805146,2026-09-01T22:00,26.5,91,9.3,0.0,31.7
W11,North Zone,11834,20.310804731519394,85.84236891805146,2026-09-01T23:00,26.5,91,10.2,0.0,31.6
W17,North Zone,12238,20.303573458066467,85.84193270422168,2026-08-28T00:00,26.9,95,9.0,0.0,32.9
W17,North Zone,12238,20.303573458066467,85.84193270422168,2026-08-28T01:00,26.9,95,10.7,0.0,32.7
W17,North Zone,12238,20.303573458066467,85.84193270422168,2026-08-28T02:00,26.9,93,12.0,0.0,32.3
W17,North Zone,12238,20.303573458066467,85.84193270422168,2026-08-28T03:00,26.5,92,12.4,0.0,31.5
W17,North Zone,12238,20.303573458066467,85.84193270422168,2026-08-28T04:00,26.3,91,11.4,0.0,31.1
W17,North Zone,12238,20.303573458066467,85.84193270422168,2026-08-28T05:00,26.3,90,11.1,0.0,31.0
W17,North Zone,12238,20.303573458066467,85.84193270422168,2026-08-28T06:00,26.9,88,11.1,42.0,31.7
W17,North Zone,12238,20.303573458066467,85.84193270422168,2026-08-28T07:00,28.3,82,13.0,212.0,33.1
W17,North Zone,12238,20.303573458066467,85.84193270422168,2026-08-28T08:00,29.5,77,16.0,416.0,33.9
W17,North Zone,12238,20.303573458066467,85.84193270422168,2026-08-28T09:00,30.5,74,15.7,616.0,35.5
W17,North Zone,12238,20.303573458066467,85.84193270422168,2026-08-28T10:00,31.3,73,13.5,708.0,37.5
W17,North Zone,12238,20.303573458066467,85.84193270422168,2026-08-28T11:00,31.6,71,11.5,738.0,38.1
W17,North Zone,12238,20.303573458066467,85.84193270422168,2026-08-28T12:00,28.8,85,13.5,469.0,34.3
W17,North Zone,12238,20.303573458066467,85.84193270422168,2026-08-28T13:00,29.2,83,7.0,451.0,35.7
W17,North Zone,12238,20.303573458066467,85.84193270422168,2026-08-28T14:00,30.0,84,5.3,346.0,37.3
W17,North Zone,12238,20.303573458066467,85.84193270422168,2026-08-28T15:00,29.4,88,4.6,297.0,36.9
W17,North Zone,12238,20.303573458066467,85.84193270422168,2026-08-28T16:00,26.9,92,8.7,171.0,32.6
W17,North Zone,12238,20.303573458066467,85.84193270422168,2026-08-28T17:00,26.7,94,0.4,61.0,33.8
W17,North Zone,12238,20.303573458066467,85.84193270422168,2026-08-28T18:00,26.8,95,4.6,6.0,33.5
W17,North Zone,12238,20.303573458066467,85.84193270422168,2026-08-28T19:00,26.5,97,8.5,0.0,32.6
W17,North Zone,12238,20.303573458066467,85.84193270422168,2026-08-28T20:00,26.2,97,8.8,0.0,32.1
W17,North Zone,12238,20.303573458066467,85.84193270422168,2026-08-28T21:00,26.1,97,8.7,0.0,31.9
W17,North Zone,12238,20.303573458066467,85.84193270422168,2026-08-28T22:00,26.0,97,9.5,0.0,31.7
W17,North Zone,12238,20.303573458066467,85.84193270422168,2026-08-28T23:00,26.1,97,8.7,0.0,31.9
W17,North Zone,12238,20.303573458066467,85.84193270422168,2026-08-29T00:00,26.2,97,8.8,0.0,32.0
W17,North Zone,12238,20.303573458066467,85.84193270422168,2026-08-29T01:00,26.2,96,8.3,0.0,32.1
W17,North Zone,12238,20.303573458066467,85.84193270422168,2026-08-29T02:00,26.3,96,8.7,0.0,32.1
W17,North Zone,12238,20.303573458066467,85.84193270422168,2026-08-29T03:00,25.2,98,11.7,0.0,30.1
W17,North Zone,12238,20.303573458066467,85.84193270422168,2026-08-29T04:00,25.5,98,9.7,0.0,30.8
W17,North Zone,12238,20.303573458066467,85.84193270422168,2026-08-29T05:00,25.7,97,10.1,0.0,31.1
W17,North Zone,12238,20.303573458066467,85.84193270422168,2026-08-29T06:00,26.2,98,8.6,28.0,32.1
W17,North Zone,12238,20.303573458066467,85.84193270422168,2026-08-29T07:00,26.9,97,6.8,106.0,33.6
W17,North Zone,12238,20.303573458066467,85.84193270422168,2026-08-29T08:00,28.2,92,7.8,250.0,34.9
W17,North Zone,12238,20.303573458066467,85.84193270422168,2026-08-29T09:00,29.4,83,9.4,428.0,35.6
W17,North Zone,12238,20.303573458066467,85.84193270422168,2026-08-29T10:00,29.8,82,9.3,419.0,36.0
W17,North Zone,12238,20.303573458066467,85.84193270422168,2026-08-29T11:00,29.7,80,10.1,309.0,35.5
W17,North Zone,12238,20.303573458066467,85.84193270422168,2026-08-29T12:00,29.9,78,11.3,323.0,35.4
W17,North Zone,12238,20.303573458066467,85.84193270422168,2026-08-29T13:00,30.2,76,11.7,333.0,35.5
W17,North Zone,12238,20.303573458066467,85.84193270422168,2026-08-29T14:00,30.2,77,9.6,258.0,36.0
W17,North Zone,12238,20.303573458066467,85.84193270422168,2026-08-29T15:00,30.3,77,9.5,240.0,36.1
W17,North Zone,12238,20.303573458066467,85.84193270422168,2026-08-29T16:00,29.2,85,9.0,113.0,35.6
W17,North Zone,12238,20.303573458066467,85.84193270422168,2026-08-29T17:00,27.1,95,7.2,53.0,33.6
W17,North Zone,12238,20.303573458066467,85.84193270422168,2026-08-29T18:00,26.8,97,10.2,1.0,32.9
W17,North Zone,12238,20.303573458066467,85.84193270422168,2026-08-29T19:00,26.7,97,8.2,0.0,33.0
W17,North Zone,12238,20.303573458066467,85.84193270422168,2026-08-29T20:00,26.4,97,8.8,0.0,32.4
W17,North Zone,12238,20.303573458066467,85.84193270422168,2026-08-29T21:00,26.3,97,7.8,0.0,32.4
W17,North Zone,12238,20.303573458066467,85.84193270422168,2026-08-29T22:00,26.1,97,8.3,0.0,32.0
W17,North Zone,12238,20.303573458066467,85.84193270422168,2026-08-29T23:00,24.9,99,12.5,0.0,29.7
W17,North Zone,12238,20.303573458066467,85.84193270422168,2026-08-30T00:00,25.1,99,8.3,0.0,30.6
W17,North Zone,12238,20.303573458066467,85.84193270422168,2026-08-30T01:00,25.4,99,9.6,0.0,30.7
W17,North Zone,12238,20.303573458066467,85.84193270422168,2026-08-30T02:00,25.6,98,9.7,0.0,31.1
W17,North Zone,12238,20.303573458066467,85.84193270422168,2026-08-30T03:00,25.8,97,9.8,0.0,31.3
W17,North Zone,12238,20.303573458066467,85.84193270422168,2026-08-30T04:00,25.8,97,8.1,0.0,31.5
W17,North Zone,12238,20.303573458066467,85.84193270422168,2026-08-30T05:00,25.7,99,9.0,0.0,31.3
W17,North Zone,12238,20.303573458066467,85.84193270422168,2026-08-30T06:00,25.8,98,7.9,18.0,31.7
W17,North Zone,12238,20.303573458066467,85.84193270422168,2026-08-30T07:00,26.3,95,8.3,63.0,32.1
W17,North Zone,12238,20.303573458066467,85.84193270422168,2026-08-30T08:00,26.2,95,9.7,116.0,31.8
W17,North Zone,12238,20.303573458066467,85.84193270422168,2026-08-30T09:00,26.1,93,7.8,155.0,31.5
W17,North Zone,12238,20.303573458066467,85.84193270422168,2026-08-30T10:00,26.9,93,7.2,197.0,33.0
W17,North Zone,12238,20.303573458066467,85.84193270422168,2026-08-30T11:00,26.8,93,8.5,156.0,32.6
W17,North Zone,12238,20.303573458066467,85.84193270422168,2026-08-30T12:00,28.0,89,7.9,345.0,34.1
W17,North Zone,12238,20.303573458066467,85.84193270422168,2026-08-30T13:00,29.0,83,10.7,334.0,34.7
W17,North Zone,12238,20.303573458066467,85.84193270422168,2026-08-30T14:00,29.6,79,12.1,389.0,34.8
W17,North Zone,12238,20.303573458066467,85.84193270422168,2026-08-30T15:00,29.9,76,13.0,333.0,34.9
W17,North Zone,12238,20.303573458066467,85.84193270422168,2026-08-30T16:00,29.6,78,12.7,221.0,34.6
W17,North Zone,12238,20.303573458066467,85.84193270422168,2026-08-30T17:00,29.0,81,9.0,110.0,34.7
W17,North Zone,12238,20.303573458066467,85.84193270422168,2026-08-30T18:00,28.1,85,8.2,10.0,33.9
W17,North Zone,12238,20.303573458066467,85.84193270422168,2026-08-30T19:00,27.9,86,8.3,0.0,33.7
W17,North Zone,12238,20.303573458066467,85.84193270422168,2026-08-30T20:00,27.1,88,6.2,0.0,32.9
W17,North Zone,12238,20.303573458066467,85.84193270422168,2026-08-30T21:00,26.7,93,5.5,0.0,33.0
W17,North Zone,12238,20.303573458066467,85.84193270422168,2026-08-30T22:00,26.4,95,5.1,0.0,32.7
W17,North Zone,12238,20.303573458066467,85.84193270422168,2026-08-30T23:00,26.2,96,8.0,0.0,32.0
W17,North Zone,12238,20.303573458066467,85.84193270422168,2026-08-31T00:00,26.0,95,11.5,0.0,31.0
W17,North Zone,12238,20.303573458066467,85.84193270422168,2026-08-31T01:00,25.7,94,11.3,0.0,30.5
W17,North Zone,12238,20.303573458066467,85.84193270422168,2026-08-31T02:00,25.4,94,10.8,0.0,30.1
W17,North Zone,12238,20.303573458066467,85.84193270422168,2026-08-31T03:00,25.4,94,10.2,0.0,30.1
W17,North Zone,12238,20.303573458066467,85.84193270422168,2026-08-31T04:00,25.5,92,10.1,0.0,30.2
W17,North Zone,12238,20.303573458066467,85.84193270422168,2026-08-31T05:00,25.5,92,9.0,0.0,30.3
W17,North Zone,12238,20.303573458066467,85.84193270422168,2026-08-31T06:00,25.7,92,8.5,19.0,30.7
W17,North Zone,12238,20.303573458066467,85.84193270422168,2026-08-31T07:00,26.5,88,9.2,100.0,31.5
W17,North Zone,12238,20.303573458066467,85.84193270422168,2026-08-31T08:00,27.1,86,9.3,159.0,32.3
W17,North Zone,12238,20.303573458066467,85.84193270422168,2026-08-31T09:00,27.5,85,12.4,239.0,32.2
W17,North Zone,12238,20.303573458066467,85.84193270422168,2026-08-31T10:00,28.0,82,16.6,418.0,31.9
W17,North Zone,12238,20.303573458066467,85.84193270422168,2026-08-31T11:00,28.3,79,15.4,306.0,32.3
W17,North Zone,12238,20.303573458066467,85.84193270422168,2026-08-31T12:00,29.0,76,16.6,446.0,32.8
W17,North Zone,12238,20.303573458066467,85.84193270422168,2026-08-31T13:00,29.7,72,17.3,469.0,33.3
W17,North Zone,12238,20.303573458066467,85.84193270422168,2026-08-31T14:00,30.1,70,17.4,456.0,33.7
W17,North Zone,12238,20.303573458066467,85.84193270422168,2026-08-31T15:00,29.9,71,16.8,437.0,33.6
W17,North Zone,12238,20.303573458066467,85.84193270422168,2026-08-31T16:00,29.3,74,15.7,304.0,33.2
W17,North Zone,12238,20.303573458066467,85.84193270422168,2026-08-31T17:00,28.8,76,14.8,138.0,32.8
W17,North Zone,12238,20.303573458066467,85.84193270422168,2026-08-31T18:00,28.4,78,13.7,9.0,32.5
W17,North Zone,12238,20.303573458066467,85.84193270422168,2026-08-31T19:00,28.0,79,12.4,0.0,32.2
W17,North Zone,12238,20.303573458066467,85.84193270422168,2026-08-31T20:00,27.6,80,11.4,0.0,31.9
W17,North Zone,12238,20.303573458066467,85.84193270422168,2026-08-31T21:00,27.2,82,10.1,0.0,31.7
W17,North Zone,12238,20.303573458066467,85.84193270422168,2026-08-31T22:00,26.9,84,9.1,0.0,31.6
W17,North Zone,12238,20.303573458066467,85.84193270422168,2026-08-31T23:00,26.6,85,9.0,0.0,31.3
W17,North Zone,12238,20.303573458066467,85.84193270422168,2026-09-01T00:00,26.6,84,9.8,0.0,31.0
W17,North Zone,12238,20.303573458066467,85.84193270422168,2026-09-01T01:00,26.6,83,11.2,0.0,30.7
W17,North Zone,12238,20.303573458066467,85.84193270422168,2026-09-01T02:00,26.6,82,11.7,0.0,30.6
W17,North Zone,12238,20.303573458066467,85.84193270422168,2026-09-01T03:00,26.5,83,10.9,0.0,30.6
W17,North Zone,12238,20.303573458066467,85.84193270422168,2026-09-01T04:00,26.2,85,10.0,0.0,30.6
W17,North Zone,12238,20.303573458066467,85.84193270422168,2026-09-01T05:00,26.3,86,9.9,0.0,30.7
W17,North Zone,12238,20.303573458066467,85.84193270422168,2026-09-01T06:00,26.8,84,10.5,24.0,31.2
W17,North Zone,12238,20.303573458066467,85.84193270422168,2026-09-01T07:00,27.5,81,11.0,104.0,31.9
W17,North Zone,12238,20.303573458066467,85.84193270422168,2026-09-01T08:00,28.1,78,11.5,181.0,32.5
W17,North Zone,12238,20.303573458066467,85.84193270422168,2026-09-01T09:00,28.4,77,11.6,238.0,32.8
W17,North Zone,12238,20.303573458066467,85.84193270422168,2026-09-01T10:00,28.6,76,12.7,292.0,32.9
W17,North Zone,12238,20.303573458066467,85.84193270422168,2026-09-01T11:00,28.8,76,14.0,334.0,32.9
W17,North Zone,12238,20.303573458066467,85.84193270422168,2026-09-01T12:00,29.2,74,14.8,340.0,33.2
W17,North Zone,12238,20.303573458066467,85.84193270422168,2026-09-01T13:00,29.6,72,15.2,360.0,33.4
W17,North Zone,12238,20.303573458066467,85.84193270422168,2026-09-01T14:00,29.8,71,14.8,363.0,33.7
W17,North Zone,12238,20.303573458066467,85.84193270422168,2026-09-01T15:00,29.5,74,13.2,394.0,34.0
W17,North Zone,12238,20.303573458066467,85.84193270422168,2026-09-01T16:00,29.0,80,10.9,270.0,34.2
W17,North Zone,12238,20.303573458066467,85.84193270422168,2026-09-01T17:00,28.4,84,9.3,115.0,34.1
W17,North Zone,12238,20.303573458066467,85.84193270422168,2026-09-01T18:00,27.8,86,8.1,6.0,33.6
W17,North Zone,12238,20.303573458066467,85.84193270422168,2026-09-01T19:00,27.2,88,7.2,0.0,32.8
W17,North Zone,12238,20.303573458066467,85.84193270422168,2026-09-01T20:00,26.7,89,7.0,0.0,32.1
W17,North Zone,12238,20.303573458066467,85.84193270422168,2026-09-01T21:00,26.5,90,7.8,0.0,31.9
W17,North Zone,12238,20.303573458066467,85.84193270422168,2026-09-01T22:00,26.5,91,9.3,0.0,31.7
W17,North Zone,12238,20.303573458066467,85.84193270422168,2026-09-01T23:00,26.5,91,10.2,0.0,31.6
W26,North Zone,12167,20.302088337745964,85.81530820854522,2026-08-28T00:00,26.9,95,9.0,0.0,32.9
W26,North Zone,12167,20.302088337745964,85.81530820854522,2026-08-28T01:00,26.9,95,10.7,0.0,32.7
W26,North Zone,12167,20.302088337745964,85.81530820854522,2026-08-28T02:00,26.9,93,12.0,0.0,32.3
W26,North Zone,12167,20.302088337745964,85.81530820854522,2026-08-28T03:00,26.5,92,12.4,0.0,31.5
W26,North Zone,12167,20.302088337745964,85.81530820854522,2026-08-28T04:00,26.3,91,11.4,0.0,31.1
W26,North Zone,12167,20.302088337745964,85.81530820854522,2026-08-28T05:00,26.3,90,11.1,0.0,31.0
W26,North Zone,12167,20.302088337745964,85.81530820854522,2026-08-28T06:00,26.9,88,11.1,42.0,31.7
W26,North Zone,12167,20.302088337745964,85.81530820854522,2026-08-28T07:00,28.3,82,13.0,212.0,33.1
W26,North Zone,12167,20.302088337745964,85.81530820854522,2026-08-28T08:00,29.5,77,16.0,416.0,33.9
W26,North Zone,12167,20.302088337745964,85.81530820854522,2026-08-28T09:00,30.5,74,15.7,616.0,35.5
W26,North Zone,12167,20.302088337745964,85.81530820854522,2026-08-28T10:00,31.3,73,13.5,708.0,37.5
W26,North Zone,12167,20.302088337745964,85.81530820854522,2026-08-28T11:00,31.6,71,11.5,738.0,38.1
W26,North Zone,12167,20.302088337745964,85.81530820854522,2026-08-28T12:00,28.8,85,13.5,469.0,34.3
W26,North Zone,12167,20.302088337745964,85.81530820854522,2026-08-28T13:00,29.2,83,7.0,451.0,35.7
W26,North Zone,12167,20.302088337745964,85.81530820854522,2026-08-28T14:00,30.0,84,5.3,346.0,37.3
W26,North Zone,12167,20.302088337745964,85.81530820854522,2026-08-28T15:00,29.4,88,4.6,297.0,36.9
W26,North Zone,12167,20.302088337745964,85.81530820854522,2026-08-28T16:00,26.9,92,8.7,171.0,32.6
W26,North Zone,12167,20.302088337745964,85.81530820854522,2026-08-28T17:00,26.7,94,0.4,61.0,33.8
W26,North Zone,12167,20.302088337745964,85.81530820854522,2026-08-28T18:00,26.8,95,4.6,6.0,33.5
W26,North Zone,12167,20.302088337745964,85.81530820854522,2026-08-28T19:00,26.5,97,8.5,0.0,32.6
W26,North Zone,12167,20.302088337745964,85.81530820854522,2026-08-28T20:00,26.2,97,8.8,0.0,32.1
W26,North Zone,12167,20.302088337745964,85.81530820854522,2026-08-28T21:00,26.1,97,8.7,0.0,31.9
W26,North Zone,12167,20.302088337745964,85.81530820854522,2026-08-28T22:00,26.0,97,9.5,0.0,31.7
W26,North Zone,12167,20.302088337745964,85.81530820854522,2026-08-28T23:00,26.1,97,8.7,0.0,31.9
W26,North Zone,12167,20.302088337745964,85.81530820854522,2026-08-29T00:00,26.2,97,8.8,0.0,32.0
W26,North Zone,12167,20.302088337745964,85.81530820854522,2026-08-29T01:00,26.2,96,8.3,0.0,32.1
W26,North Zone,12167,20.302088337745964,85.81530820854522,2026-08-29T02:00,26.3,96,8.7,0.0,32.1
W26,North Zone,12167,20.302088337745964,85.81530820854522,2026-08-29T03:00,25.2,98,11.7,0.0,30.1
W26,North Zone,12167,20.302088337745964,85.81530820854522,2026-08-29T04:00,25.5,98,9.7,0.0,30.8
W26,North Zone,12167,20.302088337745964,85.81530820854522,2026-08-29T05:00,25.7,97,10.1,0.0,31.1
W26,North Zone,12167,20.302088337745964,85.81530820854522,2026-08-29T06:00,26.2,98,8.6,28.0,32.1
W26,North Zone,12167,20.302088337745964,85.81530820854522,2026-08-29T07:00,26.9,97,6.8,106.0,33.6
W26,North Zone,12167,20.302088337745964,85.81530820854522,2026-08-29T08:00,28.2,92,7.8,250.0,34.9
W26,North Zone,12167,20.302088337745964,85.81530820854522,2026-08-29T09:00,29.4,83,9.4,428.0,35.6
W26,North Zone,12167,20.302088337745964,85.81530820854522,2026-08-29T10:00,29.8,82,9.3,419.0,36.0
W26,North Zone,12167,20.302088337745964,85.81530820854522,2026-08-29T11:00,29.7,80,10.1,309.0,35.5
W26,North Zone,12167,20.302088337745964,85.81530820854522,2026-08-29T12:00,29.9,78,11.3,323.0,35.4
W26,North Zone,12167,20.302088337745964,85.81530820854522,2026-08-29T13:00,30.2,76,11.7,333.0,35.5
W26,North Zone,12167,20.302088337745964,85.81530820854522,2026-08-29T14:00,30.2,77,9.6,258.0,36.0
W26,North Zone,12167,20.302088337745964,85.81530820854522,2026-08-29T15:00,30.3,77,9.5,240.0,36.1
W26,North Zone,12167,20.302088337745964,85.81530820854522,2026-08-29T16:00,29.2,85,9.0,113.0,35.6
W26,North Zone,12167,20.302088337745964,85.81530820854522,2026-08-29T17:00,27.1,95,7.2,53.0,33.6
W26,North Zone,12167,20.302088337745964,85.81530820854522,2026-08-29T18:00,26.8,97,10.2,1.0,32.9
W26,North Zone,12167,20.302088337745964,85.81530820854522,2026-08-29T19:00,26.7,97,8.2,0.0,33.0
W26,North Zone,12167,20.302088337745964,85.81530820854522,2026-08-29T20:00,26.4,97,8.8,0.0,32.4
W26,North Zone,12167,20.302088337745964,85.81530820854522,2026-08-29T21:00,26.3,97,7.8,0.0,32.4
W26,North Zone,12167,20.302088337745964,85.81530820854522,2026-08-29T22:00,26.1,97,8.3,0.0,32.0
W26,North Zone,12167,20.302088337745964,85.81530820854522,2026-08-29T23:00,24.9,99,12.5,0.0,29.7
W26,North Zone,12167,20.302088337745964,85.81530820854522,2026-08-30T00:00,25.1,99,8.3,0.0,30.6
W26,North Zone,12167,20.302088337745964,85.81530820854522,2026-08-30T01:00,25.4,99,9.6,0.0,30.7
W26,North Zone,12167,20.302088337745964,85.81530820854522,2026-08-30T02:00,25.6,98,9.7,0.0,31.1
W26,North Zone,12167,20.302088337745964,85.81530820854522,2026-08-30T03:00,25.8,97,9.8,0.0,31.3
W26,North Zone,12167,20.302088337745964,85.81530820854522,2026-08-30T04:00,25.8,97,8.1,0.0,31.5
W26,North Zone,12167,20.302088337745964,85.81530820854522,2026-08-30T05:00,25.7,99,9.0,0.0,31.3
W26,North Zone,12167,20.302088337745964,85.81530820854522,2026-08-30T06:00,25.8,98,7.9,18.0,31.7
W26,North Zone,12167,20.302088337745964,85.81530820854522,2026-08-30T07:00,26.3,95,8.3,63.0,32.1
W26,North Zone,12167,20.302088337745964,85.81530820854522,2026-08-30T08:00,26.2,95,9.7,116.0,31.8
W26,North Zone,12167,20.302088337745964,85.81530820854522,2026-08-30T09:00,26.1,93,7.8,155.0,31.5
W26,North Zone,12167,20.302088337745964,85.81530820854522,2026-08-30T10:00,26.9,93,7.2,197.0,33.0
W26,North Zone,12167,20.302088337745964,85.81530820854522,2026-08-30T11:00,26.8,93,8.5,156.0,32.6
W26,North Zone,12167,20.302088337745964,85.81530820854522,2026-08-30T12:00,28.0,89,7.9,345.0,34.1
W26,North Zone,12167,20.302088337745964,85.81530820854522,2026-08-30T13:00,29.0,83,10.7,334.0,34.7
W26,North Zone,12167,20.302088337745964,85.81530820854522,2026-08-30T14:00,29.6,79,12.1,389.0,34.8
W26,North Zone,12167,20.302088337745964,85.81530820854522,2026-08-30T15:00,29.9,76,13.0,333.0,34.9
W26,North Zone,12167,20.302088337745964,85.81530820854522,2026-08-30T16:00,29.6,78,12.7,221.0,34.6
W26,North Zone,12167,20.302088337745964,85.81530820854522,2026-08-30T17:00,29.0,81,9.0,110.0,34.7
W26,North Zone,12167,20.302088337745964,85.81530820854522,2026-08-30T18:00,28.1,85,8.2,10.0,33.9
W26,North Zone,12167,20.302088337745964,85.81530820854522,2026-08-30T19:00,27.9,86,8.3,0.0,33.7
W26,North Zone,12167,20.302088337745964,85.81530820854522,2026-08-30T20:00,27.1,88,6.2,0.0,32.9
W26,North Zone,12167,20.302088337745964,85.81530820854522,2026-08-30T21:00,26.7,93,5.5,0.0,33.0
W26,North Zone,12167,20.302088337745964,85.81530820854522,2026-08-30T22:00,26.4,95,5.1,0.0,32.7
W26,North Zone,12167,20.302088337745964,85.81530820854522,2026-08-30T23:00,26.2,96,8.0,0.0,32.0
W26,North Zone,12167,20.302088337745964,85.81530820854522,2026-08-31T00:00,26.0,95,11.5,0.0,31.0
W26,North Zone,12167,20.302088337745964,85.81530820854522,2026-08-31T01:00,25.7,94,11.3,0.0,30.5
W26,North Zone,12167,20.302088337745964,85.81530820854522,2026-08-31T02:00,25.4,94,10.8,0.0,30.1
W26,North Zone,12167,20.302088337745964,85.81530820854522,2026-08-31T03:00,25.4,94,10.2,0.0,30.1
W26,North Zone,12167,20.302088337745964,85.81530820854522,2026-08-31T04:00,25.5,92,10.1,0.0,30.2
W26,North Zone,12167,20.302088337745964,85.81530820854522,2026-08-31T05:00,25.5,92,9.0,0.0,30.3
W26,North Zone,12167,20.302088337745964,85.81530820854522,2026-08-31T06:00,25.7,92,8.5,19.0,30.7
W26,North Zone,12167,20.302088337745964,85.81530820854522,2026-08-31T07:00,26.5,88,9.2,100.0,31.5
W26,North Zone,12167,20.302088337745964,85.81530820854522,2026-08-31T08:00,27.1,86,9.3,159.0,32.3
W26,North Zone,12167,20.302088337745964,85.81530820854522,2026-08-31T09:00,27.5,85,12.4,239.0,32.2
W26,North Zone,12167,20.302088337745964,85.81530820854522,2026-08-31T10:00,28.0,82,16.6,418.0,31.9
W26,North Zone,12167,20.302088337745964,85.81530820854522,2026-08-31T11:00,28.3,79,15.4,306.0,32.3
W26,North Zone,12167,20.302088337745964,85.81530820854522,2026-08-31T12:00,29.0,76,16.6,446.0,32.8
W26,North Zone,12167,20.302088337745964,85.81530820854522,2026-08-31T13:00,29.7,72,17.3,469.0,33.3
W26,North Zone,12167,20.302088337745964,85.81530820854522,2026-08-31T14:00,30.1,70,17.4,456.0,33.7
W26,North Zone,12167,20.302088337745964,85.81530820854522,2026-08-31T15:00,29.9,71,16.8,437.0,33.6
W26,North Zone,12167,20.302088337745964,85.81530820854522,2026-08-31T16:00,29.3,74,15.7,304.0,33.2
W26,North Zone,12167,20.302088337745964,85.81530820854522,2026-08-31T17:00,28.8,76,14.8,138.0,32.8
W26,North Zone,12167,20.302088337745964,85.81530820854522,2026-08-31T18:00,28.4,78,13.7,9.0,32.5
W26,North Zone,12167,20.302088337745964,85.81530820854522,2026-08-31T19:00,28.0,79,12.4,0.0,32.2
W26,North Zone,12167,20.302088337745964,85.81530820854522,2026-08-31T20:00,27.6,80,11.4,0.0,31.9
W26,North Zone,12167,20.302088337745964,85.81530820854522,2026-08-31T21:00,27.2,82,10.1,0.0,31.7
W26,North Zone,12167,20.302088337745964,85.81530820854522,2026-08-31T22:00,26.9,84,9.1,0.0,31.6
W26,North Zone,12167,20.302088337745964,85.81530820854522,2026-08-31T23:00,26.6,85,9.0,0.0,31.3
W26,North Zone,12167,20.302088337745964,85.81530820854522,2026-09-01T00:00,26.6,84,9.8,0.0,31.0
W26,North Zone,12167,20.302088337745964,85.81530820854522,2026-09-01T01:00,26.6,83,11.2,0.0,30.7
W26,North Zone,12167,20.302088337745964,85.81530820854522,2026-09-01T02:00,26.6,82,11.7,0.0,30.6
W26,North Zone,12167,20.302088337745964,85.81530820854522,2026-09-01T03:00,26.5,83,10.9,0.0,30.6
W26,North Zone,12167,20.302088337745964,85.81530820854522,2026-09-01T04:00,26.2,85,10.0,0.0,30.6
W26,North Zone,12167,20.302088337745964,85.81530820854522,2026-09-01T05:00,26.3,86,9.9,0.0,30.7
W26,North Zone,12167,20.302088337745964,85.81530820854522,2026-09-01T06:00,26.8,84,10.5,24.0,31.2
W26,North Zone,12167,20.302088337745964,85.81530820854522,2026-09-01T07:00,27.5,81,11.0,104.0,31.9
W26,North Zone,12167,20.302088337745964,85.81530820854522,2026-09-01T08:00,28.1,78,11.5,181.0,32.5
W26,North Zone,12167,20.302088337745964,85.81530820854522,2026-09-01T09:00,28.4,77,11.6,238.0,32.8
W26,North Zone,12167,20.302088337745964,85.81530820854522,2026-09-01T10:00,28.6,76,12.7,292.0,32.9
W26,North Zone,12167,20.302088337745964,85.81530820854522,2026-09-01T11:00,28.8,76,14.0,334.0,32.9
W26,North Zone,12167,20.302088337745964,85.81530820854522,2026-09-01T12:00,29.2,74,14.8,340.0,33.2
W26,North Zone,12167,20.302088337745964,85.81530820854522,2026-09-01T13:00,29.6,72,15.2,360.0,33.4
W26,North Zone,12167,20.302088337745964,85.81530820854522,2026-09-01T14:00,29.8,71,14.8,363.0,33.7
W26,North Zone,12167,20.302088337745964,85.81530820854522,2026-09-01T15:00,29.5,74,13.2,394.0,34.0
W26,North Zone,12167,20.302088337745964,85.81530820854522,2026-09-01T16:00,29.0,80,10.9,270.0,34.2
W26,North Zone,12167,20.302088337745964,85.81530820854522,2026-09-01T17:00,28.4,84,9.3,115.0,34.1
W26,North Zone,12167,20.302088337745964,85.81530820854522,2026-09-01T18:00,27.8,86,8.1,6.0,33.6
W26,North Zone,12167,20.302088337745964,85.81530820854522,2026-09-01T19:00,27.2,88,7.2,0.0,32.8
W26,North Zone,12167,20.302088337745964,85.81530820854522,2026-09-01T20:00,26.7,89,7.0,0.0,32.1
W26,North Zone,12167,20.302088337745964,85.81530820854522,2026-09-01T21:00,26.5,90,7.8,0.0,31.9
W26,North Zone,12167,20.302088337745964,85.81530820854522,2026-09-01T22:00,26.5,91,9.3,0.0,31.7
W26,North Zone,12167,20.302088337745964,85.81530820854522,2026-09-01T23:00,26.5,91,10.2,0.0,31.6
W21,North Zone,11320,20.30252502496067,85.80989204359396,2026-08-28T00:00,26.9,95,9.0,0.0,32.9
W21,North Zone,11320,20.30252502496067,85.80989204359396,2026-08-28T01:00,26.9,95,10.7,0.0,32.7
W21,North Zone,11320,20.30252502496067,85.80989204359396,2026-08-28T02:00,26.9,93,12.0,0.0,32.3
W21,North Zone,11320,20.30252502496067,85.80989204359396,2026-08-28T03:00,26.5,92,12.4,0.0,31.5
W21,North Zone,11320,20.30252502496067,85.80989204359396,2026-08-28T04:00,26.3,91,11.4,0.0,31.1
W21,North Zone,11320,20.30252502496067,85.80989204359396,2026-08-28T05:00,26.3,90,11.1,0.0,31.0
W21,North Zone,11320,20.30252502496067,85.80989204359396,2026-08-28T06:00,26.9,88,11.1,42.0,31.7
W21,North Zone,11320,20.30252502496067,85.80989204359396,2026-08-28T07:00,28.3,82,13.0,212.0,33.1
W21,North Zone,11320,20.30252502496067,85.80989204359396,2026-08-28T08:00,29.5,77,16.0,416.0,33.9
W21,North Zone,11320,20.30252502496067,85.80989204359396,2026-08-28T09:00,30.5,74,15.7,616.0,35.5
W21,North Zone,11320,20.30252502496067,85.80989204359396,2026-08-28T10:00,31.3,73,13.5,708.0,37.5
W21,North Zone,11320,20.30252502496067,85.80989204359396,2026-08-28T11:00,31.6,71,11.5,738.0,38.1
W21,North Zone,11320,20.30252502496067,85.80989204359396,2026-08-28T12:00,28.8,85,13.5,469.0,34.3
W21,North Zone,11320,20.30252502496067,85.80989204359396,2026-08-28T13:00,29.2,83,7.0,451.0,35.7
W21,North Zone,11320,20.30252502496067,85.80989204359396,2026-08-28T14:00,30.0,84,5.3,346.0,37.3
W21,North Zone,11320,20.30252502496067,85.80989204359396,2026-08-28T15:00,29.4,88,4.6,297.0,36.9
W21,North Zone,11320,20.30252502496067,85.80989204359396,2026-08-28T16:00,26.9,92,8.7,171.0,32.6
W21,North Zone,11320,20.30252502496067,85.80989204359396,2026-08-28T17:00,26.7,94,0.4,61.0,33.8
W21,North Zone,11320,20.30252502496067,85.80989204359396,2026-08-28T18:00,26.8,95,4.6,6.0,33.5
W21,North Zone,11320,20.30252502496067,85.80989204359396,2026-08-28T19:00,26.5,97,8.5,0.0,32.6
W21,North Zone,11320,20.30252502496067,85.80989204359396,2026-08-28T20:00,26.2,97,8.8,0.0,32.1
W21,North Zone,11320,20.30252502496067,85.80989204359396,2026-08-28T21:00,26.1,97,8.7,0.0,31.9
W21,North Zone,11320,20.30252502496067,85.80989204359396,2026-08-28T22:00,26.0,97,9.5,0.0,31.7
W21,North Zone,11320,20.30252502496067,85.80989204359396,2026-08-28T23:00,26.1,97,8.7,0.0,31.9
W21,North Zone,11320,20.30252502496067,85.80989204359396,2026-08-29T00:00,26.2,97,8.8,0.0,32.0
W21,North Zone,11320,20.30252502496067,85.80989204359396,2026-08-29T01:00,26.2,96,8.3,0.0,32.1
W21,North Zone,11320,20.30252502496067,85.80989204359396,2026-08-29T02:00,26.3,96,8.7,0.0,32.1
W21,North Zone,11320,20.30252502496067,85.80989204359396,2026-08-29T03:00,25.2,98,11.7,0.0,30.1
W21,North Zone,11320,20.30252502496067,85.80989204359396,2026-08-29T04:00,25.5,98,9.7,0.0,30.8
W21,North Zone,11320,20.30252502496067,85.80989204359396,2026-08-29T05:00,25.7,97,10.1,0.0,31.1
W21,North Zone,11320,20.30252502496067,85.80989204359396,2026-08-29T06:00,26.2,98,8.6,28.0,32.1
W21,North Zone,11320,20.30252502496067,85.80989204359396,2026-08-29T07:00,26.9,97,6.8,106.0,33.6
W21,North Zone,11320,20.30252502496067,85.80989204359396,2026-08-29T08:00,28.2,92,7.8,250.0,34.9
W21,North Zone,11320,20.30252502496067,85.80989204359396,2026-08-29T09:00,29.4,83,9.4,428.0,35.6
W21,North Zone,11320,20.30252502496067,85.80989204359396,2026-08-29T10:00,29.8,82,9.3,419.0,36.0
W21,North Zone,11320,20.30252502496067,85.80989204359396,2026-08-29T11:00,29.7,80,10.1,309.0,35.5
W21,North Zone,11320,20.30252502496067,85.80989204359396,2026-08-29T12:00,29.9,78,11.3,323.0,35.4
W21,North Zone,11320,20.30252502496067,85.80989204359396,2026-08-29T13:00,30.2,76,11.7,333.0,35.5
W21,North Zone,11320,20.30252502496067,85.80989204359396,2026-08-29T14:00,30.2,77,9.6,258.0,36.0
W21,North Zone,11320,20.30252502496067,85.80989204359396,2026-08-29T15:00,30.3,77,9.5,240.0,36.1
W21,North Zone,11320,20.30252502496067,85.80989204359396,2026-08-29T16:00,29.2,85,9.0,113.0,35.6
W21,North Zone,11320,20.30252502496067,85.80989204359396,2026-08-29T17:00,27.1,95,7.2,53.0,33.6
W21,North Zone,11320,20.30252502496067,85.80989204359396,2026-08-29T18:00,26.8,97,10.2,1.0,32.9
W21,North Zone,11320,20.30252502496067,85.80989204359396,2026-08-29T19:00,26.7,97,8.2,0.0,33.0
W21,North Zone,11320,20.30252502496067,85.80989204359396,2026-08-29T20:00,26.4,97,8.8,0.0,32.4
W21,North Zone,11320,20.30252502496067,85.80989204359396,2026-08-29T21:00,26.3,97,7.8,0.0,32.4
W21,North Zone,11320,20.30252502496067,85.80989204359396,2026-08-29T22:00,26.1,97,8.3,0.0,32.0
W21,North Zone,11320,20.30252502496067,85.80989204359396,2026-08-29T23:00,24.9,99,12.5,0.0,29.7
W21,North Zone,11320,20.30252502496067,85.80989204359396,2026-08-30T00:00,25.1,99,8.3,0.0,30.6
W21,North Zone,11320,20.30252502496067,85.80989204359396,2026-08-30T01:00,25.4,99,9.6,0.0,30.7
W21,North Zone,11320,20.30252502496067,85.80989204359396,2026-08-30T02:00,25.6,98,9.7,0.0,31.1
W21,North Zone,11320,20.30252502496067,85.80989204359396,2026-08-30T03:00,25.8,97,9.8,0.0,31.3
W21,North Zone,11320,20.30252502496067,85.80989204359396,2026-08-30T04:00,25.8,97,8.1,0.0,31.5
W21,North Zone,11320,20.30252502496067,85.80989204359396,2026-08-30T05:00,25.7,99,9.0,0.0,31.3
W21,North Zone,11320,20.30252502496067,85.80989204359396,2026-08-30T06:00,25.8,98,7.9,18.0,31.7
W21,North Zone,11320,20.30252502496067,85.80989204359396,2026-08-30T07:00,26.3,95,8.3,63.0,32.1
W21,North Zone,11320,20.30252502496067,85.80989204359396,2026-08-30T08:00,26.2,95,9.7,116.0,31.8
W21,North Zone,11320,20.30252502496067,85.80989204359396,2026-08-30T09:00,26.1,93,7.8,155.0,31.5
W21,North Zone,11320,20.30252502496067,85.80989204359396,2026-08-30T10:00,26.9,93,7.2,197.0,33.0
W21,North Zone,11320,20.30252502496067,85.80989204359396,2026-08-30T11:00,26.8,93,8.5,156.0,32.6
W21,North Zone,11320,20.30252502496067,85.80989204359396,2026-08-30T12:00,28.0,89,7.9,345.0,34.1
W21,North Zone,11320,20.30252502496067,85.80989204359396,2026-08-30T13:00,29.0,83,10.7,334.0,34.7
W21,North Zone,11320,20.30252502496067,85.80989204359396,2026-08-30T14:00,29.6,79,12.1,389.0,34.8
W21,North Zone,11320,20.30252502496067,85.80989204359396,2026-08-30T15:00,29.9,76,13.0,333.0,34.9
W21,North Zone,11320,20.30252502496067,85.80989204359396,2026-08-30T16:00,29.6,78,12.7,221.0,34.6
W21,North Zone,11320,20.30252502496067,85.80989204359396,2026-08-30T17:00,29.0,81,9.0,110.0,34.7
W21,North Zone,11320,20.30252502496067,85.80989204359396,2026-08-30T18:00,28.1,85,8.2,10.0,33.9
W21,North Zone,11320,20.30252502496067,85.80989204359396,2026-08-30T19:00,27.9,86,8.3,0.0,33.7
W21,North Zone,11320,20.30252502496067,85.80989204359396,2026-08-30T20:00,27.1,88,6.2,0.0,32.9
W21,North Zone,11320,20.30252502496067,85.80989204359396,2026-08-30T21:00,26.7,93,5.5,0.0,33.0
W21,North Zone,11320,20.30252502496067,85.80989204359396,2026-08-30T22:00,26.4,95,5.1,0.0,32.7
W21,North Zone,11320,20.30252502496067,85.80989204359396,2026-08-30T23:00,26.2,96,8.0,0.0,32.0
W21,North Zone,11320,20.30252502496067,85.80989204359396,2026-08-31T00:00,26.0,95,11.5,0.0,31.0
W21,North Zone,11320,20.30252502496067,85.80989204359396,2026-08-31T01:00,25.7,94,11.3,0.0,30.5
W21,North Zone,11320,20.30252502496067,85.80989204359396,2026-08-31T02:00,25.4,94,10.8,0.0,30.1
W21,North Zone,11320,20.30252502496067,85.80989204359396,2026-08-31T03:00,25.4,94,10.2,0.0,30.1
W21,North Zone,11320,20.30252502496067,85.80989204359396,2026-08-31T04:00,25.5,92,10.1,0.0,30.2
W21,North Zone,11320,20.30252502496067,85.80989204359396,2026-08-31T05:00,25.5,92,9.0,0.0,30.3
W21,North Zone,11320,20.30252502496067,85.80989204359396,2026-08-31T06:00,25.7,92,8.5,19.0,30.7
W21,North Zone,11320,20.30252502496067,85.80989204359396,2026-08-31T07:00,26.5,88,9.2,100.0,31.5
W21,North Zone,11320,20.30252502496067,85.80989204359396,2026-08-31T08:00,27.1,86,9.3,159.0,32.3
W21,North Zone,11320,20.30252502496067,85.80989204359396,2026-08-31T09:00,27.5,85,12.4,239.0,32.2
W21,North Zone,11320,20.30252502496067,85.80989204359396,2026-08-31T10:00,28.0,82,16.6,418.0,31.9
W21,North Zone,11320,20.30252502496067,85.80989204359396,2026-08-31T11:00,28.3,79,15.4,306.0,32.3
W21,North Zone,11320,20.30252502496067,85.80989204359396,2026-08-31T12:00,29.0,76,16.6,446.0,32.8
W21,North Zone,11320,20.30252502496067,85.80989204359396,2026-08-31T13:00,29.7,72,17.3,469.0,33.3
W21,North Zone,11320,20.30252502496067,85.80989204359396,2026-08-31T14:00,30.1,70,17.4,456.0,33.7
W21,North Zone,11320,20.30252502496067,85.80989204359396,2026-08-31T15:00,29.9,71,16.8,437.0,33.6
W21,North Zone,11320,20.30252502496067,85.80989204359396,2026-08-31T16:00,29.3,74,15.7,304.0,33.2
W21,North Zone,11320,20.30252502496067,85.80989204359396,2026-08-31T17:00,28.8,76,14.8,138.0,32.8
W21,North Zone,11320,20.30252502496067,85.80989204359396,2026-08-31T18:00,28.4,78,13.7,9.0,32.5
W21,North Zone,11320,20.30252502496067,85.80989204359396,2026-08-31T19:00,28.0,79,12.4,0.0,32.2
W21,North Zone,11320,20.30252502496067,85.80989204359396,2026-08-31T20:00,27.6,80,11.4,0.0,31.9
W21,North Zone,11320,20.30252502496067,85.80989204359396,2026-08-31T21:00,27.2,82,10.1,0.0,31.7
W21,North Zone,11320,20.30252502496067,85.80989204359396,2026-08-31T22:00,26.9,84,9.1,0.0,31.6
W21,North Zone,11320,20.30252502496067,85.80989204359396,2026-08-31T23:00,26.6,85,9.0,0.0,31.3
W21,North Zone,11320,20.30252502496067,85.80989204359396,2026-09-01T00:00,26.6,84,9.8,0.0,31.0
W21,North Zone,11320,20.30252502496067,85.80989204359396,2026-09-01T01:00,26.6,83,11.2,0.0,30.7
W21,North Zone,11320,20.30252502496067,85.80989204359396,2026-09-01T02:00,26.6,82,11.7,0.0,30.6
W21,North Zone,11320,20.30252502496067,85.80989204359396,2026-09-01T03:00,26.5,83,10.9,0.0,30.6
W21,North Zone,11320,20.30252502496067,85.80989204359396,2026-09-01T04:00,26.2,85,10.0,0.0,30.6
W21,North Zone,11320,20.30252502496067,85.80989204359396,2026-09-01T05:00,26.3,86,9.9,0.0,30.7
W21,North Zone,11320,20.30252502496067,85.80989204359396,2026-09-01T06:00,26.8,84,10.5,24.0,31.2
W21,North Zone,11320,20.30252502496067,85.80989204359396,2026-09-01T07:00,27.5,81,11.0,104.0,31.9
W21,North Zone,11320,20.30252502496067,85.80989204359396,2026-09-01T08:00,28.1,78,11.5,181.0,32.5
W21,North Zone,11320,20.30252502496067,85.80989204359396,2026-09-01T09:00,28.4,77,11.6,238.0,32.8
W21,North Zone,11320,20.30252502496067,85.80989204359396,2026-09-01T10:00,28.6,76,12.7,292.0,32.9
W21,North Zone,11320,20.30252502496067,85.80989204359396,2026-09-01T11:00,28.8,76,14.0,334.0,32.9
W21,North Zone,11320,20.30252502496067,85.80989204359396,2026-09-01T12:00,29.2,74,14.8,340.0,33.2
W21,North Zone,11320,20.30252502496067,85.80989204359396,2026-09-01T13:00,29.6,72,15.2,360.0,33.4
W21,North Zone,11320,20.30252502496067,85.80989204359396,2026-09-01T14:00,29.8,71,14.8,363.0,33.7
W21,North Zone,11320,20.30252502496067,85.80989204359396,2026-09-01T15:00,29.5,74,13.2,394.0,34.0
W21,North Zone,11320,20.30252502496067,85.80989204359396,2026-09-01T16:00,29.0,80,10.9,270.0,34.2
W21,North Zone,11320,20.30252502496067,85.80989204359396,2026-09-01T17:00,28.4,84,9.3,115.0,34.1
W21,North Zone,11320,20.30252502496067,85.80989204359396,2026-09-01T18:00,27.8,86,8.1,6.0,33.6
W21,North Zone,11320,20.30252502496067,85.80989204359396,2026-09-01T19:00,27.2,88,7.2,0.0,32.8
W21,North Zone,11320,20.30252502496067,85.80989204359396,2026-09-01T20:00,26.7,89,7.0,0.0,32.1
W21,North Zone,11320,20.30252502496067,85.80989204359396,2026-09-01T21:00,26.5,90,7.8,0.0,31.9
W21,North Zone,11320,20.30252502496067,85.80989204359396,2026-09-01T22:00,26.5,91,9.3,0.0,31.7
W21,North Zone,11320,20.30252502496067,85.80989204359396,2026-09-01T23:00,26.5,91,10.2,0.0,31.6
W24,South-West Zone,13636,20.282687539846997,85.79131661846736,2026-08-28T00:00,26.9,95,9.0,0.0,32.9
W24,South-West Zone,13636,20.282687539846997,85.79131661846736,2026-08-28T01:00,26.9,95,10.7,0.0,32.7
W24,South-West Zone,13636,20.282687539846997,85.79131661846736,2026-08-28T02:00,26.9,93,12.0,0.0,32.3
W24,South-West Zone,13636,20.282687539846997,85.79131661846736,2026-08-28T03:00,26.5,92,12.4,0.0,31.5
W24,South-West Zone,13636,20.282687539846997,85.79131661846736,2026-08-28T04:00,26.3,91,11.4,0.0,31.1
W24,South-West Zone,13636,20.282687539846997,85.79131661846736,2026-08-28T05:00,26.3,90,11.1,0.0,31.0
W24,South-West Zone,13636,20.282687539846997,85.79131661846736,2026-08-28T06:00,26.9,88,11.1,42.0,31.7
W24,South-West Zone,13636,20.282687539846997,85.79131661846736,2026-08-28T07:00,28.3,82,13.0,212.0,33.1
W24,South-West Zone,13636,20.282687539846997,85.79131661846736,2026-08-28T08:00,29.5,77,16.0,416.0,33.9
W24,South-West Zone,13636,20.282687539846997,85.79131661846736,2026-08-28T09:00,30.5,74,15.7,616.0,35.5
W24,South-West Zone,13636,20.282687539846997,85.79131661846736,2026-08-28T10:00,31.3,73,13.5,708.0,37.5
W24,South-West Zone,13636,20.282687539846997,85.79131661846736,2026-08-28T11:00,31.6,71,11.5,738.0,38.1
W24,South-West Zone,13636,20.282687539846997,85.79131661846736,2026-08-28T12:00,28.8,85,13.5,469.0,34.3
W24,South-West Zone,13636,20.282687539846997,85.79131661846736,2026-08-28T13:00,29.2,83,7.0,451.0,35.7
W24,South-West Zone,13636,20.282687539846997,85.79131661846736,2026-08-28T14:00,30.0,84,5.3,346.0,37.3
W24,South-West Zone,13636,20.282687539846997,85.79131661846736,2026-08-28T15:00,29.4,88,4.6,297.0,36.9
W24,South-West Zone,13636,20.282687539846997,85.79131661846736,2026-08-28T16:00,26.9,92,8.7,171.0,32.6
W24,South-West Zone,13636,20.282687539846997,85.79131661846736,2026-08-28T17:00,26.7,94,0.4,61.0,33.8
W24,South-West Zone,13636,20.282687539846997,85.79131661846736,2026-08-28T18:00,26.8,95,4.6,6.0,33.5
W24,South-West Zone,13636,20.282687539846997,85.79131661846736,2026-08-28T19:00,26.5,97,8.5,0.0,32.6
W24,South-West Zone,13636,20.282687539846997,85.79131661846736,2026-08-28T20:00,26.2,97,8.8,0.0,32.1
W24,South-West Zone,13636,20.282687539846997,85.79131661846736,2026-08-28T21:00,26.1,97,8.7,0.0,31.9
W24,South-West Zone,13636,20.282687539846997,85.79131661846736,2026-08-28T22:00,26.0,97,9.5,0.0,31.7
W24,South-West Zone,13636,20.282687539846997,85.79131661846736,2026-08-28T23:00,26.1,97,8.7,0.0,31.9
W24,South-West Zone,13636,20.282687539846997,85.79131661846736,2026-08-29T00:00,26.2,97,8.8,0.0,32.0
W24,South-West Zone,13636,20.282687539846997,85.79131661846736,2026-08-29T01:00,26.2,96,8.3,0.0,32.1
W24,South-West Zone,13636,20.282687539846997,85.79131661846736,2026-08-29T02:00,26.3,96,8.7,0.0,32.1
W24,South-West Zone,13636,20.282687539846997,85.79131661846736,2026-08-29T03:00,25.2,98,11.7,0.0,30.1
W24,South-West Zone,13636,20.282687539846997,85.79131661846736,2026-08-29T04:00,25.5,98,9.7,0.0,30.8
W24,South-West Zone,13636,20.282687539846997,85.79131661846736,2026-08-29T05:00,25.7,97,10.1,0.0,31.1
W24,South-West Zone,13636,20.282687539846997,85.79131661846736,2026-08-29T06:00,26.2,98,8.6,28.0,32.1
W24,South-West Zone,13636,20.282687539846997,85.79131661846736,2026-08-29T07:00,26.9,97,6.8,106.0,33.6
W24,South-West Zone,13636,20.282687539846997,85.79131661846736,2026-08-29T08:00,28.2,92,7.8,250.0,34.9
W24,South-West Zone,13636,20.282687539846997,85.79131661846736,2026-08-29T09:00,29.4,83,9.4,428.0,35.6
W24,South-West Zone,13636,20.282687539846997,85.79131661846736,2026-08-29T10:00,29.8,82,9.3,419.0,36.0
W24,South-West Zone,13636,20.282687539846997,85.79131661846736,2026-08-29T11:00,29.7,80,10.1,309.0,35.5
W24,South-West Zone,13636,20.282687539846997,85.79131661846736,2026-08-29T12:00,29.9,78,11.3,323.0,35.4
W24,South-West Zone,13636,20.282687539846997,85.79131661846736,2026-08-29T13:00,30.2,76,11.7,333.0,35.5
W24,South-West Zone,13636,20.282687539846997,85.79131661846736,2026-08-29T14:00,30.2,77,9.6,258.0,36.0
W24,South-West Zone,13636,20.282687539846997,85.79131661846736,2026-08-29T15:00,30.3,77,9.5,240.0,36.1
W24,South-West Zone,13636,20.282687539846997,85.79131661846736,2026-08-29T16:00,29.2,85,9.0,113.0,35.6
W24,South-West Zone,13636,20.282687539846997,85.79131661846736,2026-08-29T17:00,27.1,95,7.2,53.0,33.6
W24,South-West Zone,13636,20.282687539846997,85.79131661846736,2026-08-29T18:00,26.8,97,10.2,1.0,32.9
W24,South-West Zone,13636,20.282687539846997,85.79131661846736,2026-08-29T19:00,26.7,97,8.2,0.0,33.0
W24,South-West Zone,13636,20.282687539846997,85.79131661846736,2026-08-29T20:00,26.4,97,8.8,0.0,32.4
W24,South-West Zone,13636,20.282687539846997,85.79131661846736,2026-08-29T21:00,26.3,97,7.8,0.0,32.4
W24,South-West Zone,13636,20.282687539846997,85.79131661846736,2026-08-29T22:00,26.1,97,8.3,0.0,32.0
W24,South-West Zone,13636,20.282687539846997,85.79131661846736,2026-08-29T23:00,24.9,99,12.5,0.0,29.7
W24,South-West Zone,13636,20.282687539846997,85.79131661846736,2026-08-30T00:00,25.1,99,8.3,0.0,30.6
W24,South-West Zone,13636,20.282687539846997,85.79131661846736,2026-08-30T01:00,25.4,99,9.6,0.0,30.7
W24,South-West Zone,13636,20.282687539846997,85.79131661846736,2026-08-30T02:00,25.6,98,9.7,0.0,31.1
W24,South-West Zone,13636,20.282687539846997,85.79131661846736,2026-08-30T03:00,25.8,97,9.8,0.0,31.3
W24,South-West Zone,13636,20.282687539846997,85.79131661846736,2026-08-30T04:00,25.8,97,8.1,0.0,31.5
W24,South-West Zone,13636,20.282687539846997,85.79131661846736,2026-08-30T05:00,25.7,99,9.0,0.0,31.3
W24,South-West Zone,13636,20.282687539846997,85.79131661846736,2026-08-30T06:00,25.8,98,7.9,18.0,31.7
W24,South-West Zone,13636,20.282687539846997,85.79131661846736,2026-08-30T07:00,26.3,95,8.3,63.0,32.1
W24,South-West Zone,13636,20.282687539846997,85.79131661846736,2026-08-30T08:00,26.2,95,9.7,116.0,31.8
W24,South-West Zone,13636,20.282687539846997,85.79131661846736,2026-08-30T09:00,26.1,93,7.8,155.0,31.5
W24,South-West Zone,13636,20.282687539846997,85.79131661846736,2026-08-30T10:00,26.9,93,7.2,197.0,33.0
W24,South-West Zone,13636,20.282687539846997,85.79131661846736,2026-08-30T11:00,26.8,93,8.5,156.0,32.6
W24,South-West Zone,13636,20.282687539846997,85.79131661846736,2026-08-30T12:00,28.0,89,7.9,345.0,34.1
W24,South-West Zone,13636,20.282687539846997,85.79131661846736,2026-08-30T13:00,29.0,83,10.7,334.0,34.7
W24,South-West Zone,13636,20.282687539846997,85.79131661846736,2026-08-30T14:00,29.6,79,12.1,389.0,34.8
W24,South-West Zone,13636,20.282687539846997,85.79131661846736,2026-08-30T15:00,29.9,76,13.0,333.0,34.9
W24,South-West Zone,13636,20.282687539846997,85.79131661846736,2026-08-30T16:00,29.6,78,12.7,221.0,34.6
W24,South-West Zone,13636,20.282687539846997,85.79131661846736,2026-08-30T17:00,29.0,81,9.0,110.0,34.7
W24,South-West Zone,13636,20.282687539846997,85.79131661846736,2026-08-30T18:00,28.1,85,8.2,10.0,33.9
W24,South-West Zone,13636,20.282687539846997,85.79131661846736,2026-08-30T19:00,27.9,86,8.3,0.0,33.7
W24,South-West Zone,13636,20.282687539846997,85.79131661846736,2026-08-30T20:00,27.1,88,6.2,0.0,32.9
W24,South-West Zone,13636,20.282687539846997,85.79131661846736,2026-08-30T21:00,26.7,93,5.5,0.0,33.0
W24,South-West Zone,13636,20.282687539846997,85.79131661846736,2026-08-30T22:00,26.4,95,5.1,0.0,32.7
W24,South-West Zone,13636,20.282687539846997,85.79131661846736,2026-08-30T23:00,26.2,96,8.0,0.0,32.0
W24,South-West Zone,13636,20.282687539846997,85.79131661846736,2026-08-31T00:00,26.0,95,11.5,0.0,31.0
W24,South-West Zone,13636,20.282687539846997,85.79131661846736,2026-08-31T01:00,25.7,94,11.3,0.0,30.5
W24,South-West Zone,13636,20.282687539846997,85.79131661846736,2026-08-31T02:00,25.4,94,10.8,0.0,30.1
W24,South-West Zone,13636,20.282687539846997,85.79131661846736,2026-08-31T03:00,25.4,94,10.2,0.0,30.1
W24,South-West Zone,13636,20.282687539846997,85.79131661846736,2026-08-31T04:00,25.5,92,10.1,0.0,30.2
W24,South-West Zone,13636,20.282687539846997,85.79131661846736,2026-08-31T05:00,25.5,92,9.0,0.0,30.3
W24,South-West Zone,13636,20.282687539846997,85.79131661846736,2026-08-31T06:00,25.7,92,8.5,19.0,30.7
W24,South-West Zone,13636,20.282687539846997,85.79131661846736,2026-08-31T07:00,26.5,88,9.2,100.0,31.5
W24,South-West Zone,13636,20.282687539846997,85.79131661846736,2026-08-31T08:00,27.1,86,9.3,159.0,32.3
W24,South-West Zone,13636,20.282687539846997,85.79131661846736,2026-08-31T09:00,27.5,85,12.4,239.0,32.2
W24,South-West Zone,13636,20.282687539846997,85.79131661846736,2026-08-31T10:00,28.0,82,16.6,418.0,31.9
W24,South-West Zone,13636,20.282687539846997,85.79131661846736,2026-08-31T11:00,28.3,79,15.4,306.0,32.3
W24,South-West Zone,13636,20.282687539846997,85.79131661846736,2026-08-31T12:00,29.0,76,16.6,446.0,32.8
W24,South-West Zone,13636,20.282687539846997,85.79131661846736,2026-08-31T13:00,29.7,72,17.3,469.0,33.3
W24,South-West Zone,13636,20.282687539846997,85.79131661846736,2026-08-31T14:00,30.1,70,17.4,456.0,33.7
W24,South-West Zone,13636,20.282687539846997,85.79131661846736,2026-08-31T15:00,29.9,71,16.8,437.0,33.6
W24,South-West Zone,13636,20.282687539846997,85.79131661846736,2026-08-31T16:00,29.3,74,15.7,304.0,33.2
W24,South-West Zone,13636,20.282687539846997,85.79131661846736,2026-08-31T17:00,28.8,76,14.8,138.0,32.8
W24,South-West Zone,13636,20.282687539846997,85.79131661846736,2026-08-31T18:00,28.4,78,13.7,9.0,32.5
W24,South-West Zone,13636,20.282687539846997,85.79131661846736,2026-08-31T19:00,28.0,79,12.4,0.0,32.2
W24,South-West Zone,13636,20.282687539846997,85.79131661846736,2026-08-31T20:00,27.6,80,11.4,0.0,31.9
W24,South-West Zone,13636,20.282687539846997,85.79131661846736,2026-08-31T21:00,27.2,82,10.1,0.0,31.7
W24,South-West Zone,13636,20.282687539846997,85.79131661846736,2026-08-31T22:00,26.9,84,9.1,0.0,31.6
W24,South-West Zone,13636,20.282687539846997,85.79131661846736,2026-08-31T23:00,26.6,85,9.0,0.0,31.3
W24,South-West Zone,13636,20.282687539846997,85.79131661846736,2026-09-01T00:00,26.6,84,9.8,0.0,31.0
W24,South-West Zone,13636,20.282687539846997,85.79131661846736,2026-09-01T01:00,26.6,83,11.2,0.0,30.7
W24,South-West Zone,13636,20.282687539846997,85.79131661846736,2026-09-01T02:00,26.6,82,11.7,0.0,30.6
W24,South-West Zone,13636,20.282687539846997,85.79131661846736,2026-09-01T03:00,26.5,83,10.9,0.0,30.6
W24,South-West Zone,13636,20.282687539846997,85.79131661846736,2026-09-01T04:00,26.2,85,10.0,0.0,30.6
W24,South-West Zone,13636,20.282687539846997,85.79131661846736,2026-09-01T05:00,26.3,86,9.9,0.0,30.7
W24,South-West Zone,13636,20.282687539846997,85.79131661846736,2026-09-01T06:00,26.8,84,10.5,24.0,31.2
W24,South-West Zone,13636,20.282687539846997,85.79131661846736,2026-09-01T07:00,27.5,81,11.0,104.0,31.9
W24,South-West Zone,13636,20.282687539846997,85.79131661846736,2026-09-01T08:00,28.1,78,11.5,181.0,32.5
W24,South-West Zone,13636,20.282687539846997,85.79131661846736,2026-09-01T09:00,28.4,77,11.6,238.0,32.8
W24,South-West Zone,13636,20.282687539846997,85.79131661846736,2026-09-01T10:00,28.6,76,12.7,292.0,32.9
W24,South-West Zone,13636,20.282687539846997,85.79131661846736,2026-09-01T11:00,28.8,76,14.0,334.0,32.9
W24,South-West Zone,13636,20.282687539846997,85.79131661846736,2026-09-01T12:00,29.2,74,14.8,340.0,33.2
W24,South-West Zone,13636,20.282687539846997,85.79131661846736,2026-09-01T13:00,29.6,72,15.2,360.0,33.4
W24,South-West Zone,13636,20.282687539846997,85.79131661846736,2026-09-01T14:00,29.8,71,14.8,363.0,33.7
W24,South-West Zone,13636,20.282687539846997,85.79131661846736,2026-09-01T15:00,29.5,74,13.2,394.0,34.0
W24,South-West Zone,13636,20.282687539846997,85.79131661846736,2026-09-01T16:00,29.0,80,10.9,270.0,34.2
W24,South-West Zone,13636,20.282687539846997,85.79131661846736,2026-09-01T17:00,28.4,84,9.3,115.0,34.1
W24,South-West Zone,13636,20.282687539846997,85.79131661846736,2026-09-01T18:00,27.8,86,8.1,6.0,33.6
W24,South-West Zone,13636,20.282687539846997,85.79131661846736,2026-09-01T19:00,27.2,88,7.2,0.0,32.8
W24,South-West Zone,13636,20.282687539846997,85.79131661846736,2026-09-01T20:00,26.7,89,7.0,0.0,32.1
W24,South-West Zone,13636,20.282687539846997,85.79131661846736,2026-09-01T21:00,26.5,90,7.8,0.0,31.9
W24,South-West Zone,13636,20.282687539846997,85.79131661846736,2026-09-01T22:00,26.5,91,9.3,0.0,31.7
W24,South-West Zone,13636,20.282687539846997,85.79131661846736,2026-09-01T23:00,26.5,91,10.2,0.0,31.6
W16,North Zone,11404,20.303774828524404,85.81762725404805,2026-08-28T00:00,26.9,95,9.0,0.0,32.9
W16,North Zone,11404,20.303774828524404,85.81762725404805,2026-08-28T01:00,26.9,95,10.7,0.0,32.7
W16,North Zone,11404,20.303774828524404,85.81762725404805,2026-08-28T02:00,26.9,93,12.0,0.0,32.3
W16,North Zone,11404,20.303774828524404,85.81762725404805,2026-08-28T03:00,26.5,92,12.4,0.0,31.5
W16,North Zone,11404,20.303774828524404,85.81762725404805,2026-08-28T04:00,26.3,91,11.4,0.0,31.1
W16,North Zone,11404,20.303774828524404,85.81762725404805,2026-08-28T05:00,26.3,90,11.1,0.0,31.0
W16,North Zone,11404,20.303774828524404,85.81762725404805,2026-08-28T06:00,26.9,88,11.1,42.0,31.7
W16,North Zone,11404,20.303774828524404,85.81762725404805,2026-08-28T07:00,28.3,82,13.0,212.0,33.1
W16,North Zone,11404,20.303774828524404,85.81762725404805,2026-08-28T08:00,29.5,77,16.0,416.0,33.9
W16,North Zone,11404,20.303774828524404,85.81762725404805,2026-08-28T09:00,30.5,74,15.7,616.0,35.5
W16,North Zone,11404,20.303774828524404,85.81762725404805,2026-08-28T10:00,31.3,73,13.5,708.0,37.5
W16,North Zone,11404,20.303774828524404,85.81762725404805,2026-08-28T11:00,31.6,71,11.5,738.0,38.1
W16,North Zone,11404,20.303774828524404,85.81762725404805,2026-08-28T12:00,28.8,85,13.5,469.0,34.3
W16,North Zone,11404,20.303774828524404,85.81762725404805,2026-08-28T13:00,29.2,83,7.0,451.0,35.7
W16,North Zone,11404,20.303774828524404,85.81762725404805,2026-08-28T14:00,30.0,84,5.3,346.0,37.3
W16,North Zone,11404,20.303774828524404,85.81762725404805,2026-08-28T15:00,29.4,88,4.6,297.0,36.9
W16,North Zone,11404,20.303774828524404,85.81762725404805,2026-08-28T16:00,26.9,92,8.7,171.0,32.6
W16,North Zone,11404,20.303774828524404,85.81762725404805,2026-08-28T17:00,26.7,94,0.4,61.0,33.8
W16,North Zone,11404,20.303774828524404,85.81762725404805,2026-08-28T18:00,26.8,95,4.6,6.0,33.5
W16,North Zone,11404,20.303774828524404,85.81762725404805,2026-08-28T19:00,26.5,97,8.5,0.0,32.6
W16,North Zone,11404,20.303774828524404,85.81762725404805,2026-08-28T20:00,26.2,97,8.8,0.0,32.1
W16,North Zone,11404,20.303774828524404,85.81762725404805,2026-08-28T21:00,26.1,97,8.7,0.0,31.9
W16,North Zone,11404,20.303774828524404,85.81762725404805,2026-08-28T22:00,26.0,97,9.5,0.0,31.7
W16,North Zone,11404,20.303774828524404,85.81762725404805,2026-08-28T23:00,26.1,97,8.7,0.0,31.9
W16,North Zone,11404,20.303774828524404,85.81762725404805,2026-08-29T00:00,26.2,97,8.8,0.0,32.0
W16,North Zone,11404,20.303774828524404,85.81762725404805,2026-08-29T01:00,26.2,96,8.3,0.0,32.1
W16,North Zone,11404,20.303774828524404,85.81762725404805,2026-08-29T02:00,26.3,96,8.7,0.0,32.1
W16,North Zone,11404,20.303774828524404,85.81762725404805,2026-08-29T03:00,25.2,98,11.7,0.0,30.1
W16,North Zone,11404,20.303774828524404,85.81762725404805,2026-08-29T04:00,25.5,98,9.7,0.0,30.8
W16,North Zone,11404,20.303774828524404,85.81762725404805,2026-08-29T05:00,25.7,97,10.1,0.0,31.1
W16,North Zone,11404,20.303774828524404,85.81762725404805,2026-08-29T06:00,26.2,98,8.6,28.0,32.1
W16,North Zone,11404,20.303774828524404,85.81762725404805,2026-08-29T07:00,26.9,97,6.8,106.0,33.6
W16,North Zone,11404,20.303774828524404,85.81762725404805,2026-08-29T08:00,28.2,92,7.8,250.0,34.9
W16,North Zone,11404,20.303774828524404,85.81762725404805,2026-08-29T09:00,29.4,83,9.4,428.0,35.6
W16,North Zone,11404,20.303774828524404,85.81762725404805,2026-08-29T10:00,29.8,82,9.3,419.0,36.0
W16,North Zone,11404,20.303774828524404,85.81762725404805,2026-08-29T11:00,29.7,80,10.1,309.0,35.5
W16,North Zone,11404,20.303774828524404,85.81762725404805,2026-08-29T12:00,29.9,78,11.3,323.0,35.4
W16,North Zone,11404,20.303774828524404,85.81762725404805,2026-08-29T13:00,30.2,76,11.7,333.0,35.5
W16,North Zone,11404,20.303774828524404,85.81762725404805,2026-08-29T14:00,30.2,77,9.6,258.0,36.0
W16,North Zone,11404,20.303774828524404,85.81762725404805,2026-08-29T15:00,30.3,77,9.5,240.0,36.1
W16,North Zone,11404,20.303774828524404,85.81762725404805,2026-08-29T16:00,29.2,85,9.0,113.0,35.6
W16,North Zone,11404,20.303774828524404,85.81762725404805,2026-08-29T17:00,27.1,95,7.2,53.0,33.6
W16,North Zone,11404,20.303774828524404,85.81762725404805,2026-08-29T18:00,26.8,97,10.2,1.0,32.9
W16,North Zone,11404,20.303774828524404,85.81762725404805,2026-08-29T19:00,26.7,97,8.2,0.0,33.0
W16,North Zone,11404,20.303774828524404,85.81762725404805,2026-08-29T20:00,26.4,97,8.8,0.0,32.4
W16,North Zone,11404,20.303774828524404,85.81762725404805,2026-08-29T21:00,26.3,97,7.8,0.0,32.4
W16,North Zone,11404,20.303774828524404,85.81762725404805,2026-08-29T22:00,26.1,97,8.3,0.0,32.0
W16,North Zone,11404,20.303774828524404,85.81762725404805,2026-08-29T23:00,24.9,99,12.5,0.0,29.7
W16,North Zone,11404,20.303774828524404,85.81762725404805,2026-08-30T00:00,25.1,99,8.3,0.0,30.6
W16,North Zone,11404,20.303774828524404,85.81762725404805,2026-08-30T01:00,25.4,99,9.6,0.0,30.7
W16,North Zone,11404,20.303774828524404,85.81762725404805,2026-08-30T02:00,25.6,98,9.7,0.0,31.1
W16,North Zone,11404,20.303774828524404,85.81762725404805,2026-08-30T03:00,25.8,97,9.8,0.0,31.3
W16,North Zone,11404,20.303774828524404,85.81762725404805,2026-08-30T04:00,25.8,97,8.1,0.0,31.5
W16,North Zone,11404,20.303774828524404,85.81762725404805,2026-08-30T05:00,25.7,99,9.0,0.0,31.3
W16,North Zone,11404,20.303774828524404,85.81762725404805,2026-08-30T06:00,25.8,98,7.9,18.0,31.7
W16,North Zone,11404,20.303774828524404,85.81762725404805,2026-08-30T07:00,26.3,95,8.3,63.0,32.1
W16,North Zone,11404,20.303774828524404,85.81762725404805,2026-08-30T08:00,26.2,95,9.7,116.0,31.8
W16,North Zone,11404,20.303774828524404,85.81762725404805,2026-08-30T09:00,26.1,93,7.8,155.0,31.5
W16,North Zone,11404,20.303774828524404,85.81762725404805,2026-08-30T10:00,26.9,93,7.2,197.0,33.0
W16,North Zone,11404,20.303774828524404,85.81762725404805,2026-08-30T11:00,26.8,93,8.5,156.0,32.6
W16,North Zone,11404,20.303774828524404,85.81762725404805,2026-08-30T12:00,28.0,89,7.9,345.0,34.1
W16,North Zone,11404,20.303774828524404,85.81762725404805,2026-08-30T13:00,29.0,83,10.7,334.0,34.7
W16,North Zone,11404,20.303774828524404,85.81762725404805,2026-08-30T14:00,29.6,79,12.1,389.0,34.8
W16,North Zone,11404,20.303774828524404,85.81762725404805,2026-08-30T15:00,29.9,76,13.0,333.0,34.9
W16,North Zone,11404,20.303774828524404,85.81762725404805,2026-08-30T16:00,29.6,78,12.7,221.0,34.6
W16,North Zone,11404,20.303774828524404,85.81762725404805,2026-08-30T17:00,29.0,81,9.0,110.0,34.7
W16,North Zone,11404,20.303774828524404,85.81762725404805,2026-08-30T18:00,28.1,85,8.2,10.0,33.9
W16,North Zone,11404,20.303774828524404,85.81762725404805,2026-08-30T19:00,27.9,86,8.3,0.0,33.7
W16,North Zone,11404,20.303774828524404,85.81762725404805,2026-08-30T20:00,27.1,88,6.2,0.0,32.9
W16,North Zone,11404,20.303774828524404,85.81762725404805,2026-08-30T21:00,26.7,93,5.5,0.0,33.0
W16,North Zone,11404,20.303774828524404,85.81762725404805,2026-08-30T22:00,26.4,95,5.1,0.0,32.7
W16,North Zone,11404,20.303774828524404,85.81762725404805,2026-08-30T23:00,26.2,96,8.0,0.0,32.0
W16,North Zone,11404,20.303774828524404,85.81762725404805,2026-08-31T00:00,26.0,95,11.5,0.0,31.0
W16,North Zone,11404,20.303774828524404,85.81762725404805,2026-08-31T01:00,25.7,94,11.3,0.0,30.5
W16,North Zone,11404,20.303774828524404,85.81762725404805,2026-08-31T02:00,25.4,94,10.8,0.0,30.1
W16,North Zone,11404,20.303774828524404,85.81762725404805,2026-08-31T03:00,25.4,94,10.2,0.0,30.1
W16,North Zone,11404,20.303774828524404,85.81762725404805,2026-08-31T04:00,25.5,92,10.1,0.0,30.2
W16,North Zone,11404,20.303774828524404,85.81762725404805,2026-08-31T05:00,25.5,92,9.0,0.0,30.3
W16,North Zone,11404,20.303774828524404,85.81762725404805,2026-08-31T06:00,25.7,92,8.5,19.0,30.7
W16,North Zone,11404,20.303774828524404,85.81762725404805,2026-08-31T07:00,26.5,88,9.2,100.0,31.5
W16,North Zone,11404,20.303774828524404,85.81762725404805,2026-08-31T08:00,27.1,86,9.3,159.0,32.3
W16,North Zone,11404,20.303774828524404,85.81762725404805,2026-08-31T09:00,27.5,85,12.4,239.0,32.2
W16,North Zone,11404,20.303774828524404,85.81762725404805,2026-08-31T10:00,28.0,82,16.6,418.0,31.9
W16,North Zone,11404,20.303774828524404,85.81762725404805,2026-08-31T11:00,28.3,79,15.4,306.0,32.3
W16,North Zone,11404,20.303774828524404,85.81762725404805,2026-08-31T12:00,29.0,76,16.6,446.0,32.8
W16,North Zone,11404,20.303774828524404,85.81762725404805,2026-08-31T13:00,29.7,72,17.3,469.0,33.3
W16,North Zone,11404,20.303774828524404,85.81762725404805,2026-08-31T14:00,30.1,70,17.4,456.0,33.7
W16,North Zone,11404,20.303774828524404,85.81762725404805,2026-08-31T15:00,29.9,71,16.8,437.0,33.6
W16,North Zone,11404,20.303774828524404,85.81762725404805,2026-08-31T16:00,29.3,74,15.7,304.0,33.2
W16,North Zone,11404,20.303774828524404,85.81762725404805,2026-08-31T17:00,28.8,76,14.8,138.0,32.8
W16,North Zone,11404,20.303774828524404,85.81762725404805,2026-08-31T18:00,28.4,78,13.7,9.0,32.5
W16,North Zone,11404,20.303774828524404,85.81762725404805,2026-08-31T19:00,28.0,79,12.4,0.0,32.2
W16,North Zone,11404,20.303774828524404,85.81762725404805,2026-08-31T20:00,27.6,80,11.4,0.0,31.9
W16,North Zone,11404,20.303774828524404,85.81762725404805,2026-08-31T21:00,27.2,82,10.1,0.0,31.7
W16,North Zone,11404,20.303774828524404,85.81762725404805,2026-08-31T22:00,26.9,84,9.1,0.0,31.6
W16,North Zone,11404,20.303774828524404,85.81762725404805,2026-08-31T23:00,26.6,85,9.0,0.0,31.3
W16,North Zone,11404,20.303774828524404,85.81762725404805,2026-09-01T00:00,26.6,84,9.8,0.0,31.0
W16,North Zone,11404,20.303774828524404,85.81762725404805,2026-09-01T01:00,26.6,83,11.2,0.0,30.7
W16,North Zone,11404,20.303774828524404,85.81762725404805,2026-09-01T02:00,26.6,82,11.7,0.0,30.6
W16,North Zone,11404,20.303774828524404,85.81762725404805,2026-09-01T03:00,26.5,83,10.9,0.0,30.6
W16,North Zone,11404,20.303774828524404,85.81762725404805,2026-09-01T04:00,26.2,85,10.0,0.0,30.6
W16,North Zone,11404,20.303774828524404,85.81762725404805,2026-09-01T05:00,26.3,86,9.9,0.0,30.7
W16,North Zone,11404,20.303774828524404,85.81762725404805,2026-09-01T06:00,26.8,84,10.5,24.0,31.2
W16,North Zone,11404,20.303774828524404,85.81762725404805,2026-09-01T07:00,27.5,81,11.0,104.0,31.9
W16,North Zone,11404,20.303774828524404,85.81762725404805,2026-09-01T08:00,28.1,78,11.5,181.0,32.5
W16,North Zone,11404,20.303774828524404,85.81762725404805,2026-09-01T09:00,28.4,77,11.6,238.0,32.8
W16,North Zone,11404,20.303774828524404,85.81762725404805,2026-09-01T10:00,28.6,76,12.7,292.0,32.9
W16,North Zone,11404,20.303774828524404,85.81762725404805,2026-09-01T11:00,28.8,76,14.0,334.0,32.9
W16,North Zone,11404,20.303774828524404,85.81762725404805,2026-09-01T12:00,29.2,74,14.8,340.0,33.2
W16,North Zone,11404,20.303774828524404,85.81762725404805,2026-09-01T13:00,29.6,72,15.2,360.0,33.4
W16,North Zone,11404,20.303774828524404,85.81762725404805,2026-09-01T14:00,29.8,71,14.8,363.0,33.7
W16,North Zone,11404,20.303774828524404,85.81762725404805,2026-09-01T15:00,29.5,74,13.2,394.0,34.0
W16,North Zone,11404,20.303774828524404,85.81762725404805,2026-09-01T16:00,29.0,80,10.9,270.0,34.2
W16,North Zone,11404,20.303774828524404,85.81762725404805,2026-09-01T17:00,28.4,84,9.3,115.0,34.1
W16,North Zone,11404,20.303774828524404,85.81762725404805,2026-09-01T18:00,27.8,86,8.1,6.0,33.6
W16,North Zone,11404,20.303774828524404,85.81762725404805,2026-09-01T19:00,27.2,88,7.2,0.0,32.8
W16,North Zone,11404,20.303774828524404,85.81762725404805,2026-09-01T20:00,26.7,89,7.0,0.0,32.1
W16,North Zone,11404,20.303774828524404,85.81762725404805,2026-09-01T21:00,26.5,90,7.8,0.0,31.9
W16,North Zone,11404,20.303774828524404,85.81762725404805,2026-09-01T22:00,26.5,91,9.3,0.0,31.7
W16,North Zone,11404,20.303774828524404,85.81762725404805,2026-09-01T23:00,26.5,91,10.2,0.0,31.6
W30,South-East Zone,12220,20.29056396790639,85.84761561838687,2026-08-28T00:00,26.9,95,9.0,0.0,32.9
W30,South-East Zone,12220,20.29056396790639,85.84761561838687,2026-08-28T01:00,26.9,95,10.7,0.0,32.7
W30,South-East Zone,12220,20.29056396790639,85.84761561838687,2026-08-28T02:00,26.9,93,12.0,0.0,32.3
W30,South-East Zone,12220,20.29056396790639,85.84761561838687,2026-08-28T03:00,26.5,92,12.4,0.0,31.5
W30,South-East Zone,12220,20.29056396790639,85.84761561838687,2026-08-28T04:00,26.3,91,11.4,0.0,31.1
W30,South-East Zone,12220,20.29056396790639,85.84761561838687,2026-08-28T05:00,26.3,90,11.1,0.0,31.0
W30,South-East Zone,12220,20.29056396790639,85.84761561838687,2026-08-28T06:00,26.9,88,11.1,42.0,31.7
W30,South-East Zone,12220,20.29056396790639,85.84761561838687,2026-08-28T07:00,28.3,82,13.0,212.0,33.1
W30,South-East Zone,12220,20.29056396790639,85.84761561838687,2026-08-28T08:00,29.5,77,16.0,416.0,33.9
W30,South-East Zone,12220,20.29056396790639,85.84761561838687,2026-08-28T09:00,30.5,74,15.7,616.0,35.5
W30,South-East Zone,12220,20.29056396790639,85.84761561838687,2026-08-28T10:00,31.3,73,13.5,708.0,37.5
W30,South-East Zone,12220,20.29056396790639,85.84761561838687,2026-08-28T11:00,31.6,71,11.5,738.0,38.1
W30,South-East Zone,12220,20.29056396790639,85.84761561838687,2026-08-28T12:00,28.8,85,13.5,469.0,34.3
W30,South-East Zone,12220,20.29056396790639,85.84761561838687,2026-08-28T13:00,29.2,83,7.0,451.0,35.7
W30,South-East Zone,12220,20.29056396790639,85.84761561838687,2026-08-28T14:00,30.0,84,5.3,346.0,37.3
W30,South-East Zone,12220,20.29056396790639,85.84761561838687,2026-08-28T15:00,29.4,88,4.6,297.0,36.9
W30,South-East Zone,12220,20.29056396790639,85.84761561838687,2026-08-28T16:00,26.9,92,8.7,171.0,32.6
W30,South-East Zone,12220,20.29056396790639,85.84761561838687,2026-08-28T17:00,26.7,94,0.4,61.0,33.8
W30,South-East Zone,12220,20.29056396790639,85.84761561838687,2026-08-28T18:00,26.8,95,4.6,6.0,33.5
W30,South-East Zone,12220,20.29056396790639,85.84761561838687,2026-08-28T19:00,26.5,97,8.5,0.0,32.6
W30,South-East Zone,12220,20.29056396790639,85.84761561838687,2026-08-28T20:00,26.2,97,8.8,0.0,32.1
W30,South-East Zone,12220,20.29056396790639,85.84761561838687,2026-08-28T21:00,26.1,97,8.7,0.0,31.9
W30,South-East Zone,12220,20.29056396790639,85.84761561838687,2026-08-28T22:00,26.0,97,9.5,0.0,31.7
W30,South-East Zone,12220,20.29056396790639,85.84761561838687,2026-08-28T23:00,26.1,97,8.7,0.0,31.9
W30,South-East Zone,12220,20.29056396790639,85.84761561838687,2026-08-29T00:00,26.2,97,8.8,0.0,32.0
W30,South-East Zone,12220,20.29056396790639,85.84761561838687,2026-08-29T01:00,26.2,96,8.3,0.0,32.1
W30,South-East Zone,12220,20.29056396790639,85.84761561838687,2026-08-29T02:00,26.3,96,8.7,0.0,32.1
W30,South-East Zone,12220,20.29056396790639,85.84761561838687,2026-08-29T03:00,25.2,98,11.7,0.0,30.1
W30,South-East Zone,12220,20.29056396790639,85.84761561838687,2026-08-29T04:00,25.5,98,9.7,0.0,30.8
W30,South-East Zone,12220,20.29056396790639,85.84761561838687,2026-08-29T05:00,25.7,97,10.1,0.0,31.1
W30,South-East Zone,12220,20.29056396790639,85.84761561838687,2026-08-29T06:00,26.2,98,8.6,28.0,32.1
W30,South-East Zone,12220,20.29056396790639,85.84761561838687,2026-08-29T07:00,26.9,97,6.8,106.0,33.6
W30,South-East Zone,12220,20.29056396790639,85.84761561838687,2026-08-29T08:00,28.2,92,7.8,250.0,34.9
W30,South-East Zone,12220,20.29056396790639,85.84761561838687,2026-08-29T09:00,29.4,83,9.4,428.0,35.6
W30,South-East Zone,12220,20.29056396790639,85.84761561838687,2026-08-29T10:00,29.8,82,9.3,419.0,36.0
W30,South-East Zone,12220,20.29056396790639,85.84761561838687,2026-08-29T11:00,29.7,80,10.1,309.0,35.5
W30,South-East Zone,12220,20.29056396790639,85.84761561838687,2026-08-29T12:00,29.9,78,11.3,323.0,35.4
W30,South-East Zone,12220,20.29056396790639,85.84761561838687,2026-08-29T13:00,30.2,76,11.7,333.0,35.5
W30,South-East Zone,12220,20.29056396790639,85.84761561838687,2026-08-29T14:00,30.2,77,9.6,258.0,36.0
W30,South-East Zone,12220,20.29056396790639,85.84761561838687,2026-08-29T15:00,30.3,77,9.5,240.0,36.1
W30,South-East Zone,12220,20.29056396790639,85.84761561838687,2026-08-29T16:00,29.2,85,9.0,113.0,35.6
W30,South-East Zone,12220,20.29056396790639,85.84761561838687,2026-08-29T17:00,27.1,95,7.2,53.0,33.6
W30,South-East Zone,12220,20.29056396790639,85.84761561838687,2026-08-29T18:00,26.8,97,10.2,1.0,32.9
W30,South-East Zone,12220,20.29056396790639,85.84761561838687,2026-08-29T19:00,26.7,97,8.2,0.0,33.0
W30,South-East Zone,12220,20.29056396790639,85.84761561838687,2026-08-29T20:00,26.4,97,8.8,0.0,32.4
W30,South-East Zone,12220,20.29056396790639,85.84761561838687,2026-08-29T21:00,26.3,97,7.8,0.0,32.4
W30,South-East Zone,12220,20.29056396790639,85.84761561838687,2026-08-29T22:00,26.1,97,8.3,0.0,32.0
W30,South-East Zone,12220,20.29056396790639,85.84761561838687,2026-08-29T23:00,24.9,99,12.5,0.0,29.7
W30,South-East Zone,12220,20.29056396790639,85.84761561838687,2026-08-30T00:00,25.1,99,8.3,0.0,30.6
W30,South-East Zone,12220,20.29056396790639,85.84761561838687,2026-08-30T01:00,25.4,99,9.6,0.0,30.7
W30,South-East Zone,12220,20.29056396790639,85.84761561838687,2026-08-30T02:00,25.6,98,9.7,0.0,31.1
W30,South-East Zone,12220,20.29056396790639,85.84761561838687,2026-08-30T03:00,25.8,97,9.8,0.0,31.3
W30,South-East Zone,12220,20.29056396790639,85.84761561838687,2026-08-30T04:00,25.8,97,8.1,0.0,31.5
W30,South-East Zone,12220,20.29056396790639,85.84761561838687,2026-08-30T05:00,25.7,99,9.0,0.0,31.3
W30,South-East Zone,12220,20.29056396790639,85.84761561838687,2026-08-30T06:00,25.8,98,7.9,18.0,31.7
W30,South-East Zone,12220,20.29056396790639,85.84761561838687,2026-08-30T07:00,26.3,95,8.3,63.0,32.1
W30,South-East Zone,12220,20.29056396790639,85.84761561838687,2026-08-30T08:00,26.2,95,9.7,116.0,31.8
W30,South-East Zone,12220,20.29056396790639,85.84761561838687,2026-08-30T09:00,26.1,93,7.8,155.0,31.5
W30,South-East Zone,12220,20.29056396790639,85.84761561838687,2026-08-30T10:00,26.9,93,7.2,197.0,33.0
W30,South-East Zone,12220,20.29056396790639,85.84761561838687,2026-08-30T11:00,26.8,93,8.5,156.0,32.6
W30,South-East Zone,12220,20.29056396790639,85.84761561838687,2026-08-30T12:00,28.0,89,7.9,345.0,34.1
W30,South-East Zone,12220,20.29056396790639,85.84761561838687,2026-08-30T13:00,29.0,83,10.7,334.0,34.7
W30,South-East Zone,12220,20.29056396790639,85.84761561838687,2026-08-30T14:00,29.6,79,12.1,389.0,34.8
W30,South-East Zone,12220,20.29056396790639,85.84761561838687,2026-08-30T15:00,29.9,76,13.0,333.0,34.9
W30,South-East Zone,12220,20.29056396790639,85.84761561838687,2026-08-30T16:00,29.6,78,12.7,221.0,34.6
W30,South-East Zone,12220,20.29056396790639,85.84761561838687,2026-08-30T17:00,29.0,81,9.0,110.0,34.7
W30,South-East Zone,12220,20.29056396790639,85.84761561838687,2026-08-30T18:00,28.1,85,8.2,10.0,33.9
W30,South-East Zone,12220,20.29056396790639,85.84761561838687,2026-08-30T19:00,27.9,86,8.3,0.0,33.7
W30,South-East Zone,12220,20.29056396790639,85.84761561838687,2026-08-30T20:00,27.1,88,6.2,0.0,32.9
W30,South-East Zone,12220,20.29056396790639,85.84761561838687,2026-08-30T21:00,26.7,93,5.5,0.0,33.0
W30,South-East Zone,12220,20.29056396790639,85.84761561838687,2026-08-30T22:00,26.4,95,5.1,0.0,32.7
W30,South-East Zone,12220,20.29056396790639,85.84761561838687,2026-08-30T23:00,26.2,96,8.0,0.0,32.0
W30,South-East Zone,12220,20.29056396790639,85.84761561838687,2026-08-31T00:00,26.0,95,11.5,0.0,31.0
W30,South-East Zone,12220,20.29056396790639,85.84761561838687,2026-08-31T01:00,25.7,94,11.3,0.0,30.5
W30,South-East Zone,12220,20.29056396790639,85.84761561838687,2026-08-31T02:00,25.4,94,10.8,0.0,30.1
W30,South-East Zone,12220,20.29056396790639,85.84761561838687,2026-08-31T03:00,25.4,94,10.2,0.0,30.1
W30,South-East Zone,12220,20.29056396790639,85.84761561838687,2026-08-31T04:00,25.5,92,10.1,0.0,30.2
W30,South-East Zone,12220,20.29056396790639,85.84761561838687,2026-08-31T05:00,25.5,92,9.0,0.0,30.3
W30,South-East Zone,12220,20.29056396790639,85.84761561838687,2026-08-31T06:00,25.7,92,8.5,19.0,30.7
W30,South-East Zone,12220,20.29056396790639,85.84761561838687,2026-08-31T07:00,26.5,88,9.2,100.0,31.5
W30,South-East Zone,12220,20.29056396790639,85.84761561838687,2026-08-31T08:00,27.1,86,9.3,159.0,32.3
W30,South-East Zone,12220,20.29056396790639,85.84761561838687,2026-08-31T09:00,27.5,85,12.4,239.0,32.2
W30,South-East Zone,12220,20.29056396790639,85.84761561838687,2026-08-31T10:00,28.0,82,16.6,418.0,31.9
W30,South-East Zone,12220,20.29056396790639,85.84761561838687,2026-08-31T11:00,28.3,79,15.4,306.0,32.3
W30,South-East Zone,12220,20.29056396790639,85.84761561838687,2026-08-31T12:00,29.0,76,16.6,446.0,32.8
W30,South-East Zone,12220,20.29056396790639,85.84761561838687,2026-08-31T13:00,29.7,72,17.3,469.0,33.3
W30,South-East Zone,12220,20.29056396790639,85.84761561838687,2026-08-31T14:00,30.1,70,17.4,456.0,33.7
W30,South-East Zone,12220,20.29056396790639,85.84761561838687,2026-08-31T15:00,29.9,71,16.8,437.0,33.6
W30,South-East Zone,12220,20.29056396790639,85.84761561838687,2026-08-31T16:00,29.3,74,15.7,304.0,33.2
W30,South-East Zone,12220,20.29056396790639,85.84761561838687,2026-08-31T17:00,28.8,76,14.8,138.0,32.8
W30,South-East Zone,12220,20.29056396790639,85.84761561838687,2026-08-31T18:00,28.4,78,13.7,9.0,32.5
W30,South-East Zone,12220,20.29056396790639,85.84761561838687,2026-08-31T19:00,28.0,79,12.4,0.0,32.2
W30,South-East Zone,12220,20.29056396790639,85.84761561838687,2026-08-31T20:00,27.6,80,11.4,0.0,31.9
W30,South-East Zone,12220,20.29056396790639,85.84761561838687,2026-08-31T21:00,27.2,82,10.1,0.0,31.7
W30,South-East Zone,12220,20.29056396790639,85.84761561838687,2026-08-31T22:00,26.9,84,9.1,0.0,31.6
W30,South-East Zone,12220,20.29056396790639,85.84761561838687,2026-08-31T23:00,26.6,85,9.0,0.0,31.3
W30,South-East Zone,12220,20.29056396790639,85.84761561838687,2026-09-01T00:00,26.6,84,9.8,0.0,31.0
W30,South-East Zone,12220,20.29056396790639,85.84761561838687,2026-09-01T01:00,26.6,83,11.2,0.0,30.7
W30,South-East Zone,12220,20.29056396790639,85.84761561838687,2026-09-01T02:00,26.6,82,11.7,0.0,30.6
W30,South-East Zone,12220,20.29056396790639,85.84761561838687,2026-09-01T03:00,26.5,83,10.9,0.0,30.6
W30,South-East Zone,12220,20.29056396790639,85.84761561838687,2026-09-01T04:00,26.2,85,10.0,0.0,30.6
W30,South-East Zone,12220,20.29056396790639,85.84761561838687,2026-09-01T05:00,26.3,86,9.9,0.0,30.7
W30,South-East Zone,12220,20.29056396790639,85.84761561838687,2026-09-01T06:00,26.8,84,10.5,24.0,31.2
W30,South-East Zone,12220,20.29056396790639,85.84761561838687,2026-09-01T07:00,27.5,81,11.0,104.0,31.9
W30,South-East Zone,12220,20.29056396790639,85.84761561838687,2026-09-01T08:00,28.1,78,11.5,181.0,32.5
W30,South-East Zone,12220,20.29056396790639,85.84761561838687,2026-09-01T09:00,28.4,77,11.6,238.0,32.8
W30,South-East Zone,12220,20.29056396790639,85.84761561838687,2026-09-01T10:00,28.6,76,12.7,292.0,32.9
W30,South-East Zone,12220,20.29056396790639,85.84761561838687,2026-09-01T11:00,28.8,76,14.0,334.0,32.9
W30,South-East Zone,12220,20.29056396790639,85.84761561838687,2026-09-01T12:00,29.2,74,14.8,340.0,33.2
W30,South-East Zone,12220,20.29056396790639,85.84761561838687,2026-09-01T13:00,29.6,72,15.2,360.0,33.4
W30,South-East Zone,12220,20.29056396790639,85.84761561838687,2026-09-01T14:00,29.8,71,14.8,363.0,33.7
W30,South-East Zone,12220,20.29056396790639,85.84761561838687,2026-09-01T15:00,29.5,74,13.2,394.0,34.0
W30,South-East Zone,12220,20.29056396790639,85.84761561838687,2026-09-01T16:00,29.0,80,10.9,270.0,34.2
W30,South-East Zone,12220,20.29056396790639,85.84761561838687,2026-09-01T17:00,28.4,84,9.3,115.0,34.1
W30,South-East Zone,12220,20.29056396790639,85.84761561838687,2026-09-01T18:00,27.8,86,8.1,6.0,33.6
W30,South-East Zone,12220,20.29056396790639,85.84761561838687,2026-09-01T19:00,27.2,88,7.2,0.0,32.8
W30,South-East Zone,12220,20.29056396790639,85.84761561838687,2026-09-01T20:00,26.7,89,7.0,0.0,32.1
W30,South-East Zone,12220,20.29056396790639,85.84761561838687,2026-09-01T21:00,26.5,90,7.8,0.0,31.9
W30,South-East Zone,12220,20.29056396790639,85.84761561838687,2026-09-01T22:00,26.5,91,9.3,0.0,31.7
W30,South-East Zone,12220,20.29056396790639,85.84761561838687,2026-09-01T23:00,26.5,91,10.2,0.0,31.6
W34,South-East Zone,13013,20.281782986087112,85.84946011443414,2026-08-28T00:00,26.9,95,9.0,0.0,32.9
W34,South-East Zone,13013,20.281782986087112,85.84946011443414,2026-08-28T01:00,26.9,95,10.7,0.0,32.7
W34,South-East Zone,13013,20.281782986087112,85.84946011443414,2026-08-28T02:00,26.9,93,12.0,0.0,32.3
W34,South-East Zone,13013,20.281782986087112,85.84946011443414,2026-08-28T03:00,26.5,92,12.4,0.0,31.5
W34,South-East Zone,13013,20.281782986087112,85.84946011443414,2026-08-28T04:00,26.3,91,11.4,0.0,31.1
W34,South-East Zone,13013,20.281782986087112,85.84946011443414,2026-08-28T05:00,26.3,90,11.1,0.0,31.0
W34,South-East Zone,13013,20.281782986087112,85.84946011443414,2026-08-28T06:00,26.9,88,11.1,42.0,31.7
W34,South-East Zone,13013,20.281782986087112,85.84946011443414,2026-08-28T07:00,28.3,82,13.0,212.0,33.1
W34,South-East Zone,13013,20.281782986087112,85.84946011443414,2026-08-28T08:00,29.5,77,16.0,416.0,33.9
W34,South-East Zone,13013,20.281782986087112,85.84946011443414,2026-08-28T09:00,30.5,74,15.7,616.0,35.5
W34,South-East Zone,13013,20.281782986087112,85.84946011443414,2026-08-28T10:00,31.3,73,13.5,708.0,37.5
W34,South-East Zone,13013,20.281782986087112,85.84946011443414,2026-08-28T11:00,31.6,71,11.5,738.0,38.1
W34,South-East Zone,13013,20.281782986087112,85.84946011443414,2026-08-28T12:00,28.8,85,13.5,469.0,34.3
W34,South-East Zone,13013,20.281782986087112,85.84946011443414,2026-08-28T13:00,29.2,83,7.0,451.0,35.7
W34,South-East Zone,13013,20.281782986087112,85.84946011443414,2026-08-28T14:00,30.0,84,5.3,346.0,37.3
W34,South-East Zone,13013,20.281782986087112,85.84946011443414,2026-08-28T15:00,29.4,88,4.6,297.0,36.9
W34,South-East Zone,13013,20.281782986087112,85.84946011443414,2026-08-28T16:00,26.9,92,8.7,171.0,32.6
W34,South-East Zone,13013,20.281782986087112,85.84946011443414,2026-08-28T17:00,26.7,94,0.4,61.0,33.8
W34,South-East Zone,13013,20.281782986087112,85.84946011443414,2026-08-28T18:00,26.8,95,4.6,6.0,33.5
W34,South-East Zone,13013,20.281782986087112,85.84946011443414,2026-08-28T19:00,26.5,97,8.5,0.0,32.6
W34,South-East Zone,13013,20.281782986087112,85.84946011443414,2026-08-28T20:00,26.2,97,8.8,0.0,32.1
W34,South-East Zone,13013,20.281782986087112,85.84946011443414,2026-08-28T21:00,26.1,97,8.7,0.0,31.9
W34,South-East Zone,13013,20.281782986087112,85.84946011443414,2026-08-28T22:00,26.0,97,9.5,0.0,31.7
W34,South-East Zone,13013,20.281782986087112,85.84946011443414,2026-08-28T23:00,26.1,97,8.7,0.0,31.9
W34,South-East Zone,13013,20.281782986087112,85.84946011443414,2026-08-29T00:00,26.2,97,8.8,0.0,32.0
W34,South-East Zone,13013,20.281782986087112,85.84946011443414,2026-08-29T01:00,26.2,96,8.3,0.0,32.1
W34,South-East Zone,13013,20.281782986087112,85.84946011443414,2026-08-29T02:00,26.3,96,8.7,0.0,32.1
W34,South-East Zone,13013,20.281782986087112,85.84946011443414,2026-08-29T03:00,25.2,98,11.7,0.0,30.1
W34,South-East Zone,13013,20.281782986087112,85.84946011443414,2026-08-29T04:00,25.5,98,9.7,0.0,30.8
W34,South-East Zone,13013,20.281782986087112,85.84946011443414,2026-08-29T05:00,25.7,97,10.1,0.0,31.1
W34,South-East Zone,13013,20.281782986087112,85.84946011443414,2026-08-29T06:00,26.2,98,8.6,28.0,32.1
W34,South-East Zone,13013,20.281782986087112,85.84946011443414,2026-08-29T07:00,26.9,97,6.8,106.0,33.6
W34,South-East Zone,13013,20.281782986087112,85.84946011443414,2026-08-29T08:00,28.2,92,7.8,250.0,34.9
W34,South-East Zone,13013,20.281782986087112,85.84946011443414,2026-08-29T09:00,29.4,83,9.4,428.0,35.6
W34,South-East Zone,13013,20.281782986087112,85.84946011443414,2026-08-29T10:00,29.8,82,9.3,419.0,36.0
W34,South-East Zone,13013,20.281782986087112,85.84946011443414,2026-08-29T11:00,29.7,80,10.1,309.0,35.5
W34,South-East Zone,13013,20.281782986087112,85.84946011443414,2026-08-29T12:00,29.9,78,11.3,323.0,35.4
W34,South-East Zone,13013,20.281782986087112,85.84946011443414,2026-08-29T13:00,30.2,76,11.7,333.0,35.5
W34,South-East Zone,13013,20.281782986087112,85.84946011443414,2026-08-29T14:00,30.2,77,9.6,258.0,36.0
W34,South-East Zone,13013,20.281782986087112,85.84946011443414,2026-08-29T15:00,30.3,77,9.5,240.0,36.1
W34,South-East Zone,13013,20.281782986087112,85.84946011443414,2026-08-29T16:00,29.2,85,9.0,113.0,35.6
W34,South-East Zone,13013,20.281782986087112,85.84946011443414,2026-08-29T17:00,27.1,95,7.2,53.0,33.6
W34,South-East Zone,13013,20.281782986087112,85.84946011443414,2026-08-29T18:00,26.8,97,10.2,1.0,32.9
W34,South-East Zone,13013,20.281782986087112,85.84946011443414,2026-08-29T19:00,26.7,97,8.2,0.0,33.0
W34,South-East Zone,13013,20.281782986087112,85.84946011443414,2026-08-29T20:00,26.4,97,8.8,0.0,32.4
W34,South-East Zone,13013,20.281782986087112,85.84946011443414,2026-08-29T21:00,26.3,97,7.8,0.0,32.4
W34,South-East Zone,13013,20.281782986087112,85.84946011443414,2026-08-29T22:00,26.1,97,8.3,0.0,32.0
W34,South-East Zone,13013,20.281782986087112,85.84946011443414,2026-08-29T23:00,24.9,99,12.5,0.0,29.7
W34,South-East Zone,13013,20.281782986087112,85.84946011443414,2026-08-30T00:00,25.1,99,8.3,0.0,30.6
W34,South-East Zone,13013,20.281782986087112,85.84946011443414,2026-08-30T01:00,25.4,99,9.6,0.0,30.7
W34,South-East Zone,13013,20.281782986087112,85.84946011443414,2026-08-30T02:00,25.6,98,9.7,0.0,31.1
W34,South-East Zone,13013,20.281782986087112,85.84946011443414,2026-08-30T03:00,25.8,97,9.8,0.0,31.3
W34,South-East Zone,13013,20.281782986087112,85.84946011443414,2026-08-30T04:00,25.8,97,8.1,0.0,31.5
W34,South-East Zone,13013,20.281782986087112,85.84946011443414,2026-08-30T05:00,25.7,99,9.0,0.0,31.3
W34,South-East Zone,13013,20.281782986087112,85.84946011443414,2026-08-30T06:00,25.8,98,7.9,18.0,31.7
W34,South-East Zone,13013,20.281782986087112,85.84946011443414,2026-08-30T07:00,26.3,95,8.3,63.0,32.1
W34,South-East Zone,13013,20.281782986087112,85.84946011443414,2026-08-30T08:00,26.2,95,9.7,116.0,31.8
W34,South-East Zone,13013,20.281782986087112,85.84946011443414,2026-08-30T09:00,26.1,93,7.8,155.0,31.5
W34,South-East Zone,13013,20.281782986087112,85.84946011443414,2026-08-30T10:00,26.9,93,7.2,197.0,33.0
W34,South-East Zone,13013,20.281782986087112,85.84946011443414,2026-08-30T11:00,26.8,93,8.5,156.0,32.6
W34,South-East Zone,13013,20.281782986087112,85.84946011443414,2026-08-30T12:00,28.0,89,7.9,345.0,34.1
W34,South-East Zone,13013,20.281782986087112,85.84946011443414,2026-08-30T13:00,29.0,83,10.7,334.0,34.7
W34,South-East Zone,13013,20.281782986087112,85.84946011443414,2026-08-30T14:00,29.6,79,12.1,389.0,34.8
W34,South-East Zone,13013,20.281782986087112,85.84946011443414,2026-08-30T15:00,29.9,76,13.0,333.0,34.9
W34,South-East Zone,13013,20.281782986087112,85.84946011443414,2026-08-30T16:00,29.6,78,12.7,221.0,34.6
W34,South-East Zone,13013,20.281782986087112,85.84946011443414,2026-08-30T17:00,29.0,81,9.0,110.0,34.7
W34,South-East Zone,13013,20.281782986087112,85.84946011443414,2026-08-30T18:00,28.1,85,8.2,10.0,33.9
W34,South-East Zone,13013,20.281782986087112,85.84946011443414,2026-08-30T19:00,27.9,86,8.3,0.0,33.7
W34,South-East Zone,13013,20.281782986087112,85.84946011443414,2026-08-30T20:00,27.1,88,6.2,0.0,32.9
W34,South-East Zone,13013,20.281782986087112,85.84946011443414,2026-08-30T21:00,26.7,93,5.5,0.0,33.0
W34,South-East Zone,13013,20.281782986087112,85.84946011443414,2026-08-30T22:00,26.4,95,5.1,0.0,32.7
W34,South-East Zone,13013,20.281782986087112,85.84946011443414,2026-08-30T23:00,26.2,96,8.0,0.0,32.0
W34,South-East Zone,13013,20.281782986087112,85.84946011443414,2026-08-31T00:00,26.0,95,11.5,0.0,31.0
W34,South-East Zone,13013,20.281782986087112,85.84946011443414,2026-08-31T01:00,25.7,94,11.3,0.0,30.5
W34,South-East Zone,13013,20.281782986087112,85.84946011443414,2026-08-31T02:00,25.4,94,10.8,0.0,30.1
W34,South-East Zone,13013,20.281782986087112,85.84946011443414,2026-08-31T03:00,25.4,94,10.2,0.0,30.1
W34,South-East Zone,13013,20.281782986087112,85.84946011443414,2026-08-31T04:00,25.5,92,10.1,0.0,30.2
W34,South-East Zone,13013,20.281782986087112,85.84946011443414,2026-08-31T05:00,25.5,92,9.0,0.0,30.3
W34,South-East Zone,13013,20.281782986087112,85.84946011443414,2026-08-31T06:00,25.7,92,8.5,19.0,30.7
W34,South-East Zone,13013,20.281782986087112,85.84946011443414,2026-08-31T07:00,26.5,88,9.2,100.0,31.5
W34,South-East Zone,13013,20.281782986087112,85.84946011443414,2026-08-31T08:00,27.1,86,9.3,159.0,32.3
W34,South-East Zone,13013,20.281782986087112,85.84946011443414,2026-08-31T09:00,27.5,85,12.4,239.0,32.2
W34,South-East Zone,13013,20.281782986087112,85.84946011443414,2026-08-31T10:00,28.0,82,16.6,418.0,31.9
W34,South-East Zone,13013,20.281782986087112,85.84946011443414,2026-08-31T11:00,28.3,79,15.4,306.0,32.3
W34,South-East Zone,13013,20.281782986087112,85.84946011443414,2026-08-31T12:00,29.0,76,16.6,446.0,32.8
W34,South-East Zone,13013,20.281782986087112,85.84946011443414,2026-08-31T13:00,29.7,72,17.3,469.0,33.3
W34,South-East Zone,13013,20.281782986087112,85.84946011443414,2026-08-31T14:00,30.1,70,17.4,456.0,33.7
W34,South-East Zone,13013,20.281782986087112,85.84946011443414,2026-08-31T15:00,29.9,71,16.8,437.0,33.6
W34,South-East Zone,13013,20.281782986087112,85.84946011443414,2026-08-31T16:00,29.3,74,15.7,304.0,33.2
W34,South-East Zone,13013,20.281782986087112,85.84946011443414,2026-08-31T17:00,28.8,76,14.8,138.0,32.8
W34,South-East Zone,13013,20.281782986087112,85.84946011443414,2026-08-31T18:00,28.4,78,13.7,9.0,32.5
W34,South-East Zone,13013,20.281782986087112,85.84946011443414,2026-08-31T19:00,28.0,79,12.4,0.0,32.2
W34,South-East Zone,13013,20.281782986087112,85.84946011443414,2026-08-31T20:00,27.6,80,11.4,0.0,31.9
W34,South-East Zone,13013,20.281782986087112,85.84946011443414,2026-08-31T21:00,27.2,82,10.1,0.0,31.7
W34,South-East Zone,13013,20.281782986087112,85.84946011443414,2026-08-31T22:00,26.9,84,9.1,0.0,31.6
W34,South-East Zone,13013,20.281782986087112,85.84946011443414,2026-08-31T23:00,26.6,85,9.0,0.0,31.3
W34,South-East Zone,13013,20.281782986087112,85.84946011443414,2026-09-01T00:00,26.6,84,9.8,0.0,31.0
W34,South-East Zone,13013,20.281782986087112,85.84946011443414,2026-09-01T01:00,26.6,83,11.2,0.0,30.7
W34,South-East Zone,13013,20.281782986087112,85.84946011443414,2026-09-01T02:00,26.6,82,11.7,0.0,30.6
W34,South-East Zone,13013,20.281782986087112,85.84946011443414,2026-09-01T03:00,26.5,83,10.9,0.0,30.6
W34,South-East Zone,13013,20.281782986087112,85.84946011443414,2026-09-01T04:00,26.2,85,10.0,0.0,30.6
W34,South-East Zone,13013,20.281782986087112,85.84946011443414,2026-09-01T05:00,26.3,86,9.9,0.0,30.7
W34,South-East Zone,13013,20.281782986087112,85.84946011443414,2026-09-01T06:00,26.8,84,10.5,24.0,31.2
W34,South-East Zone,13013,20.281782986087112,85.84946011443414,2026-09-01T07:00,27.5,81,11.0,104.0,31.9
W34,South-East Zone,13013,20.281782986087112,85.84946011443414,2026-09-01T08:00,28.1,78,11.5,181.0,32.5
W34,South-East Zone,13013,20.281782986087112,85.84946011443414,2026-09-01T09:00,28.4,77,11.6,238.0,32.8
W34,South-East Zone,13013,20.281782986087112,85.84946011443414,2026-09-01T10:00,28.6,76,12.7,292.0,32.9
W34,South-East Zone,13013,20.281782986087112,85.84946011443414,2026-09-01T11:00,28.8,76,14.0,334.0,32.9
W34,South-East Zone,13013,20.281782986087112,85.84946011443414,2026-09-01T12:00,29.2,74,14.8,340.0,33.2
W34,South-East Zone,13013,20.281782986087112,85.84946011443414,2026-09-01T13:00,29.6,72,15.2,360.0,33.4
W34,South-East Zone,13013,20.281782986087112,85.84946011443414,2026-09-01T14:00,29.8,71,14.8,363.0,33.7
W34,South-East Zone,13013,20.281782986087112,85.84946011443414,2026-09-01T15:00,29.5,74,13.2,394.0,34.0
W34,South-East Zone,13013,20.281782986087112,85.84946011443414,2026-09-01T16:00,29.0,80,10.9,270.0,34.2
W34,South-East Zone,13013,20.281782986087112,85.84946011443414,2026-09-01T17:00,28.4,84,9.3,115.0,34.1
W34,South-East Zone,13013,20.281782986087112,85.84946011443414,2026-09-01T18:00,27.8,86,8.1,6.0,33.6
W34,South-East Zone,13013,20.281782986087112,85.84946011443414,2026-09-01T19:00,27.2,88,7.2,0.0,32.8
W34,South-East Zone,13013,20.281782986087112,85.84946011443414,2026-09-01T20:00,26.7,89,7.0,0.0,32.1
W34,South-East Zone,13013,20.281782986087112,85.84946011443414,2026-09-01T21:00,26.5,90,7.8,0.0,31.9
W34,South-East Zone,13013,20.281782986087112,85.84946011443414,2026-09-01T22:00,26.5,91,9.3,0.0,31.7
W34,South-East Zone,13013,20.281782986087112,85.84946011443414,2026-09-01T23:00,26.5,91,10.2,0.0,31.6
W29,South-East Zone,11518,20.289295717084112,85.83732625247873,2026-08-28T00:00,26.9,95,9.0,0.0,32.9
W29,South-East Zone,11518,20.289295717084112,85.83732625247873,2026-08-28T01:00,26.9,95,10.7,0.0,32.7
W29,South-East Zone,11518,20.289295717084112,85.83732625247873,2026-08-28T02:00,26.9,93,12.0,0.0,32.3
W29,South-East Zone,11518,20.289295717084112,85.83732625247873,2026-08-28T03:00,26.5,92,12.4,0.0,31.5
W29,South-East Zone,11518,20.289295717084112,85.83732625247873,2026-08-28T04:00,26.3,91,11.4,0.0,31.1
W29,South-East Zone,11518,20.289295717084112,85.83732625247873,2026-08-28T05:00,26.3,90,11.1,0.0,31.0
W29,South-East Zone,11518,20.289295717084112,85.83732625247873,2026-08-28T06:00,26.9,88,11.1,42.0,31.7
W29,South-East Zone,11518,20.289295717084112,85.83732625247873,2026-08-28T07:00,28.3,82,13.0,212.0,33.1
W29,South-East Zone,11518,20.289295717084112,85.83732625247873,2026-08-28T08:00,29.5,77,16.0,416.0,33.9
W29,South-East Zone,11518,20.289295717084112,85.83732625247873,2026-08-28T09:00,30.5,74,15.7,616.0,35.5
W29,South-East Zone,11518,20.289295717084112,85.83732625247873,2026-08-28T10:00,31.3,73,13.5,708.0,37.5
W29,South-East Zone,11518,20.289295717084112,85.83732625247873,2026-08-28T11:00,31.6,71,11.5,738.0,38.1
W29,South-East Zone,11518,20.289295717084112,85.83732625247873,2026-08-28T12:00,28.8,85,13.5,469.0,34.3
W29,South-East Zone,11518,20.289295717084112,85.83732625247873,2026-08-28T13:00,29.2,83,7.0,451.0,35.7
W29,South-East Zone,11518,20.289295717084112,85.83732625247873,2026-08-28T14:00,30.0,84,5.3,346.0,37.3
W29,South-East Zone,11518,20.289295717084112,85.83732625247873,2026-08-28T15:00,29.4,88,4.6,297.0,36.9
W29,South-East Zone,11518,20.289295717084112,85.83732625247873,2026-08-28T16:00,26.9,92,8.7,171.0,32.6
W29,South-East Zone,11518,20.289295717084112,85.83732625247873,2026-08-28T17:00,26.7,94,0.4,61.0,33.8
W29,South-East Zone,11518,20.289295717084112,85.83732625247873,2026-08-28T18:00,26.8,95,4.6,6.0,33.5
W29,South-East Zone,11518,20.289295717084112,85.83732625247873,2026-08-28T19:00,26.5,97,8.5,0.0,32.6
W29,South-East Zone,11518,20.289295717084112,85.83732625247873,2026-08-28T20:00,26.2,97,8.8,0.0,32.1
W29,South-East Zone,11518,20.289295717084112,85.83732625247873,2026-08-28T21:00,26.1,97,8.7,0.0,31.9
W29,South-East Zone,11518,20.289295717084112,85.83732625247873,2026-08-28T22:00,26.0,97,9.5,0.0,31.7
W29,South-East Zone,11518,20.289295717084112,85.83732625247873,2026-08-28T23:00,26.1,97,8.7,0.0,31.9
W29,South-East Zone,11518,20.289295717084112,85.83732625247873,2026-08-29T00:00,26.2,97,8.8,0.0,32.0
W29,South-East Zone,11518,20.289295717084112,85.83732625247873,2026-08-29T01:00,26.2,96,8.3,0.0,32.1
W29,South-East Zone,11518,20.289295717084112,85.83732625247873,2026-08-29T02:00,26.3,96,8.7,0.0,32.1
W29,South-East Zone,11518,20.289295717084112,85.83732625247873,2026-08-29T03:00,25.2,98,11.7,0.0,30.1
W29,South-East Zone,11518,20.289295717084112,85.83732625247873,2026-08-29T04:00,25.5,98,9.7,0.0,30.8
W29,South-East Zone,11518,20.289295717084112,85.83732625247873,2026-08-29T05:00,25.7,97,10.1,0.0,31.1
W29,South-East Zone,11518,20.289295717084112,85.83732625247873,2026-08-29T06:00,26.2,98,8.6,28.0,32.1
W29,South-East Zone,11518,20.289295717084112,85.83732625247873,2026-08-29T07:00,26.9,97,6.8,106.0,33.6
W29,South-East Zone,11518,20.289295717084112,85.83732625247873,2026-08-29T08:00,28.2,92,7.8,250.0,34.9
W29,South-East Zone,11518,20.289295717084112,85.83732625247873,2026-08-29T09:00,29.4,83,9.4,428.0,35.6
W29,South-East Zone,11518,20.289295717084112,85.83732625247873,2026-08-29T10:00,29.8,82,9.3,419.0,36.0
W29,South-East Zone,11518,20.289295717084112,85.83732625247873,2026-08-29T11:00,29.7,80,10.1,309.0,35.5
W29,South-East Zone,11518,20.289295717084112,85.83732625247873,2026-08-29T12:00,29.9,78,11.3,323.0,35.4
W29,South-East Zone,11518,20.289295717084112,85.83732625247873,2026-08-29T13:00,30.2,76,11.7,333.0,35.5
W29,South-East Zone,11518,20.289295717084112,85.83732625247873,2026-08-29T14:00,30.2,77,9.6,258.0,36.0
W29,South-East Zone,11518,20.289295717084112,85.83732625247873,2026-08-29T15:00,30.3,77,9.5,240.0,36.1
W29,South-East Zone,11518,20.289295717084112,85.83732625247873,2026-08-29T16:00,29.2,85,9.0,113.0,35.6
W29,South-East Zone,11518,20.289295717084112,85.83732625247873,2026-08-29T17:00,27.1,95,7.2,53.0,33.6
W29,South-East Zone,11518,20.289295717084112,85.83732625247873,2026-08-29T18:00,26.8,97,10.2,1.0,32.9
W29,South-East Zone,11518,20.289295717084112,85.83732625247873,2026-08-29T19:00,26.7,97,8.2,0.0,33.0
W29,South-East Zone,11518,20.289295717084112,85.83732625247873,2026-08-29T20:00,26.4,97,8.8,0.0,32.4
W29,South-East Zone,11518,20.289295717084112,85.83732625247873,2026-08-29T21:00,26.3,97,7.8,0.0,32.4
W29,South-East Zone,11518,20.289295717084112,85.83732625247873,2026-08-29T22:00,26.1,97,8.3,0.0,32.0
W29,South-East Zone,11518,20.289295717084112,85.83732625247873,2026-08-29T23:00,24.9,99,12.5,0.0,29.7
W29,South-East Zone,11518,20.289295717084112,85.83732625247873,2026-08-30T00:00,25.1,99,8.3,0.0,30.6
W29,South-East Zone,11518,20.289295717084112,85.83732625247873,2026-08-30T01:00,25.4,99,9.6,0.0,30.7
W29,South-East Zone,11518,20.289295717084112,85.83732625247873,2026-08-30T02:00,25.6,98,9.7,0.0,31.1
W29,South-East Zone,11518,20.289295717084112,85.83732625247873,2026-08-30T03:00,25.8,97,9.8,0.0,31.3
W29,South-East Zone,11518,20.289295717084112,85.83732625247873,2026-08-30T04:00,25.8,97,8.1,0.0,31.5
W29,South-East Zone,11518,20.289295717084112,85.83732625247873,2026-08-30T05:00,25.7,99,9.0,0.0,31.3
W29,South-East Zone,11518,20.289295717084112,85.83732625247873,2026-08-30T06:00,25.8,98,7.9,18.0,31.7
W29,South-East Zone,11518,20.289295717084112,85.83732625247873,2026-08-30T07:00,26.3,95,8.3,63.0,32.1
W29,South-East Zone,11518,20.289295717084112,85.83732625247873,2026-08-30T08:00,26.2,95,9.7,116.0,31.8
W29,South-East Zone,11518,20.289295717084112,85.83732625247873,2026-08-30T09:00,26.1,93,7.8,155.0,31.5
W29,South-East Zone,11518,20.289295717084112,85.83732625247873,2026-08-30T10:00,26.9,93,7.2,197.0,33.0
W29,South-East Zone,11518,20.289295717084112,85.83732625247873,2026-08-30T11:00,26.8,93,8.5,156.0,32.6
W29,South-East Zone,11518,20.289295717084112,85.83732625247873,2026-08-30T12:00,28.0,89,7.9,345.0,34.1
W29,South-East Zone,11518,20.289295717084112,85.83732625247873,2026-08-30T13:00,29.0,83,10.7,334.0,34.7
W29,South-East Zone,11518,20.289295717084112,85.83732625247873,2026-08-30T14:00,29.6,79,12.1,389.0,34.8
W29,South-East Zone,11518,20.289295717084112,85.83732625247873,2026-08-30T15:00,29.9,76,13.0,333.0,34.9
W29,South-East Zone,11518,20.289295717084112,85.83732625247873,2026-08-30T16:00,29.6,78,12.7,221.0,34.6
W29,South-East Zone,11518,20.289295717084112,85.83732625247873,2026-08-30T17:00,29.0,81,9.0,110.0,34.7
W29,South-East Zone,11518,20.289295717084112,85.83732625247873,2026-08-30T18:00,28.1,85,8.2,10.0,33.9
W29,South-East Zone,11518,20.289295717084112,85.83732625247873,2026-08-30T19:00,27.9,86,8.3,0.0,33.7
W29,South-East Zone,11518,20.289295717084112,85.83732625247873,2026-08-30T20:00,27.1,88,6.2,0.0,32.9
W29,South-East Zone,11518,20.289295717084112,85.83732625247873,2026-08-30T21:00,26.7,93,5.5,0.0,33.0
W29,South-East Zone,11518,20.289295717084112,85.83732625247873,2026-08-30T22:00,26.4,95,5.1,0.0,32.7
W29,South-East Zone,11518,20.289295717084112,85.83732625247873,2026-08-30T23:00,26.2,96,8.0,0.0,32.0
W29,South-East Zone,11518,20.289295717084112,85.83732625247873,2026-08-31T00:00,26.0,95,11.5,0.0,31.0
W29,South-East Zone,11518,20.289295717084112,85.83732625247873,2026-08-31T01:00,25.7,94,11.3,0.0,30.5
W29,South-East Zone,11518,20.289295717084112,85.83732625247873,2026-08-31T02:00,25.4,94,10.8,0.0,30.1
W29,South-East Zone,11518,20.289295717084112,85.83732625247873,2026-08-31T03:00,25.4,94,10.2,0.0,30.1
W29,South-East Zone,11518,20.289295717084112,85.83732625247873,2026-08-31T04:00,25.5,92,10.1,0.0,30.2
W29,South-East Zone,11518,20.289295717084112,85.83732625247873,2026-08-31T05:00,25.5,92,9.0,0.0,30.3
W29,South-East Zone,11518,20.289295717084112,85.83732625247873,2026-08-31T06:00,25.7,92,8.5,19.0,30.7
W29,South-East Zone,11518,20.289295717084112,85.83732625247873,2026-08-31T07:00,26.5,88,9.2,100.0,31.5
W29,South-East Zone,11518,20.289295717084112,85.83732625247873,2026-08-31T08:00,27.1,86,9.3,159.0,32.3
W29,South-East Zone,11518,20.289295717084112,85.83732625247873,2026-08-31T09:00,27.5,85,12.4,239.0,32.2
W29,South-East Zone,11518,20.289295717084112,85.83732625247873,2026-08-31T10:00,28.0,82,16.6,418.0,31.9
W29,South-East Zone,11518,20.289295717084112,85.83732625247873,2026-08-31T11:00,28.3,79,15.4,306.0,32.3
W29,South-East Zone,11518,20.289295717084112,85.83732625247873,2026-08-31T12:00,29.0,76,16.6,446.0,32.8
W29,South-East Zone,11518,20.289295717084112,85.83732625247873,2026-08-31T13:00,29.7,72,17.3,469.0,33.3
W29,South-East Zone,11518,20.289295717084112,85.83732625247873,2026-08-31T14:00,30.1,70,17.4,456.0,33.7
W29,South-East Zone,11518,20.289295717084112,85.83732625247873,2026-08-31T15:00,29.9,71,16.8,437.0,33.6
W29,South-East Zone,11518,20.289295717084112,85.83732625247873,2026-08-31T16:00,29.3,74,15.7,304.0,33.2
W29,South-East Zone,11518,20.289295717084112,85.83732625247873,2026-08-31T17:00,28.8,76,14.8,138.0,32.8
W29,South-East Zone,11518,20.289295717084112,85.83732625247873,2026-08-31T18:00,28.4,78,13.7,9.0,32.5
W29,South-East Zone,11518,20.289295717084112,85.83732625247873,2026-08-31T19:00,28.0,79,12.4,0.0,32.2
W29,South-East Zone,11518,20.289295717084112,85.83732625247873,2026-08-31T20:00,27.6,80,11.4,0.0,31.9
W29,South-East Zone,11518,20.289295717084112,85.83732625247873,2026-08-31T21:00,27.2,82,10.1,0.0,31.7
W29,South-East Zone,11518,20.289295717084112,85.83732625247873,2026-08-31T22:00,26.9,84,9.1,0.0,31.6
W29,South-East Zone,11518,20.289295717084112,85.83732625247873,2026-08-31T23:00,26.6,85,9.0,0.0,31.3
W29,South-East Zone,11518,20.289295717084112,85.83732625247873,2026-09-01T00:00,26.6,84,9.8,0.0,31.0
W29,South-East Zone,11518,20.289295717084112,85.83732625247873,2026-09-01T01:00,26.6,83,11.2,0.0,30.7
W29,South-East Zone,11518,20.289295717084112,85.83732625247873,2026-09-01T02:00,26.6,82,11.7,0.0,30.6
W29,South-East Zone,11518,20.289295717084112,85.83732625247873,2026-09-01T03:00,26.5,83,10.9,0.0,30.6
W29,South-East Zone,11518,20.289295717084112,85.83732625247873,2026-09-01T04:00,26.2,85,10.0,0.0,30.6
W29,South-East Zone,11518,20.289295717084112,85.83732625247873,2026-09-01T05:00,26.3,86,9.9,0.0,30.7
W29,South-East Zone,11518,20.289295717084112,85.83732625247873,2026-09-01T06:00,26.8,84,10.5,24.0,31.2
W29,South-East Zone,11518,20.289295717084112,85.83732625247873,2026-09-01T07:00,27.5,81,11.0,104.0,31.9
W29,South-East Zone,11518,20.289295717084112,85.83732625247873,2026-09-01T08:00,28.1,78,11.5,181.0,32.5
W29,South-East Zone,11518,20.289295717084112,85.83732625247873,2026-09-01T09:00,28.4,77,11.6,238.0,32.8
W29,South-East Zone,11518,20.289295717084112,85.83732625247873,2026-09-01T10:00,28.6,76,12.7,292.0,32.9
W29,South-East Zone,11518,20.289295717084112,85.83732625247873,2026-09-01T11:00,28.8,76,14.0,334.0,32.9
W29,South-East Zone,11518,20.289295717084112,85.83732625247873,2026-09-01T12:00,29.2,74,14.8,340.0,33.2
W29,South-East Zone,11518,20.289295717084112,85.83732625247873,2026-09-01T13:00,29.6,72,15.2,360.0,33.4
W29,South-East Zone,11518,20.289295717084112,85.83732625247873,2026-09-01T14:00,29.8,71,14.8,363.0,33.7
W29,South-East Zone,11518,20.289295717084112,85.83732625247873,2026-09-01T15:00,29.5,74,13.2,394.0,34.0
W29,South-East Zone,11518,20.289295717084112,85.83732625247873,2026-09-01T16:00,29.0,80,10.9,270.0,34.2
W29,South-East Zone,11518,20.289295717084112,85.83732625247873,2026-09-01T17:00,28.4,84,9.3,115.0,34.1
W29,South-East Zone,11518,20.289295717084112,85.83732625247873,2026-09-01T18:00,27.8,86,8.1,6.0,33.6
W29,South-East Zone,11518,20.289295717084112,85.83732625247873,2026-09-01T19:00,27.2,88,7.2,0.0,32.8
W29,South-East Zone,11518,20.289295717084112,85.83732625247873,2026-09-01T20:00,26.7,89,7.0,0.0,32.1
W29,South-East Zone,11518,20.289295717084112,85.83732625247873,2026-09-01T21:00,26.5,90,7.8,0.0,31.9
W29,South-East Zone,11518,20.289295717084112,85.83732625247873,2026-09-01T22:00,26.5,91,9.3,0.0,31.7
W29,South-East Zone,11518,20.289295717084112,85.83732625247873,2026-09-01T23:00,26.5,91,10.2,0.0,31.6
W35,South-East Zone,14130,20.282460611928848,85.83855103317258,2026-08-28T00:00,26.9,95,9.0,0.0,32.9
W35,South-East Zone,14130,20.282460611928848,85.83855103317258,2026-08-28T01:00,26.9,95,10.7,0.0,32.7
W35,South-East Zone,14130,20.282460611928848,85.83855103317258,2026-08-28T02:00,26.9,93,12.0,0.0,32.3
W35,South-East Zone,14130,20.282460611928848,85.83855103317258,2026-08-28T03:00,26.5,92,12.4,0.0,31.5
W35,South-East Zone,14130,20.282460611928848,85.83855103317258,2026-08-28T04:00,26.3,91,11.4,0.0,31.1
W35,South-East Zone,14130,20.282460611928848,85.83855103317258,2026-08-28T05:00,26.3,90,11.1,0.0,31.0
W35,South-East Zone,14130,20.282460611928848,85.83855103317258,2026-08-28T06:00,26.9,88,11.1,42.0,31.7
W35,South-East Zone,14130,20.282460611928848,85.83855103317258,2026-08-28T07:00,28.3,82,13.0,212.0,33.1
W35,South-East Zone,14130,20.282460611928848,85.83855103317258,2026-08-28T08:00,29.5,77,16.0,416.0,33.9
W35,South-East Zone,14130,20.282460611928848,85.83855103317258,2026-08-28T09:00,30.5,74,15.7,616.0,35.5
W35,South-East Zone,14130,20.282460611928848,85.83855103317258,2026-08-28T10:00,31.3,73,13.5,708.0,37.5
W35,South-East Zone,14130,20.282460611928848,85.83855103317258,2026-08-28T11:00,31.6,71,11.5,738.0,38.1
W35,South-East Zone,14130,20.282460611928848,85.83855103317258,2026-08-28T12:00,28.8,85,13.5,469.0,34.3
W35,South-East Zone,14130,20.282460611928848,85.83855103317258,2026-08-28T13:00,29.2,83,7.0,451.0,35.7
W35,South-East Zone,14130,20.282460611928848,85.83855103317258,2026-08-28T14:00,30.0,84,5.3,346.0,37.3
W35,South-East Zone,14130,20.282460611928848,85.83855103317258,2026-08-28T15:00,29.4,88,4.6,297.0,36.9
W35,South-East Zone,14130,20.282460611928848,85.83855103317258,2026-08-28T16:00,26.9,92,8.7,171.0,32.6
W35,South-East Zone,14130,20.282460611928848,85.83855103317258,2026-08-28T17:00,26.7,94,0.4,61.0,33.8
W35,South-East Zone,14130,20.282460611928848,85.83855103317258,2026-08-28T18:00,26.8,95,4.6,6.0,33.5
W35,South-East Zone,14130,20.282460611928848,85.83855103317258,2026-08-28T19:00,26.5,97,8.5,0.0,32.6
W35,South-East Zone,14130,20.282460611928848,85.83855103317258,2026-08-28T20:00,26.2,97,8.8,0.0,32.1
W35,South-East Zone,14130,20.282460611928848,85.83855103317258,2026-08-28T21:00,26.1,97,8.7,0.0,31.9
W35,South-East Zone,14130,20.282460611928848,85.83855103317258,2026-08-28T22:00,26.0,97,9.5,0.0,31.7
W35,South-East Zone,14130,20.282460611928848,85.83855103317258,2026-08-28T23:00,26.1,97,8.7,0.0,31.9
W35,South-East Zone,14130,20.282460611928848,85.83855103317258,2026-08-29T00:00,26.2,97,8.8,0.0,32.0
W35,South-East Zone,14130,20.282460611928848,85.83855103317258,2026-08-29T01:00,26.2,96,8.3,0.0,32.1
W35,South-East Zone,14130,20.282460611928848,85.83855103317258,2026-08-29T02:00,26.3,96,8.7,0.0,32.1
W35,South-East Zone,14130,20.282460611928848,85.83855103317258,2026-08-29T03:00,25.2,98,11.7,0.0,30.1
W35,South-East Zone,14130,20.282460611928848,85.83855103317258,2026-08-29T04:00,25.5,98,9.7,0.0,30.8
W35,South-East Zone,14130,20.282460611928848,85.83855103317258,2026-08-29T05:00,25.7,97,10.1,0.0,31.1
W35,South-East Zone,14130,20.282460611928848,85.83855103317258,2026-08-29T06:00,26.2,98,8.6,28.0,32.1
W35,South-East Zone,14130,20.282460611928848,85.83855103317258,2026-08-29T07:00,26.9,97,6.8,106.0,33.6
W35,South-East Zone,14130,20.282460611928848,85.83855103317258,2026-08-29T08:00,28.2,92,7.8,250.0,34.9
W35,South-East Zone,14130,20.282460611928848,85.83855103317258,2026-08-29T09:00,29.4,83,9.4,428.0,35.6
W35,South-East Zone,14130,20.282460611928848,85.83855103317258,2026-08-29T10:00,29.8,82,9.3,419.0,36.0
W35,South-East Zone,14130,20.282460611928848,85.83855103317258,2026-08-29T11:00,29.7,80,10.1,309.0,35.5
W35,South-East Zone,14130,20.282460611928848,85.83855103317258,2026-08-29T12:00,29.9,78,11.3,323.0,35.4
W35,South-East Zone,14130,20.282460611928848,85.83855103317258,2026-08-29T13:00,30.2,76,11.7,333.0,35.5
W35,South-East Zone,14130,20.282460611928848,85.83855103317258,2026-08-29T14:00,30.2,77,9.6,258.0,36.0
W35,South-East Zone,14130,20.282460611928848,85.83855103317258,2026-08-29T15:00,30.3,77,9.5,240.0,36.1
W35,South-East Zone,14130,20.282460611928848,85.83855103317258,2026-08-29T16:00,29.2,85,9.0,113.0,35.6
W35,South-East Zone,14130,20.282460611928848,85.83855103317258,2026-08-29T17:00,27.1,95,7.2,53.0,33.6
W35,South-East Zone,14130,20.282460611928848,85.83855103317258,2026-08-29T18:00,26.8,97,10.2,1.0,32.9
W35,South-East Zone,14130,20.282460611928848,85.83855103317258,2026-08-29T19:00,26.7,97,8.2,0.0,33.0
W35,South-East Zone,14130,20.282460611928848,85.83855103317258,2026-08-29T20:00,26.4,97,8.8,0.0,32.4
W35,South-East Zone,14130,20.282460611928848,85.83855103317258,2026-08-29T21:00,26.3,97,7.8,0.0,32.4
W35,South-East Zone,14130,20.282460611928848,85.83855103317258,2026-08-29T22:00,26.1,97,8.3,0.0,32.0
W35,South-East Zone,14130,20.282460611928848,85.83855103317258,2026-08-29T23:00,24.9,99,12.5,0.0,29.7
W35,South-East Zone,14130,20.282460611928848,85.83855103317258,2026-08-30T00:00,25.1,99,8.3,0.0,30.6
W35,South-East Zone,14130,20.282460611928848,85.83855103317258,2026-08-30T01:00,25.4,99,9.6,0.0,30.7
W35,South-East Zone,14130,20.282460611928848,85.83855103317258,2026-08-30T02:00,25.6,98,9.7,0.0,31.1
W35,South-East Zone,14130,20.282460611928848,85.83855103317258,2026-08-30T03:00,25.8,97,9.8,0.0,31.3
W35,South-East Zone,14130,20.282460611928848,85.83855103317258,2026-08-30T04:00,25.8,97,8.1,0.0,31.5
W35,South-East Zone,14130,20.282460611928848,85.83855103317258,2026-08-30T05:00,25.7,99,9.0,0.0,31.3
W35,South-East Zone,14130,20.282460611928848,85.83855103317258,2026-08-30T06:00,25.8,98,7.9,18.0,31.7
W35,South-East Zone,14130,20.282460611928848,85.83855103317258,2026-08-30T07:00,26.3,95,8.3,63.0,32.1
W35,South-East Zone,14130,20.282460611928848,85.83855103317258,2026-08-30T08:00,26.2,95,9.7,116.0,31.8
W35,South-East Zone,14130,20.282460611928848,85.83855103317258,2026-08-30T09:00,26.1,93,7.8,155.0,31.5
W35,South-East Zone,14130,20.282460611928848,85.83855103317258,2026-08-30T10:00,26.9,93,7.2,197.0,33.0
W35,South-East Zone,14130,20.282460611928848,85.83855103317258,2026-08-30T11:00,26.8,93,8.5,156.0,32.6
W35,South-East Zone,14130,20.282460611928848,85.83855103317258,2026-08-30T12:00,28.0,89,7.9,345.0,34.1
W35,South-East Zone,14130,20.282460611928848,85.83855103317258,2026-08-30T13:00,29.0,83,10.7,334.0,34.7
W35,South-East Zone,14130,20.282460611928848,85.83855103317258,2026-08-30T14:00,29.6,79,12.1,389.0,34.8
W35,South-East Zone,14130,20.282460611928848,85.83855103317258,2026-08-30T15:00,29.9,76,13.0,333.0,34.9
W35,South-East Zone,14130,20.282460611928848,85.83855103317258,2026-08-30T16:00,29.6,78,12.7,221.0,34.6
W35,South-East Zone,14130,20.282460611928848,85.83855103317258,2026-08-30T17:00,29.0,81,9.0,110.0,34.7
W35,South-East Zone,14130,20.282460611928848,85.83855103317258,2026-08-30T18:00,28.1,85,8.2,10.0,33.9
W35,South-East Zone,14130,20.282460611928848,85.83855103317258,2026-08-30T19:00,27.9,86,8.3,0.0,33.7
W35,South-East Zone,14130,20.282460611928848,85.83855103317258,2026-08-30T20:00,27.1,88,6.2,0.0,32.9
W35,South-East Zone,14130,20.282460611928848,85.83855103317258,2026-08-30T21:00,26.7,93,5.5,0.0,33.0
W35,South-East Zone,14130,20.282460611928848,85.83855103317258,2026-08-30T22:00,26.4,95,5.1,0.0,32.7
W35,South-East Zone,14130,20.282460611928848,85.83855103317258,2026-08-30T23:00,26.2,96,8.0,0.0,32.0
W35,South-East Zone,14130,20.282460611928848,85.83855103317258,2026-08-31T00:00,26.0,95,11.5,0.0,31.0
W35,South-East Zone,14130,20.282460611928848,85.83855103317258,2026-08-31T01:00,25.7,94,11.3,0.0,30.5
W35,South-East Zone,14130,20.282460611928848,85.83855103317258,2026-08-31T02:00,25.4,94,10.8,0.0,30.1
W35,South-East Zone,14130,20.282460611928848,85.83855103317258,2026-08-31T03:00,25.4,94,10.2,0.0,30.1
W35,South-East Zone,14130,20.282460611928848,85.83855103317258,2026-08-31T04:00,25.5,92,10.1,0.0,30.2
W35,South-East Zone,14130,20.282460611928848,85.83855103317258,2026-08-31T05:00,25.5,92,9.0,0.0,30.3
W35,South-East Zone,14130,20.282460611928848,85.83855103317258,2026-08-31T06:00,25.7,92,8.5,19.0,30.7
W35,South-East Zone,14130,20.282460611928848,85.83855103317258,2026-08-31T07:00,26.5,88,9.2,100.0,31.5
W35,South-East Zone,14130,20.282460611928848,85.83855103317258,2026-08-31T08:00,27.1,86,9.3,159.0,32.3
W35,South-East Zone,14130,20.282460611928848,85.83855103317258,2026-08-31T09:00,27.5,85,12.4,239.0,32.2
W35,South-East Zone,14130,20.282460611928848,85.83855103317258,2026-08-31T10:00,28.0,82,16.6,418.0,31.9
W35,South-East Zone,14130,20.282460611928848,85.83855103317258,2026-08-31T11:00,28.3,79,15.4,306.0,32.3
W35,South-East Zone,14130,20.282460611928848,85.83855103317258,2026-08-31T12:00,29.0,76,16.6,446.0,32.8
W35,South-East Zone,14130,20.282460611928848,85.83855103317258,2026-08-31T13:00,29.7,72,17.3,469.0,33.3
W35,South-East Zone,14130,20.282460611928848,85.83855103317258,2026-08-31T14:00,30.1,70,17.4,456.0,33.7
W35,South-East Zone,14130,20.282460611928848,85.83855103317258,2026-08-31T15:00,29.9,71,16.8,437.0,33.6
W35,South-East Zone,14130,20.282460611928848,85.83855103317258,2026-08-31T16:00,29.3,74,15.7,304.0,33.2
W35,South-East Zone,14130,20.282460611928848,85.83855103317258,2026-08-31T17:00,28.8,76,14.8,138.0,32.8
W35,South-East Zone,14130,20.282460611928848,85.83855103317258,2026-08-31T18:00,28.4,78,13.7,9.0,32.5
W35,South-East Zone,14130,20.282460611928848,85.83855103317258,2026-08-31T19:00,28.0,79,12.4,0.0,32.2
W35,South-East Zone,14130,20.282460611928848,85.83855103317258,2026-08-31T20:00,27.6,80,11.4,0.0,31.9
W35,South-East Zone,14130,20.282460611928848,85.83855103317258,2026-08-31T21:00,27.2,82,10.1,0.0,31.7
W35,South-East Zone,14130,20.282460611928848,85.83855103317258,2026-08-31T22:00,26.9,84,9.1,0.0,31.6
W35,South-East Zone,14130,20.282460611928848,85.83855103317258,2026-08-31T23:00,26.6,85,9.0,0.0,31.3
W35,South-East Zone,14130,20.282460611928848,85.83855103317258,2026-09-01T00:00,26.6,84,9.8,0.0,31.0
W35,South-East Zone,14130,20.282460611928848,85.83855103317258,2026-09-01T01:00,26.6,83,11.2,0.0,30.7
W35,South-East Zone,14130,20.282460611928848,85.83855103317258,2026-09-01T02:00,26.6,82,11.7,0.0,30.6
W35,South-East Zone,14130,20.282460611928848,85.83855103317258,2026-09-01T03:00,26.5,83,10.9,0.0,30.6
W35,South-East Zone,14130,20.282460611928848,85.83855103317258,2026-09-01T04:00,26.2,85,10.0,0.0,30.6
W35,South-East Zone,14130,20.282460611928848,85.83855103317258,2026-09-01T05:00,26.3,86,9.9,0.0,30.7
W35,South-East Zone,14130,20.282460611928848,85.83855103317258,2026-09-01T06:00,26.8,84,10.5,24.0,31.2
W35,South-East Zone,14130,20.282460611928848,85.83855103317258,2026-09-01T07:00,27.5,81,11.0,104.0,31.9
W35,South-East Zone,14130,20.282460611928848,85.83855103317258,2026-09-01T08:00,28.1,78,11.5,181.0,32.5
W35,South-East Zone,14130,20.282460611928848,85.83855103317258,2026-09-01T09:00,28.4,77,11.6,238.0,32.8
W35,South-East Zone,14130,20.282460611928848,85.83855103317258,2026-09-01T10:00,28.6,76,12.7,292.0,32.9
W35,South-East Zone,14130,20.282460611928848,85.83855103317258,2026-09-01T11:00,28.8,76,14.0,334.0,32.9
W35,South-East Zone,14130,20.282460611928848,85.83855103317258,2026-09-01T12:00,29.2,74,14.8,340.0,33.2
W35,South-East Zone,14130,20.282460611928848,85.83855103317258,2026-09-01T13:00,29.6,72,15.2,360.0,33.4
W35,South-East Zone,14130,20.282460611928848,85.83855103317258,2026-09-01T14:00,29.8,71,14.8,363.0,33.7
W35,South-East Zone,14130,20.282460611928848,85.83855103317258,2026-09-01T15:00,29.5,74,13.2,394.0,34.0
W35,South-East Zone,14130,20.282460611928848,85.83855103317258,2026-09-01T16:00,29.0,80,10.9,270.0,34.2
W35,South-East Zone,14130,20.282460611928848,85.83855103317258,2026-09-01T17:00,28.4,84,9.3,115.0,34.1
W35,South-East Zone,14130,20.282460611928848,85.83855103317258,2026-09-01T18:00,27.8,86,8.1,6.0,33.6
W35,South-East Zone,14130,20.282460611928848,85.83855103317258,2026-09-01T19:00,27.2,88,7.2,0.0,32.8
W35,South-East Zone,14130,20.282460611928848,85.83855103317258,2026-09-01T20:00,26.7,89,7.0,0.0,32.1
W35,South-East Zone,14130,20.282460611928848,85.83855103317258,2026-09-01T21:00,26.5,90,7.8,0.0,31.9
W35,South-East Zone,14130,20.282460611928848,85.83855103317258,2026-09-01T22:00,26.5,91,9.3,0.0,31.7
W35,South-East Zone,14130,20.282460611928848,85.83855103317258,2026-09-01T23:00,26.5,91,10.2,0.0,31.6
W40,South-East Zone,13179,20.26443545039512,85.83159876954089,2026-08-28T00:00,26.9,95,9.0,0.0,32.9
W40,South-East Zone,13179,20.26443545039512,85.83159876954089,2026-08-28T01:00,26.9,95,10.7,0.0,32.7
W40,South-East Zone,13179,20.26443545039512,85.83159876954089,2026-08-28T02:00,26.9,93,12.0,0.0,32.3
W40,South-East Zone,13179,20.26443545039512,85.83159876954089,2026-08-28T03:00,26.5,92,12.4,0.0,31.5
W40,South-East Zone,13179,20.26443545039512,85.83159876954089,2026-08-28T04:00,26.3,91,11.4,0.0,31.1
W40,South-East Zone,13179,20.26443545039512,85.83159876954089,2026-08-28T05:00,26.3,90,11.1,0.0,31.0
W40,South-East Zone,13179,20.26443545039512,85.83159876954089,2026-08-28T06:00,26.9,88,11.1,42.0,31.7
W40,South-East Zone,13179,20.26443545039512,85.83159876954089,2026-08-28T07:00,28.3,82,13.0,212.0,33.1
W40,South-East Zone,13179,20.26443545039512,85.83159876954089,2026-08-28T08:00,29.5,77,16.0,416.0,33.9
W40,South-East Zone,13179,20.26443545039512,85.83159876954089,2026-08-28T09:00,30.5,74,15.7,616.0,35.5
W40,South-East Zone,13179,20.26443545039512,85.83159876954089,2026-08-28T10:00,31.3,73,13.5,708.0,37.5
W40,South-East Zone,13179,20.26443545039512,85.83159876954089,2026-08-28T11:00,31.6,71,11.5,738.0,38.1
W40,South-East Zone,13179,20.26443545039512,85.83159876954089,2026-08-28T12:00,28.8,85,13.5,469.0,34.3
W40,South-East Zone,13179,20.26443545039512,85.83159876954089,2026-08-28T13:00,29.2,83,7.0,451.0,35.7
W40,South-East Zone,13179,20.26443545039512,85.83159876954089,2026-08-28T14:00,30.0,84,5.3,346.0,37.3
W40,South-East Zone,13179,20.26443545039512,85.83159876954089,2026-08-28T15:00,29.4,88,4.6,297.0,36.9
W40,South-East Zone,13179,20.26443545039512,85.83159876954089,2026-08-28T16:00,26.9,92,8.7,171.0,32.6
W40,South-East Zone,13179,20.26443545039512,85.83159876954089,2026-08-28T17:00,26.7,94,0.4,61.0,33.8
W40,South-East Zone,13179,20.26443545039512,85.83159876954089,2026-08-28T18:00,26.8,95,4.6,6.0,33.5
W40,South-East Zone,13179,20.26443545039512,85.83159876954089,2026-08-28T19:00,26.5,97,8.5,0.0,32.6
W40,South-East Zone,13179,20.26443545039512,85.83159876954089,2026-08-28T20:00,26.2,97,8.8,0.0,32.1
W40,South-East Zone,13179,20.26443545039512,85.83159876954089,2026-08-28T21:00,26.1,97,8.7,0.0,31.9
W40,South-East Zone,13179,20.26443545039512,85.83159876954089,2026-08-28T22:00,26.0,97,9.5,0.0,31.7
W40,South-East Zone,13179,20.26443545039512,85.83159876954089,2026-08-28T23:00,26.1,97,8.7,0.0,31.9
W40,South-East Zone,13179,20.26443545039512,85.83159876954089,2026-08-29T00:00,26.2,97,8.8,0.0,32.0
W40,South-East Zone,13179,20.26443545039512,85.83159876954089,2026-08-29T01:00,26.2,96,8.3,0.0,32.1
W40,South-East Zone,13179,20.26443545039512,85.83159876954089,2026-08-29T02:00,26.3,96,8.7,0.0,32.1
W40,South-East Zone,13179,20.26443545039512,85.83159876954089,2026-08-29T03:00,25.2,98,11.7,0.0,30.1
W40,South-East Zone,13179,20.26443545039512,85.83159876954089,2026-08-29T04:00,25.5,98,9.7,0.0,30.8
W40,South-East Zone,13179,20.26443545039512,85.83159876954089,2026-08-29T05:00,25.7,97,10.1,0.0,31.1
W40,South-East Zone,13179,20.26443545039512,85.83159876954089,2026-08-29T06:00,26.2,98,8.6,28.0,32.1
W40,South-East Zone,13179,20.26443545039512,85.83159876954089,2026-08-29T07:00,26.9,97,6.8,106.0,33.6
W40,South-East Zone,13179,20.26443545039512,85.83159876954089,2026-08-29T08:00,28.2,92,7.8,250.0,34.9
W40,South-East Zone,13179,20.26443545039512,85.83159876954089,2026-08-29T09:00,29.4,83,9.4,428.0,35.6
W40,South-East Zone,13179,20.26443545039512,85.83159876954089,2026-08-29T10:00,29.8,82,9.3,419.0,36.0
W40,South-East Zone,13179,20.26443545039512,85.83159876954089,2026-08-29T11:00,29.7,80,10.1,309.0,35.5
W40,South-East Zone,13179,20.26443545039512,85.83159876954089,2026-08-29T12:00,29.9,78,11.3,323.0,35.4
W40,South-East Zone,13179,20.26443545039512,85.83159876954089,2026-08-29T13:00,30.2,76,11.7,333.0,35.5
W40,South-East Zone,13179,20.26443545039512,85.83159876954089,2026-08-29T14:00,30.2,77,9.6,258.0,36.0
W40,South-East Zone,13179,20.26443545039512,85.83159876954089,2026-08-29T15:00,30.3,77,9.5,240.0,36.1
W40,South-East Zone,13179,20.26443545039512,85.83159876954089,2026-08-29T16:00,29.2,85,9.0,113.0,35.6
W40,South-East Zone,13179,20.26443545039512,85.83159876954089,2026-08-29T17:00,27.1,95,7.2,53.0,33.6
W40,South-East Zone,13179,20.26443545039512,85.83159876954089,2026-08-29T18:00,26.8,97,10.2,1.0,32.9
W40,South-East Zone,13179,20.26443545039512,85.83159876954089,2026-08-29T19:00,26.7,97,8.2,0.0,33.0
W40,South-East Zone,13179,20.26443545039512,85.83159876954089,2026-08-29T20:00,26.4,97,8.8,0.0,32.4
W40,South-East Zone,13179,20.26443545039512,85.83159876954089,2026-08-29T21:00,26.3,97,7.8,0.0,32.4
W40,South-East Zone,13179,20.26443545039512,85.83159876954089,2026-08-29T22:00,26.1,97,8.3,0.0,32.0
W40,South-East Zone,13179,20.26443545039512,85.83159876954089,2026-08-29T23:00,24.9,99,12.5,0.0,29.7
W40,South-East Zone,13179,20.26443545039512,85.83159876954089,2026-08-30T00:00,25.1,99,8.3,0.0,30.6
W40,South-East Zone,13179,20.26443545039512,85.83159876954089,2026-08-30T01:00,25.4,99,9.6,0.0,30.7
W40,South-East Zone,13179,20.26443545039512,85.83159876954089,2026-08-30T02:00,25.6,98,9.7,0.0,31.1
W40,South-East Zone,13179,20.26443545039512,85.83159876954089,2026-08-30T03:00,25.8,97,9.8,0.0,31.3
W40,South-East Zone,13179,20.26443545039512,85.83159876954089,2026-08-30T04:00,25.8,97,8.1,0.0,31.5
W40,South-East Zone,13179,20.26443545039512,85.83159876954089,2026-08-30T05:00,25.7,99,9.0,0.0,31.3
W40,South-East Zone,13179,20.26443545039512,85.83159876954089,2026-08-30T06:00,25.8,98,7.9,18.0,31.7
W40,South-East Zone,13179,20.26443545039512,85.83159876954089,2026-08-30T07:00,26.3,95,8.3,63.0,32.1
W40,South-East Zone,13179,20.26443545039512,85.83159876954089,2026-08-30T08:00,26.2,95,9.7,116.0,31.8
W40,South-East Zone,13179,20.26443545039512,85.83159876954089,2026-08-30T09:00,26.1,93,7.8,155.0,31.5
W40,South-East Zone,13179,20.26443545039512,85.83159876954089,2026-08-30T10:00,26.9,93,7.2,197.0,33.0
W40,South-East Zone,13179,20.26443545039512,85.83159876954089,2026-08-30T11:00,26.8,93,8.5,156.0,32.6
W40,South-East Zone,13179,20.26443545039512,85.83159876954089,2026-08-30T12:00,28.0,89,7.9,345.0,34.1
W40,South-East Zone,13179,20.26443545039512,85.83159876954089,2026-08-30T13:00,29.0,83,10.7,334.0,34.7
W40,South-East Zone,13179,20.26443545039512,85.83159876954089,2026-08-30T14:00,29.6,79,12.1,389.0,34.8
W40,South-East Zone,13179,20.26443545039512,85.83159876954089,2026-08-30T15:00,29.9,76,13.0,333.0,34.9
W40,South-East Zone,13179,20.26443545039512,85.83159876954089,2026-08-30T16:00,29.6,78,12.7,221.0,34.6
W40,South-East Zone,13179,20.26443545039512,85.83159876954089,2026-08-30T17:00,29.0,81,9.0,110.0,34.7
W40,South-East Zone,13179,20.26443545039512,85.83159876954089,2026-08-30T18:00,28.1,85,8.2,10.0,33.9
W40,South-East Zone,13179,20.26443545039512,85.83159876954089,2026-08-30T19:00,27.9,86,8.3,0.0,33.7
W40,South-East Zone,13179,20.26443545039512,85.83159876954089,2026-08-30T20:00,27.1,88,6.2,0.0,32.9
W40,South-East Zone,13179,20.26443545039512,85.83159876954089,2026-08-30T21:00,26.7,93,5.5,0.0,33.0
W40,South-East Zone,13179,20.26443545039512,85.83159876954089,2026-08-30T22:00,26.4,95,5.1,0.0,32.7
W40,South-East Zone,13179,20.26443545039512,85.83159876954089,2026-08-30T23:00,26.2,96,8.0,0.0,32.0
W40,South-East Zone,13179,20.26443545039512,85.83159876954089,2026-08-31T00:00,26.0,95,11.5,0.0,31.0
W40,South-East Zone,13179,20.26443545039512,85.83159876954089,2026-08-31T01:00,25.7,94,11.3,0.0,30.5
W40,South-East Zone,13179,20.26443545039512,85.83159876954089,2026-08-31T02:00,25.4,94,10.8,0.0,30.1
W40,South-East Zone,13179,20.26443545039512,85.83159876954089,2026-08-31T03:00,25.4,94,10.2,0.0,30.1
W40,South-East Zone,13179,20.26443545039512,85.83159876954089,2026-08-31T04:00,25.5,92,10.1,0.0,30.2
W40,South-East Zone,13179,20.26443545039512,85.83159876954089,2026-08-31T05:00,25.5,92,9.0,0.0,30.3
W40,South-East Zone,13179,20.26443545039512,85.83159876954089,2026-08-31T06:00,25.7,92,8.5,19.0,30.7
W40,South-East Zone,13179,20.26443545039512,85.83159876954089,2026-08-31T07:00,26.5,88,9.2,100.0,31.5
W40,South-East Zone,13179,20.26443545039512,85.83159876954089,2026-08-31T08:00,27.1,86,9.3,159.0,32.3
W40,South-East Zone,13179,20.26443545039512,85.83159876954089,2026-08-31T09:00,27.5,85,12.4,239.0,32.2
W40,South-East Zone,13179,20.26443545039512,85.83159876954089,2026-08-31T10:00,28.0,82,16.6,418.0,31.9
W40,South-East Zone,13179,20.26443545039512,85.83159876954089,2026-08-31T11:00,28.3,79,15.4,306.0,32.3
W40,South-East Zone,13179,20.26443545039512,85.83159876954089,2026-08-31T12:00,29.0,76,16.6,446.0,32.8
W40,South-East Zone,13179,20.26443545039512,85.83159876954089,2026-08-31T13:00,29.7,72,17.3,469.0,33.3
W40,South-East Zone,13179,20.26443545039512,85.83159876954089,2026-08-31T14:00,30.1,70,17.4,456.0,33.7
W40,South-East Zone,13179,20.26443545039512,85.83159876954089,2026-08-31T15:00,29.9,71,16.8,437.0,33.6
W40,South-East Zone,13179,20.26443545039512,85.83159876954089,2026-08-31T16:00,29.3,74,15.7,304.0,33.2
W40,South-East Zone,13179,20.26443545039512,85.83159876954089,2026-08-31T17:00,28.8,76,14.8,138.0,32.8
W40,South-East Zone,13179,20.26443545039512,85.83159876954089,2026-08-31T18:00,28.4,78,13.7,9.0,32.5
W40,South-East Zone,13179,20.26443545039512,85.83159876954089,2026-08-31T19:00,28.0,79,12.4,0.0,32.2
W40,South-East Zone,13179,20.26443545039512,85.83159876954089,2026-08-31T20:00,27.6,80,11.4,0.0,31.9
W40,South-East Zone,13179,20.26443545039512,85.83159876954089,2026-08-31T21:00,27.2,82,10.1,0.0,31.7
W40,South-East Zone,13179,20.26443545039512,85.83159876954089,2026-08-31T22:00,26.9,84,9.1,0.0,31.6
W40,South-East Zone,13179,20.26443545039512,85.83159876954089,2026-08-31T23:00,26.6,85,9.0,0.0,31.3
W40,South-East Zone,13179,20.26443545039512,85.83159876954089,2026-09-01T00:00,26.6,84,9.8,0.0,31.0
W40,South-East Zone,13179,20.26443545039512,85.83159876954089,2026-09-01T01:00,26.6,83,11.2,0.0,30.7
W40,South-East Zone,13179,20.26443545039512,85.83159876954089,2026-09-01T02:00,26.6,82,11.7,0.0,30.6
W40,South-East Zone,13179,20.26443545039512,85.83159876954089,2026-09-01T03:00,26.5,83,10.9,0.0,30.6
W40,South-East Zone,13179,20.26443545039512,85.83159876954089,2026-09-01T04:00,26.2,85,10.0,0.0,30.6
W40,South-East Zone,13179,20.26443545039512,85.83159876954089,2026-09-01T05:00,26.3,86,9.9,0.0,30.7
W40,South-East Zone,13179,20.26443545039512,85.83159876954089,2026-09-01T06:00,26.8,84,10.5,24.0,31.2
W40,South-East Zone,13179,20.26443545039512,85.83159876954089,2026-09-01T07:00,27.5,81,11.0,104.0,31.9
W40,South-East Zone,13179,20.26443545039512,85.83159876954089,2026-09-01T08:00,28.1,78,11.5,181.0,32.5
W40,South-East Zone,13179,20.26443545039512,85.83159876954089,2026-09-01T09:00,28.4,77,11.6,238.0,32.8
W40,South-East Zone,13179,20.26443545039512,85.83159876954089,2026-09-01T10:00,28.6,76,12.7,292.0,32.9
W40,South-East Zone,13179,20.26443545039512,85.83159876954089,2026-09-01T11:00,28.8,76,14.0,334.0,32.9
W40,South-East Zone,13179,20.26443545039512,85.83159876954089,2026-09-01T12:00,29.2,74,14.8,340.0,33.2
W40,South-East Zone,13179,20.26443545039512,85.83159876954089,2026-09-01T13:00,29.6,72,15.2,360.0,33.4
W40,South-East Zone,13179,20.26443545039512,85.83159876954089,2026-09-01T14:00,29.8,71,14.8,363.0,33.7
W40,South-East Zone,13179,20.26443545039512,85.83159876954089,2026-09-01T15:00,29.5,74,13.2,394.0,34.0
W40,South-East Zone,13179,20.26443545039512,85.83159876954089,2026-09-01T16:00,29.0,80,10.9,270.0,34.2
W40,South-East Zone,13179,20.26443545039512,85.83159876954089,2026-09-01T17:00,28.4,84,9.3,115.0,34.1
W40,South-East Zone,13179,20.26443545039512,85.83159876954089,2026-09-01T18:00,27.8,86,8.1,6.0,33.6
W40,South-East Zone,13179,20.26443545039512,85.83159876954089,2026-09-01T19:00,27.2,88,7.2,0.0,32.8
W40,South-East Zone,13179,20.26443545039512,85.83159876954089,2026-09-01T20:00,26.7,89,7.0,0.0,32.1
W40,South-East Zone,13179,20.26443545039512,85.83159876954089,2026-09-01T21:00,26.5,90,7.8,0.0,31.9
W40,South-East Zone,13179,20.26443545039512,85.83159876954089,2026-09-01T22:00,26.5,91,9.3,0.0,31.7
W40,South-East Zone,13179,20.26443545039512,85.83159876954089,2026-09-01T23:00,26.5,91,10.2,0.0,31.6
W28,South-East Zone,12230,20.287723482880395,85.82929375030486,2026-08-28T00:00,26.9,95,9.0,0.0,32.9
W28,South-East Zone,12230,20.287723482880395,85.82929375030486,2026-08-28T01:00,26.9,95,10.7,0.0,32.7
W28,South-East Zone,12230,20.287723482880395,85.82929375030486,2026-08-28T02:00,26.9,93,12.0,0.0,32.3
W28,South-East Zone,12230,20.287723482880395,85.82929375030486,2026-08-28T03:00,26.5,92,12.4,0.0,31.5
W28,South-East Zone,12230,20.287723482880395,85.82929375030486,2026-08-28T04:00,26.3,91,11.4,0.0,31.1
W28,South-East Zone,12230,20.287723482880395,85.82929375030486,2026-08-28T05:00,26.3,90,11.1,0.0,31.0
W28,South-East Zone,12230,20.287723482880395,85.82929375030486,2026-08-28T06:00,26.9,88,11.1,42.0,31.7
W28,South-East Zone,12230,20.287723482880395,85.82929375030486,2026-08-28T07:00,28.3,82,13.0,212.0,33.1
W28,South-East Zone,12230,20.287723482880395,85.82929375030486,2026-08-28T08:00,29.5,77,16.0,416.0,33.9
W28,South-East Zone,12230,20.287723482880395,85.82929375030486,2026-08-28T09:00,30.5,74,15.7,616.0,35.5
W28,South-East Zone,12230,20.287723482880395,85.82929375030486,2026-08-28T10:00,31.3,73,13.5,708.0,37.5
W28,South-East Zone,12230,20.287723482880395,85.82929375030486,2026-08-28T11:00,31.6,71,11.5,738.0,38.1
W28,South-East Zone,12230,20.287723482880395,85.82929375030486,2026-08-28T12:00,28.8,85,13.5,469.0,34.3
W28,South-East Zone,12230,20.287723482880395,85.82929375030486,2026-08-28T13:00,29.2,83,7.0,451.0,35.7
W28,South-East Zone,12230,20.287723482880395,85.82929375030486,2026-08-28T14:00,30.0,84,5.3,346.0,37.3
W28,South-East Zone,12230,20.287723482880395,85.82929375030486,2026-08-28T15:00,29.4,88,4.6,297.0,36.9
W28,South-East Zone,12230,20.287723482880395,85.82929375030486,2026-08-28T16:00,26.9,92,8.7,171.0,32.6
W28,South-East Zone,12230,20.287723482880395,85.82929375030486,2026-08-28T17:00,26.7,94,0.4,61.0,33.8
W28,South-East Zone,12230,20.287723482880395,85.82929375030486,2026-08-28T18:00,26.8,95,4.6,6.0,33.5
W28,South-East Zone,12230,20.287723482880395,85.82929375030486,2026-08-28T19:00,26.5,97,8.5,0.0,32.6
W28,South-East Zone,12230,20.287723482880395,85.82929375030486,2026-08-28T20:00,26.2,97,8.8,0.0,32.1
W28,South-East Zone,12230,20.287723482880395,85.82929375030486,2026-08-28T21:00,26.1,97,8.7,0.0,31.9
W28,South-East Zone,12230,20.287723482880395,85.82929375030486,2026-08-28T22:00,26.0,97,9.5,0.0,31.7
W28,South-East Zone,12230,20.287723482880395,85.82929375030486,2026-08-28T23:00,26.1,97,8.7,0.0,31.9
W28,South-East Zone,12230,20.287723482880395,85.82929375030486,2026-08-29T00:00,26.2,97,8.8,0.0,32.0
W28,South-East Zone,12230,20.287723482880395,85.82929375030486,2026-08-29T01:00,26.2,96,8.3,0.0,32.1
W28,South-East Zone,12230,20.287723482880395,85.82929375030486,2026-08-29T02:00,26.3,96,8.7,0.0,32.1
W28,South-East Zone,12230,20.287723482880395,85.82929375030486,2026-08-29T03:00,25.2,98,11.7,0.0,30.1
W28,South-East Zone,12230,20.287723482880395,85.82929375030486,2026-08-29T04:00,25.5,98,9.7,0.0,30.8
W28,South-East Zone,12230,20.287723482880395,85.82929375030486,2026-08-29T05:00,25.7,97,10.1,0.0,31.1
W28,South-East Zone,12230,20.287723482880395,85.82929375030486,2026-08-29T06:00,26.2,98,8.6,28.0,32.1
W28,South-East Zone,12230,20.287723482880395,85.82929375030486,2026-08-29T07:00,26.9,97,6.8,106.0,33.6
W28,South-East Zone,12230,20.287723482880395,85.82929375030486,2026-08-29T08:00,28.2,92,7.8,250.0,34.9
W28,South-East Zone,12230,20.287723482880395,85.82929375030486,2026-08-29T09:00,29.4,83,9.4,428.0,35.6
W28,South-East Zone,12230,20.287723482880395,85.82929375030486,2026-08-29T10:00,29.8,82,9.3,419.0,36.0
W28,South-East Zone,12230,20.287723482880395,85.82929375030486,2026-08-29T11:00,29.7,80,10.1,309.0,35.5
W28,South-East Zone,12230,20.287723482880395,85.82929375030486,2026-08-29T12:00,29.9,78,11.3,323.0,35.4
W28,South-East Zone,12230,20.287723482880395,85.82929375030486,2026-08-29T13:00,30.2,76,11.7,333.0,35.5
W28,South-East Zone,12230,20.287723482880395,85.82929375030486,2026-08-29T14:00,30.2,77,9.6,258.0,36.0
W28,South-East Zone,12230,20.287723482880395,85.82929375030486,2026-08-29T15:00,30.3,77,9.5,240.0,36.1
W28,South-East Zone,12230,20.287723482880395,85.82929375030486,2026-08-29T16:00,29.2,85,9.0,113.0,35.6
W28,South-East Zone,12230,20.287723482880395,85.82929375030486,2026-08-29T17:00,27.1,95,7.2,53.0,33.6
W28,South-East Zone,12230,20.287723482880395,85.82929375030486,2026-08-29T18:00,26.8,97,10.2,1.0,32.9
W28,South-East Zone,12230,20.287723482880395,85.82929375030486,2026-08-29T19:00,26.7,97,8.2,0.0,33.0
W28,South-East Zone,12230,20.287723482880395,85.82929375030486,2026-08-29T20:00,26.4,97,8.8,0.0,32.4
W28,South-East Zone,12230,20.287723482880395,85.82929375030486,2026-08-29T21:00,26.3,97,7.8,0.0,32.4
W28,South-East Zone,12230,20.287723482880395,85.82929375030486,2026-08-29T22:00,26.1,97,8.3,0.0,32.0
W28,South-East Zone,12230,20.287723482880395,85.82929375030486,2026-08-29T23:00,24.9,99,12.5,0.0,29.7
W28,South-East Zone,12230,20.287723482880395,85.82929375030486,2026-08-30T00:00,25.1,99,8.3,0.0,30.6
W28,South-East Zone,12230,20.287723482880395,85.82929375030486,2026-08-30T01:00,25.4,99,9.6,0.0,30.7
W28,South-East Zone,12230,20.287723482880395,85.82929375030486,2026-08-30T02:00,25.6,98,9.7,0.0,31.1
W28,South-East Zone,12230,20.287723482880395,85.82929375030486,2026-08-30T03:00,25.8,97,9.8,0.0,31.3
W28,South-East Zone,12230,20.287723482880395,85.82929375030486,2026-08-30T04:00,25.8,97,8.1,0.0,31.5
W28,South-East Zone,12230,20.287723482880395,85.82929375030486,2026-08-30T05:00,25.7,99,9.0,0.0,31.3
W28,South-East Zone,12230,20.287723482880395,85.82929375030486,2026-08-30T06:00,25.8,98,7.9,18.0,31.7
W28,South-East Zone,12230,20.287723482880395,85.82929375030486,2026-08-30T07:00,26.3,95,8.3,63.0,32.1
W28,South-East Zone,12230,20.287723482880395,85.82929375030486,2026-08-30T08:00,26.2,95,9.7,116.0,31.8
W28,South-East Zone,12230,20.287723482880395,85.82929375030486,2026-08-30T09:00,26.1,93,7.8,155.0,31.5
W28,South-East Zone,12230,20.287723482880395,85.82929375030486,2026-08-30T10:00,26.9,93,7.2,197.0,33.0
W28,South-East Zone,12230,20.287723482880395,85.82929375030486,2026-08-30T11:00,26.8,93,8.5,156.0,32.6
W28,South-East Zone,12230,20.287723482880395,85.82929375030486,2026-08-30T12:00,28.0,89,7.9,345.0,34.1
W28,South-East Zone,12230,20.287723482880395,85.82929375030486,2026-08-30T13:00,29.0,83,10.7,334.0,34.7
W28,South-East Zone,12230,20.287723482880395,85.82929375030486,2026-08-30T14:00,29.6,79,12.1,389.0,34.8
W28,South-East Zone,12230,20.287723482880395,85.82929375030486,2026-08-30T15:00,29.9,76,13.0,333.0,34.9
W28,South-East Zone,12230,20.287723482880395,85.82929375030486,2026-08-30T16:00,29.6,78,12.7,221.0,34.6
W28,South-East Zone,12230,20.287723482880395,85.82929375030486,2026-08-30T17:00,29.0,81,9.0,110.0,34.7
W28,South-East Zone,12230,20.287723482880395,85.82929375030486,2026-08-30T18:00,28.1,85,8.2,10.0,33.9
W28,South-East Zone,12230,20.287723482880395,85.82929375030486,2026-08-30T19:00,27.9,86,8.3,0.0,33.7
W28,South-East Zone,12230,20.287723482880395,85.82929375030486,2026-08-30T20:00,27.1,88,6.2,0.0,32.9
W28,South-East Zone,12230,20.287723482880395,85.82929375030486,2026-08-30T21:00,26.7,93,5.5,0.0,33.0
W28,South-East Zone,12230,20.287723482880395,85.82929375030486,2026-08-30T22:00,26.4,95,5.1,0.0,32.7
W28,South-East Zone,12230,20.287723482880395,85.82929375030486,2026-08-30T23:00,26.2,96,8.0,0.0,32.0
W28,South-East Zone,12230,20.287723482880395,85.82929375030486,2026-08-31T00:00,26.0,95,11.5,0.0,31.0
W28,South-East Zone,12230,20.287723482880395,85.82929375030486,2026-08-31T01:00,25.7,94,11.3,0.0,30.5
W28,South-East Zone,12230,20.287723482880395,85.82929375030486,2026-08-31T02:00,25.4,94,10.8,0.0,30.1
W28,South-East Zone,12230,20.287723482880395,85.82929375030486,2026-08-31T03:00,25.4,94,10.2,0.0,30.1
W28,South-East Zone,12230,20.287723482880395,85.82929375030486,2026-08-31T04:00,25.5,92,10.1,0.0,30.2
W28,South-East Zone,12230,20.287723482880395,85.82929375030486,2026-08-31T05:00,25.5,92,9.0,0.0,30.3
W28,South-East Zone,12230,20.287723482880395,85.82929375030486,2026-08-31T06:00,25.7,92,8.5,19.0,30.7
W28,South-East Zone,12230,20.287723482880395,85.82929375030486,2026-08-31T07:00,26.5,88,9.2,100.0,31.5
W28,South-East Zone,12230,20.287723482880395,85.82929375030486,2026-08-31T08:00,27.1,86,9.3,159.0,32.3
W28,South-East Zone,12230,20.287723482880395,85.82929375030486,2026-08-31T09:00,27.5,85,12.4,239.0,32.2
W28,South-East Zone,12230,20.287723482880395,85.82929375030486,2026-08-31T10:00,28.0,82,16.6,418.0,31.9
W28,South-East Zone,12230,20.287723482880395,85.82929375030486,2026-08-31T11:00,28.3,79,15.4,306.0,32.3
W28,South-East Zone,12230,20.287723482880395,85.82929375030486,2026-08-31T12:00,29.0,76,16.6,446.0,32.8
W28,South-East Zone,12230,20.287723482880395,85.82929375030486,2026-08-31T13:00,29.7,72,17.3,469.0,33.3
W28,South-East Zone,12230,20.287723482880395,85.82929375030486,2026-08-31T14:00,30.1,70,17.4,456.0,33.7
W28,South-East Zone,12230,20.287723482880395,85.82929375030486,2026-08-31T15:00,29.9,71,16.8,437.0,33.6
W28,South-East Zone,12230,20.287723482880395,85.82929375030486,2026-08-31T16:00,29.3,74,15.7,304.0,33.2
W28,South-East Zone,12230,20.287723482880395,85.82929375030486,2026-08-31T17:00,28.8,76,14.8,138.0,32.8
W28,South-East Zone,12230,20.287723482880395,85.82929375030486,2026-08-31T18:00,28.4,78,13.7,9.0,32.5
W28,South-East Zone,12230,20.287723482880395,85.82929375030486,2026-08-31T19:00,28.0,79,12.4,0.0,32.2
W28,South-East Zone,12230,20.287723482880395,85.82929375030486,2026-08-31T20:00,27.6,80,11.4,0.0,31.9
W28,South-East Zone,12230,20.287723482880395,85.82929375030486,2026-08-31T21:00,27.2,82,10.1,0.0,31.7
W28,South-East Zone,12230,20.287723482880395,85.82929375030486,2026-08-31T22:00,26.9,84,9.1,0.0,31.6
W28,South-East Zone,12230,20.287723482880395,85.82929375030486,2026-08-31T23:00,26.6,85,9.0,0.0,31.3
W28,South-East Zone,12230,20.287723482880395,85.82929375030486,2026-09-01T00:00,26.6,84,9.8,0.0,31.0
W28,South-East Zone,12230,20.287723482880395,85.82929375030486,2026-09-01T01:00,26.6,83,11.2,0.0,30.7
W28,South-East Zone,12230,20.287723482880395,85.82929375030486,2026-09-01T02:00,26.6,82,11.7,0.0,30.6
W28,South-East Zone,12230,20.287723482880395,85.82929375030486,2026-09-01T03:00,26.5,83,10.9,0.0,30.6
W28,South-East Zone,12230,20.287723482880395,85.82929375030486,2026-09-01T04:00,26.2,85,10.0,0.0,30.6
W28,South-East Zone,12230,20.287723482880395,85.82929375030486,2026-09-01T05:00,26.3,86,9.9,0.0,30.7
W28,South-East Zone,12230,20.287723482880395,85.82929375030486,2026-09-01T06:00,26.8,84,10.5,24.0,31.2
W28,South-East Zone,12230,20.287723482880395,85.82929375030486,2026-09-01T07:00,27.5,81,11.0,104.0,31.9
W28,South-East Zone,12230,20.287723482880395,85.82929375030486,2026-09-01T08:00,28.1,78,11.5,181.0,32.5
W28,South-East Zone,12230,20.287723482880395,85.82929375030486,2026-09-01T09:00,28.4,77,11.6,238.0,32.8
W28,South-East Zone,12230,20.287723482880395,85.82929375030486,2026-09-01T10:00,28.6,76,12.7,292.0,32.9
W28,South-East Zone,12230,20.287723482880395,85.82929375030486,2026-09-01T11:00,28.8,76,14.0,334.0,32.9
W28,South-East Zone,12230,20.287723482880395,85.82929375030486,2026-09-01T12:00,29.2,74,14.8,340.0,33.2
W28,South-East Zone,12230,20.287723482880395,85.82929375030486,2026-09-01T13:00,29.6,72,15.2,360.0,33.4
W28,South-East Zone,12230,20.287723482880395,85.82929375030486,2026-09-01T14:00,29.8,71,14.8,363.0,33.7
W28,South-East Zone,12230,20.287723482880395,85.82929375030486,2026-09-01T15:00,29.5,74,13.2,394.0,34.0
W28,South-East Zone,12230,20.287723482880395,85.82929375030486,2026-09-01T16:00,29.0,80,10.9,270.0,34.2
W28,South-East Zone,12230,20.287723482880395,85.82929375030486,2026-09-01T17:00,28.4,84,9.3,115.0,34.1
W28,South-East Zone,12230,20.287723482880395,85.82929375030486,2026-09-01T18:00,27.8,86,8.1,6.0,33.6
W28,South-East Zone,12230,20.287723482880395,85.82929375030486,2026-09-01T19:00,27.2,88,7.2,0.0,32.8
W28,South-East Zone,12230,20.287723482880395,85.82929375030486,2026-09-01T20:00,26.7,89,7.0,0.0,32.1
W28,South-East Zone,12230,20.287723482880395,85.82929375030486,2026-09-01T21:00,26.5,90,7.8,0.0,31.9
W28,South-East Zone,12230,20.287723482880395,85.82929375030486,2026-09-01T22:00,26.5,91,9.3,0.0,31.7
W28,South-East Zone,12230,20.287723482880395,85.82929375030486,2026-09-01T23:00,26.5,91,10.2,0.0,31.6
W36,South-East Zone,11509,20.277539787194872,85.82846465701881,2026-08-28T00:00,26.9,95,9.0,0.0,32.9
W36,South-East Zone,11509,20.277539787194872,85.82846465701881,2026-08-28T01:00,26.9,95,10.7,0.0,32.7
W36,South-East Zone,11509,20.277539787194872,85.82846465701881,2026-08-28T02:00,26.9,93,12.0,0.0,32.3
W36,South-East Zone,11509,20.277539787194872,85.82846465701881,2026-08-28T03:00,26.5,92,12.4,0.0,31.5
W36,South-East Zone,11509,20.277539787194872,85.82846465701881,2026-08-28T04:00,26.3,91,11.4,0.0,31.1
W36,South-East Zone,11509,20.277539787194872,85.82846465701881,2026-08-28T05:00,26.3,90,11.1,0.0,31.0
W36,South-East Zone,11509,20.277539787194872,85.82846465701881,2026-08-28T06:00,26.9,88,11.1,42.0,31.7
W36,South-East Zone,11509,20.277539787194872,85.82846465701881,2026-08-28T07:00,28.3,82,13.0,212.0,33.1
W36,South-East Zone,11509,20.277539787194872,85.82846465701881,2026-08-28T08:00,29.5,77,16.0,416.0,33.9
W36,South-East Zone,11509,20.277539787194872,85.82846465701881,2026-08-28T09:00,30.5,74,15.7,616.0,35.5
W36,South-East Zone,11509,20.277539787194872,85.82846465701881,2026-08-28T10:00,31.3,73,13.5,708.0,37.5
W36,South-East Zone,11509,20.277539787194872,85.82846465701881,2026-08-28T11:00,31.6,71,11.5,738.0,38.1
W36,South-East Zone,11509,20.277539787194872,85.82846465701881,2026-08-28T12:00,28.8,85,13.5,469.0,34.3
W36,South-East Zone,11509,20.277539787194872,85.82846465701881,2026-08-28T13:00,29.2,83,7.0,451.0,35.7
W36,South-East Zone,11509,20.277539787194872,85.82846465701881,2026-08-28T14:00,30.0,84,5.3,346.0,37.3
W36,South-East Zone,11509,20.277539787194872,85.82846465701881,2026-08-28T15:00,29.4,88,4.6,297.0,36.9
W36,South-East Zone,11509,20.277539787194872,85.82846465701881,2026-08-28T16:00,26.9,92,8.7,171.0,32.6
W36,South-East Zone,11509,20.277539787194872,85.82846465701881,2026-08-28T17:00,26.7,94,0.4,61.0,33.8
W36,South-East Zone,11509,20.277539787194872,85.82846465701881,2026-08-28T18:00,26.8,95,4.6,6.0,33.5
W36,South-East Zone,11509,20.277539787194872,85.82846465701881,2026-08-28T19:00,26.5,97,8.5,0.0,32.6
W36,South-East Zone,11509,20.277539787194872,85.82846465701881,2026-08-28T20:00,26.2,97,8.8,0.0,32.1
W36,South-East Zone,11509,20.277539787194872,85.82846465701881,2026-08-28T21:00,26.1,97,8.7,0.0,31.9
W36,South-East Zone,11509,20.277539787194872,85.82846465701881,2026-08-28T22:00,26.0,97,9.5,0.0,31.7
W36,South-East Zone,11509,20.277539787194872,85.82846465701881,2026-08-28T23:00,26.1,97,8.7,0.0,31.9
W36,South-East Zone,11509,20.277539787194872,85.82846465701881,2026-08-29T00:00,26.2,97,8.8,0.0,32.0
W36,South-East Zone,11509,20.277539787194872,85.82846465701881,2026-08-29T01:00,26.2,96,8.3,0.0,32.1
W36,South-East Zone,11509,20.277539787194872,85.82846465701881,2026-08-29T02:00,26.3,96,8.7,0.0,32.1
W36,South-East Zone,11509,20.277539787194872,85.82846465701881,2026-08-29T03:00,25.2,98,11.7,0.0,30.1
W36,South-East Zone,11509,20.277539787194872,85.82846465701881,2026-08-29T04:00,25.5,98,9.7,0.0,30.8
W36,South-East Zone,11509,20.277539787194872,85.82846465701881,2026-08-29T05:00,25.7,97,10.1,0.0,31.1
W36,South-East Zone,11509,20.277539787194872,85.82846465701881,2026-08-29T06:00,26.2,98,8.6,28.0,32.1
W36,South-East Zone,11509,20.277539787194872,85.82846465701881,2026-08-29T07:00,26.9,97,6.8,106.0,33.6
W36,South-East Zone,11509,20.277539787194872,85.82846465701881,2026-08-29T08:00,28.2,92,7.8,250.0,34.9
W36,South-East Zone,11509,20.277539787194872,85.82846465701881,2026-08-29T09:00,29.4,83,9.4,428.0,35.6
W36,South-East Zone,11509,20.277539787194872,85.82846465701881,2026-08-29T10:00,29.8,82,9.3,419.0,36.0
W36,South-East Zone,11509,20.277539787194872,85.82846465701881,2026-08-29T11:00,29.7,80,10.1,309.0,35.5
W36,South-East Zone,11509,20.277539787194872,85.82846465701881,2026-08-29T12:00,29.9,78,11.3,323.0,35.4
W36,South-East Zone,11509,20.277539787194872,85.82846465701881,2026-08-29T13:00,30.2,76,11.7,333.0,35.5
W36,South-East Zone,11509,20.277539787194872,85.82846465701881,2026-08-29T14:00,30.2,77,9.6,258.0,36.0
W36,South-East Zone,11509,20.277539787194872,85.82846465701881,2026-08-29T15:00,30.3,77,9.5,240.0,36.1
W36,South-East Zone,11509,20.277539787194872,85.82846465701881,2026-08-29T16:00,29.2,85,9.0,113.0,35.6
W36,South-East Zone,11509,20.277539787194872,85.82846465701881,2026-08-29T17:00,27.1,95,7.2,53.0,33.6
W36,South-East Zone,11509,20.277539787194872,85.82846465701881,2026-08-29T18:00,26.8,97,10.2,1.0,32.9
W36,South-East Zone,11509,20.277539787194872,85.82846465701881,2026-08-29T19:00,26.7,97,8.2,0.0,33.0
W36,South-East Zone,11509,20.277539787194872,85.82846465701881,2026-08-29T20:00,26.4,97,8.8,0.0,32.4
W36,South-East Zone,11509,20.277539787194872,85.82846465701881,2026-08-29T21:00,26.3,97,7.8,0.0,32.4
W36,South-East Zone,11509,20.277539787194872,85.82846465701881,2026-08-29T22:00,26.1,97,8.3,0.0,32.0
W36,South-East Zone,11509,20.277539787194872,85.82846465701881,2026-08-29T23:00,24.9,99,12.5,0.0,29.7
W36,South-East Zone,11509,20.277539787194872,85.82846465701881,2026-08-30T00:00,25.1,99,8.3,0.0,30.6
W36,South-East Zone,11509,20.277539787194872,85.82846465701881,2026-08-30T01:00,25.4,99,9.6,0.0,30.7
W36,South-East Zone,11509,20.277539787194872,85.82846465701881,2026-08-30T02:00,25.6,98,9.7,0.0,31.1
W36,South-East Zone,11509,20.277539787194872,85.82846465701881,2026-08-30T03:00,25.8,97,9.8,0.0,31.3
W36,South-East Zone,11509,20.277539787194872,85.82846465701881,2026-08-30T04:00,25.8,97,8.1,0.0,31.5
W36,South-East Zone,11509,20.277539787194872,85.82846465701881,2026-08-30T05:00,25.7,99,9.0,0.0,31.3
W36,South-East Zone,11509,20.277539787194872,85.82846465701881,2026-08-30T06:00,25.8,98,7.9,18.0,31.7
W36,South-East Zone,11509,20.277539787194872,85.82846465701881,2026-08-30T07:00,26.3,95,8.3,63.0,32.1
W36,South-East Zone,11509,20.277539787194872,85.82846465701881,2026-08-30T08:00,26.2,95,9.7,116.0,31.8
W36,South-East Zone,11509,20.277539787194872,85.82846465701881,2026-08-30T09:00,26.1,93,7.8,155.0,31.5
W36,South-East Zone,11509,20.277539787194872,85.82846465701881,2026-08-30T10:00,26.9,93,7.2,197.0,33.0
W36,South-East Zone,11509,20.277539787194872,85.82846465701881,2026-08-30T11:00,26.8,93,8.5,156.0,32.6
W36,South-East Zone,11509,20.277539787194872,85.82846465701881,2026-08-30T12:00,28.0,89,7.9,345.0,34.1
W36,South-East Zone,11509,20.277539787194872,85.82846465701881,2026-08-30T13:00,29.0,83,10.7,334.0,34.7
W36,South-East Zone,11509,20.277539787194872,85.82846465701881,2026-08-30T14:00,29.6,79,12.1,389.0,34.8
W36,South-East Zone,11509,20.277539787194872,85.82846465701881,2026-08-30T15:00,29.9,76,13.0,333.0,34.9
W36,South-East Zone,11509,20.277539787194872,85.82846465701881,2026-08-30T16:00,29.6,78,12.7,221.0,34.6
W36,South-East Zone,11509,20.277539787194872,85.82846465701881,2026-08-30T17:00,29.0,81,9.0,110.0,34.7
W36,South-East Zone,11509,20.277539787194872,85.82846465701881,2026-08-30T18:00,28.1,85,8.2,10.0,33.9
W36,South-East Zone,11509,20.277539787194872,85.82846465701881,2026-08-30T19:00,27.9,86,8.3,0.0,33.7
W36,South-East Zone,11509,20.277539787194872,85.82846465701881,2026-08-30T20:00,27.1,88,6.2,0.0,32.9
W36,South-East Zone,11509,20.277539787194872,85.82846465701881,2026-08-30T21:00,26.7,93,5.5,0.0,33.0
W36,South-East Zone,11509,20.277539787194872,85.82846465701881,2026-08-30T22:00,26.4,95,5.1,0.0,32.7
W36,South-East Zone,11509,20.277539787194872,85.82846465701881,2026-08-30T23:00,26.2,96,8.0,0.0,32.0
W36,South-East Zone,11509,20.277539787194872,85.82846465701881,2026-08-31T00:00,26.0,95,11.5,0.0,31.0
W36,South-East Zone,11509,20.277539787194872,85.82846465701881,2026-08-31T01:00,25.7,94,11.3,0.0,30.5
W36,South-East Zone,11509,20.277539787194872,85.82846465701881,2026-08-31T02:00,25.4,94,10.8,0.0,30.1
W36,South-East Zone,11509,20.277539787194872,85.82846465701881,2026-08-31T03:00,25.4,94,10.2,0.0,30.1
W36,South-East Zone,11509,20.277539787194872,85.82846465701881,2026-08-31T04:00,25.5,92,10.1,0.0,30.2
W36,South-East Zone,11509,20.277539787194872,85.82846465701881,2026-08-31T05:00,25.5,92,9.0,0.0,30.3
W36,South-East Zone,11509,20.277539787194872,85.82846465701881,2026-08-31T06:00,25.7,92,8.5,19.0,30.7
W36,South-East Zone,11509,20.277539787194872,85.82846465701881,2026-08-31T07:00,26.5,88,9.2,100.0,31.5
W36,South-East Zone,11509,20.277539787194872,85.82846465701881,2026-08-31T08:00,27.1,86,9.3,159.0,32.3
W36,South-East Zone,11509,20.277539787194872,85.82846465701881,2026-08-31T09:00,27.5,85,12.4,239.0,32.2
W36,South-East Zone,11509,20.277539787194872,85.82846465701881,2026-08-31T10:00,28.0,82,16.6,418.0,31.9
W36,South-East Zone,11509,20.277539787194872,85.82846465701881,2026-08-31T11:00,28.3,79,15.4,306.0,32.3
W36,South-East Zone,11509,20.277539787194872,85.82846465701881,2026-08-31T12:00,29.0,76,16.6,446.0,32.8
W36,South-East Zone,11509,20.277539787194872,85.82846465701881,2026-08-31T13:00,29.7,72,17.3,469.0,33.3
W36,South-East Zone,11509,20.277539787194872,85.82846465701881,2026-08-31T14:00,30.1,70,17.4,456.0,33.7
W36,South-East Zone,11509,20.277539787194872,85.82846465701881,2026-08-31T15:00,29.9,71,16.8,437.0,33.6
W36,South-East Zone,11509,20.277539787194872,85.82846465701881,2026-08-31T16:00,29.3,74,15.7,304.0,33.2
W36,South-East Zone,11509,20.277539787194872,85.82846465701881,2026-08-31T17:00,28.8,76,14.8,138.0,32.8
W36,South-East Zone,11509,20.277539787194872,85.82846465701881,2026-08-31T18:00,28.4,78,13.7,9.0,32.5
W36,South-East Zone,11509,20.277539787194872,85.82846465701881,2026-08-31T19:00,28.0,79,12.4,0.0,32.2
W36,South-East Zone,11509,20.277539787194872,85.82846465701881,2026-08-31T20:00,27.6,80,11.4,0.0,31.9
W36,South-East Zone,11509,20.277539787194872,85.82846465701881,2026-08-31T21:00,27.2,82,10.1,0.0,31.7
W36,South-East Zone,11509,20.277539787194872,85.82846465701881,2026-08-31T22:00,26.9,84,9.1,0.0,31.6
W36,South-East Zone,11509,20.277539787194872,85.82846465701881,2026-08-31T23:00,26.6,85,9.0,0.0,31.3
W36,South-East Zone,11509,20.277539787194872,85.82846465701881,2026-09-01T00:00,26.6,84,9.8,0.0,31.0
W36,South-East Zone,11509,20.277539787194872,85.82846465701881,2026-09-01T01:00,26.6,83,11.2,0.0,30.7
W36,South-East Zone,11509,20.277539787194872,85.82846465701881,2026-09-01T02:00,26.6,82,11.7,0.0,30.6
W36,South-East Zone,11509,20.277539787194872,85.82846465701881,2026-09-01T03:00,26.5,83,10.9,0.0,30.6
W36,South-East Zone,11509,20.277539787194872,85.82846465701881,2026-09-01T04:00,26.2,85,10.0,0.0,30.6
W36,South-East Zone,11509,20.277539787194872,85.82846465701881,2026-09-01T05:00,26.3,86,9.9,0.0,30.7
W36,South-East Zone,11509,20.277539787194872,85.82846465701881,2026-09-01T06:00,26.8,84,10.5,24.0,31.2
W36,South-East Zone,11509,20.277539787194872,85.82846465701881,2026-09-01T07:00,27.5,81,11.0,104.0,31.9
W36,South-East Zone,11509,20.277539787194872,85.82846465701881,2026-09-01T08:00,28.1,78,11.5,181.0,32.5
W36,South-East Zone,11509,20.277539787194872,85.82846465701881,2026-09-01T09:00,28.4,77,11.6,238.0,32.8
W36,South-East Zone,11509,20.277539787194872,85.82846465701881,2026-09-01T10:00,28.6,76,12.7,292.0,32.9
W36,South-East Zone,11509,20.277539787194872,85.82846465701881,2026-09-01T11:00,28.8,76,14.0,334.0,32.9
W36,South-East Zone,11509,20.277539787194872,85.82846465701881,2026-09-01T12:00,29.2,74,14.8,340.0,33.2
W36,South-East Zone,11509,20.277539787194872,85.82846465701881,2026-09-01T13:00,29.6,72,15.2,360.0,33.4
W36,South-East Zone,11509,20.277539787194872,85.82846465701881,2026-09-01T14:00,29.8,71,14.8,363.0,33.7
W36,South-East Zone,11509,20.277539787194872,85.82846465701881,2026-09-01T15:00,29.5,74,13.2,394.0,34.0
W36,South-East Zone,11509,20.277539787194872,85.82846465701881,2026-09-01T16:00,29.0,80,10.9,270.0,34.2
W36,South-East Zone,11509,20.277539787194872,85.82846465701881,2026-09-01T17:00,28.4,84,9.3,115.0,34.1
W36,South-East Zone,11509,20.277539787194872,85.82846465701881,2026-09-01T18:00,27.8,86,8.1,6.0,33.6
W36,South-East Zone,11509,20.277539787194872,85.82846465701881,2026-09-01T19:00,27.2,88,7.2,0.0,32.8
W36,South-East Zone,11509,20.277539787194872,85.82846465701881,2026-09-01T20:00,26.7,89,7.0,0.0,32.1
W36,South-East Zone,11509,20.277539787194872,85.82846465701881,2026-09-01T21:00,26.5,90,7.8,0.0,31.9
W36,South-East Zone,11509,20.277539787194872,85.82846465701881,2026-09-01T22:00,26.5,91,9.3,0.0,31.7
W36,South-East Zone,11509,20.277539787194872,85.82846465701881,2026-09-01T23:00,26.5,91,10.2,0.0,31.6
W46,South-West Zone,11804,20.2643255758111,85.82189750831988,2026-08-28T00:00,26.9,95,9.0,0.0,32.9
W46,South-West Zone,11804,20.2643255758111,85.82189750831988,2026-08-28T01:00,26.9,95,10.7,0.0,32.7
W46,South-West Zone,11804,20.2643255758111,85.82189750831988,2026-08-28T02:00,26.9,93,12.0,0.0,32.3
W46,South-West Zone,11804,20.2643255758111,85.82189750831988,2026-08-28T03:00,26.5,92,12.4,0.0,31.5
W46,South-West Zone,11804,20.2643255758111,85.82189750831988,2026-08-28T04:00,26.3,91,11.4,0.0,31.1
W46,South-West Zone,11804,20.2643255758111,85.82189750831988,2026-08-28T05:00,26.3,90,11.1,0.0,31.0
W46,South-West Zone,11804,20.2643255758111,85.82189750831988,2026-08-28T06:00,26.9,88,11.1,42.0,31.7
W46,South-West Zone,11804,20.2643255758111,85.82189750831988,2026-08-28T07:00,28.3,82,13.0,212.0,33.1
W46,South-West Zone,11804,20.2643255758111,85.82189750831988,2026-08-28T08:00,29.5,77,16.0,416.0,33.9
W46,South-West Zone,11804,20.2643255758111,85.82189750831988,2026-08-28T09:00,30.5,74,15.7,616.0,35.5
W46,South-West Zone,11804,20.2643255758111,85.82189750831988,2026-08-28T10:00,31.3,73,13.5,708.0,37.5
W46,South-West Zone,11804,20.2643255758111,85.82189750831988,2026-08-28T11:00,31.6,71,11.5,738.0,38.1
W46,South-West Zone,11804,20.2643255758111,85.82189750831988,2026-08-28T12:00,28.8,85,13.5,469.0,34.3
W46,South-West Zone,11804,20.2643255758111,85.82189750831988,2026-08-28T13:00,29.2,83,7.0,451.0,35.7
W46,South-West Zone,11804,20.2643255758111,85.82189750831988,2026-08-28T14:00,30.0,84,5.3,346.0,37.3
W46,South-West Zone,11804,20.2643255758111,85.82189750831988,2026-08-28T15:00,29.4,88,4.6,297.0,36.9
W46,South-West Zone,11804,20.2643255758111,85.82189750831988,2026-08-28T16:00,26.9,92,8.7,171.0,32.6
W46,South-West Zone,11804,20.2643255758111,85.82189750831988,2026-08-28T17:00,26.7,94,0.4,61.0,33.8
W46,South-West Zone,11804,20.2643255758111,85.82189750831988,2026-08-28T18:00,26.8,95,4.6,6.0,33.5
W46,South-West Zone,11804,20.2643255758111,85.82189750831988,2026-08-28T19:00,26.5,97,8.5,0.0,32.6
W46,South-West Zone,11804,20.2643255758111,85.82189750831988,2026-08-28T20:00,26.2,97,8.8,0.0,32.1
W46,South-West Zone,11804,20.2643255758111,85.82189750831988,2026-08-28T21:00,26.1,97,8.7,0.0,31.9
W46,South-West Zone,11804,20.2643255758111,85.82189750831988,2026-08-28T22:00,26.0,97,9.5,0.0,31.7
W46,South-West Zone,11804,20.2643255758111,85.82189750831988,2026-08-28T23:00,26.1,97,8.7,0.0,31.9
W46,South-West Zone,11804,20.2643255758111,85.82189750831988,2026-08-29T00:00,26.2,97,8.8,0.0,32.0
W46,South-West Zone,11804,20.2643255758111,85.82189750831988,2026-08-29T01:00,26.2,96,8.3,0.0,32.1
W46,South-West Zone,11804,20.2643255758111,85.82189750831988,2026-08-29T02:00,26.3,96,8.7,0.0,32.1
W46,South-West Zone,11804,20.2643255758111,85.82189750831988,2026-08-29T03:00,25.2,98,11.7,0.0,30.1
W46,South-West Zone,11804,20.2643255758111,85.82189750831988,2026-08-29T04:00,25.5,98,9.7,0.0,30.8
W46,South-West Zone,11804,20.2643255758111,85.82189750831988,2026-08-29T05:00,25.7,97,10.1,0.0,31.1
W46,South-West Zone,11804,20.2643255758111,85.82189750831988,2026-08-29T06:00,26.2,98,8.6,28.0,32.1
W46,South-West Zone,11804,20.2643255758111,85.82189750831988,2026-08-29T07:00,26.9,97,6.8,106.0,33.6
W46,South-West Zone,11804,20.2643255758111,85.82189750831988,2026-08-29T08:00,28.2,92,7.8,250.0,34.9
W46,South-West Zone,11804,20.2643255758111,85.82189750831988,2026-08-29T09:00,29.4,83,9.4,428.0,35.6
W46,South-West Zone,11804,20.2643255758111,85.82189750831988,2026-08-29T10:00,29.8,82,9.3,419.0,36.0
W46,South-West Zone,11804,20.2643255758111,85.82189750831988,2026-08-29T11:00,29.7,80,10.1,309.0,35.5
W46,South-West Zone,11804,20.2643255758111,85.82189750831988,2026-08-29T12:00,29.9,78,11.3,323.0,35.4
W46,South-West Zone,11804,20.2643255758111,85.82189750831988,2026-08-29T13:00,30.2,76,11.7,333.0,35.5
W46,South-West Zone,11804,20.2643255758111,85.82189750831988,2026-08-29T14:00,30.2,77,9.6,258.0,36.0
W46,South-West Zone,11804,20.2643255758111,85.82189750831988,2026-08-29T15:00,30.3,77,9.5,240.0,36.1
W46,South-West Zone,11804,20.2643255758111,85.82189750831988,2026-08-29T16:00,29.2,85,9.0,113.0,35.6
W46,South-West Zone,11804,20.2643255758111,85.82189750831988,2026-08-29T17:00,27.1,95,7.2,53.0,33.6
W46,South-West Zone,11804,20.2643255758111,85.82189750831988,2026-08-29T18:00,26.8,97,10.2,1.0,32.9
W46,South-West Zone,11804,20.2643255758111,85.82189750831988,2026-08-29T19:00,26.7,97,8.2,0.0,33.0
W46,South-West Zone,11804,20.2643255758111,85.82189750831988,2026-08-29T20:00,26.4,97,8.8,0.0,32.4
W46,South-West Zone,11804,20.2643255758111,85.82189750831988,2026-08-29T21:00,26.3,97,7.8,0.0,32.4
W46,South-West Zone,11804,20.2643255758111,85.82189750831988,2026-08-29T22:00,26.1,97,8.3,0.0,32.0
W46,South-West Zone,11804,20.2643255758111,85.82189750831988,2026-08-29T23:00,24.9,99,12.5,0.0,29.7
W46,South-West Zone,11804,20.2643255758111,85.82189750831988,2026-08-30T00:00,25.1,99,8.3,0.0,30.6
W46,South-West Zone,11804,20.2643255758111,85.82189750831988,2026-08-30T01:00,25.4,99,9.6,0.0,30.7
W46,South-West Zone,11804,20.2643255758111,85.82189750831988,2026-08-30T02:00,25.6,98,9.7,0.0,31.1
W46,South-West Zone,11804,20.2643255758111,85.82189750831988,2026-08-30T03:00,25.8,97,9.8,0.0,31.3
W46,South-West Zone,11804,20.2643255758111,85.82189750831988,2026-08-30T04:00,25.8,97,8.1,0.0,31.5
W46,South-West Zone,11804,20.2643255758111,85.82189750831988,2026-08-30T05:00,25.7,99,9.0,0.0,31.3
W46,South-West Zone,11804,20.2643255758111,85.82189750831988,2026-08-30T06:00,25.8,98,7.9,18.0,31.7
W46,South-West Zone,11804,20.2643255758111,85.82189750831988,2026-08-30T07:00,26.3,95,8.3,63.0,32.1
W46,South-West Zone,11804,20.2643255758111,85.82189750831988,2026-08-30T08:00,26.2,95,9.7,116.0,31.8
W46,South-West Zone,11804,20.2643255758111,85.82189750831988,2026-08-30T09:00,26.1,93,7.8,155.0,31.5
W46,South-West Zone,11804,20.2643255758111,85.82189750831988,2026-08-30T10:00,26.9,93,7.2,197.0,33.0
W46,South-West Zone,11804,20.2643255758111,85.82189750831988,2026-08-30T11:00,26.8,93,8.5,156.0,32.6
W46,South-West Zone,11804,20.2643255758111,85.82189750831988,2026-08-30T12:00,28.0,89,7.9,345.0,34.1
W46,South-West Zone,11804,20.2643255758111,85.82189750831988,2026-08-30T13:00,29.0,83,10.7,334.0,34.7
W46,South-West Zone,11804,20.2643255758111,85.82189750831988,2026-08-30T14:00,29.6,79,12.1,389.0,34.8
W46,South-West Zone,11804,20.2643255758111,85.82189750831988,2026-08-30T15:00,29.9,76,13.0,333.0,34.9
W46,South-West Zone,11804,20.2643255758111,85.82189750831988,2026-08-30T16:00,29.6,78,12.7,221.0,34.6
W46,South-West Zone,11804,20.2643255758111,85.82189750831988,2026-08-30T17:00,29.0,81,9.0,110.0,34.7
W46,South-West Zone,11804,20.2643255758111,85.82189750831988,2026-08-30T18:00,28.1,85,8.2,10.0,33.9
W46,South-West Zone,11804,20.2643255758111,85.82189750831988,2026-08-30T19:00,27.9,86,8.3,0.0,33.7
W46,South-West Zone,11804,20.2643255758111,85.82189750831988,2026-08-30T20:00,27.1,88,6.2,0.0,32.9
W46,South-West Zone,11804,20.2643255758111,85.82189750831988,2026-08-30T21:00,26.7,93,5.5,0.0,33.0
W46,South-West Zone,11804,20.2643255758111,85.82189750831988,2026-08-30T22:00,26.4,95,5.1,0.0,32.7
W46,South-West Zone,11804,20.2643255758111,85.82189750831988,2026-08-30T23:00,26.2,96,8.0,0.0,32.0
W46,South-West Zone,11804,20.2643255758111,85.82189750831988,2026-08-31T00:00,26.0,95,11.5,0.0,31.0
W46,South-West Zone,11804,20.2643255758111,85.82189750831988,2026-08-31T01:00,25.7,94,11.3,0.0,30.5
W46,South-West Zone,11804,20.2643255758111,85.82189750831988,2026-08-31T02:00,25.4,94,10.8,0.0,30.1
W46,South-West Zone,11804,20.2643255758111,85.82189750831988,2026-08-31T03:00,25.4,94,10.2,0.0,30.1
W46,South-West Zone,11804,20.2643255758111,85.82189750831988,2026-08-31T04:00,25.5,92,10.1,0.0,30.2
W46,South-West Zone,11804,20.2643255758111,85.82189750831988,2026-08-31T05:00,25.5,92,9.0,0.0,30.3
W46,South-West Zone,11804,20.2643255758111,85.82189750831988,2026-08-31T06:00,25.7,92,8.5,19.0,30.7
W46,South-West Zone,11804,20.2643255758111,85.82189750831988,2026-08-31T07:00,26.5,88,9.2,100.0,31.5
W46,South-West Zone,11804,20.2643255758111,85.82189750831988,2026-08-31T08:00,27.1,86,9.3,159.0,32.3
W46,South-West Zone,11804,20.2643255758111,85.82189750831988,2026-08-31T09:00,27.5,85,12.4,239.0,32.2
W46,South-West Zone,11804,20.2643255758111,85.82189750831988,2026-08-31T10:00,28.0,82,16.6,418.0,31.9
W46,South-West Zone,11804,20.2643255758111,85.82189750831988,2026-08-31T11:00,28.3,79,15.4,306.0,32.3
W46,South-West Zone,11804,20.2643255758111,85.82189750831988,2026-08-31T12:00,29.0,76,16.6,446.0,32.8
W46,South-West Zone,11804,20.2643255758111,85.82189750831988,2026-08-31T13:00,29.7,72,17.3,469.0,33.3
W46,South-West Zone,11804,20.2643255758111,85.82189750831988,2026-08-31T14:00,30.1,70,17.4,456.0,33.7
W46,South-West Zone,11804,20.2643255758111,85.82189750831988,2026-08-31T15:00,29.9,71,16.8,437.0,33.6
W46,South-West Zone,11804,20.2643255758111,85.82189750831988,2026-08-31T16:00,29.3,74,15.7,304.0,33.2
W46,South-West Zone,11804,20.2643255758111,85.82189750831988,2026-08-31T17:00,28.8,76,14.8,138.0,32.8
W46,South-West Zone,11804,20.2643255758111,85.82189750831988,2026-08-31T18:00,28.4,78,13.7,9.0,32.5
W46,South-West Zone,11804,20.2643255758111,85.82189750831988,2026-08-31T19:00,28.0,79,12.4,0.0,32.2
W46,South-West Zone,11804,20.2643255758111,85.82189750831988,2026-08-31T20:00,27.6,80,11.4,0.0,31.9
W46,South-West Zone,11804,20.2643255758111,85.82189750831988,2026-08-31T21:00,27.2,82,10.1,0.0,31.7
W46,South-West Zone,11804,20.2643255758111,85.82189750831988,2026-08-31T22:00,26.9,84,9.1,0.0,31.6
W46,South-West Zone,11804,20.2643255758111,85.82189750831988,2026-08-31T23:00,26.6,85,9.0,0.0,31.3
W46,South-West Zone,11804,20.2643255758111,85.82189750831988,2026-09-01T00:00,26.6,84,9.8,0.0,31.0
W46,South-West Zone,11804,20.2643255758111,85.82189750831988,2026-09-01T01:00,26.6,83,11.2,0.0,30.7
W46,South-West Zone,11804,20.2643255758111,85.82189750831988,2026-09-01T02:00,26.6,82,11.7,0.0,30.6
W46,South-West Zone,11804,20.2643255758111,85.82189750831988,2026-09-01T03:00,26.5,83,10.9,0.0,30.6
W46,South-West Zone,11804,20.2643255758111,85.82189750831988,2026-09-01T04:00,26.2,85,10.0,0.0,30.6
W46,South-West Zone,11804,20.2643255758111,85.82189750831988,2026-09-01T05:00,26.3,86,9.9,0.0,30.7
W46,South-West Zone,11804,20.2643255758111,85.82189750831988,2026-09-01T06:00,26.8,84,10.5,24.0,31.2
W46,South-West Zone,11804,20.2643255758111,85.82189750831988,2026-09-01T07:00,27.5,81,11.0,104.0,31.9
W46,South-West Zone,11804,20.2643255758111,85.82189750831988,2026-09-01T08:00,28.1,78,11.5,181.0,32.5
W46,South-West Zone,11804,20.2643255758111,85.82189750831988,2026-09-01T09:00,28.4,77,11.6,238.0,32.8
W46,South-West Zone,11804,20.2643255758111,85.82189750831988,2026-09-01T10:00,28.6,76,12.7,292.0,32.9
W46,South-West Zone,11804,20.2643255758111,85.82189750831988,2026-09-01T11:00,28.8,76,14.0,334.0,32.9
W46,South-West Zone,11804,20.2643255758111,85.82189750831988,2026-09-01T12:00,29.2,74,14.8,340.0,33.2
W46,South-West Zone,11804,20.2643255758111,85.82189750831988,2026-09-01T13:00,29.6,72,15.2,360.0,33.4
W46,South-West Zone,11804,20.2643255758111,85.82189750831988,2026-09-01T14:00,29.8,71,14.8,363.0,33.7
W46,South-West Zone,11804,20.2643255758111,85.82189750831988,2026-09-01T15:00,29.5,74,13.2,394.0,34.0
W46,South-West Zone,11804,20.2643255758111,85.82189750831988,2026-09-01T16:00,29.0,80,10.9,270.0,34.2
W46,South-West Zone,11804,20.2643255758111,85.82189750831988,2026-09-01T17:00,28.4,84,9.3,115.0,34.1
W46,South-West Zone,11804,20.2643255758111,85.82189750831988,2026-09-01T18:00,27.8,86,8.1,6.0,33.6
W46,South-West Zone,11804,20.2643255758111,85.82189750831988,2026-09-01T19:00,27.2,88,7.2,0.0,32.8
W46,South-West Zone,11804,20.2643255758111,85.82189750831988,2026-09-01T20:00,26.7,89,7.0,0.0,32.1
W46,South-West Zone,11804,20.2643255758111,85.82189750831988,2026-09-01T21:00,26.5,90,7.8,0.0,31.9
W46,South-West Zone,11804,20.2643255758111,85.82189750831988,2026-09-01T22:00,26.5,91,9.3,0.0,31.7
W46,South-West Zone,11804,20.2643255758111,85.82189750831988,2026-09-01T23:00,26.5,91,10.2,0.0,31.6
W37,South-West Zone,11679,20.284015527121923,85.82195469469889,2026-08-28T00:00,26.9,95,9.0,0.0,32.9
W37,South-West Zone,11679,20.284015527121923,85.82195469469889,2026-08-28T01:00,26.9,95,10.7,0.0,32.7
W37,South-West Zone,11679,20.284015527121923,85.82195469469889,2026-08-28T02:00,26.9,93,12.0,0.0,32.3
W37,South-West Zone,11679,20.284015527121923,85.82195469469889,2026-08-28T03:00,26.5,92,12.4,0.0,31.5
W37,South-West Zone,11679,20.284015527121923,85.82195469469889,2026-08-28T04:00,26.3,91,11.4,0.0,31.1
W37,South-West Zone,11679,20.284015527121923,85.82195469469889,2026-08-28T05:00,26.3,90,11.1,0.0,31.0
W37,South-West Zone,11679,20.284015527121923,85.82195469469889,2026-08-28T06:00,26.9,88,11.1,42.0,31.7
W37,South-West Zone,11679,20.284015527121923,85.82195469469889,2026-08-28T07:00,28.3,82,13.0,212.0,33.1
W37,South-West Zone,11679,20.284015527121923,85.82195469469889,2026-08-28T08:00,29.5,77,16.0,416.0,33.9
W37,South-West Zone,11679,20.284015527121923,85.82195469469889,2026-08-28T09:00,30.5,74,15.7,616.0,35.5
W37,South-West Zone,11679,20.284015527121923,85.82195469469889,2026-08-28T10:00,31.3,73,13.5,708.0,37.5
W37,South-West Zone,11679,20.284015527121923,85.82195469469889,2026-08-28T11:00,31.6,71,11.5,738.0,38.1
W37,South-West Zone,11679,20.284015527121923,85.82195469469889,2026-08-28T12:00,28.8,85,13.5,469.0,34.3
W37,South-West Zone,11679,20.284015527121923,85.82195469469889,2026-08-28T13:00,29.2,83,7.0,451.0,35.7
W37,South-West Zone,11679,20.284015527121923,85.82195469469889,2026-08-28T14:00,30.0,84,5.3,346.0,37.3
W37,South-West Zone,11679,20.284015527121923,85.82195469469889,2026-08-28T15:00,29.4,88,4.6,297.0,36.9
W37,South-West Zone,11679,20.284015527121923,85.82195469469889,2026-08-28T16:00,26.9,92,8.7,171.0,32.6
W37,South-West Zone,11679,20.284015527121923,85.82195469469889,2026-08-28T17:00,26.7,94,0.4,61.0,33.8
W37,South-West Zone,11679,20.284015527121923,85.82195469469889,2026-08-28T18:00,26.8,95,4.6,6.0,33.5
W37,South-West Zone,11679,20.284015527121923,85.82195469469889,2026-08-28T19:00,26.5,97,8.5,0.0,32.6
W37,South-West Zone,11679,20.284015527121923,85.82195469469889,2026-08-28T20:00,26.2,97,8.8,0.0,32.1
W37,South-West Zone,11679,20.284015527121923,85.82195469469889,2026-08-28T21:00,26.1,97,8.7,0.0,31.9
W37,South-West Zone,11679,20.284015527121923,85.82195469469889,2026-08-28T22:00,26.0,97,9.5,0.0,31.7
W37,South-West Zone,11679,20.284015527121923,85.82195469469889,2026-08-28T23:00,26.1,97,8.7,0.0,31.9
W37,South-West Zone,11679,20.284015527121923,85.82195469469889,2026-08-29T00:00,26.2,97,8.8,0.0,32.0
W37,South-West Zone,11679,20.284015527121923,85.82195469469889,2026-08-29T01:00,26.2,96,8.3,0.0,32.1
W37,South-West Zone,11679,20.284015527121923,85.82195469469889,2026-08-29T02:00,26.3,96,8.7,0.0,32.1
W37,South-West Zone,11679,20.284015527121923,85.82195469469889,2026-08-29T03:00,25.2,98,11.7,0.0,30.1
W37,South-West Zone,11679,20.284015527121923,85.82195469469889,2026-08-29T04:00,25.5,98,9.7,0.0,30.8
W37,South-West Zone,11679,20.284015527121923,85.82195469469889,2026-08-29T05:00,25.7,97,10.1,0.0,31.1
W37,South-West Zone,11679,20.284015527121923,85.82195469469889,2026-08-29T06:00,26.2,98,8.6,28.0,32.1
W37,South-West Zone,11679,20.284015527121923,85.82195469469889,2026-08-29T07:00,26.9,97,6.8,106.0,33.6
W37,South-West Zone,11679,20.284015527121923,85.82195469469889,2026-08-29T08:00,28.2,92,7.8,250.0,34.9
W37,South-West Zone,11679,20.284015527121923,85.82195469469889,2026-08-29T09:00,29.4,83,9.4,428.0,35.6
W37,South-West Zone,11679,20.284015527121923,85.82195469469889,2026-08-29T10:00,29.8,82,9.3,419.0,36.0
W37,South-West Zone,11679,20.284015527121923,85.82195469469889,2026-08-29T11:00,29.7,80,10.1,309.0,35.5
W37,South-West Zone,11679,20.284015527121923,85.82195469469889,2026-08-29T12:00,29.9,78,11.3,323.0,35.4
W37,South-West Zone,11679,20.284015527121923,85.82195469469889,2026-08-29T13:00,30.2,76,11.7,333.0,35.5
W37,South-West Zone,11679,20.284015527121923,85.82195469469889,2026-08-29T14:00,30.2,77,9.6,258.0,36.0
W37,South-West Zone,11679,20.284015527121923,85.82195469469889,2026-08-29T15:00,30.3,77,9.5,240.0,36.1
W37,South-West Zone,11679,20.284015527121923,85.82195469469889,2026-08-29T16:00,29.2,85,9.0,113.0,35.6
W37,South-West Zone,11679,20.284015527121923,85.82195469469889,2026-08-29T17:00,27.1,95,7.2,53.0,33.6
W37,South-West Zone,11679,20.284015527121923,85.82195469469889,2026-08-29T18:00,26.8,97,10.2,1.0,32.9
W37,South-West Zone,11679,20.284015527121923,85.82195469469889,2026-08-29T19:00,26.7,97,8.2,0.0,33.0
W37,South-West Zone,11679,20.284015527121923,85.82195469469889,2026-08-29T20:00,26.4,97,8.8,0.0,32.4
W37,South-West Zone,11679,20.284015527121923,85.82195469469889,2026-08-29T21:00,26.3,97,7.8,0.0,32.4
W37,South-West Zone,11679,20.284015527121923,85.82195469469889,2026-08-29T22:00,26.1,97,8.3,0.0,32.0
W37,South-West Zone,11679,20.284015527121923,85.82195469469889,2026-08-29T23:00,24.9,99,12.5,0.0,29.7
W37,South-West Zone,11679,20.284015527121923,85.82195469469889,2026-08-30T00:00,25.1,99,8.3,0.0,30.6
W37,South-West Zone,11679,20.284015527121923,85.82195469469889,2026-08-30T01:00,25.4,99,9.6,0.0,30.7
W37,South-West Zone,11679,20.284015527121923,85.82195469469889,2026-08-30T02:00,25.6,98,9.7,0.0,31.1
W37,South-West Zone,11679,20.284015527121923,85.82195469469889,2026-08-30T03:00,25.8,97,9.8,0.0,31.3
W37,South-West Zone,11679,20.284015527121923,85.82195469469889,2026-08-30T04:00,25.8,97,8.1,0.0,31.5
W37,South-West Zone,11679,20.284015527121923,85.82195469469889,2026-08-30T05:00,25.7,99,9.0,0.0,31.3
W37,South-West Zone,11679,20.284015527121923,85.82195469469889,2026-08-30T06:00,25.8,98,7.9,18.0,31.7
W37,South-West Zone,11679,20.284015527121923,85.82195469469889,2026-08-30T07:00,26.3,95,8.3,63.0,32.1
W37,South-West Zone,11679,20.284015527121923,85.82195469469889,2026-08-30T08:00,26.2,95,9.7,116.0,31.8
W37,South-West Zone,11679,20.284015527121923,85.82195469469889,2026-08-30T09:00,26.1,93,7.8,155.0,31.5
W37,South-West Zone,11679,20.284015527121923,85.82195469469889,2026-08-30T10:00,26.9,93,7.2,197.0,33.0
W37,South-West Zone,11679,20.284015527121923,85.82195469469889,2026-08-30T11:00,26.8,93,8.5,156.0,32.6
W37,South-West Zone,11679,20.284015527121923,85.82195469469889,2026-08-30T12:00,28.0,89,7.9,345.0,34.1
W37,South-West Zone,11679,20.284015527121923,85.82195469469889,2026-08-30T13:00,29.0,83,10.7,334.0,34.7
W37,South-West Zone,11679,20.284015527121923,85.82195469469889,2026-08-30T14:00,29.6,79,12.1,389.0,34.8
W37,South-West Zone,11679,20.284015527121923,85.82195469469889,2026-08-30T15:00,29.9,76,13.0,333.0,34.9
W37,South-West Zone,11679,20.284015527121923,85.82195469469889,2026-08-30T16:00,29.6,78,12.7,221.0,34.6
W37,South-West Zone,11679,20.284015527121923,85.82195469469889,2026-08-30T17:00,29.0,81,9.0,110.0,34.7
W37,South-West Zone,11679,20.284015527121923,85.82195469469889,2026-08-30T18:00,28.1,85,8.2,10.0,33.9
W37,South-West Zone,11679,20.284015527121923,85.82195469469889,2026-08-30T19:00,27.9,86,8.3,0.0,33.7
W37,South-West Zone,11679,20.284015527121923,85.82195469469889,2026-08-30T20:00,27.1,88,6.2,0.0,32.9
W37,South-West Zone,11679,20.284015527121923,85.82195469469889,2026-08-30T21:00,26.7,93,5.5,0.0,33.0
W37,South-West Zone,11679,20.284015527121923,85.82195469469889,2026-08-30T22:00,26.4,95,5.1,0.0,32.7
W37,South-West Zone,11679,20.284015527121923,85.82195469469889,2026-08-30T23:00,26.2,96,8.0,0.0,32.0
W37,South-West Zone,11679,20.284015527121923,85.82195469469889,2026-08-31T00:00,26.0,95,11.5,0.0,31.0
W37,South-West Zone,11679,20.284015527121923,85.82195469469889,2026-08-31T01:00,25.7,94,11.3,0.0,30.5
W37,South-West Zone,11679,20.284015527121923,85.82195469469889,2026-08-31T02:00,25.4,94,10.8,0.0,30.1
W37,South-West Zone,11679,20.284015527121923,85.82195469469889,2026-08-31T03:00,25.4,94,10.2,0.0,30.1
W37,South-West Zone,11679,20.284015527121923,85.82195469469889,2026-08-31T04:00,25.5,92,10.1,0.0,30.2
W37,South-West Zone,11679,20.284015527121923,85.82195469469889,2026-08-31T05:00,25.5,92,9.0,0.0,30.3
W37,South-West Zone,11679,20.284015527121923,85.82195469469889,2026-08-31T06:00,25.7,92,8.5,19.0,30.7
W37,South-West Zone,11679,20.284015527121923,85.82195469469889,2026-08-31T07:00,26.5,88,9.2,100.0,31.5
W37,South-West Zone,11679,20.284015527121923,85.82195469469889,2026-08-31T08:00,27.1,86,9.3,159.0,32.3
W37,South-West Zone,11679,20.284015527121923,85.82195469469889,2026-08-31T09:00,27.5,85,12.4,239.0,32.2
W37,South-West Zone,11679,20.284015527121923,85.82195469469889,2026-08-31T10:00,28.0,82,16.6,418.0,31.9
W37,South-West Zone,11679,20.284015527121923,85.82195469469889,2026-08-31T11:00,28.3,79,15.4,306.0,32.3
W37,South-West Zone,11679,20.284015527121923,85.82195469469889,2026-08-31T12:00,29.0,76,16.6,446.0,32.8
W37,South-West Zone,11679,20.284015527121923,85.82195469469889,2026-08-31T13:00,29.7,72,17.3,469.0,33.3
W37,South-West Zone,11679,20.284015527121923,85.82195469469889,2026-08-31T14:00,30.1,70,17.4,456.0,33.7
W37,South-West Zone,11679,20.284015527121923,85.82195469469889,2026-08-31T15:00,29.9,71,16.8,437.0,33.6
W37,South-West Zone,11679,20.284015527121923,85.82195469469889,2026-08-31T16:00,29.3,74,15.7,304.0,33.2
W37,South-West Zone,11679,20.284015527121923,85.82195469469889,2026-08-31T17:00,28.8,76,14.8,138.0,32.8
W37,South-West Zone,11679,20.284015527121923,85.82195469469889,2026-08-31T18:00,28.4,78,13.7,9.0,32.5
W37,South-West Zone,11679,20.284015527121923,85.82195469469889,2026-08-31T19:00,28.0,79,12.4,0.0,32.2
W37,South-West Zone,11679,20.284015527121923,85.82195469469889,2026-08-31T20:00,27.6,80,11.4,0.0,31.9
W37,South-West Zone,11679,20.284015527121923,85.82195469469889,2026-08-31T21:00,27.2,82,10.1,0.0,31.7
W37,South-West Zone,11679,20.284015527121923,85.82195469469889,2026-08-31T22:00,26.9,84,9.1,0.0,31.6
W37,South-West Zone,11679,20.284015527121923,85.82195469469889,2026-08-31T23:00,26.6,85,9.0,0.0,31.3
W37,South-West Zone,11679,20.284015527121923,85.82195469469889,2026-09-01T00:00,26.6,84,9.8,0.0,31.0
W37,South-West Zone,11679,20.284015527121923,85.82195469469889,2026-09-01T01:00,26.6,83,11.2,0.0,30.7
W37,South-West Zone,11679,20.284015527121923,85.82195469469889,2026-09-01T02:00,26.6,82,11.7,0.0,30.6
W37,South-West Zone,11679,20.284015527121923,85.82195469469889,2026-09-01T03:00,26.5,83,10.9,0.0,30.6
W37,South-West Zone,11679,20.284015527121923,85.82195469469889,2026-09-01T04:00,26.2,85,10.0,0.0,30.6
W37,South-West Zone,11679,20.284015527121923,85.82195469469889,2026-09-01T05:00,26.3,86,9.9,0.0,30.7
W37,South-West Zone,11679,20.284015527121923,85.82195469469889,2026-09-01T06:00,26.8,84,10.5,24.0,31.2
W37,South-West Zone,11679,20.284015527121923,85.82195469469889,2026-09-01T07:00,27.5,81,11.0,104.0,31.9
W37,South-West Zone,11679,20.284015527121923,85.82195469469889,2026-09-01T08:00,28.1,78,11.5,181.0,32.5
W37,South-West Zone,11679,20.284015527121923,85.82195469469889,2026-09-01T09:00,28.4,77,11.6,238.0,32.8
W37,South-West Zone,11679,20.284015527121923,85.82195469469889,2026-09-01T10:00,28.6,76,12.7,292.0,32.9
W37,South-West Zone,11679,20.284015527121923,85.82195469469889,2026-09-01T11:00,28.8,76,14.0,334.0,32.9
W37,South-West Zone,11679,20.284015527121923,85.82195469469889,2026-09-01T12:00,29.2,74,14.8,340.0,33.2
W37,South-West Zone,11679,20.284015527121923,85.82195469469889,2026-09-01T13:00,29.6,72,15.2,360.0,33.4
W37,South-West Zone,11679,20.284015527121923,85.82195469469889,2026-09-01T14:00,29.8,71,14.8,363.0,33.7
W37,South-West Zone,11679,20.284015527121923,85.82195469469889,2026-09-01T15:00,29.5,74,13.2,394.0,34.0
W37,South-West Zone,11679,20.284015527121923,85.82195469469889,2026-09-01T16:00,29.0,80,10.9,270.0,34.2
W37,South-West Zone,11679,20.284015527121923,85.82195469469889,2026-09-01T17:00,28.4,84,9.3,115.0,34.1
W37,South-West Zone,11679,20.284015527121923,85.82195469469889,2026-09-01T18:00,27.8,86,8.1,6.0,33.6
W37,South-West Zone,11679,20.284015527121923,85.82195469469889,2026-09-01T19:00,27.2,88,7.2,0.0,32.8
W37,South-West Zone,11679,20.284015527121923,85.82195469469889,2026-09-01T20:00,26.7,89,7.0,0.0,32.1
W37,South-West Zone,11679,20.284015527121923,85.82195469469889,2026-09-01T21:00,26.5,90,7.8,0.0,31.9
W37,South-West Zone,11679,20.284015527121923,85.82195469469889,2026-09-01T22:00,26.5,91,9.3,0.0,31.7
W37,South-West Zone,11679,20.284015527121923,85.82195469469889,2026-09-01T23:00,26.5,91,10.2,0.0,31.6
W38,South-West Zone,11916,20.28399560574414,85.814172618826,2026-08-28T00:00,26.9,95,9.0,0.0,32.9
W38,South-West Zone,11916,20.28399560574414,85.814172618826,2026-08-28T01:00,26.9,95,10.7,0.0,32.7
W38,South-West Zone,11916,20.28399560574414,85.814172618826,2026-08-28T02:00,26.9,93,12.0,0.0,32.3
W38,South-West Zone,11916,20.28399560574414,85.814172618826,2026-08-28T03:00,26.5,92,12.4,0.0,31.5
W38,South-West Zone,11916,20.28399560574414,85.814172618826,2026-08-28T04:00,26.3,91,11.4,0.0,31.1
W38,South-West Zone,11916,20.28399560574414,85.814172618826,2026-08-28T05:00,26.3,90,11.1,0.0,31.0
W38,South-West Zone,11916,20.28399560574414,85.814172618826,2026-08-28T06:00,26.9,88,11.1,42.0,31.7
W38,South-West Zone,11916,20.28399560574414,85.814172618826,2026-08-28T07:00,28.3,82,13.0,212.0,33.1
W38,South-West Zone,11916,20.28399560574414,85.814172618826,2026-08-28T08:00,29.5,77,16.0,416.0,33.9
W38,South-West Zone,11916,20.28399560574414,85.814172618826,2026-08-28T09:00,30.5,74,15.7,616.0,35.5
W38,South-West Zone,11916,20.28399560574414,85.814172618826,2026-08-28T10:00,31.3,73,13.5,708.0,37.5
W38,South-West Zone,11916,20.28399560574414,85.814172618826,2026-08-28T11:00,31.6,71,11.5,738.0,38.1
W38,South-West Zone,11916,20.28399560574414,85.814172618826,2026-08-28T12:00,28.8,85,13.5,469.0,34.3
W38,South-West Zone,11916,20.28399560574414,85.814172618826,2026-08-28T13:00,29.2,83,7.0,451.0,35.7
W38,South-West Zone,11916,20.28399560574414,85.814172618826,2026-08-28T14:00,30.0,84,5.3,346.0,37.3
W38,South-West Zone,11916,20.28399560574414,85.814172618826,2026-08-28T15:00,29.4,88,4.6,297.0,36.9
W38,South-West Zone,11916,20.28399560574414,85.814172618826,2026-08-28T16:00,26.9,92,8.7,171.0,32.6
W38,South-West Zone,11916,20.28399560574414,85.814172618826,2026-08-28T17:00,26.7,94,0.4,61.0,33.8
W38,South-West Zone,11916,20.28399560574414,85.814172618826,2026-08-28T18:00,26.8,95,4.6,6.0,33.5
W38,South-West Zone,11916,20.28399560574414,85.814172618826,2026-08-28T19:00,26.5,97,8.5,0.0,32.6
W38,South-West Zone,11916,20.28399560574414,85.814172618826,2026-08-28T20:00,26.2,97,8.8,0.0,32.1
W38,South-West Zone,11916,20.28399560574414,85.814172618826,2026-08-28T21:00,26.1,97,8.7,0.0,31.9
W38,South-West Zone,11916,20.28399560574414,85.814172618826,2026-08-28T22:00,26.0,97,9.5,0.0,31.7
W38,South-West Zone,11916,20.28399560574414,85.814172618826,2026-08-28T23:00,26.1,97,8.7,0.0,31.9
W38,South-West Zone,11916,20.28399560574414,85.814172618826,2026-08-29T00:00,26.2,97,8.8,0.0,32.0
W38,South-West Zone,11916,20.28399560574414,85.814172618826,2026-08-29T01:00,26.2,96,8.3,0.0,32.1
W38,South-West Zone,11916,20.28399560574414,85.814172618826,2026-08-29T02:00,26.3,96,8.7,0.0,32.1
W38,South-West Zone,11916,20.28399560574414,85.814172618826,2026-08-29T03:00,25.2,98,11.7,0.0,30.1
W38,South-West Zone,11916,20.28399560574414,85.814172618826,2026-08-29T04:00,25.5,98,9.7,0.0,30.8
W38,South-West Zone,11916,20.28399560574414,85.814172618826,2026-08-29T05:00,25.7,97,10.1,0.0,31.1
W38,South-West Zone,11916,20.28399560574414,85.814172618826,2026-08-29T06:00,26.2,98,8.6,28.0,32.1
W38,South-West Zone,11916,20.28399560574414,85.814172618826,2026-08-29T07:00,26.9,97,6.8,106.0,33.6
W38,South-West Zone,11916,20.28399560574414,85.814172618826,2026-08-29T08:00,28.2,92,7.8,250.0,34.9
W38,South-West Zone,11916,20.28399560574414,85.814172618826,2026-08-29T09:00,29.4,83,9.4,428.0,35.6
W38,South-West Zone,11916,20.28399560574414,85.814172618826,2026-08-29T10:00,29.8,82,9.3,419.0,36.0
W38,South-West Zone,11916,20.28399560574414,85.814172618826,2026-08-29T11:00,29.7,80,10.1,309.0,35.5
W38,South-West Zone,11916,20.28399560574414,85.814172618826,2026-08-29T12:00,29.9,78,11.3,323.0,35.4
W38,South-West Zone,11916,20.28399560574414,85.814172618826,2026-08-29T13:00,30.2,76,11.7,333.0,35.5
W38,South-West Zone,11916,20.28399560574414,85.814172618826,2026-08-29T14:00,30.2,77,9.6,258.0,36.0
W38,South-West Zone,11916,20.28399560574414,85.814172618826,2026-08-29T15:00,30.3,77,9.5,240.0,36.1
W38,South-West Zone,11916,20.28399560574414,85.814172618826,2026-08-29T16:00,29.2,85,9.0,113.0,35.6
W38,South-West Zone,11916,20.28399560574414,85.814172618826,2026-08-29T17:00,27.1,95,7.2,53.0,33.6
W38,South-West Zone,11916,20.28399560574414,85.814172618826,2026-08-29T18:00,26.8,97,10.2,1.0,32.9
W38,South-West Zone,11916,20.28399560574414,85.814172618826,2026-08-29T19:00,26.7,97,8.2,0.0,33.0
W38,South-West Zone,11916,20.28399560574414,85.814172618826,2026-08-29T20:00,26.4,97,8.8,0.0,32.4
W38,South-West Zone,11916,20.28399560574414,85.814172618826,2026-08-29T21:00,26.3,97,7.8,0.0,32.4
W38,South-West Zone,11916,20.28399560574414,85.814172618826,2026-08-29T22:00,26.1,97,8.3,0.0,32.0
W38,South-West Zone,11916,20.28399560574414,85.814172618826,2026-08-29T23:00,24.9,99,12.5,0.0,29.7
W38,South-West Zone,11916,20.28399560574414,85.814172618826,2026-08-30T00:00,25.1,99,8.3,0.0,30.6
W38,South-West Zone,11916,20.28399560574414,85.814172618826,2026-08-30T01:00,25.4,99,9.6,0.0,30.7
W38,South-West Zone,11916,20.28399560574414,85.814172618826,2026-08-30T02:00,25.6,98,9.7,0.0,31.1
W38,South-West Zone,11916,20.28399560574414,85.814172618826,2026-08-30T03:00,25.8,97,9.8,0.0,31.3
W38,South-West Zone,11916,20.28399560574414,85.814172618826,2026-08-30T04:00,25.8,97,8.1,0.0,31.5
W38,South-West Zone,11916,20.28399560574414,85.814172618826,2026-08-30T05:00,25.7,99,9.0,0.0,31.3
W38,South-West Zone,11916,20.28399560574414,85.814172618826,2026-08-30T06:00,25.8,98,7.9,18.0,31.7
W38,South-West Zone,11916,20.28399560574414,85.814172618826,2026-08-30T07:00,26.3,95,8.3,63.0,32.1
W38,South-West Zone,11916,20.28399560574414,85.814172618826,2026-08-30T08:00,26.2,95,9.7,116.0,31.8
W38,South-West Zone,11916,20.28399560574414,85.814172618826,2026-08-30T09:00,26.1,93,7.8,155.0,31.5
W38,South-West Zone,11916,20.28399560574414,85.814172618826,2026-08-30T10:00,26.9,93,7.2,197.0,33.0
W38,South-West Zone,11916,20.28399560574414,85.814172618826,2026-08-30T11:00,26.8,93,8.5,156.0,32.6
W38,South-West Zone,11916,20.28399560574414,85.814172618826,2026-08-30T12:00,28.0,89,7.9,345.0,34.1
W38,South-West Zone,11916,20.28399560574414,85.814172618826,2026-08-30T13:00,29.0,83,10.7,334.0,34.7
W38,South-West Zone,11916,20.28399560574414,85.814172618826,2026-08-30T14:00,29.6,79,12.1,389.0,34.8
W38,South-West Zone,11916,20.28399560574414,85.814172618826,2026-08-30T15:00,29.9,76,13.0,333.0,34.9
W38,South-West Zone,11916,20.28399560574414,85.814172618826,2026-08-30T16:00,29.6,78,12.7,221.0,34.6
W38,South-West Zone,11916,20.28399560574414,85.814172618826,2026-08-30T17:00,29.0,81,9.0,110.0,34.7
W38,South-West Zone,11916,20.28399560574414,85.814172618826,2026-08-30T18:00,28.1,85,8.2,10.0,33.9
W38,South-West Zone,11916,20.28399560574414,85.814172618826,2026-08-30T19:00,27.9,86,8.3,0.0,33.7
W38,South-West Zone,11916,20.28399560574414,85.814172618826,2026-08-30T20:00,27.1,88,6.2,0.0,32.9
W38,South-West Zone,11916,20.28399560574414,85.814172618826,2026-08-30T21:00,26.7,93,5.5,0.0,33.0
W38,South-West Zone,11916,20.28399560574414,85.814172618826,2026-08-30T22:00,26.4,95,5.1,0.0,32.7
W38,South-West Zone,11916,20.28399560574414,85.814172618826,2026-08-30T23:00,26.2,96,8.0,0.0,32.0
W38,South-West Zone,11916,20.28399560574414,85.814172618826,2026-08-31T00:00,26.0,95,11.5,0.0,31.0
W38,South-West Zone,11916,20.28399560574414,85.814172618826,2026-08-31T01:00,25.7,94,11.3,0.0,30.5
W38,South-West Zone,11916,20.28399560574414,85.814172618826,2026-08-31T02:00,25.4,94,10.8,0.0,30.1
W38,South-West Zone,11916,20.28399560574414,85.814172618826,2026-08-31T03:00,25.4,94,10.2,0.0,30.1
W38,South-West Zone,11916,20.28399560574414,85.814172618826,2026-08-31T04:00,25.5,92,10.1,0.0,30.2
W38,South-West Zone,11916,20.28399560574414,85.814172618826,2026-08-31T05:00,25.5,92,9.0,0.0,30.3
W38,South-West Zone,11916,20.28399560574414,85.814172618826,2026-08-31T06:00,25.7,92,8.5,19.0,30.7
W38,South-West Zone,11916,20.28399560574414,85.814172618826,2026-08-31T07:00,26.5,88,9.2,100.0,31.5
W38,South-West Zone,11916,20.28399560574414,85.814172618826,2026-08-31T08:00,27.1,86,9.3,159.0,32.3
W38,South-West Zone,11916,20.28399560574414,85.814172618826,2026-08-31T09:00,27.5,85,12.4,239.0,32.2
W38,South-West Zone,11916,20.28399560574414,85.814172618826,2026-08-31T10:00,28.0,82,16.6,418.0,31.9
W38,South-West Zone,11916,20.28399560574414,85.814172618826,2026-08-31T11:00,28.3,79,15.4,306.0,32.3
W38,South-West Zone,11916,20.28399560574414,85.814172618826,2026-08-31T12:00,29.0,76,16.6,446.0,32.8
W38,South-West Zone,11916,20.28399560574414,85.814172618826,2026-08-31T13:00,29.7,72,17.3,469.0,33.3
W38,South-West Zone,11916,20.28399560574414,85.814172618826,2026-08-31T14:00,30.1,70,17.4,456.0,33.7
W38,South-West Zone,11916,20.28399560574414,85.814172618826,2026-08-31T15:00,29.9,71,16.8,437.0,33.6
W38,South-West Zone,11916,20.28399560574414,85.814172618826,2026-08-31T16:00,29.3,74,15.7,304.0,33.2
W38,South-West Zone,11916,20.28399560574414,85.814172618826,2026-08-31T17:00,28.8,76,14.8,138.0,32.8
W38,South-West Zone,11916,20.28399560574414,85.814172618826,2026-08-31T18:00,28.4,78,13.7,9.0,32.5
W38,South-West Zone,11916,20.28399560574414,85.814172618826,2026-08-31T19:00,28.0,79,12.4,0.0,32.2
W38,South-West Zone,11916,20.28399560574414,85.814172618826,2026-08-31T20:00,27.6,80,11.4,0.0,31.9
W38,South-West Zone,11916,20.28399560574414,85.814172618826,2026-08-31T21:00,27.2,82,10.1,0.0,31.7
W38,South-West Zone,11916,20.28399560574414,85.814172618826,2026-08-31T22:00,26.9,84,9.1,0.0,31.6
W38,South-West Zone,11916,20.28399560574414,85.814172618826,2026-08-31T23:00,26.6,85,9.0,0.0,31.3
W38,South-West Zone,11916,20.28399560574414,85.814172618826,2026-09-01T00:00,26.6,84,9.8,0.0,31.0
W38,South-West Zone,11916,20.28399560574414,85.814172618826,2026-09-01T01:00,26.6,83,11.2,0.0,30.7
W38,South-West Zone,11916,20.28399560574414,85.814172618826,2026-09-01T02:00,26.6,82,11.7,0.0,30.6
W38,South-West Zone,11916,20.28399560574414,85.814172618826,2026-09-01T03:00,26.5,83,10.9,0.0,30.6
W38,South-West Zone,11916,20.28399560574414,85.814172618826,2026-09-01T04:00,26.2,85,10.0,0.0,30.6
W38,South-West Zone,11916,20.28399560574414,85.814172618826,2026-09-01T05:00,26.3,86,9.9,0.0,30.7
W38,South-West Zone,11916,20.28399560574414,85.814172618826,2026-09-01T06:00,26.8,84,10.5,24.0,31.2
W38,South-West Zone,11916,20.28399560574414,85.814172618826,2026-09-01T07:00,27.5,81,11.0,104.0,31.9
W38,South-West Zone,11916,20.28399560574414,85.814172618826,2026-09-01T08:00,28.1,78,11.5,181.0,32.5
W38,South-West Zone,11916,20.28399560574414,85.814172618826,2026-09-01T09:00,28.4,77,11.6,238.0,32.8
W38,South-West Zone,11916,20.28399560574414,85.814172618826,2026-09-01T10:00,28.6,76,12.7,292.0,32.9
W38,South-West Zone,11916,20.28399560574414,85.814172618826,2026-09-01T11:00,28.8,76,14.0,334.0,32.9
W38,South-West Zone,11916,20.28399560574414,85.814172618826,2026-09-01T12:00,29.2,74,14.8,340.0,33.2
W38,South-West Zone,11916,20.28399560574414,85.814172618826,2026-09-01T13:00,29.6,72,15.2,360.0,33.4
W38,South-West Zone,11916,20.28399560574414,85.814172618826,2026-09-01T14:00,29.8,71,14.8,363.0,33.7
W38,South-West Zone,11916,20.28399560574414,85.814172618826,2026-09-01T15:00,29.5,74,13.2,394.0,34.0
W38,South-West Zone,11916,20.28399560574414,85.814172618826,2026-09-01T16:00,29.0,80,10.9,270.0,34.2
W38,South-West Zone,11916,20.28399560574414,85.814172618826,2026-09-01T17:00,28.4,84,9.3,115.0,34.1
W38,South-West Zone,11916,20.28399560574414,85.814172618826,2026-09-01T18:00,27.8,86,8.1,6.0,33.6
W38,South-West Zone,11916,20.28399560574414,85.814172618826,2026-09-01T19:00,27.2,88,7.2,0.0,32.8
W38,South-West Zone,11916,20.28399560574414,85.814172618826,2026-09-01T20:00,26.7,89,7.0,0.0,32.1
W38,South-West Zone,11916,20.28399560574414,85.814172618826,2026-09-01T21:00,26.5,90,7.8,0.0,31.9
W38,South-West Zone,11916,20.28399560574414,85.814172618826,2026-09-01T22:00,26.5,91,9.3,0.0,31.7
W38,South-West Zone,11916,20.28399560574414,85.814172618826,2026-09-01T23:00,26.5,91,10.2,0.0,31.6
W39,South-West Zone,12716,20.28183370534078,85.82141500641647,2026-08-28T00:00,26.9,95,9.0,0.0,32.9
W39,South-West Zone,12716,20.28183370534078,85.82141500641647,2026-08-28T01:00,26.9,95,10.7,0.0,32.7
W39,South-West Zone,12716,20.28183370534078,85.82141500641647,2026-08-28T02:00,26.9,93,12.0,0.0,32.3
W39,South-West Zone,12716,20.28183370534078,85.82141500641647,2026-08-28T03:00,26.5,92,12.4,0.0,31.5
W39,South-West Zone,12716,20.28183370534078,85.82141500641647,2026-08-28T04:00,26.3,91,11.4,0.0,31.1
W39,South-West Zone,12716,20.28183370534078,85.82141500641647,2026-08-28T05:00,26.3,90,11.1,0.0,31.0
W39,South-West Zone,12716,20.28183370534078,85.82141500641647,2026-08-28T06:00,26.9,88,11.1,42.0,31.7
W39,South-West Zone,12716,20.28183370534078,85.82141500641647,2026-08-28T07:00,28.3,82,13.0,212.0,33.1
W39,South-West Zone,12716,20.28183370534078,85.82141500641647,2026-08-28T08:00,29.5,77,16.0,416.0,33.9
W39,South-West Zone,12716,20.28183370534078,85.82141500641647,2026-08-28T09:00,30.5,74,15.7,616.0,35.5
W39,South-West Zone,12716,20.28183370534078,85.82141500641647,2026-08-28T10:00,31.3,73,13.5,708.0,37.5
W39,South-West Zone,12716,20.28183370534078,85.82141500641647,2026-08-28T11:00,31.6,71,11.5,738.0,38.1
W39,South-West Zone,12716,20.28183370534078,85.82141500641647,2026-08-28T12:00,28.8,85,13.5,469.0,34.3
W39,South-West Zone,12716,20.28183370534078,85.82141500641647,2026-08-28T13:00,29.2,83,7.0,451.0,35.7
W39,South-West Zone,12716,20.28183370534078,85.82141500641647,2026-08-28T14:00,30.0,84,5.3,346.0,37.3
W39,South-West Zone,12716,20.28183370534078,85.82141500641647,2026-08-28T15:00,29.4,88,4.6,297.0,36.9
W39,South-West Zone,12716,20.28183370534078,85.82141500641647,2026-08-28T16:00,26.9,92,8.7,171.0,32.6
W39,South-West Zone,12716,20.28183370534078,85.82141500641647,2026-08-28T17:00,26.7,94,0.4,61.0,33.8
W39,South-West Zone,12716,20.28183370534078,85.82141500641647,2026-08-28T18:00,26.8,95,4.6,6.0,33.5
W39,South-West Zone,12716,20.28183370534078,85.82141500641647,2026-08-28T19:00,26.5,97,8.5,0.0,32.6
W39,South-West Zone,12716,20.28183370534078,85.82141500641647,2026-08-28T20:00,26.2,97,8.8,0.0,32.1
W39,South-West Zone,12716,20.28183370534078,85.82141500641647,2026-08-28T21:00,26.1,97,8.7,0.0,31.9
W39,South-West Zone,12716,20.28183370534078,85.82141500641647,2026-08-28T22:00,26.0,97,9.5,0.0,31.7
W39,South-West Zone,12716,20.28183370534078,85.82141500641647,2026-08-28T23:00,26.1,97,8.7,0.0,31.9
W39,South-West Zone,12716,20.28183370534078,85.82141500641647,2026-08-29T00:00,26.2,97,8.8,0.0,32.0
W39,South-West Zone,12716,20.28183370534078,85.82141500641647,2026-08-29T01:00,26.2,96,8.3,0.0,32.1
W39,South-West Zone,12716,20.28183370534078,85.82141500641647,2026-08-29T02:00,26.3,96,8.7,0.0,32.1
W39,South-West Zone,12716,20.28183370534078,85.82141500641647,2026-08-29T03:00,25.2,98,11.7,0.0,30.1
W39,South-West Zone,12716,20.28183370534078,85.82141500641647,2026-08-29T04:00,25.5,98,9.7,0.0,30.8
W39,South-West Zone,12716,20.28183370534078,85.82141500641647,2026-08-29T05:00,25.7,97,10.1,0.0,31.1
W39,South-West Zone,12716,20.28183370534078,85.82141500641647,2026-08-29T06:00,26.2,98,8.6,28.0,32.1
W39,South-West Zone,12716,20.28183370534078,85.82141500641647,2026-08-29T07:00,26.9,97,6.8,106.0,33.6
W39,South-West Zone,12716,20.28183370534078,85.82141500641647,2026-08-29T08:00,28.2,92,7.8,250.0,34.9
W39,South-West Zone,12716,20.28183370534078,85.82141500641647,2026-08-29T09:00,29.4,83,9.4,428.0,35.6
W39,South-West Zone,12716,20.28183370534078,85.82141500641647,2026-08-29T10:00,29.8,82,9.3,419.0,36.0
W39,South-West Zone,12716,20.28183370534078,85.82141500641647,2026-08-29T11:00,29.7,80,10.1,309.0,35.5
W39,South-West Zone,12716,20.28183370534078,85.82141500641647,2026-08-29T12:00,29.9,78,11.3,323.0,35.4
W39,South-West Zone,12716,20.28183370534078,85.82141500641647,2026-08-29T13:00,30.2,76,11.7,333.0,35.5
W39,South-West Zone,12716,20.28183370534078,85.82141500641647,2026-08-29T14:00,30.2,77,9.6,258.0,36.0
W39,South-West Zone,12716,20.28183370534078,85.82141500641647,2026-08-29T15:00,30.3,77,9.5,240.0,36.1
W39,South-West Zone,12716,20.28183370534078,85.82141500641647,2026-08-29T16:00,29.2,85,9.0,113.0,35.6
W39,South-West Zone,12716,20.28183370534078,85.82141500641647,2026-08-29T17:00,27.1,95,7.2,53.0,33.6
W39,South-West Zone,12716,20.28183370534078,85.82141500641647,2026-08-29T18:00,26.8,97,10.2,1.0,32.9
W39,South-West Zone,12716,20.28183370534078,85.82141500641647,2026-08-29T19:00,26.7,97,8.2,0.0,33.0
W39,South-West Zone,12716,20.28183370534078,85.82141500641647,2026-08-29T20:00,26.4,97,8.8,0.0,32.4
W39,South-West Zone,12716,20.28183370534078,85.82141500641647,2026-08-29T21:00,26.3,97,7.8,0.0,32.4
W39,South-West Zone,12716,20.28183370534078,85.82141500641647,2026-08-29T22:00,26.1,97,8.3,0.0,32.0
W39,South-West Zone,12716,20.28183370534078,85.82141500641647,2026-08-29T23:00,24.9,99,12.5,0.0,29.7
W39,South-West Zone,12716,20.28183370534078,85.82141500641647,2026-08-30T00:00,25.1,99,8.3,0.0,30.6
W39,South-West Zone,12716,20.28183370534078,85.82141500641647,2026-08-30T01:00,25.4,99,9.6,0.0,30.7
W39,South-West Zone,12716,20.28183370534078,85.82141500641647,2026-08-30T02:00,25.6,98,9.7,0.0,31.1
W39,South-West Zone,12716,20.28183370534078,85.82141500641647,2026-08-30T03:00,25.8,97,9.8,0.0,31.3
W39,South-West Zone,12716,20.28183370534078,85.82141500641647,2026-08-30T04:00,25.8,97,8.1,0.0,31.5
W39,South-West Zone,12716,20.28183370534078,85.82141500641647,2026-08-30T05:00,25.7,99,9.0,0.0,31.3
W39,South-West Zone,12716,20.28183370534078,85.82141500641647,2026-08-30T06:00,25.8,98,7.9,18.0,31.7
W39,South-West Zone,12716,20.28183370534078,85.82141500641647,2026-08-30T07:00,26.3,95,8.3,63.0,32.1
W39,South-West Zone,12716,20.28183370534078,85.82141500641647,2026-08-30T08:00,26.2,95,9.7,116.0,31.8
W39,South-West Zone,12716,20.28183370534078,85.82141500641647,2026-08-30T09:00,26.1,93,7.8,155.0,31.5
W39,South-West Zone,12716,20.28183370534078,85.82141500641647,2026-08-30T10:00,26.9,93,7.2,197.0,33.0
W39,South-West Zone,12716,20.28183370534078,85.82141500641647,2026-08-30T11:00,26.8,93,8.5,156.0,32.6
W39,South-West Zone,12716,20.28183370534078,85.82141500641647,2026-08-30T12:00,28.0,89,7.9,345.0,34.1
W39,South-West Zone,12716,20.28183370534078,85.82141500641647,2026-08-30T13:00,29.0,83,10.7,334.0,34.7
W39,South-West Zone,12716,20.28183370534078,85.82141500641647,2026-08-30T14:00,29.6,79,12.1,389.0,34.8
W39,South-West Zone,12716,20.28183370534078,85.82141500641647,2026-08-30T15:00,29.9,76,13.0,333.0,34.9
W39,South-West Zone,12716,20.28183370534078,85.82141500641647,2026-08-30T16:00,29.6,78,12.7,221.0,34.6
W39,South-West Zone,12716,20.28183370534078,85.82141500641647,2026-08-30T17:00,29.0,81,9.0,110.0,34.7
W39,South-West Zone,12716,20.28183370534078,85.82141500641647,2026-08-30T18:00,28.1,85,8.2,10.0,33.9
W39,South-West Zone,12716,20.28183370534078,85.82141500641647,2026-08-30T19:00,27.9,86,8.3,0.0,33.7
W39,South-West Zone,12716,20.28183370534078,85.82141500641647,2026-08-30T20:00,27.1,88,6.2,0.0,32.9
W39,South-West Zone,12716,20.28183370534078,85.82141500641647,2026-08-30T21:00,26.7,93,5.5,0.0,33.0
W39,South-West Zone,12716,20.28183370534078,85.82141500641647,2026-08-30T22:00,26.4,95,5.1,0.0,32.7
W39,South-West Zone,12716,20.28183370534078,85.82141500641647,2026-08-30T23:00,26.2,96,8.0,0.0,32.0
W39,South-West Zone,12716,20.28183370534078,85.82141500641647,2026-08-31T00:00,26.0,95,11.5,0.0,31.0
W39,South-West Zone,12716,20.28183370534078,85.82141500641647,2026-08-31T01:00,25.7,94,11.3,0.0,30.5
W39,South-West Zone,12716,20.28183370534078,85.82141500641647,2026-08-31T02:00,25.4,94,10.8,0.0,30.1
W39,South-West Zone,12716,20.28183370534078,85.82141500641647,2026-08-31T03:00,25.4,94,10.2,0.0,30.1
W39,South-West Zone,12716,20.28183370534078,85.82141500641647,2026-08-31T04:00,25.5,92,10.1,0.0,30.2
W39,South-West Zone,12716,20.28183370534078,85.82141500641647,2026-08-31T05:00,25.5,92,9.0,0.0,30.3
W39,South-West Zone,12716,20.28183370534078,85.82141500641647,2026-08-31T06:00,25.7,92,8.5,19.0,30.7
W39,South-West Zone,12716,20.28183370534078,85.82141500641647,2026-08-31T07:00,26.5,88,9.2,100.0,31.5
W39,South-West Zone,12716,20.28183370534078,85.82141500641647,2026-08-31T08:00,27.1,86,9.3,159.0,32.3
W39,South-West Zone,12716,20.28183370534078,85.82141500641647,2026-08-31T09:00,27.5,85,12.4,239.0,32.2
W39,South-West Zone,12716,20.28183370534078,85.82141500641647,2026-08-31T10:00,28.0,82,16.6,418.0,31.9
W39,South-West Zone,12716,20.28183370534078,85.82141500641647,2026-08-31T11:00,28.3,79,15.4,306.0,32.3
W39,South-West Zone,12716,20.28183370534078,85.82141500641647,2026-08-31T12:00,29.0,76,16.6,446.0,32.8
W39,South-West Zone,12716,20.28183370534078,85.82141500641647,2026-08-31T13:00,29.7,72,17.3,469.0,33.3
W39,South-West Zone,12716,20.28183370534078,85.82141500641647,2026-08-31T14:00,30.1,70,17.4,456.0,33.7
W39,South-West Zone,12716,20.28183370534078,85.82141500641647,2026-08-31T15:00,29.9,71,16.8,437.0,33.6
W39,South-West Zone,12716,20.28183370534078,85.82141500641647,2026-08-31T16:00,29.3,74,15.7,304.0,33.2
W39,South-West Zone,12716,20.28183370534078,85.82141500641647,2026-08-31T17:00,28.8,76,14.8,138.0,32.8
W39,South-West Zone,12716,20.28183370534078,85.82141500641647,2026-08-31T18:00,28.4,78,13.7,9.0,32.5
W39,South-West Zone,12716,20.28183370534078,85.82141500641647,2026-08-31T19:00,28.0,79,12.4,0.0,32.2
W39,South-West Zone,12716,20.28183370534078,85.82141500641647,2026-08-31T20:00,27.6,80,11.4,0.0,31.9
W39,South-West Zone,12716,20.28183370534078,85.82141500641647,2026-08-31T21:00,27.2,82,10.1,0.0,31.7
W39,South-West Zone,12716,20.28183370534078,85.82141500641647,2026-08-31T22:00,26.9,84,9.1,0.0,31.6
W39,South-West Zone,12716,20.28183370534078,85.82141500641647,2026-08-31T23:00,26.6,85,9.0,0.0,31.3
W39,South-West Zone,12716,20.28183370534078,85.82141500641647,2026-09-01T00:00,26.6,84,9.8,0.0,31.0
W39,South-West Zone,12716,20.28183370534078,85.82141500641647,2026-09-01T01:00,26.6,83,11.2,0.0,30.7
W39,South-West Zone,12716,20.28183370534078,85.82141500641647,2026-09-01T02:00,26.6,82,11.7,0.0,30.6
W39,South-West Zone,12716,20.28183370534078,85.82141500641647,2026-09-01T03:00,26.5,83,10.9,0.0,30.6
W39,South-West Zone,12716,20.28183370534078,85.82141500641647,2026-09-01T04:00,26.2,85,10.0,0.0,30.6
W39,South-West Zone,12716,20.28183370534078,85.82141500641647,2026-09-01T05:00,26.3,86,9.9,0.0,30.7
W39,South-West Zone,12716,20.28183370534078,85.82141500641647,2026-09-01T06:00,26.8,84,10.5,24.0,31.2
W39,South-West Zone,12716,20.28183370534078,85.82141500641647,2026-09-01T07:00,27.5,81,11.0,104.0,31.9
W39,South-West Zone,12716,20.28183370534078,85.82141500641647,2026-09-01T08:00,28.1,78,11.5,181.0,32.5
W39,South-West Zone,12716,20.28183370534078,85.82141500641647,2026-09-01T09:00,28.4,77,11.6,238.0,32.8
W39,South-West Zone,12716,20.28183370534078,85.82141500641647,2026-09-01T10:00,28.6,76,12.7,292.0,32.9
W39,South-West Zone,12716,20.28183370534078,85.82141500641647,2026-09-01T11:00,28.8,76,14.0,334.0,32.9
W39,South-West Zone,12716,20.28183370534078,85.82141500641647,2026-09-01T12:00,29.2,74,14.8,340.0,33.2
W39,South-West Zone,12716,20.28183370534078,85.82141500641647,2026-09-01T13:00,29.6,72,15.2,360.0,33.4
W39,South-West Zone,12716,20.28183370534078,85.82141500641647,2026-09-01T14:00,29.8,71,14.8,363.0,33.7
W39,South-West Zone,12716,20.28183370534078,85.82141500641647,2026-09-01T15:00,29.5,74,13.2,394.0,34.0
W39,South-West Zone,12716,20.28183370534078,85.82141500641647,2026-09-01T16:00,29.0,80,10.9,270.0,34.2
W39,South-West Zone,12716,20.28183370534078,85.82141500641647,2026-09-01T17:00,28.4,84,9.3,115.0,34.1
W39,South-West Zone,12716,20.28183370534078,85.82141500641647,2026-09-01T18:00,27.8,86,8.1,6.0,33.6
W39,South-West Zone,12716,20.28183370534078,85.82141500641647,2026-09-01T19:00,27.2,88,7.2,0.0,32.8
W39,South-West Zone,12716,20.28183370534078,85.82141500641647,2026-09-01T20:00,26.7,89,7.0,0.0,32.1
W39,South-West Zone,12716,20.28183370534078,85.82141500641647,2026-09-01T21:00,26.5,90,7.8,0.0,31.9
W39,South-West Zone,12716,20.28183370534078,85.82141500641647,2026-09-01T22:00,26.5,91,9.3,0.0,31.7
W39,South-West Zone,12716,20.28183370534078,85.82141500641647,2026-09-01T23:00,26.5,91,10.2,0.0,31.6
W63,South-West Zone,12241,20.254995789758354,85.79444075659097,2026-08-28T00:00,26.9,95,9.0,0.0,32.9
W63,South-West Zone,12241,20.254995789758354,85.79444075659097,2026-08-28T01:00,26.9,95,10.7,0.0,32.7
W63,South-West Zone,12241,20.254995789758354,85.79444075659097,2026-08-28T02:00,26.9,93,12.0,0.0,32.3
W63,South-West Zone,12241,20.254995789758354,85.79444075659097,2026-08-28T03:00,26.5,92,12.4,0.0,31.5
W63,South-West Zone,12241,20.254995789758354,85.79444075659097,2026-08-28T04:00,26.3,91,11.4,0.0,31.1
W63,South-West Zone,12241,20.254995789758354,85.79444075659097,2026-08-28T05:00,26.3,90,11.1,0.0,31.0
W63,South-West Zone,12241,20.254995789758354,85.79444075659097,2026-08-28T06:00,26.9,88,11.1,42.0,31.7
W63,South-West Zone,12241,20.254995789758354,85.79444075659097,2026-08-28T07:00,28.3,82,13.0,212.0,33.1
W63,South-West Zone,12241,20.254995789758354,85.79444075659097,2026-08-28T08:00,29.5,77,16.0,416.0,33.9
W63,South-West Zone,12241,20.254995789758354,85.79444075659097,2026-08-28T09:00,30.5,74,15.7,616.0,35.5
W63,South-West Zone,12241,20.254995789758354,85.79444075659097,2026-08-28T10:00,31.3,73,13.5,708.0,37.5
W63,South-West Zone,12241,20.254995789758354,85.79444075659097,2026-08-28T11:00,31.6,71,11.5,738.0,38.1
W63,South-West Zone,12241,20.254995789758354,85.79444075659097,2026-08-28T12:00,28.8,85,13.5,469.0,34.3
W63,South-West Zone,12241,20.254995789758354,85.79444075659097,2026-08-28T13:00,29.2,83,7.0,451.0,35.7
W63,South-West Zone,12241,20.254995789758354,85.79444075659097,2026-08-28T14:00,30.0,84,5.3,346.0,37.3
W63,South-West Zone,12241,20.254995789758354,85.79444075659097,2026-08-28T15:00,29.4,88,4.6,297.0,36.9
W63,South-West Zone,12241,20.254995789758354,85.79444075659097,2026-08-28T16:00,26.9,92,8.7,171.0,32.6
W63,South-West Zone,12241,20.254995789758354,85.79444075659097,2026-08-28T17:00,26.7,94,0.4,61.0,33.8
W63,South-West Zone,12241,20.254995789758354,85.79444075659097,2026-08-28T18:00,26.8,95,4.6,6.0,33.5
W63,South-West Zone,12241,20.254995789758354,85.79444075659097,2026-08-28T19:00,26.5,97,8.5,0.0,32.6
W63,South-West Zone,12241,20.254995789758354,85.79444075659097,2026-08-28T20:00,26.2,97,8.8,0.0,32.1
W63,South-West Zone,12241,20.254995789758354,85.79444075659097,2026-08-28T21:00,26.1,97,8.7,0.0,31.9
W63,South-West Zone,12241,20.254995789758354,85.79444075659097,2026-08-28T22:00,26.0,97,9.5,0.0,31.7
W63,South-West Zone,12241,20.254995789758354,85.79444075659097,2026-08-28T23:00,26.1,97,8.7,0.0,31.9
W63,South-West Zone,12241,20.254995789758354,85.79444075659097,2026-08-29T00:00,26.2,97,8.8,0.0,32.0
W63,South-West Zone,12241,20.254995789758354,85.79444075659097,2026-08-29T01:00,26.2,96,8.3,0.0,32.1
W63,South-West Zone,12241,20.254995789758354,85.79444075659097,2026-08-29T02:00,26.3,96,8.7,0.0,32.1
W63,South-West Zone,12241,20.254995789758354,85.79444075659097,2026-08-29T03:00,25.2,98,11.7,0.0,30.1
W63,South-West Zone,12241,20.254995789758354,85.79444075659097,2026-08-29T04:00,25.5,98,9.7,0.0,30.8
W63,South-West Zone,12241,20.254995789758354,85.79444075659097,2026-08-29T05:00,25.7,97,10.1,0.0,31.1
W63,South-West Zone,12241,20.254995789758354,85.79444075659097,2026-08-29T06:00,26.2,98,8.6,28.0,32.1
W63,South-West Zone,12241,20.254995789758354,85.79444075659097,2026-08-29T07:00,26.9,97,6.8,106.0,33.6
W63,South-West Zone,12241,20.254995789758354,85.79444075659097,2026-08-29T08:00,28.2,92,7.8,250.0,34.9
W63,South-West Zone,12241,20.254995789758354,85.79444075659097,2026-08-29T09:00,29.4,83,9.4,428.0,35.6
W63,South-West Zone,12241,20.254995789758354,85.79444075659097,2026-08-29T10:00,29.8,82,9.3,419.0,36.0
W63,South-West Zone,12241,20.254995789758354,85.79444075659097,2026-08-29T11:00,29.7,80,10.1,309.0,35.5
W63,South-West Zone,12241,20.254995789758354,85.79444075659097,2026-08-29T12:00,29.9,78,11.3,323.0,35.4
W63,South-West Zone,12241,20.254995789758354,85.79444075659097,2026-08-29T13:00,30.2,76,11.7,333.0,35.5
W63,South-West Zone,12241,20.254995789758354,85.79444075659097,2026-08-29T14:00,30.2,77,9.6,258.0,36.0
W63,South-West Zone,12241,20.254995789758354,85.79444075659097,2026-08-29T15:00,30.3,77,9.5,240.0,36.1
W63,South-West Zone,12241,20.254995789758354,85.79444075659097,2026-08-29T16:00,29.2,85,9.0,113.0,35.6
W63,South-West Zone,12241,20.254995789758354,85.79444075659097,2026-08-29T17:00,27.1,95,7.2,53.0,33.6
W63,South-West Zone,12241,20.254995789758354,85.79444075659097,2026-08-29T18:00,26.8,97,10.2,1.0,32.9
W63,South-West Zone,12241,20.254995789758354,85.79444075659097,2026-08-29T19:00,26.7,97,8.2,0.0,33.0
W63,South-West Zone,12241,20.254995789758354,85.79444075659097,2026-08-29T20:00,26.4,97,8.8,0.0,32.4
W63,South-West Zone,12241,20.254995789758354,85.79444075659097,2026-08-29T21:00,26.3,97,7.8,0.0,32.4
W63,South-West Zone,12241,20.254995789758354,85.79444075659097,2026-08-29T22:00,26.1,97,8.3,0.0,32.0
W63,South-West Zone,12241,20.254995789758354,85.79444075659097,2026-08-29T23:00,24.9,99,12.5,0.0,29.7
W63,South-West Zone,12241,20.254995789758354,85.79444075659097,2026-08-30T00:00,25.1,99,8.3,0.0,30.6
W63,South-West Zone,12241,20.254995789758354,85.79444075659097,2026-08-30T01:00,25.4,99,9.6,0.0,30.7
W63,South-West Zone,12241,20.254995789758354,85.79444075659097,2026-08-30T02:00,25.6,98,9.7,0.0,31.1
W63,South-West Zone,12241,20.254995789758354,85.79444075659097,2026-08-30T03:00,25.8,97,9.8,0.0,31.3
W63,South-West Zone,12241,20.254995789758354,85.79444075659097,2026-08-30T04:00,25.8,97,8.1,0.0,31.5
W63,South-West Zone,12241,20.254995789758354,85.79444075659097,2026-08-30T05:00,25.7,99,9.0,0.0,31.3
W63,South-West Zone,12241,20.254995789758354,85.79444075659097,2026-08-30T06:00,25.8,98,7.9,18.0,31.7
W63,South-West Zone,12241,20.254995789758354,85.79444075659097,2026-08-30T07:00,26.3,95,8.3,63.0,32.1
W63,South-West Zone,12241,20.254995789758354,85.79444075659097,2026-08-30T08:00,26.2,95,9.7,116.0,31.8
W63,South-West Zone,12241,20.254995789758354,85.79444075659097,2026-08-30T09:00,26.1,93,7.8,155.0,31.5
W63,South-West Zone,12241,20.254995789758354,85.79444075659097,2026-08-30T10:00,26.9,93,7.2,197.0,33.0
W63,South-West Zone,12241,20.254995789758354,85.79444075659097,2026-08-30T11:00,26.8,93,8.5,156.0,32.6
W63,South-West Zone,12241,20.254995789758354,85.79444075659097,2026-08-30T12:00,28.0,89,7.9,345.0,34.1
W63,South-West Zone,12241,20.254995789758354,85.79444075659097,2026-08-30T13:00,29.0,83,10.7,334.0,34.7
W63,South-West Zone,12241,20.254995789758354,85.79444075659097,2026-08-30T14:00,29.6,79,12.1,389.0,34.8
W63,South-West Zone,12241,20.254995789758354,85.79444075659097,2026-08-30T15:00,29.9,76,13.0,333.0,34.9
W63,South-West Zone,12241,20.254995789758354,85.79444075659097,2026-08-30T16:00,29.6,78,12.7,221.0,34.6
W63,South-West Zone,12241,20.254995789758354,85.79444075659097,2026-08-30T17:00,29.0,81,9.0,110.0,34.7
W63,South-West Zone,12241,20.254995789758354,85.79444075659097,2026-08-30T18:00,28.1,85,8.2,10.0,33.9
W63,South-West Zone,12241,20.254995789758354,85.79444075659097,2026-08-30T19:00,27.9,86,8.3,0.0,33.7
W63,South-West Zone,12241,20.254995789758354,85.79444075659097,2026-08-30T20:00,27.1,88,6.2,0.0,32.9
W63,South-West Zone,12241,20.254995789758354,85.79444075659097,2026-08-30T21:00,26.7,93,5.5,0.0,33.0
W63,South-West Zone,12241,20.254995789758354,85.79444075659097,2026-08-30T22:00,26.4,95,5.1,0.0,32.7
W63,South-West Zone,12241,20.254995789758354,85.79444075659097,2026-08-30T23:00,26.2,96,8.0,0.0,32.0
W63,South-West Zone,12241,20.254995789758354,85.79444075659097,2026-08-31T00:00,26.0,95,11.5,0.0,31.0
W63,South-West Zone,12241,20.254995789758354,85.79444075659097,2026-08-31T01:00,25.7,94,11.3,0.0,30.5
W63,South-West Zone,12241,20.254995789758354,85.79444075659097,2026-08-31T02:00,25.4,94,10.8,0.0,30.1
W63,South-West Zone,12241,20.254995789758354,85.79444075659097,2026-08-31T03:00,25.4,94,10.2,0.0,30.1
W63,South-West Zone,12241,20.254995789758354,85.79444075659097,2026-08-31T04:00,25.5,92,10.1,0.0,30.2
W63,South-West Zone,12241,20.254995789758354,85.79444075659097,2026-08-31T05:00,25.5,92,9.0,0.0,30.3
W63,South-West Zone,12241,20.254995789758354,85.79444075659097,2026-08-31T06:00,25.7,92,8.5,19.0,30.7
W63,South-West Zone,12241,20.254995789758354,85.79444075659097,2026-08-31T07:00,26.5,88,9.2,100.0,31.5
W63,South-West Zone,12241,20.254995789758354,85.79444075659097,2026-08-31T08:00,27.1,86,9.3,159.0,32.3
W63,South-West Zone,12241,20.254995789758354,85.79444075659097,2026-08-31T09:00,27.5,85,12.4,239.0,32.2
W63,South-West Zone,12241,20.254995789758354,85.79444075659097,2026-08-31T10:00,28.0,82,16.6,418.0,31.9
W63,South-West Zone,12241,20.254995789758354,85.79444075659097,2026-08-31T11:00,28.3,79,15.4,306.0,32.3
W63,South-West Zone,12241,20.254995789758354,85.79444075659097,2026-08-31T12:00,29.0,76,16.6,446.0,32.8
W63,South-West Zone,12241,20.254995789758354,85.79444075659097,2026-08-31T13:00,29.7,72,17.3,469.0,33.3
W63,South-West Zone,12241,20.254995789758354,85.79444075659097,2026-08-31T14:00,30.1,70,17.4,456.0,33.7
W63,South-West Zone,12241,20.254995789758354,85.79444075659097,2026-08-31T15:00,29.9,71,16.8,437.0,33.6
W63,South-West Zone,12241,20.254995789758354,85.79444075659097,2026-08-31T16:00,29.3,74,15.7,304.0,33.2
W63,South-West Zone,12241,20.254995789758354,85.79444075659097,2026-08-31T17:00,28.8,76,14.8,138.0,32.8
W63,South-West Zone,12241,20.254995789758354,85.79444075659097,2026-08-31T18:00,28.4,78,13.7,9.0,32.5
W63,South-West Zone,12241,20.254995789758354,85.79444075659097,2026-08-31T19:00,28.0,79,12.4,0.0,32.2
W63,South-West Zone,12241,20.254995789758354,85.79444075659097,2026-08-31T20:00,27.6,80,11.4,0.0,31.9
W63,South-West Zone,12241,20.254995789758354,85.79444075659097,2026-08-31T21:00,27.2,82,10.1,0.0,31.7
W63,South-West Zone,12241,20.254995789758354,85.79444075659097,2026-08-31T22:00,26.9,84,9.1,0.0,31.6
W63,South-West Zone,12241,20.254995789758354,85.79444075659097,2026-08-31T23:00,26.6,85,9.0,0.0,31.3
W63,South-West Zone,12241,20.254995789758354,85.79444075659097,2026-09-01T00:00,26.6,84,9.8,0.0,31.0
W63,South-West Zone,12241,20.254995789758354,85.79444075659097,2026-09-01T01:00,26.6,83,11.2,0.0,30.7
W63,South-West Zone,12241,20.254995789758354,85.79444075659097,2026-09-01T02:00,26.6,82,11.7,0.0,30.6
W63,South-West Zone,12241,20.254995789758354,85.79444075659097,2026-09-01T03:00,26.5,83,10.9,0.0,30.6
W63,South-West Zone,12241,20.254995789758354,85.79444075659097,2026-09-01T04:00,26.2,85,10.0,0.0,30.6
W63,South-West Zone,12241,20.254995789758354,85.79444075659097,2026-09-01T05:00,26.3,86,9.9,0.0,30.7
W63,South-West Zone,12241,20.254995789758354,85.79444075659097,2026-09-01T06:00,26.8,84,10.5,24.0,31.2
W63,South-West Zone,12241,20.254995789758354,85.79444075659097,2026-09-01T07:00,27.5,81,11.0,104.0,31.9
W63,South-West Zone,12241,20.254995789758354,85.79444075659097,2026-09-01T08:00,28.1,78,11.5,181.0,32.5
W63,South-West Zone,12241,20.254995789758354,85.79444075659097,2026-09-01T09:00,28.4,77,11.6,238.0,32.8
W63,South-West Zone,12241,20.254995789758354,85.79444075659097,2026-09-01T10:00,28.6,76,12.7,292.0,32.9
W63,South-West Zone,12241,20.254995789758354,85.79444075659097,2026-09-01T11:00,28.8,76,14.0,334.0,32.9
W63,South-West Zone,12241,20.254995789758354,85.79444075659097,2026-09-01T12:00,29.2,74,14.8,340.0,33.2
W63,South-West Zone,12241,20.254995789758354,85.79444075659097,2026-09-01T13:00,29.6,72,15.2,360.0,33.4
W63,South-West Zone,12241,20.254995789758354,85.79444075659097,2026-09-01T14:00,29.8,71,14.8,363.0,33.7
W63,South-West Zone,12241,20.254995789758354,85.79444075659097,2026-09-01T15:00,29.5,74,13.2,394.0,34.0
W63,South-West Zone,12241,20.254995789758354,85.79444075659097,2026-09-01T16:00,29.0,80,10.9,270.0,34.2
W63,South-West Zone,12241,20.254995789758354,85.79444075659097,2026-09-01T17:00,28.4,84,9.3,115.0,34.1
W63,South-West Zone,12241,20.254995789758354,85.79444075659097,2026-09-01T18:00,27.8,86,8.1,6.0,33.6
W63,South-West Zone,12241,20.254995789758354,85.79444075659097,2026-09-01T19:00,27.2,88,7.2,0.0,32.8
W63,South-West Zone,12241,20.254995789758354,85.79444075659097,2026-09-01T20:00,26.7,89,7.0,0.0,32.1
W63,South-West Zone,12241,20.254995789758354,85.79444075659097,2026-09-01T21:00,26.5,90,7.8,0.0,31.9
W63,South-West Zone,12241,20.254995789758354,85.79444075659097,2026-09-01T22:00,26.5,91,9.3,0.0,31.7
W63,South-West Zone,12241,20.254995789758354,85.79444075659097,2026-09-01T23:00,26.5,91,10.2,0.0,31.6
W50,South-West Zone,11795,20.26645106904951,85.79985998432348,2026-08-28T00:00,26.9,95,9.0,0.0,32.9
W50,South-West Zone,11795,20.26645106904951,85.79985998432348,2026-08-28T01:00,26.9,95,10.7,0.0,32.7
W50,South-West Zone,11795,20.26645106904951,85.79985998432348,2026-08-28T02:00,26.9,93,12.0,0.0,32.3
W50,South-West Zone,11795,20.26645106904951,85.79985998432348,2026-08-28T03:00,26.5,92,12.4,0.0,31.5
W50,South-West Zone,11795,20.26645106904951,85.79985998432348,2026-08-28T04:00,26.3,91,11.4,0.0,31.1
W50,South-West Zone,11795,20.26645106904951,85.79985998432348,2026-08-28T05:00,26.3,90,11.1,0.0,31.0
W50,South-West Zone,11795,20.26645106904951,85.79985998432348,2026-08-28T06:00,26.9,88,11.1,42.0,31.7
W50,South-West Zone,11795,20.26645106904951,85.79985998432348,2026-08-28T07:00,28.3,82,13.0,212.0,33.1
W50,South-West Zone,11795,20.26645106904951,85.79985998432348,2026-08-28T08:00,29.5,77,16.0,416.0,33.9
W50,South-West Zone,11795,20.26645106904951,85.79985998432348,2026-08-28T09:00,30.5,74,15.7,616.0,35.5
W50,South-West Zone,11795,20.26645106904951,85.79985998432348,2026-08-28T10:00,31.3,73,13.5,708.0,37.5
W50,South-West Zone,11795,20.26645106904951,85.79985998432348,2026-08-28T11:00,31.6,71,11.5,738.0,38.1
W50,South-West Zone,11795,20.26645106904951,85.79985998432348,2026-08-28T12:00,28.8,85,13.5,469.0,34.3
W50,South-West Zone,11795,20.26645106904951,85.79985998432348,2026-08-28T13:00,29.2,83,7.0,451.0,35.7
W50,South-West Zone,11795,20.26645106904951,85.79985998432348,2026-08-28T14:00,30.0,84,5.3,346.0,37.3
W50,South-West Zone,11795,20.26645106904951,85.79985998432348,2026-08-28T15:00,29.4,88,4.6,297.0,36.9
W50,South-West Zone,11795,20.26645106904951,85.79985998432348,2026-08-28T16:00,26.9,92,8.7,171.0,32.6
W50,South-West Zone,11795,20.26645106904951,85.79985998432348,2026-08-28T17:00,26.7,94,0.4,61.0,33.8
W50,South-West Zone,11795,20.26645106904951,85.79985998432348,2026-08-28T18:00,26.8,95,4.6,6.0,33.5
W50,South-West Zone,11795,20.26645106904951,85.79985998432348,2026-08-28T19:00,26.5,97,8.5,0.0,32.6
W50,South-West Zone,11795,20.26645106904951,85.79985998432348,2026-08-28T20:00,26.2,97,8.8,0.0,32.1
W50,South-West Zone,11795,20.26645106904951,85.79985998432348,2026-08-28T21:00,26.1,97,8.7,0.0,31.9
W50,South-West Zone,11795,20.26645106904951,85.79985998432348,2026-08-28T22:00,26.0,97,9.5,0.0,31.7
W50,South-West Zone,11795,20.26645106904951,85.79985998432348,2026-08-28T23:00,26.1,97,8.7,0.0,31.9
W50,South-West Zone,11795,20.26645106904951,85.79985998432348,2026-08-29T00:00,26.2,97,8.8,0.0,32.0
W50,South-West Zone,11795,20.26645106904951,85.79985998432348,2026-08-29T01:00,26.2,96,8.3,0.0,32.1
W50,South-West Zone,11795,20.26645106904951,85.79985998432348,2026-08-29T02:00,26.3,96,8.7,0.0,32.1
W50,South-West Zone,11795,20.26645106904951,85.79985998432348,2026-08-29T03:00,25.2,98,11.7,0.0,30.1
W50,South-West Zone,11795,20.26645106904951,85.79985998432348,2026-08-29T04:00,25.5,98,9.7,0.0,30.8
W50,South-West Zone,11795,20.26645106904951,85.79985998432348,2026-08-29T05:00,25.7,97,10.1,0.0,31.1
W50,South-West Zone,11795,20.26645106904951,85.79985998432348,2026-08-29T06:00,26.2,98,8.6,28.0,32.1
W50,South-West Zone,11795,20.26645106904951,85.79985998432348,2026-08-29T07:00,26.9,97,6.8,106.0,33.6
W50,South-West Zone,11795,20.26645106904951,85.79985998432348,2026-08-29T08:00,28.2,92,7.8,250.0,34.9
W50,South-West Zone,11795,20.26645106904951,85.79985998432348,2026-08-29T09:00,29.4,83,9.4,428.0,35.6
W50,South-West Zone,11795,20.26645106904951,85.79985998432348,2026-08-29T10:00,29.8,82,9.3,419.0,36.0
W50,South-West Zone,11795,20.26645106904951,85.79985998432348,2026-08-29T11:00,29.7,80,10.1,309.0,35.5
W50,South-West Zone,11795,20.26645106904951,85.79985998432348,2026-08-29T12:00,29.9,78,11.3,323.0,35.4
W50,South-West Zone,11795,20.26645106904951,85.79985998432348,2026-08-29T13:00,30.2,76,11.7,333.0,35.5
W50,South-West Zone,11795,20.26645106904951,85.79985998432348,2026-08-29T14:00,30.2,77,9.6,258.0,36.0
W50,South-West Zone,11795,20.26645106904951,85.79985998432348,2026-08-29T15:00,30.3,77,9.5,240.0,36.1
W50,South-West Zone,11795,20.26645106904951,85.79985998432348,2026-08-29T16:00,29.2,85,9.0,113.0,35.6
W50,South-West Zone,11795,20.26645106904951,85.79985998432348,2026-08-29T17:00,27.1,95,7.2,53.0,33.6
W50,South-West Zone,11795,20.26645106904951,85.79985998432348,2026-08-29T18:00,26.8,97,10.2,1.0,32.9
W50,South-West Zone,11795,20.26645106904951,85.79985998432348,2026-08-29T19:00,26.7,97,8.2,0.0,33.0
W50,South-West Zone,11795,20.26645106904951,85.79985998432348,2026-08-29T20:00,26.4,97,8.8,0.0,32.4
W50,South-West Zone,11795,20.26645106904951,85.79985998432348,2026-08-29T21:00,26.3,97,7.8,0.0,32.4
W50,South-West Zone,11795,20.26645106904951,85.79985998432348,2026-08-29T22:00,26.1,97,8.3,0.0,32.0
W50,South-West Zone,11795,20.26645106904951,85.79985998432348,2026-08-29T23:00,24.9,99,12.5,0.0,29.7
W50,South-West Zone,11795,20.26645106904951,85.79985998432348,2026-08-30T00:00,25.1,99,8.3,0.0,30.6
W50,South-West Zone,11795,20.26645106904951,85.79985998432348,2026-08-30T01:00,25.4,99,9.6,0.0,30.7
W50,South-West Zone,11795,20.26645106904951,85.79985998432348,2026-08-30T02:00,25.6,98,9.7,0.0,31.1
W50,South-West Zone,11795,20.26645106904951,85.79985998432348,2026-08-30T03:00,25.8,97,9.8,0.0,31.3
W50,South-West Zone,11795,20.26645106904951,85.79985998432348,2026-08-30T04:00,25.8,97,8.1,0.0,31.5
W50,South-West Zone,11795,20.26645106904951,85.79985998432348,2026-08-30T05:00,25.7,99,9.0,0.0,31.3
W50,South-West Zone,11795,20.26645106904951,85.79985998432348,2026-08-30T06:00,25.8,98,7.9,18.0,31.7
W50,South-West Zone,11795,20.26645106904951,85.79985998432348,2026-08-30T07:00,26.3,95,8.3,63.0,32.1
W50,South-West Zone,11795,20.26645106904951,85.79985998432348,2026-08-30T08:00,26.2,95,9.7,116.0,31.8
W50,South-West Zone,11795,20.26645106904951,85.79985998432348,2026-08-30T09:00,26.1,93,7.8,155.0,31.5
W50,South-West Zone,11795,20.26645106904951,85.79985998432348,2026-08-30T10:00,26.9,93,7.2,197.0,33.0
W50,South-West Zone,11795,20.26645106904951,85.79985998432348,2026-08-30T11:00,26.8,93,8.5,156.0,32.6
W50,South-West Zone,11795,20.26645106904951,85.79985998432348,2026-08-30T12:00,28.0,89,7.9,345.0,34.1
W50,South-West Zone,11795,20.26645106904951,85.79985998432348,2026-08-30T13:00,29.0,83,10.7,334.0,34.7
W50,South-West Zone,11795,20.26645106904951,85.79985998432348,2026-08-30T14:00,29.6,79,12.1,389.0,34.8
W50,South-West Zone,11795,20.26645106904951,85.79985998432348,2026-08-30T15:00,29.9,76,13.0,333.0,34.9
W50,South-West Zone,11795,20.26645106904951,85.79985998432348,2026-08-30T16:00,29.6,78,12.7,221.0,34.6
W50,South-West Zone,11795,20.26645106904951,85.79985998432348,2026-08-30T17:00,29.0,81,9.0,110.0,34.7
W50,South-West Zone,11795,20.26645106904951,85.79985998432348,2026-08-30T18:00,28.1,85,8.2,10.0,33.9
W50,South-West Zone,11795,20.26645106904951,85.79985998432348,2026-08-30T19:00,27.9,86,8.3,0.0,33.7
W50,South-West Zone,11795,20.26645106904951,85.79985998432348,2026-08-30T20:00,27.1,88,6.2,0.0,32.9
W50,South-West Zone,11795,20.26645106904951,85.79985998432348,2026-08-30T21:00,26.7,93,5.5,0.0,33.0
W50,South-West Zone,11795,20.26645106904951,85.79985998432348,2026-08-30T22:00,26.4,95,5.1,0.0,32.7
W50,South-West Zone,11795,20.26645106904951,85.79985998432348,2026-08-30T23:00,26.2,96,8.0,0.0,32.0
W50,South-West Zone,11795,20.26645106904951,85.79985998432348,2026-08-31T00:00,26.0,95,11.5,0.0,31.0
W50,South-West Zone,11795,20.26645106904951,85.79985998432348,2026-08-31T01:00,25.7,94,11.3,0.0,30.5
W50,South-West Zone,11795,20.26645106904951,85.79985998432348,2026-08-31T02:00,25.4,94,10.8,0.0,30.1
W50,South-West Zone,11795,20.26645106904951,85.79985998432348,2026-08-31T03:00,25.4,94,10.2,0.0,30.1
W50,South-West Zone,11795,20.26645106904951,85.79985998432348,2026-08-31T04:00,25.5,92,10.1,0.0,30.2
W50,South-West Zone,11795,20.26645106904951,85.79985998432348,2026-08-31T05:00,25.5,92,9.0,0.0,30.3
W50,South-West Zone,11795,20.26645106904951,85.79985998432348,2026-08-31T06:00,25.7,92,8.5,19.0,30.7
W50,South-West Zone,11795,20.26645106904951,85.79985998432348,2026-08-31T07:00,26.5,88,9.2,100.0,31.5
W50,South-West Zone,11795,20.26645106904951,85.79985998432348,2026-08-31T08:00,27.1,86,9.3,159.0,32.3
W50,South-West Zone,11795,20.26645106904951,85.79985998432348,2026-08-31T09:00,27.5,85,12.4,239.0,32.2
W50,South-West Zone,11795,20.26645106904951,85.79985998432348,2026-08-31T10:00,28.0,82,16.6,418.0,31.9
W50,South-West Zone,11795,20.26645106904951,85.79985998432348,2026-08-31T11:00,28.3,79,15.4,306.0,32.3
W50,South-West Zone,11795,20.26645106904951,85.79985998432348,2026-08-31T12:00,29.0,76,16.6,446.0,32.8
W50,South-West Zone,11795,20.26645106904951,85.79985998432348,2026-08-31T13:00,29.7,72,17.3,469.0,33.3
W50,South-West Zone,11795,20.26645106904951,85.79985998432348,2026-08-31T14:00,30.1,70,17.4,456.0,33.7
W50,South-West Zone,11795,20.26645106904951,85.79985998432348,2026-08-31T15:00,29.9,71,16.8,437.0,33.6
W50,South-West Zone,11795,20.26645106904951,85.79985998432348,2026-08-31T16:00,29.3,74,15.7,304.0,33.2
W50,South-West Zone,11795,20.26645106904951,85.79985998432348,2026-08-31T17:00,28.8,76,14.8,138.0,32.8
W50,South-West Zone,11795,20.26645106904951,85.79985998432348,2026-08-31T18:00,28.4,78,13.7,9.0,32.5
W50,South-West Zone,11795,20.26645106904951,85.79985998432348,2026-08-31T19:00,28.0,79,12.4,0.0,32.2
W50,South-West Zone,11795,20.26645106904951,85.79985998432348,2026-08-31T20:00,27.6,80,11.4,0.0,31.9
W50,South-West Zone,11795,20.26645106904951,85.79985998432348,2026-08-31T21:00,27.2,82,10.1,0.0,31.7
W50,South-West Zone,11795,20.26645106904951,85.79985998432348,2026-08-31T22:00,26.9,84,9.1,0.0,31.6
W50,South-West Zone,11795,20.26645106904951,85.79985998432348,2026-08-31T23:00,26.6,85,9.0,0.0,31.3
W50,South-West Zone,11795,20.26645106904951,85.79985998432348,2026-09-01T00:00,26.6,84,9.8,0.0,31.0
W50,South-West Zone,11795,20.26645106904951,85.79985998432348,2026-09-01T01:00,26.6,83,11.2,0.0,30.7
W50,South-West Zone,11795,20.26645106904951,85.79985998432348,2026-09-01T02:00,26.6,82,11.7,0.0,30.6
W50,South-West Zone,11795,20.26645106904951,85.79985998432348,2026-09-01T03:00,26.5,83,10.9,0.0,30.6
W50,South-West Zone,11795,20.26645106904951,85.79985998432348,2026-09-01T04:00,26.2,85,10.0,0.0,30.6
W50,South-West Zone,11795,20.26645106904951,85.79985998432348,2026-09-01T05:00,26.3,86,9.9,0.0,30.7
W50,South-West Zone,11795,20.26645106904951,85.79985998432348,2026-09-01T06:00,26.8,84,10.5,24.0,31.2
W50,South-West Zone,11795,20.26645106904951,85.79985998432348,2026-09-01T07:00,27.5,81,11.0,104.0,31.9
W50,South-West Zone,11795,20.26645106904951,85.79985998432348,2026-09-01T08:00,28.1,78,11.5,181.0,32.5
W50,South-West Zone,11795,20.26645106904951,85.79985998432348,2026-09-01T09:00,28.4,77,11.6,238.0,32.8
W50,South-West Zone,11795,20.26645106904951,85.79985998432348,2026-09-01T10:00,28.6,76,12.7,292.0,32.9
W50,South-West Zone,11795,20.26645106904951,85.79985998432348,2026-09-01T11:00,28.8,76,14.0,334.0,32.9
W50,South-West Zone,11795,20.26645106904951,85.79985998432348,2026-09-01T12:00,29.2,74,14.8,340.0,33.2
W50,South-West Zone,11795,20.26645106904951,85.79985998432348,2026-09-01T13:00,29.6,72,15.2,360.0,33.4
W50,South-West Zone,11795,20.26645106904951,85.79985998432348,2026-09-01T14:00,29.8,71,14.8,363.0,33.7
W50,South-West Zone,11795,20.26645106904951,85.79985998432348,2026-09-01T15:00,29.5,74,13.2,394.0,34.0
W50,South-West Zone,11795,20.26645106904951,85.79985998432348,2026-09-01T16:00,29.0,80,10.9,270.0,34.2
W50,South-West Zone,11795,20.26645106904951,85.79985998432348,2026-09-01T17:00,28.4,84,9.3,115.0,34.1
W50,South-West Zone,11795,20.26645106904951,85.79985998432348,2026-09-01T18:00,27.8,86,8.1,6.0,33.6
W50,South-West Zone,11795,20.26645106904951,85.79985998432348,2026-09-01T19:00,27.2,88,7.2,0.0,32.8
W50,South-West Zone,11795,20.26645106904951,85.79985998432348,2026-09-01T20:00,26.7,89,7.0,0.0,32.1
W50,South-West Zone,11795,20.26645106904951,85.79985998432348,2026-09-01T21:00,26.5,90,7.8,0.0,31.9
W50,South-West Zone,11795,20.26645106904951,85.79985998432348,2026-09-01T22:00,26.5,91,9.3,0.0,31.7
W50,South-West Zone,11795,20.26645106904951,85.79985998432348,2026-09-01T23:00,26.5,91,10.2,0.0,31.6
W19,North Zone,14071,20.291810114124903,85.8640593944665,2026-08-28T00:00,26.9,95,9.0,0.0,32.9
W19,North Zone,14071,20.291810114124903,85.8640593944665,2026-08-28T01:00,26.9,95,10.7,0.0,32.7
W19,North Zone,14071,20.291810114124903,85.8640593944665,2026-08-28T02:00,26.9,93,12.0,0.0,32.3
W19,North Zone,14071,20.291810114124903,85.8640593944665,2026-08-28T03:00,26.5,92,12.4,0.0,31.5
W19,North Zone,14071,20.291810114124903,85.8640593944665,2026-08-28T04:00,26.3,91,11.4,0.0,31.1
W19,North Zone,14071,20.291810114124903,85.8640593944665,2026-08-28T05:00,26.3,90,11.1,0.0,31.0
W19,North Zone,14071,20.291810114124903,85.8640593944665,2026-08-28T06:00,26.9,88,11.1,42.0,31.7
W19,North Zone,14071,20.291810114124903,85.8640593944665,2026-08-28T07:00,28.3,82,13.0,212.0,33.1
W19,North Zone,14071,20.291810114124903,85.8640593944665,2026-08-28T08:00,29.5,77,16.0,416.0,33.9
W19,North Zone,14071,20.291810114124903,85.8640593944665,2026-08-28T09:00,30.5,74,15.7,616.0,35.5
W19,North Zone,14071,20.291810114124903,85.8640593944665,2026-08-28T10:00,31.3,73,13.5,708.0,37.5
W19,North Zone,14071,20.291810114124903,85.8640593944665,2026-08-28T11:00,31.6,71,11.5,738.0,38.1
W19,North Zone,14071,20.291810114124903,85.8640593944665,2026-08-28T12:00,28.8,85,13.5,469.0,34.3
W19,North Zone,14071,20.291810114124903,85.8640593944665,2026-08-28T13:00,29.2,83,7.0,451.0,35.7
W19,North Zone,14071,20.291810114124903,85.8640593944665,2026-08-28T14:00,30.0,84,5.3,346.0,37.3
W19,North Zone,14071,20.291810114124903,85.8640593944665,2026-08-28T15:00,29.4,88,4.6,297.0,36.9
W19,North Zone,14071,20.291810114124903,85.8640593944665,2026-08-28T16:00,26.9,92,8.7,171.0,32.6
W19,North Zone,14071,20.291810114124903,85.8640593944665,2026-08-28T17:00,26.7,94,0.4,61.0,33.8
W19,North Zone,14071,20.291810114124903,85.8640593944665,2026-08-28T18:00,26.8,95,4.6,6.0,33.5
W19,North Zone,14071,20.291810114124903,85.8640593944665,2026-08-28T19:00,26.5,97,8.5,0.0,32.6
W19,North Zone,14071,20.291810114124903,85.8640593944665,2026-08-28T20:00,26.2,97,8.8,0.0,32.1
W19,North Zone,14071,20.291810114124903,85.8640593944665,2026-08-28T21:00,26.1,97,8.7,0.0,31.9
W19,North Zone,14071,20.291810114124903,85.8640593944665,2026-08-28T22:00,26.0,97,9.5,0.0,31.7
W19,North Zone,14071,20.291810114124903,85.8640593944665,2026-08-28T23:00,26.1,97,8.7,0.0,31.9
W19,North Zone,14071,20.291810114124903,85.8640593944665,2026-08-29T00:00,26.2,97,8.8,0.0,32.0
W19,North Zone,14071,20.291810114124903,85.8640593944665,2026-08-29T01:00,26.2,96,8.3,0.0,32.1
W19,North Zone,14071,20.291810114124903,85.8640593944665,2026-08-29T02:00,26.3,96,8.7,0.0,32.1
W19,North Zone,14071,20.291810114124903,85.8640593944665,2026-08-29T03:00,25.2,98,11.7,0.0,30.1
W19,North Zone,14071,20.291810114124903,85.8640593944665,2026-08-29T04:00,25.5,98,9.7,0.0,30.8
W19,North Zone,14071,20.291810114124903,85.8640593944665,2026-08-29T05:00,25.7,97,10.1,0.0,31.1
W19,North Zone,14071,20.291810114124903,85.8640593944665,2026-08-29T06:00,26.2,98,8.6,28.0,32.1
W19,North Zone,14071,20.291810114124903,85.8640593944665,2026-08-29T07:00,26.9,97,6.8,106.0,33.6
W19,North Zone,14071,20.291810114124903,85.8640593944665,2026-08-29T08:00,28.2,92,7.8,250.0,34.9
W19,North Zone,14071,20.291810114124903,85.8640593944665,2026-08-29T09:00,29.4,83,9.4,428.0,35.6
W19,North Zone,14071,20.291810114124903,85.8640593944665,2026-08-29T10:00,29.8,82,9.3,419.0,36.0
W19,North Zone,14071,20.291810114124903,85.8640593944665,2026-08-29T11:00,29.7,80,10.1,309.0,35.5
W19,North Zone,14071,20.291810114124903,85.8640593944665,2026-08-29T12:00,29.9,78,11.3,323.0,35.4
W19,North Zone,14071,20.291810114124903,85.8640593944665,2026-08-29T13:00,30.2,76,11.7,333.0,35.5
W19,North Zone,14071,20.291810114124903,85.8640593944665,2026-08-29T14:00,30.2,77,9.6,258.0,36.0
W19,North Zone,14071,20.291810114124903,85.8640593944665,2026-08-29T15:00,30.3,77,9.5,240.0,36.1
W19,North Zone,14071,20.291810114124903,85.8640593944665,2026-08-29T16:00,29.2,85,9.0,113.0,35.6
W19,North Zone,14071,20.291810114124903,85.8640593944665,2026-08-29T17:00,27.1,95,7.2,53.0,33.6
W19,North Zone,14071,20.291810114124903,85.8640593944665,2026-08-29T18:00,26.8,97,10.2,1.0,32.9
W19,North Zone,14071,20.291810114124903,85.8640593944665,2026-08-29T19:00,26.7,97,8.2,0.0,33.0
W19,North Zone,14071,20.291810114124903,85.8640593944665,2026-08-29T20:00,26.4,97,8.8,0.0,32.4
W19,North Zone,14071,20.291810114124903,85.8640593944665,2026-08-29T21:00,26.3,97,7.8,0.0,32.4
W19,North Zone,14071,20.291810114124903,85.8640593944665,2026-08-29T22:00,26.1,97,8.3,0.0,32.0
W19,North Zone,14071,20.291810114124903,85.8640593944665,2026-08-29T23:00,24.9,99,12.5,0.0,29.7
W19,North Zone,14071,20.291810114124903,85.8640593944665,2026-08-30T00:00,25.1,99,8.3,0.0,30.6
W19,North Zone,14071,20.291810114124903,85.8640593944665,2026-08-30T01:00,25.4,99,9.6,0.0,30.7
W19,North Zone,14071,20.291810114124903,85.8640593944665,2026-08-30T02:00,25.6,98,9.7,0.0,31.1
W19,North Zone,14071,20.291810114124903,85.8640593944665,2026-08-30T03:00,25.8,97,9.8,0.0,31.3
W19,North Zone,14071,20.291810114124903,85.8640593944665,2026-08-30T04:00,25.8,97,8.1,0.0,31.5
W19,North Zone,14071,20.291810114124903,85.8640593944665,2026-08-30T05:00,25.7,99,9.0,0.0,31.3
W19,North Zone,14071,20.291810114124903,85.8640593944665,2026-08-30T06:00,25.8,98,7.9,18.0,31.7
W19,North Zone,14071,20.291810114124903,85.8640593944665,2026-08-30T07:00,26.3,95,8.3,63.0,32.1
W19,North Zone,14071,20.291810114124903,85.8640593944665,2026-08-30T08:00,26.2,95,9.7,116.0,31.8
W19,North Zone,14071,20.291810114124903,85.8640593944665,2026-08-30T09:00,26.1,93,7.8,155.0,31.5
W19,North Zone,14071,20.291810114124903,85.8640593944665,2026-08-30T10:00,26.9,93,7.2,197.0,33.0
W19,North Zone,14071,20.291810114124903,85.8640593944665,2026-08-30T11:00,26.8,93,8.5,156.0,32.6
W19,North Zone,14071,20.291810114124903,85.8640593944665,2026-08-30T12:00,28.0,89,7.9,345.0,34.1
W19,North Zone,14071,20.291810114124903,85.8640593944665,2026-08-30T13:00,29.0,83,10.7,334.0,34.7
W19,North Zone,14071,20.291810114124903,85.8640593944665,2026-08-30T14:00,29.6,79,12.1,389.0,34.8
W19,North Zone,14071,20.291810114124903,85.8640593944665,2026-08-30T15:00,29.9,76,13.0,333.0,34.9
W19,North Zone,14071,20.291810114124903,85.8640593944665,2026-08-30T16:00,29.6,78,12.7,221.0,34.6
W19,North Zone,14071,20.291810114124903,85.8640593944665,2026-08-30T17:00,29.0,81,9.0,110.0,34.7
W19,North Zone,14071,20.291810114124903,85.8640593944665,2026-08-30T18:00,28.1,85,8.2,10.0,33.9
W19,North Zone,14071,20.291810114124903,85.8640593944665,2026-08-30T19:00,27.9,86,8.3,0.0,33.7
W19,North Zone,14071,20.291810114124903,85.8640593944665,2026-08-30T20:00,27.1,88,6.2,0.0,32.9
W19,North Zone,14071,20.291810114124903,85.8640593944665,2026-08-30T21:00,26.7,93,5.5,0.0,33.0
W19,North Zone,14071,20.291810114124903,85.8640593944665,2026-08-30T22:00,26.4,95,5.1,0.0,32.7
W19,North Zone,14071,20.291810114124903,85.8640593944665,2026-08-30T23:00,26.2,96,8.0,0.0,32.0
W19,North Zone,14071,20.291810114124903,85.8640593944665,2026-08-31T00:00,26.0,95,11.5,0.0,31.0
W19,North Zone,14071,20.291810114124903,85.8640593944665,2026-08-31T01:00,25.7,94,11.3,0.0,30.5
W19,North Zone,14071,20.291810114124903,85.8640593944665,2026-08-31T02:00,25.4,94,10.8,0.0,30.1
W19,North Zone,14071,20.291810114124903,85.8640593944665,2026-08-31T03:00,25.4,94,10.2,0.0,30.1
W19,North Zone,14071,20.291810114124903,85.8640593944665,2026-08-31T04:00,25.5,92,10.1,0.0,30.2
W19,North Zone,14071,20.291810114124903,85.8640593944665,2026-08-31T05:00,25.5,92,9.0,0.0,30.3
W19,North Zone,14071,20.291810114124903,85.8640593944665,2026-08-31T06:00,25.7,92,8.5,19.0,30.7
W19,North Zone,14071,20.291810114124903,85.8640593944665,2026-08-31T07:00,26.5,88,9.2,100.0,31.5
W19,North Zone,14071,20.291810114124903,85.8640593944665,2026-08-31T08:00,27.1,86,9.3,159.0,32.3
W19,North Zone,14071,20.291810114124903,85.8640593944665,2026-08-31T09:00,27.5,85,12.4,239.0,32.2
W19,North Zone,14071,20.291810114124903,85.8640593944665,2026-08-31T10:00,28.0,82,16.6,418.0,31.9
W19,North Zone,14071,20.291810114124903,85.8640593944665,2026-08-31T11:00,28.3,79,15.4,306.0,32.3
W19,North Zone,14071,20.291810114124903,85.8640593944665,2026-08-31T12:00,29.0,76,16.6,446.0,32.8
W19,North Zone,14071,20.291810114124903,85.8640593944665,2026-08-31T13:00,29.7,72,17.3,469.0,33.3
W19,North Zone,14071,20.291810114124903,85.8640593944665,2026-08-31T14:00,30.1,70,17.4,456.0,33.7
W19,North Zone,14071,20.291810114124903,85.8640593944665,2026-08-31T15:00,29.9,71,16.8,437.0,33.6
W19,North Zone,14071,20.291810114124903,85.8640593944665,2026-08-31T16:00,29.3,74,15.7,304.0,33.2
W19,North Zone,14071,20.291810114124903,85.8640593944665,2026-08-31T17:00,28.8,76,14.8,138.0,32.8
W19,North Zone,14071,20.291810114124903,85.8640593944665,2026-08-31T18:00,28.4,78,13.7,9.0,32.5
W19,North Zone,14071,20.291810114124903,85.8640593944665,2026-08-31T19:00,28.0,79,12.4,0.0,32.2
W19,North Zone,14071,20.291810114124903,85.8640593944665,2026-08-31T20:00,27.6,80,11.4,0.0,31.9
W19,North Zone,14071,20.291810114124903,85.8640593944665,2026-08-31T21:00,27.2,82,10.1,0.0,31.7
W19,North Zone,14071,20.291810114124903,85.8640593944665,2026-08-31T22:00,26.9,84,9.1,0.0,31.6
W19,North Zone,14071,20.291810114124903,85.8640593944665,2026-08-31T23:00,26.6,85,9.0,0.0,31.3
W19,North Zone,14071,20.291810114124903,85.8640593944665,2026-09-01T00:00,26.6,84,9.8,0.0,31.0
W19,North Zone,14071,20.291810114124903,85.8640593944665,2026-09-01T01:00,26.6,83,11.2,0.0,30.7
W19,North Zone,14071,20.291810114124903,85.8640593944665,2026-09-01T02:00,26.6,82,11.7,0.0,30.6
W19,North Zone,14071,20.291810114124903,85.8640593944665,2026-09-01T03:00,26.5,83,10.9,0.0,30.6
W19,North Zone,14071,20.291810114124903,85.8640593944665,2026-09-01T04:00,26.2,85,10.0,0.0,30.6
W19,North Zone,14071,20.291810114124903,85.8640593944665,2026-09-01T05:00,26.3,86,9.9,0.0,30.7
W19,North Zone,14071,20.291810114124903,85.8640593944665,2026-09-01T06:00,26.8,84,10.5,24.0,31.2
W19,North Zone,14071,20.291810114124903,85.8640593944665,2026-09-01T07:00,27.5,81,11.0,104.0,31.9
W19,North Zone,14071,20.291810114124903,85.8640593944665,2026-09-01T08:00,28.1,78,11.5,181.0,32.5
W19,North Zone,14071,20.291810114124903,85.8640593944665,2026-09-01T09:00,28.4,77,11.6,238.0,32.8
W19,North Zone,14071,20.291810114124903,85.8640593944665,2026-09-01T10:00,28.6,76,12.7,292.0,32.9
W19,North Zone,14071,20.291810114124903,85.8640593944665,2026-09-01T11:00,28.8,76,14.0,334.0,32.9
W19,North Zone,14071,20.291810114124903,85.8640593944665,2026-09-01T12:00,29.2,74,14.8,340.0,33.2
W19,North Zone,14071,20.291810114124903,85.8640593944665,2026-09-01T13:00,29.6,72,15.2,360.0,33.4
W19,North Zone,14071,20.291810114124903,85.8640593944665,2026-09-01T14:00,29.8,71,14.8,363.0,33.7
W19,North Zone,14071,20.291810114124903,85.8640593944665,2026-09-01T15:00,29.5,74,13.2,394.0,34.0
W19,North Zone,14071,20.291810114124903,85.8640593944665,2026-09-01T16:00,29.0,80,10.9,270.0,34.2
W19,North Zone,14071,20.291810114124903,85.8640593944665,2026-09-01T17:00,28.4,84,9.3,115.0,34.1
W19,North Zone,14071,20.291810114124903,85.8640593944665,2026-09-01T18:00,27.8,86,8.1,6.0,33.6
W19,North Zone,14071,20.291810114124903,85.8640593944665,2026-09-01T19:00,27.2,88,7.2,0.0,32.8
W19,North Zone,14071,20.291810114124903,85.8640593944665,2026-09-01T20:00,26.7,89,7.0,0.0,32.1
W19,North Zone,14071,20.291810114124903,85.8640593944665,2026-09-01T21:00,26.5,90,7.8,0.0,31.9
W19,North Zone,14071,20.291810114124903,85.8640593944665,2026-09-01T22:00,26.5,91,9.3,0.0,31.7
W19,North Zone,14071,20.291810114124903,85.8640593944665,2026-09-01T23:00,26.5,91,10.2,0.0,31.6
W31,South-East Zone,11633,20.285792989387488,85.85618046850936,2026-08-28T00:00,26.9,95,9.0,0.0,32.9
W31,South-East Zone,11633,20.285792989387488,85.85618046850936,2026-08-28T01:00,26.9,95,10.7,0.0,32.7
W31,South-East Zone,11633,20.285792989387488,85.85618046850936,2026-08-28T02:00,26.9,93,12.0,0.0,32.3
W31,South-East Zone,11633,20.285792989387488,85.85618046850936,2026-08-28T03:00,26.5,92,12.4,0.0,31.5
W31,South-East Zone,11633,20.285792989387488,85.85618046850936,2026-08-28T04:00,26.3,91,11.4,0.0,31.1
W31,South-East Zone,11633,20.285792989387488,85.85618046850936,2026-08-28T05:00,26.3,90,11.1,0.0,31.0
W31,South-East Zone,11633,20.285792989387488,85.85618046850936,2026-08-28T06:00,26.9,88,11.1,42.0,31.7
W31,South-East Zone,11633,20.285792989387488,85.85618046850936,2026-08-28T07:00,28.3,82,13.0,212.0,33.1
W31,South-East Zone,11633,20.285792989387488,85.85618046850936,2026-08-28T08:00,29.5,77,16.0,416.0,33.9
W31,South-East Zone,11633,20.285792989387488,85.85618046850936,2026-08-28T09:00,30.5,74,15.7,616.0,35.5
W31,South-East Zone,11633,20.285792989387488,85.85618046850936,2026-08-28T10:00,31.3,73,13.5,708.0,37.5
W31,South-East Zone,11633,20.285792989387488,85.85618046850936,2026-08-28T11:00,31.6,71,11.5,738.0,38.1
W31,South-East Zone,11633,20.285792989387488,85.85618046850936,2026-08-28T12:00,28.8,85,13.5,469.0,34.3
W31,South-East Zone,11633,20.285792989387488,85.85618046850936,2026-08-28T13:00,29.2,83,7.0,451.0,35.7
W31,South-East Zone,11633,20.285792989387488,85.85618046850936,2026-08-28T14:00,30.0,84,5.3,346.0,37.3
W31,South-East Zone,11633,20.285792989387488,85.85618046850936,2026-08-28T15:00,29.4,88,4.6,297.0,36.9
W31,South-East Zone,11633,20.285792989387488,85.85618046850936,2026-08-28T16:00,26.9,92,8.7,171.0,32.6
W31,South-East Zone,11633,20.285792989387488,85.85618046850936,2026-08-28T17:00,26.7,94,0.4,61.0,33.8
W31,South-East Zone,11633,20.285792989387488,85.85618046850936,2026-08-28T18:00,26.8,95,4.6,6.0,33.5
W31,South-East Zone,11633,20.285792989387488,85.85618046850936,2026-08-28T19:00,26.5,97,8.5,0.0,32.6
W31,South-East Zone,11633,20.285792989387488,85.85618046850936,2026-08-28T20:00,26.2,97,8.8,0.0,32.1
W31,South-East Zone,11633,20.285792989387488,85.85618046850936,2026-08-28T21:00,26.1,97,8.7,0.0,31.9
W31,South-East Zone,11633,20.285792989387488,85.85618046850936,2026-08-28T22:00,26.0,97,9.5,0.0,31.7
W31,South-East Zone,11633,20.285792989387488,85.85618046850936,2026-08-28T23:00,26.1,97,8.7,0.0,31.9
W31,South-East Zone,11633,20.285792989387488,85.85618046850936,2026-08-29T00:00,26.2,97,8.8,0.0,32.0
W31,South-East Zone,11633,20.285792989387488,85.85618046850936,2026-08-29T01:00,26.2,96,8.3,0.0,32.1
W31,South-East Zone,11633,20.285792989387488,85.85618046850936,2026-08-29T02:00,26.3,96,8.7,0.0,32.1
W31,South-East Zone,11633,20.285792989387488,85.85618046850936,2026-08-29T03:00,25.2,98,11.7,0.0,30.1
W31,South-East Zone,11633,20.285792989387488,85.85618046850936,2026-08-29T04:00,25.5,98,9.7,0.0,30.8
W31,South-East Zone,11633,20.285792989387488,85.85618046850936,2026-08-29T05:00,25.7,97,10.1,0.0,31.1
W31,South-East Zone,11633,20.285792989387488,85.85618046850936,2026-08-29T06:00,26.2,98,8.6,28.0,32.1
W31,South-East Zone,11633,20.285792989387488,85.85618046850936,2026-08-29T07:00,26.9,97,6.8,106.0,33.6
W31,South-East Zone,11633,20.285792989387488,85.85618046850936,2026-08-29T08:00,28.2,92,7.8,250.0,34.9
W31,South-East Zone,11633,20.285792989387488,85.85618046850936,2026-08-29T09:00,29.4,83,9.4,428.0,35.6
W31,South-East Zone,11633,20.285792989387488,85.85618046850936,2026-08-29T10:00,29.8,82,9.3,419.0,36.0
W31,South-East Zone,11633,20.285792989387488,85.85618046850936,2026-08-29T11:00,29.7,80,10.1,309.0,35.5
W31,South-East Zone,11633,20.285792989387488,85.85618046850936,2026-08-29T12:00,29.9,78,11.3,323.0,35.4
W31,South-East Zone,11633,20.285792989387488,85.85618046850936,2026-08-29T13:00,30.2,76,11.7,333.0,35.5
W31,South-East Zone,11633,20.285792989387488,85.85618046850936,2026-08-29T14:00,30.2,77,9.6,258.0,36.0
W31,South-East Zone,11633,20.285792989387488,85.85618046850936,2026-08-29T15:00,30.3,77,9.5,240.0,36.1
W31,South-East Zone,11633,20.285792989387488,85.85618046850936,2026-08-29T16:00,29.2,85,9.0,113.0,35.6
W31,South-East Zone,11633,20.285792989387488,85.85618046850936,2026-08-29T17:00,27.1,95,7.2,53.0,33.6
W31,South-East Zone,11633,20.285792989387488,85.85618046850936,2026-08-29T18:00,26.8,97,10.2,1.0,32.9
W31,South-East Zone,11633,20.285792989387488,85.85618046850936,2026-08-29T19:00,26.7,97,8.2,0.0,33.0
W31,South-East Zone,11633,20.285792989387488,85.85618046850936,2026-08-29T20:00,26.4,97,8.8,0.0,32.4
W31,South-East Zone,11633,20.285792989387488,85.85618046850936,2026-08-29T21:00,26.3,97,7.8,0.0,32.4
W31,South-East Zone,11633,20.285792989387488,85.85618046850936,2026-08-29T22:00,26.1,97,8.3,0.0,32.0
W31,South-East Zone,11633,20.285792989387488,85.85618046850936,2026-08-29T23:00,24.9,99,12.5,0.0,29.7
W31,South-East Zone,11633,20.285792989387488,85.85618046850936,2026-08-30T00:00,25.1,99,8.3,0.0,30.6
W31,South-East Zone,11633,20.285792989387488,85.85618046850936,2026-08-30T01:00,25.4,99,9.6,0.0,30.7
W31,South-East Zone,11633,20.285792989387488,85.85618046850936,2026-08-30T02:00,25.6,98,9.7,0.0,31.1
W31,South-East Zone,11633,20.285792989387488,85.85618046850936,2026-08-30T03:00,25.8,97,9.8,0.0,31.3
W31,South-East Zone,11633,20.285792989387488,85.85618046850936,2026-08-30T04:00,25.8,97,8.1,0.0,31.5
W31,South-East Zone,11633,20.285792989387488,85.85618046850936,2026-08-30T05:00,25.7,99,9.0,0.0,31.3
W31,South-East Zone,11633,20.285792989387488,85.85618046850936,2026-08-30T06:00,25.8,98,7.9,18.0,31.7
W31,South-East Zone,11633,20.285792989387488,85.85618046850936,2026-08-30T07:00,26.3,95,8.3,63.0,32.1
W31,South-East Zone,11633,20.285792989387488,85.85618046850936,2026-08-30T08:00,26.2,95,9.7,116.0,31.8
W31,South-East Zone,11633,20.285792989387488,85.85618046850936,2026-08-30T09:00,26.1,93,7.8,155.0,31.5
W31,South-East Zone,11633,20.285792989387488,85.85618046850936,2026-08-30T10:00,26.9,93,7.2,197.0,33.0
W31,South-East Zone,11633,20.285792989387488,85.85618046850936,2026-08-30T11:00,26.8,93,8.5,156.0,32.6
W31,South-East Zone,11633,20.285792989387488,85.85618046850936,2026-08-30T12:00,28.0,89,7.9,345.0,34.1
W31,South-East Zone,11633,20.285792989387488,85.85618046850936,2026-08-30T13:00,29.0,83,10.7,334.0,34.7
W31,South-East Zone,11633,20.285792989387488,85.85618046850936,2026-08-30T14:00,29.6,79,12.1,389.0,34.8
W31,South-East Zone,11633,20.285792989387488,85.85618046850936,2026-08-30T15:00,29.9,76,13.0,333.0,34.9
W31,South-East Zone,11633,20.285792989387488,85.85618046850936,2026-08-30T16:00,29.6,78,12.7,221.0,34.6
W31,South-East Zone,11633,20.285792989387488,85.85618046850936,2026-08-30T17:00,29.0,81,9.0,110.0,34.7
W31,South-East Zone,11633,20.285792989387488,85.85618046850936,2026-08-30T18:00,28.1,85,8.2,10.0,33.9
W31,South-East Zone,11633,20.285792989387488,85.85618046850936,2026-08-30T19:00,27.9,86,8.3,0.0,33.7
W31,South-East Zone,11633,20.285792989387488,85.85618046850936,2026-08-30T20:00,27.1,88,6.2,0.0,32.9
W31,South-East Zone,11633,20.285792989387488,85.85618046850936,2026-08-30T21:00,26.7,93,5.5,0.0,33.0
W31,South-East Zone,11633,20.285792989387488,85.85618046850936,2026-08-30T22:00,26.4,95,5.1,0.0,32.7
W31,South-East Zone,11633,20.285792989387488,85.85618046850936,2026-08-30T23:00,26.2,96,8.0,0.0,32.0
W31,South-East Zone,11633,20.285792989387488,85.85618046850936,2026-08-31T00:00,26.0,95,11.5,0.0,31.0
W31,South-East Zone,11633,20.285792989387488,85.85618046850936,2026-08-31T01:00,25.7,94,11.3,0.0,30.5
W31,South-East Zone,11633,20.285792989387488,85.85618046850936,2026-08-31T02:00,25.4,94,10.8,0.0,30.1
W31,South-East Zone,11633,20.285792989387488,85.85618046850936,2026-08-31T03:00,25.4,94,10.2,0.0,30.1
W31,South-East Zone,11633,20.285792989387488,85.85618046850936,2026-08-31T04:00,25.5,92,10.1,0.0,30.2
W31,South-East Zone,11633,20.285792989387488,85.85618046850936,2026-08-31T05:00,25.5,92,9.0,0.0,30.3
W31,South-East Zone,11633,20.285792989387488,85.85618046850936,2026-08-31T06:00,25.7,92,8.5,19.0,30.7
W31,South-East Zone,11633,20.285792989387488,85.85618046850936,2026-08-31T07:00,26.5,88,9.2,100.0,31.5
W31,South-East Zone,11633,20.285792989387488,85.85618046850936,2026-08-31T08:00,27.1,86,9.3,159.0,32.3
W31,South-East Zone,11633,20.285792989387488,85.85618046850936,2026-08-31T09:00,27.5,85,12.4,239.0,32.2
W31,South-East Zone,11633,20.285792989387488,85.85618046850936,2026-08-31T10:00,28.0,82,16.6,418.0,31.9
W31,South-East Zone,11633,20.285792989387488,85.85618046850936,2026-08-31T11:00,28.3,79,15.4,306.0,32.3
W31,South-East Zone,11633,20.285792989387488,85.85618046850936,2026-08-31T12:00,29.0,76,16.6,446.0,32.8
W31,South-East Zone,11633,20.285792989387488,85.85618046850936,2026-08-31T13:00,29.7,72,17.3,469.0,33.3
W31,South-East Zone,11633,20.285792989387488,85.85618046850936,2026-08-31T14:00,30.1,70,17.4,456.0,33.7
W31,South-East Zone,11633,20.285792989387488,85.85618046850936,2026-08-31T15:00,29.9,71,16.8,437.0,33.6
W31,South-East Zone,11633,20.285792989387488,85.85618046850936,2026-08-31T16:00,29.3,74,15.7,304.0,33.2
W31,South-East Zone,11633,20.285792989387488,85.85618046850936,2026-08-31T17:00,28.8,76,14.8,138.0,32.8
W31,South-East Zone,11633,20.285792989387488,85.85618046850936,2026-08-31T18:00,28.4,78,13.7,9.0,32.5
W31,South-East Zone,11633,20.285792989387488,85.85618046850936,2026-08-31T19:00,28.0,79,12.4,0.0,32.2
W31,South-East Zone,11633,20.285792989387488,85.85618046850936,2026-08-31T20:00,27.6,80,11.4,0.0,31.9
W31,South-East Zone,11633,20.285792989387488,85.85618046850936,2026-08-31T21:00,27.2,82,10.1,0.0,31.7
W31,South-East Zone,11633,20.285792989387488,85.85618046850936,2026-08-31T22:00,26.9,84,9.1,0.0,31.6
W31,South-East Zone,11633,20.285792989387488,85.85618046850936,2026-08-31T23:00,26.6,85,9.0,0.0,31.3
W31,South-East Zone,11633,20.285792989387488,85.85618046850936,2026-09-01T00:00,26.6,84,9.8,0.0,31.0
W31,South-East Zone,11633,20.285792989387488,85.85618046850936,2026-09-01T01:00,26.6,83,11.2,0.0,30.7
W31,South-East Zone,11633,20.285792989387488,85.85618046850936,2026-09-01T02:00,26.6,82,11.7,0.0,30.6
W31,South-East Zone,11633,20.285792989387488,85.85618046850936,2026-09-01T03:00,26.5,83,10.9,0.0,30.6
W31,South-East Zone,11633,20.285792989387488,85.85618046850936,2026-09-01T04:00,26.2,85,10.0,0.0,30.6
W31,South-East Zone,11633,20.285792989387488,85.85618046850936,2026-09-01T05:00,26.3,86,9.9,0.0,30.7
W31,South-East Zone,11633,20.285792989387488,85.85618046850936,2026-09-01T06:00,26.8,84,10.5,24.0,31.2
W31,South-East Zone,11633,20.285792989387488,85.85618046850936,2026-09-01T07:00,27.5,81,11.0,104.0,31.9
W31,South-East Zone,11633,20.285792989387488,85.85618046850936,2026-09-01T08:00,28.1,78,11.5,181.0,32.5
W31,South-East Zone,11633,20.285792989387488,85.85618046850936,2026-09-01T09:00,28.4,77,11.6,238.0,32.8
W31,South-East Zone,11633,20.285792989387488,85.85618046850936,2026-09-01T10:00,28.6,76,12.7,292.0,32.9
W31,South-East Zone,11633,20.285792989387488,85.85618046850936,2026-09-01T11:00,28.8,76,14.0,334.0,32.9
W31,South-East Zone,11633,20.285792989387488,85.85618046850936,2026-09-01T12:00,29.2,74,14.8,340.0,33.2
W31,South-East Zone,11633,20.285792989387488,85.85618046850936,2026-09-01T13:00,29.6,72,15.2,360.0,33.4
W31,South-East Zone,11633,20.285792989387488,85.85618046850936,2026-09-01T14:00,29.8,71,14.8,363.0,33.7
W31,South-East Zone,11633,20.285792989387488,85.85618046850936,2026-09-01T15:00,29.5,74,13.2,394.0,34.0
W31,South-East Zone,11633,20.285792989387488,85.85618046850936,2026-09-01T16:00,29.0,80,10.9,270.0,34.2
W31,South-East Zone,11633,20.285792989387488,85.85618046850936,2026-09-01T17:00,28.4,84,9.3,115.0,34.1
W31,South-East Zone,11633,20.285792989387488,85.85618046850936,2026-09-01T18:00,27.8,86,8.1,6.0,33.6
W31,South-East Zone,11633,20.285792989387488,85.85618046850936,2026-09-01T19:00,27.2,88,7.2,0.0,32.8
W31,South-East Zone,11633,20.285792989387488,85.85618046850936,2026-09-01T20:00,26.7,89,7.0,0.0,32.1
W31,South-East Zone,11633,20.285792989387488,85.85618046850936,2026-09-01T21:00,26.5,90,7.8,0.0,31.9
W31,South-East Zone,11633,20.285792989387488,85.85618046850936,2026-09-01T22:00,26.5,91,9.3,0.0,31.7
W31,South-East Zone,11633,20.285792989387488,85.85618046850936,2026-09-01T23:00,26.5,91,10.2,0.0,31.6
W33,South-East Zone,12453,20.27592473257861,85.85548432255939,2026-08-28T00:00,26.9,95,9.0,0.0,32.9
W33,South-East Zone,12453,20.27592473257861,85.85548432255939,2026-08-28T01:00,26.9,95,10.7,0.0,32.7
W33,South-East Zone,12453,20.27592473257861,85.85548432255939,2026-08-28T02:00,26.9,93,12.0,0.0,32.3
W33,South-East Zone,12453,20.27592473257861,85.85548432255939,2026-08-28T03:00,26.5,92,12.4,0.0,31.5
W33,South-East Zone,12453,20.27592473257861,85.85548432255939,2026-08-28T04:00,26.3,91,11.4,0.0,31.1
W33,South-East Zone,12453,20.27592473257861,85.85548432255939,2026-08-28T05:00,26.3,90,11.1,0.0,31.0
W33,South-East Zone,12453,20.27592473257861,85.85548432255939,2026-08-28T06:00,26.9,88,11.1,42.0,31.7
W33,South-East Zone,12453,20.27592473257861,85.85548432255939,2026-08-28T07:00,28.3,82,13.0,212.0,33.1
W33,South-East Zone,12453,20.27592473257861,85.85548432255939,2026-08-28T08:00,29.5,77,16.0,416.0,33.9
W33,South-East Zone,12453,20.27592473257861,85.85548432255939,2026-08-28T09:00,30.5,74,15.7,616.0,35.5
W33,South-East Zone,12453,20.27592473257861,85.85548432255939,2026-08-28T10:00,31.3,73,13.5,708.0,37.5
W33,South-East Zone,12453,20.27592473257861,85.85548432255939,2026-08-28T11:00,31.6,71,11.5,738.0,38.1
W33,South-East Zone,12453,20.27592473257861,85.85548432255939,2026-08-28T12:00,28.8,85,13.5,469.0,34.3
W33,South-East Zone,12453,20.27592473257861,85.85548432255939,2026-08-28T13:00,29.2,83,7.0,451.0,35.7
W33,South-East Zone,12453,20.27592473257861,85.85548432255939,2026-08-28T14:00,30.0,84,5.3,346.0,37.3
W33,South-East Zone,12453,20.27592473257861,85.85548432255939,2026-08-28T15:00,29.4,88,4.6,297.0,36.9
W33,South-East Zone,12453,20.27592473257861,85.85548432255939,2026-08-28T16:00,26.9,92,8.7,171.0,32.6
W33,South-East Zone,12453,20.27592473257861,85.85548432255939,2026-08-28T17:00,26.7,94,0.4,61.0,33.8
W33,South-East Zone,12453,20.27592473257861,85.85548432255939,2026-08-28T18:00,26.8,95,4.6,6.0,33.5
W33,South-East Zone,12453,20.27592473257861,85.85548432255939,2026-08-28T19:00,26.5,97,8.5,0.0,32.6
W33,South-East Zone,12453,20.27592473257861,85.85548432255939,2026-08-28T20:00,26.2,97,8.8,0.0,32.1
W33,South-East Zone,12453,20.27592473257861,85.85548432255939,2026-08-28T21:00,26.1,97,8.7,0.0,31.9
W33,South-East Zone,12453,20.27592473257861,85.85548432255939,2026-08-28T22:00,26.0,97,9.5,0.0,31.7
W33,South-East Zone,12453,20.27592473257861,85.85548432255939,2026-08-28T23:00,26.1,97,8.7,0.0,31.9
W33,South-East Zone,12453,20.27592473257861,85.85548432255939,2026-08-29T00:00,26.2,97,8.8,0.0,32.0
W33,South-East Zone,12453,20.27592473257861,85.85548432255939,2026-08-29T01:00,26.2,96,8.3,0.0,32.1
W33,South-East Zone,12453,20.27592473257861,85.85548432255939,2026-08-29T02:00,26.3,96,8.7,0.0,32.1
W33,South-East Zone,12453,20.27592473257861,85.85548432255939,2026-08-29T03:00,25.2,98,11.7,0.0,30.1
W33,South-East Zone,12453,20.27592473257861,85.85548432255939,2026-08-29T04:00,25.5,98,9.7,0.0,30.8
W33,South-East Zone,12453,20.27592473257861,85.85548432255939,2026-08-29T05:00,25.7,97,10.1,0.0,31.1
W33,South-East Zone,12453,20.27592473257861,85.85548432255939,2026-08-29T06:00,26.2,98,8.6,28.0,32.1
W33,South-East Zone,12453,20.27592473257861,85.85548432255939,2026-08-29T07:00,26.9,97,6.8,106.0,33.6
W33,South-East Zone,12453,20.27592473257861,85.85548432255939,2026-08-29T08:00,28.2,92,7.8,250.0,34.9
W33,South-East Zone,12453,20.27592473257861,85.85548432255939,2026-08-29T09:00,29.4,83,9.4,428.0,35.6
W33,South-East Zone,12453,20.27592473257861,85.85548432255939,2026-08-29T10:00,29.8,82,9.3,419.0,36.0
W33,South-East Zone,12453,20.27592473257861,85.85548432255939,2026-08-29T11:00,29.7,80,10.1,309.0,35.5
W33,South-East Zone,12453,20.27592473257861,85.85548432255939,2026-08-29T12:00,29.9,78,11.3,323.0,35.4
W33,South-East Zone,12453,20.27592473257861,85.85548432255939,2026-08-29T13:00,30.2,76,11.7,333.0,35.5
W33,South-East Zone,12453,20.27592473257861,85.85548432255939,2026-08-29T14:00,30.2,77,9.6,258.0,36.0
W33,South-East Zone,12453,20.27592473257861,85.85548432255939,2026-08-29T15:00,30.3,77,9.5,240.0,36.1
W33,South-East Zone,12453,20.27592473257861,85.85548432255939,2026-08-29T16:00,29.2,85,9.0,113.0,35.6
W33,South-East Zone,12453,20.27592473257861,85.85548432255939,2026-08-29T17:00,27.1,95,7.2,53.0,33.6
W33,South-East Zone,12453,20.27592473257861,85.85548432255939,2026-08-29T18:00,26.8,97,10.2,1.0,32.9
W33,South-East Zone,12453,20.27592473257861,85.85548432255939,2026-08-29T19:00,26.7,97,8.2,0.0,33.0
W33,South-East Zone,12453,20.27592473257861,85.85548432255939,2026-08-29T20:00,26.4,97,8.8,0.0,32.4
W33,South-East Zone,12453,20.27592473257861,85.85548432255939,2026-08-29T21:00,26.3,97,7.8,0.0,32.4
W33,South-East Zone,12453,20.27592473257861,85.85548432255939,2026-08-29T22:00,26.1,97,8.3,0.0,32.0
W33,South-East Zone,12453,20.27592473257861,85.85548432255939,2026-08-29T23:00,24.9,99,12.5,0.0,29.7
W33,South-East Zone,12453,20.27592473257861,85.85548432255939,2026-08-30T00:00,25.1,99,8.3,0.0,30.6
W33,South-East Zone,12453,20.27592473257861,85.85548432255939,2026-08-30T01:00,25.4,99,9.6,0.0,30.7
W33,South-East Zone,12453,20.27592473257861,85.85548432255939,2026-08-30T02:00,25.6,98,9.7,0.0,31.1
W33,South-East Zone,12453,20.27592473257861,85.85548432255939,2026-08-30T03:00,25.8,97,9.8,0.0,31.3
W33,South-East Zone,12453,20.27592473257861,85.85548432255939,2026-08-30T04:00,25.8,97,8.1,0.0,31.5
W33,South-East Zone,12453,20.27592473257861,85.85548432255939,2026-08-30T05:00,25.7,99,9.0,0.0,31.3
W33,South-East Zone,12453,20.27592473257861,85.85548432255939,2026-08-30T06:00,25.8,98,7.9,18.0,31.7
W33,South-East Zone,12453,20.27592473257861,85.85548432255939,2026-08-30T07:00,26.3,95,8.3,63.0,32.1
W33,South-East Zone,12453,20.27592473257861,85.85548432255939,2026-08-30T08:00,26.2,95,9.7,116.0,31.8
W33,South-East Zone,12453,20.27592473257861,85.85548432255939,2026-08-30T09:00,26.1,93,7.8,155.0,31.5
W33,South-East Zone,12453,20.27592473257861,85.85548432255939,2026-08-30T10:00,26.9,93,7.2,197.0,33.0
W33,South-East Zone,12453,20.27592473257861,85.85548432255939,2026-08-30T11:00,26.8,93,8.5,156.0,32.6
W33,South-East Zone,12453,20.27592473257861,85.85548432255939,2026-08-30T12:00,28.0,89,7.9,345.0,34.1
W33,South-East Zone,12453,20.27592473257861,85.85548432255939,2026-08-30T13:00,29.0,83,10.7,334.0,34.7
W33,South-East Zone,12453,20.27592473257861,85.85548432255939,2026-08-30T14:00,29.6,79,12.1,389.0,34.8
W33,South-East Zone,12453,20.27592473257861,85.85548432255939,2026-08-30T15:00,29.9,76,13.0,333.0,34.9
W33,South-East Zone,12453,20.27592473257861,85.85548432255939,2026-08-30T16:00,29.6,78,12.7,221.0,34.6
W33,South-East Zone,12453,20.27592473257861,85.85548432255939,2026-08-30T17:00,29.0,81,9.0,110.0,34.7
W33,South-East Zone,12453,20.27592473257861,85.85548432255939,2026-08-30T18:00,28.1,85,8.2,10.0,33.9
W33,South-East Zone,12453,20.27592473257861,85.85548432255939,2026-08-30T19:00,27.9,86,8.3,0.0,33.7
W33,South-East Zone,12453,20.27592473257861,85.85548432255939,2026-08-30T20:00,27.1,88,6.2,0.0,32.9
W33,South-East Zone,12453,20.27592473257861,85.85548432255939,2026-08-30T21:00,26.7,93,5.5,0.0,33.0
W33,South-East Zone,12453,20.27592473257861,85.85548432255939,2026-08-30T22:00,26.4,95,5.1,0.0,32.7
W33,South-East Zone,12453,20.27592473257861,85.85548432255939,2026-08-30T23:00,26.2,96,8.0,0.0,32.0
W33,South-East Zone,12453,20.27592473257861,85.85548432255939,2026-08-31T00:00,26.0,95,11.5,0.0,31.0
W33,South-East Zone,12453,20.27592473257861,85.85548432255939,2026-08-31T01:00,25.7,94,11.3,0.0,30.5
W33,South-East Zone,12453,20.27592473257861,85.85548432255939,2026-08-31T02:00,25.4,94,10.8,0.0,30.1
W33,South-East Zone,12453,20.27592473257861,85.85548432255939,2026-08-31T03:00,25.4,94,10.2,0.0,30.1
W33,South-East Zone,12453,20.27592473257861,85.85548432255939,2026-08-31T04:00,25.5,92,10.1,0.0,30.2
W33,South-East Zone,12453,20.27592473257861,85.85548432255939,2026-08-31T05:00,25.5,92,9.0,0.0,30.3
W33,South-East Zone,12453,20.27592473257861,85.85548432255939,2026-08-31T06:00,25.7,92,8.5,19.0,30.7
W33,South-East Zone,12453,20.27592473257861,85.85548432255939,2026-08-31T07:00,26.5,88,9.2,100.0,31.5
W33,South-East Zone,12453,20.27592473257861,85.85548432255939,2026-08-31T08:00,27.1,86,9.3,159.0,32.3
W33,South-East Zone,12453,20.27592473257861,85.85548432255939,2026-08-31T09:00,27.5,85,12.4,239.0,32.2
W33,South-East Zone,12453,20.27592473257861,85.85548432255939,2026-08-31T10:00,28.0,82,16.6,418.0,31.9
W33,South-East Zone,12453,20.27592473257861,85.85548432255939,2026-08-31T11:00,28.3,79,15.4,306.0,32.3
W33,South-East Zone,12453,20.27592473257861,85.85548432255939,2026-08-31T12:00,29.0,76,16.6,446.0,32.8
W33,South-East Zone,12453,20.27592473257861,85.85548432255939,2026-08-31T13:00,29.7,72,17.3,469.0,33.3
W33,South-East Zone,12453,20.27592473257861,85.85548432255939,2026-08-31T14:00,30.1,70,17.4,456.0,33.7
W33,South-East Zone,12453,20.27592473257861,85.85548432255939,2026-08-31T15:00,29.9,71,16.8,437.0,33.6
W33,South-East Zone,12453,20.27592473257861,85.85548432255939,2026-08-31T16:00,29.3,74,15.7,304.0,33.2
W33,South-East Zone,12453,20.27592473257861,85.85548432255939,2026-08-31T17:00,28.8,76,14.8,138.0,32.8
W33,South-East Zone,12453,20.27592473257861,85.85548432255939,2026-08-31T18:00,28.4,78,13.7,9.0,32.5
W33,South-East Zone,12453,20.27592473257861,85.85548432255939,2026-08-31T19:00,28.0,79,12.4,0.0,32.2
W33,South-East Zone,12453,20.27592473257861,85.85548432255939,2026-08-31T20:00,27.6,80,11.4,0.0,31.9
W33,South-East Zone,12453,20.27592473257861,85.85548432255939,2026-08-31T21:00,27.2,82,10.1,0.0,31.7
W33,South-East Zone,12453,20.27592473257861,85.85548432255939,2026-08-31T22:00,26.9,84,9.1,0.0,31.6
W33,South-East Zone,12453,20.27592473257861,85.85548432255939,2026-08-31T23:00,26.6,85,9.0,0.0,31.3
W33,South-East Zone,12453,20.27592473257861,85.85548432255939,2026-09-01T00:00,26.6,84,9.8,0.0,31.0
W33,South-East Zone,12453,20.27592473257861,85.85548432255939,2026-09-01T01:00,26.6,83,11.2,0.0,30.7
W33,South-East Zone,12453,20.27592473257861,85.85548432255939,2026-09-01T02:00,26.6,82,11.7,0.0,30.6
W33,South-East Zone,12453,20.27592473257861,85.85548432255939,2026-09-01T03:00,26.5,83,10.9,0.0,30.6
W33,South-East Zone,12453,20.27592473257861,85.85548432255939,2026-09-01T04:00,26.2,85,10.0,0.0,30.6
W33,South-East Zone,12453,20.27592473257861,85.85548432255939,2026-09-01T05:00,26.3,86,9.9,0.0,30.7
W33,South-East Zone,12453,20.27592473257861,85.85548432255939,2026-09-01T06:00,26.8,84,10.5,24.0,31.2
W33,South-East Zone,12453,20.27592473257861,85.85548432255939,2026-09-01T07:00,27.5,81,11.0,104.0,31.9
W33,South-East Zone,12453,20.27592473257861,85.85548432255939,2026-09-01T08:00,28.1,78,11.5,181.0,32.5
W33,South-East Zone,12453,20.27592473257861,85.85548432255939,2026-09-01T09:00,28.4,77,11.6,238.0,32.8
W33,South-East Zone,12453,20.27592473257861,85.85548432255939,2026-09-01T10:00,28.6,76,12.7,292.0,32.9
W33,South-East Zone,12453,20.27592473257861,85.85548432255939,2026-09-01T11:00,28.8,76,14.0,334.0,32.9
W33,South-East Zone,12453,20.27592473257861,85.85548432255939,2026-09-01T12:00,29.2,74,14.8,340.0,33.2
W33,South-East Zone,12453,20.27592473257861,85.85548432255939,2026-09-01T13:00,29.6,72,15.2,360.0,33.4
W33,South-East Zone,12453,20.27592473257861,85.85548432255939,2026-09-01T14:00,29.8,71,14.8,363.0,33.7
W33,South-East Zone,12453,20.27592473257861,85.85548432255939,2026-09-01T15:00,29.5,74,13.2,394.0,34.0
W33,South-East Zone,12453,20.27592473257861,85.85548432255939,2026-09-01T16:00,29.0,80,10.9,270.0,34.2
W33,South-East Zone,12453,20.27592473257861,85.85548432255939,2026-09-01T17:00,28.4,84,9.3,115.0,34.1
W33,South-East Zone,12453,20.27592473257861,85.85548432255939,2026-09-01T18:00,27.8,86,8.1,6.0,33.6
W33,South-East Zone,12453,20.27592473257861,85.85548432255939,2026-09-01T19:00,27.2,88,7.2,0.0,32.8
W33,South-East Zone,12453,20.27592473257861,85.85548432255939,2026-09-01T20:00,26.7,89,7.0,0.0,32.1
W33,South-East Zone,12453,20.27592473257861,85.85548432255939,2026-09-01T21:00,26.5,90,7.8,0.0,31.9
W33,South-East Zone,12453,20.27592473257861,85.85548432255939,2026-09-01T22:00,26.5,91,9.3,0.0,31.7
W33,South-East Zone,12453,20.27592473257861,85.85548432255939,2026-09-01T23:00,26.5,91,10.2,0.0,31.6
W42,South-East Zone,13272,20.268061381204323,85.84991190686345,2026-08-28T00:00,26.9,95,9.0,0.0,32.9
W42,South-East Zone,13272,20.268061381204323,85.84991190686345,2026-08-28T01:00,26.9,95,10.7,0.0,32.7
W42,South-East Zone,13272,20.268061381204323,85.84991190686345,2026-08-28T02:00,26.9,93,12.0,0.0,32.3
W42,South-East Zone,13272,20.268061381204323,85.84991190686345,2026-08-28T03:00,26.5,92,12.4,0.0,31.5
W42,South-East Zone,13272,20.268061381204323,85.84991190686345,2026-08-28T04:00,26.3,91,11.4,0.0,31.1
W42,South-East Zone,13272,20.268061381204323,85.84991190686345,2026-08-28T05:00,26.3,90,11.1,0.0,31.0
W42,South-East Zone,13272,20.268061381204323,85.84991190686345,2026-08-28T06:00,26.9,88,11.1,42.0,31.7
W42,South-East Zone,13272,20.268061381204323,85.84991190686345,2026-08-28T07:00,28.3,82,13.0,212.0,33.1
W42,South-East Zone,13272,20.268061381204323,85.84991190686345,2026-08-28T08:00,29.5,77,16.0,416.0,33.9
W42,South-East Zone,13272,20.268061381204323,85.84991190686345,2026-08-28T09:00,30.5,74,15.7,616.0,35.5
W42,South-East Zone,13272,20.268061381204323,85.84991190686345,2026-08-28T10:00,31.3,73,13.5,708.0,37.5
W42,South-East Zone,13272,20.268061381204323,85.84991190686345,2026-08-28T11:00,31.6,71,11.5,738.0,38.1
W42,South-East Zone,13272,20.268061381204323,85.84991190686345,2026-08-28T12:00,28.8,85,13.5,469.0,34.3
W42,South-East Zone,13272,20.268061381204323,85.84991190686345,2026-08-28T13:00,29.2,83,7.0,451.0,35.7
W42,South-East Zone,13272,20.268061381204323,85.84991190686345,2026-08-28T14:00,30.0,84,5.3,346.0,37.3
W42,South-East Zone,13272,20.268061381204323,85.84991190686345,2026-08-28T15:00,29.4,88,4.6,297.0,36.9
W42,South-East Zone,13272,20.268061381204323,85.84991190686345,2026-08-28T16:00,26.9,92,8.7,171.0,32.6
W42,South-East Zone,13272,20.268061381204323,85.84991190686345,2026-08-28T17:00,26.7,94,0.4,61.0,33.8
W42,South-East Zone,13272,20.268061381204323,85.84991190686345,2026-08-28T18:00,26.8,95,4.6,6.0,33.5
W42,South-East Zone,13272,20.268061381204323,85.84991190686345,2026-08-28T19:00,26.5,97,8.5,0.0,32.6
W42,South-East Zone,13272,20.268061381204323,85.84991190686345,2026-08-28T20:00,26.2,97,8.8,0.0,32.1
W42,South-East Zone,13272,20.268061381204323,85.84991190686345,2026-08-28T21:00,26.1,97,8.7,0.0,31.9
W42,South-East Zone,13272,20.268061381204323,85.84991190686345,2026-08-28T22:00,26.0,97,9.5,0.0,31.7
W42,South-East Zone,13272,20.268061381204323,85.84991190686345,2026-08-28T23:00,26.1,97,8.7,0.0,31.9
W42,South-East Zone,13272,20.268061381204323,85.84991190686345,2026-08-29T00:00,26.2,97,8.8,0.0,32.0
W42,South-East Zone,13272,20.268061381204323,85.84991190686345,2026-08-29T01:00,26.2,96,8.3,0.0,32.1
W42,South-East Zone,13272,20.268061381204323,85.84991190686345,2026-08-29T02:00,26.3,96,8.7,0.0,32.1
W42,South-East Zone,13272,20.268061381204323,85.84991190686345,2026-08-29T03:00,25.2,98,11.7,0.0,30.1
W42,South-East Zone,13272,20.268061381204323,85.84991190686345,2026-08-29T04:00,25.5,98,9.7,0.0,30.8
W42,South-East Zone,13272,20.268061381204323,85.84991190686345,2026-08-29T05:00,25.7,97,10.1,0.0,31.1
W42,South-East Zone,13272,20.268061381204323,85.84991190686345,2026-08-29T06:00,26.2,98,8.6,28.0,32.1
W42,South-East Zone,13272,20.268061381204323,85.84991190686345,2026-08-29T07:00,26.9,97,6.8,106.0,33.6
W42,South-East Zone,13272,20.268061381204323,85.84991190686345,2026-08-29T08:00,28.2,92,7.8,250.0,34.9
W42,South-East Zone,13272,20.268061381204323,85.84991190686345,2026-08-29T09:00,29.4,83,9.4,428.0,35.6
W42,South-East Zone,13272,20.268061381204323,85.84991190686345,2026-08-29T10:00,29.8,82,9.3,419.0,36.0
W42,South-East Zone,13272,20.268061381204323,85.84991190686345,2026-08-29T11:00,29.7,80,10.1,309.0,35.5
W42,South-East Zone,13272,20.268061381204323,85.84991190686345,2026-08-29T12:00,29.9,78,11.3,323.0,35.4
W42,South-East Zone,13272,20.268061381204323,85.84991190686345,2026-08-29T13:00,30.2,76,11.7,333.0,35.5
W42,South-East Zone,13272,20.268061381204323,85.84991190686345,2026-08-29T14:00,30.2,77,9.6,258.0,36.0
W42,South-East Zone,13272,20.268061381204323,85.84991190686345,2026-08-29T15:00,30.3,77,9.5,240.0,36.1
W42,South-East Zone,13272,20.268061381204323,85.84991190686345,2026-08-29T16:00,29.2,85,9.0,113.0,35.6
W42,South-East Zone,13272,20.268061381204323,85.84991190686345,2026-08-29T17:00,27.1,95,7.2,53.0,33.6
W42,South-East Zone,13272,20.268061381204323,85.84991190686345,2026-08-29T18:00,26.8,97,10.2,1.0,32.9
W42,South-East Zone,13272,20.268061381204323,85.84991190686345,2026-08-29T19:00,26.7,97,8.2,0.0,33.0
W42,South-East Zone,13272,20.268061381204323,85.84991190686345,2026-08-29T20:00,26.4,97,8.8,0.0,32.4
W42,South-East Zone,13272,20.268061381204323,85.84991190686345,2026-08-29T21:00,26.3,97,7.8,0.0,32.4
W42,South-East Zone,13272,20.268061381204323,85.84991190686345,2026-08-29T22:00,26.1,97,8.3,0.0,32.0
W42,South-East Zone,13272,20.268061381204323,85.84991190686345,2026-08-29T23:00,24.9,99,12.5,0.0,29.7
W42,South-East Zone,13272,20.268061381204323,85.84991190686345,2026-08-30T00:00,25.1,99,8.3,0.0,30.6
W42,South-East Zone,13272,20.268061381204323,85.84991190686345,2026-08-30T01:00,25.4,99,9.6,0.0,30.7
W42,South-East Zone,13272,20.268061381204323,85.84991190686345,2026-08-30T02:00,25.6,98,9.7,0.0,31.1
W42,South-East Zone,13272,20.268061381204323,85.84991190686345,2026-08-30T03:00,25.8,97,9.8,0.0,31.3
W42,South-East Zone,13272,20.268061381204323,85.84991190686345,2026-08-30T04:00,25.8,97,8.1,0.0,31.5
W42,South-East Zone,13272,20.268061381204323,85.84991190686345,2026-08-30T05:00,25.7,99,9.0,0.0,31.3
W42,South-East Zone,13272,20.268061381204323,85.84991190686345,2026-08-30T06:00,25.8,98,7.9,18.0,31.7
W42,South-East Zone,13272,20.268061381204323,85.84991190686345,2026-08-30T07:00,26.3,95,8.3,63.0,32.1
W42,South-East Zone,13272,20.268061381204323,85.84991190686345,2026-08-30T08:00,26.2,95,9.7,116.0,31.8
W42,South-East Zone,13272,20.268061381204323,85.84991190686345,2026-08-30T09:00,26.1,93,7.8,155.0,31.5
W42,South-East Zone,13272,20.268061381204323,85.84991190686345,2026-08-30T10:00,26.9,93,7.2,197.0,33.0
W42,South-East Zone,13272,20.268061381204323,85.84991190686345,2026-08-30T11:00,26.8,93,8.5,156.0,32.6
W42,South-East Zone,13272,20.268061381204323,85.84991190686345,2026-08-30T12:00,28.0,89,7.9,345.0,34.1
W42,South-East Zone,13272,20.268061381204323,85.84991190686345,2026-08-30T13:00,29.0,83,10.7,334.0,34.7
W42,South-East Zone,13272,20.268061381204323,85.84991190686345,2026-08-30T14:00,29.6,79,12.1,389.0,34.8
W42,South-East Zone,13272,20.268061381204323,85.84991190686345,2026-08-30T15:00,29.9,76,13.0,333.0,34.9
W42,South-East Zone,13272,20.268061381204323,85.84991190686345,2026-08-30T16:00,29.6,78,12.7,221.0,34.6
W42,South-East Zone,13272,20.268061381204323,85.84991190686345,2026-08-30T17:00,29.0,81,9.0,110.0,34.7
W42,South-East Zone,13272,20.268061381204323,85.84991190686345,2026-08-30T18:00,28.1,85,8.2,10.0,33.9
W42,South-East Zone,13272,20.268061381204323,85.84991190686345,2026-08-30T19:00,27.9,86,8.3,0.0,33.7
W42,South-East Zone,13272,20.268061381204323,85.84991190686345,2026-08-30T20:00,27.1,88,6.2,0.0,32.9
W42,South-East Zone,13272,20.268061381204323,85.84991190686345,2026-08-30T21:00,26.7,93,5.5,0.0,33.0
W42,South-East Zone,13272,20.268061381204323,85.84991190686345,2026-08-30T22:00,26.4,95,5.1,0.0,32.7
W42,South-East Zone,13272,20.268061381204323,85.84991190686345,2026-08-30T23:00,26.2,96,8.0,0.0,32.0
W42,South-East Zone,13272,20.268061381204323,85.84991190686345,2026-08-31T00:00,26.0,95,11.5,0.0,31.0
W42,South-East Zone,13272,20.268061381204323,85.84991190686345,2026-08-31T01:00,25.7,94,11.3,0.0,30.5
W42,South-East Zone,13272,20.268061381204323,85.84991190686345,2026-08-31T02:00,25.4,94,10.8,0.0,30.1
W42,South-East Zone,13272,20.268061381204323,85.84991190686345,2026-08-31T03:00,25.4,94,10.2,0.0,30.1
W42,South-East Zone,13272,20.268061381204323,85.84991190686345,2026-08-31T04:00,25.5,92,10.1,0.0,30.2
W42,South-East Zone,13272,20.268061381204323,85.84991190686345,2026-08-31T05:00,25.5,92,9.0,0.0,30.3
W42,South-East Zone,13272,20.268061381204323,85.84991190686345,2026-08-31T06:00,25.7,92,8.5,19.0,30.7
W42,South-East Zone,13272,20.268061381204323,85.84991190686345,2026-08-31T07:00,26.5,88,9.2,100.0,31.5
W42,South-East Zone,13272,20.268061381204323,85.84991190686345,2026-08-31T08:00,27.1,86,9.3,159.0,32.3
W42,South-East Zone,13272,20.268061381204323,85.84991190686345,2026-08-31T09:00,27.5,85,12.4,239.0,32.2
W42,South-East Zone,13272,20.268061381204323,85.84991190686345,2026-08-31T10:00,28.0,82,16.6,418.0,31.9
W42,South-East Zone,13272,20.268061381204323,85.84991190686345,2026-08-31T11:00,28.3,79,15.4,306.0,32.3
W42,South-East Zone,13272,20.268061381204323,85.84991190686345,2026-08-31T12:00,29.0,76,16.6,446.0,32.8
W42,South-East Zone,13272,20.268061381204323,85.84991190686345,2026-08-31T13:00,29.7,72,17.3,469.0,33.3
W42,South-East Zone,13272,20.268061381204323,85.84991190686345,2026-08-31T14:00,30.1,70,17.4,456.0,33.7
W42,South-East Zone,13272,20.268061381204323,85.84991190686345,2026-08-31T15:00,29.9,71,16.8,437.0,33.6
W42,South-East Zone,13272,20.268061381204323,85.84991190686345,2026-08-31T16:00,29.3,74,15.7,304.0,33.2
W42,South-East Zone,13272,20.268061381204323,85.84991190686345,2026-08-31T17:00,28.8,76,14.8,138.0,32.8
W42,South-East Zone,13272,20.268061381204323,85.84991190686345,2026-08-31T18:00,28.4,78,13.7,9.0,32.5
W42,South-East Zone,13272,20.268061381204323,85.84991190686345,2026-08-31T19:00,28.0,79,12.4,0.0,32.2
W42,South-East Zone,13272,20.268061381204323,85.84991190686345,2026-08-31T20:00,27.6,80,11.4,0.0,31.9
W42,South-East Zone,13272,20.268061381204323,85.84991190686345,2026-08-31T21:00,27.2,82,10.1,0.0,31.7
W42,South-East Zone,13272,20.268061381204323,85.84991190686345,2026-08-31T22:00,26.9,84,9.1,0.0,31.6
W42,South-East Zone,13272,20.268061381204323,85.84991190686345,2026-08-31T23:00,26.6,85,9.0,0.0,31.3
W42,South-East Zone,13272,20.268061381204323,85.84991190686345,2026-09-01T00:00,26.6,84,9.8,0.0,31.0
W42,South-East Zone,13272,20.268061381204323,85.84991190686345,2026-09-01T01:00,26.6,83,11.2,0.0,30.7
W42,South-East Zone,13272,20.268061381204323,85.84991190686345,2026-09-01T02:00,26.6,82,11.7,0.0,30.6
W42,South-East Zone,13272,20.268061381204323,85.84991190686345,2026-09-01T03:00,26.5,83,10.9,0.0,30.6
W42,South-East Zone,13272,20.268061381204323,85.84991190686345,2026-09-01T04:00,26.2,85,10.0,0.0,30.6
W42,South-East Zone,13272,20.268061381204323,85.84991190686345,2026-09-01T05:00,26.3,86,9.9,0.0,30.7
W42,South-East Zone,13272,20.268061381204323,85.84991190686345,2026-09-01T06:00,26.8,84,10.5,24.0,31.2
W42,South-East Zone,13272,20.268061381204323,85.84991190686345,2026-09-01T07:00,27.5,81,11.0,104.0,31.9
W42,South-East Zone,13272,20.268061381204323,85.84991190686345,2026-09-01T08:00,28.1,78,11.5,181.0,32.5
W42,South-East Zone,13272,20.268061381204323,85.84991190686345,2026-09-01T09:00,28.4,77,11.6,238.0,32.8
W42,South-East Zone,13272,20.268061381204323,85.84991190686345,2026-09-01T10:00,28.6,76,12.7,292.0,32.9
W42,South-East Zone,13272,20.268061381204323,85.84991190686345,2026-09-01T11:00,28.8,76,14.0,334.0,32.9
W42,South-East Zone,13272,20.268061381204323,85.84991190686345,2026-09-01T12:00,29.2,74,14.8,340.0,33.2
W42,South-East Zone,13272,20.268061381204323,85.84991190686345,2026-09-01T13:00,29.6,72,15.2,360.0,33.4
W42,South-East Zone,13272,20.268061381204323,85.84991190686345,2026-09-01T14:00,29.8,71,14.8,363.0,33.7
W42,South-East Zone,13272,20.268061381204323,85.84991190686345,2026-09-01T15:00,29.5,74,13.2,394.0,34.0
W42,South-East Zone,13272,20.268061381204323,85.84991190686345,2026-09-01T16:00,29.0,80,10.9,270.0,34.2
W42,South-East Zone,13272,20.268061381204323,85.84991190686345,2026-09-01T17:00,28.4,84,9.3,115.0,34.1
W42,South-East Zone,13272,20.268061381204323,85.84991190686345,2026-09-01T18:00,27.8,86,8.1,6.0,33.6
W42,South-East Zone,13272,20.268061381204323,85.84991190686345,2026-09-01T19:00,27.2,88,7.2,0.0,32.8
W42,South-East Zone,13272,20.268061381204323,85.84991190686345,2026-09-01T20:00,26.7,89,7.0,0.0,32.1
W42,South-East Zone,13272,20.268061381204323,85.84991190686345,2026-09-01T21:00,26.5,90,7.8,0.0,31.9
W42,South-East Zone,13272,20.268061381204323,85.84991190686345,2026-09-01T22:00,26.5,91,9.3,0.0,31.7
W42,South-East Zone,13272,20.268061381204323,85.84991190686345,2026-09-01T23:00,26.5,91,10.2,0.0,31.6
W43,South-East Zone,13773,20.265704241030427,85.85232164236389,2026-08-28T00:00,26.9,95,9.0,0.0,32.9
W43,South-East Zone,13773,20.265704241030427,85.85232164236389,2026-08-28T01:00,26.9,95,10.7,0.0,32.7
W43,South-East Zone,13773,20.265704241030427,85.85232164236389,2026-08-28T02:00,26.9,93,12.0,0.0,32.3
W43,South-East Zone,13773,20.265704241030427,85.85232164236389,2026-08-28T03:00,26.5,92,12.4,0.0,31.5
W43,South-East Zone,13773,20.265704241030427,85.85232164236389,2026-08-28T04:00,26.3,91,11.4,0.0,31.1
W43,South-East Zone,13773,20.265704241030427,85.85232164236389,2026-08-28T05:00,26.3,90,11.1,0.0,31.0
W43,South-East Zone,13773,20.265704241030427,85.85232164236389,2026-08-28T06:00,26.9,88,11.1,42.0,31.7
W43,South-East Zone,13773,20.265704241030427,85.85232164236389,2026-08-28T07:00,28.3,82,13.0,212.0,33.1
W43,South-East Zone,13773,20.265704241030427,85.85232164236389,2026-08-28T08:00,29.5,77,16.0,416.0,33.9
W43,South-East Zone,13773,20.265704241030427,85.85232164236389,2026-08-28T09:00,30.5,74,15.7,616.0,35.5
W43,South-East Zone,13773,20.265704241030427,85.85232164236389,2026-08-28T10:00,31.3,73,13.5,708.0,37.5
W43,South-East Zone,13773,20.265704241030427,85.85232164236389,2026-08-28T11:00,31.6,71,11.5,738.0,38.1
W43,South-East Zone,13773,20.265704241030427,85.85232164236389,2026-08-28T12:00,28.8,85,13.5,469.0,34.3
W43,South-East Zone,13773,20.265704241030427,85.85232164236389,2026-08-28T13:00,29.2,83,7.0,451.0,35.7
W43,South-East Zone,13773,20.265704241030427,85.85232164236389,2026-08-28T14:00,30.0,84,5.3,346.0,37.3
W43,South-East Zone,13773,20.265704241030427,85.85232164236389,2026-08-28T15:00,29.4,88,4.6,297.0,36.9
W43,South-East Zone,13773,20.265704241030427,85.85232164236389,2026-08-28T16:00,26.9,92,8.7,171.0,32.6
W43,South-East Zone,13773,20.265704241030427,85.85232164236389,2026-08-28T17:00,26.7,94,0.4,61.0,33.8
W43,South-East Zone,13773,20.265704241030427,85.85232164236389,2026-08-28T18:00,26.8,95,4.6,6.0,33.5
W43,South-East Zone,13773,20.265704241030427,85.85232164236389,2026-08-28T19:00,26.5,97,8.5,0.0,32.6
W43,South-East Zone,13773,20.265704241030427,85.85232164236389,2026-08-28T20:00,26.2,97,8.8,0.0,32.1
W43,South-East Zone,13773,20.265704241030427,85.85232164236389,2026-08-28T21:00,26.1,97,8.7,0.0,31.9
W43,South-East Zone,13773,20.265704241030427,85.85232164236389,2026-08-28T22:00,26.0,97,9.5,0.0,31.7
W43,South-East Zone,13773,20.265704241030427,85.85232164236389,2026-08-28T23:00,26.1,97,8.7,0.0,31.9
W43,South-East Zone,13773,20.265704241030427,85.85232164236389,2026-08-29T00:00,26.2,97,8.8,0.0,32.0
W43,South-East Zone,13773,20.265704241030427,85.85232164236389,2026-08-29T01:00,26.2,96,8.3,0.0,32.1
W43,South-East Zone,13773,20.265704241030427,85.85232164236389,2026-08-29T02:00,26.3,96,8.7,0.0,32.1
W43,South-East Zone,13773,20.265704241030427,85.85232164236389,2026-08-29T03:00,25.2,98,11.7,0.0,30.1
W43,South-East Zone,13773,20.265704241030427,85.85232164236389,2026-08-29T04:00,25.5,98,9.7,0.0,30.8
W43,South-East Zone,13773,20.265704241030427,85.85232164236389,2026-08-29T05:00,25.7,97,10.1,0.0,31.1
W43,South-East Zone,13773,20.265704241030427,85.85232164236389,2026-08-29T06:00,26.2,98,8.6,28.0,32.1
W43,South-East Zone,13773,20.265704241030427,85.85232164236389,2026-08-29T07:00,26.9,97,6.8,106.0,33.6
W43,South-East Zone,13773,20.265704241030427,85.85232164236389,2026-08-29T08:00,28.2,92,7.8,250.0,34.9
W43,South-East Zone,13773,20.265704241030427,85.85232164236389,2026-08-29T09:00,29.4,83,9.4,428.0,35.6
W43,South-East Zone,13773,20.265704241030427,85.85232164236389,2026-08-29T10:00,29.8,82,9.3,419.0,36.0
W43,South-East Zone,13773,20.265704241030427,85.85232164236389,2026-08-29T11:00,29.7,80,10.1,309.0,35.5
W43,South-East Zone,13773,20.265704241030427,85.85232164236389,2026-08-29T12:00,29.9,78,11.3,323.0,35.4
W43,South-East Zone,13773,20.265704241030427,85.85232164236389,2026-08-29T13:00,30.2,76,11.7,333.0,35.5
W43,South-East Zone,13773,20.265704241030427,85.85232164236389,2026-08-29T14:00,30.2,77,9.6,258.0,36.0
W43,South-East Zone,13773,20.265704241030427,85.85232164236389,2026-08-29T15:00,30.3,77,9.5,240.0,36.1
W43,South-East Zone,13773,20.265704241030427,85.85232164236389,2026-08-29T16:00,29.2,85,9.0,113.0,35.6
W43,South-East Zone,13773,20.265704241030427,85.85232164236389,2026-08-29T17:00,27.1,95,7.2,53.0,33.6
W43,South-East Zone,13773,20.265704241030427,85.85232164236389,2026-08-29T18:00,26.8,97,10.2,1.0,32.9
W43,South-East Zone,13773,20.265704241030427,85.85232164236389,2026-08-29T19:00,26.7,97,8.2,0.0,33.0
W43,South-East Zone,13773,20.265704241030427,85.85232164236389,2026-08-29T20:00,26.4,97,8.8,0.0,32.4
W43,South-East Zone,13773,20.265704241030427,85.85232164236389,2026-08-29T21:00,26.3,97,7.8,0.0,32.4
W43,South-East Zone,13773,20.265704241030427,85.85232164236389,2026-08-29T22:00,26.1,97,8.3,0.0,32.0
W43,South-East Zone,13773,20.265704241030427,85.85232164236389,2026-08-29T23:00,24.9,99,12.5,0.0,29.7
W43,South-East Zone,13773,20.265704241030427,85.85232164236389,2026-08-30T00:00,25.1,99,8.3,0.0,30.6
W43,South-East Zone,13773,20.265704241030427,85.85232164236389,2026-08-30T01:00,25.4,99,9.6,0.0,30.7
W43,South-East Zone,13773,20.265704241030427,85.85232164236389,2026-08-30T02:00,25.6,98,9.7,0.0,31.1
W43,South-East Zone,13773,20.265704241030427,85.85232164236389,2026-08-30T03:00,25.8,97,9.8,0.0,31.3
W43,South-East Zone,13773,20.265704241030427,85.85232164236389,2026-08-30T04:00,25.8,97,8.1,0.0,31.5
W43,South-East Zone,13773,20.265704241030427,85.85232164236389,2026-08-30T05:00,25.7,99,9.0,0.0,31.3
W43,South-East Zone,13773,20.265704241030427,85.85232164236389,2026-08-30T06:00,25.8,98,7.9,18.0,31.7
W43,South-East Zone,13773,20.265704241030427,85.85232164236389,2026-08-30T07:00,26.3,95,8.3,63.0,32.1
W43,South-East Zone,13773,20.265704241030427,85.85232164236389,2026-08-30T08:00,26.2,95,9.7,116.0,31.8
W43,South-East Zone,13773,20.265704241030427,85.85232164236389,2026-08-30T09:00,26.1,93,7.8,155.0,31.5
W43,South-East Zone,13773,20.265704241030427,85.85232164236389,2026-08-30T10:00,26.9,93,7.2,197.0,33.0
W43,South-East Zone,13773,20.265704241030427,85.85232164236389,2026-08-30T11:00,26.8,93,8.5,156.0,32.6
W43,South-East Zone,13773,20.265704241030427,85.85232164236389,2026-08-30T12:00,28.0,89,7.9,345.0,34.1
W43,South-East Zone,13773,20.265704241030427,85.85232164236389,2026-08-30T13:00,29.0,83,10.7,334.0,34.7
W43,South-East Zone,13773,20.265704241030427,85.85232164236389,2026-08-30T14:00,29.6,79,12.1,389.0,34.8
W43,South-East Zone,13773,20.265704241030427,85.85232164236389,2026-08-30T15:00,29.9,76,13.0,333.0,34.9
W43,South-East Zone,13773,20.265704241030427,85.85232164236389,2026-08-30T16:00,29.6,78,12.7,221.0,34.6
W43,South-East Zone,13773,20.265704241030427,85.85232164236389,2026-08-30T17:00,29.0,81,9.0,110.0,34.7
W43,South-East Zone,13773,20.265704241030427,85.85232164236389,2026-08-30T18:00,28.1,85,8.2,10.0,33.9
W43,South-East Zone,13773,20.265704241030427,85.85232164236389,2026-08-30T19:00,27.9,86,8.3,0.0,33.7
W43,South-East Zone,13773,20.265704241030427,85.85232164236389,2026-08-30T20:00,27.1,88,6.2,0.0,32.9
W43,South-East Zone,13773,20.265704241030427,85.85232164236389,2026-08-30T21:00,26.7,93,5.5,0.0,33.0
W43,South-East Zone,13773,20.265704241030427,85.85232164236389,2026-08-30T22:00,26.4,95,5.1,0.0,32.7
W43,South-East Zone,13773,20.265704241030427,85.85232164236389,2026-08-30T23:00,26.2,96,8.0,0.0,32.0
W43,South-East Zone,13773,20.265704241030427,85.85232164236389,2026-08-31T00:00,26.0,95,11.5,0.0,31.0
W43,South-East Zone,13773,20.265704241030427,85.85232164236389,2026-08-31T01:00,25.7,94,11.3,0.0,30.5
W43,South-East Zone,13773,20.265704241030427,85.85232164236389,2026-08-31T02:00,25.4,94,10.8,0.0,30.1
W43,South-East Zone,13773,20.265704241030427,85.85232164236389,2026-08-31T03:00,25.4,94,10.2,0.0,30.1
W43,South-East Zone,13773,20.265704241030427,85.85232164236389,2026-08-31T04:00,25.5,92,10.1,0.0,30.2
W43,South-East Zone,13773,20.265704241030427,85.85232164236389,2026-08-31T05:00,25.5,92,9.0,0.0,30.3
W43,South-East Zone,13773,20.265704241030427,85.85232164236389,2026-08-31T06:00,25.7,92,8.5,19.0,30.7
W43,South-East Zone,13773,20.265704241030427,85.85232164236389,2026-08-31T07:00,26.5,88,9.2,100.0,31.5
W43,South-East Zone,13773,20.265704241030427,85.85232164236389,2026-08-31T08:00,27.1,86,9.3,159.0,32.3
W43,South-East Zone,13773,20.265704241030427,85.85232164236389,2026-08-31T09:00,27.5,85,12.4,239.0,32.2
W43,South-East Zone,13773,20.265704241030427,85.85232164236389,2026-08-31T10:00,28.0,82,16.6,418.0,31.9
W43,South-East Zone,13773,20.265704241030427,85.85232164236389,2026-08-31T11:00,28.3,79,15.4,306.0,32.3
W43,South-East Zone,13773,20.265704241030427,85.85232164236389,2026-08-31T12:00,29.0,76,16.6,446.0,32.8
W43,South-East Zone,13773,20.265704241030427,85.85232164236389,2026-08-31T13:00,29.7,72,17.3,469.0,33.3
W43,South-East Zone,13773,20.265704241030427,85.85232164236389,2026-08-31T14:00,30.1,70,17.4,456.0,33.7
W43,South-East Zone,13773,20.265704241030427,85.85232164236389,2026-08-31T15:00,29.9,71,16.8,437.0,33.6
W43,South-East Zone,13773,20.265704241030427,85.85232164236389,2026-08-31T16:00,29.3,74,15.7,304.0,33.2
W43,South-East Zone,13773,20.265704241030427,85.85232164236389,2026-08-31T17:00,28.8,76,14.8,138.0,32.8
W43,South-East Zone,13773,20.265704241030427,85.85232164236389,2026-08-31T18:00,28.4,78,13.7,9.0,32.5
W43,South-East Zone,13773,20.265704241030427,85.85232164236389,2026-08-31T19:00,28.0,79,12.4,0.0,32.2
W43,South-East Zone,13773,20.265704241030427,85.85232164236389,2026-08-31T20:00,27.6,80,11.4,0.0,31.9
W43,South-East Zone,13773,20.265704241030427,85.85232164236389,2026-08-31T21:00,27.2,82,10.1,0.0,31.7
W43,South-East Zone,13773,20.265704241030427,85.85232164236389,2026-08-31T22:00,26.9,84,9.1,0.0,31.6
W43,South-East Zone,13773,20.265704241030427,85.85232164236389,2026-08-31T23:00,26.6,85,9.0,0.0,31.3
W43,South-East Zone,13773,20.265704241030427,85.85232164236389,2026-09-01T00:00,26.6,84,9.8,0.0,31.0
W43,South-East Zone,13773,20.265704241030427,85.85232164236389,2026-09-01T01:00,26.6,83,11.2,0.0,30.7
W43,South-East Zone,13773,20.265704241030427,85.85232164236389,2026-09-01T02:00,26.6,82,11.7,0.0,30.6
W43,South-East Zone,13773,20.265704241030427,85.85232164236389,2026-09-01T03:00,26.5,83,10.9,0.0,30.6
W43,South-East Zone,13773,20.265704241030427,85.85232164236389,2026-09-01T04:00,26.2,85,10.0,0.0,30.6
W43,South-East Zone,13773,20.265704241030427,85.85232164236389,2026-09-01T05:00,26.3,86,9.9,0.0,30.7
W43,South-East Zone,13773,20.265704241030427,85.85232164236389,2026-09-01T06:00,26.8,84,10.5,24.0,31.2
W43,South-East Zone,13773,20.265704241030427,85.85232164236389,2026-09-01T07:00,27.5,81,11.0,104.0,31.9
W43,South-East Zone,13773,20.265704241030427,85.85232164236389,2026-09-01T08:00,28.1,78,11.5,181.0,32.5
W43,South-East Zone,13773,20.265704241030427,85.85232164236389,2026-09-01T09:00,28.4,77,11.6,238.0,32.8
W43,South-East Zone,13773,20.265704241030427,85.85232164236389,2026-09-01T10:00,28.6,76,12.7,292.0,32.9
W43,South-East Zone,13773,20.265704241030427,85.85232164236389,2026-09-01T11:00,28.8,76,14.0,334.0,32.9
W43,South-East Zone,13773,20.265704241030427,85.85232164236389,2026-09-01T12:00,29.2,74,14.8,340.0,33.2
W43,South-East Zone,13773,20.265704241030427,85.85232164236389,2026-09-01T13:00,29.6,72,15.2,360.0,33.4
W43,South-East Zone,13773,20.265704241030427,85.85232164236389,2026-09-01T14:00,29.8,71,14.8,363.0,33.7
W43,South-East Zone,13773,20.265704241030427,85.85232164236389,2026-09-01T15:00,29.5,74,13.2,394.0,34.0
W43,South-East Zone,13773,20.265704241030427,85.85232164236389,2026-09-01T16:00,29.0,80,10.9,270.0,34.2
W43,South-East Zone,13773,20.265704241030427,85.85232164236389,2026-09-01T17:00,28.4,84,9.3,115.0,34.1
W43,South-East Zone,13773,20.265704241030427,85.85232164236389,2026-09-01T18:00,27.8,86,8.1,6.0,33.6
W43,South-East Zone,13773,20.265704241030427,85.85232164236389,2026-09-01T19:00,27.2,88,7.2,0.0,32.8
W43,South-East Zone,13773,20.265704241030427,85.85232164236389,2026-09-01T20:00,26.7,89,7.0,0.0,32.1
W43,South-East Zone,13773,20.265704241030427,85.85232164236389,2026-09-01T21:00,26.5,90,7.8,0.0,31.9
W43,South-East Zone,13773,20.265704241030427,85.85232164236389,2026-09-01T22:00,26.5,91,9.3,0.0,31.7
W43,South-East Zone,13773,20.265704241030427,85.85232164236389,2026-09-01T23:00,26.5,91,10.2,0.0,31.6
W45,South-East Zone,11376,20.261038445002864,85.84725054642016,2026-08-28T00:00,26.9,95,9.0,0.0,32.9
W45,South-East Zone,11376,20.261038445002864,85.84725054642016,2026-08-28T01:00,26.9,95,10.7,0.0,32.7
W45,South-East Zone,11376,20.261038445002864,85.84725054642016,2026-08-28T02:00,26.9,93,12.0,0.0,32.3
W45,South-East Zone,11376,20.261038445002864,85.84725054642016,2026-08-28T03:00,26.5,92,12.4,0.0,31.5
W45,South-East Zone,11376,20.261038445002864,85.84725054642016,2026-08-28T04:00,26.3,91,11.4,0.0,31.1
W45,South-East Zone,11376,20.261038445002864,85.84725054642016,2026-08-28T05:00,26.3,90,11.1,0.0,31.0
W45,South-East Zone,11376,20.261038445002864,85.84725054642016,2026-08-28T06:00,26.9,88,11.1,42.0,31.7
W45,South-East Zone,11376,20.261038445002864,85.84725054642016,2026-08-28T07:00,28.3,82,13.0,212.0,33.1
W45,South-East Zone,11376,20.261038445002864,85.84725054642016,2026-08-28T08:00,29.5,77,16.0,416.0,33.9
W45,South-East Zone,11376,20.261038445002864,85.84725054642016,2026-08-28T09:00,30.5,74,15.7,616.0,35.5
W45,South-East Zone,11376,20.261038445002864,85.84725054642016,2026-08-28T10:00,31.3,73,13.5,708.0,37.5
W45,South-East Zone,11376,20.261038445002864,85.84725054642016,2026-08-28T11:00,31.6,71,11.5,738.0,38.1
W45,South-East Zone,11376,20.261038445002864,85.84725054642016,2026-08-28T12:00,28.8,85,13.5,469.0,34.3
W45,South-East Zone,11376,20.261038445002864,85.84725054642016,2026-08-28T13:00,29.2,83,7.0,451.0,35.7
W45,South-East Zone,11376,20.261038445002864,85.84725054642016,2026-08-28T14:00,30.0,84,5.3,346.0,37.3
W45,South-East Zone,11376,20.261038445002864,85.84725054642016,2026-08-28T15:00,29.4,88,4.6,297.0,36.9
W45,South-East Zone,11376,20.261038445002864,85.84725054642016,2026-08-28T16:00,26.9,92,8.7,171.0,32.6
W45,South-East Zone,11376,20.261038445002864,85.84725054642016,2026-08-28T17:00,26.7,94,0.4,61.0,33.8
W45,South-East Zone,11376,20.261038445002864,85.84725054642016,2026-08-28T18:00,26.8,95,4.6,6.0,33.5
W45,South-East Zone,11376,20.261038445002864,85.84725054642016,2026-08-28T19:00,26.5,97,8.5,0.0,32.6
W45,South-East Zone,11376,20.261038445002864,85.84725054642016,2026-08-28T20:00,26.2,97,8.8,0.0,32.1
W45,South-East Zone,11376,20.261038445002864,85.84725054642016,2026-08-28T21:00,26.1,97,8.7,0.0,31.9
W45,South-East Zone,11376,20.261038445002864,85.84725054642016,2026-08-28T22:00,26.0,97,9.5,0.0,31.7
W45,South-East Zone,11376,20.261038445002864,85.84725054642016,2026-08-28T23:00,26.1,97,8.7,0.0,31.9
W45,South-East Zone,11376,20.261038445002864,85.84725054642016,2026-08-29T00:00,26.2,97,8.8,0.0,32.0
W45,South-East Zone,11376,20.261038445002864,85.84725054642016,2026-08-29T01:00,26.2,96,8.3,0.0,32.1
W45,South-East Zone,11376,20.261038445002864,85.84725054642016,2026-08-29T02:00,26.3,96,8.7,0.0,32.1
W45,South-East Zone,11376,20.261038445002864,85.84725054642016,2026-08-29T03:00,25.2,98,11.7,0.0,30.1
W45,South-East Zone,11376,20.261038445002864,85.84725054642016,2026-08-29T04:00,25.5,98,9.7,0.0,30.8
W45,South-East Zone,11376,20.261038445002864,85.84725054642016,2026-08-29T05:00,25.7,97,10.1,0.0,31.1
W45,South-East Zone,11376,20.261038445002864,85.84725054642016,2026-08-29T06:00,26.2,98,8.6,28.0,32.1
W45,South-East Zone,11376,20.261038445002864,85.84725054642016,2026-08-29T07:00,26.9,97,6.8,106.0,33.6
W45,South-East Zone,11376,20.261038445002864,85.84725054642016,2026-08-29T08:00,28.2,92,7.8,250.0,34.9
W45,South-East Zone,11376,20.261038445002864,85.84725054642016,2026-08-29T09:00,29.4,83,9.4,428.0,35.6
W45,South-East Zone,11376,20.261038445002864,85.84725054642016,2026-08-29T10:00,29.8,82,9.3,419.0,36.0
W45,South-East Zone,11376,20.261038445002864,85.84725054642016,2026-08-29T11:00,29.7,80,10.1,309.0,35.5
W45,South-East Zone,11376,20.261038445002864,85.84725054642016,2026-08-29T12:00,29.9,78,11.3,323.0,35.4
W45,South-East Zone,11376,20.261038445002864,85.84725054642016,2026-08-29T13:00,30.2,76,11.7,333.0,35.5
W45,South-East Zone,11376,20.261038445002864,85.84725054642016,2026-08-29T14:00,30.2,77,9.6,258.0,36.0
W45,South-East Zone,11376,20.261038445002864,85.84725054642016,2026-08-29T15:00,30.3,77,9.5,240.0,36.1
W45,South-East Zone,11376,20.261038445002864,85.84725054642016,2026-08-29T16:00,29.2,85,9.0,113.0,35.6
W45,South-East Zone,11376,20.261038445002864,85.84725054642016,2026-08-29T17:00,27.1,95,7.2,53.0,33.6
W45,South-East Zone,11376,20.261038445002864,85.84725054642016,2026-08-29T18:00,26.8,97,10.2,1.0,32.9
W45,South-East Zone,11376,20.261038445002864,85.84725054642016,2026-08-29T19:00,26.7,97,8.2,0.0,33.0
W45,South-East Zone,11376,20.261038445002864,85.84725054642016,2026-08-29T20:00,26.4,97,8.8,0.0,32.4
W45,South-East Zone,11376,20.261038445002864,85.84725054642016,2026-08-29T21:00,26.3,97,7.8,0.0,32.4
W45,South-East Zone,11376,20.261038445002864,85.84725054642016,2026-08-29T22:00,26.1,97,8.3,0.0,32.0
W45,South-East Zone,11376,20.261038445002864,85.84725054642016,2026-08-29T23:00,24.9,99,12.5,0.0,29.7
W45,South-East Zone,11376,20.261038445002864,85.84725054642016,2026-08-30T00:00,25.1,99,8.3,0.0,30.6
W45,South-East Zone,11376,20.261038445002864,85.84725054642016,2026-08-30T01:00,25.4,99,9.6,0.0,30.7
W45,South-East Zone,11376,20.261038445002864,85.84725054642016,2026-08-30T02:00,25.6,98,9.7,0.0,31.1
W45,South-East Zone,11376,20.261038445002864,85.84725054642016,2026-08-30T03:00,25.8,97,9.8,0.0,31.3
W45,South-East Zone,11376,20.261038445002864,85.84725054642016,2026-08-30T04:00,25.8,97,8.1,0.0,31.5
W45,South-East Zone,11376,20.261038445002864,85.84725054642016,2026-08-30T05:00,25.7,99,9.0,0.0,31.3
W45,South-East Zone,11376,20.261038445002864,85.84725054642016,2026-08-30T06:00,25.8,98,7.9,18.0,31.7
W45,South-East Zone,11376,20.261038445002864,85.84725054642016,2026-08-30T07:00,26.3,95,8.3,63.0,32.1
W45,South-East Zone,11376,20.261038445002864,85.84725054642016,2026-08-30T08:00,26.2,95,9.7,116.0,31.8
W45,South-East Zone,11376,20.261038445002864,85.84725054642016,2026-08-30T09:00,26.1,93,7.8,155.0,31.5
W45,South-East Zone,11376,20.261038445002864,85.84725054642016,2026-08-30T10:00,26.9,93,7.2,197.0,33.0
W45,South-East Zone,11376,20.261038445002864,85.84725054642016,2026-08-30T11:00,26.8,93,8.5,156.0,32.6
W45,South-East Zone,11376,20.261038445002864,85.84725054642016,2026-08-30T12:00,28.0,89,7.9,345.0,34.1
W45,South-East Zone,11376,20.261038445002864,85.84725054642016,2026-08-30T13:00,29.0,83,10.7,334.0,34.7
W45,South-East Zone,11376,20.261038445002864,85.84725054642016,2026-08-30T14:00,29.6,79,12.1,389.0,34.8
W45,South-East Zone,11376,20.261038445002864,85.84725054642016,2026-08-30T15:00,29.9,76,13.0,333.0,34.9
W45,South-East Zone,11376,20.261038445002864,85.84725054642016,2026-08-30T16:00,29.6,78,12.7,221.0,34.6
W45,South-East Zone,11376,20.261038445002864,85.84725054642016,2026-08-30T17:00,29.0,81,9.0,110.0,34.7
W45,South-East Zone,11376,20.261038445002864,85.84725054642016,2026-08-30T18:00,28.1,85,8.2,10.0,33.9
W45,South-East Zone,11376,20.261038445002864,85.84725054642016,2026-08-30T19:00,27.9,86,8.3,0.0,33.7
W45,South-East Zone,11376,20.261038445002864,85.84725054642016,2026-08-30T20:00,27.1,88,6.2,0.0,32.9
W45,South-East Zone,11376,20.261038445002864,85.84725054642016,2026-08-30T21:00,26.7,93,5.5,0.0,33.0
W45,South-East Zone,11376,20.261038445002864,85.84725054642016,2026-08-30T22:00,26.4,95,5.1,0.0,32.7
W45,South-East Zone,11376,20.261038445002864,85.84725054642016,2026-08-30T23:00,26.2,96,8.0,0.0,32.0
W45,South-East Zone,11376,20.261038445002864,85.84725054642016,2026-08-31T00:00,26.0,95,11.5,0.0,31.0
W45,South-East Zone,11376,20.261038445002864,85.84725054642016,2026-08-31T01:00,25.7,94,11.3,0.0,30.5
W45,South-East Zone,11376,20.261038445002864,85.84725054642016,2026-08-31T02:00,25.4,94,10.8,0.0,30.1
W45,South-East Zone,11376,20.261038445002864,85.84725054642016,2026-08-31T03:00,25.4,94,10.2,0.0,30.1
W45,South-East Zone,11376,20.261038445002864,85.84725054642016,2026-08-31T04:00,25.5,92,10.1,0.0,30.2
W45,South-East Zone,11376,20.261038445002864,85.84725054642016,2026-08-31T05:00,25.5,92,9.0,0.0,30.3
W45,South-East Zone,11376,20.261038445002864,85.84725054642016,2026-08-31T06:00,25.7,92,8.5,19.0,30.7
W45,South-East Zone,11376,20.261038445002864,85.84725054642016,2026-08-31T07:00,26.5,88,9.2,100.0,31.5
W45,South-East Zone,11376,20.261038445002864,85.84725054642016,2026-08-31T08:00,27.1,86,9.3,159.0,32.3
W45,South-East Zone,11376,20.261038445002864,85.84725054642016,2026-08-31T09:00,27.5,85,12.4,239.0,32.2
W45,South-East Zone,11376,20.261038445002864,85.84725054642016,2026-08-31T10:00,28.0,82,16.6,418.0,31.9
W45,South-East Zone,11376,20.261038445002864,85.84725054642016,2026-08-31T11:00,28.3,79,15.4,306.0,32.3
W45,South-East Zone,11376,20.261038445002864,85.84725054642016,2026-08-31T12:00,29.0,76,16.6,446.0,32.8
W45,South-East Zone,11376,20.261038445002864,85.84725054642016,2026-08-31T13:00,29.7,72,17.3,469.0,33.3
W45,South-East Zone,11376,20.261038445002864,85.84725054642016,2026-08-31T14:00,30.1,70,17.4,456.0,33.7
W45,South-East Zone,11376,20.261038445002864,85.84725054642016,2026-08-31T15:00,29.9,71,16.8,437.0,33.6
W45,South-East Zone,11376,20.261038445002864,85.84725054642016,2026-08-31T16:00,29.3,74,15.7,304.0,33.2
W45,South-East Zone,11376,20.261038445002864,85.84725054642016,2026-08-31T17:00,28.8,76,14.8,138.0,32.8
W45,South-East Zone,11376,20.261038445002864,85.84725054642016,2026-08-31T18:00,28.4,78,13.7,9.0,32.5
W45,South-East Zone,11376,20.261038445002864,85.84725054642016,2026-08-31T19:00,28.0,79,12.4,0.0,32.2
W45,South-East Zone,11376,20.261038445002864,85.84725054642016,2026-08-31T20:00,27.6,80,11.4,0.0,31.9
W45,South-East Zone,11376,20.261038445002864,85.84725054642016,2026-08-31T21:00,27.2,82,10.1,0.0,31.7
W45,South-East Zone,11376,20.261038445002864,85.84725054642016,2026-08-31T22:00,26.9,84,9.1,0.0,31.6
W45,South-East Zone,11376,20.261038445002864,85.84725054642016,2026-08-31T23:00,26.6,85,9.0,0.0,31.3
W45,South-East Zone,11376,20.261038445002864,85.84725054642016,2026-09-01T00:00,26.6,84,9.8,0.0,31.0
W45,South-East Zone,11376,20.261038445002864,85.84725054642016,2026-09-01T01:00,26.6,83,11.2,0.0,30.7
W45,South-East Zone,11376,20.261038445002864,85.84725054642016,2026-09-01T02:00,26.6,82,11.7,0.0,30.6
W45,South-East Zone,11376,20.261038445002864,85.84725054642016,2026-09-01T03:00,26.5,83,10.9,0.0,30.6
W45,South-East Zone,11376,20.261038445002864,85.84725054642016,2026-09-01T04:00,26.2,85,10.0,0.0,30.6
W45,South-East Zone,11376,20.261038445002864,85.84725054642016,2026-09-01T05:00,26.3,86,9.9,0.0,30.7
W45,South-East Zone,11376,20.261038445002864,85.84725054642016,2026-09-01T06:00,26.8,84,10.5,24.0,31.2
W45,South-East Zone,11376,20.261038445002864,85.84725054642016,2026-09-01T07:00,27.5,81,11.0,104.0,31.9
W45,South-East Zone,11376,20.261038445002864,85.84725054642016,2026-09-01T08:00,28.1,78,11.5,181.0,32.5
W45,South-East Zone,11376,20.261038445002864,85.84725054642016,2026-09-01T09:00,28.4,77,11.6,238.0,32.8
W45,South-East Zone,11376,20.261038445002864,85.84725054642016,2026-09-01T10:00,28.6,76,12.7,292.0,32.9
W45,South-East Zone,11376,20.261038445002864,85.84725054642016,2026-09-01T11:00,28.8,76,14.0,334.0,32.9
W45,South-East Zone,11376,20.261038445002864,85.84725054642016,2026-09-01T12:00,29.2,74,14.8,340.0,33.2
W45,South-East Zone,11376,20.261038445002864,85.84725054642016,2026-09-01T13:00,29.6,72,15.2,360.0,33.4
W45,South-East Zone,11376,20.261038445002864,85.84725054642016,2026-09-01T14:00,29.8,71,14.8,363.0,33.7
W45,South-East Zone,11376,20.261038445002864,85.84725054642016,2026-09-01T15:00,29.5,74,13.2,394.0,34.0
W45,South-East Zone,11376,20.261038445002864,85.84725054642016,2026-09-01T16:00,29.0,80,10.9,270.0,34.2
W45,South-East Zone,11376,20.261038445002864,85.84725054642016,2026-09-01T17:00,28.4,84,9.3,115.0,34.1
W45,South-East Zone,11376,20.261038445002864,85.84725054642016,2026-09-01T18:00,27.8,86,8.1,6.0,33.6
W45,South-East Zone,11376,20.261038445002864,85.84725054642016,2026-09-01T19:00,27.2,88,7.2,0.0,32.8
W45,South-East Zone,11376,20.261038445002864,85.84725054642016,2026-09-01T20:00,26.7,89,7.0,0.0,32.1
W45,South-East Zone,11376,20.261038445002864,85.84725054642016,2026-09-01T21:00,26.5,90,7.8,0.0,31.9
W45,South-East Zone,11376,20.261038445002864,85.84725054642016,2026-09-01T22:00,26.5,91,9.3,0.0,31.7
W45,South-East Zone,11376,20.261038445002864,85.84725054642016,2026-09-01T23:00,26.5,91,10.2,0.0,31.6
W54,South-East Zone,13318,20.243633598801033,85.83239726138032,2026-08-28T00:00,26.9,95,9.0,0.0,32.9
W54,South-East Zone,13318,20.243633598801033,85.83239726138032,2026-08-28T01:00,26.9,95,10.7,0.0,32.7
W54,South-East Zone,13318,20.243633598801033,85.83239726138032,2026-08-28T02:00,26.9,93,12.0,0.0,32.3
W54,South-East Zone,13318,20.243633598801033,85.83239726138032,2026-08-28T03:00,26.5,92,12.4,0.0,31.5
W54,South-East Zone,13318,20.243633598801033,85.83239726138032,2026-08-28T04:00,26.3,91,11.4,0.0,31.1
W54,South-East Zone,13318,20.243633598801033,85.83239726138032,2026-08-28T05:00,26.3,90,11.1,0.0,31.0
W54,South-East Zone,13318,20.243633598801033,85.83239726138032,2026-08-28T06:00,26.9,88,11.1,42.0,31.7
W54,South-East Zone,13318,20.243633598801033,85.83239726138032,2026-08-28T07:00,28.3,82,13.0,212.0,33.1
W54,South-East Zone,13318,20.243633598801033,85.83239726138032,2026-08-28T08:00,29.5,77,16.0,416.0,33.9
W54,South-East Zone,13318,20.243633598801033,85.83239726138032,2026-08-28T09:00,30.5,74,15.7,616.0,35.5
W54,South-East Zone,13318,20.243633598801033,85.83239726138032,2026-08-28T10:00,31.3,73,13.5,708.0,37.5
W54,South-East Zone,13318,20.243633598801033,85.83239726138032,2026-08-28T11:00,31.6,71,11.5,738.0,38.1
W54,South-East Zone,13318,20.243633598801033,85.83239726138032,2026-08-28T12:00,28.8,85,13.5,469.0,34.3
W54,South-East Zone,13318,20.243633598801033,85.83239726138032,2026-08-28T13:00,29.2,83,7.0,451.0,35.7
W54,South-East Zone,13318,20.243633598801033,85.83239726138032,2026-08-28T14:00,30.0,84,5.3,346.0,37.3
W54,South-East Zone,13318,20.243633598801033,85.83239726138032,2026-08-28T15:00,29.4,88,4.6,297.0,36.9
W54,South-East Zone,13318,20.243633598801033,85.83239726138032,2026-08-28T16:00,26.9,92,8.7,171.0,32.6
W54,South-East Zone,13318,20.243633598801033,85.83239726138032,2026-08-28T17:00,26.7,94,0.4,61.0,33.8
W54,South-East Zone,13318,20.243633598801033,85.83239726138032,2026-08-28T18:00,26.8,95,4.6,6.0,33.5
W54,South-East Zone,13318,20.243633598801033,85.83239726138032,2026-08-28T19:00,26.5,97,8.5,0.0,32.6
W54,South-East Zone,13318,20.243633598801033,85.83239726138032,2026-08-28T20:00,26.2,97,8.8,0.0,32.1
W54,South-East Zone,13318,20.243633598801033,85.83239726138032,2026-08-28T21:00,26.1,97,8.7,0.0,31.9
W54,South-East Zone,13318,20.243633598801033,85.83239726138032,2026-08-28T22:00,26.0,97,9.5,0.0,31.7
W54,South-East Zone,13318,20.243633598801033,85.83239726138032,2026-08-28T23:00,26.1,97,8.7,0.0,31.9
W54,South-East Zone,13318,20.243633598801033,85.83239726138032,2026-08-29T00:00,26.2,97,8.8,0.0,32.0
W54,South-East Zone,13318,20.243633598801033,85.83239726138032,2026-08-29T01:00,26.2,96,8.3,0.0,32.1
W54,South-East Zone,13318,20.243633598801033,85.83239726138032,2026-08-29T02:00,26.3,96,8.7,0.0,32.1
W54,South-East Zone,13318,20.243633598801033,85.83239726138032,2026-08-29T03:00,25.2,98,11.7,0.0,30.1
W54,South-East Zone,13318,20.243633598801033,85.83239726138032,2026-08-29T04:00,25.5,98,9.7,0.0,30.8
W54,South-East Zone,13318,20.243633598801033,85.83239726138032,2026-08-29T05:00,25.7,97,10.1,0.0,31.1
W54,South-East Zone,13318,20.243633598801033,85.83239726138032,2026-08-29T06:00,26.2,98,8.6,28.0,32.1
W54,South-East Zone,13318,20.243633598801033,85.83239726138032,2026-08-29T07:00,26.9,97,6.8,106.0,33.6
W54,South-East Zone,13318,20.243633598801033,85.83239726138032,2026-08-29T08:00,28.2,92,7.8,250.0,34.9
W54,South-East Zone,13318,20.243633598801033,85.83239726138032,2026-08-29T09:00,29.4,83,9.4,428.0,35.6
W54,South-East Zone,13318,20.243633598801033,85.83239726138032,2026-08-29T10:00,29.8,82,9.3,419.0,36.0
W54,South-East Zone,13318,20.243633598801033,85.83239726138032,2026-08-29T11:00,29.7,80,10.1,309.0,35.5
W54,South-East Zone,13318,20.243633598801033,85.83239726138032,2026-08-29T12:00,29.9,78,11.3,323.0,35.4
W54,South-East Zone,13318,20.243633598801033,85.83239726138032,2026-08-29T13:00,30.2,76,11.7,333.0,35.5
W54,South-East Zone,13318,20.243633598801033,85.83239726138032,2026-08-29T14:00,30.2,77,9.6,258.0,36.0
W54,South-East Zone,13318,20.243633598801033,85.83239726138032,2026-08-29T15:00,30.3,77,9.5,240.0,36.1
W54,South-East Zone,13318,20.243633598801033,85.83239726138032,2026-08-29T16:00,29.2,85,9.0,113.0,35.6
W54,South-East Zone,13318,20.243633598801033,85.83239726138032,2026-08-29T17:00,27.1,95,7.2,53.0,33.6
W54,South-East Zone,13318,20.243633598801033,85.83239726138032,2026-08-29T18:00,26.8,97,10.2,1.0,32.9
W54,South-East Zone,13318,20.243633598801033,85.83239726138032,2026-08-29T19:00,26.7,97,8.2,0.0,33.0
W54,South-East Zone,13318,20.243633598801033,85.83239726138032,2026-08-29T20:00,26.4,97,8.8,0.0,32.4
W54,South-East Zone,13318,20.243633598801033,85.83239726138032,2026-08-29T21:00,26.3,97,7.8,0.0,32.4
W54,South-East Zone,13318,20.243633598801033,85.83239726138032,2026-08-29T22:00,26.1,97,8.3,0.0,32.0
W54,South-East Zone,13318,20.243633598801033,85.83239726138032,2026-08-29T23:00,24.9,99,12.5,0.0,29.7
W54,South-East Zone,13318,20.243633598801033,85.83239726138032,2026-08-30T00:00,25.1,99,8.3,0.0,30.6
W54,South-East Zone,13318,20.243633598801033,85.83239726138032,2026-08-30T01:00,25.4,99,9.6,0.0,30.7
W54,South-East Zone,13318,20.243633598801033,85.83239726138032,2026-08-30T02:00,25.6,98,9.7,0.0,31.1
W54,South-East Zone,13318,20.243633598801033,85.83239726138032,2026-08-30T03:00,25.8,97,9.8,0.0,31.3
W54,South-East Zone,13318,20.243633598801033,85.83239726138032,2026-08-30T04:00,25.8,97,8.1,0.0,31.5
W54,South-East Zone,13318,20.243633598801033,85.83239726138032,2026-08-30T05:00,25.7,99,9.0,0.0,31.3
W54,South-East Zone,13318,20.243633598801033,85.83239726138032,2026-08-30T06:00,25.8,98,7.9,18.0,31.7
W54,South-East Zone,13318,20.243633598801033,85.83239726138032,2026-08-30T07:00,26.3,95,8.3,63.0,32.1
W54,South-East Zone,13318,20.243633598801033,85.83239726138032,2026-08-30T08:00,26.2,95,9.7,116.0,31.8
W54,South-East Zone,13318,20.243633598801033,85.83239726138032,2026-08-30T09:00,26.1,93,7.8,155.0,31.5
W54,South-East Zone,13318,20.243633598801033,85.83239726138032,2026-08-30T10:00,26.9,93,7.2,197.0,33.0
W54,South-East Zone,13318,20.243633598801033,85.83239726138032,2026-08-30T11:00,26.8,93,8.5,156.0,32.6
W54,South-East Zone,13318,20.243633598801033,85.83239726138032,2026-08-30T12:00,28.0,89,7.9,345.0,34.1
W54,South-East Zone,13318,20.243633598801033,85.83239726138032,2026-08-30T13:00,29.0,83,10.7,334.0,34.7
W54,South-East Zone,13318,20.243633598801033,85.83239726138032,2026-08-30T14:00,29.6,79,12.1,389.0,34.8
W54,South-East Zone,13318,20.243633598801033,85.83239726138032,2026-08-30T15:00,29.9,76,13.0,333.0,34.9
W54,South-East Zone,13318,20.243633598801033,85.83239726138032,2026-08-30T16:00,29.6,78,12.7,221.0,34.6
W54,South-East Zone,13318,20.243633598801033,85.83239726138032,2026-08-30T17:00,29.0,81,9.0,110.0,34.7
W54,South-East Zone,13318,20.243633598801033,85.83239726138032,2026-08-30T18:00,28.1,85,8.2,10.0,33.9
W54,South-East Zone,13318,20.243633598801033,85.83239726138032,2026-08-30T19:00,27.9,86,8.3,0.0,33.7
W54,South-East Zone,13318,20.243633598801033,85.83239726138032,2026-08-30T20:00,27.1,88,6.2,0.0,32.9
W54,South-East Zone,13318,20.243633598801033,85.83239726138032,2026-08-30T21:00,26.7,93,5.5,0.0,33.0
W54,South-East Zone,13318,20.243633598801033,85.83239726138032,2026-08-30T22:00,26.4,95,5.1,0.0,32.7
W54,South-East Zone,13318,20.243633598801033,85.83239726138032,2026-08-30T23:00,26.2,96,8.0,0.0,32.0
W54,South-East Zone,13318,20.243633598801033,85.83239726138032,2026-08-31T00:00,26.0,95,11.5,0.0,31.0
W54,South-East Zone,13318,20.243633598801033,85.83239726138032,2026-08-31T01:00,25.7,94,11.3,0.0,30.5
W54,South-East Zone,13318,20.243633598801033,85.83239726138032,2026-08-31T02:00,25.4,94,10.8,0.0,30.1
W54,South-East Zone,13318,20.243633598801033,85.83239726138032,2026-08-31T03:00,25.4,94,10.2,0.0,30.1
W54,South-East Zone,13318,20.243633598801033,85.83239726138032,2026-08-31T04:00,25.5,92,10.1,0.0,30.2
W54,South-East Zone,13318,20.243633598801033,85.83239726138032,2026-08-31T05:00,25.5,92,9.0,0.0,30.3
W54,South-East Zone,13318,20.243633598801033,85.83239726138032,2026-08-31T06:00,25.7,92,8.5,19.0,30.7
W54,South-East Zone,13318,20.243633598801033,85.83239726138032,2026-08-31T07:00,26.5,88,9.2,100.0,31.5
W54,South-East Zone,13318,20.243633598801033,85.83239726138032,2026-08-31T08:00,27.1,86,9.3,159.0,32.3
W54,South-East Zone,13318,20.243633598801033,85.83239726138032,2026-08-31T09:00,27.5,85,12.4,239.0,32.2
W54,South-East Zone,13318,20.243633598801033,85.83239726138032,2026-08-31T10:00,28.0,82,16.6,418.0,31.9
W54,South-East Zone,13318,20.243633598801033,85.83239726138032,2026-08-31T11:00,28.3,79,15.4,306.0,32.3
W54,South-East Zone,13318,20.243633598801033,85.83239726138032,2026-08-31T12:00,29.0,76,16.6,446.0,32.8
W54,South-East Zone,13318,20.243633598801033,85.83239726138032,2026-08-31T13:00,29.7,72,17.3,469.0,33.3
W54,South-East Zone,13318,20.243633598801033,85.83239726138032,2026-08-31T14:00,30.1,70,17.4,456.0,33.7
W54,South-East Zone,13318,20.243633598801033,85.83239726138032,2026-08-31T15:00,29.9,71,16.8,437.0,33.6
W54,South-East Zone,13318,20.243633598801033,85.83239726138032,2026-08-31T16:00,29.3,74,15.7,304.0,33.2
W54,South-East Zone,13318,20.243633598801033,85.83239726138032,2026-08-31T17:00,28.8,76,14.8,138.0,32.8
W54,South-East Zone,13318,20.243633598801033,85.83239726138032,2026-08-31T18:00,28.4,78,13.7,9.0,32.5
W54,South-East Zone,13318,20.243633598801033,85.83239726138032,2026-08-31T19:00,28.0,79,12.4,0.0,32.2
W54,South-East Zone,13318,20.243633598801033,85.83239726138032,2026-08-31T20:00,27.6,80,11.4,0.0,31.9
W54,South-East Zone,13318,20.243633598801033,85.83239726138032,2026-08-31T21:00,27.2,82,10.1,0.0,31.7
W54,South-East Zone,13318,20.243633598801033,85.83239726138032,2026-08-31T22:00,26.9,84,9.1,0.0,31.6
W54,South-East Zone,13318,20.243633598801033,85.83239726138032,2026-08-31T23:00,26.6,85,9.0,0.0,31.3
W54,South-East Zone,13318,20.243633598801033,85.83239726138032,2026-09-01T00:00,26.6,84,9.8,0.0,31.0
W54,South-East Zone,13318,20.243633598801033,85.83239726138032,2026-09-01T01:00,26.6,83,11.2,0.0,30.7
W54,South-East Zone,13318,20.243633598801033,85.83239726138032,2026-09-01T02:00,26.6,82,11.7,0.0,30.6
W54,South-East Zone,13318,20.243633598801033,85.83239726138032,2026-09-01T03:00,26.5,83,10.9,0.0,30.6
W54,South-East Zone,13318,20.243633598801033,85.83239726138032,2026-09-01T04:00,26.2,85,10.0,0.0,30.6
W54,South-East Zone,13318,20.243633598801033,85.83239726138032,2026-09-01T05:00,26.3,86,9.9,0.0,30.7
W54,South-East Zone,13318,20.243633598801033,85.83239726138032,2026-09-01T06:00,26.8,84,10.5,24.0,31.2
W54,South-East Zone,13318,20.243633598801033,85.83239726138032,2026-09-01T07:00,27.5,81,11.0,104.0,31.9
W54,South-East Zone,13318,20.243633598801033,85.83239726138032,2026-09-01T08:00,28.1,78,11.5,181.0,32.5
W54,South-East Zone,13318,20.243633598801033,85.83239726138032,2026-09-01T09:00,28.4,77,11.6,238.0,32.8
W54,South-East Zone,13318,20.243633598801033,85.83239726138032,2026-09-01T10:00,28.6,76,12.7,292.0,32.9
W54,South-East Zone,13318,20.243633598801033,85.83239726138032,2026-09-01T11:00,28.8,76,14.0,334.0,32.9
W54,South-East Zone,13318,20.243633598801033,85.83239726138032,2026-09-01T12:00,29.2,74,14.8,340.0,33.2
W54,South-East Zone,13318,20.243633598801033,85.83239726138032,2026-09-01T13:00,29.6,72,15.2,360.0,33.4
W54,South-East Zone,13318,20.243633598801033,85.83239726138032,2026-09-01T14:00,29.8,71,14.8,363.0,33.7
W54,South-East Zone,13318,20.243633598801033,85.83239726138032,2026-09-01T15:00,29.5,74,13.2,394.0,34.0
W54,South-East Zone,13318,20.243633598801033,85.83239726138032,2026-09-01T16:00,29.0,80,10.9,270.0,34.2
W54,South-East Zone,13318,20.243633598801033,85.83239726138032,2026-09-01T17:00,28.4,84,9.3,115.0,34.1
W54,South-East Zone,13318,20.243633598801033,85.83239726138032,2026-09-01T18:00,27.8,86,8.1,6.0,33.6
W54,South-East Zone,13318,20.243633598801033,85.83239726138032,2026-09-01T19:00,27.2,88,7.2,0.0,32.8
W54,South-East Zone,13318,20.243633598801033,85.83239726138032,2026-09-01T20:00,26.7,89,7.0,0.0,32.1
W54,South-East Zone,13318,20.243633598801033,85.83239726138032,2026-09-01T21:00,26.5,90,7.8,0.0,31.9
W54,South-East Zone,13318,20.243633598801033,85.83239726138032,2026-09-01T22:00,26.5,91,9.3,0.0,31.7
W54,South-East Zone,13318,20.243633598801033,85.83239726138032,2026-09-01T23:00,26.5,91,10.2,0.0,31.6
W20,North Zone,11677,20.303838022566897,85.8142669152667,2026-08-28T00:00,26.9,95,9.0,0.0,32.9
W20,North Zone,11677,20.303838022566897,85.8142669152667,2026-08-28T01:00,26.9,95,10.7,0.0,32.7
W20,North Zone,11677,20.303838022566897,85.8142669152667,2026-08-28T02:00,26.9,93,12.0,0.0,32.3
W20,North Zone,11677,20.303838022566897,85.8142669152667,2026-08-28T03:00,26.5,92,12.4,0.0,31.5
W20,North Zone,11677,20.303838022566897,85.8142669152667,2026-08-28T04:00,26.3,91,11.4,0.0,31.1
W20,North Zone,11677,20.303838022566897,85.8142669152667,2026-08-28T05:00,26.3,90,11.1,0.0,31.0
W20,North Zone,11677,20.303838022566897,85.8142669152667,2026-08-28T06:00,26.9,88,11.1,42.0,31.7
W20,North Zone,11677,20.303838022566897,85.8142669152667,2026-08-28T07:00,28.3,82,13.0,212.0,33.1
W20,North Zone,11677,20.303838022566897,85.8142669152667,2026-08-28T08:00,29.5,77,16.0,416.0,33.9
W20,North Zone,11677,20.303838022566897,85.8142669152667,2026-08-28T09:00,30.5,74,15.7,616.0,35.5
W20,North Zone,11677,20.303838022566897,85.8142669152667,2026-08-28T10:00,31.3,73,13.5,708.0,37.5
W20,North Zone,11677,20.303838022566897,85.8142669152667,2026-08-28T11:00,31.6,71,11.5,738.0,38.1
W20,North Zone,11677,20.303838022566897,85.8142669152667,2026-08-28T12:00,28.8,85,13.5,469.0,34.3
W20,North Zone,11677,20.303838022566897,85.8142669152667,2026-08-28T13:00,29.2,83,7.0,451.0,35.7
W20,North Zone,11677,20.303838022566897,85.8142669152667,2026-08-28T14:00,30.0,84,5.3,346.0,37.3
W20,North Zone,11677,20.303838022566897,85.8142669152667,2026-08-28T15:00,29.4,88,4.6,297.0,36.9
W20,North Zone,11677,20.303838022566897,85.8142669152667,2026-08-28T16:00,26.9,92,8.7,171.0,32.6
W20,North Zone,11677,20.303838022566897,85.8142669152667,2026-08-28T17:00,26.7,94,0.4,61.0,33.8
W20,North Zone,11677,20.303838022566897,85.8142669152667,2026-08-28T18:00,26.8,95,4.6,6.0,33.5
W20,North Zone,11677,20.303838022566897,85.8142669152667,2026-08-28T19:00,26.5,97,8.5,0.0,32.6
W20,North Zone,11677,20.303838022566897,85.8142669152667,2026-08-28T20:00,26.2,97,8.8,0.0,32.1
W20,North Zone,11677,20.303838022566897,85.8142669152667,2026-08-28T21:00,26.1,97,8.7,0.0,31.9
W20,North Zone,11677,20.303838022566897,85.8142669152667,2026-08-28T22:00,26.0,97,9.5,0.0,31.7
W20,North Zone,11677,20.303838022566897,85.8142669152667,2026-08-28T23:00,26.1,97,8.7,0.0,31.9
W20,North Zone,11677,20.303838022566897,85.8142669152667,2026-08-29T00:00,26.2,97,8.8,0.0,32.0
W20,North Zone,11677,20.303838022566897,85.8142669152667,2026-08-29T01:00,26.2,96,8.3,0.0,32.1
W20,North Zone,11677,20.303838022566897,85.8142669152667,2026-08-29T02:00,26.3,96,8.7,0.0,32.1
W20,North Zone,11677,20.303838022566897,85.8142669152667,2026-08-29T03:00,25.2,98,11.7,0.0,30.1
W20,North Zone,11677,20.303838022566897,85.8142669152667,2026-08-29T04:00,25.5,98,9.7,0.0,30.8
W20,North Zone,11677,20.303838022566897,85.8142669152667,2026-08-29T05:00,25.7,97,10.1,0.0,31.1
W20,North Zone,11677,20.303838022566897,85.8142669152667,2026-08-29T06:00,26.2,98,8.6,28.0,32.1
W20,North Zone,11677,20.303838022566897,85.8142669152667,2026-08-29T07:00,26.9,97,6.8,106.0,33.6
W20,North Zone,11677,20.303838022566897,85.8142669152667,2026-08-29T08:00,28.2,92,7.8,250.0,34.9
W20,North Zone,11677,20.303838022566897,85.8142669152667,2026-08-29T09:00,29.4,83,9.4,428.0,35.6
W20,North Zone,11677,20.303838022566897,85.8142669152667,2026-08-29T10:00,29.8,82,9.3,419.0,36.0
W20,North Zone,11677,20.303838022566897,85.8142669152667,2026-08-29T11:00,29.7,80,10.1,309.0,35.5
W20,North Zone,11677,20.303838022566897,85.8142669152667,2026-08-29T12:00,29.9,78,11.3,323.0,35.4
W20,North Zone,11677,20.303838022566897,85.8142669152667,2026-08-29T13:00,30.2,76,11.7,333.0,35.5
W20,North Zone,11677,20.303838022566897,85.8142669152667,2026-08-29T14:00,30.2,77,9.6,258.0,36.0
W20,North Zone,11677,20.303838022566897,85.8142669152667,2026-08-29T15:00,30.3,77,9.5,240.0,36.1
W20,North Zone,11677,20.303838022566897,85.8142669152667,2026-08-29T16:00,29.2,85,9.0,113.0,35.6
W20,North Zone,11677,20.303838022566897,85.8142669152667,2026-08-29T17:00,27.1,95,7.2,53.0,33.6
W20,North Zone,11677,20.303838022566897,85.8142669152667,2026-08-29T18:00,26.8,97,10.2,1.0,32.9
W20,North Zone,11677,20.303838022566897,85.8142669152667,2026-08-29T19:00,26.7,97,8.2,0.0,33.0
W20,North Zone,11677,20.303838022566897,85.8142669152667,2026-08-29T20:00,26.4,97,8.8,0.0,32.4
W20,North Zone,11677,20.303838022566897,85.8142669152667,2026-08-29T21:00,26.3,97,7.8,0.0,32.4
W20,North Zone,11677,20.303838022566897,85.8142669152667,2026-08-29T22:00,26.1,97,8.3,0.0,32.0
W20,North Zone,11677,20.303838022566897,85.8142669152667,2026-08-29T23:00,24.9,99,12.5,0.0,29.7
W20,North Zone,11677,20.303838022566897,85.8142669152667,2026-08-30T00:00,25.1,99,8.3,0.0,30.6
W20,North Zone,11677,20.303838022566897,85.8142669152667,2026-08-30T01:00,25.4,99,9.6,0.0,30.7
W20,North Zone,11677,20.303838022566897,85.8142669152667,2026-08-30T02:00,25.6,98,9.7,0.0,31.1
W20,North Zone,11677,20.303838022566897,85.8142669152667,2026-08-30T03:00,25.8,97,9.8,0.0,31.3
W20,North Zone,11677,20.303838022566897,85.8142669152667,2026-08-30T04:00,25.8,97,8.1,0.0,31.5
W20,North Zone,11677,20.303838022566897,85.8142669152667,2026-08-30T05:00,25.7,99,9.0,0.0,31.3
W20,North Zone,11677,20.303838022566897,85.8142669152667,2026-08-30T06:00,25.8,98,7.9,18.0,31.7
W20,North Zone,11677,20.303838022566897,85.8142669152667,2026-08-30T07:00,26.3,95,8.3,63.0,32.1
W20,North Zone,11677,20.303838022566897,85.8142669152667,2026-08-30T08:00,26.2,95,9.7,116.0,31.8
W20,North Zone,11677,20.303838022566897,85.8142669152667,2026-08-30T09:00,26.1,93,7.8,155.0,31.5
W20,North Zone,11677,20.303838022566897,85.8142669152667,2026-08-30T10:00,26.9,93,7.2,197.0,33.0
W20,North Zone,11677,20.303838022566897,85.8142669152667,2026-08-30T11:00,26.8,93,8.5,156.0,32.6
W20,North Zone,11677,20.303838022566897,85.8142669152667,2026-08-30T12:00,28.0,89,7.9,345.0,34.1
W20,North Zone,11677,20.303838022566897,85.8142669152667,2026-08-30T13:00,29.0,83,10.7,334.0,34.7
W20,North Zone,11677,20.303838022566897,85.8142669152667,2026-08-30T14:00,29.6,79,12.1,389.0,34.8
W20,North Zone,11677,20.303838022566897,85.8142669152667,2026-08-30T15:00,29.9,76,13.0,333.0,34.9
W20,North Zone,11677,20.303838022566897,85.8142669152667,2026-08-30T16:00,29.6,78,12.7,221.0,34.6
W20,North Zone,11677,20.303838022566897,85.8142669152667,2026-08-30T17:00,29.0,81,9.0,110.0,34.7
W20,North Zone,11677,20.303838022566897,85.8142669152667,2026-08-30T18:00,28.1,85,8.2,10.0,33.9
W20,North Zone,11677,20.303838022566897,85.8142669152667,2026-08-30T19:00,27.9,86,8.3,0.0,33.7
W20,North Zone,11677,20.303838022566897,85.8142669152667,2026-08-30T20:00,27.1,88,6.2,0.0,32.9
W20,North Zone,11677,20.303838022566897,85.8142669152667,2026-08-30T21:00,26.7,93,5.5,0.0,33.0
W20,North Zone,11677,20.303838022566897,85.8142669152667,2026-08-30T22:00,26.4,95,5.1,0.0,32.7
W20,North Zone,11677,20.303838022566897,85.8142669152667,2026-08-30T23:00,26.2,96,8.0,0.0,32.0
W20,North Zone,11677,20.303838022566897,85.8142669152667,2026-08-31T00:00,26.0,95,11.5,0.0,31.0
W20,North Zone,11677,20.303838022566897,85.8142669152667,2026-08-31T01:00,25.7,94,11.3,0.0,30.5
W20,North Zone,11677,20.303838022566897,85.8142669152667,2026-08-31T02:00,25.4,94,10.8,0.0,30.1
W20,North Zone,11677,20.303838022566897,85.8142669152667,2026-08-31T03:00,25.4,94,10.2,0.0,30.1
W20,North Zone,11677,20.303838022566897,85.8142669152667,2026-08-31T04:00,25.5,92,10.1,0.0,30.2
W20,North Zone,11677,20.303838022566897,85.8142669152667,2026-08-31T05:00,25.5,92,9.0,0.0,30.3
W20,North Zone,11677,20.303838022566897,85.8142669152667,2026-08-31T06:00,25.7,92,8.5,19.0,30.7
W20,North Zone,11677,20.303838022566897,85.8142669152667,2026-08-31T07:00,26.5,88,9.2,100.0,31.5
W20,North Zone,11677,20.303838022566897,85.8142669152667,2026-08-31T08:00,27.1,86,9.3,159.0,32.3
W20,North Zone,11677,20.303838022566897,85.8142669152667,2026-08-31T09:00,27.5,85,12.4,239.0,32.2
W20,North Zone,11677,20.303838022566897,85.8142669152667,2026-08-31T10:00,28.0,82,16.6,418.0,31.9
W20,North Zone,11677,20.303838022566897,85.8142669152667,2026-08-31T11:00,28.3,79,15.4,306.0,32.3
W20,North Zone,11677,20.303838022566897,85.8142669152667,2026-08-31T12:00,29.0,76,16.6,446.0,32.8
W20,North Zone,11677,20.303838022566897,85.8142669152667,2026-08-31T13:00,29.7,72,17.3,469.0,33.3
W20,North Zone,11677,20.303838022566897,85.8142669152667,2026-08-31T14:00,30.1,70,17.4,456.0,33.7
W20,North Zone,11677,20.303838022566897,85.8142669152667,2026-08-31T15:00,29.9,71,16.8,437.0,33.6
W20,North Zone,11677,20.303838022566897,85.8142669152667,2026-08-31T16:00,29.3,74,15.7,304.0,33.2
W20,North Zone,11677,20.303838022566897,85.8142669152667,2026-08-31T17:00,28.8,76,14.8,138.0,32.8
W20,North Zone,11677,20.303838022566897,85.8142669152667,2026-08-31T18:00,28.4,78,13.7,9.0,32.5
W20,North Zone,11677,20.303838022566897,85.8142669152667,2026-08-31T19:00,28.0,79,12.4,0.0,32.2
W20,North Zone,11677,20.303838022566897,85.8142669152667,2026-08-31T20:00,27.6,80,11.4,0.0,31.9
W20,North Zone,11677,20.303838022566897,85.8142669152667,2026-08-31T21:00,27.2,82,10.1,0.0,31.7
W20,North Zone,11677,20.303838022566897,85.8142669152667,2026-08-31T22:00,26.9,84,9.1,0.0,31.6
W20,North Zone,11677,20.303838022566897,85.8142669152667,2026-08-31T23:00,26.6,85,9.0,0.0,31.3
W20,North Zone,11677,20.303838022566897,85.8142669152667,2026-09-01T00:00,26.6,84,9.8,0.0,31.0
W20,North Zone,11677,20.303838022566897,85.8142669152667,2026-09-01T01:00,26.6,83,11.2,0.0,30.7
W20,North Zone,11677,20.303838022566897,85.8142669152667,2026-09-01T02:00,26.6,82,11.7,0.0,30.6
W20,North Zone,11677,20.303838022566897,85.8142669152667,2026-09-01T03:00,26.5,83,10.9,0.0,30.6
W20,North Zone,11677,20.303838022566897,85.8142669152667,2026-09-01T04:00,26.2,85,10.0,0.0,30.6
W20,North Zone,11677,20.303838022566897,85.8142669152667,2026-09-01T05:00,26.3,86,9.9,0.0,30.7
W20,North Zone,11677,20.303838022566897,85.8142669152667,2026-09-01T06:00,26.8,84,10.5,24.0,31.2
W20,North Zone,11677,20.303838022566897,85.8142669152667,2026-09-01T07:00,27.5,81,11.0,104.0,31.9
W20,North Zone,11677,20.303838022566897,85.8142669152667,2026-09-01T08:00,28.1,78,11.5,181.0,32.5
W20,North Zone,11677,20.303838022566897,85.8142669152667,2026-09-01T09:00,28.4,77,11.6,238.0,32.8
W20,North Zone,11677,20.303838022566897,85.8142669152667,2026-09-01T10:00,28.6,76,12.7,292.0,32.9
W20,North Zone,11677,20.303838022566897,85.8142669152667,2026-09-01T11:00,28.8,76,14.0,334.0,32.9
W20,North Zone,11677,20.303838022566897,85.8142669152667,2026-09-01T12:00,29.2,74,14.8,340.0,33.2
W20,North Zone,11677,20.303838022566897,85.8142669152667,2026-09-01T13:00,29.6,72,15.2,360.0,33.4
W20,North Zone,11677,20.303838022566897,85.8142669152667,2026-09-01T14:00,29.8,71,14.8,363.0,33.7
W20,North Zone,11677,20.303838022566897,85.8142669152667,2026-09-01T15:00,29.5,74,13.2,394.0,34.0
W20,North Zone,11677,20.303838022566897,85.8142669152667,2026-09-01T16:00,29.0,80,10.9,270.0,34.2
W20,North Zone,11677,20.303838022566897,85.8142669152667,2026-09-01T17:00,28.4,84,9.3,115.0,34.1
W20,North Zone,11677,20.303838022566897,85.8142669152667,2026-09-01T18:00,27.8,86,8.1,6.0,33.6
W20,North Zone,11677,20.303838022566897,85.8142669152667,2026-09-01T19:00,27.2,88,7.2,0.0,32.8
W20,North Zone,11677,20.303838022566897,85.8142669152667,2026-09-01T20:00,26.7,89,7.0,0.0,32.1
W20,North Zone,11677,20.303838022566897,85.8142669152667,2026-09-01T21:00,26.5,90,7.8,0.0,31.9
W20,North Zone,11677,20.303838022566897,85.8142669152667,2026-09-01T22:00,26.5,91,9.3,0.0,31.7
W20,North Zone,11677,20.303838022566897,85.8142669152667,2026-09-01T23:00,26.5,91,10.2,0.0,31.6
W55,South-East Zone,11398,20.24793095321991,85.835436419437,2026-08-28T00:00,26.9,95,9.0,0.0,32.9
W55,South-East Zone,11398,20.24793095321991,85.835436419437,2026-08-28T01:00,26.9,95,10.7,0.0,32.7
W55,South-East Zone,11398,20.24793095321991,85.835436419437,2026-08-28T02:00,26.9,93,12.0,0.0,32.3
W55,South-East Zone,11398,20.24793095321991,85.835436419437,2026-08-28T03:00,26.5,92,12.4,0.0,31.5
W55,South-East Zone,11398,20.24793095321991,85.835436419437,2026-08-28T04:00,26.3,91,11.4,0.0,31.1
W55,South-East Zone,11398,20.24793095321991,85.835436419437,2026-08-28T05:00,26.3,90,11.1,0.0,31.0
W55,South-East Zone,11398,20.24793095321991,85.835436419437,2026-08-28T06:00,26.9,88,11.1,42.0,31.7
W55,South-East Zone,11398,20.24793095321991,85.835436419437,2026-08-28T07:00,28.3,82,13.0,212.0,33.1
W55,South-East Zone,11398,20.24793095321991,85.835436419437,2026-08-28T08:00,29.5,77,16.0,416.0,33.9
W55,South-East Zone,11398,20.24793095321991,85.835436419437,2026-08-28T09:00,30.5,74,15.7,616.0,35.5
W55,South-East Zone,11398,20.24793095321991,85.835436419437,2026-08-28T10:00,31.3,73,13.5,708.0,37.5
W55,South-East Zone,11398,20.24793095321991,85.835436419437,2026-08-28T11:00,31.6,71,11.5,738.0,38.1
W55,South-East Zone,11398,20.24793095321991,85.835436419437,2026-08-28T12:00,28.8,85,13.5,469.0,34.3
W55,South-East Zone,11398,20.24793095321991,85.835436419437,2026-08-28T13:00,29.2,83,7.0,451.0,35.7
W55,South-East Zone,11398,20.24793095321991,85.835436419437,2026-08-28T14:00,30.0,84,5.3,346.0,37.3
W55,South-East Zone,11398,20.24793095321991,85.835436419437,2026-08-28T15:00,29.4,88,4.6,297.0,36.9
W55,South-East Zone,11398,20.24793095321991,85.835436419437,2026-08-28T16:00,26.9,92,8.7,171.0,32.6
W55,South-East Zone,11398,20.24793095321991,85.835436419437,2026-08-28T17:00,26.7,94,0.4,61.0,33.8
W55,South-East Zone,11398,20.24793095321991,85.835436419437,2026-08-28T18:00,26.8,95,4.6,6.0,33.5
W55,South-East Zone,11398,20.24793095321991,85.835436419437,2026-08-28T19:00,26.5,97,8.5,0.0,32.6
W55,South-East Zone,11398,20.24793095321991,85.835436419437,2026-08-28T20:00,26.2,97,8.8,0.0,32.1
W55,South-East Zone,11398,20.24793095321991,85.835436419437,2026-08-28T21:00,26.1,97,8.7,0.0,31.9
W55,South-East Zone,11398,20.24793095321991,85.835436419437,2026-08-28T22:00,26.0,97,9.5,0.0,31.7
W55,South-East Zone,11398,20.24793095321991,85.835436419437,2026-08-28T23:00,26.1,97,8.7,0.0,31.9
W55,South-East Zone,11398,20.24793095321991,85.835436419437,2026-08-29T00:00,26.2,97,8.8,0.0,32.0
W55,South-East Zone,11398,20.24793095321991,85.835436419437,2026-08-29T01:00,26.2,96,8.3,0.0,32.1
W55,South-East Zone,11398,20.24793095321991,85.835436419437,2026-08-29T02:00,26.3,96,8.7,0.0,32.1
W55,South-East Zone,11398,20.24793095321991,85.835436419437,2026-08-29T03:00,25.2,98,11.7,0.0,30.1
W55,South-East Zone,11398,20.24793095321991,85.835436419437,2026-08-29T04:00,25.5,98,9.7,0.0,30.8
W55,South-East Zone,11398,20.24793095321991,85.835436419437,2026-08-29T05:00,25.7,97,10.1,0.0,31.1
W55,South-East Zone,11398,20.24793095321991,85.835436419437,2026-08-29T06:00,26.2,98,8.6,28.0,32.1
W55,South-East Zone,11398,20.24793095321991,85.835436419437,2026-08-29T07:00,26.9,97,6.8,106.0,33.6
W55,South-East Zone,11398,20.24793095321991,85.835436419437,2026-08-29T08:00,28.2,92,7.8,250.0,34.9
W55,South-East Zone,11398,20.24793095321991,85.835436419437,2026-08-29T09:00,29.4,83,9.4,428.0,35.6
W55,South-East Zone,11398,20.24793095321991,85.835436419437,2026-08-29T10:00,29.8,82,9.3,419.0,36.0
W55,South-East Zone,11398,20.24793095321991,85.835436419437,2026-08-29T11:00,29.7,80,10.1,309.0,35.5
W55,South-East Zone,11398,20.24793095321991,85.835436419437,2026-08-29T12:00,29.9,78,11.3,323.0,35.4
W55,South-East Zone,11398,20.24793095321991,85.835436419437,2026-08-29T13:00,30.2,76,11.7,333.0,35.5
W55,South-East Zone,11398,20.24793095321991,85.835436419437,2026-08-29T14:00,30.2,77,9.6,258.0,36.0
W55,South-East Zone,11398,20.24793095321991,85.835436419437,2026-08-29T15:00,30.3,77,9.5,240.0,36.1
W55,South-East Zone,11398,20.24793095321991,85.835436419437,2026-08-29T16:00,29.2,85,9.0,113.0,35.6
W55,South-East Zone,11398,20.24793095321991,85.835436419437,2026-08-29T17:00,27.1,95,7.2,53.0,33.6
W55,South-East Zone,11398,20.24793095321991,85.835436419437,2026-08-29T18:00,26.8,97,10.2,1.0,32.9
W55,South-East Zone,11398,20.24793095321991,85.835436419437,2026-08-29T19:00,26.7,97,8.2,0.0,33.0
W55,South-East Zone,11398,20.24793095321991,85.835436419437,2026-08-29T20:00,26.4,97,8.8,0.0,32.4
W55,South-East Zone,11398,20.24793095321991,85.835436419437,2026-08-29T21:00,26.3,97,7.8,0.0,32.4
W55,South-East Zone,11398,20.24793095321991,85.835436419437,2026-08-29T22:00,26.1,97,8.3,0.0,32.0
W55,South-East Zone,11398,20.24793095321991,85.835436419437,2026-08-29T23:00,24.9,99,12.5,0.0,29.7
W55,South-East Zone,11398,20.24793095321991,85.835436419437,2026-08-30T00:00,25.1,99,8.3,0.0,30.6
W55,South-East Zone,11398,20.24793095321991,85.835436419437,2026-08-30T01:00,25.4,99,9.6,0.0,30.7
W55,South-East Zone,11398,20.24793095321991,85.835436419437,2026-08-30T02:00,25.6,98,9.7,0.0,31.1
W55,South-East Zone,11398,20.24793095321991,85.835436419437,2026-08-30T03:00,25.8,97,9.8,0.0,31.3
W55,South-East Zone,11398,20.24793095321991,85.835436419437,2026-08-30T04:00,25.8,97,8.1,0.0,31.5
W55,South-East Zone,11398,20.24793095321991,85.835436419437,2026-08-30T05:00,25.7,99,9.0,0.0,31.3
W55,South-East Zone,11398,20.24793095321991,85.835436419437,2026-08-30T06:00,25.8,98,7.9,18.0,31.7
W55,South-East Zone,11398,20.24793095321991,85.835436419437,2026-08-30T07:00,26.3,95,8.3,63.0,32.1
W55,South-East Zone,11398,20.24793095321991,85.835436419437,2026-08-30T08:00,26.2,95,9.7,116.0,31.8
W55,South-East Zone,11398,20.24793095321991,85.835436419437,2026-08-30T09:00,26.1,93,7.8,155.0,31.5
W55,South-East Zone,11398,20.24793095321991,85.835436419437,2026-08-30T10:00,26.9,93,7.2,197.0,33.0
W55,South-East Zone,11398,20.24793095321991,85.835436419437,2026-08-30T11:00,26.8,93,8.5,156.0,32.6
W55,South-East Zone,11398,20.24793095321991,85.835436419437,2026-08-30T12:00,28.0,89,7.9,345.0,34.1
W55,South-East Zone,11398,20.24793095321991,85.835436419437,2026-08-30T13:00,29.0,83,10.7,334.0,34.7
W55,South-East Zone,11398,20.24793095321991,85.835436419437,2026-08-30T14:00,29.6,79,12.1,389.0,34.8
W55,South-East Zone,11398,20.24793095321991,85.835436419437,2026-08-30T15:00,29.9,76,13.0,333.0,34.9
W55,South-East Zone,11398,20.24793095321991,85.835436419437,2026-08-30T16:00,29.6,78,12.7,221.0,34.6
W55,South-East Zone,11398,20.24793095321991,85.835436419437,2026-08-30T17:00,29.0,81,9.0,110.0,34.7
W55,South-East Zone,11398,20.24793095321991,85.835436419437,2026-08-30T18:00,28.1,85,8.2,10.0,33.9
W55,South-East Zone,11398,20.24793095321991,85.835436419437,2026-08-30T19:00,27.9,86,8.3,0.0,33.7
W55,South-East Zone,11398,20.24793095321991,85.835436419437,2026-08-30T20:00,27.1,88,6.2,0.0,32.9
W55,South-East Zone,11398,20.24793095321991,85.835436419437,2026-08-30T21:00,26.7,93,5.5,0.0,33.0
W55,South-East Zone,11398,20.24793095321991,85.835436419437,2026-08-30T22:00,26.4,95,5.1,0.0,32.7
W55,South-East Zone,11398,20.24793095321991,85.835436419437,2026-08-30T23:00,26.2,96,8.0,0.0,32.0
W55,South-East Zone,11398,20.24793095321991,85.835436419437,2026-08-31T00:00,26.0,95,11.5,0.0,31.0
W55,South-East Zone,11398,20.24793095321991,85.835436419437,2026-08-31T01:00,25.7,94,11.3,0.0,30.5
W55,South-East Zone,11398,20.24793095321991,85.835436419437,2026-08-31T02:00,25.4,94,10.8,0.0,30.1
W55,South-East Zone,11398,20.24793095321991,85.835436419437,2026-08-31T03:00,25.4,94,10.2,0.0,30.1
W55,South-East Zone,11398,20.24793095321991,85.835436419437,2026-08-31T04:00,25.5,92,10.1,0.0,30.2
W55,South-East Zone,11398,20.24793095321991,85.835436419437,2026-08-31T05:00,25.5,92,9.0,0.0,30.3
W55,South-East Zone,11398,20.24793095321991,85.835436419437,2026-08-31T06:00,25.7,92,8.5,19.0,30.7
W55,South-East Zone,11398,20.24793095321991,85.835436419437,2026-08-31T07:00,26.5,88,9.2,100.0,31.5
W55,South-East Zone,11398,20.24793095321991,85.835436419437,2026-08-31T08:00,27.1,86,9.3,159.0,32.3
W55,South-East Zone,11398,20.24793095321991,85.835436419437,2026-08-31T09:00,27.5,85,12.4,239.0,32.2
W55,South-East Zone,11398,20.24793095321991,85.835436419437,2026-08-31T10:00,28.0,82,16.6,418.0,31.9
W55,South-East Zone,11398,20.24793095321991,85.835436419437,2026-08-31T11:00,28.3,79,15.4,306.0,32.3
W55,South-East Zone,11398,20.24793095321991,85.835436419437,2026-08-31T12:00,29.0,76,16.6,446.0,32.8
W55,South-East Zone,11398,20.24793095321991,85.835436419437,2026-08-31T13:00,29.7,72,17.3,469.0,33.3
W55,South-East Zone,11398,20.24793095321991,85.835436419437,2026-08-31T14:00,30.1,70,17.4,456.0,33.7
W55,South-East Zone,11398,20.24793095321991,85.835436419437,2026-08-31T15:00,29.9,71,16.8,437.0,33.6
W55,South-East Zone,11398,20.24793095321991,85.835436419437,2026-08-31T16:00,29.3,74,15.7,304.0,33.2
W55,South-East Zone,11398,20.24793095321991,85.835436419437,2026-08-31T17:00,28.8,76,14.8,138.0,32.8
W55,South-East Zone,11398,20.24793095321991,85.835436419437,2026-08-31T18:00,28.4,78,13.7,9.0,32.5
W55,South-East Zone,11398,20.24793095321991,85.835436419437,2026-08-31T19:00,28.0,79,12.4,0.0,32.2
W55,South-East Zone,11398,20.24793095321991,85.835436419437,2026-08-31T20:00,27.6,80,11.4,0.0,31.9
W55,South-East Zone,11398,20.24793095321991,85.835436419437,2026-08-31T21:00,27.2,82,10.1,0.0,31.7
W55,South-East Zone,11398,20.24793095321991,85.835436419437,2026-08-31T22:00,26.9,84,9.1,0.0,31.6
W55,South-East Zone,11398,20.24793095321991,85.835436419437,2026-08-31T23:00,26.6,85,9.0,0.0,31.3
W55,South-East Zone,11398,20.24793095321991,85.835436419437,2026-09-01T00:00,26.6,84,9.8,0.0,31.0
W55,South-East Zone,11398,20.24793095321991,85.835436419437,2026-09-01T01:00,26.6,83,11.2,0.0,30.7
W55,South-East Zone,11398,20.24793095321991,85.835436419437,2026-09-01T02:00,26.6,82,11.7,0.0,30.6
W55,South-East Zone,11398,20.24793095321991,85.835436419437,2026-09-01T03:00,26.5,83,10.9,0.0,30.6
W55,South-East Zone,11398,20.24793095321991,85.835436419437,2026-09-01T04:00,26.2,85,10.0,0.0,30.6
W55,South-East Zone,11398,20.24793095321991,85.835436419437,2026-09-01T05:00,26.3,86,9.9,0.0,30.7
W55,South-East Zone,11398,20.24793095321991,85.835436419437,2026-09-01T06:00,26.8,84,10.5,24.0,31.2
W55,South-East Zone,11398,20.24793095321991,85.835436419437,2026-09-01T07:00,27.5,81,11.0,104.0,31.9
W55,South-East Zone,11398,20.24793095321991,85.835436419437,2026-09-01T08:00,28.1,78,11.5,181.0,32.5
W55,South-East Zone,11398,20.24793095321991,85.835436419437,2026-09-01T09:00,28.4,77,11.6,238.0,32.8
W55,South-East Zone,11398,20.24793095321991,85.835436419437,2026-09-01T10:00,28.6,76,12.7,292.0,32.9
W55,South-East Zone,11398,20.24793095321991,85.835436419437,2026-09-01T11:00,28.8,76,14.0,334.0,32.9
W55,South-East Zone,11398,20.24793095321991,85.835436419437,2026-09-01T12:00,29.2,74,14.8,340.0,33.2
W55,South-East Zone,11398,20.24793095321991,85.835436419437,2026-09-01T13:00,29.6,72,15.2,360.0,33.4
W55,South-East Zone,11398,20.24793095321991,85.835436419437,2026-09-01T14:00,29.8,71,14.8,363.0,33.7
W55,South-East Zone,11398,20.24793095321991,85.835436419437,2026-09-01T15:00,29.5,74,13.2,394.0,34.0
W55,South-East Zone,11398,20.24793095321991,85.835436419437,2026-09-01T16:00,29.0,80,10.9,270.0,34.2
W55,South-East Zone,11398,20.24793095321991,85.835436419437,2026-09-01T17:00,28.4,84,9.3,115.0,34.1
W55,South-East Zone,11398,20.24793095321991,85.835436419437,2026-09-01T18:00,27.8,86,8.1,6.0,33.6
W55,South-East Zone,11398,20.24793095321991,85.835436419437,2026-09-01T19:00,27.2,88,7.2,0.0,32.8
W55,South-East Zone,11398,20.24793095321991,85.835436419437,2026-09-01T20:00,26.7,89,7.0,0.0,32.1
W55,South-East Zone,11398,20.24793095321991,85.835436419437,2026-09-01T21:00,26.5,90,7.8,0.0,31.9
W55,South-East Zone,11398,20.24793095321991,85.835436419437,2026-09-01T22:00,26.5,91,9.3,0.0,31.7
W55,South-East Zone,11398,20.24793095321991,85.835436419437,2026-09-01T23:00,26.5,91,10.2,0.0,31.6
W41,South-East Zone,13525,20.270583384969772,85.84387015685776,2026-08-28T00:00,26.9,95,9.0,0.0,32.9
W41,South-East Zone,13525,20.270583384969772,85.84387015685776,2026-08-28T01:00,26.9,95,10.7,0.0,32.7
W41,South-East Zone,13525,20.270583384969772,85.84387015685776,2026-08-28T02:00,26.9,93,12.0,0.0,32.3
W41,South-East Zone,13525,20.270583384969772,85.84387015685776,2026-08-28T03:00,26.5,92,12.4,0.0,31.5
W41,South-East Zone,13525,20.270583384969772,85.84387015685776,2026-08-28T04:00,26.3,91,11.4,0.0,31.1
W41,South-East Zone,13525,20.270583384969772,85.84387015685776,2026-08-28T05:00,26.3,90,11.1,0.0,31.0
W41,South-East Zone,13525,20.270583384969772,85.84387015685776,2026-08-28T06:00,26.9,88,11.1,42.0,31.7
W41,South-East Zone,13525,20.270583384969772,85.84387015685776,2026-08-28T07:00,28.3,82,13.0,212.0,33.1
W41,South-East Zone,13525,20.270583384969772,85.84387015685776,2026-08-28T08:00,29.5,77,16.0,416.0,33.9
W41,South-East Zone,13525,20.270583384969772,85.84387015685776,2026-08-28T09:00,30.5,74,15.7,616.0,35.5
W41,South-East Zone,13525,20.270583384969772,85.84387015685776,2026-08-28T10:00,31.3,73,13.5,708.0,37.5
W41,South-East Zone,13525,20.270583384969772,85.84387015685776,2026-08-28T11:00,31.6,71,11.5,738.0,38.1
W41,South-East Zone,13525,20.270583384969772,85.84387015685776,2026-08-28T12:00,28.8,85,13.5,469.0,34.3
W41,South-East Zone,13525,20.270583384969772,85.84387015685776,2026-08-28T13:00,29.2,83,7.0,451.0,35.7
W41,South-East Zone,13525,20.270583384969772,85.84387015685776,2026-08-28T14:00,30.0,84,5.3,346.0,37.3
W41,South-East Zone,13525,20.270583384969772,85.84387015685776,2026-08-28T15:00,29.4,88,4.6,297.0,36.9
W41,South-East Zone,13525,20.270583384969772,85.84387015685776,2026-08-28T16:00,26.9,92,8.7,171.0,32.6
W41,South-East Zone,13525,20.270583384969772,85.84387015685776,2026-08-28T17:00,26.7,94,0.4,61.0,33.8
W41,South-East Zone,13525,20.270583384969772,85.84387015685776,2026-08-28T18:00,26.8,95,4.6,6.0,33.5
W41,South-East Zone,13525,20.270583384969772,85.84387015685776,2026-08-28T19:00,26.5,97,8.5,0.0,32.6
W41,South-East Zone,13525,20.270583384969772,85.84387015685776,2026-08-28T20:00,26.2,97,8.8,0.0,32.1
W41,South-East Zone,13525,20.270583384969772,85.84387015685776,2026-08-28T21:00,26.1,97,8.7,0.0,31.9
W41,South-East Zone,13525,20.270583384969772,85.84387015685776,2026-08-28T22:00,26.0,97,9.5,0.0,31.7
W41,South-East Zone,13525,20.270583384969772,85.84387015685776,2026-08-28T23:00,26.1,97,8.7,0.0,31.9
W41,South-East Zone,13525,20.270583384969772,85.84387015685776,2026-08-29T00:00,26.2,97,8.8,0.0,32.0
W41,South-East Zone,13525,20.270583384969772,85.84387015685776,2026-08-29T01:00,26.2,96,8.3,0.0,32.1
W41,South-East Zone,13525,20.270583384969772,85.84387015685776,2026-08-29T02:00,26.3,96,8.7,0.0,32.1
W41,South-East Zone,13525,20.270583384969772,85.84387015685776,2026-08-29T03:00,25.2,98,11.7,0.0,30.1
W41,South-East Zone,13525,20.270583384969772,85.84387015685776,2026-08-29T04:00,25.5,98,9.7,0.0,30.8
W41,South-East Zone,13525,20.270583384969772,85.84387015685776,2026-08-29T05:00,25.7,97,10.1,0.0,31.1
W41,South-East Zone,13525,20.270583384969772,85.84387015685776,2026-08-29T06:00,26.2,98,8.6,28.0,32.1
W41,South-East Zone,13525,20.270583384969772,85.84387015685776,2026-08-29T07:00,26.9,97,6.8,106.0,33.6
W41,South-East Zone,13525,20.270583384969772,85.84387015685776,2026-08-29T08:00,28.2,92,7.8,250.0,34.9
W41,South-East Zone,13525,20.270583384969772,85.84387015685776,2026-08-29T09:00,29.4,83,9.4,428.0,35.6
W41,South-East Zone,13525,20.270583384969772,85.84387015685776,2026-08-29T10:00,29.8,82,9.3,419.0,36.0
W41,South-East Zone,13525,20.270583384969772,85.84387015685776,2026-08-29T11:00,29.7,80,10.1,309.0,35.5
W41,South-East Zone,13525,20.270583384969772,85.84387015685776,2026-08-29T12:00,29.9,78,11.3,323.0,35.4
W41,South-East Zone,13525,20.270583384969772,85.84387015685776,2026-08-29T13:00,30.2,76,11.7,333.0,35.5
W41,South-East Zone,13525,20.270583384969772,85.84387015685776,2026-08-29T14:00,30.2,77,9.6,258.0,36.0
W41,South-East Zone,13525,20.270583384969772,85.84387015685776,2026-08-29T15:00,30.3,77,9.5,240.0,36.1
W41,South-East Zone,13525,20.270583384969772,85.84387015685776,2026-08-29T16:00,29.2,85,9.0,113.0,35.6
W41,South-East Zone,13525,20.270583384969772,85.84387015685776,2026-08-29T17:00,27.1,95,7.2,53.0,33.6
W41,South-East Zone,13525,20.270583384969772,85.84387015685776,2026-08-29T18:00,26.8,97,10.2,1.0,32.9
W41,South-East Zone,13525,20.270583384969772,85.84387015685776,2026-08-29T19:00,26.7,97,8.2,0.0,33.0
W41,South-East Zone,13525,20.270583384969772,85.84387015685776,2026-08-29T20:00,26.4,97,8.8,0.0,32.4
W41,South-East Zone,13525,20.270583384969772,85.84387015685776,2026-08-29T21:00,26.3,97,7.8,0.0,32.4
W41,South-East Zone,13525,20.270583384969772,85.84387015685776,2026-08-29T22:00,26.1,97,8.3,0.0,32.0
W41,South-East Zone,13525,20.270583384969772,85.84387015685776,2026-08-29T23:00,24.9,99,12.5,0.0,29.7
W41,South-East Zone,13525,20.270583384969772,85.84387015685776,2026-08-30T00:00,25.1,99,8.3,0.0,30.6
W41,South-East Zone,13525,20.270583384969772,85.84387015685776,2026-08-30T01:00,25.4,99,9.6,0.0,30.7
W41,South-East Zone,13525,20.270583384969772,85.84387015685776,2026-08-30T02:00,25.6,98,9.7,0.0,31.1
W41,South-East Zone,13525,20.270583384969772,85.84387015685776,2026-08-30T03:00,25.8,97,9.8,0.0,31.3
W41,South-East Zone,13525,20.270583384969772,85.84387015685776,2026-08-30T04:00,25.8,97,8.1,0.0,31.5
W41,South-East Zone,13525,20.270583384969772,85.84387015685776,2026-08-30T05:00,25.7,99,9.0,0.0,31.3
W41,South-East Zone,13525,20.270583384969772,85.84387015685776,2026-08-30T06:00,25.8,98,7.9,18.0,31.7
W41,South-East Zone,13525,20.270583384969772,85.84387015685776,2026-08-30T07:00,26.3,95,8.3,63.0,32.1
W41,South-East Zone,13525,20.270583384969772,85.84387015685776,2026-08-30T08:00,26.2,95,9.7,116.0,31.8
W41,South-East Zone,13525,20.270583384969772,85.84387015685776,2026-08-30T09:00,26.1,93,7.8,155.0,31.5
W41,South-East Zone,13525,20.270583384969772,85.84387015685776,2026-08-30T10:00,26.9,93,7.2,197.0,33.0
W41,South-East Zone,13525,20.270583384969772,85.84387015685776,2026-08-30T11:00,26.8,93,8.5,156.0,32.6
W41,South-East Zone,13525,20.270583384969772,85.84387015685776,2026-08-30T12:00,28.0,89,7.9,345.0,34.1
W41,South-East Zone,13525,20.270583384969772,85.84387015685776,2026-08-30T13:00,29.0,83,10.7,334.0,34.7
W41,South-East Zone,13525,20.270583384969772,85.84387015685776,2026-08-30T14:00,29.6,79,12.1,389.0,34.8
W41,South-East Zone,13525,20.270583384969772,85.84387015685776,2026-08-30T15:00,29.9,76,13.0,333.0,34.9
W41,South-East Zone,13525,20.270583384969772,85.84387015685776,2026-08-30T16:00,29.6,78,12.7,221.0,34.6
W41,South-East Zone,13525,20.270583384969772,85.84387015685776,2026-08-30T17:00,29.0,81,9.0,110.0,34.7
W41,South-East Zone,13525,20.270583384969772,85.84387015685776,2026-08-30T18:00,28.1,85,8.2,10.0,33.9
W41,South-East Zone,13525,20.270583384969772,85.84387015685776,2026-08-30T19:00,27.9,86,8.3,0.0,33.7
W41,South-East Zone,13525,20.270583384969772,85.84387015685776,2026-08-30T20:00,27.1,88,6.2,0.0,32.9
W41,South-East Zone,13525,20.270583384969772,85.84387015685776,2026-08-30T21:00,26.7,93,5.5,0.0,33.0
W41,South-East Zone,13525,20.270583384969772,85.84387015685776,2026-08-30T22:00,26.4,95,5.1,0.0,32.7
W41,South-East Zone,13525,20.270583384969772,85.84387015685776,2026-08-30T23:00,26.2,96,8.0,0.0,32.0
W41,South-East Zone,13525,20.270583384969772,85.84387015685776,2026-08-31T00:00,26.0,95,11.5,0.0,31.0
W41,South-East Zone,13525,20.270583384969772,85.84387015685776,2026-08-31T01:00,25.7,94,11.3,0.0,30.5
W41,South-East Zone,13525,20.270583384969772,85.84387015685776,2026-08-31T02:00,25.4,94,10.8,0.0,30.1
W41,South-East Zone,13525,20.270583384969772,85.84387015685776,2026-08-31T03:00,25.4,94,10.2,0.0,30.1
W41,South-East Zone,13525,20.270583384969772,85.84387015685776,2026-08-31T04:00,25.5,92,10.1,0.0,30.2
W41,South-East Zone,13525,20.270583384969772,85.84387015685776,2026-08-31T05:00,25.5,92,9.0,0.0,30.3
W41,South-East Zone,13525,20.270583384969772,85.84387015685776,2026-08-31T06:00,25.7,92,8.5,19.0,30.7
W41,South-East Zone,13525,20.270583384969772,85.84387015685776,2026-08-31T07:00,26.5,88,9.2,100.0,31.5
W41,South-East Zone,13525,20.270583384969772,85.84387015685776,2026-08-31T08:00,27.1,86,9.3,159.0,32.3
W41,South-East Zone,13525,20.270583384969772,85.84387015685776,2026-08-31T09:00,27.5,85,12.4,239.0,32.2
W41,South-East Zone,13525,20.270583384969772,85.84387015685776,2026-08-31T10:00,28.0,82,16.6,418.0,31.9
W41,South-East Zone,13525,20.270583384969772,85.84387015685776,2026-08-31T11:00,28.3,79,15.4,306.0,32.3
W41,South-East Zone,13525,20.270583384969772,85.84387015685776,2026-08-31T12:00,29.0,76,16.6,446.0,32.8
W41,South-East Zone,13525,20.270583384969772,85.84387015685776,2026-08-31T13:00,29.7,72,17.3,469.0,33.3
W41,South-East Zone,13525,20.270583384969772,85.84387015685776,2026-08-31T14:00,30.1,70,17.4,456.0,33.7
W41,South-East Zone,13525,20.270583384969772,85.84387015685776,2026-08-31T15:00,29.9,71,16.8,437.0,33.6
W41,South-East Zone,13525,20.270583384969772,85.84387015685776,2026-08-31T16:00,29.3,74,15.7,304.0,33.2
W41,South-East Zone,13525,20.270583384969772,85.84387015685776,2026-08-31T17:00,28.8,76,14.8,138.0,32.8
W41,South-East Zone,13525,20.270583384969772,85.84387015685776,2026-08-31T18:00,28.4,78,13.7,9.0,32.5
W41,South-East Zone,13525,20.270583384969772,85.84387015685776,2026-08-31T19:00,28.0,79,12.4,0.0,32.2
W41,South-East Zone,13525,20.270583384969772,85.84387015685776,2026-08-31T20:00,27.6,80,11.4,0.0,31.9
W41,South-East Zone,13525,20.270583384969772,85.84387015685776,2026-08-31T21:00,27.2,82,10.1,0.0,31.7
W41,South-East Zone,13525,20.270583384969772,85.84387015685776,2026-08-31T22:00,26.9,84,9.1,0.0,31.6
W41,South-East Zone,13525,20.270583384969772,85.84387015685776,2026-08-31T23:00,26.6,85,9.0,0.0,31.3
W41,South-East Zone,13525,20.270583384969772,85.84387015685776,2026-09-01T00:00,26.6,84,9.8,0.0,31.0
W41,South-East Zone,13525,20.270583384969772,85.84387015685776,2026-09-01T01:00,26.6,83,11.2,0.0,30.7
W41,South-East Zone,13525,20.270583384969772,85.84387015685776,2026-09-01T02:00,26.6,82,11.7,0.0,30.6
W41,South-East Zone,13525,20.270583384969772,85.84387015685776,2026-09-01T03:00,26.5,83,10.9,0.0,30.6
W41,South-East Zone,13525,20.270583384969772,85.84387015685776,2026-09-01T04:00,26.2,85,10.0,0.0,30.6
W41,South-East Zone,13525,20.270583384969772,85.84387015685776,2026-09-01T05:00,26.3,86,9.9,0.0,30.7
W41,South-East Zone,13525,20.270583384969772,85.84387015685776,2026-09-01T06:00,26.8,84,10.5,24.0,31.2
W41,South-East Zone,13525,20.270583384969772,85.84387015685776,2026-09-01T07:00,27.5,81,11.0,104.0,31.9
W41,South-East Zone,13525,20.270583384969772,85.84387015685776,2026-09-01T08:00,28.1,78,11.5,181.0,32.5
W41,South-East Zone,13525,20.270583384969772,85.84387015685776,2026-09-01T09:00,28.4,77,11.6,238.0,32.8
W41,South-East Zone,13525,20.270583384969772,85.84387015685776,2026-09-01T10:00,28.6,76,12.7,292.0,32.9
W41,South-East Zone,13525,20.270583384969772,85.84387015685776,2026-09-01T11:00,28.8,76,14.0,334.0,32.9
W41,South-East Zone,13525,20.270583384969772,85.84387015685776,2026-09-01T12:00,29.2,74,14.8,340.0,33.2
W41,South-East Zone,13525,20.270583384969772,85.84387015685776,2026-09-01T13:00,29.6,72,15.2,360.0,33.4
W41,South-East Zone,13525,20.270583384969772,85.84387015685776,2026-09-01T14:00,29.8,71,14.8,363.0,33.7
W41,South-East Zone,13525,20.270583384969772,85.84387015685776,2026-09-01T15:00,29.5,74,13.2,394.0,34.0
W41,South-East Zone,13525,20.270583384969772,85.84387015685776,2026-09-01T16:00,29.0,80,10.9,270.0,34.2
W41,South-East Zone,13525,20.270583384969772,85.84387015685776,2026-09-01T17:00,28.4,84,9.3,115.0,34.1
W41,South-East Zone,13525,20.270583384969772,85.84387015685776,2026-09-01T18:00,27.8,86,8.1,6.0,33.6
W41,South-East Zone,13525,20.270583384969772,85.84387015685776,2026-09-01T19:00,27.2,88,7.2,0.0,32.8
W41,South-East Zone,13525,20.270583384969772,85.84387015685776,2026-09-01T20:00,26.7,89,7.0,0.0,32.1
W41,South-East Zone,13525,20.270583384969772,85.84387015685776,2026-09-01T21:00,26.5,90,7.8,0.0,31.9
W41,South-East Zone,13525,20.270583384969772,85.84387015685776,2026-09-01T22:00,26.5,91,9.3,0.0,31.7
W41,South-East Zone,13525,20.270583384969772,85.84387015685776,2026-09-01T23:00,26.5,91,10.2,0.0,31.6
W47,South-West Zone,11638,20.27411056769673,85.8163010445867,2026-08-28T00:00,26.9,95,9.0,0.0,32.9
W47,South-West Zone,11638,20.27411056769673,85.8163010445867,2026-08-28T01:00,26.9,95,10.7,0.0,32.7
W47,South-West Zone,11638,20.27411056769673,85.8163010445867,2026-08-28T02:00,26.9,93,12.0,0.0,32.3
W47,South-West Zone,11638,20.27411056769673,85.8163010445867,2026-08-28T03:00,26.5,92,12.4,0.0,31.5
W47,South-West Zone,11638,20.27411056769673,85.8163010445867,2026-08-28T04:00,26.3,91,11.4,0.0,31.1
W47,South-West Zone,11638,20.27411056769673,85.8163010445867,2026-08-28T05:00,26.3,90,11.1,0.0,31.0
W47,South-West Zone,11638,20.27411056769673,85.8163010445867,2026-08-28T06:00,26.9,88,11.1,42.0,31.7
W47,South-West Zone,11638,20.27411056769673,85.8163010445867,2026-08-28T07:00,28.3,82,13.0,212.0,33.1
W47,South-West Zone,11638,20.27411056769673,85.8163010445867,2026-08-28T08:00,29.5,77,16.0,416.0,33.9
W47,South-West Zone,11638,20.27411056769673,85.8163010445867,2026-08-28T09:00,30.5,74,15.7,616.0,35.5
W47,South-West Zone,11638,20.27411056769673,85.8163010445867,2026-08-28T10:00,31.3,73,13.5,708.0,37.5
W47,South-West Zone,11638,20.27411056769673,85.8163010445867,2026-08-28T11:00,31.6,71,11.5,738.0,38.1
W47,South-West Zone,11638,20.27411056769673,85.8163010445867,2026-08-28T12:00,28.8,85,13.5,469.0,34.3
W47,South-West Zone,11638,20.27411056769673,85.8163010445867,2026-08-28T13:00,29.2,83,7.0,451.0,35.7
W47,South-West Zone,11638,20.27411056769673,85.8163010445867,2026-08-28T14:00,30.0,84,5.3,346.0,37.3
W47,South-West Zone,11638,20.27411056769673,85.8163010445867,2026-08-28T15:00,29.4,88,4.6,297.0,36.9
W47,South-West Zone,11638,20.27411056769673,85.8163010445867,2026-08-28T16:00,26.9,92,8.7,171.0,32.6
W47,South-West Zone,11638,20.27411056769673,85.8163010445867,2026-08-28T17:00,26.7,94,0.4,61.0,33.8
W47,South-West Zone,11638,20.27411056769673,85.8163010445867,2026-08-28T18:00,26.8,95,4.6,6.0,33.5
W47,South-West Zone,11638,20.27411056769673,85.8163010445867,2026-08-28T19:00,26.5,97,8.5,0.0,32.6
W47,South-West Zone,11638,20.27411056769673,85.8163010445867,2026-08-28T20:00,26.2,97,8.8,0.0,32.1
W47,South-West Zone,11638,20.27411056769673,85.8163010445867,2026-08-28T21:00,26.1,97,8.7,0.0,31.9
W47,South-West Zone,11638,20.27411056769673,85.8163010445867,2026-08-28T22:00,26.0,97,9.5,0.0,31.7
W47,South-West Zone,11638,20.27411056769673,85.8163010445867,2026-08-28T23:00,26.1,97,8.7,0.0,31.9
W47,South-West Zone,11638,20.27411056769673,85.8163010445867,2026-08-29T00:00,26.2,97,8.8,0.0,32.0
W47,South-West Zone,11638,20.27411056769673,85.8163010445867,2026-08-29T01:00,26.2,96,8.3,0.0,32.1
W47,South-West Zone,11638,20.27411056769673,85.8163010445867,2026-08-29T02:00,26.3,96,8.7,0.0,32.1
W47,South-West Zone,11638,20.27411056769673,85.8163010445867,2026-08-29T03:00,25.2,98,11.7,0.0,30.1
W47,South-West Zone,11638,20.27411056769673,85.8163010445867,2026-08-29T04:00,25.5,98,9.7,0.0,30.8
W47,South-West Zone,11638,20.27411056769673,85.8163010445867,2026-08-29T05:00,25.7,97,10.1,0.0,31.1
W47,South-West Zone,11638,20.27411056769673,85.8163010445867,2026-08-29T06:00,26.2,98,8.6,28.0,32.1
W47,South-West Zone,11638,20.27411056769673,85.8163010445867,2026-08-29T07:00,26.9,97,6.8,106.0,33.6
W47,South-West Zone,11638,20.27411056769673,85.8163010445867,2026-08-29T08:00,28.2,92,7.8,250.0,34.9
W47,South-West Zone,11638,20.27411056769673,85.8163010445867,2026-08-29T09:00,29.4,83,9.4,428.0,35.6
W47,South-West Zone,11638,20.27411056769673,85.8163010445867,2026-08-29T10:00,29.8,82,9.3,419.0,36.0
W47,South-West Zone,11638,20.27411056769673,85.8163010445867,2026-08-29T11:00,29.7,80,10.1,309.0,35.5
W47,South-West Zone,11638,20.27411056769673,85.8163010445867,2026-08-29T12:00,29.9,78,11.3,323.0,35.4
W47,South-West Zone,11638,20.27411056769673,85.8163010445867,2026-08-29T13:00,30.2,76,11.7,333.0,35.5
W47,South-West Zone,11638,20.27411056769673,85.8163010445867,2026-08-29T14:00,30.2,77,9.6,258.0,36.0
W47,South-West Zone,11638,20.27411056769673,85.8163010445867,2026-08-29T15:00,30.3,77,9.5,240.0,36.1
W47,South-West Zone,11638,20.27411056769673,85.8163010445867,2026-08-29T16:00,29.2,85,9.0,113.0,35.6
W47,South-West Zone,11638,20.27411056769673,85.8163010445867,2026-08-29T17:00,27.1,95,7.2,53.0,33.6
W47,South-West Zone,11638,20.27411056769673,85.8163010445867,2026-08-29T18:00,26.8,97,10.2,1.0,32.9
W47,South-West Zone,11638,20.27411056769673,85.8163010445867,2026-08-29T19:00,26.7,97,8.2,0.0,33.0
W47,South-West Zone,11638,20.27411056769673,85.8163010445867,2026-08-29T20:00,26.4,97,8.8,0.0,32.4
W47,South-West Zone,11638,20.27411056769673,85.8163010445867,2026-08-29T21:00,26.3,97,7.8,0.0,32.4
W47,South-West Zone,11638,20.27411056769673,85.8163010445867,2026-08-29T22:00,26.1,97,8.3,0.0,32.0
W47,South-West Zone,11638,20.27411056769673,85.8163010445867,2026-08-29T23:00,24.9,99,12.5,0.0,29.7
W47,South-West Zone,11638,20.27411056769673,85.8163010445867,2026-08-30T00:00,25.1,99,8.3,0.0,30.6
W47,South-West Zone,11638,20.27411056769673,85.8163010445867,2026-08-30T01:00,25.4,99,9.6,0.0,30.7
W47,South-West Zone,11638,20.27411056769673,85.8163010445867,2026-08-30T02:00,25.6,98,9.7,0.0,31.1
W47,South-West Zone,11638,20.27411056769673,85.8163010445867,2026-08-30T03:00,25.8,97,9.8,0.0,31.3
W47,South-West Zone,11638,20.27411056769673,85.8163010445867,2026-08-30T04:00,25.8,97,8.1,0.0,31.5
W47,South-West Zone,11638,20.27411056769673,85.8163010445867,2026-08-30T05:00,25.7,99,9.0,0.0,31.3
W47,South-West Zone,11638,20.27411056769673,85.8163010445867,2026-08-30T06:00,25.8,98,7.9,18.0,31.7
W47,South-West Zone,11638,20.27411056769673,85.8163010445867,2026-08-30T07:00,26.3,95,8.3,63.0,32.1
W47,South-West Zone,11638,20.27411056769673,85.8163010445867,2026-08-30T08:00,26.2,95,9.7,116.0,31.8
W47,South-West Zone,11638,20.27411056769673,85.8163010445867,2026-08-30T09:00,26.1,93,7.8,155.0,31.5
W47,South-West Zone,11638,20.27411056769673,85.8163010445867,2026-08-30T10:00,26.9,93,7.2,197.0,33.0
W47,South-West Zone,11638,20.27411056769673,85.8163010445867,2026-08-30T11:00,26.8,93,8.5,156.0,32.6
W47,South-West Zone,11638,20.27411056769673,85.8163010445867,2026-08-30T12:00,28.0,89,7.9,345.0,34.1
W47,South-West Zone,11638,20.27411056769673,85.8163010445867,2026-08-30T13:00,29.0,83,10.7,334.0,34.7
W47,South-West Zone,11638,20.27411056769673,85.8163010445867,2026-08-30T14:00,29.6,79,12.1,389.0,34.8
W47,South-West Zone,11638,20.27411056769673,85.8163010445867,2026-08-30T15:00,29.9,76,13.0,333.0,34.9
W47,South-West Zone,11638,20.27411056769673,85.8163010445867,2026-08-30T16:00,29.6,78,12.7,221.0,34.6
W47,South-West Zone,11638,20.27411056769673,85.8163010445867,2026-08-30T17:00,29.0,81,9.0,110.0,34.7
W47,South-West Zone,11638,20.27411056769673,85.8163010445867,2026-08-30T18:00,28.1,85,8.2,10.0,33.9
W47,South-West Zone,11638,20.27411056769673,85.8163010445867,2026-08-30T19:00,27.9,86,8.3,0.0,33.7
W47,South-West Zone,11638,20.27411056769673,85.8163010445867,2026-08-30T20:00,27.1,88,6.2,0.0,32.9
W47,South-West Zone,11638,20.27411056769673,85.8163010445867,2026-08-30T21:00,26.7,93,5.5,0.0,33.0
W47,South-West Zone,11638,20.27411056769673,85.8163010445867,2026-08-30T22:00,26.4,95,5.1,0.0,32.7
W47,South-West Zone,11638,20.27411056769673,85.8163010445867,2026-08-30T23:00,26.2,96,8.0,0.0,32.0
W47,South-West Zone,11638,20.27411056769673,85.8163010445867,2026-08-31T00:00,26.0,95,11.5,0.0,31.0
W47,South-West Zone,11638,20.27411056769673,85.8163010445867,2026-08-31T01:00,25.7,94,11.3,0.0,30.5
W47,South-West Zone,11638,20.27411056769673,85.8163010445867,2026-08-31T02:00,25.4,94,10.8,0.0,30.1
W47,South-West Zone,11638,20.27411056769673,85.8163010445867,2026-08-31T03:00,25.4,94,10.2,0.0,30.1
W47,South-West Zone,11638,20.27411056769673,85.8163010445867,2026-08-31T04:00,25.5,92,10.1,0.0,30.2
W47,South-West Zone,11638,20.27411056769673,85.8163010445867,2026-08-31T05:00,25.5,92,9.0,0.0,30.3
W47,South-West Zone,11638,20.27411056769673,85.8163010445867,2026-08-31T06:00,25.7,92,8.5,19.0,30.7
W47,South-West Zone,11638,20.27411056769673,85.8163010445867,2026-08-31T07:00,26.5,88,9.2,100.0,31.5
W47,South-West Zone,11638,20.27411056769673,85.8163010445867,2026-08-31T08:00,27.1,86,9.3,159.0,32.3
W47,South-West Zone,11638,20.27411056769673,85.8163010445867,2026-08-31T09:00,27.5,85,12.4,239.0,32.2
W47,South-West Zone,11638,20.27411056769673,85.8163010445867,2026-08-31T10:00,28.0,82,16.6,418.0,31.9
W47,South-West Zone,11638,20.27411056769673,85.8163010445867,2026-08-31T11:00,28.3,79,15.4,306.0,32.3
W47,South-West Zone,11638,20.27411056769673,85.8163010445867,2026-08-31T12:00,29.0,76,16.6,446.0,32.8
W47,South-West Zone,11638,20.27411056769673,85.8163010445867,2026-08-31T13:00,29.7,72,17.3,469.0,33.3
W47,South-West Zone,11638,20.27411056769673,85.8163010445867,2026-08-31T14:00,30.1,70,17.4,456.0,33.7
W47,South-West Zone,11638,20.27411056769673,85.8163010445867,2026-08-31T15:00,29.9,71,16.8,437.0,33.6
W47,South-West Zone,11638,20.27411056769673,85.8163010445867,2026-08-31T16:00,29.3,74,15.7,304.0,33.2
W47,South-West Zone,11638,20.27411056769673,85.8163010445867,2026-08-31T17:00,28.8,76,14.8,138.0,32.8
W47,South-West Zone,11638,20.27411056769673,85.8163010445867,2026-08-31T18:00,28.4,78,13.7,9.0,32.5
W47,South-West Zone,11638,20.27411056769673,85.8163010445867,2026-08-31T19:00,28.0,79,12.4,0.0,32.2
W47,South-West Zone,11638,20.27411056769673,85.8163010445867,2026-08-31T20:00,27.6,80,11.4,0.0,31.9
W47,South-West Zone,11638,20.27411056769673,85.8163010445867,2026-08-31T21:00,27.2,82,10.1,0.0,31.7
W47,South-West Zone,11638,20.27411056769673,85.8163010445867,2026-08-31T22:00,26.9,84,9.1,0.0,31.6
W47,South-West Zone,11638,20.27411056769673,85.8163010445867,2026-08-31T23:00,26.6,85,9.0,0.0,31.3
W47,South-West Zone,11638,20.27411056769673,85.8163010445867,2026-09-01T00:00,26.6,84,9.8,0.0,31.0
W47,South-West Zone,11638,20.27411056769673,85.8163010445867,2026-09-01T01:00,26.6,83,11.2,0.0,30.7
W47,South-West Zone,11638,20.27411056769673,85.8163010445867,2026-09-01T02:00,26.6,82,11.7,0.0,30.6
W47,South-West Zone,11638,20.27411056769673,85.8163010445867,2026-09-01T03:00,26.5,83,10.9,0.0,30.6
W47,South-West Zone,11638,20.27411056769673,85.8163010445867,2026-09-01T04:00,26.2,85,10.0,0.0,30.6
W47,South-West Zone,11638,20.27411056769673,85.8163010445867,2026-09-01T05:00,26.3,86,9.9,0.0,30.7
W47,South-West Zone,11638,20.27411056769673,85.8163010445867,2026-09-01T06:00,26.8,84,10.5,24.0,31.2
W47,South-West Zone,11638,20.27411056769673,85.8163010445867,2026-09-01T07:00,27.5,81,11.0,104.0,31.9
W47,South-West Zone,11638,20.27411056769673,85.8163010445867,2026-09-01T08:00,28.1,78,11.5,181.0,32.5
W47,South-West Zone,11638,20.27411056769673,85.8163010445867,2026-09-01T09:00,28.4,77,11.6,238.0,32.8
W47,South-West Zone,11638,20.27411056769673,85.8163010445867,2026-09-01T10:00,28.6,76,12.7,292.0,32.9
W47,South-West Zone,11638,20.27411056769673,85.8163010445867,2026-09-01T11:00,28.8,76,14.0,334.0,32.9
W47,South-West Zone,11638,20.27411056769673,85.8163010445867,2026-09-01T12:00,29.2,74,14.8,340.0,33.2
W47,South-West Zone,11638,20.27411056769673,85.8163010445867,2026-09-01T13:00,29.6,72,15.2,360.0,33.4
W47,South-West Zone,11638,20.27411056769673,85.8163010445867,2026-09-01T14:00,29.8,71,14.8,363.0,33.7
W47,South-West Zone,11638,20.27411056769673,85.8163010445867,2026-09-01T15:00,29.5,74,13.2,394.0,34.0
W47,South-West Zone,11638,20.27411056769673,85.8163010445867,2026-09-01T16:00,29.0,80,10.9,270.0,34.2
W47,South-West Zone,11638,20.27411056769673,85.8163010445867,2026-09-01T17:00,28.4,84,9.3,115.0,34.1
W47,South-West Zone,11638,20.27411056769673,85.8163010445867,2026-09-01T18:00,27.8,86,8.1,6.0,33.6
W47,South-West Zone,11638,20.27411056769673,85.8163010445867,2026-09-01T19:00,27.2,88,7.2,0.0,32.8
W47,South-West Zone,11638,20.27411056769673,85.8163010445867,2026-09-01T20:00,26.7,89,7.0,0.0,32.1
W47,South-West Zone,11638,20.27411056769673,85.8163010445867,2026-09-01T21:00,26.5,90,7.8,0.0,31.9
W47,South-West Zone,11638,20.27411056769673,85.8163010445867,2026-09-01T22:00,26.5,91,9.3,0.0,31.7
W47,South-West Zone,11638,20.27411056769673,85.8163010445867,2026-09-01T23:00,26.5,91,10.2,0.0,31.6
W48,South-West Zone,11369,20.276182894989667,85.80743638567913,2026-08-28T00:00,26.9,95,9.0,0.0,32.9
W48,South-West Zone,11369,20.276182894989667,85.80743638567913,2026-08-28T01:00,26.9,95,10.7,0.0,32.7
W48,South-West Zone,11369,20.276182894989667,85.80743638567913,2026-08-28T02:00,26.9,93,12.0,0.0,32.3
W48,South-West Zone,11369,20.276182894989667,85.80743638567913,2026-08-28T03:00,26.5,92,12.4,0.0,31.5
W48,South-West Zone,11369,20.276182894989667,85.80743638567913,2026-08-28T04:00,26.3,91,11.4,0.0,31.1
W48,South-West Zone,11369,20.276182894989667,85.80743638567913,2026-08-28T05:00,26.3,90,11.1,0.0,31.0
W48,South-West Zone,11369,20.276182894989667,85.80743638567913,2026-08-28T06:00,26.9,88,11.1,42.0,31.7
W48,South-West Zone,11369,20.276182894989667,85.80743638567913,2026-08-28T07:00,28.3,82,13.0,212.0,33.1
W48,South-West Zone,11369,20.276182894989667,85.80743638567913,2026-08-28T08:00,29.5,77,16.0,416.0,33.9
W48,South-West Zone,11369,20.276182894989667,85.80743638567913,2026-08-28T09:00,30.5,74,15.7,616.0,35.5
W48,South-West Zone,11369,20.276182894989667,85.80743638567913,2026-08-28T10:00,31.3,73,13.5,708.0,37.5
W48,South-West Zone,11369,20.276182894989667,85.80743638567913,2026-08-28T11:00,31.6,71,11.5,738.0,38.1
W48,South-West Zone,11369,20.276182894989667,85.80743638567913,2026-08-28T12:00,28.8,85,13.5,469.0,34.3
W48,South-West Zone,11369,20.276182894989667,85.80743638567913,2026-08-28T13:00,29.2,83,7.0,451.0,35.7
W48,South-West Zone,11369,20.276182894989667,85.80743638567913,2026-08-28T14:00,30.0,84,5.3,346.0,37.3
W48,South-West Zone,11369,20.276182894989667,85.80743638567913,2026-08-28T15:00,29.4,88,4.6,297.0,36.9
W48,South-West Zone,11369,20.276182894989667,85.80743638567913,2026-08-28T16:00,26.9,92,8.7,171.0,32.6
W48,South-West Zone,11369,20.276182894989667,85.80743638567913,2026-08-28T17:00,26.7,94,0.4,61.0,33.8
W48,South-West Zone,11369,20.276182894989667,85.80743638567913,2026-08-28T18:00,26.8,95,4.6,6.0,33.5
W48,South-West Zone,11369,20.276182894989667,85.80743638567913,2026-08-28T19:00,26.5,97,8.5,0.0,32.6
W48,South-West Zone,11369,20.276182894989667,85.80743638567913,2026-08-28T20:00,26.2,97,8.8,0.0,32.1
W48,South-West Zone,11369,20.276182894989667,85.80743638567913,2026-08-28T21:00,26.1,97,8.7,0.0,31.9
W48,South-West Zone,11369,20.276182894989667,85.80743638567913,2026-08-28T22:00,26.0,97,9.5,0.0,31.7
W48,South-West Zone,11369,20.276182894989667,85.80743638567913,2026-08-28T23:00,26.1,97,8.7,0.0,31.9
W48,South-West Zone,11369,20.276182894989667,85.80743638567913,2026-08-29T00:00,26.2,97,8.8,0.0,32.0
W48,South-West Zone,11369,20.276182894989667,85.80743638567913,2026-08-29T01:00,26.2,96,8.3,0.0,32.1
W48,South-West Zone,11369,20.276182894989667,85.80743638567913,2026-08-29T02:00,26.3,96,8.7,0.0,32.1
W48,South-West Zone,11369,20.276182894989667,85.80743638567913,2026-08-29T03:00,25.2,98,11.7,0.0,30.1
W48,South-West Zone,11369,20.276182894989667,85.80743638567913,2026-08-29T04:00,25.5,98,9.7,0.0,30.8
W48,South-West Zone,11369,20.276182894989667,85.80743638567913,2026-08-29T05:00,25.7,97,10.1,0.0,31.1
W48,South-West Zone,11369,20.276182894989667,85.80743638567913,2026-08-29T06:00,26.2,98,8.6,28.0,32.1
W48,South-West Zone,11369,20.276182894989667,85.80743638567913,2026-08-29T07:00,26.9,97,6.8,106.0,33.6
W48,South-West Zone,11369,20.276182894989667,85.80743638567913,2026-08-29T08:00,28.2,92,7.8,250.0,34.9
W48,South-West Zone,11369,20.276182894989667,85.80743638567913,2026-08-29T09:00,29.4,83,9.4,428.0,35.6
W48,South-West Zone,11369,20.276182894989667,85.80743638567913,2026-08-29T10:00,29.8,82,9.3,419.0,36.0
W48,South-West Zone,11369,20.276182894989667,85.80743638567913,2026-08-29T11:00,29.7,80,10.1,309.0,35.5
W48,South-West Zone,11369,20.276182894989667,85.80743638567913,2026-08-29T12:00,29.9,78,11.3,323.0,35.4
W48,South-West Zone,11369,20.276182894989667,85.80743638567913,2026-08-29T13:00,30.2,76,11.7,333.0,35.5
W48,South-West Zone,11369,20.276182894989667,85.80743638567913,2026-08-29T14:00,30.2,77,9.6,258.0,36.0
W48,South-West Zone,11369,20.276182894989667,85.80743638567913,2026-08-29T15:00,30.3,77,9.5,240.0,36.1
W48,South-West Zone,11369,20.276182894989667,85.80743638567913,2026-08-29T16:00,29.2,85,9.0,113.0,35.6
W48,South-West Zone,11369,20.276182894989667,85.80743638567913,2026-08-29T17:00,27.1,95,7.2,53.0,33.6
W48,South-West Zone,11369,20.276182894989667,85.80743638567913,2026-08-29T18:00,26.8,97,10.2,1.0,32.9
W48,South-West Zone,11369,20.276182894989667,85.80743638567913,2026-08-29T19:00,26.7,97,8.2,0.0,33.0
W48,South-West Zone,11369,20.276182894989667,85.80743638567913,2026-08-29T20:00,26.4,97,8.8,0.0,32.4
W48,South-West Zone,11369,20.276182894989667,85.80743638567913,2026-08-29T21:00,26.3,97,7.8,0.0,32.4
W48,South-West Zone,11369,20.276182894989667,85.80743638567913,2026-08-29T22:00,26.1,97,8.3,0.0,32.0
W48,South-West Zone,11369,20.276182894989667,85.80743638567913,2026-08-29T23:00,24.9,99,12.5,0.0,29.7
W48,South-West Zone,11369,20.276182894989667,85.80743638567913,2026-08-30T00:00,25.1,99,8.3,0.0,30.6
W48,South-West Zone,11369,20.276182894989667,85.80743638567913,2026-08-30T01:00,25.4,99,9.6,0.0,30.7
W48,South-West Zone,11369,20.276182894989667,85.80743638567913,2026-08-30T02:00,25.6,98,9.7,0.0,31.1
W48,South-West Zone,11369,20.276182894989667,85.80743638567913,2026-08-30T03:00,25.8,97,9.8,0.0,31.3
W48,South-West Zone,11369,20.276182894989667,85.80743638567913,2026-08-30T04:00,25.8,97,8.1,0.0,31.5
W48,South-West Zone,11369,20.276182894989667,85.80743638567913,2026-08-30T05:00,25.7,99,9.0,0.0,31.3
W48,South-West Zone,11369,20.276182894989667,85.80743638567913,2026-08-30T06:00,25.8,98,7.9,18.0,31.7
W48,South-West Zone,11369,20.276182894989667,85.80743638567913,2026-08-30T07:00,26.3,95,8.3,63.0,32.1
W48,South-West Zone,11369,20.276182894989667,85.80743638567913,2026-08-30T08:00,26.2,95,9.7,116.0,31.8
W48,South-West Zone,11369,20.276182894989667,85.80743638567913,2026-08-30T09:00,26.1,93,7.8,155.0,31.5
W48,South-West Zone,11369,20.276182894989667,85.80743638567913,2026-08-30T10:00,26.9,93,7.2,197.0,33.0
W48,South-West Zone,11369,20.276182894989667,85.80743638567913,2026-08-30T11:00,26.8,93,8.5,156.0,32.6
W48,South-West Zone,11369,20.276182894989667,85.80743638567913,2026-08-30T12:00,28.0,89,7.9,345.0,34.1
W48,South-West Zone,11369,20.276182894989667,85.80743638567913,2026-08-30T13:00,29.0,83,10.7,334.0,34.7
W48,South-West Zone,11369,20.276182894989667,85.80743638567913,2026-08-30T14:00,29.6,79,12.1,389.0,34.8
W48,South-West Zone,11369,20.276182894989667,85.80743638567913,2026-08-30T15:00,29.9,76,13.0,333.0,34.9
W48,South-West Zone,11369,20.276182894989667,85.80743638567913,2026-08-30T16:00,29.6,78,12.7,221.0,34.6
W48,South-West Zone,11369,20.276182894989667,85.80743638567913,2026-08-30T17:00,29.0,81,9.0,110.0,34.7
W48,South-West Zone,11369,20.276182894989667,85.80743638567913,2026-08-30T18:00,28.1,85,8.2,10.0,33.9
W48,South-West Zone,11369,20.276182894989667,85.80743638567913,2026-08-30T19:00,27.9,86,8.3,0.0,33.7
W48,South-West Zone,11369,20.276182894989667,85.80743638567913,2026-08-30T20:00,27.1,88,6.2,0.0,32.9
W48,South-West Zone,11369,20.276182894989667,85.80743638567913,2026-08-30T21:00,26.7,93,5.5,0.0,33.0
W48,South-West Zone,11369,20.276182894989667,85.80743638567913,2026-08-30T22:00,26.4,95,5.1,0.0,32.7
W48,South-West Zone,11369,20.276182894989667,85.80743638567913,2026-08-30T23:00,26.2,96,8.0,0.0,32.0
W48,South-West Zone,11369,20.276182894989667,85.80743638567913,2026-08-31T00:00,26.0,95,11.5,0.0,31.0
W48,South-West Zone,11369,20.276182894989667,85.80743638567913,2026-08-31T01:00,25.7,94,11.3,0.0,30.5
W48,South-West Zone,11369,20.276182894989667,85.80743638567913,2026-08-31T02:00,25.4,94,10.8,0.0,30.1
W48,South-West Zone,11369,20.276182894989667,85.80743638567913,2026-08-31T03:00,25.4,94,10.2,0.0,30.1
W48,South-West Zone,11369,20.276182894989667,85.80743638567913,2026-08-31T04:00,25.5,92,10.1,0.0,30.2
W48,South-West Zone,11369,20.276182894989667,85.80743638567913,2026-08-31T05:00,25.5,92,9.0,0.0,30.3
W48,South-West Zone,11369,20.276182894989667,85.80743638567913,2026-08-31T06:00,25.7,92,8.5,19.0,30.7
W48,South-West Zone,11369,20.276182894989667,85.80743638567913,2026-08-31T07:00,26.5,88,9.2,100.0,31.5
W48,South-West Zone,11369,20.276182894989667,85.80743638567913,2026-08-31T08:00,27.1,86,9.3,159.0,32.3
W48,South-West Zone,11369,20.276182894989667,85.80743638567913,2026-08-31T09:00,27.5,85,12.4,239.0,32.2
W48,South-West Zone,11369,20.276182894989667,85.80743638567913,2026-08-31T10:00,28.0,82,16.6,418.0,31.9
W48,South-West Zone,11369,20.276182894989667,85.80743638567913,2026-08-31T11:00,28.3,79,15.4,306.0,32.3
W48,South-West Zone,11369,20.276182894989667,85.80743638567913,2026-08-31T12:00,29.0,76,16.6,446.0,32.8
W48,South-West Zone,11369,20.276182894989667,85.80743638567913,2026-08-31T13:00,29.7,72,17.3,469.0,33.3
W48,South-West Zone,11369,20.276182894989667,85.80743638567913,2026-08-31T14:00,30.1,70,17.4,456.0,33.7
W48,South-West Zone,11369,20.276182894989667,85.80743638567913,2026-08-31T15:00,29.9,71,16.8,437.0,33.6
W48,South-West Zone,11369,20.276182894989667,85.80743638567913,2026-08-31T16:00,29.3,74,15.7,304.0,33.2
W48,South-West Zone,11369,20.276182894989667,85.80743638567913,2026-08-31T17:00,28.8,76,14.8,138.0,32.8
W48,South-West Zone,11369,20.276182894989667,85.80743638567913,2026-08-31T18:00,28.4,78,13.7,9.0,32.5
W48,South-West Zone,11369,20.276182894989667,85.80743638567913,2026-08-31T19:00,28.0,79,12.4,0.0,32.2
W48,South-West Zone,11369,20.276182894989667,85.80743638567913,2026-08-31T20:00,27.6,80,11.4,0.0,31.9
W48,South-West Zone,11369,20.276182894989667,85.80743638567913,2026-08-31T21:00,27.2,82,10.1,0.0,31.7
W48,South-West Zone,11369,20.276182894989667,85.80743638567913,2026-08-31T22:00,26.9,84,9.1,0.0,31.6
W48,South-West Zone,11369,20.276182894989667,85.80743638567913,2026-08-31T23:00,26.6,85,9.0,0.0,31.3
W48,South-West Zone,11369,20.276182894989667,85.80743638567913,2026-09-01T00:00,26.6,84,9.8,0.0,31.0
W48,South-West Zone,11369,20.276182894989667,85.80743638567913,2026-09-01T01:00,26.6,83,11.2,0.0,30.7
W48,South-West Zone,11369,20.276182894989667,85.80743638567913,2026-09-01T02:00,26.6,82,11.7,0.0,30.6
W48,South-West Zone,11369,20.276182894989667,85.80743638567913,2026-09-01T03:00,26.5,83,10.9,0.0,30.6
W48,South-West Zone,11369,20.276182894989667,85.80743638567913,2026-09-01T04:00,26.2,85,10.0,0.0,30.6
W48,South-West Zone,11369,20.276182894989667,85.80743638567913,2026-09-01T05:00,26.3,86,9.9,0.0,30.7
W48,South-West Zone,11369,20.276182894989667,85.80743638567913,2026-09-01T06:00,26.8,84,10.5,24.0,31.2
W48,South-West Zone,11369,20.276182894989667,85.80743638567913,2026-09-01T07:00,27.5,81,11.0,104.0,31.9
W48,South-West Zone,11369,20.276182894989667,85.80743638567913,2026-09-01T08:00,28.1,78,11.5,181.0,32.5
W48,South-West Zone,11369,20.276182894989667,85.80743638567913,2026-09-01T09:00,28.4,77,11.6,238.0,32.8
W48,South-West Zone,11369,20.276182894989667,85.80743638567913,2026-09-01T10:00,28.6,76,12.7,292.0,32.9
W48,South-West Zone,11369,20.276182894989667,85.80743638567913,2026-09-01T11:00,28.8,76,14.0,334.0,32.9
W48,South-West Zone,11369,20.276182894989667,85.80743638567913,2026-09-01T12:00,29.2,74,14.8,340.0,33.2
W48,South-West Zone,11369,20.276182894989667,85.80743638567913,2026-09-01T13:00,29.6,72,15.2,360.0,33.4
W48,South-West Zone,11369,20.276182894989667,85.80743638567913,2026-09-01T14:00,29.8,71,14.8,363.0,33.7
W48,South-West Zone,11369,20.276182894989667,85.80743638567913,2026-09-01T15:00,29.5,74,13.2,394.0,34.0
W48,South-West Zone,11369,20.276182894989667,85.80743638567913,2026-09-01T16:00,29.0,80,10.9,270.0,34.2
W48,South-West Zone,11369,20.276182894989667,85.80743638567913,2026-09-01T17:00,28.4,84,9.3,115.0,34.1
W48,South-West Zone,11369,20.276182894989667,85.80743638567913,2026-09-01T18:00,27.8,86,8.1,6.0,33.6
W48,South-West Zone,11369,20.276182894989667,85.80743638567913,2026-09-01T19:00,27.2,88,7.2,0.0,32.8
W48,South-West Zone,11369,20.276182894989667,85.80743638567913,2026-09-01T20:00,26.7,89,7.0,0.0,32.1
W48,South-West Zone,11369,20.276182894989667,85.80743638567913,2026-09-01T21:00,26.5,90,7.8,0.0,31.9
W48,South-West Zone,11369,20.276182894989667,85.80743638567913,2026-09-01T22:00,26.5,91,9.3,0.0,31.7
W48,South-West Zone,11369,20.276182894989667,85.80743638567913,2026-09-01T23:00,26.5,91,10.2,0.0,31.6
W52,South-West Zone,10805,20.253016746410495,85.81916403197899,2026-08-28T00:00,26.9,95,9.0,0.0,32.9
W52,South-West Zone,10805,20.253016746410495,85.81916403197899,2026-08-28T01:00,26.9,95,10.7,0.0,32.7
W52,South-West Zone,10805,20.253016746410495,85.81916403197899,2026-08-28T02:00,26.9,93,12.0,0.0,32.3
W52,South-West Zone,10805,20.253016746410495,85.81916403197899,2026-08-28T03:00,26.5,92,12.4,0.0,31.5
W52,South-West Zone,10805,20.253016746410495,85.81916403197899,2026-08-28T04:00,26.3,91,11.4,0.0,31.1
W52,South-West Zone,10805,20.253016746410495,85.81916403197899,2026-08-28T05:00,26.3,90,11.1,0.0,31.0
W52,South-West Zone,10805,20.253016746410495,85.81916403197899,2026-08-28T06:00,26.9,88,11.1,42.0,31.7
W52,South-West Zone,10805,20.253016746410495,85.81916403197899,2026-08-28T07:00,28.3,82,13.0,212.0,33.1
W52,South-West Zone,10805,20.253016746410495,85.81916403197899,2026-08-28T08:00,29.5,77,16.0,416.0,33.9
W52,South-West Zone,10805,20.253016746410495,85.81916403197899,2026-08-28T09:00,30.5,74,15.7,616.0,35.5
W52,South-West Zone,10805,20.253016746410495,85.81916403197899,2026-08-28T10:00,31.3,73,13.5,708.0,37.5
W52,South-West Zone,10805,20.253016746410495,85.81916403197899,2026-08-28T11:00,31.6,71,11.5,738.0,38.1
W52,South-West Zone,10805,20.253016746410495,85.81916403197899,2026-08-28T12:00,28.8,85,13.5,469.0,34.3
W52,South-West Zone,10805,20.253016746410495,85.81916403197899,2026-08-28T13:00,29.2,83,7.0,451.0,35.7
W52,South-West Zone,10805,20.253016746410495,85.81916403197899,2026-08-28T14:00,30.0,84,5.3,346.0,37.3
W52,South-West Zone,10805,20.253016746410495,85.81916403197899,2026-08-28T15:00,29.4,88,4.6,297.0,36.9
W52,South-West Zone,10805,20.253016746410495,85.81916403197899,2026-08-28T16:00,26.9,92,8.7,171.0,32.6
W52,South-West Zone,10805,20.253016746410495,85.81916403197899,2026-08-28T17:00,26.7,94,0.4,61.0,33.8
W52,South-West Zone,10805,20.253016746410495,85.81916403197899,2026-08-28T18:00,26.8,95,4.6,6.0,33.5
W52,South-West Zone,10805,20.253016746410495,85.81916403197899,2026-08-28T19:00,26.5,97,8.5,0.0,32.6
W52,South-West Zone,10805,20.253016746410495,85.81916403197899,2026-08-28T20:00,26.2,97,8.8,0.0,32.1
W52,South-West Zone,10805,20.253016746410495,85.81916403197899,2026-08-28T21:00,26.1,97,8.7,0.0,31.9
W52,South-West Zone,10805,20.253016746410495,85.81916403197899,2026-08-28T22:00,26.0,97,9.5,0.0,31.7
W52,South-West Zone,10805,20.253016746410495,85.81916403197899,2026-08-28T23:00,26.1,97,8.7,0.0,31.9
W52,South-West Zone,10805,20.253016746410495,85.81916403197899,2026-08-29T00:00,26.2,97,8.8,0.0,32.0
W52,South-West Zone,10805,20.253016746410495,85.81916403197899,2026-08-29T01:00,26.2,96,8.3,0.0,32.1
W52,South-West Zone,10805,20.253016746410495,85.81916403197899,2026-08-29T02:00,26.3,96,8.7,0.0,32.1
W52,South-West Zone,10805,20.253016746410495,85.81916403197899,2026-08-29T03:00,25.2,98,11.7,0.0,30.1
W52,South-West Zone,10805,20.253016746410495,85.81916403197899,2026-08-29T04:00,25.5,98,9.7,0.0,30.8
W52,South-West Zone,10805,20.253016746410495,85.81916403197899,2026-08-29T05:00,25.7,97,10.1,0.0,31.1
W52,South-West Zone,10805,20.253016746410495,85.81916403197899,2026-08-29T06:00,26.2,98,8.6,28.0,32.1
W52,South-West Zone,10805,20.253016746410495,85.81916403197899,2026-08-29T07:00,26.9,97,6.8,106.0,33.6
W52,South-West Zone,10805,20.253016746410495,85.81916403197899,2026-08-29T08:00,28.2,92,7.8,250.0,34.9
W52,South-West Zone,10805,20.253016746410495,85.81916403197899,2026-08-29T09:00,29.4,83,9.4,428.0,35.6
W52,South-West Zone,10805,20.253016746410495,85.81916403197899,2026-08-29T10:00,29.8,82,9.3,419.0,36.0
W52,South-West Zone,10805,20.253016746410495,85.81916403197899,2026-08-29T11:00,29.7,80,10.1,309.0,35.5
W52,South-West Zone,10805,20.253016746410495,85.81916403197899,2026-08-29T12:00,29.9,78,11.3,323.0,35.4
W52,South-West Zone,10805,20.253016746410495,85.81916403197899,2026-08-29T13:00,30.2,76,11.7,333.0,35.5
W52,South-West Zone,10805,20.253016746410495,85.81916403197899,2026-08-29T14:00,30.2,77,9.6,258.0,36.0
W52,South-West Zone,10805,20.253016746410495,85.81916403197899,2026-08-29T15:00,30.3,77,9.5,240.0,36.1
W52,South-West Zone,10805,20.253016746410495,85.81916403197899,2026-08-29T16:00,29.2,85,9.0,113.0,35.6
W52,South-West Zone,10805,20.253016746410495,85.81916403197899,2026-08-29T17:00,27.1,95,7.2,53.0,33.6
W52,South-West Zone,10805,20.253016746410495,85.81916403197899,2026-08-29T18:00,26.8,97,10.2,1.0,32.9
W52,South-West Zone,10805,20.253016746410495,85.81916403197899,2026-08-29T19:00,26.7,97,8.2,0.0,33.0
W52,South-West Zone,10805,20.253016746410495,85.81916403197899,2026-08-29T20:00,26.4,97,8.8,0.0,32.4
W52,South-West Zone,10805,20.253016746410495,85.81916403197899,2026-08-29T21:00,26.3,97,7.8,0.0,32.4
W52,South-West Zone,10805,20.253016746410495,85.81916403197899,2026-08-29T22:00,26.1,97,8.3,0.0,32.0
W52,South-West Zone,10805,20.253016746410495,85.81916403197899,2026-08-29T23:00,24.9,99,12.5,0.0,29.7
W52,South-West Zone,10805,20.253016746410495,85.81916403197899,2026-08-30T00:00,25.1,99,8.3,0.0,30.6
W52,South-West Zone,10805,20.253016746410495,85.81916403197899,2026-08-30T01:00,25.4,99,9.6,0.0,30.7
W52,South-West Zone,10805,20.253016746410495,85.81916403197899,2026-08-30T02:00,25.6,98,9.7,0.0,31.1
W52,South-West Zone,10805,20.253016746410495,85.81916403197899,2026-08-30T03:00,25.8,97,9.8,0.0,31.3
W52,South-West Zone,10805,20.253016746410495,85.81916403197899,2026-08-30T04:00,25.8,97,8.1,0.0,31.5
W52,South-West Zone,10805,20.253016746410495,85.81916403197899,2026-08-30T05:00,25.7,99,9.0,0.0,31.3
W52,South-West Zone,10805,20.253016746410495,85.81916403197899,2026-08-30T06:00,25.8,98,7.9,18.0,31.7
W52,South-West Zone,10805,20.253016746410495,85.81916403197899,2026-08-30T07:00,26.3,95,8.3,63.0,32.1
W52,South-West Zone,10805,20.253016746410495,85.81916403197899,2026-08-30T08:00,26.2,95,9.7,116.0,31.8
W52,South-West Zone,10805,20.253016746410495,85.81916403197899,2026-08-30T09:00,26.1,93,7.8,155.0,31.5
W52,South-West Zone,10805,20.253016746410495,85.81916403197899,2026-08-30T10:00,26.9,93,7.2,197.0,33.0
W52,South-West Zone,10805,20.253016746410495,85.81916403197899,2026-08-30T11:00,26.8,93,8.5,156.0,32.6
W52,South-West Zone,10805,20.253016746410495,85.81916403197899,2026-08-30T12:00,28.0,89,7.9,345.0,34.1
W52,South-West Zone,10805,20.253016746410495,85.81916403197899,2026-08-30T13:00,29.0,83,10.7,334.0,34.7
W52,South-West Zone,10805,20.253016746410495,85.81916403197899,2026-08-30T14:00,29.6,79,12.1,389.0,34.8
W52,South-West Zone,10805,20.253016746410495,85.81916403197899,2026-08-30T15:00,29.9,76,13.0,333.0,34.9
W52,South-West Zone,10805,20.253016746410495,85.81916403197899,2026-08-30T16:00,29.6,78,12.7,221.0,34.6
W52,South-West Zone,10805,20.253016746410495,85.81916403197899,2026-08-30T17:00,29.0,81,9.0,110.0,34.7
W52,South-West Zone,10805,20.253016746410495,85.81916403197899,2026-08-30T18:00,28.1,85,8.2,10.0,33.9
W52,South-West Zone,10805,20.253016746410495,85.81916403197899,2026-08-30T19:00,27.9,86,8.3,0.0,33.7
W52,South-West Zone,10805,20.253016746410495,85.81916403197899,2026-08-30T20:00,27.1,88,6.2,0.0,32.9
W52,South-West Zone,10805,20.253016746410495,85.81916403197899,2026-08-30T21:00,26.7,93,5.5,0.0,33.0
W52,South-West Zone,10805,20.253016746410495,85.81916403197899,2026-08-30T22:00,26.4,95,5.1,0.0,32.7
W52,South-West Zone,10805,20.253016746410495,85.81916403197899,2026-08-30T23:00,26.2,96,8.0,0.0,32.0
W52,South-West Zone,10805,20.253016746410495,85.81916403197899,2026-08-31T00:00,26.0,95,11.5,0.0,31.0
W52,South-West Zone,10805,20.253016746410495,85.81916403197899,2026-08-31T01:00,25.7,94,11.3,0.0,30.5
W52,South-West Zone,10805,20.253016746410495,85.81916403197899,2026-08-31T02:00,25.4,94,10.8,0.0,30.1
W52,South-West Zone,10805,20.253016746410495,85.81916403197899,2026-08-31T03:00,25.4,94,10.2,0.0,30.1
W52,South-West Zone,10805,20.253016746410495,85.81916403197899,2026-08-31T04:00,25.5,92,10.1,0.0,30.2
W52,South-West Zone,10805,20.253016746410495,85.81916403197899,2026-08-31T05:00,25.5,92,9.0,0.0,30.3
W52,South-West Zone,10805,20.253016746410495,85.81916403197899,2026-08-31T06:00,25.7,92,8.5,19.0,30.7
W52,South-West Zone,10805,20.253016746410495,85.81916403197899,2026-08-31T07:00,26.5,88,9.2,100.0,31.5
W52,South-West Zone,10805,20.253016746410495,85.81916403197899,2026-08-31T08:00,27.1,86,9.3,159.0,32.3
W52,South-West Zone,10805,20.253016746410495,85.81916403197899,2026-08-31T09:00,27.5,85,12.4,239.0,32.2
W52,South-West Zone,10805,20.253016746410495,85.81916403197899,2026-08-31T10:00,28.0,82,16.6,418.0,31.9
W52,South-West Zone,10805,20.253016746410495,85.81916403197899,2026-08-31T11:00,28.3,79,15.4,306.0,32.3
W52,South-West Zone,10805,20.253016746410495,85.81916403197899,2026-08-31T12:00,29.0,76,16.6,446.0,32.8
W52,South-West Zone,10805,20.253016746410495,85.81916403197899,2026-08-31T13:00,29.7,72,17.3,469.0,33.3
W52,South-West Zone,10805,20.253016746410495,85.81916403197899,2026-08-31T14:00,30.1,70,17.4,456.0,33.7
W52,South-West Zone,10805,20.253016746410495,85.81916403197899,2026-08-31T15:00,29.9,71,16.8,437.0,33.6
W52,South-West Zone,10805,20.253016746410495,85.81916403197899,2026-08-31T16:00,29.3,74,15.7,304.0,33.2
W52,South-West Zone,10805,20.253016746410495,85.81916403197899,2026-08-31T17:00,28.8,76,14.8,138.0,32.8
W52,South-West Zone,10805,20.253016746410495,85.81916403197899,2026-08-31T18:00,28.4,78,13.7,9.0,32.5
W52,South-West Zone,10805,20.253016746410495,85.81916403197899,2026-08-31T19:00,28.0,79,12.4,0.0,32.2
W52,South-West Zone,10805,20.253016746410495,85.81916403197899,2026-08-31T20:00,27.6,80,11.4,0.0,31.9
W52,South-West Zone,10805,20.253016746410495,85.81916403197899,2026-08-31T21:00,27.2,82,10.1,0.0,31.7
W52,South-West Zone,10805,20.253016746410495,85.81916403197899,2026-08-31T22:00,26.9,84,9.1,0.0,31.6
W52,South-West Zone,10805,20.253016746410495,85.81916403197899,2026-08-31T23:00,26.6,85,9.0,0.0,31.3
W52,South-West Zone,10805,20.253016746410495,85.81916403197899,2026-09-01T00:00,26.6,84,9.8,0.0,31.0
W52,South-West Zone,10805,20.253016746410495,85.81916403197899,2026-09-01T01:00,26.6,83,11.2,0.0,30.7
W52,South-West Zone,10805,20.253016746410495,85.81916403197899,2026-09-01T02:00,26.6,82,11.7,0.0,30.6
W52,South-West Zone,10805,20.253016746410495,85.81916403197899,2026-09-01T03:00,26.5,83,10.9,0.0,30.6
W52,South-West Zone,10805,20.253016746410495,85.81916403197899,2026-09-01T04:00,26.2,85,10.0,0.0,30.6
W52,South-West Zone,10805,20.253016746410495,85.81916403197899,2026-09-01T05:00,26.3,86,9.9,0.0,30.7
W52,South-West Zone,10805,20.253016746410495,85.81916403197899,2026-09-01T06:00,26.8,84,10.5,24.0,31.2
W52,South-West Zone,10805,20.253016746410495,85.81916403197899,2026-09-01T07:00,27.5,81,11.0,104.0,31.9
W52,South-West Zone,10805,20.253016746410495,85.81916403197899,2026-09-01T08:00,28.1,78,11.5,181.0,32.5
W52,South-West Zone,10805,20.253016746410495,85.81916403197899,2026-09-01T09:00,28.4,77,11.6,238.0,32.8
W52,South-West Zone,10805,20.253016746410495,85.81916403197899,2026-09-01T10:00,28.6,76,12.7,292.0,32.9
W52,South-West Zone,10805,20.253016746410495,85.81916403197899,2026-09-01T11:00,28.8,76,14.0,334.0,32.9
W52,South-West Zone,10805,20.253016746410495,85.81916403197899,2026-09-01T12:00,29.2,74,14.8,340.0,33.2
W52,South-West Zone,10805,20.253016746410495,85.81916403197899,2026-09-01T13:00,29.6,72,15.2,360.0,33.4
W52,South-West Zone,10805,20.253016746410495,85.81916403197899,2026-09-01T14:00,29.8,71,14.8,363.0,33.7
W52,South-West Zone,10805,20.253016746410495,85.81916403197899,2026-09-01T15:00,29.5,74,13.2,394.0,34.0
W52,South-West Zone,10805,20.253016746410495,85.81916403197899,2026-09-01T16:00,29.0,80,10.9,270.0,34.2
W52,South-West Zone,10805,20.253016746410495,85.81916403197899,2026-09-01T17:00,28.4,84,9.3,115.0,34.1
W52,South-West Zone,10805,20.253016746410495,85.81916403197899,2026-09-01T18:00,27.8,86,8.1,6.0,33.6
W52,South-West Zone,10805,20.253016746410495,85.81916403197899,2026-09-01T19:00,27.2,88,7.2,0.0,32.8
W52,South-West Zone,10805,20.253016746410495,85.81916403197899,2026-09-01T20:00,26.7,89,7.0,0.0,32.1
W52,South-West Zone,10805,20.253016746410495,85.81916403197899,2026-09-01T21:00,26.5,90,7.8,0.0,31.9
W52,South-West Zone,10805,20.253016746410495,85.81916403197899,2026-09-01T22:00,26.5,91,9.3,0.0,31.7
W52,South-West Zone,10805,20.253016746410495,85.81916403197899,2026-09-01T23:00,26.5,91,10.2,0.0,31.6
W53,South-East Zone,13923,20.253318386922814,85.82967633036708,2026-08-28T00:00,26.9,95,9.0,0.0,32.9
W53,South-East Zone,13923,20.253318386922814,85.82967633036708,2026-08-28T01:00,26.9,95,10.7,0.0,32.7
W53,South-East Zone,13923,20.253318386922814,85.82967633036708,2026-08-28T02:00,26.9,93,12.0,0.0,32.3
W53,South-East Zone,13923,20.253318386922814,85.82967633036708,2026-08-28T03:00,26.5,92,12.4,0.0,31.5
W53,South-East Zone,13923,20.253318386922814,85.82967633036708,2026-08-28T04:00,26.3,91,11.4,0.0,31.1
W53,South-East Zone,13923,20.253318386922814,85.82967633036708,2026-08-28T05:00,26.3,90,11.1,0.0,31.0
W53,South-East Zone,13923,20.253318386922814,85.82967633036708,2026-08-28T06:00,26.9,88,11.1,42.0,31.7
W53,South-East Zone,13923,20.253318386922814,85.82967633036708,2026-08-28T07:00,28.3,82,13.0,212.0,33.1
W53,South-East Zone,13923,20.253318386922814,85.82967633036708,2026-08-28T08:00,29.5,77,16.0,416.0,33.9
W53,South-East Zone,13923,20.253318386922814,85.82967633036708,2026-08-28T09:00,30.5,74,15.7,616.0,35.5
W53,South-East Zone,13923,20.253318386922814,85.82967633036708,2026-08-28T10:00,31.3,73,13.5,708.0,37.5
W53,South-East Zone,13923,20.253318386922814,85.82967633036708,2026-08-28T11:00,31.6,71,11.5,738.0,38.1
W53,South-East Zone,13923,20.253318386922814,85.82967633036708,2026-08-28T12:00,28.8,85,13.5,469.0,34.3
W53,South-East Zone,13923,20.253318386922814,85.82967633036708,2026-08-28T13:00,29.2,83,7.0,451.0,35.7
W53,South-East Zone,13923,20.253318386922814,85.82967633036708,2026-08-28T14:00,30.0,84,5.3,346.0,37.3
W53,South-East Zone,13923,20.253318386922814,85.82967633036708,2026-08-28T15:00,29.4,88,4.6,297.0,36.9
W53,South-East Zone,13923,20.253318386922814,85.82967633036708,2026-08-28T16:00,26.9,92,8.7,171.0,32.6
W53,South-East Zone,13923,20.253318386922814,85.82967633036708,2026-08-28T17:00,26.7,94,0.4,61.0,33.8
W53,South-East Zone,13923,20.253318386922814,85.82967633036708,2026-08-28T18:00,26.8,95,4.6,6.0,33.5
W53,South-East Zone,13923,20.253318386922814,85.82967633036708,2026-08-28T19:00,26.5,97,8.5,0.0,32.6
W53,South-East Zone,13923,20.253318386922814,85.82967633036708,2026-08-28T20:00,26.2,97,8.8,0.0,32.1
W53,South-East Zone,13923,20.253318386922814,85.82967633036708,2026-08-28T21:00,26.1,97,8.7,0.0,31.9
W53,South-East Zone,13923,20.253318386922814,85.82967633036708,2026-08-28T22:00,26.0,97,9.5,0.0,31.7
W53,South-East Zone,13923,20.253318386922814,85.82967633036708,2026-08-28T23:00,26.1,97,8.7,0.0,31.9
W53,South-East Zone,13923,20.253318386922814,85.82967633036708,2026-08-29T00:00,26.2,97,8.8,0.0,32.0
W53,South-East Zone,13923,20.253318386922814,85.82967633036708,2026-08-29T01:00,26.2,96,8.3,0.0,32.1
W53,South-East Zone,13923,20.253318386922814,85.82967633036708,2026-08-29T02:00,26.3,96,8.7,0.0,32.1
W53,South-East Zone,13923,20.253318386922814,85.82967633036708,2026-08-29T03:00,25.2,98,11.7,0.0,30.1
W53,South-East Zone,13923,20.253318386922814,85.82967633036708,2026-08-29T04:00,25.5,98,9.7,0.0,30.8
W53,South-East Zone,13923,20.253318386922814,85.82967633036708,2026-08-29T05:00,25.7,97,10.1,0.0,31.1
W53,South-East Zone,13923,20.253318386922814,85.82967633036708,2026-08-29T06:00,26.2,98,8.6,28.0,32.1
W53,South-East Zone,13923,20.253318386922814,85.82967633036708,2026-08-29T07:00,26.9,97,6.8,106.0,33.6
W53,South-East Zone,13923,20.253318386922814,85.82967633036708,2026-08-29T08:00,28.2,92,7.8,250.0,34.9
W53,South-East Zone,13923,20.253318386922814,85.82967633036708,2026-08-29T09:00,29.4,83,9.4,428.0,35.6
W53,South-East Zone,13923,20.253318386922814,85.82967633036708,2026-08-29T10:00,29.8,82,9.3,419.0,36.0
W53,South-East Zone,13923,20.253318386922814,85.82967633036708,2026-08-29T11:00,29.7,80,10.1,309.0,35.5
W53,South-East Zone,13923,20.253318386922814,85.82967633036708,2026-08-29T12:00,29.9,78,11.3,323.0,35.4
W53,South-East Zone,13923,20.253318386922814,85.82967633036708,2026-08-29T13:00,30.2,76,11.7,333.0,35.5
W53,South-East Zone,13923,20.253318386922814,85.82967633036708,2026-08-29T14:00,30.2,77,9.6,258.0,36.0
W53,South-East Zone,13923,20.253318386922814,85.82967633036708,2026-08-29T15:00,30.3,77,9.5,240.0,36.1
W53,South-East Zone,13923,20.253318386922814,85.82967633036708,2026-08-29T16:00,29.2,85,9.0,113.0,35.6
W53,South-East Zone,13923,20.253318386922814,85.82967633036708,2026-08-29T17:00,27.1,95,7.2,53.0,33.6
W53,South-East Zone,13923,20.253318386922814,85.82967633036708,2026-08-29T18:00,26.8,97,10.2,1.0,32.9
W53,South-East Zone,13923,20.253318386922814,85.82967633036708,2026-08-29T19:00,26.7,97,8.2,0.0,33.0
W53,South-East Zone,13923,20.253318386922814,85.82967633036708,2026-08-29T20:00,26.4,97,8.8,0.0,32.4
W53,South-East Zone,13923,20.253318386922814,85.82967633036708,2026-08-29T21:00,26.3,97,7.8,0.0,32.4
W53,South-East Zone,13923,20.253318386922814,85.82967633036708,2026-08-29T22:00,26.1,97,8.3,0.0,32.0
W53,South-East Zone,13923,20.253318386922814,85.82967633036708,2026-08-29T23:00,24.9,99,12.5,0.0,29.7
W53,South-East Zone,13923,20.253318386922814,85.82967633036708,2026-08-30T00:00,25.1,99,8.3,0.0,30.6
W53,South-East Zone,13923,20.253318386922814,85.82967633036708,2026-08-30T01:00,25.4,99,9.6,0.0,30.7
W53,South-East Zone,13923,20.253318386922814,85.82967633036708,2026-08-30T02:00,25.6,98,9.7,0.0,31.1
W53,South-East Zone,13923,20.253318386922814,85.82967633036708,2026-08-30T03:00,25.8,97,9.8,0.0,31.3
W53,South-East Zone,13923,20.253318386922814,85.82967633036708,2026-08-30T04:00,25.8,97,8.1,0.0,31.5
W53,South-East Zone,13923,20.253318386922814,85.82967633036708,2026-08-30T05:00,25.7,99,9.0,0.0,31.3
W53,South-East Zone,13923,20.253318386922814,85.82967633036708,2026-08-30T06:00,25.8,98,7.9,18.0,31.7
W53,South-East Zone,13923,20.253318386922814,85.82967633036708,2026-08-30T07:00,26.3,95,8.3,63.0,32.1
W53,South-East Zone,13923,20.253318386922814,85.82967633036708,2026-08-30T08:00,26.2,95,9.7,116.0,31.8
W53,South-East Zone,13923,20.253318386922814,85.82967633036708,2026-08-30T09:00,26.1,93,7.8,155.0,31.5
W53,South-East Zone,13923,20.253318386922814,85.82967633036708,2026-08-30T10:00,26.9,93,7.2,197.0,33.0
W53,South-East Zone,13923,20.253318386922814,85.82967633036708,2026-08-30T11:00,26.8,93,8.5,156.0,32.6
W53,South-East Zone,13923,20.253318386922814,85.82967633036708,2026-08-30T12:00,28.0,89,7.9,345.0,34.1
W53,South-East Zone,13923,20.253318386922814,85.82967633036708,2026-08-30T13:00,29.0,83,10.7,334.0,34.7
W53,South-East Zone,13923,20.253318386922814,85.82967633036708,2026-08-30T14:00,29.6,79,12.1,389.0,34.8
W53,South-East Zone,13923,20.253318386922814,85.82967633036708,2026-08-30T15:00,29.9,76,13.0,333.0,34.9
W53,South-East Zone,13923,20.253318386922814,85.82967633036708,2026-08-30T16:00,29.6,78,12.7,221.0,34.6
W53,South-East Zone,13923,20.253318386922814,85.82967633036708,2026-08-30T17:00,29.0,81,9.0,110.0,34.7
W53,South-East Zone,13923,20.253318386922814,85.82967633036708,2026-08-30T18:00,28.1,85,8.2,10.0,33.9
W53,South-East Zone,13923,20.253318386922814,85.82967633036708,2026-08-30T19:00,27.9,86,8.3,0.0,33.7
W53,South-East Zone,13923,20.253318386922814,85.82967633036708,2026-08-30T20:00,27.1,88,6.2,0.0,32.9
W53,South-East Zone,13923,20.253318386922814,85.82967633036708,2026-08-30T21:00,26.7,93,5.5,0.0,33.0
W53,South-East Zone,13923,20.253318386922814,85.82967633036708,2026-08-30T22:00,26.4,95,5.1,0.0,32.7
W53,South-East Zone,13923,20.253318386922814,85.82967633036708,2026-08-30T23:00,26.2,96,8.0,0.0,32.0
W53,South-East Zone,13923,20.253318386922814,85.82967633036708,2026-08-31T00:00,26.0,95,11.5,0.0,31.0
W53,South-East Zone,13923,20.253318386922814,85.82967633036708,2026-08-31T01:00,25.7,94,11.3,0.0,30.5
W53,South-East Zone,13923,20.253318386922814,85.82967633036708,2026-08-31T02:00,25.4,94,10.8,0.0,30.1
W53,South-East Zone,13923,20.253318386922814,85.82967633036708,2026-08-31T03:00,25.4,94,10.2,0.0,30.1
W53,South-East Zone,13923,20.253318386922814,85.82967633036708,2026-08-31T04:00,25.5,92,10.1,0.0,30.2
W53,South-East Zone,13923,20.253318386922814,85.82967633036708,2026-08-31T05:00,25.5,92,9.0,0.0,30.3
W53,South-East Zone,13923,20.253318386922814,85.82967633036708,2026-08-31T06:00,25.7,92,8.5,19.0,30.7
W53,South-East Zone,13923,20.253318386922814,85.82967633036708,2026-08-31T07:00,26.5,88,9.2,100.0,31.5
W53,South-East Zone,13923,20.253318386922814,85.82967633036708,2026-08-31T08:00,27.1,86,9.3,159.0,32.3
W53,South-East Zone,13923,20.253318386922814,85.82967633036708,2026-08-31T09:00,27.5,85,12.4,239.0,32.2
W53,South-East Zone,13923,20.253318386922814,85.82967633036708,2026-08-31T10:00,28.0,82,16.6,418.0,31.9
W53,South-East Zone,13923,20.253318386922814,85.82967633036708,2026-08-31T11:00,28.3,79,15.4,306.0,32.3
W53,South-East Zone,13923,20.253318386922814,85.82967633036708,2026-08-31T12:00,29.0,76,16.6,446.0,32.8
W53,South-East Zone,13923,20.253318386922814,85.82967633036708,2026-08-31T13:00,29.7,72,17.3,469.0,33.3
W53,South-East Zone,13923,20.253318386922814,85.82967633036708,2026-08-31T14:00,30.1,70,17.4,456.0,33.7
W53,South-East Zone,13923,20.253318386922814,85.82967633036708,2026-08-31T15:00,29.9,71,16.8,437.0,33.6
W53,South-East Zone,13923,20.253318386922814,85.82967633036708,2026-08-31T16:00,29.3,74,15.7,304.0,33.2
W53,South-East Zone,13923,20.253318386922814,85.82967633036708,2026-08-31T17:00,28.8,76,14.8,138.0,32.8
W53,South-East Zone,13923,20.253318386922814,85.82967633036708,2026-08-31T18:00,28.4,78,13.7,9.0,32.5
W53,South-East Zone,13923,20.253318386922814,85.82967633036708,2026-08-31T19:00,28.0,79,12.4,0.0,32.2
W53,South-East Zone,13923,20.253318386922814,85.82967633036708,2026-08-31T20:00,27.6,80,11.4,0.0,31.9
W53,South-East Zone,13923,20.253318386922814,85.82967633036708,2026-08-31T21:00,27.2,82,10.1,0.0,31.7
W53,South-East Zone,13923,20.253318386922814,85.82967633036708,2026-08-31T22:00,26.9,84,9.1,0.0,31.6
W53,South-East Zone,13923,20.253318386922814,85.82967633036708,2026-08-31T23:00,26.6,85,9.0,0.0,31.3
W53,South-East Zone,13923,20.253318386922814,85.82967633036708,2026-09-01T00:00,26.6,84,9.8,0.0,31.0
W53,South-East Zone,13923,20.253318386922814,85.82967633036708,2026-09-01T01:00,26.6,83,11.2,0.0,30.7
W53,South-East Zone,13923,20.253318386922814,85.82967633036708,2026-09-01T02:00,26.6,82,11.7,0.0,30.6
W53,South-East Zone,13923,20.253318386922814,85.82967633036708,2026-09-01T03:00,26.5,83,10.9,0.0,30.6
W53,South-East Zone,13923,20.253318386922814,85.82967633036708,2026-09-01T04:00,26.2,85,10.0,0.0,30.6
W53,South-East Zone,13923,20.253318386922814,85.82967633036708,2026-09-01T05:00,26.3,86,9.9,0.0,30.7
W53,South-East Zone,13923,20.253318386922814,85.82967633036708,2026-09-01T06:00,26.8,84,10.5,24.0,31.2
W53,South-East Zone,13923,20.253318386922814,85.82967633036708,2026-09-01T07:00,27.5,81,11.0,104.0,31.9
W53,South-East Zone,13923,20.253318386922814,85.82967633036708,2026-09-01T08:00,28.1,78,11.5,181.0,32.5
W53,South-East Zone,13923,20.253318386922814,85.82967633036708,2026-09-01T09:00,28.4,77,11.6,238.0,32.8
W53,South-East Zone,13923,20.253318386922814,85.82967633036708,2026-09-01T10:00,28.6,76,12.7,292.0,32.9
W53,South-East Zone,13923,20.253318386922814,85.82967633036708,2026-09-01T11:00,28.8,76,14.0,334.0,32.9
W53,South-East Zone,13923,20.253318386922814,85.82967633036708,2026-09-01T12:00,29.2,74,14.8,340.0,33.2
W53,South-East Zone,13923,20.253318386922814,85.82967633036708,2026-09-01T13:00,29.6,72,15.2,360.0,33.4
W53,South-East Zone,13923,20.253318386922814,85.82967633036708,2026-09-01T14:00,29.8,71,14.8,363.0,33.7
W53,South-East Zone,13923,20.253318386922814,85.82967633036708,2026-09-01T15:00,29.5,74,13.2,394.0,34.0
W53,South-East Zone,13923,20.253318386922814,85.82967633036708,2026-09-01T16:00,29.0,80,10.9,270.0,34.2
W53,South-East Zone,13923,20.253318386922814,85.82967633036708,2026-09-01T17:00,28.4,84,9.3,115.0,34.1
W53,South-East Zone,13923,20.253318386922814,85.82967633036708,2026-09-01T18:00,27.8,86,8.1,6.0,33.6
W53,South-East Zone,13923,20.253318386922814,85.82967633036708,2026-09-01T19:00,27.2,88,7.2,0.0,32.8
W53,South-East Zone,13923,20.253318386922814,85.82967633036708,2026-09-01T20:00,26.7,89,7.0,0.0,32.1
W53,South-East Zone,13923,20.253318386922814,85.82967633036708,2026-09-01T21:00,26.5,90,7.8,0.0,31.9
W53,South-East Zone,13923,20.253318386922814,85.82967633036708,2026-09-01T22:00,26.5,91,9.3,0.0,31.7
W53,South-East Zone,13923,20.253318386922814,85.82967633036708,2026-09-01T23:00,26.5,91,10.2,0.0,31.6
W4,North Zone,16185,20.339382588651734,85.89260646065883,2026-08-28T00:00,26.9,95,9.0,0.0,32.9
W4,North Zone,16185,20.339382588651734,85.89260646065883,2026-08-28T01:00,26.9,95,10.7,0.0,32.7
W4,North Zone,16185,20.339382588651734,85.89260646065883,2026-08-28T02:00,26.9,93,12.0,0.0,32.3
W4,North Zone,16185,20.339382588651734,85.89260646065883,2026-08-28T03:00,26.5,92,12.4,0.0,31.5
W4,North Zone,16185,20.339382588651734,85.89260646065883,2026-08-28T04:00,26.3,91,11.4,0.0,31.1
W4,North Zone,16185,20.339382588651734,85.89260646065883,2026-08-28T05:00,26.3,90,11.1,0.0,31.0
W4,North Zone,16185,20.339382588651734,85.89260646065883,2026-08-28T06:00,26.9,88,11.1,42.0,31.7
W4,North Zone,16185,20.339382588651734,85.89260646065883,2026-08-28T07:00,28.3,82,13.0,212.0,33.1
W4,North Zone,16185,20.339382588651734,85.89260646065883,2026-08-28T08:00,29.5,77,16.0,416.0,33.9
W4,North Zone,16185,20.339382588651734,85.89260646065883,2026-08-28T09:00,30.5,74,15.7,616.0,35.5
W4,North Zone,16185,20.339382588651734,85.89260646065883,2026-08-28T10:00,31.3,73,13.5,708.0,37.5
W4,North Zone,16185,20.339382588651734,85.89260646065883,2026-08-28T11:00,31.6,71,11.5,738.0,38.1
W4,North Zone,16185,20.339382588651734,85.89260646065883,2026-08-28T12:00,28.8,85,13.5,469.0,34.3
W4,North Zone,16185,20.339382588651734,85.89260646065883,2026-08-28T13:00,29.2,83,7.0,451.0,35.7
W4,North Zone,16185,20.339382588651734,85.89260646065883,2026-08-28T14:00,30.0,84,5.3,346.0,37.3
W4,North Zone,16185,20.339382588651734,85.89260646065883,2026-08-28T15:00,29.4,88,4.6,297.0,36.9
W4,North Zone,16185,20.339382588651734,85.89260646065883,2026-08-28T16:00,26.9,92,8.7,171.0,32.6
W4,North Zone,16185,20.339382588651734,85.89260646065883,2026-08-28T17:00,26.7,94,0.4,61.0,33.8
W4,North Zone,16185,20.339382588651734,85.89260646065883,2026-08-28T18:00,26.8,95,4.6,6.0,33.5
W4,North Zone,16185,20.339382588651734,85.89260646065883,2026-08-28T19:00,26.5,97,8.5,0.0,32.6
W4,North Zone,16185,20.339382588651734,85.89260646065883,2026-08-28T20:00,26.2,97,8.8,0.0,32.1
W4,North Zone,16185,20.339382588651734,85.89260646065883,2026-08-28T21:00,26.1,97,8.7,0.0,31.9
W4,North Zone,16185,20.339382588651734,85.89260646065883,2026-08-28T22:00,26.0,97,9.5,0.0,31.7
W4,North Zone,16185,20.339382588651734,85.89260646065883,2026-08-28T23:00,26.1,97,8.7,0.0,31.9
W4,North Zone,16185,20.339382588651734,85.89260646065883,2026-08-29T00:00,26.2,97,8.8,0.0,32.0
W4,North Zone,16185,20.339382588651734,85.89260646065883,2026-08-29T01:00,26.2,96,8.3,0.0,32.1
W4,North Zone,16185,20.339382588651734,85.89260646065883,2026-08-29T02:00,26.3,96,8.7,0.0,32.1
W4,North Zone,16185,20.339382588651734,85.89260646065883,2026-08-29T03:00,25.2,98,11.7,0.0,30.1
W4,North Zone,16185,20.339382588651734,85.89260646065883,2026-08-29T04:00,25.5,98,9.7,0.0,30.8
W4,North Zone,16185,20.339382588651734,85.89260646065883,2026-08-29T05:00,25.7,97,10.1,0.0,31.1
W4,North Zone,16185,20.339382588651734,85.89260646065883,2026-08-29T06:00,26.2,98,8.6,28.0,32.1
W4,North Zone,16185,20.339382588651734,85.89260646065883,2026-08-29T07:00,26.9,97,6.8,106.0,33.6
W4,North Zone,16185,20.339382588651734,85.89260646065883,2026-08-29T08:00,28.2,92,7.8,250.0,34.9
W4,North Zone,16185,20.339382588651734,85.89260646065883,2026-08-29T09:00,29.4,83,9.4,428.0,35.6
W4,North Zone,16185,20.339382588651734,85.89260646065883,2026-08-29T10:00,29.8,82,9.3,419.0,36.0
W4,North Zone,16185,20.339382588651734,85.89260646065883,2026-08-29T11:00,29.7,80,10.1,309.0,35.5
W4,North Zone,16185,20.339382588651734,85.89260646065883,2026-08-29T12:00,29.9,78,11.3,323.0,35.4
W4,North Zone,16185,20.339382588651734,85.89260646065883,2026-08-29T13:00,30.2,76,11.7,333.0,35.5
W4,North Zone,16185,20.339382588651734,85.89260646065883,2026-08-29T14:00,30.2,77,9.6,258.0,36.0
W4,North Zone,16185,20.339382588651734,85.89260646065883,2026-08-29T15:00,30.3,77,9.5,240.0,36.1
W4,North Zone,16185,20.339382588651734,85.89260646065883,2026-08-29T16:00,29.2,85,9.0,113.0,35.6
W4,North Zone,16185,20.339382588651734,85.89260646065883,2026-08-29T17:00,27.1,95,7.2,53.0,33.6
W4,North Zone,16185,20.339382588651734,85.89260646065883,2026-08-29T18:00,26.8,97,10.2,1.0,32.9
W4,North Zone,16185,20.339382588651734,85.89260646065883,2026-08-29T19:00,26.7,97,8.2,0.0,33.0
W4,North Zone,16185,20.339382588651734,85.89260646065883,2026-08-29T20:00,26.4,97,8.8,0.0,32.4
W4,North Zone,16185,20.339382588651734,85.89260646065883,2026-08-29T21:00,26.3,97,7.8,0.0,32.4
W4,North Zone,16185,20.339382588651734,85.89260646065883,2026-08-29T22:00,26.1,97,8.3,0.0,32.0
W4,North Zone,16185,20.339382588651734,85.89260646065883,2026-08-29T23:00,24.9,99,12.5,0.0,29.7
W4,North Zone,16185,20.339382588651734,85.89260646065883,2026-08-30T00:00,25.1,99,8.3,0.0,30.6
W4,North Zone,16185,20.339382588651734,85.89260646065883,2026-08-30T01:00,25.4,99,9.6,0.0,30.7
W4,North Zone,16185,20.339382588651734,85.89260646065883,2026-08-30T02:00,25.6,98,9.7,0.0,31.1
W4,North Zone,16185,20.339382588651734,85.89260646065883,2026-08-30T03:00,25.8,97,9.8,0.0,31.3
W4,North Zone,16185,20.339382588651734,85.89260646065883,2026-08-30T04:00,25.8,97,8.1,0.0,31.5
W4,North Zone,16185,20.339382588651734,85.89260646065883,2026-08-30T05:00,25.7,99,9.0,0.0,31.3
W4,North Zone,16185,20.339382588651734,85.89260646065883,2026-08-30T06:00,25.8,98,7.9,18.0,31.7
W4,North Zone,16185,20.339382588651734,85.89260646065883,2026-08-30T07:00,26.3,95,8.3,63.0,32.1
W4,North Zone,16185,20.339382588651734,85.89260646065883,2026-08-30T08:00,26.2,95,9.7,116.0,31.8
W4,North Zone,16185,20.339382588651734,85.89260646065883,2026-08-30T09:00,26.1,93,7.8,155.0,31.5
W4,North Zone,16185,20.339382588651734,85.89260646065883,2026-08-30T10:00,26.9,93,7.2,197.0,33.0
W4,North Zone,16185,20.339382588651734,85.89260646065883,2026-08-30T11:00,26.8,93,8.5,156.0,32.6
W4,North Zone,16185,20.339382588651734,85.89260646065883,2026-08-30T12:00,28.0,89,7.9,345.0,34.1
W4,North Zone,16185,20.339382588651734,85.89260646065883,2026-08-30T13:00,29.0,83,10.7,334.0,34.7
W4,North Zone,16185,20.339382588651734,85.89260646065883,2026-08-30T14:00,29.6,79,12.1,389.0,34.8
W4,North Zone,16185,20.339382588651734,85.89260646065883,2026-08-30T15:00,29.9,76,13.0,333.0,34.9
W4,North Zone,16185,20.339382588651734,85.89260646065883,2026-08-30T16:00,29.6,78,12.7,221.0,34.6
W4,North Zone,16185,20.339382588651734,85.89260646065883,2026-08-30T17:00,29.0,81,9.0,110.0,34.7
W4,North Zone,16185,20.339382588651734,85.89260646065883,2026-08-30T18:00,28.1,85,8.2,10.0,33.9
W4,North Zone,16185,20.339382588651734,85.89260646065883,2026-08-30T19:00,27.9,86,8.3,0.0,33.7
W4,North Zone,16185,20.339382588651734,85.89260646065883,2026-08-30T20:00,27.1,88,6.2,0.0,32.9
W4,North Zone,16185,20.339382588651734,85.89260646065883,2026-08-30T21:00,26.7,93,5.5,0.0,33.0
W4,North Zone,16185,20.339382588651734,85.89260646065883,2026-08-30T22:00,26.4,95,5.1,0.0,32.7
W4,North Zone,16185,20.339382588651734,85.89260646065883,2026-08-30T23:00,26.2,96,8.0,0.0,32.0
W4,North Zone,16185,20.339382588651734,85.89260646065883,2026-08-31T00:00,26.0,95,11.5,0.0,31.0
W4,North Zone,16185,20.339382588651734,85.89260646065883,2026-08-31T01:00,25.7,94,11.3,0.0,30.5
W4,North Zone,16185,20.339382588651734,85.89260646065883,2026-08-31T02:00,25.4,94,10.8,0.0,30.1
W4,North Zone,16185,20.339382588651734,85.89260646065883,2026-08-31T03:00,25.4,94,10.2,0.0,30.1
W4,North Zone,16185,20.339382588651734,85.89260646065883,2026-08-31T04:00,25.5,92,10.1,0.0,30.2
W4,North Zone,16185,20.339382588651734,85.89260646065883,2026-08-31T05:00,25.5,92,9.0,0.0,30.3
W4,North Zone,16185,20.339382588651734,85.89260646065883,2026-08-31T06:00,25.7,92,8.5,19.0,30.7
W4,North Zone,16185,20.339382588651734,85.89260646065883,2026-08-31T07:00,26.5,88,9.2,100.0,31.5
W4,North Zone,16185,20.339382588651734,85.89260646065883,2026-08-31T08:00,27.1,86,9.3,159.0,32.3
W4,North Zone,16185,20.339382588651734,85.89260646065883,2026-08-31T09:00,27.5,85,12.4,239.0,32.2
W4,North Zone,16185,20.339382588651734,85.89260646065883,2026-08-31T10:00,28.0,82,16.6,418.0,31.9
W4,North Zone,16185,20.339382588651734,85.89260646065883,2026-08-31T11:00,28.3,79,15.4,306.0,32.3
W4,North Zone,16185,20.339382588651734,85.89260646065883,2026-08-31T12:00,29.0,76,16.6,446.0,32.8
W4,North Zone,16185,20.339382588651734,85.89260646065883,2026-08-31T13:00,29.7,72,17.3,469.0,33.3
W4,North Zone,16185,20.339382588651734,85.89260646065883,2026-08-31T14:00,30.1,70,17.4,456.0,33.7
W4,North Zone,16185,20.339382588651734,85.89260646065883,2026-08-31T15:00,29.9,71,16.8,437.0,33.6
W4,North Zone,16185,20.339382588651734,85.89260646065883,2026-08-31T16:00,29.3,74,15.7,304.0,33.2
W4,North Zone,16185,20.339382588651734,85.89260646065883,2026-08-31T17:00,28.8,76,14.8,138.0,32.8
W4,North Zone,16185,20.339382588651734,85.89260646065883,2026-08-31T18:00,28.4,78,13.7,9.0,32.5
W4,North Zone,16185,20.339382588651734,85.89260646065883,2026-08-31T19:00,28.0,79,12.4,0.0,32.2
W4,North Zone,16185,20.339382588651734,85.89260646065883,2026-08-31T20:00,27.6,80,11.4,0.0,31.9
W4,North Zone,16185,20.339382588651734,85.89260646065883,2026-08-31T21:00,27.2,82,10.1,0.0,31.7
W4,North Zone,16185,20.339382588651734,85.89260646065883,2026-08-31T22:00,26.9,84,9.1,0.0,31.6
W4,North Zone,16185,20.339382588651734,85.89260646065883,2026-08-31T23:00,26.6,85,9.0,0.0,31.3
W4,North Zone,16185,20.339382588651734,85.89260646065883,2026-09-01T00:00,26.6,84,9.8,0.0,31.0
W4,North Zone,16185,20.339382588651734,85.89260646065883,2026-09-01T01:00,26.6,83,11.2,0.0,30.7
W4,North Zone,16185,20.339382588651734,85.89260646065883,2026-09-01T02:00,26.6,82,11.7,0.0,30.6
W4,North Zone,16185,20.339382588651734,85.89260646065883,2026-09-01T03:00,26.5,83,10.9,0.0,30.6
W4,North Zone,16185,20.339382588651734,85.89260646065883,2026-09-01T04:00,26.2,85,10.0,0.0,30.6
W4,North Zone,16185,20.339382588651734,85.89260646065883,2026-09-01T05:00,26.3,86,9.9,0.0,30.7
W4,North Zone,16185,20.339382588651734,85.89260646065883,2026-09-01T06:00,26.8,84,10.5,24.0,31.2
W4,North Zone,16185,20.339382588651734,85.89260646065883,2026-09-01T07:00,27.5,81,11.0,104.0,31.9
W4,North Zone,16185,20.339382588651734,85.89260646065883,2026-09-01T08:00,28.1,78,11.5,181.0,32.5
W4,North Zone,16185,20.339382588651734,85.89260646065883,2026-09-01T09:00,28.4,77,11.6,238.0,32.8
W4,North Zone,16185,20.339382588651734,85.89260646065883,2026-09-01T10:00,28.6,76,12.7,292.0,32.9
W4,North Zone,16185,20.339382588651734,85.89260646065883,2026-09-01T11:00,28.8,76,14.0,334.0,32.9
W4,North Zone,16185,20.339382588651734,85.89260646065883,2026-09-01T12:00,29.2,74,14.8,340.0,33.2
W4,North Zone,16185,20.339382588651734,85.89260646065883,2026-09-01T13:00,29.6,72,15.2,360.0,33.4
W4,North Zone,16185,20.339382588651734,85.89260646065883,2026-09-01T14:00,29.8,71,14.8,363.0,33.7
W4,North Zone,16185,20.339382588651734,85.89260646065883,2026-09-01T15:00,29.5,74,13.2,394.0,34.0
W4,North Zone,16185,20.339382588651734,85.89260646065883,2026-09-01T16:00,29.0,80,10.9,270.0,34.2
W4,North Zone,16185,20.339382588651734,85.89260646065883,2026-09-01T17:00,28.4,84,9.3,115.0,34.1
W4,North Zone,16185,20.339382588651734,85.89260646065883,2026-09-01T18:00,27.8,86,8.1,6.0,33.6
W4,North Zone,16185,20.339382588651734,85.89260646065883,2026-09-01T19:00,27.2,88,7.2,0.0,32.8
W4,North Zone,16185,20.339382588651734,85.89260646065883,2026-09-01T20:00,26.7,89,7.0,0.0,32.1
W4,North Zone,16185,20.339382588651734,85.89260646065883,2026-09-01T21:00,26.5,90,7.8,0.0,31.9
W4,North Zone,16185,20.339382588651734,85.89260646065883,2026-09-01T22:00,26.5,91,9.3,0.0,31.7
W4,North Zone,16185,20.339382588651734,85.89260646065883,2026-09-01T23:00,26.5,91,10.2,0.0,31.6
W5,North Zone,13637,20.33601375896267,85.85937773136332,2026-08-28T00:00,26.9,95,9.0,0.0,32.9
W5,North Zone,13637,20.33601375896267,85.85937773136332,2026-08-28T01:00,26.9,95,10.7,0.0,32.7
W5,North Zone,13637,20.33601375896267,85.85937773136332,2026-08-28T02:00,26.9,93,12.0,0.0,32.3
W5,North Zone,13637,20.33601375896267,85.85937773136332,2026-08-28T03:00,26.5,92,12.4,0.0,31.5
W5,North Zone,13637,20.33601375896267,85.85937773136332,2026-08-28T04:00,26.3,91,11.4,0.0,31.1
W5,North Zone,13637,20.33601375896267,85.85937773136332,2026-08-28T05:00,26.3,90,11.1,0.0,31.0
W5,North Zone,13637,20.33601375896267,85.85937773136332,2026-08-28T06:00,26.9,88,11.1,42.0,31.7
W5,North Zone,13637,20.33601375896267,85.85937773136332,2026-08-28T07:00,28.3,82,13.0,212.0,33.1
W5,North Zone,13637,20.33601375896267,85.85937773136332,2026-08-28T08:00,29.5,77,16.0,416.0,33.9
W5,North Zone,13637,20.33601375896267,85.85937773136332,2026-08-28T09:00,30.5,74,15.7,616.0,35.5
W5,North Zone,13637,20.33601375896267,85.85937773136332,2026-08-28T10:00,31.3,73,13.5,708.0,37.5
W5,North Zone,13637,20.33601375896267,85.85937773136332,2026-08-28T11:00,31.6,71,11.5,738.0,38.1
W5,North Zone,13637,20.33601375896267,85.85937773136332,2026-08-28T12:00,28.8,85,13.5,469.0,34.3
W5,North Zone,13637,20.33601375896267,85.85937773136332,2026-08-28T13:00,29.2,83,7.0,451.0,35.7
W5,North Zone,13637,20.33601375896267,85.85937773136332,2026-08-28T14:00,30.0,84,5.3,346.0,37.3
W5,North Zone,13637,20.33601375896267,85.85937773136332,2026-08-28T15:00,29.4,88,4.6,297.0,36.9
W5,North Zone,13637,20.33601375896267,85.85937773136332,2026-08-28T16:00,26.9,92,8.7,171.0,32.6
W5,North Zone,13637,20.33601375896267,85.85937773136332,2026-08-28T17:00,26.7,94,0.4,61.0,33.8
W5,North Zone,13637,20.33601375896267,85.85937773136332,2026-08-28T18:00,26.8,95,4.6,6.0,33.5
W5,North Zone,13637,20.33601375896267,85.85937773136332,2026-08-28T19:00,26.5,97,8.5,0.0,32.6
W5,North Zone,13637,20.33601375896267,85.85937773136332,2026-08-28T20:00,26.2,97,8.8,0.0,32.1
W5,North Zone,13637,20.33601375896267,85.85937773136332,2026-08-28T21:00,26.1,97,8.7,0.0,31.9
W5,North Zone,13637,20.33601375896267,85.85937773136332,2026-08-28T22:00,26.0,97,9.5,0.0,31.7
W5,North Zone,13637,20.33601375896267,85.85937773136332,2026-08-28T23:00,26.1,97,8.7,0.0,31.9
W5,North Zone,13637,20.33601375896267,85.85937773136332,2026-08-29T00:00,26.2,97,8.8,0.0,32.0
W5,North Zone,13637,20.33601375896267,85.85937773136332,2026-08-29T01:00,26.2,96,8.3,0.0,32.1
W5,North Zone,13637,20.33601375896267,85.85937773136332,2026-08-29T02:00,26.3,96,8.7,0.0,32.1
W5,North Zone,13637,20.33601375896267,85.85937773136332,2026-08-29T03:00,25.2,98,11.7,0.0,30.1
W5,North Zone,13637,20.33601375896267,85.85937773136332,2026-08-29T04:00,25.5,98,9.7,0.0,30.8
W5,North Zone,13637,20.33601375896267,85.85937773136332,2026-08-29T05:00,25.7,97,10.1,0.0,31.1
W5,North Zone,13637,20.33601375896267,85.85937773136332,2026-08-29T06:00,26.2,98,8.6,28.0,32.1
W5,North Zone,13637,20.33601375896267,85.85937773136332,2026-08-29T07:00,26.9,97,6.8,106.0,33.6
W5,North Zone,13637,20.33601375896267,85.85937773136332,2026-08-29T08:00,28.2,92,7.8,250.0,34.9
W5,North Zone,13637,20.33601375896267,85.85937773136332,2026-08-29T09:00,29.4,83,9.4,428.0,35.6
W5,North Zone,13637,20.33601375896267,85.85937773136332,2026-08-29T10:00,29.8,82,9.3,419.0,36.0
W5,North Zone,13637,20.33601375896267,85.85937773136332,2026-08-29T11:00,29.7,80,10.1,309.0,35.5
W5,North Zone,13637,20.33601375896267,85.85937773136332,2026-08-29T12:00,29.9,78,11.3,323.0,35.4
W5,North Zone,13637,20.33601375896267,85.85937773136332,2026-08-29T13:00,30.2,76,11.7,333.0,35.5
W5,North Zone,13637,20.33601375896267,85.85937773136332,2026-08-29T14:00,30.2,77,9.6,258.0,36.0
W5,North Zone,13637,20.33601375896267,85.85937773136332,2026-08-29T15:00,30.3,77,9.5,240.0,36.1
W5,North Zone,13637,20.33601375896267,85.85937773136332,2026-08-29T16:00,29.2,85,9.0,113.0,35.6
W5,North Zone,13637,20.33601375896267,85.85937773136332,2026-08-29T17:00,27.1,95,7.2,53.0,33.6
W5,North Zone,13637,20.33601375896267,85.85937773136332,2026-08-29T18:00,26.8,97,10.2,1.0,32.9
W5,North Zone,13637,20.33601375896267,85.85937773136332,2026-08-29T19:00,26.7,97,8.2,0.0,33.0
W5,North Zone,13637,20.33601375896267,85.85937773136332,2026-08-29T20:00,26.4,97,8.8,0.0,32.4
W5,North Zone,13637,20.33601375896267,85.85937773136332,2026-08-29T21:00,26.3,97,7.8,0.0,32.4
W5,North Zone,13637,20.33601375896267,85.85937773136332,2026-08-29T22:00,26.1,97,8.3,0.0,32.0
W5,North Zone,13637,20.33601375896267,85.85937773136332,2026-08-29T23:00,24.9,99,12.5,0.0,29.7
W5,North Zone,13637,20.33601375896267,85.85937773136332,2026-08-30T00:00,25.1,99,8.3,0.0,30.6
W5,North Zone,13637,20.33601375896267,85.85937773136332,2026-08-30T01:00,25.4,99,9.6,0.0,30.7
W5,North Zone,13637,20.33601375896267,85.85937773136332,2026-08-30T02:00,25.6,98,9.7,0.0,31.1
W5,North Zone,13637,20.33601375896267,85.85937773136332,2026-08-30T03:00,25.8,97,9.8,0.0,31.3
W5,North Zone,13637,20.33601375896267,85.85937773136332,2026-08-30T04:00,25.8,97,8.1,0.0,31.5
W5,North Zone,13637,20.33601375896267,85.85937773136332,2026-08-30T05:00,25.7,99,9.0,0.0,31.3
W5,North Zone,13637,20.33601375896267,85.85937773136332,2026-08-30T06:00,25.8,98,7.9,18.0,31.7
W5,North Zone,13637,20.33601375896267,85.85937773136332,2026-08-30T07:00,26.3,95,8.3,63.0,32.1
W5,North Zone,13637,20.33601375896267,85.85937773136332,2026-08-30T08:00,26.2,95,9.7,116.0,31.8
W5,North Zone,13637,20.33601375896267,85.85937773136332,2026-08-30T09:00,26.1,93,7.8,155.0,31.5
W5,North Zone,13637,20.33601375896267,85.85937773136332,2026-08-30T10:00,26.9,93,7.2,197.0,33.0
W5,North Zone,13637,20.33601375896267,85.85937773136332,2026-08-30T11:00,26.8,93,8.5,156.0,32.6
W5,North Zone,13637,20.33601375896267,85.85937773136332,2026-08-30T12:00,28.0,89,7.9,345.0,34.1
W5,North Zone,13637,20.33601375896267,85.85937773136332,2026-08-30T13:00,29.0,83,10.7,334.0,34.7
W5,North Zone,13637,20.33601375896267,85.85937773136332,2026-08-30T14:00,29.6,79,12.1,389.0,34.8
W5,North Zone,13637,20.33601375896267,85.85937773136332,2026-08-30T15:00,29.9,76,13.0,333.0,34.9
W5,North Zone,13637,20.33601375896267,85.85937773136332,2026-08-30T16:00,29.6,78,12.7,221.0,34.6
W5,North Zone,13637,20.33601375896267,85.85937773136332,2026-08-30T17:00,29.0,81,9.0,110.0,34.7
W5,North Zone,13637,20.33601375896267,85.85937773136332,2026-08-30T18:00,28.1,85,8.2,10.0,33.9
W5,North Zone,13637,20.33601375896267,85.85937773136332,2026-08-30T19:00,27.9,86,8.3,0.0,33.7
W5,North Zone,13637,20.33601375896267,85.85937773136332,2026-08-30T20:00,27.1,88,6.2,0.0,32.9
W5,North Zone,13637,20.33601375896267,85.85937773136332,2026-08-30T21:00,26.7,93,5.5,0.0,33.0
W5,North Zone,13637,20.33601375896267,85.85937773136332,2026-08-30T22:00,26.4,95,5.1,0.0,32.7
W5,North Zone,13637,20.33601375896267,85.85937773136332,2026-08-30T23:00,26.2,96,8.0,0.0,32.0
W5,North Zone,13637,20.33601375896267,85.85937773136332,2026-08-31T00:00,26.0,95,11.5,0.0,31.0
W5,North Zone,13637,20.33601375896267,85.85937773136332,2026-08-31T01:00,25.7,94,11.3,0.0,30.5
W5,North Zone,13637,20.33601375896267,85.85937773136332,2026-08-31T02:00,25.4,94,10.8,0.0,30.1
W5,North Zone,13637,20.33601375896267,85.85937773136332,2026-08-31T03:00,25.4,94,10.2,0.0,30.1
W5,North Zone,13637,20.33601375896267,85.85937773136332,2026-08-31T04:00,25.5,92,10.1,0.0,30.2
W5,North Zone,13637,20.33601375896267,85.85937773136332,2026-08-31T05:00,25.5,92,9.0,0.0,30.3
W5,North Zone,13637,20.33601375896267,85.85937773136332,2026-08-31T06:00,25.7,92,8.5,19.0,30.7
W5,North Zone,13637,20.33601375896267,85.85937773136332,2026-08-31T07:00,26.5,88,9.2,100.0,31.5
W5,North Zone,13637,20.33601375896267,85.85937773136332,2026-08-31T08:00,27.1,86,9.3,159.0,32.3
W5,North Zone,13637,20.33601375896267,85.85937773136332,2026-08-31T09:00,27.5,85,12.4,239.0,32.2
W5,North Zone,13637,20.33601375896267,85.85937773136332,2026-08-31T10:00,28.0,82,16.6,418.0,31.9
W5,North Zone,13637,20.33601375896267,85.85937773136332,2026-08-31T11:00,28.3,79,15.4,306.0,32.3
W5,North Zone,13637,20.33601375896267,85.85937773136332,2026-08-31T12:00,29.0,76,16.6,446.0,32.8
W5,North Zone,13637,20.33601375896267,85.85937773136332,2026-08-31T13:00,29.7,72,17.3,469.0,33.3
W5,North Zone,13637,20.33601375896267,85.85937773136332,2026-08-31T14:00,30.1,70,17.4,456.0,33.7
W5,North Zone,13637,20.33601375896267,85.85937773136332,2026-08-31T15:00,29.9,71,16.8,437.0,33.6
W5,North Zone,13637,20.33601375896267,85.85937773136332,2026-08-31T16:00,29.3,74,15.7,304.0,33.2
W5,North Zone,13637,20.33601375896267,85.85937773136332,2026-08-31T17:00,28.8,76,14.8,138.0,32.8
W5,North Zone,13637,20.33601375896267,85.85937773136332,2026-08-31T18:00,28.4,78,13.7,9.0,32.5
W5,North Zone,13637,20.33601375896267,85.85937773136332,2026-08-31T19:00,28.0,79,12.4,0.0,32.2
W5,North Zone,13637,20.33601375896267,85.85937773136332,2026-08-31T20:00,27.6,80,11.4,0.0,31.9
W5,North Zone,13637,20.33601375896267,85.85937773136332,2026-08-31T21:00,27.2,82,10.1,0.0,31.7
W5,North Zone,13637,20.33601375896267,85.85937773136332,2026-08-31T22:00,26.9,84,9.1,0.0,31.6
W5,North Zone,13637,20.33601375896267,85.85937773136332,2026-08-31T23:00,26.6,85,9.0,0.0,31.3
W5,North Zone,13637,20.33601375896267,85.85937773136332,2026-09-01T00:00,26.6,84,9.8,0.0,31.0
W5,North Zone,13637,20.33601375896267,85.85937773136332,2026-09-01T01:00,26.6,83,11.2,0.0,30.7
W5,North Zone,13637,20.33601375896267,85.85937773136332,2026-09-01T02:00,26.6,82,11.7,0.0,30.6
W5,North Zone,13637,20.33601375896267,85.85937773136332,2026-09-01T03:00,26.5,83,10.9,0.0,30.6
W5,North Zone,13637,20.33601375896267,85.85937773136332,2026-09-01T04:00,26.2,85,10.0,0.0,30.6
W5,North Zone,13637,20.33601375896267,85.85937773136332,2026-09-01T05:00,26.3,86,9.9,0.0,30.7
W5,North Zone,13637,20.33601375896267,85.85937773136332,2026-09-01T06:00,26.8,84,10.5,24.0,31.2
W5,North Zone,13637,20.33601375896267,85.85937773136332,2026-09-01T07:00,27.5,81,11.0,104.0,31.9
W5,North Zone,13637,20.33601375896267,85.85937773136332,2026-09-01T08:00,28.1,78,11.5,181.0,32.5
W5,North Zone,13637,20.33601375896267,85.85937773136332,2026-09-01T09:00,28.4,77,11.6,238.0,32.8
W5,North Zone,13637,20.33601375896267,85.85937773136332,2026-09-01T10:00,28.6,76,12.7,292.0,32.9
W5,North Zone,13637,20.33601375896267,85.85937773136332,2026-09-01T11:00,28.8,76,14.0,334.0,32.9
W5,North Zone,13637,20.33601375896267,85.85937773136332,2026-09-01T12:00,29.2,74,14.8,340.0,33.2
W5,North Zone,13637,20.33601375896267,85.85937773136332,2026-09-01T13:00,29.6,72,15.2,360.0,33.4
W5,North Zone,13637,20.33601375896267,85.85937773136332,2026-09-01T14:00,29.8,71,14.8,363.0,33.7
W5,North Zone,13637,20.33601375896267,85.85937773136332,2026-09-01T15:00,29.5,74,13.2,394.0,34.0
W5,North Zone,13637,20.33601375896267,85.85937773136332,2026-09-01T16:00,29.0,80,10.9,270.0,34.2
W5,North Zone,13637,20.33601375896267,85.85937773136332,2026-09-01T17:00,28.4,84,9.3,115.0,34.1
W5,North Zone,13637,20.33601375896267,85.85937773136332,2026-09-01T18:00,27.8,86,8.1,6.0,33.6
W5,North Zone,13637,20.33601375896267,85.85937773136332,2026-09-01T19:00,27.2,88,7.2,0.0,32.8
W5,North Zone,13637,20.33601375896267,85.85937773136332,2026-09-01T20:00,26.7,89,7.0,0.0,32.1
W5,North Zone,13637,20.33601375896267,85.85937773136332,2026-09-01T21:00,26.5,90,7.8,0.0,31.9
W5,North Zone,13637,20.33601375896267,85.85937773136332,2026-09-01T22:00,26.5,91,9.3,0.0,31.7
W5,North Zone,13637,20.33601375896267,85.85937773136332,2026-09-01T23:00,26.5,91,10.2,0.0,31.6
W10,North Zone,13540,20.324340300349306,85.84968182982573,2026-08-28T00:00,26.9,95,9.0,0.0,32.9
W10,North Zone,13540,20.324340300349306,85.84968182982573,2026-08-28T01:00,26.9,95,10.7,0.0,32.7
W10,North Zone,13540,20.324340300349306,85.84968182982573,2026-08-28T02:00,26.9,93,12.0,0.0,32.3
W10,North Zone,13540,20.324340300349306,85.84968182982573,2026-08-28T03:00,26.5,92,12.4,0.0,31.5
W10,North Zone,13540,20.324340300349306,85.84968182982573,2026-08-28T04:00,26.3,91,11.4,0.0,31.1
W10,North Zone,13540,20.324340300349306,85.84968182982573,2026-08-28T05:00,26.3,90,11.1,0.0,31.0
W10,North Zone,13540,20.324340300349306,85.84968182982573,2026-08-28T06:00,26.9,88,11.1,42.0,31.7
W10,North Zone,13540,20.324340300349306,85.84968182982573,2026-08-28T07:00,28.3,82,13.0,212.0,33.1
W10,North Zone,13540,20.324340300349306,85.84968182982573,2026-08-28T08:00,29.5,77,16.0,416.0,33.9
W10,North Zone,13540,20.324340300349306,85.84968182982573,2026-08-28T09:00,30.5,74,15.7,616.0,35.5
W10,North Zone,13540,20.324340300349306,85.84968182982573,2026-08-28T10:00,31.3,73,13.5,708.0,37.5
W10,North Zone,13540,20.324340300349306,85.84968182982573,2026-08-28T11:00,31.6,71,11.5,738.0,38.1
W10,North Zone,13540,20.324340300349306,85.84968182982573,2026-08-28T12:00,28.8,85,13.5,469.0,34.3
W10,North Zone,13540,20.324340300349306,85.84968182982573,2026-08-28T13:00,29.2,83,7.0,451.0,35.7
W10,North Zone,13540,20.324340300349306,85.84968182982573,2026-08-28T14:00,30.0,84,5.3,346.0,37.3
W10,North Zone,13540,20.324340300349306,85.84968182982573,2026-08-28T15:00,29.4,88,4.6,297.0,36.9
W10,North Zone,13540,20.324340300349306,85.84968182982573,2026-08-28T16:00,26.9,92,8.7,171.0,32.6
W10,North Zone,13540,20.324340300349306,85.84968182982573,2026-08-28T17:00,26.7,94,0.4,61.0,33.8
W10,North Zone,13540,20.324340300349306,85.84968182982573,2026-08-28T18:00,26.8,95,4.6,6.0,33.5
W10,North Zone,13540,20.324340300349306,85.84968182982573,2026-08-28T19:00,26.5,97,8.5,0.0,32.6
W10,North Zone,13540,20.324340300349306,85.84968182982573,2026-08-28T20:00,26.2,97,8.8,0.0,32.1
W10,North Zone,13540,20.324340300349306,85.84968182982573,2026-08-28T21:00,26.1,97,8.7,0.0,31.9
W10,North Zone,13540,20.324340300349306,85.84968182982573,2026-08-28T22:00,26.0,97,9.5,0.0,31.7
W10,North Zone,13540,20.324340300349306,85.84968182982573,2026-08-28T23:00,26.1,97,8.7,0.0,31.9
W10,North Zone,13540,20.324340300349306,85.84968182982573,2026-08-29T00:00,26.2,97,8.8,0.0,32.0
W10,North Zone,13540,20.324340300349306,85.84968182982573,2026-08-29T01:00,26.2,96,8.3,0.0,32.1
W10,North Zone,13540,20.324340300349306,85.84968182982573,2026-08-29T02:00,26.3,96,8.7,0.0,32.1
W10,North Zone,13540,20.324340300349306,85.84968182982573,2026-08-29T03:00,25.2,98,11.7,0.0,30.1
W10,North Zone,13540,20.324340300349306,85.84968182982573,2026-08-29T04:00,25.5,98,9.7,0.0,30.8
W10,North Zone,13540,20.324340300349306,85.84968182982573,2026-08-29T05:00,25.7,97,10.1,0.0,31.1
W10,North Zone,13540,20.324340300349306,85.84968182982573,2026-08-29T06:00,26.2,98,8.6,28.0,32.1
W10,North Zone,13540,20.324340300349306,85.84968182982573,2026-08-29T07:00,26.9,97,6.8,106.0,33.6
W10,North Zone,13540,20.324340300349306,85.84968182982573,2026-08-29T08:00,28.2,92,7.8,250.0,34.9
W10,North Zone,13540,20.324340300349306,85.84968182982573,2026-08-29T09:00,29.4,83,9.4,428.0,35.6
W10,North Zone,13540,20.324340300349306,85.84968182982573,2026-08-29T10:00,29.8,82,9.3,419.0,36.0
W10,North Zone,13540,20.324340300349306,85.84968182982573,2026-08-29T11:00,29.7,80,10.1,309.0,35.5
W10,North Zone,13540,20.324340300349306,85.84968182982573,2026-08-29T12:00,29.9,78,11.3,323.0,35.4
W10,North Zone,13540,20.324340300349306,85.84968182982573,2026-08-29T13:00,30.2,76,11.7,333.0,35.5
W10,North Zone,13540,20.324340300349306,85.84968182982573,2026-08-29T14:00,30.2,77,9.6,258.0,36.0
W10,North Zone,13540,20.324340300349306,85.84968182982573,2026-08-29T15:00,30.3,77,9.5,240.0,36.1
W10,North Zone,13540,20.324340300349306,85.84968182982573,2026-08-29T16:00,29.2,85,9.0,113.0,35.6
W10,North Zone,13540,20.324340300349306,85.84968182982573,2026-08-29T17:00,27.1,95,7.2,53.0,33.6
W10,North Zone,13540,20.324340300349306,85.84968182982573,2026-08-29T18:00,26.8,97,10.2,1.0,32.9
W10,North Zone,13540,20.324340300349306,85.84968182982573,2026-08-29T19:00,26.7,97,8.2,0.0,33.0
W10,North Zone,13540,20.324340300349306,85.84968182982573,2026-08-29T20:00,26.4,97,8.8,0.0,32.4
W10,North Zone,13540,20.324340300349306,85.84968182982573,2026-08-29T21:00,26.3,97,7.8,0.0,32.4
W10,North Zone,13540,20.324340300349306,85.84968182982573,2026-08-29T22:00,26.1,97,8.3,0.0,32.0
W10,North Zone,13540,20.324340300349306,85.84968182982573,2026-08-29T23:00,24.9,99,12.5,0.0,29.7
W10,North Zone,13540,20.324340300349306,85.84968182982573,2026-08-30T00:00,25.1,99,8.3,0.0,30.6
W10,North Zone,13540,20.324340300349306,85.84968182982573,2026-08-30T01:00,25.4,99,9.6,0.0,30.7
W10,North Zone,13540,20.324340300349306,85.84968182982573,2026-08-30T02:00,25.6,98,9.7,0.0,31.1
W10,North Zone,13540,20.324340300349306,85.84968182982573,2026-08-30T03:00,25.8,97,9.8,0.0,31.3
W10,North Zone,13540,20.324340300349306,85.84968182982573,2026-08-30T04:00,25.8,97,8.1,0.0,31.5
W10,North Zone,13540,20.324340300349306,85.84968182982573,2026-08-30T05:00,25.7,99,9.0,0.0,31.3
W10,North Zone,13540,20.324340300349306,85.84968182982573,2026-08-30T06:00,25.8,98,7.9,18.0,31.7
W10,North Zone,13540,20.324340300349306,85.84968182982573,2026-08-30T07:00,26.3,95,8.3,63.0,32.1
W10,North Zone,13540,20.324340300349306,85.84968182982573,2026-08-30T08:00,26.2,95,9.7,116.0,31.8
W10,North Zone,13540,20.324340300349306,85.84968182982573,2026-08-30T09:00,26.1,93,7.8,155.0,31.5
W10,North Zone,13540,20.324340300349306,85.84968182982573,2026-08-30T10:00,26.9,93,7.2,197.0,33.0
W10,North Zone,13540,20.324340300349306,85.84968182982573,2026-08-30T11:00,26.8,93,8.5,156.0,32.6
W10,North Zone,13540,20.324340300349306,85.84968182982573,2026-08-30T12:00,28.0,89,7.9,345.0,34.1
W10,North Zone,13540,20.324340300349306,85.84968182982573,2026-08-30T13:00,29.0,83,10.7,334.0,34.7
W10,North Zone,13540,20.324340300349306,85.84968182982573,2026-08-30T14:00,29.6,79,12.1,389.0,34.8
W10,North Zone,13540,20.324340300349306,85.84968182982573,2026-08-30T15:00,29.9,76,13.0,333.0,34.9
W10,North Zone,13540,20.324340300349306,85.84968182982573,2026-08-30T16:00,29.6,78,12.7,221.0,34.6
W10,North Zone,13540,20.324340300349306,85.84968182982573,2026-08-30T17:00,29.0,81,9.0,110.0,34.7
W10,North Zone,13540,20.324340300349306,85.84968182982573,2026-08-30T18:00,28.1,85,8.2,10.0,33.9
W10,North Zone,13540,20.324340300349306,85.84968182982573,2026-08-30T19:00,27.9,86,8.3,0.0,33.7
W10,North Zone,13540,20.324340300349306,85.84968182982573,2026-08-30T20:00,27.1,88,6.2,0.0,32.9
W10,North Zone,13540,20.324340300349306,85.84968182982573,2026-08-30T21:00,26.7,93,5.5,0.0,33.0
W10,North Zone,13540,20.324340300349306,85.84968182982573,2026-08-30T22:00,26.4,95,5.1,0.0,32.7
W10,North Zone,13540,20.324340300349306,85.84968182982573,2026-08-30T23:00,26.2,96,8.0,0.0,32.0
W10,North Zone,13540,20.324340300349306,85.84968182982573,2026-08-31T00:00,26.0,95,11.5,0.0,31.0
W10,North Zone,13540,20.324340300349306,85.84968182982573,2026-08-31T01:00,25.7,94,11.3,0.0,30.5
W10,North Zone,13540,20.324340300349306,85.84968182982573,2026-08-31T02:00,25.4,94,10.8,0.0,30.1
W10,North Zone,13540,20.324340300349306,85.84968182982573,2026-08-31T03:00,25.4,94,10.2,0.0,30.1
W10,North Zone,13540,20.324340300349306,85.84968182982573,2026-08-31T04:00,25.5,92,10.1,0.0,30.2
W10,North Zone,13540,20.324340300349306,85.84968182982573,2026-08-31T05:00,25.5,92,9.0,0.0,30.3
W10,North Zone,13540,20.324340300349306,85.84968182982573,2026-08-31T06:00,25.7,92,8.5,19.0,30.7
W10,North Zone,13540,20.324340300349306,85.84968182982573,2026-08-31T07:00,26.5,88,9.2,100.0,31.5
W10,North Zone,13540,20.324340300349306,85.84968182982573,2026-08-31T08:00,27.1,86,9.3,159.0,32.3
W10,North Zone,13540,20.324340300349306,85.84968182982573,2026-08-31T09:00,27.5,85,12.4,239.0,32.2
W10,North Zone,13540,20.324340300349306,85.84968182982573,2026-08-31T10:00,28.0,82,16.6,418.0,31.9
W10,North Zone,13540,20.324340300349306,85.84968182982573,2026-08-31T11:00,28.3,79,15.4,306.0,32.3
W10,North Zone,13540,20.324340300349306,85.84968182982573,2026-08-31T12:00,29.0,76,16.6,446.0,32.8
W10,North Zone,13540,20.324340300349306,85.84968182982573,2026-08-31T13:00,29.7,72,17.3,469.0,33.3
W10,North Zone,13540,20.324340300349306,85.84968182982573,2026-08-31T14:00,30.1,70,17.4,456.0,33.7
W10,North Zone,13540,20.324340300349306,85.84968182982573,2026-08-31T15:00,29.9,71,16.8,437.0,33.6
W10,North Zone,13540,20.324340300349306,85.84968182982573,2026-08-31T16:00,29.3,74,15.7,304.0,33.2
W10,North Zone,13540,20.324340300349306,85.84968182982573,2026-08-31T17:00,28.8,76,14.8,138.0,32.8
W10,North Zone,13540,20.324340300349306,85.84968182982573,2026-08-31T18:00,28.4,78,13.7,9.0,32.5
W10,North Zone,13540,20.324340300349306,85.84968182982573,2026-08-31T19:00,28.0,79,12.4,0.0,32.2
W10,North Zone,13540,20.324340300349306,85.84968182982573,2026-08-31T20:00,27.6,80,11.4,0.0,31.9
W10,North Zone,13540,20.324340300349306,85.84968182982573,2026-08-31T21:00,27.2,82,10.1,0.0,31.7
W10,North Zone,13540,20.324340300349306,85.84968182982573,2026-08-31T22:00,26.9,84,9.1,0.0,31.6
W10,North Zone,13540,20.324340300349306,85.84968182982573,2026-08-31T23:00,26.6,85,9.0,0.0,31.3
W10,North Zone,13540,20.324340300349306,85.84968182982573,2026-09-01T00:00,26.6,84,9.8,0.0,31.0
W10,North Zone,13540,20.324340300349306,85.84968182982573,2026-09-01T01:00,26.6,83,11.2,0.0,30.7
W10,North Zone,13540,20.324340300349306,85.84968182982573,2026-09-01T02:00,26.6,82,11.7,0.0,30.6
W10,North Zone,13540,20.324340300349306,85.84968182982573,2026-09-01T03:00,26.5,83,10.9,0.0,30.6
W10,North Zone,13540,20.324340300349306,85.84968182982573,2026-09-01T04:00,26.2,85,10.0,0.0,30.6
W10,North Zone,13540,20.324340300349306,85.84968182982573,2026-09-01T05:00,26.3,86,9.9,0.0,30.7
W10,North Zone,13540,20.324340300349306,85.84968182982573,2026-09-01T06:00,26.8,84,10.5,24.0,31.2
W10,North Zone,13540,20.324340300349306,85.84968182982573,2026-09-01T07:00,27.5,81,11.0,104.0,31.9
W10,North Zone,13540,20.324340300349306,85.84968182982573,2026-09-01T08:00,28.1,78,11.5,181.0,32.5
W10,North Zone,13540,20.324340300349306,85.84968182982573,2026-09-01T09:00,28.4,77,11.6,238.0,32.8
W10,North Zone,13540,20.324340300349306,85.84968182982573,2026-09-01T10:00,28.6,76,12.7,292.0,32.9
W10,North Zone,13540,20.324340300349306,85.84968182982573,2026-09-01T11:00,28.8,76,14.0,334.0,32.9
W10,North Zone,13540,20.324340300349306,85.84968182982573,2026-09-01T12:00,29.2,74,14.8,340.0,33.2
W10,North Zone,13540,20.324340300349306,85.84968182982573,2026-09-01T13:00,29.6,72,15.2,360.0,33.4
W10,North Zone,13540,20.324340300349306,85.84968182982573,2026-09-01T14:00,29.8,71,14.8,363.0,33.7
W10,North Zone,13540,20.324340300349306,85.84968182982573,2026-09-01T15:00,29.5,74,13.2,394.0,34.0
W10,North Zone,13540,20.324340300349306,85.84968182982573,2026-09-01T16:00,29.0,80,10.9,270.0,34.2
W10,North Zone,13540,20.324340300349306,85.84968182982573,2026-09-01T17:00,28.4,84,9.3,115.0,34.1
W10,North Zone,13540,20.324340300349306,85.84968182982573,2026-09-01T18:00,27.8,86,8.1,6.0,33.6
W10,North Zone,13540,20.324340300349306,85.84968182982573,2026-09-01T19:00,27.2,88,7.2,0.0,32.8
W10,North Zone,13540,20.324340300349306,85.84968182982573,2026-09-01T20:00,26.7,89,7.0,0.0,32.1
W10,North Zone,13540,20.324340300349306,85.84968182982573,2026-09-01T21:00,26.5,90,7.8,0.0,31.9
W10,North Zone,13540,20.324340300349306,85.84968182982573,2026-09-01T22:00,26.5,91,9.3,0.0,31.7
W10,North Zone,13540,20.324340300349306,85.84968182982573,2026-09-01T23:00,26.5,91,10.2,0.0,31.6
W3,North Zone,13110,20.346510894131203,85.8395872851841,2026-08-28T00:00,26.9,95,9.0,0.0,32.9
W3,North Zone,13110,20.346510894131203,85.8395872851841,2026-08-28T01:00,26.9,95,10.7,0.0,32.7
W3,North Zone,13110,20.346510894131203,85.8395872851841,2026-08-28T02:00,26.9,93,12.0,0.0,32.3
W3,North Zone,13110,20.346510894131203,85.8395872851841,2026-08-28T03:00,26.5,92,12.4,0.0,31.5
W3,North Zone,13110,20.346510894131203,85.8395872851841,2026-08-28T04:00,26.3,91,11.4,0.0,31.1
W3,North Zone,13110,20.346510894131203,85.8395872851841,2026-08-28T05:00,26.3,90,11.1,0.0,31.0
W3,North Zone,13110,20.346510894131203,85.8395872851841,2026-08-28T06:00,26.9,88,11.1,42.0,31.7
W3,North Zone,13110,20.346510894131203,85.8395872851841,2026-08-28T07:00,28.3,82,13.0,212.0,33.1
W3,North Zone,13110,20.346510894131203,85.8395872851841,2026-08-28T08:00,29.5,77,16.0,416.0,33.9
W3,North Zone,13110,20.346510894131203,85.8395872851841,2026-08-28T09:00,30.5,74,15.7,616.0,35.5
W3,North Zone,13110,20.346510894131203,85.8395872851841,2026-08-28T10:00,31.3,73,13.5,708.0,37.5
W3,North Zone,13110,20.346510894131203,85.8395872851841,2026-08-28T11:00,31.6,71,11.5,738.0,38.1
W3,North Zone,13110,20.346510894131203,85.8395872851841,2026-08-28T12:00,28.8,85,13.5,469.0,34.3
W3,North Zone,13110,20.346510894131203,85.8395872851841,2026-08-28T13:00,29.2,83,7.0,451.0,35.7
W3,North Zone,13110,20.346510894131203,85.8395872851841,2026-08-28T14:00,30.0,84,5.3,346.0,37.3
W3,North Zone,13110,20.346510894131203,85.8395872851841,2026-08-28T15:00,29.4,88,4.6,297.0,36.9
W3,North Zone,13110,20.346510894131203,85.8395872851841,2026-08-28T16:00,26.9,92,8.7,171.0,32.6
W3,North Zone,13110,20.346510894131203,85.8395872851841,2026-08-28T17:00,26.7,94,0.4,61.0,33.8
W3,North Zone,13110,20.346510894131203,85.8395872851841,2026-08-28T18:00,26.8,95,4.6,6.0,33.5
W3,North Zone,13110,20.346510894131203,85.8395872851841,2026-08-28T19:00,26.5,97,8.5,0.0,32.6
W3,North Zone,13110,20.346510894131203,85.8395872851841,2026-08-28T20:00,26.2,97,8.8,0.0,32.1
W3,North Zone,13110,20.346510894131203,85.8395872851841,2026-08-28T21:00,26.1,97,8.7,0.0,31.9
W3,North Zone,13110,20.346510894131203,85.8395872851841,2026-08-28T22:00,26.0,97,9.5,0.0,31.7
W3,North Zone,13110,20.346510894131203,85.8395872851841,2026-08-28T23:00,26.1,97,8.7,0.0,31.9
W3,North Zone,13110,20.346510894131203,85.8395872851841,2026-08-29T00:00,26.2,97,8.8,0.0,32.0
W3,North Zone,13110,20.346510894131203,85.8395872851841,2026-08-29T01:00,26.2,96,8.3,0.0,32.1
W3,North Zone,13110,20.346510894131203,85.8395872851841,2026-08-29T02:00,26.3,96,8.7,0.0,32.1
W3,North Zone,13110,20.346510894131203,85.8395872851841,2026-08-29T03:00,25.2,98,11.7,0.0,30.1
W3,North Zone,13110,20.346510894131203,85.8395872851841,2026-08-29T04:00,25.5,98,9.7,0.0,30.8
W3,North Zone,13110,20.346510894131203,85.8395872851841,2026-08-29T05:00,25.7,97,10.1,0.0,31.1
W3,North Zone,13110,20.346510894131203,85.8395872851841,2026-08-29T06:00,26.2,98,8.6,28.0,32.1
W3,North Zone,13110,20.346510894131203,85.8395872851841,2026-08-29T07:00,26.9,97,6.8,106.0,33.6
W3,North Zone,13110,20.346510894131203,85.8395872851841,2026-08-29T08:00,28.2,92,7.8,250.0,34.9
W3,North Zone,13110,20.346510894131203,85.8395872851841,2026-08-29T09:00,29.4,83,9.4,428.0,35.6
W3,North Zone,13110,20.346510894131203,85.8395872851841,2026-08-29T10:00,29.8,82,9.3,419.0,36.0
W3,North Zone,13110,20.346510894131203,85.8395872851841,2026-08-29T11:00,29.7,80,10.1,309.0,35.5
W3,North Zone,13110,20.346510894131203,85.8395872851841,2026-08-29T12:00,29.9,78,11.3,323.0,35.4
W3,North Zone,13110,20.346510894131203,85.8395872851841,2026-08-29T13:00,30.2,76,11.7,333.0,35.5
W3,North Zone,13110,20.346510894131203,85.8395872851841,2026-08-29T14:00,30.2,77,9.6,258.0,36.0
W3,North Zone,13110,20.346510894131203,85.8395872851841,2026-08-29T15:00,30.3,77,9.5,240.0,36.1
W3,North Zone,13110,20.346510894131203,85.8395872851841,2026-08-29T16:00,29.2,85,9.0,113.0,35.6
W3,North Zone,13110,20.346510894131203,85.8395872851841,2026-08-29T17:00,27.1,95,7.2,53.0,33.6
W3,North Zone,13110,20.346510894131203,85.8395872851841,2026-08-29T18:00,26.8,97,10.2,1.0,32.9
W3,North Zone,13110,20.346510894131203,85.8395872851841,2026-08-29T19:00,26.7,97,8.2,0.0,33.0
W3,North Zone,13110,20.346510894131203,85.8395872851841,2026-08-29T20:00,26.4,97,8.8,0.0,32.4
W3,North Zone,13110,20.346510894131203,85.8395872851841,2026-08-29T21:00,26.3,97,7.8,0.0,32.4
W3,North Zone,13110,20.346510894131203,85.8395872851841,2026-08-29T22:00,26.1,97,8.3,0.0,32.0
W3,North Zone,13110,20.346510894131203,85.8395872851841,2026-08-29T23:00,24.9,99,12.5,0.0,29.7
W3,North Zone,13110,20.346510894131203,85.8395872851841,2026-08-30T00:00,25.1,99,8.3,0.0,30.6
W3,North Zone,13110,20.346510894131203,85.8395872851841,2026-08-30T01:00,25.4,99,9.6,0.0,30.7
W3,North Zone,13110,20.346510894131203,85.8395872851841,2026-08-30T02:00,25.6,98,9.7,0.0,31.1
W3,North Zone,13110,20.346510894131203,85.8395872851841,2026-08-30T03:00,25.8,97,9.8,0.0,31.3
W3,North Zone,13110,20.346510894131203,85.8395872851841,2026-08-30T04:00,25.8,97,8.1,0.0,31.5
W3,North Zone,13110,20.346510894131203,85.8395872851841,2026-08-30T05:00,25.7,99,9.0,0.0,31.3
W3,North Zone,13110,20.346510894131203,85.8395872851841,2026-08-30T06:00,25.8,98,7.9,18.0,31.7
W3,North Zone,13110,20.346510894131203,85.8395872851841,2026-08-30T07:00,26.3,95,8.3,63.0,32.1
W3,North Zone,13110,20.346510894131203,85.8395872851841,2026-08-30T08:00,26.2,95,9.7,116.0,31.8
W3,North Zone,13110,20.346510894131203,85.8395872851841,2026-08-30T09:00,26.1,93,7.8,155.0,31.5
W3,North Zone,13110,20.346510894131203,85.8395872851841,2026-08-30T10:00,26.9,93,7.2,197.0,33.0
W3,North Zone,13110,20.346510894131203,85.8395872851841,2026-08-30T11:00,26.8,93,8.5,156.0,32.6
W3,North Zone,13110,20.346510894131203,85.8395872851841,2026-08-30T12:00,28.0,89,7.9,345.0,34.1
W3,North Zone,13110,20.346510894131203,85.8395872851841,2026-08-30T13:00,29.0,83,10.7,334.0,34.7
W3,North Zone,13110,20.346510894131203,85.8395872851841,2026-08-30T14:00,29.6,79,12.1,389.0,34.8
W3,North Zone,13110,20.346510894131203,85.8395872851841,2026-08-30T15:00,29.9,76,13.0,333.0,34.9
W3,North Zone,13110,20.346510894131203,85.8395872851841,2026-08-30T16:00,29.6,78,12.7,221.0,34.6
W3,North Zone,13110,20.346510894131203,85.8395872851841,2026-08-30T17:00,29.0,81,9.0,110.0,34.7
W3,North Zone,13110,20.346510894131203,85.8395872851841,2026-08-30T18:00,28.1,85,8.2,10.0,33.9
W3,North Zone,13110,20.346510894131203,85.8395872851841,2026-08-30T19:00,27.9,86,8.3,0.0,33.7
W3,North Zone,13110,20.346510894131203,85.8395872851841,2026-08-30T20:00,27.1,88,6.2,0.0,32.9
W3,North Zone,13110,20.346510894131203,85.8395872851841,2026-08-30T21:00,26.7,93,5.5,0.0,33.0
W3,North Zone,13110,20.346510894131203,85.8395872851841,2026-08-30T22:00,26.4,95,5.1,0.0,32.7
W3,North Zone,13110,20.346510894131203,85.8395872851841,2026-08-30T23:00,26.2,96,8.0,0.0,32.0
W3,North Zone,13110,20.346510894131203,85.8395872851841,2026-08-31T00:00,26.0,95,11.5,0.0,31.0
W3,North Zone,13110,20.346510894131203,85.8395872851841,2026-08-31T01:00,25.7,94,11.3,0.0,30.5
W3,North Zone,13110,20.346510894131203,85.8395872851841,2026-08-31T02:00,25.4,94,10.8,0.0,30.1
W3,North Zone,13110,20.346510894131203,85.8395872851841,2026-08-31T03:00,25.4,94,10.2,0.0,30.1
W3,North Zone,13110,20.346510894131203,85.8395872851841,2026-08-31T04:00,25.5,92,10.1,0.0,30.2
W3,North Zone,13110,20.346510894131203,85.8395872851841,2026-08-31T05:00,25.5,92,9.0,0.0,30.3
W3,North Zone,13110,20.346510894131203,85.8395872851841,2026-08-31T06:00,25.7,92,8.5,19.0,30.7
W3,North Zone,13110,20.346510894131203,85.8395872851841,2026-08-31T07:00,26.5,88,9.2,100.0,31.5
W3,North Zone,13110,20.346510894131203,85.8395872851841,2026-08-31T08:00,27.1,86,9.3,159.0,32.3
W3,North Zone,13110,20.346510894131203,85.8395872851841,2026-08-31T09:00,27.5,85,12.4,239.0,32.2
W3,North Zone,13110,20.346510894131203,85.8395872851841,2026-08-31T10:00,28.0,82,16.6,418.0,31.9
W3,North Zone,13110,20.346510894131203,85.8395872851841,2026-08-31T11:00,28.3,79,15.4,306.0,32.3
W3,North Zone,13110,20.346510894131203,85.8395872851841,2026-08-31T12:00,29.0,76,16.6,446.0,32.8
W3,North Zone,13110,20.346510894131203,85.8395872851841,2026-08-31T13:00,29.7,72,17.3,469.0,33.3
W3,North Zone,13110,20.346510894131203,85.8395872851841,2026-08-31T14:00,30.1,70,17.4,456.0,33.7
W3,North Zone,13110,20.346510894131203,85.8395872851841,2026-08-31T15:00,29.9,71,16.8,437.0,33.6
W3,North Zone,13110,20.346510894131203,85.8395872851841,2026-08-31T16:00,29.3,74,15.7,304.0,33.2
W3,North Zone,13110,20.346510894131203,85.8395872851841,2026-08-31T17:00,28.8,76,14.8,138.0,32.8
W3,North Zone,13110,20.346510894131203,85.8395872851841,2026-08-31T18:00,28.4,78,13.7,9.0,32.5
W3,North Zone,13110,20.346510894131203,85.8395872851841,2026-08-31T19:00,28.0,79,12.4,0.0,32.2
W3,North Zone,13110,20.346510894131203,85.8395872851841,2026-08-31T20:00,27.6,80,11.4,0.0,31.9
W3,North Zone,13110,20.346510894131203,85.8395872851841,2026-08-31T21:00,27.2,82,10.1,0.0,31.7
W3,North Zone,13110,20.346510894131203,85.8395872851841,2026-08-31T22:00,26.9,84,9.1,0.0,31.6
W3,North Zone,13110,20.346510894131203,85.8395872851841,2026-08-31T23:00,26.6,85,9.0,0.0,31.3
W3,North Zone,13110,20.346510894131203,85.8395872851841,2026-09-01T00:00,26.6,84,9.8,0.0,31.0
W3,North Zone,13110,20.346510894131203,85.8395872851841,2026-09-01T01:00,26.6,83,11.2,0.0,30.7
W3,North Zone,13110,20.346510894131203,85.8395872851841,2026-09-01T02:00,26.6,82,11.7,0.0,30.6
W3,North Zone,13110,20.346510894131203,85.8395872851841,2026-09-01T03:00,26.5,83,10.9,0.0,30.6
W3,North Zone,13110,20.346510894131203,85.8395872851841,2026-09-01T04:00,26.2,85,10.0,0.0,30.6
W3,North Zone,13110,20.346510894131203,85.8395872851841,2026-09-01T05:00,26.3,86,9.9,0.0,30.7
W3,North Zone,13110,20.346510894131203,85.8395872851841,2026-09-01T06:00,26.8,84,10.5,24.0,31.2
W3,North Zone,13110,20.346510894131203,85.8395872851841,2026-09-01T07:00,27.5,81,11.0,104.0,31.9
W3,North Zone,13110,20.346510894131203,85.8395872851841,2026-09-01T08:00,28.1,78,11.5,181.0,32.5
W3,North Zone,13110,20.346510894131203,85.8395872851841,2026-09-01T09:00,28.4,77,11.6,238.0,32.8
W3,North Zone,13110,20.346510894131203,85.8395872851841,2026-09-01T10:00,28.6,76,12.7,292.0,32.9
W3,North Zone,13110,20.346510894131203,85.8395872851841,2026-09-01T11:00,28.8,76,14.0,334.0,32.9
W3,North Zone,13110,20.346510894131203,85.8395872851841,2026-09-01T12:00,29.2,74,14.8,340.0,33.2
W3,North Zone,13110,20.346510894131203,85.8395872851841,2026-09-01T13:00,29.6,72,15.2,360.0,33.4
W3,North Zone,13110,20.346510894131203,85.8395872851841,2026-09-01T14:00,29.8,71,14.8,363.0,33.7
W3,North Zone,13110,20.346510894131203,85.8395872851841,2026-09-01T15:00,29.5,74,13.2,394.0,34.0
W3,North Zone,13110,20.346510894131203,85.8395872851841,2026-09-01T16:00,29.0,80,10.9,270.0,34.2
W3,North Zone,13110,20.346510894131203,85.8395872851841,2026-09-01T17:00,28.4,84,9.3,115.0,34.1
W3,North Zone,13110,20.346510894131203,85.8395872851841,2026-09-01T18:00,27.8,86,8.1,6.0,33.6
W3,North Zone,13110,20.346510894131203,85.8395872851841,2026-09-01T19:00,27.2,88,7.2,0.0,32.8
W3,North Zone,13110,20.346510894131203,85.8395872851841,2026-09-01T20:00,26.7,89,7.0,0.0,32.1
W3,North Zone,13110,20.346510894131203,85.8395872851841,2026-09-01T21:00,26.5,90,7.8,0.0,31.9
W3,North Zone,13110,20.346510894131203,85.8395872851841,2026-09-01T22:00,26.5,91,9.3,0.0,31.7
W3,North Zone,13110,20.346510894131203,85.8395872851841,2026-09-01T23:00,26.5,91,10.2,0.0,31.6
W2,North Zone,13482,20.362965528271427,85.82682180239404,2026-08-28T00:00,26.9,95,9.0,0.0,32.9
W2,North Zone,13482,20.362965528271427,85.82682180239404,2026-08-28T01:00,26.9,95,10.7,0.0,32.7
W2,North Zone,13482,20.362965528271427,85.82682180239404,2026-08-28T02:00,26.9,93,12.0,0.0,32.3
W2,North Zone,13482,20.362965528271427,85.82682180239404,2026-08-28T03:00,26.5,92,12.4,0.0,31.5
W2,North Zone,13482,20.362965528271427,85.82682180239404,2026-08-28T04:00,26.3,91,11.4,0.0,31.1
W2,North Zone,13482,20.362965528271427,85.82682180239404,2026-08-28T05:00,26.3,90,11.1,0.0,31.0
W2,North Zone,13482,20.362965528271427,85.82682180239404,2026-08-28T06:00,26.9,88,11.1,42.0,31.7
W2,North Zone,13482,20.362965528271427,85.82682180239404,2026-08-28T07:00,28.3,82,13.0,212.0,33.1
W2,North Zone,13482,20.362965528271427,85.82682180239404,2026-08-28T08:00,29.5,77,16.0,416.0,33.9
W2,North Zone,13482,20.362965528271427,85.82682180239404,2026-08-28T09:00,30.5,74,15.7,616.0,35.5
W2,North Zone,13482,20.362965528271427,85.82682180239404,2026-08-28T10:00,31.3,73,13.5,708.0,37.5
W2,North Zone,13482,20.362965528271427,85.82682180239404,2026-08-28T11:00,31.6,71,11.5,738.0,38.1
W2,North Zone,13482,20.362965528271427,85.82682180239404,2026-08-28T12:00,28.8,85,13.5,469.0,34.3
W2,North Zone,13482,20.362965528271427,85.82682180239404,2026-08-28T13:00,29.2,83,7.0,451.0,35.7
W2,North Zone,13482,20.362965528271427,85.82682180239404,2026-08-28T14:00,30.0,84,5.3,346.0,37.3
W2,North Zone,13482,20.362965528271427,85.82682180239404,2026-08-28T15:00,29.4,88,4.6,297.0,36.9
W2,North Zone,13482,20.362965528271427,85.82682180239404,2026-08-28T16:00,26.9,92,8.7,171.0,32.6
W2,North Zone,13482,20.362965528271427,85.82682180239404,2026-08-28T17:00,26.7,94,0.4,61.0,33.8
W2,North Zone,13482,20.362965528271427,85.82682180239404,2026-08-28T18:00,26.8,95,4.6,6.0,33.5
W2,North Zone,13482,20.362965528271427,85.82682180239404,2026-08-28T19:00,26.5,97,8.5,0.0,32.6
W2,North Zone,13482,20.362965528271427,85.82682180239404,2026-08-28T20:00,26.2,97,8.8,0.0,32.1
W2,North Zone,13482,20.362965528271427,85.82682180239404,2026-08-28T21:00,26.1,97,8.7,0.0,31.9
W2,North Zone,13482,20.362965528271427,85.82682180239404,2026-08-28T22:00,26.0,97,9.5,0.0,31.7
W2,North Zone,13482,20.362965528271427,85.82682180239404,2026-08-28T23:00,26.1,97,8.7,0.0,31.9
W2,North Zone,13482,20.362965528271427,85.82682180239404,2026-08-29T00:00,26.2,97,8.8,0.0,32.0
W2,North Zone,13482,20.362965528271427,85.82682180239404,2026-08-29T01:00,26.2,96,8.3,0.0,32.1
W2,North Zone,13482,20.362965528271427,85.82682180239404,2026-08-29T02:00,26.3,96,8.7,0.0,32.1
W2,North Zone,13482,20.362965528271427,85.82682180239404,2026-08-29T03:00,25.2,98,11.7,0.0,30.1
W2,North Zone,13482,20.362965528271427,85.82682180239404,2026-08-29T04:00,25.5,98,9.7,0.0,30.8
W2,North Zone,13482,20.362965528271427,85.82682180239404,2026-08-29T05:00,25.7,97,10.1,0.0,31.1
W2,North Zone,13482,20.362965528271427,85.82682180239404,2026-08-29T06:00,26.2,98,8.6,28.0,32.1
W2,North Zone,13482,20.362965528271427,85.82682180239404,2026-08-29T07:00,26.9,97,6.8,106.0,33.6
W2,North Zone,13482,20.362965528271427,85.82682180239404,2026-08-29T08:00,28.2,92,7.8,250.0,34.9
W2,North Zone,13482,20.362965528271427,85.82682180239404,2026-08-29T09:00,29.4,83,9.4,428.0,35.6
W2,North Zone,13482,20.362965528271427,85.82682180239404,2026-08-29T10:00,29.8,82,9.3,419.0,36.0
W2,North Zone,13482,20.362965528271427,85.82682180239404,2026-08-29T11:00,29.7,80,10.1,309.0,35.5
W2,North Zone,13482,20.362965528271427,85.82682180239404,2026-08-29T12:00,29.9,78,11.3,323.0,35.4
W2,North Zone,13482,20.362965528271427,85.82682180239404,2026-08-29T13:00,30.2,76,11.7,333.0,35.5
W2,North Zone,13482,20.362965528271427,85.82682180239404,2026-08-29T14:00,30.2,77,9.6,258.0,36.0
W2,North Zone,13482,20.362965528271427,85.82682180239404,2026-08-29T15:00,30.3,77,9.5,240.0,36.1
W2,North Zone,13482,20.362965528271427,85.82682180239404,2026-08-29T16:00,29.2,85,9.0,113.0,35.6
W2,North Zone,13482,20.362965528271427,85.82682180239404,2026-08-29T17:00,27.1,95,7.2,53.0,33.6
W2,North Zone,13482,20.362965528271427,85.82682180239404,2026-08-29T18:00,26.8,97,10.2,1.0,32.9
W2,North Zone,13482,20.362965528271427,85.82682180239404,2026-08-29T19:00,26.7,97,8.2,0.0,33.0
W2,North Zone,13482,20.362965528271427,85.82682180239404,2026-08-29T20:00,26.4,97,8.8,0.0,32.4
W2,North Zone,13482,20.362965528271427,85.82682180239404,2026-08-29T21:00,26.3,97,7.8,0.0,32.4
W2,North Zone,13482,20.362965528271427,85.82682180239404,2026-08-29T22:00,26.1,97,8.3,0.0,32.0
W2,North Zone,13482,20.362965528271427,85.82682180239404,2026-08-29T23:00,24.9,99,12.5,0.0,29.7
W2,North Zone,13482,20.362965528271427,85.82682180239404,2026-08-30T00:00,25.1,99,8.3,0.0,30.6
W2,North Zone,13482,20.362965528271427,85.82682180239404,2026-08-30T01:00,25.4,99,9.6,0.0,30.7
W2,North Zone,13482,20.362965528271427,85.82682180239404,2026-08-30T02:00,25.6,98,9.7,0.0,31.1
W2,North Zone,13482,20.362965528271427,85.82682180239404,2026-08-30T03:00,25.8,97,9.8,0.0,31.3
W2,North Zone,13482,20.362965528271427,85.82682180239404,2026-08-30T04:00,25.8,97,8.1,0.0,31.5
W2,North Zone,13482,20.362965528271427,85.82682180239404,2026-08-30T05:00,25.7,99,9.0,0.0,31.3
W2,North Zone,13482,20.362965528271427,85.82682180239404,2026-08-30T06:00,25.8,98,7.9,18.0,31.7
W2,North Zone,13482,20.362965528271427,85.82682180239404,2026-08-30T07:00,26.3,95,8.3,63.0,32.1
W2,North Zone,13482,20.362965528271427,85.82682180239404,2026-08-30T08:00,26.2,95,9.7,116.0,31.8
W2,North Zone,13482,20.362965528271427,85.82682180239404,2026-08-30T09:00,26.1,93,7.8,155.0,31.5
W2,North Zone,13482,20.362965528271427,85.82682180239404,2026-08-30T10:00,26.9,93,7.2,197.0,33.0
W2,North Zone,13482,20.362965528271427,85.82682180239404,2026-08-30T11:00,26.8,93,8.5,156.0,32.6
W2,North Zone,13482,20.362965528271427,85.82682180239404,2026-08-30T12:00,28.0,89,7.9,345.0,34.1
W2,North Zone,13482,20.362965528271427,85.82682180239404,2026-08-30T13:00,29.0,83,10.7,334.0,34.7
W2,North Zone,13482,20.362965528271427,85.82682180239404,2026-08-30T14:00,29.6,79,12.1,389.0,34.8
W2,North Zone,13482,20.362965528271427,85.82682180239404,2026-08-30T15:00,29.9,76,13.0,333.0,34.9
W2,North Zone,13482,20.362965528271427,85.82682180239404,2026-08-30T16:00,29.6,78,12.7,221.0,34.6
W2,North Zone,13482,20.362965528271427,85.82682180239404,2026-08-30T17:00,29.0,81,9.0,110.0,34.7
W2,North Zone,13482,20.362965528271427,85.82682180239404,2026-08-30T18:00,28.1,85,8.2,10.0,33.9
W2,North Zone,13482,20.362965528271427,85.82682180239404,2026-08-30T19:00,27.9,86,8.3,0.0,33.7
W2,North Zone,13482,20.362965528271427,85.82682180239404,2026-08-30T20:00,27.1,88,6.2,0.0,32.9
W2,North Zone,13482,20.362965528271427,85.82682180239404,2026-08-30T21:00,26.7,93,5.5,0.0,33.0
W2,North Zone,13482,20.362965528271427,85.82682180239404,2026-08-30T22:00,26.4,95,5.1,0.0,32.7
W2,North Zone,13482,20.362965528271427,85.82682180239404,2026-08-30T23:00,26.2,96,8.0,0.0,32.0
W2,North Zone,13482,20.362965528271427,85.82682180239404,2026-08-31T00:00,26.0,95,11.5,0.0,31.0
W2,North Zone,13482,20.362965528271427,85.82682180239404,2026-08-31T01:00,25.7,94,11.3,0.0,30.5
W2,North Zone,13482,20.362965528271427,85.82682180239404,2026-08-31T02:00,25.4,94,10.8,0.0,30.1
W2,North Zone,13482,20.362965528271427,85.82682180239404,2026-08-31T03:00,25.4,94,10.2,0.0,30.1
W2,North Zone,13482,20.362965528271427,85.82682180239404,2026-08-31T04:00,25.5,92,10.1,0.0,30.2
W2,North Zone,13482,20.362965528271427,85.82682180239404,2026-08-31T05:00,25.5,92,9.0,0.0,30.3
W2,North Zone,13482,20.362965528271427,85.82682180239404,2026-08-31T06:00,25.7,92,8.5,19.0,30.7
W2,North Zone,13482,20.362965528271427,85.82682180239404,2026-08-31T07:00,26.5,88,9.2,100.0,31.5
W2,North Zone,13482,20.362965528271427,85.82682180239404,2026-08-31T08:00,27.1,86,9.3,159.0,32.3
W2,North Zone,13482,20.362965528271427,85.82682180239404,2026-08-31T09:00,27.5,85,12.4,239.0,32.2
W2,North Zone,13482,20.362965528271427,85.82682180239404,2026-08-31T10:00,28.0,82,16.6,418.0,31.9
W2,North Zone,13482,20.362965528271427,85.82682180239404,2026-08-31T11:00,28.3,79,15.4,306.0,32.3
W2,North Zone,13482,20.362965528271427,85.82682180239404,2026-08-31T12:00,29.0,76,16.6,446.0,32.8
W2,North Zone,13482,20.362965528271427,85.82682180239404,2026-08-31T13:00,29.7,72,17.3,469.0,33.3
W2,North Zone,13482,20.362965528271427,85.82682180239404,2026-08-31T14:00,30.1,70,17.4,456.0,33.7
W2,North Zone,13482,20.362965528271427,85.82682180239404,2026-08-31T15:00,29.9,71,16.8,437.0,33.6
W2,North Zone,13482,20.362965528271427,85.82682180239404,2026-08-31T16:00,29.3,74,15.7,304.0,33.2
W2,North Zone,13482,20.362965528271427,85.82682180239404,2026-08-31T17:00,28.8,76,14.8,138.0,32.8
W2,North Zone,13482,20.362965528271427,85.82682180239404,2026-08-31T18:00,28.4,78,13.7,9.0,32.5
W2,North Zone,13482,20.362965528271427,85.82682180239404,2026-08-31T19:00,28.0,79,12.4,0.0,32.2
W2,North Zone,13482,20.362965528271427,85.82682180239404,2026-08-31T20:00,27.6,80,11.4,0.0,31.9
W2,North Zone,13482,20.362965528271427,85.82682180239404,2026-08-31T21:00,27.2,82,10.1,0.0,31.7
W2,North Zone,13482,20.362965528271427,85.82682180239404,2026-08-31T22:00,26.9,84,9.1,0.0,31.6
W2,North Zone,13482,20.362965528271427,85.82682180239404,2026-08-31T23:00,26.6,85,9.0,0.0,31.3
W2,North Zone,13482,20.362965528271427,85.82682180239404,2026-09-01T00:00,26.6,84,9.8,0.0,31.0
W2,North Zone,13482,20.362965528271427,85.82682180239404,2026-09-01T01:00,26.6,83,11.2,0.0,30.7
W2,North Zone,13482,20.362965528271427,85.82682180239404,2026-09-01T02:00,26.6,82,11.7,0.0,30.6
W2,North Zone,13482,20.362965528271427,85.82682180239404,2026-09-01T03:00,26.5,83,10.9,0.0,30.6
W2,North Zone,13482,20.362965528271427,85.82682180239404,2026-09-01T04:00,26.2,85,10.0,0.0,30.6
W2,North Zone,13482,20.362965528271427,85.82682180239404,2026-09-01T05:00,26.3,86,9.9,0.0,30.7
W2,North Zone,13482,20.362965528271427,85.82682180239404,2026-09-01T06:00,26.8,84,10.5,24.0,31.2
W2,North Zone,13482,20.362965528271427,85.82682180239404,2026-09-01T07:00,27.5,81,11.0,104.0,31.9
W2,North Zone,13482,20.362965528271427,85.82682180239404,2026-09-01T08:00,28.1,78,11.5,181.0,32.5
W2,North Zone,13482,20.362965528271427,85.82682180239404,2026-09-01T09:00,28.4,77,11.6,238.0,32.8
W2,North Zone,13482,20.362965528271427,85.82682180239404,2026-09-01T10:00,28.6,76,12.7,292.0,32.9
W2,North Zone,13482,20.362965528271427,85.82682180239404,2026-09-01T11:00,28.8,76,14.0,334.0,32.9
W2,North Zone,13482,20.362965528271427,85.82682180239404,2026-09-01T12:00,29.2,74,14.8,340.0,33.2
W2,North Zone,13482,20.362965528271427,85.82682180239404,2026-09-01T13:00,29.6,72,15.2,360.0,33.4
W2,North Zone,13482,20.362965528271427,85.82682180239404,2026-09-01T14:00,29.8,71,14.8,363.0,33.7
W2,North Zone,13482,20.362965528271427,85.82682180239404,2026-09-01T15:00,29.5,74,13.2,394.0,34.0
W2,North Zone,13482,20.362965528271427,85.82682180239404,2026-09-01T16:00,29.0,80,10.9,270.0,34.2
W2,North Zone,13482,20.362965528271427,85.82682180239404,2026-09-01T17:00,28.4,84,9.3,115.0,34.1
W2,North Zone,13482,20.362965528271427,85.82682180239404,2026-09-01T18:00,27.8,86,8.1,6.0,33.6
W2,North Zone,13482,20.362965528271427,85.82682180239404,2026-09-01T19:00,27.2,88,7.2,0.0,32.8
W2,North Zone,13482,20.362965528271427,85.82682180239404,2026-09-01T20:00,26.7,89,7.0,0.0,32.1
W2,North Zone,13482,20.362965528271427,85.82682180239404,2026-09-01T21:00,26.5,90,7.8,0.0,31.9
W2,North Zone,13482,20.362965528271427,85.82682180239404,2026-09-01T22:00,26.5,91,9.3,0.0,31.7
W2,North Zone,13482,20.362965528271427,85.82682180239404,2026-09-01T23:00,26.5,91,10.2,0.0,31.6
W1,North Zone,12378,20.354449352950876,85.80966781240977,2026-08-28T00:00,26.9,95,9.0,0.0,32.9
W1,North Zone,12378,20.354449352950876,85.80966781240977,2026-08-28T01:00,26.9,95,10.7,0.0,32.7
W1,North Zone,12378,20.354449352950876,85.80966781240977,2026-08-28T02:00,26.9,93,12.0,0.0,32.3
W1,North Zone,12378,20.354449352950876,85.80966781240977,2026-08-28T03:00,26.5,92,12.4,0.0,31.5
W1,North Zone,12378,20.354449352950876,85.80966781240977,2026-08-28T04:00,26.3,91,11.4,0.0,31.1
W1,North Zone,12378,20.354449352950876,85.80966781240977,2026-08-28T05:00,26.3,90,11.1,0.0,31.0
W1,North Zone,12378,20.354449352950876,85.80966781240977,2026-08-28T06:00,26.9,88,11.1,42.0,31.7
W1,North Zone,12378,20.354449352950876,85.80966781240977,2026-08-28T07:00,28.3,82,13.0,212.0,33.1
W1,North Zone,12378,20.354449352950876,85.80966781240977,2026-08-28T08:00,29.5,77,16.0,416.0,33.9
W1,North Zone,12378,20.354449352950876,85.80966781240977,2026-08-28T09:00,30.5,74,15.7,616.0,35.5
W1,North Zone,12378,20.354449352950876,85.80966781240977,2026-08-28T10:00,31.3,73,13.5,708.0,37.5
W1,North Zone,12378,20.354449352950876,85.80966781240977,2026-08-28T11:00,31.6,71,11.5,738.0,38.1
W1,North Zone,12378,20.354449352950876,85.80966781240977,2026-08-28T12:00,28.8,85,13.5,469.0,34.3
W1,North Zone,12378,20.354449352950876,85.80966781240977,2026-08-28T13:00,29.2,83,7.0,451.0,35.7
W1,North Zone,12378,20.354449352950876,85.80966781240977,2026-08-28T14:00,30.0,84,5.3,346.0,37.3
W1,North Zone,12378,20.354449352950876,85.80966781240977,2026-08-28T15:00,29.4,88,4.6,297.0,36.9
W1,North Zone,12378,20.354449352950876,85.80966781240977,2026-08-28T16:00,26.9,92,8.7,171.0,32.6
W1,North Zone,12378,20.354449352950876,85.80966781240977,2026-08-28T17:00,26.7,94,0.4,61.0,33.8
W1,North Zone,12378,20.354449352950876,85.80966781240977,2026-08-28T18:00,26.8,95,4.6,6.0,33.5
W1,North Zone,12378,20.354449352950876,85.80966781240977,2026-08-28T19:00,26.5,97,8.5,0.0,32.6
W1,North Zone,12378,20.354449352950876,85.80966781240977,2026-08-28T20:00,26.2,97,8.8,0.0,32.1
W1,North Zone,12378,20.354449352950876,85.80966781240977,2026-08-28T21:00,26.1,97,8.7,0.0,31.9
W1,North Zone,12378,20.354449352950876,85.80966781240977,2026-08-28T22:00,26.0,97,9.5,0.0,31.7
W1,North Zone,12378,20.354449352950876,85.80966781240977,2026-08-28T23:00,26.1,97,8.7,0.0,31.9
W1,North Zone,12378,20.354449352950876,85.80966781240977,2026-08-29T00:00,26.2,97,8.8,0.0,32.0
W1,North Zone,12378,20.354449352950876,85.80966781240977,2026-08-29T01:00,26.2,96,8.3,0.0,32.1
W1,North Zone,12378,20.354449352950876,85.80966781240977,2026-08-29T02:00,26.3,96,8.7,0.0,32.1
W1,North Zone,12378,20.354449352950876,85.80966781240977,2026-08-29T03:00,25.2,98,11.7,0.0,30.1
W1,North Zone,12378,20.354449352950876,85.80966781240977,2026-08-29T04:00,25.5,98,9.7,0.0,30.8
W1,North Zone,12378,20.354449352950876,85.80966781240977,2026-08-29T05:00,25.7,97,10.1,0.0,31.1
W1,North Zone,12378,20.354449352950876,85.80966781240977,2026-08-29T06:00,26.2,98,8.6,28.0,32.1
W1,North Zone,12378,20.354449352950876,85.80966781240977,2026-08-29T07:00,26.9,97,6.8,106.0,33.6
W1,North Zone,12378,20.354449352950876,85.80966781240977,2026-08-29T08:00,28.2,92,7.8,250.0,34.9
W1,North Zone,12378,20.354449352950876,85.80966781240977,2026-08-29T09:00,29.4,83,9.4,428.0,35.6
W1,North Zone,12378,20.354449352950876,85.80966781240977,2026-08-29T10:00,29.8,82,9.3,419.0,36.0
W1,North Zone,12378,20.354449352950876,85.80966781240977,2026-08-29T11:00,29.7,80,10.1,309.0,35.5
W1,North Zone,12378,20.354449352950876,85.80966781240977,2026-08-29T12:00,29.9,78,11.3,323.0,35.4
W1,North Zone,12378,20.354449352950876,85.80966781240977,2026-08-29T13:00,30.2,76,11.7,333.0,35.5
W1,North Zone,12378,20.354449352950876,85.80966781240977,2026-08-29T14:00,30.2,77,9.6,258.0,36.0
W1,North Zone,12378,20.354449352950876,85.80966781240977,2026-08-29T15:00,30.3,77,9.5,240.0,36.1
W1,North Zone,12378,20.354449352950876,85.80966781240977,2026-08-29T16:00,29.2,85,9.0,113.0,35.6
W1,North Zone,12378,20.354449352950876,85.80966781240977,2026-08-29T17:00,27.1,95,7.2,53.0,33.6
W1,North Zone,12378,20.354449352950876,85.80966781240977,2026-08-29T18:00,26.8,97,10.2,1.0,32.9
W1,North Zone,12378,20.354449352950876,85.80966781240977,2026-08-29T19:00,26.7,97,8.2,0.0,33.0
W1,North Zone,12378,20.354449352950876,85.80966781240977,2026-08-29T20:00,26.4,97,8.8,0.0,32.4
W1,North Zone,12378,20.354449352950876,85.80966781240977,2026-08-29T21:00,26.3,97,7.8,0.0,32.4
W1,North Zone,12378,20.354449352950876,85.80966781240977,2026-08-29T22:00,26.1,97,8.3,0.0,32.0
W1,North Zone,12378,20.354449352950876,85.80966781240977,2026-08-29T23:00,24.9,99,12.5,0.0,29.7
W1,North Zone,12378,20.354449352950876,85.80966781240977,2026-08-30T00:00,25.1,99,8.3,0.0,30.6
W1,North Zone,12378,20.354449352950876,85.80966781240977,2026-08-30T01:00,25.4,99,9.6,0.0,30.7
W1,North Zone,12378,20.354449352950876,85.80966781240977,2026-08-30T02:00,25.6,98,9.7,0.0,31.1
W1,North Zone,12378,20.354449352950876,85.80966781240977,2026-08-30T03:00,25.8,97,9.8,0.0,31.3
W1,North Zone,12378,20.354449352950876,85.80966781240977,2026-08-30T04:00,25.8,97,8.1,0.0,31.5
W1,North Zone,12378,20.354449352950876,85.80966781240977,2026-08-30T05:00,25.7,99,9.0,0.0,31.3
W1,North Zone,12378,20.354449352950876,85.80966781240977,2026-08-30T06:00,25.8,98,7.9,18.0,31.7
W1,North Zone,12378,20.354449352950876,85.80966781240977,2026-08-30T07:00,26.3,95,8.3,63.0,32.1
W1,North Zone,12378,20.354449352950876,85.80966781240977,2026-08-30T08:00,26.2,95,9.7,116.0,31.8
W1,North Zone,12378,20.354449352950876,85.80966781240977,2026-08-30T09:00,26.1,93,7.8,155.0,31.5
W1,North Zone,12378,20.354449352950876,85.80966781240977,2026-08-30T10:00,26.9,93,7.2,197.0,33.0
W1,North Zone,12378,20.354449352950876,85.80966781240977,2026-08-30T11:00,26.8,93,8.5,156.0,32.6
W1,North Zone,12378,20.354449352950876,85.80966781240977,2026-08-30T12:00,28.0,89,7.9,345.0,34.1
W1,North Zone,12378,20.354449352950876,85.80966781240977,2026-08-30T13:00,29.0,83,10.7,334.0,34.7
W1,North Zone,12378,20.354449352950876,85.80966781240977,2026-08-30T14:00,29.6,79,12.1,389.0,34.8
W1,North Zone,12378,20.354449352950876,85.80966781240977,2026-08-30T15:00,29.9,76,13.0,333.0,34.9
W1,North Zone,12378,20.354449352950876,85.80966781240977,2026-08-30T16:00,29.6,78,12.7,221.0,34.6
W1,North Zone,12378,20.354449352950876,85.80966781240977,2026-08-30T17:00,29.0,81,9.0,110.0,34.7
W1,North Zone,12378,20.354449352950876,85.80966781240977,2026-08-30T18:00,28.1,85,8.2,10.0,33.9
W1,North Zone,12378,20.354449352950876,85.80966781240977,2026-08-30T19:00,27.9,86,8.3,0.0,33.7
W1,North Zone,12378,20.354449352950876,85.80966781240977,2026-08-30T20:00,27.1,88,6.2,0.0,32.9
W1,North Zone,12378,20.354449352950876,85.80966781240977,2026-08-30T21:00,26.7,93,5.5,0.0,33.0
W1,North Zone,12378,20.354449352950876,85.80966781240977,2026-08-30T22:00,26.4,95,5.1,0.0,32.7
W1,North Zone,12378,20.354449352950876,85.80966781240977,2026-08-30T23:00,26.2,96,8.0,0.0,32.0
W1,North Zone,12378,20.354449352950876,85.80966781240977,2026-08-31T00:00,26.0,95,11.5,0.0,31.0
W1,North Zone,12378,20.354449352950876,85.80966781240977,2026-08-31T01:00,25.7,94,11.3,0.0,30.5
W1,North Zone,12378,20.354449352950876,85.80966781240977,2026-08-31T02:00,25.4,94,10.8,0.0,30.1
W1,North Zone,12378,20.354449352950876,85.80966781240977,2026-08-31T03:00,25.4,94,10.2,0.0,30.1
W1,North Zone,12378,20.354449352950876,85.80966781240977,2026-08-31T04:00,25.5,92,10.1,0.0,30.2
W1,North Zone,12378,20.354449352950876,85.80966781240977,2026-08-31T05:00,25.5,92,9.0,0.0,30.3
W1,North Zone,12378,20.354449352950876,85.80966781240977,2026-08-31T06:00,25.7,92,8.5,19.0,30.7
W1,North Zone,12378,20.354449352950876,85.80966781240977,2026-08-31T07:00,26.5,88,9.2,100.0,31.5
W1,North Zone,12378,20.354449352950876,85.80966781240977,2026-08-31T08:00,27.1,86,9.3,159.0,32.3
W1,North Zone,12378,20.354449352950876,85.80966781240977,2026-08-31T09:00,27.5,85,12.4,239.0,32.2
W1,North Zone,12378,20.354449352950876,85.80966781240977,2026-08-31T10:00,28.0,82,16.6,418.0,31.9
W1,North Zone,12378,20.354449352950876,85.80966781240977,2026-08-31T11:00,28.3,79,15.4,306.0,32.3
W1,North Zone,12378,20.354449352950876,85.80966781240977,2026-08-31T12:00,29.0,76,16.6,446.0,32.8
W1,North Zone,12378,20.354449352950876,85.80966781240977,2026-08-31T13:00,29.7,72,17.3,469.0,33.3
W1,North Zone,12378,20.354449352950876,85.80966781240977,2026-08-31T14:00,30.1,70,17.4,456.0,33.7
W1,North Zone,12378,20.354449352950876,85.80966781240977,2026-08-31T15:00,29.9,71,16.8,437.0,33.6
W1,North Zone,12378,20.354449352950876,85.80966781240977,2026-08-31T16:00,29.3,74,15.7,304.0,33.2
W1,North Zone,12378,20.354449352950876,85.80966781240977,2026-08-31T17:00,28.8,76,14.8,138.0,32.8
W1,North Zone,12378,20.354449352950876,85.80966781240977,2026-08-31T18:00,28.4,78,13.7,9.0,32.5
W1,North Zone,12378,20.354449352950876,85.80966781240977,2026-08-31T19:00,28.0,79,12.4,0.0,32.2
W1,North Zone,12378,20.354449352950876,85.80966781240977,2026-08-31T20:00,27.6,80,11.4,0.0,31.9
W1,North Zone,12378,20.354449352950876,85.80966781240977,2026-08-31T21:00,27.2,82,10.1,0.0,31.7
W1,North Zone,12378,20.354449352950876,85.80966781240977,2026-08-31T22:00,26.9,84,9.1,0.0,31.6
W1,North Zone,12378,20.354449352950876,85.80966781240977,2026-08-31T23:00,26.6,85,9.0,0.0,31.3
W1,North Zone,12378,20.354449352950876,85.80966781240977,2026-09-01T00:00,26.6,84,9.8,0.0,31.0
W1,North Zone,12378,20.354449352950876,85.80966781240977,2026-09-01T01:00,26.6,83,11.2,0.0,30.7
W1,North Zone,12378,20.354449352950876,85.80966781240977,2026-09-01T02:00,26.6,82,11.7,0.0,30.6
W1,North Zone,12378,20.354449352950876,85.80966781240977,2026-09-01T03:00,26.5,83,10.9,0.0,30.6
W1,North Zone,12378,20.354449352950876,85.80966781240977,2026-09-01T04:00,26.2,85,10.0,0.0,30.6
W1,North Zone,12378,20.354449352950876,85.80966781240977,2026-09-01T05:00,26.3,86,9.9,0.0,30.7
W1,North Zone,12378,20.354449352950876,85.80966781240977,2026-09-01T06:00,26.8,84,10.5,24.0,31.2
W1,North Zone,12378,20.354449352950876,85.80966781240977,2026-09-01T07:00,27.5,81,11.0,104.0,31.9
W1,North Zone,12378,20.354449352950876,85.80966781240977,2026-09-01T08:00,28.1,78,11.5,181.0,32.5
W1,North Zone,12378,20.354449352950876,85.80966781240977,2026-09-01T09:00,28.4,77,11.6,238.0,32.8
W1,North Zone,12378,20.354449352950876,85.80966781240977,2026-09-01T10:00,28.6,76,12.7,292.0,32.9
W1,North Zone,12378,20.354449352950876,85.80966781240977,2026-09-01T11:00,28.8,76,14.0,334.0,32.9
W1,North Zone,12378,20.354449352950876,85.80966781240977,2026-09-01T12:00,29.2,74,14.8,340.0,33.2
W1,North Zone,12378,20.354449352950876,85.80966781240977,2026-09-01T13:00,29.6,72,15.2,360.0,33.4
W1,North Zone,12378,20.354449352950876,85.80966781240977,2026-09-01T14:00,29.8,71,14.8,363.0,33.7
W1,North Zone,12378,20.354449352950876,85.80966781240977,2026-09-01T15:00,29.5,74,13.2,394.0,34.0
W1,North Zone,12378,20.354449352950876,85.80966781240977,2026-09-01T16:00,29.0,80,10.9,270.0,34.2
W1,North Zone,12378,20.354449352950876,85.80966781240977,2026-09-01T17:00,28.4,84,9.3,115.0,34.1
W1,North Zone,12378,20.354449352950876,85.80966781240977,2026-09-01T18:00,27.8,86,8.1,6.0,33.6
W1,North Zone,12378,20.354449352950876,85.80966781240977,2026-09-01T19:00,27.2,88,7.2,0.0,32.8
W1,North Zone,12378,20.354449352950876,85.80966781240977,2026-09-01T20:00,26.7,89,7.0,0.0,32.1
W1,North Zone,12378,20.354449352950876,85.80966781240977,2026-09-01T21:00,26.5,90,7.8,0.0,31.9
W1,North Zone,12378,20.354449352950876,85.80966781240977,2026-09-01T22:00,26.5,91,9.3,0.0,31.7
W1,North Zone,12378,20.354449352950876,85.80966781240977,2026-09-01T23:00,26.5,91,10.2,0.0,31.6
W15,South-West Zone,11528,20.306245756448085,85.79812543305427,2026-08-28T00:00,26.9,95,9.0,0.0,32.9
W15,South-West Zone,11528,20.306245756448085,85.79812543305427,2026-08-28T01:00,26.9,95,10.7,0.0,32.7
W15,South-West Zone,11528,20.306245756448085,85.79812543305427,2026-08-28T02:00,26.9,93,12.0,0.0,32.3
W15,South-West Zone,11528,20.306245756448085,85.79812543305427,2026-08-28T03:00,26.5,92,12.4,0.0,31.5
W15,South-West Zone,11528,20.306245756448085,85.79812543305427,2026-08-28T04:00,26.3,91,11.4,0.0,31.1
W15,South-West Zone,11528,20.306245756448085,85.79812543305427,2026-08-28T05:00,26.3,90,11.1,0.0,31.0
W15,South-West Zone,11528,20.306245756448085,85.79812543305427,2026-08-28T06:00,26.9,88,11.1,42.0,31.7
W15,South-West Zone,11528,20.306245756448085,85.79812543305427,2026-08-28T07:00,28.3,82,13.0,212.0,33.1
W15,South-West Zone,11528,20.306245756448085,85.79812543305427,2026-08-28T08:00,29.5,77,16.0,416.0,33.9
W15,South-West Zone,11528,20.306245756448085,85.79812543305427,2026-08-28T09:00,30.5,74,15.7,616.0,35.5
W15,South-West Zone,11528,20.306245756448085,85.79812543305427,2026-08-28T10:00,31.3,73,13.5,708.0,37.5
W15,South-West Zone,11528,20.306245756448085,85.79812543305427,2026-08-28T11:00,31.6,71,11.5,738.0,38.1
W15,South-West Zone,11528,20.306245756448085,85.79812543305427,2026-08-28T12:00,28.8,85,13.5,469.0,34.3
W15,South-West Zone,11528,20.306245756448085,85.79812543305427,2026-08-28T13:00,29.2,83,7.0,451.0,35.7
W15,South-West Zone,11528,20.306245756448085,85.79812543305427,2026-08-28T14:00,30.0,84,5.3,346.0,37.3
W15,South-West Zone,11528,20.306245756448085,85.79812543305427,2026-08-28T15:00,29.4,88,4.6,297.0,36.9
W15,South-West Zone,11528,20.306245756448085,85.79812543305427,2026-08-28T16:00,26.9,92,8.7,171.0,32.6
W15,South-West Zone,11528,20.306245756448085,85.79812543305427,2026-08-28T17:00,26.7,94,0.4,61.0,33.8
W15,South-West Zone,11528,20.306245756448085,85.79812543305427,2026-08-28T18:00,26.8,95,4.6,6.0,33.5
W15,South-West Zone,11528,20.306245756448085,85.79812543305427,2026-08-28T19:00,26.5,97,8.5,0.0,32.6
W15,South-West Zone,11528,20.306245756448085,85.79812543305427,2026-08-28T20:00,26.2,97,8.8,0.0,32.1
W15,South-West Zone,11528,20.306245756448085,85.79812543305427,2026-08-28T21:00,26.1,97,8.7,0.0,31.9
W15,South-West Zone,11528,20.306245756448085,85.79812543305427,2026-08-28T22:00,26.0,97,9.5,0.0,31.7
W15,South-West Zone,11528,20.306245756448085,85.79812543305427,2026-08-28T23:00,26.1,97,8.7,0.0,31.9
W15,South-West Zone,11528,20.306245756448085,85.79812543305427,2026-08-29T00:00,26.2,97,8.8,0.0,32.0
W15,South-West Zone,11528,20.306245756448085,85.79812543305427,2026-08-29T01:00,26.2,96,8.3,0.0,32.1
W15,South-West Zone,11528,20.306245756448085,85.79812543305427,2026-08-29T02:00,26.3,96,8.7,0.0,32.1
W15,South-West Zone,11528,20.306245756448085,85.79812543305427,2026-08-29T03:00,25.2,98,11.7,0.0,30.1
W15,South-West Zone,11528,20.306245756448085,85.79812543305427,2026-08-29T04:00,25.5,98,9.7,0.0,30.8
W15,South-West Zone,11528,20.306245756448085,85.79812543305427,2026-08-29T05:00,25.7,97,10.1,0.0,31.1
W15,South-West Zone,11528,20.306245756448085,85.79812543305427,2026-08-29T06:00,26.2,98,8.6,28.0,32.1
W15,South-West Zone,11528,20.306245756448085,85.79812543305427,2026-08-29T07:00,26.9,97,6.8,106.0,33.6
W15,South-West Zone,11528,20.306245756448085,85.79812543305427,2026-08-29T08:00,28.2,92,7.8,250.0,34.9
W15,South-West Zone,11528,20.306245756448085,85.79812543305427,2026-08-29T09:00,29.4,83,9.4,428.0,35.6
W15,South-West Zone,11528,20.306245756448085,85.79812543305427,2026-08-29T10:00,29.8,82,9.3,419.0,36.0
W15,South-West Zone,11528,20.306245756448085,85.79812543305427,2026-08-29T11:00,29.7,80,10.1,309.0,35.5
W15,South-West Zone,11528,20.306245756448085,85.79812543305427,2026-08-29T12:00,29.9,78,11.3,323.0,35.4
W15,South-West Zone,11528,20.306245756448085,85.79812543305427,2026-08-29T13:00,30.2,76,11.7,333.0,35.5
W15,South-West Zone,11528,20.306245756448085,85.79812543305427,2026-08-29T14:00,30.2,77,9.6,258.0,36.0
W15,South-West Zone,11528,20.306245756448085,85.79812543305427,2026-08-29T15:00,30.3,77,9.5,240.0,36.1
W15,South-West Zone,11528,20.306245756448085,85.79812543305427,2026-08-29T16:00,29.2,85,9.0,113.0,35.6
W15,South-West Zone,11528,20.306245756448085,85.79812543305427,2026-08-29T17:00,27.1,95,7.2,53.0,33.6
W15,South-West Zone,11528,20.306245756448085,85.79812543305427,2026-08-29T18:00,26.8,97,10.2,1.0,32.9
W15,South-West Zone,11528,20.306245756448085,85.79812543305427,2026-08-29T19:00,26.7,97,8.2,0.0,33.0
W15,South-West Zone,11528,20.306245756448085,85.79812543305427,2026-08-29T20:00,26.4,97,8.8,0.0,32.4
W15,South-West Zone,11528,20.306245756448085,85.79812543305427,2026-08-29T21:00,26.3,97,7.8,0.0,32.4
W15,South-West Zone,11528,20.306245756448085,85.79812543305427,2026-08-29T22:00,26.1,97,8.3,0.0,32.0
W15,South-West Zone,11528,20.306245756448085,85.79812543305427,2026-08-29T23:00,24.9,99,12.5,0.0,29.7
W15,South-West Zone,11528,20.306245756448085,85.79812543305427,2026-08-30T00:00,25.1,99,8.3,0.0,30.6
W15,South-West Zone,11528,20.306245756448085,85.79812543305427,2026-08-30T01:00,25.4,99,9.6,0.0,30.7
W15,South-West Zone,11528,20.306245756448085,85.79812543305427,2026-08-30T02:00,25.6,98,9.7,0.0,31.1
W15,South-West Zone,11528,20.306245756448085,85.79812543305427,2026-08-30T03:00,25.8,97,9.8,0.0,31.3
W15,South-West Zone,11528,20.306245756448085,85.79812543305427,2026-08-30T04:00,25.8,97,8.1,0.0,31.5
W15,South-West Zone,11528,20.306245756448085,85.79812543305427,2026-08-30T05:00,25.7,99,9.0,0.0,31.3
W15,South-West Zone,11528,20.306245756448085,85.79812543305427,2026-08-30T06:00,25.8,98,7.9,18.0,31.7
W15,South-West Zone,11528,20.306245756448085,85.79812543305427,2026-08-30T07:00,26.3,95,8.3,63.0,32.1
W15,South-West Zone,11528,20.306245756448085,85.79812543305427,2026-08-30T08:00,26.2,95,9.7,116.0,31.8
W15,South-West Zone,11528,20.306245756448085,85.79812543305427,2026-08-30T09:00,26.1,93,7.8,155.0,31.5
W15,South-West Zone,11528,20.306245756448085,85.79812543305427,2026-08-30T10:00,26.9,93,7.2,197.0,33.0
W15,South-West Zone,11528,20.306245756448085,85.79812543305427,2026-08-30T11:00,26.8,93,8.5,156.0,32.6
W15,South-West Zone,11528,20.306245756448085,85.79812543305427,2026-08-30T12:00,28.0,89,7.9,345.0,34.1
W15,South-West Zone,11528,20.306245756448085,85.79812543305427,2026-08-30T13:00,29.0,83,10.7,334.0,34.7
W15,South-West Zone,11528,20.306245756448085,85.79812543305427,2026-08-30T14:00,29.6,79,12.1,389.0,34.8
W15,South-West Zone,11528,20.306245756448085,85.79812543305427,2026-08-30T15:00,29.9,76,13.0,333.0,34.9
W15,South-West Zone,11528,20.306245756448085,85.79812543305427,2026-08-30T16:00,29.6,78,12.7,221.0,34.6
W15,South-West Zone,11528,20.306245756448085,85.79812543305427,2026-08-30T17:00,29.0,81,9.0,110.0,34.7
W15,South-West Zone,11528,20.306245756448085,85.79812543305427,2026-08-30T18:00,28.1,85,8.2,10.0,33.9
W15,South-West Zone,11528,20.306245756448085,85.79812543305427,2026-08-30T19:00,27.9,86,8.3,0.0,33.7
W15,South-West Zone,11528,20.306245756448085,85.79812543305427,2026-08-30T20:00,27.1,88,6.2,0.0,32.9
W15,South-West Zone,11528,20.306245756448085,85.79812543305427,2026-08-30T21:00,26.7,93,5.5,0.0,33.0
W15,South-West Zone,11528,20.306245756448085,85.79812543305427,2026-08-30T22:00,26.4,95,5.1,0.0,32.7
W15,South-West Zone,11528,20.306245756448085,85.79812543305427,2026-08-30T23:00,26.2,96,8.0,0.0,32.0
W15,South-West Zone,11528,20.306245756448085,85.79812543305427,2026-08-31T00:00,26.0,95,11.5,0.0,31.0
W15,South-West Zone,11528,20.306245756448085,85.79812543305427,2026-08-31T01:00,25.7,94,11.3,0.0,30.5
W15,South-West Zone,11528,20.306245756448085,85.79812543305427,2026-08-31T02:00,25.4,94,10.8,0.0,30.1
W15,South-West Zone,11528,20.306245756448085,85.79812543305427,2026-08-31T03:00,25.4,94,10.2,0.0,30.1
W15,South-West Zone,11528,20.306245756448085,85.79812543305427,2026-08-31T04:00,25.5,92,10.1,0.0,30.2
W15,South-West Zone,11528,20.306245756448085,85.79812543305427,2026-08-31T05:00,25.5,92,9.0,0.0,30.3
W15,South-West Zone,11528,20.306245756448085,85.79812543305427,2026-08-31T06:00,25.7,92,8.5,19.0,30.7
W15,South-West Zone,11528,20.306245756448085,85.79812543305427,2026-08-31T07:00,26.5,88,9.2,100.0,31.5
W15,South-West Zone,11528,20.306245756448085,85.79812543305427,2026-08-31T08:00,27.1,86,9.3,159.0,32.3
W15,South-West Zone,11528,20.306245756448085,85.79812543305427,2026-08-31T09:00,27.5,85,12.4,239.0,32.2
W15,South-West Zone,11528,20.306245756448085,85.79812543305427,2026-08-31T10:00,28.0,82,16.6,418.0,31.9
W15,South-West Zone,11528,20.306245756448085,85.79812543305427,2026-08-31T11:00,28.3,79,15.4,306.0,32.3
W15,South-West Zone,11528,20.306245756448085,85.79812543305427,2026-08-31T12:00,29.0,76,16.6,446.0,32.8
W15,South-West Zone,11528,20.306245756448085,85.79812543305427,2026-08-31T13:00,29.7,72,17.3,469.0,33.3
W15,South-West Zone,11528,20.306245756448085,85.79812543305427,2026-08-31T14:00,30.1,70,17.4,456.0,33.7
W15,South-West Zone,11528,20.306245756448085,85.79812543305427,2026-08-31T15:00,29.9,71,16.8,437.0,33.6
W15,South-West Zone,11528,20.306245756448085,85.79812543305427,2026-08-31T16:00,29.3,74,15.7,304.0,33.2
W15,South-West Zone,11528,20.306245756448085,85.79812543305427,2026-08-31T17:00,28.8,76,14.8,138.0,32.8
W15,South-West Zone,11528,20.306245756448085,85.79812543305427,2026-08-31T18:00,28.4,78,13.7,9.0,32.5
W15,South-West Zone,11528,20.306245756448085,85.79812543305427,2026-08-31T19:00,28.0,79,12.4,0.0,32.2
W15,South-West Zone,11528,20.306245756448085,85.79812543305427,2026-08-31T20:00,27.6,80,11.4,0.0,31.9
W15,South-West Zone,11528,20.306245756448085,85.79812543305427,2026-08-31T21:00,27.2,82,10.1,0.0,31.7
W15,South-West Zone,11528,20.306245756448085,85.79812543305427,2026-08-31T22:00,26.9,84,9.1,0.0,31.6
W15,South-West Zone,11528,20.306245756448085,85.79812543305427,2026-08-31T23:00,26.6,85,9.0,0.0,31.3
W15,South-West Zone,11528,20.306245756448085,85.79812543305427,2026-09-01T00:00,26.6,84,9.8,0.0,31.0
W15,South-West Zone,11528,20.306245756448085,85.79812543305427,2026-09-01T01:00,26.6,83,11.2,0.0,30.7
W15,South-West Zone,11528,20.306245756448085,85.79812543305427,2026-09-01T02:00,26.6,82,11.7,0.0,30.6
W15,South-West Zone,11528,20.306245756448085,85.79812543305427,2026-09-01T03:00,26.5,83,10.9,0.0,30.6
W15,South-West Zone,11528,20.306245756448085,85.79812543305427,2026-09-01T04:00,26.2,85,10.0,0.0,30.6
W15,South-West Zone,11528,20.306245756448085,85.79812543305427,2026-09-01T05:00,26.3,86,9.9,0.0,30.7
W15,South-West Zone,11528,20.306245756448085,85.79812543305427,2026-09-01T06:00,26.8,84,10.5,24.0,31.2
W15,South-West Zone,11528,20.306245756448085,85.79812543305427,2026-09-01T07:00,27.5,81,11.0,104.0,31.9
W15,South-West Zone,11528,20.306245756448085,85.79812543305427,2026-09-01T08:00,28.1,78,11.5,181.0,32.5
W15,South-West Zone,11528,20.306245756448085,85.79812543305427,2026-09-01T09:00,28.4,77,11.6,238.0,32.8
W15,South-West Zone,11528,20.306245756448085,85.79812543305427,2026-09-01T10:00,28.6,76,12.7,292.0,32.9
W15,South-West Zone,11528,20.306245756448085,85.79812543305427,2026-09-01T11:00,28.8,76,14.0,334.0,32.9
W15,South-West Zone,11528,20.306245756448085,85.79812543305427,2026-09-01T12:00,29.2,74,14.8,340.0,33.2
W15,South-West Zone,11528,20.306245756448085,85.79812543305427,2026-09-01T13:00,29.6,72,15.2,360.0,33.4
W15,South-West Zone,11528,20.306245756448085,85.79812543305427,2026-09-01T14:00,29.8,71,14.8,363.0,33.7
W15,South-West Zone,11528,20.306245756448085,85.79812543305427,2026-09-01T15:00,29.5,74,13.2,394.0,34.0
W15,South-West Zone,11528,20.306245756448085,85.79812543305427,2026-09-01T16:00,29.0,80,10.9,270.0,34.2
W15,South-West Zone,11528,20.306245756448085,85.79812543305427,2026-09-01T17:00,28.4,84,9.3,115.0,34.1
W15,South-West Zone,11528,20.306245756448085,85.79812543305427,2026-09-01T18:00,27.8,86,8.1,6.0,33.6
W15,South-West Zone,11528,20.306245756448085,85.79812543305427,2026-09-01T19:00,27.2,88,7.2,0.0,32.8
W15,South-West Zone,11528,20.306245756448085,85.79812543305427,2026-09-01T20:00,26.7,89,7.0,0.0,32.1
W15,South-West Zone,11528,20.306245756448085,85.79812543305427,2026-09-01T21:00,26.5,90,7.8,0.0,31.9
W15,South-West Zone,11528,20.306245756448085,85.79812543305427,2026-09-01T22:00,26.5,91,9.3,0.0,31.7
W15,South-West Zone,11528,20.306245756448085,85.79812543305427,2026-09-01T23:00,26.5,91,10.2,0.0,31.6
W22,South-West Zone,13568,20.307905617750222,85.77384101358061,2026-08-28T00:00,26.9,95,9.0,0.0,32.9
W22,South-West Zone,13568,20.307905617750222,85.77384101358061,2026-08-28T01:00,26.9,95,10.7,0.0,32.7
W22,South-West Zone,13568,20.307905617750222,85.77384101358061,2026-08-28T02:00,26.9,93,12.0,0.0,32.3
W22,South-West Zone,13568,20.307905617750222,85.77384101358061,2026-08-28T03:00,26.5,92,12.4,0.0,31.5
W22,South-West Zone,13568,20.307905617750222,85.77384101358061,2026-08-28T04:00,26.3,91,11.4,0.0,31.1
W22,South-West Zone,13568,20.307905617750222,85.77384101358061,2026-08-28T05:00,26.3,90,11.1,0.0,31.0
W22,South-West Zone,13568,20.307905617750222,85.77384101358061,2026-08-28T06:00,26.9,88,11.1,42.0,31.7
W22,South-West Zone,13568,20.307905617750222,85.77384101358061,2026-08-28T07:00,28.3,82,13.0,212.0,33.1
W22,South-West Zone,13568,20.307905617750222,85.77384101358061,2026-08-28T08:00,29.5,77,16.0,416.0,33.9
W22,South-West Zone,13568,20.307905617750222,85.77384101358061,2026-08-28T09:00,30.5,74,15.7,616.0,35.5
W22,South-West Zone,13568,20.307905617750222,85.77384101358061,2026-08-28T10:00,31.3,73,13.5,708.0,37.5
W22,South-West Zone,13568,20.307905617750222,85.77384101358061,2026-08-28T11:00,31.6,71,11.5,738.0,38.1
W22,South-West Zone,13568,20.307905617750222,85.77384101358061,2026-08-28T12:00,28.8,85,13.5,469.0,34.3
W22,South-West Zone,13568,20.307905617750222,85.77384101358061,2026-08-28T13:00,29.2,83,7.0,451.0,35.7
W22,South-West Zone,13568,20.307905617750222,85.77384101358061,2026-08-28T14:00,30.0,84,5.3,346.0,37.3
W22,South-West Zone,13568,20.307905617750222,85.77384101358061,2026-08-28T15:00,29.4,88,4.6,297.0,36.9
W22,South-West Zone,13568,20.307905617750222,85.77384101358061,2026-08-28T16:00,26.9,92,8.7,171.0,32.6
W22,South-West Zone,13568,20.307905617750222,85.77384101358061,2026-08-28T17:00,26.7,94,0.4,61.0,33.8
W22,South-West Zone,13568,20.307905617750222,85.77384101358061,2026-08-28T18:00,26.8,95,4.6,6.0,33.5
W22,South-West Zone,13568,20.307905617750222,85.77384101358061,2026-08-28T19:00,26.5,97,8.5,0.0,32.6
W22,South-West Zone,13568,20.307905617750222,85.77384101358061,2026-08-28T20:00,26.2,97,8.8,0.0,32.1
W22,South-West Zone,13568,20.307905617750222,85.77384101358061,2026-08-28T21:00,26.1,97,8.7,0.0,31.9
W22,South-West Zone,13568,20.307905617750222,85.77384101358061,2026-08-28T22:00,26.0,97,9.5,0.0,31.7
W22,South-West Zone,13568,20.307905617750222,85.77384101358061,2026-08-28T23:00,26.1,97,8.7,0.0,31.9
W22,South-West Zone,13568,20.307905617750222,85.77384101358061,2026-08-29T00:00,26.2,97,8.8,0.0,32.0
W22,South-West Zone,13568,20.307905617750222,85.77384101358061,2026-08-29T01:00,26.2,96,8.3,0.0,32.1
W22,South-West Zone,13568,20.307905617750222,85.77384101358061,2026-08-29T02:00,26.3,96,8.7,0.0,32.1
W22,South-West Zone,13568,20.307905617750222,85.77384101358061,2026-08-29T03:00,25.2,98,11.7,0.0,30.1
W22,South-West Zone,13568,20.307905617750222,85.77384101358061,2026-08-29T04:00,25.5,98,9.7,0.0,30.8
W22,South-West Zone,13568,20.307905617750222,85.77384101358061,2026-08-29T05:00,25.7,97,10.1,0.0,31.1
W22,South-West Zone,13568,20.307905617750222,85.77384101358061,2026-08-29T06:00,26.2,98,8.6,28.0,32.1
W22,South-West Zone,13568,20.307905617750222,85.77384101358061,2026-08-29T07:00,26.9,97,6.8,106.0,33.6
W22,South-West Zone,13568,20.307905617750222,85.77384101358061,2026-08-29T08:00,28.2,92,7.8,250.0,34.9
W22,South-West Zone,13568,20.307905617750222,85.77384101358061,2026-08-29T09:00,29.4,83,9.4,428.0,35.6
W22,South-West Zone,13568,20.307905617750222,85.77384101358061,2026-08-29T10:00,29.8,82,9.3,419.0,36.0
W22,South-West Zone,13568,20.307905617750222,85.77384101358061,2026-08-29T11:00,29.7,80,10.1,309.0,35.5
W22,South-West Zone,13568,20.307905617750222,85.77384101358061,2026-08-29T12:00,29.9,78,11.3,323.0,35.4
W22,South-West Zone,13568,20.307905617750222,85.77384101358061,2026-08-29T13:00,30.2,76,11.7,333.0,35.5
W22,South-West Zone,13568,20.307905617750222,85.77384101358061,2026-08-29T14:00,30.2,77,9.6,258.0,36.0
W22,South-West Zone,13568,20.307905617750222,85.77384101358061,2026-08-29T15:00,30.3,77,9.5,240.0,36.1
W22,South-West Zone,13568,20.307905617750222,85.77384101358061,2026-08-29T16:00,29.2,85,9.0,113.0,35.6
W22,South-West Zone,13568,20.307905617750222,85.77384101358061,2026-08-29T17:00,27.1,95,7.2,53.0,33.6
W22,South-West Zone,13568,20.307905617750222,85.77384101358061,2026-08-29T18:00,26.8,97,10.2,1.0,32.9
W22,South-West Zone,13568,20.307905617750222,85.77384101358061,2026-08-29T19:00,26.7,97,8.2,0.0,33.0
W22,South-West Zone,13568,20.307905617750222,85.77384101358061,2026-08-29T20:00,26.4,97,8.8,0.0,32.4
W22,South-West Zone,13568,20.307905617750222,85.77384101358061,2026-08-29T21:00,26.3,97,7.8,0.0,32.4
W22,South-West Zone,13568,20.307905617750222,85.77384101358061,2026-08-29T22:00,26.1,97,8.3,0.0,32.0
W22,South-West Zone,13568,20.307905617750222,85.77384101358061,2026-08-29T23:00,24.9,99,12.5,0.0,29.7
W22,South-West Zone,13568,20.307905617750222,85.77384101358061,2026-08-30T00:00,25.1,99,8.3,0.0,30.6
W22,South-West Zone,13568,20.307905617750222,85.77384101358061,2026-08-30T01:00,25.4,99,9.6,0.0,30.7
W22,South-West Zone,13568,20.307905617750222,85.77384101358061,2026-08-30T02:00,25.6,98,9.7,0.0,31.1
W22,South-West Zone,13568,20.307905617750222,85.77384101358061,2026-08-30T03:00,25.8,97,9.8,0.0,31.3
W22,South-West Zone,13568,20.307905617750222,85.77384101358061,2026-08-30T04:00,25.8,97,8.1,0.0,31.5
W22,South-West Zone,13568,20.307905617750222,85.77384101358061,2026-08-30T05:00,25.7,99,9.0,0.0,31.3
W22,South-West Zone,13568,20.307905617750222,85.77384101358061,2026-08-30T06:00,25.8,98,7.9,18.0,31.7
W22,South-West Zone,13568,20.307905617750222,85.77384101358061,2026-08-30T07:00,26.3,95,8.3,63.0,32.1
W22,South-West Zone,13568,20.307905617750222,85.77384101358061,2026-08-30T08:00,26.2,95,9.7,116.0,31.8
W22,South-West Zone,13568,20.307905617750222,85.77384101358061,2026-08-30T09:00,26.1,93,7.8,155.0,31.5
W22,South-West Zone,13568,20.307905617750222,85.77384101358061,2026-08-30T10:00,26.9,93,7.2,197.0,33.0
W22,South-West Zone,13568,20.307905617750222,85.77384101358061,2026-08-30T11:00,26.8,93,8.5,156.0,32.6
W22,South-West Zone,13568,20.307905617750222,85.77384101358061,2026-08-30T12:00,28.0,89,7.9,345.0,34.1
W22,South-West Zone,13568,20.307905617750222,85.77384101358061,2026-08-30T13:00,29.0,83,10.7,334.0,34.7
W22,South-West Zone,13568,20.307905617750222,85.77384101358061,2026-08-30T14:00,29.6,79,12.1,389.0,34.8
W22,South-West Zone,13568,20.307905617750222,85.77384101358061,2026-08-30T15:00,29.9,76,13.0,333.0,34.9
W22,South-West Zone,13568,20.307905617750222,85.77384101358061,2026-08-30T16:00,29.6,78,12.7,221.0,34.6
W22,South-West Zone,13568,20.307905617750222,85.77384101358061,2026-08-30T17:00,29.0,81,9.0,110.0,34.7
W22,South-West Zone,13568,20.307905617750222,85.77384101358061,2026-08-30T18:00,28.1,85,8.2,10.0,33.9
W22,South-West Zone,13568,20.307905617750222,85.77384101358061,2026-08-30T19:00,27.9,86,8.3,0.0,33.7
W22,South-West Zone,13568,20.307905617750222,85.77384101358061,2026-08-30T20:00,27.1,88,6.2,0.0,32.9
W22,South-West Zone,13568,20.307905617750222,85.77384101358061,2026-08-30T21:00,26.7,93,5.5,0.0,33.0
W22,South-West Zone,13568,20.307905617750222,85.77384101358061,2026-08-30T22:00,26.4,95,5.1,0.0,32.7
W22,South-West Zone,13568,20.307905617750222,85.77384101358061,2026-08-30T23:00,26.2,96,8.0,0.0,32.0
W22,South-West Zone,13568,20.307905617750222,85.77384101358061,2026-08-31T00:00,26.0,95,11.5,0.0,31.0
W22,South-West Zone,13568,20.307905617750222,85.77384101358061,2026-08-31T01:00,25.7,94,11.3,0.0,30.5
W22,South-West Zone,13568,20.307905617750222,85.77384101358061,2026-08-31T02:00,25.4,94,10.8,0.0,30.1
W22,South-West Zone,13568,20.307905617750222,85.77384101358061,2026-08-31T03:00,25.4,94,10.2,0.0,30.1
W22,South-West Zone,13568,20.307905617750222,85.77384101358061,2026-08-31T04:00,25.5,92,10.1,0.0,30.2
W22,South-West Zone,13568,20.307905617750222,85.77384101358061,2026-08-31T05:00,25.5,92,9.0,0.0,30.3
W22,South-West Zone,13568,20.307905617750222,85.77384101358061,2026-08-31T06:00,25.7,92,8.5,19.0,30.7
W22,South-West Zone,13568,20.307905617750222,85.77384101358061,2026-08-31T07:00,26.5,88,9.2,100.0,31.5
W22,South-West Zone,13568,20.307905617750222,85.77384101358061,2026-08-31T08:00,27.1,86,9.3,159.0,32.3
W22,South-West Zone,13568,20.307905617750222,85.77384101358061,2026-08-31T09:00,27.5,85,12.4,239.0,32.2
W22,South-West Zone,13568,20.307905617750222,85.77384101358061,2026-08-31T10:00,28.0,82,16.6,418.0,31.9
W22,South-West Zone,13568,20.307905617750222,85.77384101358061,2026-08-31T11:00,28.3,79,15.4,306.0,32.3
W22,South-West Zone,13568,20.307905617750222,85.77384101358061,2026-08-31T12:00,29.0,76,16.6,446.0,32.8
W22,South-West Zone,13568,20.307905617750222,85.77384101358061,2026-08-31T13:00,29.7,72,17.3,469.0,33.3
W22,South-West Zone,13568,20.307905617750222,85.77384101358061,2026-08-31T14:00,30.1,70,17.4,456.0,33.7
W22,South-West Zone,13568,20.307905617750222,85.77384101358061,2026-08-31T15:00,29.9,71,16.8,437.0,33.6
W22,South-West Zone,13568,20.307905617750222,85.77384101358061,2026-08-31T16:00,29.3,74,15.7,304.0,33.2
W22,South-West Zone,13568,20.307905617750222,85.77384101358061,2026-08-31T17:00,28.8,76,14.8,138.0,32.8
W22,South-West Zone,13568,20.307905617750222,85.77384101358061,2026-08-31T18:00,28.4,78,13.7,9.0,32.5
W22,South-West Zone,13568,20.307905617750222,85.77384101358061,2026-08-31T19:00,28.0,79,12.4,0.0,32.2
W22,South-West Zone,13568,20.307905617750222,85.77384101358061,2026-08-31T20:00,27.6,80,11.4,0.0,31.9
W22,South-West Zone,13568,20.307905617750222,85.77384101358061,2026-08-31T21:00,27.2,82,10.1,0.0,31.7
W22,South-West Zone,13568,20.307905617750222,85.77384101358061,2026-08-31T22:00,26.9,84,9.1,0.0,31.6
W22,South-West Zone,13568,20.307905617750222,85.77384101358061,2026-08-31T23:00,26.6,85,9.0,0.0,31.3
W22,South-West Zone,13568,20.307905617750222,85.77384101358061,2026-09-01T00:00,26.6,84,9.8,0.0,31.0
W22,South-West Zone,13568,20.307905617750222,85.77384101358061,2026-09-01T01:00,26.6,83,11.2,0.0,30.7
W22,South-West Zone,13568,20.307905617750222,85.77384101358061,2026-09-01T02:00,26.6,82,11.7,0.0,30.6
W22,South-West Zone,13568,20.307905617750222,85.77384101358061,2026-09-01T03:00,26.5,83,10.9,0.0,30.6
W22,South-West Zone,13568,20.307905617750222,85.77384101358061,2026-09-01T04:00,26.2,85,10.0,0.0,30.6
W22,South-West Zone,13568,20.307905617750222,85.77384101358061,2026-09-01T05:00,26.3,86,9.9,0.0,30.7
W22,South-West Zone,13568,20.307905617750222,85.77384101358061,2026-09-01T06:00,26.8,84,10.5,24.0,31.2
W22,South-West Zone,13568,20.307905617750222,85.77384101358061,2026-09-01T07:00,27.5,81,11.0,104.0,31.9
W22,South-West Zone,13568,20.307905617750222,85.77384101358061,2026-09-01T08:00,28.1,78,11.5,181.0,32.5
W22,South-West Zone,13568,20.307905617750222,85.77384101358061,2026-09-01T09:00,28.4,77,11.6,238.0,32.8
W22,South-West Zone,13568,20.307905617750222,85.77384101358061,2026-09-01T10:00,28.6,76,12.7,292.0,32.9
W22,South-West Zone,13568,20.307905617750222,85.77384101358061,2026-09-01T11:00,28.8,76,14.0,334.0,32.9
W22,South-West Zone,13568,20.307905617750222,85.77384101358061,2026-09-01T12:00,29.2,74,14.8,340.0,33.2
W22,South-West Zone,13568,20.307905617750222,85.77384101358061,2026-09-01T13:00,29.6,72,15.2,360.0,33.4
W22,South-West Zone,13568,20.307905617750222,85.77384101358061,2026-09-01T14:00,29.8,71,14.8,363.0,33.7
W22,South-West Zone,13568,20.307905617750222,85.77384101358061,2026-09-01T15:00,29.5,74,13.2,394.0,34.0
W22,South-West Zone,13568,20.307905617750222,85.77384101358061,2026-09-01T16:00,29.0,80,10.9,270.0,34.2
W22,South-West Zone,13568,20.307905617750222,85.77384101358061,2026-09-01T17:00,28.4,84,9.3,115.0,34.1
W22,South-West Zone,13568,20.307905617750222,85.77384101358061,2026-09-01T18:00,27.8,86,8.1,6.0,33.6
W22,South-West Zone,13568,20.307905617750222,85.77384101358061,2026-09-01T19:00,27.2,88,7.2,0.0,32.8
W22,South-West Zone,13568,20.307905617750222,85.77384101358061,2026-09-01T20:00,26.7,89,7.0,0.0,32.1
W22,South-West Zone,13568,20.307905617750222,85.77384101358061,2026-09-01T21:00,26.5,90,7.8,0.0,31.9
W22,South-West Zone,13568,20.307905617750222,85.77384101358061,2026-09-01T22:00,26.5,91,9.3,0.0,31.7
W22,South-West Zone,13568,20.307905617750222,85.77384101358061,2026-09-01T23:00,26.5,91,10.2,0.0,31.6
W23,South-West Zone,12240,20.281057313400442,85.76341099775165,2026-08-28T00:00,26.9,95,9.0,0.0,32.9
W23,South-West Zone,12240,20.281057313400442,85.76341099775165,2026-08-28T01:00,26.9,95,10.7,0.0,32.7
W23,South-West Zone,12240,20.281057313400442,85.76341099775165,2026-08-28T02:00,26.9,93,12.0,0.0,32.3
W23,South-West Zone,12240,20.281057313400442,85.76341099775165,2026-08-28T03:00,26.5,92,12.4,0.0,31.5
W23,South-West Zone,12240,20.281057313400442,85.76341099775165,2026-08-28T04:00,26.3,91,11.4,0.0,31.1
W23,South-West Zone,12240,20.281057313400442,85.76341099775165,2026-08-28T05:00,26.3,90,11.1,0.0,31.0
W23,South-West Zone,12240,20.281057313400442,85.76341099775165,2026-08-28T06:00,26.9,88,11.1,42.0,31.7
W23,South-West Zone,12240,20.281057313400442,85.76341099775165,2026-08-28T07:00,28.3,82,13.0,212.0,33.1
W23,South-West Zone,12240,20.281057313400442,85.76341099775165,2026-08-28T08:00,29.5,77,16.0,416.0,33.9
W23,South-West Zone,12240,20.281057313400442,85.76341099775165,2026-08-28T09:00,30.5,74,15.7,616.0,35.5
W23,South-West Zone,12240,20.281057313400442,85.76341099775165,2026-08-28T10:00,31.3,73,13.5,708.0,37.5
W23,South-West Zone,12240,20.281057313400442,85.76341099775165,2026-08-28T11:00,31.6,71,11.5,738.0,38.1
W23,South-West Zone,12240,20.281057313400442,85.76341099775165,2026-08-28T12:00,28.8,85,13.5,469.0,34.3
W23,South-West Zone,12240,20.281057313400442,85.76341099775165,2026-08-28T13:00,29.2,83,7.0,451.0,35.7
W23,South-West Zone,12240,20.281057313400442,85.76341099775165,2026-08-28T14:00,30.0,84,5.3,346.0,37.3
W23,South-West Zone,12240,20.281057313400442,85.76341099775165,2026-08-28T15:00,29.4,88,4.6,297.0,36.9
W23,South-West Zone,12240,20.281057313400442,85.76341099775165,2026-08-28T16:00,26.9,92,8.7,171.0,32.6
W23,South-West Zone,12240,20.281057313400442,85.76341099775165,2026-08-28T17:00,26.7,94,0.4,61.0,33.8
W23,South-West Zone,12240,20.281057313400442,85.76341099775165,2026-08-28T18:00,26.8,95,4.6,6.0,33.5
W23,South-West Zone,12240,20.281057313400442,85.76341099775165,2026-08-28T19:00,26.5,97,8.5,0.0,32.6
W23,South-West Zone,12240,20.281057313400442,85.76341099775165,2026-08-28T20:00,26.2,97,8.8,0.0,32.1
W23,South-West Zone,12240,20.281057313400442,85.76341099775165,2026-08-28T21:00,26.1,97,8.7,0.0,31.9
W23,South-West Zone,12240,20.281057313400442,85.76341099775165,2026-08-28T22:00,26.0,97,9.5,0.0,31.7
W23,South-West Zone,12240,20.281057313400442,85.76341099775165,2026-08-28T23:00,26.1,97,8.7,0.0,31.9
W23,South-West Zone,12240,20.281057313400442,85.76341099775165,2026-08-29T00:00,26.2,97,8.8,0.0,32.0
W23,South-West Zone,12240,20.281057313400442,85.76341099775165,2026-08-29T01:00,26.2,96,8.3,0.0,32.1
W23,South-West Zone,12240,20.281057313400442,85.76341099775165,2026-08-29T02:00,26.3,96,8.7,0.0,32.1
W23,South-West Zone,12240,20.281057313400442,85.76341099775165,2026-08-29T03:00,25.2,98,11.7,0.0,30.1
W23,South-West Zone,12240,20.281057313400442,85.76341099775165,2026-08-29T04:00,25.5,98,9.7,0.0,30.8
W23,South-West Zone,12240,20.281057313400442,85.76341099775165,2026-08-29T05:00,25.7,97,10.1,0.0,31.1
W23,South-West Zone,12240,20.281057313400442,85.76341099775165,2026-08-29T06:00,26.2,98,8.6,28.0,32.1
W23,South-West Zone,12240,20.281057313400442,85.76341099775165,2026-08-29T07:00,26.9,97,6.8,106.0,33.6
W23,South-West Zone,12240,20.281057313400442,85.76341099775165,2026-08-29T08:00,28.2,92,7.8,250.0,34.9
W23,South-West Zone,12240,20.281057313400442,85.76341099775165,2026-08-29T09:00,29.4,83,9.4,428.0,35.6
W23,South-West Zone,12240,20.281057313400442,85.76341099775165,2026-08-29T10:00,29.8,82,9.3,419.0,36.0
W23,South-West Zone,12240,20.281057313400442,85.76341099775165,2026-08-29T11:00,29.7,80,10.1,309.0,35.5
W23,South-West Zone,12240,20.281057313400442,85.76341099775165,2026-08-29T12:00,29.9,78,11.3,323.0,35.4
W23,South-West Zone,12240,20.281057313400442,85.76341099775165,2026-08-29T13:00,30.2,76,11.7,333.0,35.5
W23,South-West Zone,12240,20.281057313400442,85.76341099775165,2026-08-29T14:00,30.2,77,9.6,258.0,36.0
W23,South-West Zone,12240,20.281057313400442,85.76341099775165,2026-08-29T15:00,30.3,77,9.5,240.0,36.1
W23,South-West Zone,12240,20.281057313400442,85.76341099775165,2026-08-29T16:00,29.2,85,9.0,113.0,35.6
W23,South-West Zone,12240,20.281057313400442,85.76341099775165,2026-08-29T17:00,27.1,95,7.2,53.0,33.6
W23,South-West Zone,12240,20.281057313400442,85.76341099775165,2026-08-29T18:00,26.8,97,10.2,1.0,32.9
W23,South-West Zone,12240,20.281057313400442,85.76341099775165,2026-08-29T19:00,26.7,97,8.2,0.0,33.0
W23,South-West Zone,12240,20.281057313400442,85.76341099775165,2026-08-29T20:00,26.4,97,8.8,0.0,32.4
W23,South-West Zone,12240,20.281057313400442,85.76341099775165,2026-08-29T21:00,26.3,97,7.8,0.0,32.4
W23,South-West Zone,12240,20.281057313400442,85.76341099775165,2026-08-29T22:00,26.1,97,8.3,0.0,32.0
W23,South-West Zone,12240,20.281057313400442,85.76341099775165,2026-08-29T23:00,24.9,99,12.5,0.0,29.7
W23,South-West Zone,12240,20.281057313400442,85.76341099775165,2026-08-30T00:00,25.1,99,8.3,0.0,30.6
W23,South-West Zone,12240,20.281057313400442,85.76341099775165,2026-08-30T01:00,25.4,99,9.6,0.0,30.7
W23,South-West Zone,12240,20.281057313400442,85.76341099775165,2026-08-30T02:00,25.6,98,9.7,0.0,31.1
W23,South-West Zone,12240,20.281057313400442,85.76341099775165,2026-08-30T03:00,25.8,97,9.8,0.0,31.3
W23,South-West Zone,12240,20.281057313400442,85.76341099775165,2026-08-30T04:00,25.8,97,8.1,0.0,31.5
W23,South-West Zone,12240,20.281057313400442,85.76341099775165,2026-08-30T05:00,25.7,99,9.0,0.0,31.3
W23,South-West Zone,12240,20.281057313400442,85.76341099775165,2026-08-30T06:00,25.8,98,7.9,18.0,31.7
W23,South-West Zone,12240,20.281057313400442,85.76341099775165,2026-08-30T07:00,26.3,95,8.3,63.0,32.1
W23,South-West Zone,12240,20.281057313400442,85.76341099775165,2026-08-30T08:00,26.2,95,9.7,116.0,31.8
W23,South-West Zone,12240,20.281057313400442,85.76341099775165,2026-08-30T09:00,26.1,93,7.8,155.0,31.5
W23,South-West Zone,12240,20.281057313400442,85.76341099775165,2026-08-30T10:00,26.9,93,7.2,197.0,33.0
W23,South-West Zone,12240,20.281057313400442,85.76341099775165,2026-08-30T11:00,26.8,93,8.5,156.0,32.6
W23,South-West Zone,12240,20.281057313400442,85.76341099775165,2026-08-30T12:00,28.0,89,7.9,345.0,34.1
W23,South-West Zone,12240,20.281057313400442,85.76341099775165,2026-08-30T13:00,29.0,83,10.7,334.0,34.7
W23,South-West Zone,12240,20.281057313400442,85.76341099775165,2026-08-30T14:00,29.6,79,12.1,389.0,34.8
W23,South-West Zone,12240,20.281057313400442,85.76341099775165,2026-08-30T15:00,29.9,76,13.0,333.0,34.9
W23,South-West Zone,12240,20.281057313400442,85.76341099775165,2026-08-30T16:00,29.6,78,12.7,221.0,34.6
W23,South-West Zone,12240,20.281057313400442,85.76341099775165,2026-08-30T17:00,29.0,81,9.0,110.0,34.7
W23,South-West Zone,12240,20.281057313400442,85.76341099775165,2026-08-30T18:00,28.1,85,8.2,10.0,33.9
W23,South-West Zone,12240,20.281057313400442,85.76341099775165,2026-08-30T19:00,27.9,86,8.3,0.0,33.7
W23,South-West Zone,12240,20.281057313400442,85.76341099775165,2026-08-30T20:00,27.1,88,6.2,0.0,32.9
W23,South-West Zone,12240,20.281057313400442,85.76341099775165,2026-08-30T21:00,26.7,93,5.5,0.0,33.0
W23,South-West Zone,12240,20.281057313400442,85.76341099775165,2026-08-30T22:00,26.4,95,5.1,0.0,32.7
W23,South-West Zone,12240,20.281057313400442,85.76341099775165,2026-08-30T23:00,26.2,96,8.0,0.0,32.0
W23,South-West Zone,12240,20.281057313400442,85.76341099775165,2026-08-31T00:00,26.0,95,11.5,0.0,31.0
W23,South-West Zone,12240,20.281057313400442,85.76341099775165,2026-08-31T01:00,25.7,94,11.3,0.0,30.5
W23,South-West Zone,12240,20.281057313400442,85.76341099775165,2026-08-31T02:00,25.4,94,10.8,0.0,30.1
W23,South-West Zone,12240,20.281057313400442,85.76341099775165,2026-08-31T03:00,25.4,94,10.2,0.0,30.1
W23,South-West Zone,12240,20.281057313400442,85.76341099775165,2026-08-31T04:00,25.5,92,10.1,0.0,30.2
W23,South-West Zone,12240,20.281057313400442,85.76341099775165,2026-08-31T05:00,25.5,92,9.0,0.0,30.3
W23,South-West Zone,12240,20.281057313400442,85.76341099775165,2026-08-31T06:00,25.7,92,8.5,19.0,30.7
W23,South-West Zone,12240,20.281057313400442,85.76341099775165,2026-08-31T07:00,26.5,88,9.2,100.0,31.5
W23,South-West Zone,12240,20.281057313400442,85.76341099775165,2026-08-31T08:00,27.1,86,9.3,159.0,32.3
W23,South-West Zone,12240,20.281057313400442,85.76341099775165,2026-08-31T09:00,27.5,85,12.4,239.0,32.2
W23,South-West Zone,12240,20.281057313400442,85.76341099775165,2026-08-31T10:00,28.0,82,16.6,418.0,31.9
W23,South-West Zone,12240,20.281057313400442,85.76341099775165,2026-08-31T11:00,28.3,79,15.4,306.0,32.3
W23,South-West Zone,12240,20.281057313400442,85.76341099775165,2026-08-31T12:00,29.0,76,16.6,446.0,32.8
W23,South-West Zone,12240,20.281057313400442,85.76341099775165,2026-08-31T13:00,29.7,72,17.3,469.0,33.3
W23,South-West Zone,12240,20.281057313400442,85.76341099775165,2026-08-31T14:00,30.1,70,17.4,456.0,33.7
W23,South-West Zone,12240,20.281057313400442,85.76341099775165,2026-08-31T15:00,29.9,71,16.8,437.0,33.6
W23,South-West Zone,12240,20.281057313400442,85.76341099775165,2026-08-31T16:00,29.3,74,15.7,304.0,33.2
W23,South-West Zone,12240,20.281057313400442,85.76341099775165,2026-08-31T17:00,28.8,76,14.8,138.0,32.8
W23,South-West Zone,12240,20.281057313400442,85.76341099775165,2026-08-31T18:00,28.4,78,13.7,9.0,32.5
W23,South-West Zone,12240,20.281057313400442,85.76341099775165,2026-08-31T19:00,28.0,79,12.4,0.0,32.2
W23,South-West Zone,12240,20.281057313400442,85.76341099775165,2026-08-31T20:00,27.6,80,11.4,0.0,31.9
W23,South-West Zone,12240,20.281057313400442,85.76341099775165,2026-08-31T21:00,27.2,82,10.1,0.0,31.7
W23,South-West Zone,12240,20.281057313400442,85.76341099775165,2026-08-31T22:00,26.9,84,9.1,0.0,31.6
W23,South-West Zone,12240,20.281057313400442,85.76341099775165,2026-08-31T23:00,26.6,85,9.0,0.0,31.3
W23,South-West Zone,12240,20.281057313400442,85.76341099775165,2026-09-01T00:00,26.6,84,9.8,0.0,31.0
W23,South-West Zone,12240,20.281057313400442,85.76341099775165,2026-09-01T01:00,26.6,83,11.2,0.0,30.7
W23,South-West Zone,12240,20.281057313400442,85.76341099775165,2026-09-01T02:00,26.6,82,11.7,0.0,30.6
W23,South-West Zone,12240,20.281057313400442,85.76341099775165,2026-09-01T03:00,26.5,83,10.9,0.0,30.6
W23,South-West Zone,12240,20.281057313400442,85.76341099775165,2026-09-01T04:00,26.2,85,10.0,0.0,30.6
W23,South-West Zone,12240,20.281057313400442,85.76341099775165,2026-09-01T05:00,26.3,86,9.9,0.0,30.7
W23,South-West Zone,12240,20.281057313400442,85.76341099775165,2026-09-01T06:00,26.8,84,10.5,24.0,31.2
W23,South-West Zone,12240,20.281057313400442,85.76341099775165,2026-09-01T07:00,27.5,81,11.0,104.0,31.9
W23,South-West Zone,12240,20.281057313400442,85.76341099775165,2026-09-01T08:00,28.1,78,11.5,181.0,32.5
W23,South-West Zone,12240,20.281057313400442,85.76341099775165,2026-09-01T09:00,28.4,77,11.6,238.0,32.8
W23,South-West Zone,12240,20.281057313400442,85.76341099775165,2026-09-01T10:00,28.6,76,12.7,292.0,32.9
W23,South-West Zone,12240,20.281057313400442,85.76341099775165,2026-09-01T11:00,28.8,76,14.0,334.0,32.9
W23,South-West Zone,12240,20.281057313400442,85.76341099775165,2026-09-01T12:00,29.2,74,14.8,340.0,33.2
W23,South-West Zone,12240,20.281057313400442,85.76341099775165,2026-09-01T13:00,29.6,72,15.2,360.0,33.4
W23,South-West Zone,12240,20.281057313400442,85.76341099775165,2026-09-01T14:00,29.8,71,14.8,363.0,33.7
W23,South-West Zone,12240,20.281057313400442,85.76341099775165,2026-09-01T15:00,29.5,74,13.2,394.0,34.0
W23,South-West Zone,12240,20.281057313400442,85.76341099775165,2026-09-01T16:00,29.0,80,10.9,270.0,34.2
W23,South-West Zone,12240,20.281057313400442,85.76341099775165,2026-09-01T17:00,28.4,84,9.3,115.0,34.1
W23,South-West Zone,12240,20.281057313400442,85.76341099775165,2026-09-01T18:00,27.8,86,8.1,6.0,33.6
W23,South-West Zone,12240,20.281057313400442,85.76341099775165,2026-09-01T19:00,27.2,88,7.2,0.0,32.8
W23,South-West Zone,12240,20.281057313400442,85.76341099775165,2026-09-01T20:00,26.7,89,7.0,0.0,32.1
W23,South-West Zone,12240,20.281057313400442,85.76341099775165,2026-09-01T21:00,26.5,90,7.8,0.0,31.9
W23,South-West Zone,12240,20.281057313400442,85.76341099775165,2026-09-01T22:00,26.5,91,9.3,0.0,31.7
W23,South-West Zone,12240,20.281057313400442,85.76341099775165,2026-09-01T23:00,26.5,91,10.2,0.0,31.6
W49,South-West Zone,12605,20.254416813571375,85.77619317460007,2026-08-28T00:00,26.9,95,9.0,0.0,32.9
W49,South-West Zone,12605,20.254416813571375,85.77619317460007,2026-08-28T01:00,26.9,95,10.7,0.0,32.7
W49,South-West Zone,12605,20.254416813571375,85.77619317460007,2026-08-28T02:00,26.9,93,12.0,0.0,32.3
W49,South-West Zone,12605,20.254416813571375,85.77619317460007,2026-08-28T03:00,26.5,92,12.4,0.0,31.5
W49,South-West Zone,12605,20.254416813571375,85.77619317460007,2026-08-28T04:00,26.3,91,11.4,0.0,31.1
W49,South-West Zone,12605,20.254416813571375,85.77619317460007,2026-08-28T05:00,26.3,90,11.1,0.0,31.0
W49,South-West Zone,12605,20.254416813571375,85.77619317460007,2026-08-28T06:00,26.9,88,11.1,42.0,31.7
W49,South-West Zone,12605,20.254416813571375,85.77619317460007,2026-08-28T07:00,28.3,82,13.0,212.0,33.1
W49,South-West Zone,12605,20.254416813571375,85.77619317460007,2026-08-28T08:00,29.5,77,16.0,416.0,33.9
W49,South-West Zone,12605,20.254416813571375,85.77619317460007,2026-08-28T09:00,30.5,74,15.7,616.0,35.5
W49,South-West Zone,12605,20.254416813571375,85.77619317460007,2026-08-28T10:00,31.3,73,13.5,708.0,37.5
W49,South-West Zone,12605,20.254416813571375,85.77619317460007,2026-08-28T11:00,31.6,71,11.5,738.0,38.1
W49,South-West Zone,12605,20.254416813571375,85.77619317460007,2026-08-28T12:00,28.8,85,13.5,469.0,34.3
W49,South-West Zone,12605,20.254416813571375,85.77619317460007,2026-08-28T13:00,29.2,83,7.0,451.0,35.7
W49,South-West Zone,12605,20.254416813571375,85.77619317460007,2026-08-28T14:00,30.0,84,5.3,346.0,37.3
W49,South-West Zone,12605,20.254416813571375,85.77619317460007,2026-08-28T15:00,29.4,88,4.6,297.0,36.9
W49,South-West Zone,12605,20.254416813571375,85.77619317460007,2026-08-28T16:00,26.9,92,8.7,171.0,32.6
W49,South-West Zone,12605,20.254416813571375,85.77619317460007,2026-08-28T17:00,26.7,94,0.4,61.0,33.8
W49,South-West Zone,12605,20.254416813571375,85.77619317460007,2026-08-28T18:00,26.8,95,4.6,6.0,33.5
W49,South-West Zone,12605,20.254416813571375,85.77619317460007,2026-08-28T19:00,26.5,97,8.5,0.0,32.6
W49,South-West Zone,12605,20.254416813571375,85.77619317460007,2026-08-28T20:00,26.2,97,8.8,0.0,32.1
W49,South-West Zone,12605,20.254416813571375,85.77619317460007,2026-08-28T21:00,26.1,97,8.7,0.0,31.9
W49,South-West Zone,12605,20.254416813571375,85.77619317460007,2026-08-28T22:00,26.0,97,9.5,0.0,31.7
W49,South-West Zone,12605,20.254416813571375,85.77619317460007,2026-08-28T23:00,26.1,97,8.7,0.0,31.9
W49,South-West Zone,12605,20.254416813571375,85.77619317460007,2026-08-29T00:00,26.2,97,8.8,0.0,32.0
W49,South-West Zone,12605,20.254416813571375,85.77619317460007,2026-08-29T01:00,26.2,96,8.3,0.0,32.1
W49,South-West Zone,12605,20.254416813571375,85.77619317460007,2026-08-29T02:00,26.3,96,8.7,0.0,32.1
W49,South-West Zone,12605,20.254416813571375,85.77619317460007,2026-08-29T03:00,25.2,98,11.7,0.0,30.1
W49,South-West Zone,12605,20.254416813571375,85.77619317460007,2026-08-29T04:00,25.5,98,9.7,0.0,30.8
W49,South-West Zone,12605,20.254416813571375,85.77619317460007,2026-08-29T05:00,25.7,97,10.1,0.0,31.1
W49,South-West Zone,12605,20.254416813571375,85.77619317460007,2026-08-29T06:00,26.2,98,8.6,28.0,32.1
W49,South-West Zone,12605,20.254416813571375,85.77619317460007,2026-08-29T07:00,26.9,97,6.8,106.0,33.6
W49,South-West Zone,12605,20.254416813571375,85.77619317460007,2026-08-29T08:00,28.2,92,7.8,250.0,34.9
W49,South-West Zone,12605,20.254416813571375,85.77619317460007,2026-08-29T09:00,29.4,83,9.4,428.0,35.6
W49,South-West Zone,12605,20.254416813571375,85.77619317460007,2026-08-29T10:00,29.8,82,9.3,419.0,36.0
W49,South-West Zone,12605,20.254416813571375,85.77619317460007,2026-08-29T11:00,29.7,80,10.1,309.0,35.5
W49,South-West Zone,12605,20.254416813571375,85.77619317460007,2026-08-29T12:00,29.9,78,11.3,323.0,35.4
W49,South-West Zone,12605,20.254416813571375,85.77619317460007,2026-08-29T13:00,30.2,76,11.7,333.0,35.5
W49,South-West Zone,12605,20.254416813571375,85.77619317460007,2026-08-29T14:00,30.2,77,9.6,258.0,36.0
W49,South-West Zone,12605,20.254416813571375,85.77619317460007,2026-08-29T15:00,30.3,77,9.5,240.0,36.1
W49,South-West Zone,12605,20.254416813571375,85.77619317460007,2026-08-29T16:00,29.2,85,9.0,113.0,35.6
W49,South-West Zone,12605,20.254416813571375,85.77619317460007,2026-08-29T17:00,27.1,95,7.2,53.0,33.6
W49,South-West Zone,12605,20.254416813571375,85.77619317460007,2026-08-29T18:00,26.8,97,10.2,1.0,32.9
W49,South-West Zone,12605,20.254416813571375,85.77619317460007,2026-08-29T19:00,26.7,97,8.2,0.0,33.0
W49,South-West Zone,12605,20.254416813571375,85.77619317460007,2026-08-29T20:00,26.4,97,8.8,0.0,32.4
W49,South-West Zone,12605,20.254416813571375,85.77619317460007,2026-08-29T21:00,26.3,97,7.8,0.0,32.4
W49,South-West Zone,12605,20.254416813571375,85.77619317460007,2026-08-29T22:00,26.1,97,8.3,0.0,32.0
W49,South-West Zone,12605,20.254416813571375,85.77619317460007,2026-08-29T23:00,24.9,99,12.5,0.0,29.7
W49,South-West Zone,12605,20.254416813571375,85.77619317460007,2026-08-30T00:00,25.1,99,8.3,0.0,30.6
W49,South-West Zone,12605,20.254416813571375,85.77619317460007,2026-08-30T01:00,25.4,99,9.6,0.0,30.7
W49,South-West Zone,12605,20.254416813571375,85.77619317460007,2026-08-30T02:00,25.6,98,9.7,0.0,31.1
W49,South-West Zone,12605,20.254416813571375,85.77619317460007,2026-08-30T03:00,25.8,97,9.8,0.0,31.3
W49,South-West Zone,12605,20.254416813571375,85.77619317460007,2026-08-30T04:00,25.8,97,8.1,0.0,31.5
W49,South-West Zone,12605,20.254416813571375,85.77619317460007,2026-08-30T05:00,25.7,99,9.0,0.0,31.3
W49,South-West Zone,12605,20.254416813571375,85.77619317460007,2026-08-30T06:00,25.8,98,7.9,18.0,31.7
W49,South-West Zone,12605,20.254416813571375,85.77619317460007,2026-08-30T07:00,26.3,95,8.3,63.0,32.1
W49,South-West Zone,12605,20.254416813571375,85.77619317460007,2026-08-30T08:00,26.2,95,9.7,116.0,31.8
W49,South-West Zone,12605,20.254416813571375,85.77619317460007,2026-08-30T09:00,26.1,93,7.8,155.0,31.5
W49,South-West Zone,12605,20.254416813571375,85.77619317460007,2026-08-30T10:00,26.9,93,7.2,197.0,33.0
W49,South-West Zone,12605,20.254416813571375,85.77619317460007,2026-08-30T11:00,26.8,93,8.5,156.0,32.6
W49,South-West Zone,12605,20.254416813571375,85.77619317460007,2026-08-30T12:00,28.0,89,7.9,345.0,34.1
W49,South-West Zone,12605,20.254416813571375,85.77619317460007,2026-08-30T13:00,29.0,83,10.7,334.0,34.7
W49,South-West Zone,12605,20.254416813571375,85.77619317460007,2026-08-30T14:00,29.6,79,12.1,389.0,34.8
W49,South-West Zone,12605,20.254416813571375,85.77619317460007,2026-08-30T15:00,29.9,76,13.0,333.0,34.9
W49,South-West Zone,12605,20.254416813571375,85.77619317460007,2026-08-30T16:00,29.6,78,12.7,221.0,34.6
W49,South-West Zone,12605,20.254416813571375,85.77619317460007,2026-08-30T17:00,29.0,81,9.0,110.0,34.7
W49,South-West Zone,12605,20.254416813571375,85.77619317460007,2026-08-30T18:00,28.1,85,8.2,10.0,33.9
W49,South-West Zone,12605,20.254416813571375,85.77619317460007,2026-08-30T19:00,27.9,86,8.3,0.0,33.7
W49,South-West Zone,12605,20.254416813571375,85.77619317460007,2026-08-30T20:00,27.1,88,6.2,0.0,32.9
W49,South-West Zone,12605,20.254416813571375,85.77619317460007,2026-08-30T21:00,26.7,93,5.5,0.0,33.0
W49,South-West Zone,12605,20.254416813571375,85.77619317460007,2026-08-30T22:00,26.4,95,5.1,0.0,32.7
W49,South-West Zone,12605,20.254416813571375,85.77619317460007,2026-08-30T23:00,26.2,96,8.0,0.0,32.0
W49,South-West Zone,12605,20.254416813571375,85.77619317460007,2026-08-31T00:00,26.0,95,11.5,0.0,31.0
W49,South-West Zone,12605,20.254416813571375,85.77619317460007,2026-08-31T01:00,25.7,94,11.3,0.0,30.5
W49,South-West Zone,12605,20.254416813571375,85.77619317460007,2026-08-31T02:00,25.4,94,10.8,0.0,30.1
W49,South-West Zone,12605,20.254416813571375,85.77619317460007,2026-08-31T03:00,25.4,94,10.2,0.0,30.1
W49,South-West Zone,12605,20.254416813571375,85.77619317460007,2026-08-31T04:00,25.5,92,10.1,0.0,30.2
W49,South-West Zone,12605,20.254416813571375,85.77619317460007,2026-08-31T05:00,25.5,92,9.0,0.0,30.3
W49,South-West Zone,12605,20.254416813571375,85.77619317460007,2026-08-31T06:00,25.7,92,8.5,19.0,30.7
W49,South-West Zone,12605,20.254416813571375,85.77619317460007,2026-08-31T07:00,26.5,88,9.2,100.0,31.5
W49,South-West Zone,12605,20.254416813571375,85.77619317460007,2026-08-31T08:00,27.1,86,9.3,159.0,32.3
W49,South-West Zone,12605,20.254416813571375,85.77619317460007,2026-08-31T09:00,27.5,85,12.4,239.0,32.2
W49,South-West Zone,12605,20.254416813571375,85.77619317460007,2026-08-31T10:00,28.0,82,16.6,418.0,31.9
W49,South-West Zone,12605,20.254416813571375,85.77619317460007,2026-08-31T11:00,28.3,79,15.4,306.0,32.3
W49,South-West Zone,12605,20.254416813571375,85.77619317460007,2026-08-31T12:00,29.0,76,16.6,446.0,32.8
W49,South-West Zone,12605,20.254416813571375,85.77619317460007,2026-08-31T13:00,29.7,72,17.3,469.0,33.3
W49,South-West Zone,12605,20.254416813571375,85.77619317460007,2026-08-31T14:00,30.1,70,17.4,456.0,33.7
W49,South-West Zone,12605,20.254416813571375,85.77619317460007,2026-08-31T15:00,29.9,71,16.8,437.0,33.6
W49,South-West Zone,12605,20.254416813571375,85.77619317460007,2026-08-31T16:00,29.3,74,15.7,304.0,33.2
W49,South-West Zone,12605,20.254416813571375,85.77619317460007,2026-08-31T17:00,28.8,76,14.8,138.0,32.8
W49,South-West Zone,12605,20.254416813571375,85.77619317460007,2026-08-31T18:00,28.4,78,13.7,9.0,32.5
W49,South-West Zone,12605,20.254416813571375,85.77619317460007,2026-08-31T19:00,28.0,79,12.4,0.0,32.2
W49,South-West Zone,12605,20.254416813571375,85.77619317460007,2026-08-31T20:00,27.6,80,11.4,0.0,31.9
W49,South-West Zone,12605,20.254416813571375,85.77619317460007,2026-08-31T21:00,27.2,82,10.1,0.0,31.7
W49,South-West Zone,12605,20.254416813571375,85.77619317460007,2026-08-31T22:00,26.9,84,9.1,0.0,31.6
W49,South-West Zone,12605,20.254416813571375,85.77619317460007,2026-08-31T23:00,26.6,85,9.0,0.0,31.3
W49,South-West Zone,12605,20.254416813571375,85.77619317460007,2026-09-01T00:00,26.6,84,9.8,0.0,31.0
W49,South-West Zone,12605,20.254416813571375,85.77619317460007,2026-09-01T01:00,26.6,83,11.2,0.0,30.7
W49,South-West Zone,12605,20.254416813571375,85.77619317460007,2026-09-01T02:00,26.6,82,11.7,0.0,30.6
W49,South-West Zone,12605,20.254416813571375,85.77619317460007,2026-09-01T03:00,26.5,83,10.9,0.0,30.6
W49,South-West Zone,12605,20.254416813571375,85.77619317460007,2026-09-01T04:00,26.2,85,10.0,0.0,30.6
W49,South-West Zone,12605,20.254416813571375,85.77619317460007,2026-09-01T05:00,26.3,86,9.9,0.0,30.7
W49,South-West Zone,12605,20.254416813571375,85.77619317460007,2026-09-01T06:00,26.8,84,10.5,24.0,31.2
W49,South-West Zone,12605,20.254416813571375,85.77619317460007,2026-09-01T07:00,27.5,81,11.0,104.0,31.9
W49,South-West Zone,12605,20.254416813571375,85.77619317460007,2026-09-01T08:00,28.1,78,11.5,181.0,32.5
W49,South-West Zone,12605,20.254416813571375,85.77619317460007,2026-09-01T09:00,28.4,77,11.6,238.0,32.8
W49,South-West Zone,12605,20.254416813571375,85.77619317460007,2026-09-01T10:00,28.6,76,12.7,292.0,32.9
W49,South-West Zone,12605,20.254416813571375,85.77619317460007,2026-09-01T11:00,28.8,76,14.0,334.0,32.9
W49,South-West Zone,12605,20.254416813571375,85.77619317460007,2026-09-01T12:00,29.2,74,14.8,340.0,33.2
W49,South-West Zone,12605,20.254416813571375,85.77619317460007,2026-09-01T13:00,29.6,72,15.2,360.0,33.4
W49,South-West Zone,12605,20.254416813571375,85.77619317460007,2026-09-01T14:00,29.8,71,14.8,363.0,33.7
W49,South-West Zone,12605,20.254416813571375,85.77619317460007,2026-09-01T15:00,29.5,74,13.2,394.0,34.0
W49,South-West Zone,12605,20.254416813571375,85.77619317460007,2026-09-01T16:00,29.0,80,10.9,270.0,34.2
W49,South-West Zone,12605,20.254416813571375,85.77619317460007,2026-09-01T17:00,28.4,84,9.3,115.0,34.1
W49,South-West Zone,12605,20.254416813571375,85.77619317460007,2026-09-01T18:00,27.8,86,8.1,6.0,33.6
W49,South-West Zone,12605,20.254416813571375,85.77619317460007,2026-09-01T19:00,27.2,88,7.2,0.0,32.8
W49,South-West Zone,12605,20.254416813571375,85.77619317460007,2026-09-01T20:00,26.7,89,7.0,0.0,32.1
W49,South-West Zone,12605,20.254416813571375,85.77619317460007,2026-09-01T21:00,26.5,90,7.8,0.0,31.9
W49,South-West Zone,12605,20.254416813571375,85.77619317460007,2026-09-01T22:00,26.5,91,9.3,0.0,31.7
W49,South-West Zone,12605,20.254416813571375,85.77619317460007,2026-09-01T23:00,26.5,91,10.2,0.0,31.6
W66,South-West Zone,11707,20.234916583281993,85.78731110629033,2026-08-28T00:00,26.9,95,9.0,0.0,32.9
W66,South-West Zone,11707,20.234916583281993,85.78731110629033,2026-08-28T01:00,26.9,95,10.7,0.0,32.7
W66,South-West Zone,11707,20.234916583281993,85.78731110629033,2026-08-28T02:00,26.9,93,12.0,0.0,32.3
W66,South-West Zone,11707,20.234916583281993,85.78731110629033,2026-08-28T03:00,26.5,92,12.4,0.0,31.5
W66,South-West Zone,11707,20.234916583281993,85.78731110629033,2026-08-28T04:00,26.3,91,11.4,0.0,31.1
W66,South-West Zone,11707,20.234916583281993,85.78731110629033,2026-08-28T05:00,26.3,90,11.1,0.0,31.0
W66,South-West Zone,11707,20.234916583281993,85.78731110629033,2026-08-28T06:00,26.9,88,11.1,42.0,31.7
W66,South-West Zone,11707,20.234916583281993,85.78731110629033,2026-08-28T07:00,28.3,82,13.0,212.0,33.1
W66,South-West Zone,11707,20.234916583281993,85.78731110629033,2026-08-28T08:00,29.5,77,16.0,416.0,33.9
W66,South-West Zone,11707,20.234916583281993,85.78731110629033,2026-08-28T09:00,30.5,74,15.7,616.0,35.5
W66,South-West Zone,11707,20.234916583281993,85.78731110629033,2026-08-28T10:00,31.3,73,13.5,708.0,37.5
W66,South-West Zone,11707,20.234916583281993,85.78731110629033,2026-08-28T11:00,31.6,71,11.5,738.0,38.1
W66,South-West Zone,11707,20.234916583281993,85.78731110629033,2026-08-28T12:00,28.8,85,13.5,469.0,34.3
W66,South-West Zone,11707,20.234916583281993,85.78731110629033,2026-08-28T13:00,29.2,83,7.0,451.0,35.7
W66,South-West Zone,11707,20.234916583281993,85.78731110629033,2026-08-28T14:00,30.0,84,5.3,346.0,37.3
W66,South-West Zone,11707,20.234916583281993,85.78731110629033,2026-08-28T15:00,29.4,88,4.6,297.0,36.9
W66,South-West Zone,11707,20.234916583281993,85.78731110629033,2026-08-28T16:00,26.9,92,8.7,171.0,32.6
W66,South-West Zone,11707,20.234916583281993,85.78731110629033,2026-08-28T17:00,26.7,94,0.4,61.0,33.8
W66,South-West Zone,11707,20.234916583281993,85.78731110629033,2026-08-28T18:00,26.8,95,4.6,6.0,33.5
W66,South-West Zone,11707,20.234916583281993,85.78731110629033,2026-08-28T19:00,26.5,97,8.5,0.0,32.6
W66,South-West Zone,11707,20.234916583281993,85.78731110629033,2026-08-28T20:00,26.2,97,8.8,0.0,32.1
W66,South-West Zone,11707,20.234916583281993,85.78731110629033,2026-08-28T21:00,26.1,97,8.7,0.0,31.9
W66,South-West Zone,11707,20.234916583281993,85.78731110629033,2026-08-28T22:00,26.0,97,9.5,0.0,31.7
W66,South-West Zone,11707,20.234916583281993,85.78731110629033,2026-08-28T23:00,26.1,97,8.7,0.0,31.9
W66,South-West Zone,11707,20.234916583281993,85.78731110629033,2026-08-29T00:00,26.2,97,8.8,0.0,32.0
W66,South-West Zone,11707,20.234916583281993,85.78731110629033,2026-08-29T01:00,26.2,96,8.3,0.0,32.1
W66,South-West Zone,11707,20.234916583281993,85.78731110629033,2026-08-29T02:00,26.3,96,8.7,0.0,32.1
W66,South-West Zone,11707,20.234916583281993,85.78731110629033,2026-08-29T03:00,25.2,98,11.7,0.0,30.1
W66,South-West Zone,11707,20.234916583281993,85.78731110629033,2026-08-29T04:00,25.5,98,9.7,0.0,30.8
W66,South-West Zone,11707,20.234916583281993,85.78731110629033,2026-08-29T05:00,25.7,97,10.1,0.0,31.1
W66,South-West Zone,11707,20.234916583281993,85.78731110629033,2026-08-29T06:00,26.2,98,8.6,28.0,32.1
W66,South-West Zone,11707,20.234916583281993,85.78731110629033,2026-08-29T07:00,26.9,97,6.8,106.0,33.6
W66,South-West Zone,11707,20.234916583281993,85.78731110629033,2026-08-29T08:00,28.2,92,7.8,250.0,34.9
W66,South-West Zone,11707,20.234916583281993,85.78731110629033,2026-08-29T09:00,29.4,83,9.4,428.0,35.6
W66,South-West Zone,11707,20.234916583281993,85.78731110629033,2026-08-29T10:00,29.8,82,9.3,419.0,36.0
W66,South-West Zone,11707,20.234916583281993,85.78731110629033,2026-08-29T11:00,29.7,80,10.1,309.0,35.5
W66,South-West Zone,11707,20.234916583281993,85.78731110629033,2026-08-29T12:00,29.9,78,11.3,323.0,35.4
W66,South-West Zone,11707,20.234916583281993,85.78731110629033,2026-08-29T13:00,30.2,76,11.7,333.0,35.5
W66,South-West Zone,11707,20.234916583281993,85.78731110629033,2026-08-29T14:00,30.2,77,9.6,258.0,36.0
W66,South-West Zone,11707,20.234916583281993,85.78731110629033,2026-08-29T15:00,30.3,77,9.5,240.0,36.1
W66,South-West Zone,11707,20.234916583281993,85.78731110629033,2026-08-29T16:00,29.2,85,9.0,113.0,35.6
W66,South-West Zone,11707,20.234916583281993,85.78731110629033,2026-08-29T17:00,27.1,95,7.2,53.0,33.6
W66,South-West Zone,11707,20.234916583281993,85.78731110629033,2026-08-29T18:00,26.8,97,10.2,1.0,32.9
W66,South-West Zone,11707,20.234916583281993,85.78731110629033,2026-08-29T19:00,26.7,97,8.2,0.0,33.0
W66,South-West Zone,11707,20.234916583281993,85.78731110629033,2026-08-29T20:00,26.4,97,8.8,0.0,32.4
W66,South-West Zone,11707,20.234916583281993,85.78731110629033,2026-08-29T21:00,26.3,97,7.8,0.0,32.4
W66,South-West Zone,11707,20.234916583281993,85.78731110629033,2026-08-29T22:00,26.1,97,8.3,0.0,32.0
W66,South-West Zone,11707,20.234916583281993,85.78731110629033,2026-08-29T23:00,24.9,99,12.5,0.0,29.7
W66,South-West Zone,11707,20.234916583281993,85.78731110629033,2026-08-30T00:00,25.1,99,8.3,0.0,30.6
W66,South-West Zone,11707,20.234916583281993,85.78731110629033,2026-08-30T01:00,25.4,99,9.6,0.0,30.7
W66,South-West Zone,11707,20.234916583281993,85.78731110629033,2026-08-30T02:00,25.6,98,9.7,0.0,31.1
W66,South-West Zone,11707,20.234916583281993,85.78731110629033,2026-08-30T03:00,25.8,97,9.8,0.0,31.3
W66,South-West Zone,11707,20.234916583281993,85.78731110629033,2026-08-30T04:00,25.8,97,8.1,0.0,31.5
W66,South-West Zone,11707,20.234916583281993,85.78731110629033,2026-08-30T05:00,25.7,99,9.0,0.0,31.3
W66,South-West Zone,11707,20.234916583281993,85.78731110629033,2026-08-30T06:00,25.8,98,7.9,18.0,31.7
W66,South-West Zone,11707,20.234916583281993,85.78731110629033,2026-08-30T07:00,26.3,95,8.3,63.0,32.1
W66,South-West Zone,11707,20.234916583281993,85.78731110629033,2026-08-30T08:00,26.2,95,9.7,116.0,31.8
W66,South-West Zone,11707,20.234916583281993,85.78731110629033,2026-08-30T09:00,26.1,93,7.8,155.0,31.5
W66,South-West Zone,11707,20.234916583281993,85.78731110629033,2026-08-30T10:00,26.9,93,7.2,197.0,33.0
W66,South-West Zone,11707,20.234916583281993,85.78731110629033,2026-08-30T11:00,26.8,93,8.5,156.0,32.6
W66,South-West Zone,11707,20.234916583281993,85.78731110629033,2026-08-30T12:00,28.0,89,7.9,345.0,34.1
W66,South-West Zone,11707,20.234916583281993,85.78731110629033,2026-08-30T13:00,29.0,83,10.7,334.0,34.7
W66,South-West Zone,11707,20.234916583281993,85.78731110629033,2026-08-30T14:00,29.6,79,12.1,389.0,34.8
W66,South-West Zone,11707,20.234916583281993,85.78731110629033,2026-08-30T15:00,29.9,76,13.0,333.0,34.9
W66,South-West Zone,11707,20.234916583281993,85.78731110629033,2026-08-30T16:00,29.6,78,12.7,221.0,34.6
W66,South-West Zone,11707,20.234916583281993,85.78731110629033,2026-08-30T17:00,29.0,81,9.0,110.0,34.7
W66,South-West Zone,11707,20.234916583281993,85.78731110629033,2026-08-30T18:00,28.1,85,8.2,10.0,33.9
W66,South-West Zone,11707,20.234916583281993,85.78731110629033,2026-08-30T19:00,27.9,86,8.3,0.0,33.7
W66,South-West Zone,11707,20.234916583281993,85.78731110629033,2026-08-30T20:00,27.1,88,6.2,0.0,32.9
W66,South-West Zone,11707,20.234916583281993,85.78731110629033,2026-08-30T21:00,26.7,93,5.5,0.0,33.0
W66,South-West Zone,11707,20.234916583281993,85.78731110629033,2026-08-30T22:00,26.4,95,5.1,0.0,32.7
W66,South-West Zone,11707,20.234916583281993,85.78731110629033,2026-08-30T23:00,26.2,96,8.0,0.0,32.0
W66,South-West Zone,11707,20.234916583281993,85.78731110629033,2026-08-31T00:00,26.0,95,11.5,0.0,31.0
W66,South-West Zone,11707,20.234916583281993,85.78731110629033,2026-08-31T01:00,25.7,94,11.3,0.0,30.5
W66,South-West Zone,11707,20.234916583281993,85.78731110629033,2026-08-31T02:00,25.4,94,10.8,0.0,30.1
W66,South-West Zone,11707,20.234916583281993,85.78731110629033,2026-08-31T03:00,25.4,94,10.2,0.0,30.1
W66,South-West Zone,11707,20.234916583281993,85.78731110629033,2026-08-31T04:00,25.5,92,10.1,0.0,30.2
W66,South-West Zone,11707,20.234916583281993,85.78731110629033,2026-08-31T05:00,25.5,92,9.0,0.0,30.3
W66,South-West Zone,11707,20.234916583281993,85.78731110629033,2026-08-31T06:00,25.7,92,8.5,19.0,30.7
W66,South-West Zone,11707,20.234916583281993,85.78731110629033,2026-08-31T07:00,26.5,88,9.2,100.0,31.5
W66,South-West Zone,11707,20.234916583281993,85.78731110629033,2026-08-31T08:00,27.1,86,9.3,159.0,32.3
W66,South-West Zone,11707,20.234916583281993,85.78731110629033,2026-08-31T09:00,27.5,85,12.4,239.0,32.2
W66,South-West Zone,11707,20.234916583281993,85.78731110629033,2026-08-31T10:00,28.0,82,16.6,418.0,31.9
W66,South-West Zone,11707,20.234916583281993,85.78731110629033,2026-08-31T11:00,28.3,79,15.4,306.0,32.3
W66,South-West Zone,11707,20.234916583281993,85.78731110629033,2026-08-31T12:00,29.0,76,16.6,446.0,32.8
W66,South-West Zone,11707,20.234916583281993,85.78731110629033,2026-08-31T13:00,29.7,72,17.3,469.0,33.3
W66,South-West Zone,11707,20.234916583281993,85.78731110629033,2026-08-31T14:00,30.1,70,17.4,456.0,33.7
W66,South-West Zone,11707,20.234916583281993,85.78731110629033,2026-08-31T15:00,29.9,71,16.8,437.0,33.6
W66,South-West Zone,11707,20.234916583281993,85.78731110629033,2026-08-31T16:00,29.3,74,15.7,304.0,33.2
W66,South-West Zone,11707,20.234916583281993,85.78731110629033,2026-08-31T17:00,28.8,76,14.8,138.0,32.8
W66,South-West Zone,11707,20.234916583281993,85.78731110629033,2026-08-31T18:00,28.4,78,13.7,9.0,32.5
W66,South-West Zone,11707,20.234916583281993,85.78731110629033,2026-08-31T19:00,28.0,79,12.4,0.0,32.2
W66,South-West Zone,11707,20.234916583281993,85.78731110629033,2026-08-31T20:00,27.6,80,11.4,0.0,31.9
W66,South-West Zone,11707,20.234916583281993,85.78731110629033,2026-08-31T21:00,27.2,82,10.1,0.0,31.7
W66,South-West Zone,11707,20.234916583281993,85.78731110629033,2026-08-31T22:00,26.9,84,9.1,0.0,31.6
W66,South-West Zone,11707,20.234916583281993,85.78731110629033,2026-08-31T23:00,26.6,85,9.0,0.0,31.3
W66,South-West Zone,11707,20.234916583281993,85.78731110629033,2026-09-01T00:00,26.6,84,9.8,0.0,31.0
W66,South-West Zone,11707,20.234916583281993,85.78731110629033,2026-09-01T01:00,26.6,83,11.2,0.0,30.7
W66,South-West Zone,11707,20.234916583281993,85.78731110629033,2026-09-01T02:00,26.6,82,11.7,0.0,30.6
W66,South-West Zone,11707,20.234916583281993,85.78731110629033,2026-09-01T03:00,26.5,83,10.9,0.0,30.6
W66,South-West Zone,11707,20.234916583281993,85.78731110629033,2026-09-01T04:00,26.2,85,10.0,0.0,30.6
W66,South-West Zone,11707,20.234916583281993,85.78731110629033,2026-09-01T05:00,26.3,86,9.9,0.0,30.7
W66,South-West Zone,11707,20.234916583281993,85.78731110629033,2026-09-01T06:00,26.8,84,10.5,24.0,31.2
W66,South-West Zone,11707,20.234916583281993,85.78731110629033,2026-09-01T07:00,27.5,81,11.0,104.0,31.9
W66,South-West Zone,11707,20.234916583281993,85.78731110629033,2026-09-01T08:00,28.1,78,11.5,181.0,32.5
W66,South-West Zone,11707,20.234916583281993,85.78731110629033,2026-09-01T09:00,28.4,77,11.6,238.0,32.8
W66,South-West Zone,11707,20.234916583281993,85.78731110629033,2026-09-01T10:00,28.6,76,12.7,292.0,32.9
W66,South-West Zone,11707,20.234916583281993,85.78731110629033,2026-09-01T11:00,28.8,76,14.0,334.0,32.9
W66,South-West Zone,11707,20.234916583281993,85.78731110629033,2026-09-01T12:00,29.2,74,14.8,340.0,33.2
W66,South-West Zone,11707,20.234916583281993,85.78731110629033,2026-09-01T13:00,29.6,72,15.2,360.0,33.4
W66,South-West Zone,11707,20.234916583281993,85.78731110629033,2026-09-01T14:00,29.8,71,14.8,363.0,33.7
W66,South-West Zone,11707,20.234916583281993,85.78731110629033,2026-09-01T15:00,29.5,74,13.2,394.0,34.0
W66,South-West Zone,11707,20.234916583281993,85.78731110629033,2026-09-01T16:00,29.0,80,10.9,270.0,34.2
W66,South-West Zone,11707,20.234916583281993,85.78731110629033,2026-09-01T17:00,28.4,84,9.3,115.0,34.1
W66,South-West Zone,11707,20.234916583281993,85.78731110629033,2026-09-01T18:00,27.8,86,8.1,6.0,33.6
W66,South-West Zone,11707,20.234916583281993,85.78731110629033,2026-09-01T19:00,27.2,88,7.2,0.0,32.8
W66,South-West Zone,11707,20.234916583281993,85.78731110629033,2026-09-01T20:00,26.7,89,7.0,0.0,32.1
W66,South-West Zone,11707,20.234916583281993,85.78731110629033,2026-09-01T21:00,26.5,90,7.8,0.0,31.9
W66,South-West Zone,11707,20.234916583281993,85.78731110629033,2026-09-01T22:00,26.5,91,9.3,0.0,31.7
W66,South-West Zone,11707,20.234916583281993,85.78731110629033,2026-09-01T23:00,26.5,91,10.2,0.0,31.6
W62,South-West Zone,10979,20.240894248938258,85.80410680024775,2026-08-28T00:00,26.9,95,9.0,0.0,32.9
W62,South-West Zone,10979,20.240894248938258,85.80410680024775,2026-08-28T01:00,26.9,95,10.7,0.0,32.7
W62,South-West Zone,10979,20.240894248938258,85.80410680024775,2026-08-28T02:00,26.9,93,12.0,0.0,32.3
W62,South-West Zone,10979,20.240894248938258,85.80410680024775,2026-08-28T03:00,26.5,92,12.4,0.0,31.5
W62,South-West Zone,10979,20.240894248938258,85.80410680024775,2026-08-28T04:00,26.3,91,11.4,0.0,31.1
W62,South-West Zone,10979,20.240894248938258,85.80410680024775,2026-08-28T05:00,26.3,90,11.1,0.0,31.0
W62,South-West Zone,10979,20.240894248938258,85.80410680024775,2026-08-28T06:00,26.9,88,11.1,42.0,31.7
W62,South-West Zone,10979,20.240894248938258,85.80410680024775,2026-08-28T07:00,28.3,82,13.0,212.0,33.1
W62,South-West Zone,10979,20.240894248938258,85.80410680024775,2026-08-28T08:00,29.5,77,16.0,416.0,33.9
W62,South-West Zone,10979,20.240894248938258,85.80410680024775,2026-08-28T09:00,30.5,74,15.7,616.0,35.5
W62,South-West Zone,10979,20.240894248938258,85.80410680024775,2026-08-28T10:00,31.3,73,13.5,708.0,37.5
W62,South-West Zone,10979,20.240894248938258,85.80410680024775,2026-08-28T11:00,31.6,71,11.5,738.0,38.1
W62,South-West Zone,10979,20.240894248938258,85.80410680024775,2026-08-28T12:00,28.8,85,13.5,469.0,34.3
W62,South-West Zone,10979,20.240894248938258,85.80410680024775,2026-08-28T13:00,29.2,83,7.0,451.0,35.7
W62,South-West Zone,10979,20.240894248938258,85.80410680024775,2026-08-28T14:00,30.0,84,5.3,346.0,37.3
W62,South-West Zone,10979,20.240894248938258,85.80410680024775,2026-08-28T15:00,29.4,88,4.6,297.0,36.9
W62,South-West Zone,10979,20.240894248938258,85.80410680024775,2026-08-28T16:00,26.9,92,8.7,171.0,32.6
W62,South-West Zone,10979,20.240894248938258,85.80410680024775,2026-08-28T17:00,26.7,94,0.4,61.0,33.8
W62,South-West Zone,10979,20.240894248938258,85.80410680024775,2026-08-28T18:00,26.8,95,4.6,6.0,33.5
W62,South-West Zone,10979,20.240894248938258,85.80410680024775,2026-08-28T19:00,26.5,97,8.5,0.0,32.6
W62,South-West Zone,10979,20.240894248938258,85.80410680024775,2026-08-28T20:00,26.2,97,8.8,0.0,32.1
W62,South-West Zone,10979,20.240894248938258,85.80410680024775,2026-08-28T21:00,26.1,97,8.7,0.0,31.9
W62,South-West Zone,10979,20.240894248938258,85.80410680024775,2026-08-28T22:00,26.0,97,9.5,0.0,31.7
W62,South-West Zone,10979,20.240894248938258,85.80410680024775,2026-08-28T23:00,26.1,97,8.7,0.0,31.9
W62,South-West Zone,10979,20.240894248938258,85.80410680024775,2026-08-29T00:00,26.2,97,8.8,0.0,32.0
W62,South-West Zone,10979,20.240894248938258,85.80410680024775,2026-08-29T01:00,26.2,96,8.3,0.0,32.1
W62,South-West Zone,10979,20.240894248938258,85.80410680024775,2026-08-29T02:00,26.3,96,8.7,0.0,32.1
W62,South-West Zone,10979,20.240894248938258,85.80410680024775,2026-08-29T03:00,25.2,98,11.7,0.0,30.1
W62,South-West Zone,10979,20.240894248938258,85.80410680024775,2026-08-29T04:00,25.5,98,9.7,0.0,30.8
W62,South-West Zone,10979,20.240894248938258,85.80410680024775,2026-08-29T05:00,25.7,97,10.1,0.0,31.1
W62,South-West Zone,10979,20.240894248938258,85.80410680024775,2026-08-29T06:00,26.2,98,8.6,28.0,32.1
W62,South-West Zone,10979,20.240894248938258,85.80410680024775,2026-08-29T07:00,26.9,97,6.8,106.0,33.6
W62,South-West Zone,10979,20.240894248938258,85.80410680024775,2026-08-29T08:00,28.2,92,7.8,250.0,34.9
W62,South-West Zone,10979,20.240894248938258,85.80410680024775,2026-08-29T09:00,29.4,83,9.4,428.0,35.6
W62,South-West Zone,10979,20.240894248938258,85.80410680024775,2026-08-29T10:00,29.8,82,9.3,419.0,36.0
W62,South-West Zone,10979,20.240894248938258,85.80410680024775,2026-08-29T11:00,29.7,80,10.1,309.0,35.5
W62,South-West Zone,10979,20.240894248938258,85.80410680024775,2026-08-29T12:00,29.9,78,11.3,323.0,35.4
W62,South-West Zone,10979,20.240894248938258,85.80410680024775,2026-08-29T13:00,30.2,76,11.7,333.0,35.5
W62,South-West Zone,10979,20.240894248938258,85.80410680024775,2026-08-29T14:00,30.2,77,9.6,258.0,36.0
W62,South-West Zone,10979,20.240894248938258,85.80410680024775,2026-08-29T15:00,30.3,77,9.5,240.0,36.1
W62,South-West Zone,10979,20.240894248938258,85.80410680024775,2026-08-29T16:00,29.2,85,9.0,113.0,35.6
W62,South-West Zone,10979,20.240894248938258,85.80410680024775,2026-08-29T17:00,27.1,95,7.2,53.0,33.6
W62,South-West Zone,10979,20.240894248938258,85.80410680024775,2026-08-29T18:00,26.8,97,10.2,1.0,32.9
W62,South-West Zone,10979,20.240894248938258,85.80410680024775,2026-08-29T19:00,26.7,97,8.2,0.0,33.0
W62,South-West Zone,10979,20.240894248938258,85.80410680024775,2026-08-29T20:00,26.4,97,8.8,0.0,32.4
W62,South-West Zone,10979,20.240894248938258,85.80410680024775,2026-08-29T21:00,26.3,97,7.8,0.0,32.4
W62,South-West Zone,10979,20.240894248938258,85.80410680024775,2026-08-29T22:00,26.1,97,8.3,0.0,32.0
W62,South-West Zone,10979,20.240894248938258,85.80410680024775,2026-08-29T23:00,24.9,99,12.5,0.0,29.7
W62,South-West Zone,10979,20.240894248938258,85.80410680024775,2026-08-30T00:00,25.1,99,8.3,0.0,30.6
W62,South-West Zone,10979,20.240894248938258,85.80410680024775,2026-08-30T01:00,25.4,99,9.6,0.0,30.7
W62,South-West Zone,10979,20.240894248938258,85.80410680024775,2026-08-30T02:00,25.6,98,9.7,0.0,31.1
W62,South-West Zone,10979,20.240894248938258,85.80410680024775,2026-08-30T03:00,25.8,97,9.8,0.0,31.3
W62,South-West Zone,10979,20.240894248938258,85.80410680024775,2026-08-30T04:00,25.8,97,8.1,0.0,31.5
W62,South-West Zone,10979,20.240894248938258,85.80410680024775,2026-08-30T05:00,25.7,99,9.0,0.0,31.3
W62,South-West Zone,10979,20.240894248938258,85.80410680024775,2026-08-30T06:00,25.8,98,7.9,18.0,31.7
W62,South-West Zone,10979,20.240894248938258,85.80410680024775,2026-08-30T07:00,26.3,95,8.3,63.0,32.1
W62,South-West Zone,10979,20.240894248938258,85.80410680024775,2026-08-30T08:00,26.2,95,9.7,116.0,31.8
W62,South-West Zone,10979,20.240894248938258,85.80410680024775,2026-08-30T09:00,26.1,93,7.8,155.0,31.5
W62,South-West Zone,10979,20.240894248938258,85.80410680024775,2026-08-30T10:00,26.9,93,7.2,197.0,33.0
W62,South-West Zone,10979,20.240894248938258,85.80410680024775,2026-08-30T11:00,26.8,93,8.5,156.0,32.6
W62,South-West Zone,10979,20.240894248938258,85.80410680024775,2026-08-30T12:00,28.0,89,7.9,345.0,34.1
W62,South-West Zone,10979,20.240894248938258,85.80410680024775,2026-08-30T13:00,29.0,83,10.7,334.0,34.7
W62,South-West Zone,10979,20.240894248938258,85.80410680024775,2026-08-30T14:00,29.6,79,12.1,389.0,34.8
W62,South-West Zone,10979,20.240894248938258,85.80410680024775,2026-08-30T15:00,29.9,76,13.0,333.0,34.9
W62,South-West Zone,10979,20.240894248938258,85.80410680024775,2026-08-30T16:00,29.6,78,12.7,221.0,34.6
W62,South-West Zone,10979,20.240894248938258,85.80410680024775,2026-08-30T17:00,29.0,81,9.0,110.0,34.7
W62,South-West Zone,10979,20.240894248938258,85.80410680024775,2026-08-30T18:00,28.1,85,8.2,10.0,33.9
W62,South-West Zone,10979,20.240894248938258,85.80410680024775,2026-08-30T19:00,27.9,86,8.3,0.0,33.7
W62,South-West Zone,10979,20.240894248938258,85.80410680024775,2026-08-30T20:00,27.1,88,6.2,0.0,32.9
W62,South-West Zone,10979,20.240894248938258,85.80410680024775,2026-08-30T21:00,26.7,93,5.5,0.0,33.0
W62,South-West Zone,10979,20.240894248938258,85.80410680024775,2026-08-30T22:00,26.4,95,5.1,0.0,32.7
W62,South-West Zone,10979,20.240894248938258,85.80410680024775,2026-08-30T23:00,26.2,96,8.0,0.0,32.0
W62,South-West Zone,10979,20.240894248938258,85.80410680024775,2026-08-31T00:00,26.0,95,11.5,0.0,31.0
W62,South-West Zone,10979,20.240894248938258,85.80410680024775,2026-08-31T01:00,25.7,94,11.3,0.0,30.5
W62,South-West Zone,10979,20.240894248938258,85.80410680024775,2026-08-31T02:00,25.4,94,10.8,0.0,30.1
W62,South-West Zone,10979,20.240894248938258,85.80410680024775,2026-08-31T03:00,25.4,94,10.2,0.0,30.1
W62,South-West Zone,10979,20.240894248938258,85.80410680024775,2026-08-31T04:00,25.5,92,10.1,0.0,30.2
W62,South-West Zone,10979,20.240894248938258,85.80410680024775,2026-08-31T05:00,25.5,92,9.0,0.0,30.3
W62,South-West Zone,10979,20.240894248938258,85.80410680024775,2026-08-31T06:00,25.7,92,8.5,19.0,30.7
W62,South-West Zone,10979,20.240894248938258,85.80410680024775,2026-08-31T07:00,26.5,88,9.2,100.0,31.5
W62,South-West Zone,10979,20.240894248938258,85.80410680024775,2026-08-31T08:00,27.1,86,9.3,159.0,32.3
W62,South-West Zone,10979,20.240894248938258,85.80410680024775,2026-08-31T09:00,27.5,85,12.4,239.0,32.2
W62,South-West Zone,10979,20.240894248938258,85.80410680024775,2026-08-31T10:00,28.0,82,16.6,418.0,31.9
W62,South-West Zone,10979,20.240894248938258,85.80410680024775,2026-08-31T11:00,28.3,79,15.4,306.0,32.3
W62,South-West Zone,10979,20.240894248938258,85.80410680024775,2026-08-31T12:00,29.0,76,16.6,446.0,32.8
W62,South-West Zone,10979,20.240894248938258,85.80410680024775,2026-08-31T13:00,29.7,72,17.3,469.0,33.3
W62,South-West Zone,10979,20.240894248938258,85.80410680024775,2026-08-31T14:00,30.1,70,17.4,456.0,33.7
W62,South-West Zone,10979,20.240894248938258,85.80410680024775,2026-08-31T15:00,29.9,71,16.8,437.0,33.6
W62,South-West Zone,10979,20.240894248938258,85.80410680024775,2026-08-31T16:00,29.3,74,15.7,304.0,33.2
W62,South-West Zone,10979,20.240894248938258,85.80410680024775,2026-08-31T17:00,28.8,76,14.8,138.0,32.8
W62,South-West Zone,10979,20.240894248938258,85.80410680024775,2026-08-31T18:00,28.4,78,13.7,9.0,32.5
W62,South-West Zone,10979,20.240894248938258,85.80410680024775,2026-08-31T19:00,28.0,79,12.4,0.0,32.2
W62,South-West Zone,10979,20.240894248938258,85.80410680024775,2026-08-31T20:00,27.6,80,11.4,0.0,31.9
W62,South-West Zone,10979,20.240894248938258,85.80410680024775,2026-08-31T21:00,27.2,82,10.1,0.0,31.7
W62,South-West Zone,10979,20.240894248938258,85.80410680024775,2026-08-31T22:00,26.9,84,9.1,0.0,31.6
W62,South-West Zone,10979,20.240894248938258,85.80410680024775,2026-08-31T23:00,26.6,85,9.0,0.0,31.3
W62,South-West Zone,10979,20.240894248938258,85.80410680024775,2026-09-01T00:00,26.6,84,9.8,0.0,31.0
W62,South-West Zone,10979,20.240894248938258,85.80410680024775,2026-09-01T01:00,26.6,83,11.2,0.0,30.7
W62,South-West Zone,10979,20.240894248938258,85.80410680024775,2026-09-01T02:00,26.6,82,11.7,0.0,30.6
W62,South-West Zone,10979,20.240894248938258,85.80410680024775,2026-09-01T03:00,26.5,83,10.9,0.0,30.6
W62,South-West Zone,10979,20.240894248938258,85.80410680024775,2026-09-01T04:00,26.2,85,10.0,0.0,30.6
W62,South-West Zone,10979,20.240894248938258,85.80410680024775,2026-09-01T05:00,26.3,86,9.9,0.0,30.7
W62,South-West Zone,10979,20.240894248938258,85.80410680024775,2026-09-01T06:00,26.8,84,10.5,24.0,31.2
W62,South-West Zone,10979,20.240894248938258,85.80410680024775,2026-09-01T07:00,27.5,81,11.0,104.0,31.9
W62,South-West Zone,10979,20.240894248938258,85.80410680024775,2026-09-01T08:00,28.1,78,11.5,181.0,32.5
W62,South-West Zone,10979,20.240894248938258,85.80410680024775,2026-09-01T09:00,28.4,77,11.6,238.0,32.8
W62,South-West Zone,10979,20.240894248938258,85.80410680024775,2026-09-01T10:00,28.6,76,12.7,292.0,32.9
W62,South-West Zone,10979,20.240894248938258,85.80410680024775,2026-09-01T11:00,28.8,76,14.0,334.0,32.9
W62,South-West Zone,10979,20.240894248938258,85.80410680024775,2026-09-01T12:00,29.2,74,14.8,340.0,33.2
W62,South-West Zone,10979,20.240894248938258,85.80410680024775,2026-09-01T13:00,29.6,72,15.2,360.0,33.4
W62,South-West Zone,10979,20.240894248938258,85.80410680024775,2026-09-01T14:00,29.8,71,14.8,363.0,33.7
W62,South-West Zone,10979,20.240894248938258,85.80410680024775,2026-09-01T15:00,29.5,74,13.2,394.0,34.0
W62,South-West Zone,10979,20.240894248938258,85.80410680024775,2026-09-01T16:00,29.0,80,10.9,270.0,34.2
W62,South-West Zone,10979,20.240894248938258,85.80410680024775,2026-09-01T17:00,28.4,84,9.3,115.0,34.1
W62,South-West Zone,10979,20.240894248938258,85.80410680024775,2026-09-01T18:00,27.8,86,8.1,6.0,33.6
W62,South-West Zone,10979,20.240894248938258,85.80410680024775,2026-09-01T19:00,27.2,88,7.2,0.0,32.8
W62,South-West Zone,10979,20.240894248938258,85.80410680024775,2026-09-01T20:00,26.7,89,7.0,0.0,32.1
W62,South-West Zone,10979,20.240894248938258,85.80410680024775,2026-09-01T21:00,26.5,90,7.8,0.0,31.9
W62,South-West Zone,10979,20.240894248938258,85.80410680024775,2026-09-01T22:00,26.5,91,9.3,0.0,31.7
W62,South-West Zone,10979,20.240894248938258,85.80410680024775,2026-09-01T23:00,26.5,91,10.2,0.0,31.6
W58,South-East Zone,11998,20.234701125523234,85.84693944495584,2026-08-28T00:00,26.9,95,9.0,0.0,32.9
W58,South-East Zone,11998,20.234701125523234,85.84693944495584,2026-08-28T01:00,26.9,95,10.7,0.0,32.7
W58,South-East Zone,11998,20.234701125523234,85.84693944495584,2026-08-28T02:00,26.9,93,12.0,0.0,32.3
W58,South-East Zone,11998,20.234701125523234,85.84693944495584,2026-08-28T03:00,26.5,92,12.4,0.0,31.5
W58,South-East Zone,11998,20.234701125523234,85.84693944495584,2026-08-28T04:00,26.3,91,11.4,0.0,31.1
W58,South-East Zone,11998,20.234701125523234,85.84693944495584,2026-08-28T05:00,26.3,90,11.1,0.0,31.0
W58,South-East Zone,11998,20.234701125523234,85.84693944495584,2026-08-28T06:00,26.9,88,11.1,42.0,31.7
W58,South-East Zone,11998,20.234701125523234,85.84693944495584,2026-08-28T07:00,28.3,82,13.0,212.0,33.1
W58,South-East Zone,11998,20.234701125523234,85.84693944495584,2026-08-28T08:00,29.5,77,16.0,416.0,33.9
W58,South-East Zone,11998,20.234701125523234,85.84693944495584,2026-08-28T09:00,30.5,74,15.7,616.0,35.5
W58,South-East Zone,11998,20.234701125523234,85.84693944495584,2026-08-28T10:00,31.3,73,13.5,708.0,37.5
W58,South-East Zone,11998,20.234701125523234,85.84693944495584,2026-08-28T11:00,31.6,71,11.5,738.0,38.1
W58,South-East Zone,11998,20.234701125523234,85.84693944495584,2026-08-28T12:00,28.8,85,13.5,469.0,34.3
W58,South-East Zone,11998,20.234701125523234,85.84693944495584,2026-08-28T13:00,29.2,83,7.0,451.0,35.7
W58,South-East Zone,11998,20.234701125523234,85.84693944495584,2026-08-28T14:00,30.0,84,5.3,346.0,37.3
W58,South-East Zone,11998,20.234701125523234,85.84693944495584,2026-08-28T15:00,29.4,88,4.6,297.0,36.9
W58,South-East Zone,11998,20.234701125523234,85.84693944495584,2026-08-28T16:00,26.9,92,8.7,171.0,32.6
W58,South-East Zone,11998,20.234701125523234,85.84693944495584,2026-08-28T17:00,26.7,94,0.4,61.0,33.8
W58,South-East Zone,11998,20.234701125523234,85.84693944495584,2026-08-28T18:00,26.8,95,4.6,6.0,33.5
W58,South-East Zone,11998,20.234701125523234,85.84693944495584,2026-08-28T19:00,26.5,97,8.5,0.0,32.6
W58,South-East Zone,11998,20.234701125523234,85.84693944495584,2026-08-28T20:00,26.2,97,8.8,0.0,32.1
W58,South-East Zone,11998,20.234701125523234,85.84693944495584,2026-08-28T21:00,26.1,97,8.7,0.0,31.9
W58,South-East Zone,11998,20.234701125523234,85.84693944495584,2026-08-28T22:00,26.0,97,9.5,0.0,31.7
W58,South-East Zone,11998,20.234701125523234,85.84693944495584,2026-08-28T23:00,26.1,97,8.7,0.0,31.9
W58,South-East Zone,11998,20.234701125523234,85.84693944495584,2026-08-29T00:00,26.2,97,8.8,0.0,32.0
W58,South-East Zone,11998,20.234701125523234,85.84693944495584,2026-08-29T01:00,26.2,96,8.3,0.0,32.1
W58,South-East Zone,11998,20.234701125523234,85.84693944495584,2026-08-29T02:00,26.3,96,8.7,0.0,32.1
W58,South-East Zone,11998,20.234701125523234,85.84693944495584,2026-08-29T03:00,25.2,98,11.7,0.0,30.1
W58,South-East Zone,11998,20.234701125523234,85.84693944495584,2026-08-29T04:00,25.5,98,9.7,0.0,30.8
W58,South-East Zone,11998,20.234701125523234,85.84693944495584,2026-08-29T05:00,25.7,97,10.1,0.0,31.1
W58,South-East Zone,11998,20.234701125523234,85.84693944495584,2026-08-29T06:00,26.2,98,8.6,28.0,32.1
W58,South-East Zone,11998,20.234701125523234,85.84693944495584,2026-08-29T07:00,26.9,97,6.8,106.0,33.6
W58,South-East Zone,11998,20.234701125523234,85.84693944495584,2026-08-29T08:00,28.2,92,7.8,250.0,34.9
W58,South-East Zone,11998,20.234701125523234,85.84693944495584,2026-08-29T09:00,29.4,83,9.4,428.0,35.6
W58,South-East Zone,11998,20.234701125523234,85.84693944495584,2026-08-29T10:00,29.8,82,9.3,419.0,36.0
W58,South-East Zone,11998,20.234701125523234,85.84693944495584,2026-08-29T11:00,29.7,80,10.1,309.0,35.5
W58,South-East Zone,11998,20.234701125523234,85.84693944495584,2026-08-29T12:00,29.9,78,11.3,323.0,35.4
W58,South-East Zone,11998,20.234701125523234,85.84693944495584,2026-08-29T13:00,30.2,76,11.7,333.0,35.5
W58,South-East Zone,11998,20.234701125523234,85.84693944495584,2026-08-29T14:00,30.2,77,9.6,258.0,36.0
W58,South-East Zone,11998,20.234701125523234,85.84693944495584,2026-08-29T15:00,30.3,77,9.5,240.0,36.1
W58,South-East Zone,11998,20.234701125523234,85.84693944495584,2026-08-29T16:00,29.2,85,9.0,113.0,35.6
W58,South-East Zone,11998,20.234701125523234,85.84693944495584,2026-08-29T17:00,27.1,95,7.2,53.0,33.6
W58,South-East Zone,11998,20.234701125523234,85.84693944495584,2026-08-29T18:00,26.8,97,10.2,1.0,32.9
W58,South-East Zone,11998,20.234701125523234,85.84693944495584,2026-08-29T19:00,26.7,97,8.2,0.0,33.0
W58,South-East Zone,11998,20.234701125523234,85.84693944495584,2026-08-29T20:00,26.4,97,8.8,0.0,32.4
W58,South-East Zone,11998,20.234701125523234,85.84693944495584,2026-08-29T21:00,26.3,97,7.8,0.0,32.4
W58,South-East Zone,11998,20.234701125523234,85.84693944495584,2026-08-29T22:00,26.1,97,8.3,0.0,32.0
W58,South-East Zone,11998,20.234701125523234,85.84693944495584,2026-08-29T23:00,24.9,99,12.5,0.0,29.7
W58,South-East Zone,11998,20.234701125523234,85.84693944495584,2026-08-30T00:00,25.1,99,8.3,0.0,30.6
W58,South-East Zone,11998,20.234701125523234,85.84693944495584,2026-08-30T01:00,25.4,99,9.6,0.0,30.7
W58,South-East Zone,11998,20.234701125523234,85.84693944495584,2026-08-30T02:00,25.6,98,9.7,0.0,31.1
W58,South-East Zone,11998,20.234701125523234,85.84693944495584,2026-08-30T03:00,25.8,97,9.8,0.0,31.3
W58,South-East Zone,11998,20.234701125523234,85.84693944495584,2026-08-30T04:00,25.8,97,8.1,0.0,31.5
W58,South-East Zone,11998,20.234701125523234,85.84693944495584,2026-08-30T05:00,25.7,99,9.0,0.0,31.3
W58,South-East Zone,11998,20.234701125523234,85.84693944495584,2026-08-30T06:00,25.8,98,7.9,18.0,31.7
W58,South-East Zone,11998,20.234701125523234,85.84693944495584,2026-08-30T07:00,26.3,95,8.3,63.0,32.1
W58,South-East Zone,11998,20.234701125523234,85.84693944495584,2026-08-30T08:00,26.2,95,9.7,116.0,31.8
W58,South-East Zone,11998,20.234701125523234,85.84693944495584,2026-08-30T09:00,26.1,93,7.8,155.0,31.5
W58,South-East Zone,11998,20.234701125523234,85.84693944495584,2026-08-30T10:00,26.9,93,7.2,197.0,33.0
W58,South-East Zone,11998,20.234701125523234,85.84693944495584,2026-08-30T11:00,26.8,93,8.5,156.0,32.6
W58,South-East Zone,11998,20.234701125523234,85.84693944495584,2026-08-30T12:00,28.0,89,7.9,345.0,34.1
W58,South-East Zone,11998,20.234701125523234,85.84693944495584,2026-08-30T13:00,29.0,83,10.7,334.0,34.7
W58,South-East Zone,11998,20.234701125523234,85.84693944495584,2026-08-30T14:00,29.6,79,12.1,389.0,34.8
W58,South-East Zone,11998,20.234701125523234,85.84693944495584,2026-08-30T15:00,29.9,76,13.0,333.0,34.9
W58,South-East Zone,11998,20.234701125523234,85.84693944495584,2026-08-30T16:00,29.6,78,12.7,221.0,34.6
W58,South-East Zone,11998,20.234701125523234,85.84693944495584,2026-08-30T17:00,29.0,81,9.0,110.0,34.7
W58,South-East Zone,11998,20.234701125523234,85.84693944495584,2026-08-30T18:00,28.1,85,8.2,10.0,33.9
W58,South-East Zone,11998,20.234701125523234,85.84693944495584,2026-08-30T19:00,27.9,86,8.3,0.0,33.7
W58,South-East Zone,11998,20.234701125523234,85.84693944495584,2026-08-30T20:00,27.1,88,6.2,0.0,32.9
W58,South-East Zone,11998,20.234701125523234,85.84693944495584,2026-08-30T21:00,26.7,93,5.5,0.0,33.0
W58,South-East Zone,11998,20.234701125523234,85.84693944495584,2026-08-30T22:00,26.4,95,5.1,0.0,32.7
W58,South-East Zone,11998,20.234701125523234,85.84693944495584,2026-08-30T23:00,26.2,96,8.0,0.0,32.0
W58,South-East Zone,11998,20.234701125523234,85.84693944495584,2026-08-31T00:00,26.0,95,11.5,0.0,31.0
W58,South-East Zone,11998,20.234701125523234,85.84693944495584,2026-08-31T01:00,25.7,94,11.3,0.0,30.5
W58,South-East Zone,11998,20.234701125523234,85.84693944495584,2026-08-31T02:00,25.4,94,10.8,0.0,30.1
W58,South-East Zone,11998,20.234701125523234,85.84693944495584,2026-08-31T03:00,25.4,94,10.2,0.0,30.1
W58,South-East Zone,11998,20.234701125523234,85.84693944495584,2026-08-31T04:00,25.5,92,10.1,0.0,30.2
W58,South-East Zone,11998,20.234701125523234,85.84693944495584,2026-08-31T05:00,25.5,92,9.0,0.0,30.3
W58,South-East Zone,11998,20.234701125523234,85.84693944495584,2026-08-31T06:00,25.7,92,8.5,19.0,30.7
W58,South-East Zone,11998,20.234701125523234,85.84693944495584,2026-08-31T07:00,26.5,88,9.2,100.0,31.5
W58,South-East Zone,11998,20.234701125523234,85.84693944495584,2026-08-31T08:00,27.1,86,9.3,159.0,32.3
W58,South-East Zone,11998,20.234701125523234,85.84693944495584,2026-08-31T09:00,27.5,85,12.4,239.0,32.2
W58,South-East Zone,11998,20.234701125523234,85.84693944495584,2026-08-31T10:00,28.0,82,16.6,418.0,31.9
W58,South-East Zone,11998,20.234701125523234,85.84693944495584,2026-08-31T11:00,28.3,79,15.4,306.0,32.3
W58,South-East Zone,11998,20.234701125523234,85.84693944495584,2026-08-31T12:00,29.0,76,16.6,446.0,32.8
W58,South-East Zone,11998,20.234701125523234,85.84693944495584,2026-08-31T13:00,29.7,72,17.3,469.0,33.3
W58,South-East Zone,11998,20.234701125523234,85.84693944495584,2026-08-31T14:00,30.1,70,17.4,456.0,33.7
W58,South-East Zone,11998,20.234701125523234,85.84693944495584,2026-08-31T15:00,29.9,71,16.8,437.0,33.6
W58,South-East Zone,11998,20.234701125523234,85.84693944495584,2026-08-31T16:00,29.3,74,15.7,304.0,33.2
W58,South-East Zone,11998,20.234701125523234,85.84693944495584,2026-08-31T17:00,28.8,76,14.8,138.0,32.8
W58,South-East Zone,11998,20.234701125523234,85.84693944495584,2026-08-31T18:00,28.4,78,13.7,9.0,32.5
W58,South-East Zone,11998,20.234701125523234,85.84693944495584,2026-08-31T19:00,28.0,79,12.4,0.0,32.2
W58,South-East Zone,11998,20.234701125523234,85.84693944495584,2026-08-31T20:00,27.6,80,11.4,0.0,31.9
W58,South-East Zone,11998,20.234701125523234,85.84693944495584,2026-08-31T21:00,27.2,82,10.1,0.0,31.7
W58,South-East Zone,11998,20.234701125523234,85.84693944495584,2026-08-31T22:00,26.9,84,9.1,0.0,31.6
W58,South-East Zone,11998,20.234701125523234,85.84693944495584,2026-08-31T23:00,26.6,85,9.0,0.0,31.3
W58,South-East Zone,11998,20.234701125523234,85.84693944495584,2026-09-01T00:00,26.6,84,9.8,0.0,31.0
W58,South-East Zone,11998,20.234701125523234,85.84693944495584,2026-09-01T01:00,26.6,83,11.2,0.0,30.7
W58,South-East Zone,11998,20.234701125523234,85.84693944495584,2026-09-01T02:00,26.6,82,11.7,0.0,30.6
W58,South-East Zone,11998,20.234701125523234,85.84693944495584,2026-09-01T03:00,26.5,83,10.9,0.0,30.6
W58,South-East Zone,11998,20.234701125523234,85.84693944495584,2026-09-01T04:00,26.2,85,10.0,0.0,30.6
W58,South-East Zone,11998,20.234701125523234,85.84693944495584,2026-09-01T05:00,26.3,86,9.9,0.0,30.7
W58,South-East Zone,11998,20.234701125523234,85.84693944495584,2026-09-01T06:00,26.8,84,10.5,24.0,31.2
W58,South-East Zone,11998,20.234701125523234,85.84693944495584,2026-09-01T07:00,27.5,81,11.0,104.0,31.9
W58,South-East Zone,11998,20.234701125523234,85.84693944495584,2026-09-01T08:00,28.1,78,11.5,181.0,32.5
W58,South-East Zone,11998,20.234701125523234,85.84693944495584,2026-09-01T09:00,28.4,77,11.6,238.0,32.8
W58,South-East Zone,11998,20.234701125523234,85.84693944495584,2026-09-01T10:00,28.6,76,12.7,292.0,32.9
W58,South-East Zone,11998,20.234701125523234,85.84693944495584,2026-09-01T11:00,28.8,76,14.0,334.0,32.9
W58,South-East Zone,11998,20.234701125523234,85.84693944495584,2026-09-01T12:00,29.2,74,14.8,340.0,33.2
W58,South-East Zone,11998,20.234701125523234,85.84693944495584,2026-09-01T13:00,29.6,72,15.2,360.0,33.4
W58,South-East Zone,11998,20.234701125523234,85.84693944495584,2026-09-01T14:00,29.8,71,14.8,363.0,33.7
W58,South-East Zone,11998,20.234701125523234,85.84693944495584,2026-09-01T15:00,29.5,74,13.2,394.0,34.0
W58,South-East Zone,11998,20.234701125523234,85.84693944495584,2026-09-01T16:00,29.0,80,10.9,270.0,34.2
W58,South-East Zone,11998,20.234701125523234,85.84693944495584,2026-09-01T17:00,28.4,84,9.3,115.0,34.1
W58,South-East Zone,11998,20.234701125523234,85.84693944495584,2026-09-01T18:00,27.8,86,8.1,6.0,33.6
W58,South-East Zone,11998,20.234701125523234,85.84693944495584,2026-09-01T19:00,27.2,88,7.2,0.0,32.8
W58,South-East Zone,11998,20.234701125523234,85.84693944495584,2026-09-01T20:00,26.7,89,7.0,0.0,32.1
W58,South-East Zone,11998,20.234701125523234,85.84693944495584,2026-09-01T21:00,26.5,90,7.8,0.0,31.9
W58,South-East Zone,11998,20.234701125523234,85.84693944495584,2026-09-01T22:00,26.5,91,9.3,0.0,31.7
W58,South-East Zone,11998,20.234701125523234,85.84693944495584,2026-09-01T23:00,26.5,91,10.2,0.0,31.6
W59,South-East Zone,11426,20.22139398017645,85.83524902318727,2026-08-28T00:00,26.9,95,9.0,0.0,32.9
W59,South-East Zone,11426,20.22139398017645,85.83524902318727,2026-08-28T01:00,26.9,95,10.7,0.0,32.7
W59,South-East Zone,11426,20.22139398017645,85.83524902318727,2026-08-28T02:00,26.9,93,12.0,0.0,32.3
W59,South-East Zone,11426,20.22139398017645,85.83524902318727,2026-08-28T03:00,26.5,92,12.4,0.0,31.5
W59,South-East Zone,11426,20.22139398017645,85.83524902318727,2026-08-28T04:00,26.3,91,11.4,0.0,31.1
W59,South-East Zone,11426,20.22139398017645,85.83524902318727,2026-08-28T05:00,26.3,90,11.1,0.0,31.0
W59,South-East Zone,11426,20.22139398017645,85.83524902318727,2026-08-28T06:00,26.9,88,11.1,42.0,31.7
W59,South-East Zone,11426,20.22139398017645,85.83524902318727,2026-08-28T07:00,28.3,82,13.0,212.0,33.1
W59,South-East Zone,11426,20.22139398017645,85.83524902318727,2026-08-28T08:00,29.5,77,16.0,416.0,33.9
W59,South-East Zone,11426,20.22139398017645,85.83524902318727,2026-08-28T09:00,30.5,74,15.7,616.0,35.5
W59,South-East Zone,11426,20.22139398017645,85.83524902318727,2026-08-28T10:00,31.3,73,13.5,708.0,37.5
W59,South-East Zone,11426,20.22139398017645,85.83524902318727,2026-08-28T11:00,31.6,71,11.5,738.0,38.1
W59,South-East Zone,11426,20.22139398017645,85.83524902318727,2026-08-28T12:00,28.8,85,13.5,469.0,34.3
W59,South-East Zone,11426,20.22139398017645,85.83524902318727,2026-08-28T13:00,29.2,83,7.0,451.0,35.7
W59,South-East Zone,11426,20.22139398017645,85.83524902318727,2026-08-28T14:00,30.0,84,5.3,346.0,37.3
W59,South-East Zone,11426,20.22139398017645,85.83524902318727,2026-08-28T15:00,29.4,88,4.6,297.0,36.9
W59,South-East Zone,11426,20.22139398017645,85.83524902318727,2026-08-28T16:00,26.9,92,8.7,171.0,32.6
W59,South-East Zone,11426,20.22139398017645,85.83524902318727,2026-08-28T17:00,26.7,94,0.4,61.0,33.8
W59,South-East Zone,11426,20.22139398017645,85.83524902318727,2026-08-28T18:00,26.8,95,4.6,6.0,33.5
W59,South-East Zone,11426,20.22139398017645,85.83524902318727,2026-08-28T19:00,26.5,97,8.5,0.0,32.6
W59,South-East Zone,11426,20.22139398017645,85.83524902318727,2026-08-28T20:00,26.2,97,8.8,0.0,32.1
W59,South-East Zone,11426,20.22139398017645,85.83524902318727,2026-08-28T21:00,26.1,97,8.7,0.0,31.9
W59,South-East Zone,11426,20.22139398017645,85.83524902318727,2026-08-28T22:00,26.0,97,9.5,0.0,31.7
W59,South-East Zone,11426,20.22139398017645,85.83524902318727,2026-08-28T23:00,26.1,97,8.7,0.0,31.9
W59,South-East Zone,11426,20.22139398017645,85.83524902318727,2026-08-29T00:00,26.2,97,8.8,0.0,32.0
W59,South-East Zone,11426,20.22139398017645,85.83524902318727,2026-08-29T01:00,26.2,96,8.3,0.0,32.1
W59,South-East Zone,11426,20.22139398017645,85.83524902318727,2026-08-29T02:00,26.3,96,8.7,0.0,32.1
W59,South-East Zone,11426,20.22139398017645,85.83524902318727,2026-08-29T03:00,25.2,98,11.7,0.0,30.1
W59,South-East Zone,11426,20.22139398017645,85.83524902318727,2026-08-29T04:00,25.5,98,9.7,0.0,30.8
W59,South-East Zone,11426,20.22139398017645,85.83524902318727,2026-08-29T05:00,25.7,97,10.1,0.0,31.1
W59,South-East Zone,11426,20.22139398017645,85.83524902318727,2026-08-29T06:00,26.2,98,8.6,28.0,32.1
W59,South-East Zone,11426,20.22139398017645,85.83524902318727,2026-08-29T07:00,26.9,97,6.8,106.0,33.6
W59,South-East Zone,11426,20.22139398017645,85.83524902318727,2026-08-29T08:00,28.2,92,7.8,250.0,34.9
W59,South-East Zone,11426,20.22139398017645,85.83524902318727,2026-08-29T09:00,29.4,83,9.4,428.0,35.6
W59,South-East Zone,11426,20.22139398017645,85.83524902318727,2026-08-29T10:00,29.8,82,9.3,419.0,36.0
W59,South-East Zone,11426,20.22139398017645,85.83524902318727,2026-08-29T11:00,29.7,80,10.1,309.0,35.5
W59,South-East Zone,11426,20.22139398017645,85.83524902318727,2026-08-29T12:00,29.9,78,11.3,323.0,35.4
W59,South-East Zone,11426,20.22139398017645,85.83524902318727,2026-08-29T13:00,30.2,76,11.7,333.0,35.5
W59,South-East Zone,11426,20.22139398017645,85.83524902318727,2026-08-29T14:00,30.2,77,9.6,258.0,36.0
W59,South-East Zone,11426,20.22139398017645,85.83524902318727,2026-08-29T15:00,30.3,77,9.5,240.0,36.1
W59,South-East Zone,11426,20.22139398017645,85.83524902318727,2026-08-29T16:00,29.2,85,9.0,113.0,35.6
W59,South-East Zone,11426,20.22139398017645,85.83524902318727,2026-08-29T17:00,27.1,95,7.2,53.0,33.6
W59,South-East Zone,11426,20.22139398017645,85.83524902318727,2026-08-29T18:00,26.8,97,10.2,1.0,32.9
W59,South-East Zone,11426,20.22139398017645,85.83524902318727,2026-08-29T19:00,26.7,97,8.2,0.0,33.0
W59,South-East Zone,11426,20.22139398017645,85.83524902318727,2026-08-29T20:00,26.4,97,8.8,0.0,32.4
W59,South-East Zone,11426,20.22139398017645,85.83524902318727,2026-08-29T21:00,26.3,97,7.8,0.0,32.4
W59,South-East Zone,11426,20.22139398017645,85.83524902318727,2026-08-29T22:00,26.1,97,8.3,0.0,32.0
W59,South-East Zone,11426,20.22139398017645,85.83524902318727,2026-08-29T23:00,24.9,99,12.5,0.0,29.7
W59,South-East Zone,11426,20.22139398017645,85.83524902318727,2026-08-30T00:00,25.1,99,8.3,0.0,30.6
W59,South-East Zone,11426,20.22139398017645,85.83524902318727,2026-08-30T01:00,25.4,99,9.6,0.0,30.7
W59,South-East Zone,11426,20.22139398017645,85.83524902318727,2026-08-30T02:00,25.6,98,9.7,0.0,31.1
W59,South-East Zone,11426,20.22139398017645,85.83524902318727,2026-08-30T03:00,25.8,97,9.8,0.0,31.3
W59,South-East Zone,11426,20.22139398017645,85.83524902318727,2026-08-30T04:00,25.8,97,8.1,0.0,31.5
W59,South-East Zone,11426,20.22139398017645,85.83524902318727,2026-08-30T05:00,25.7,99,9.0,0.0,31.3
W59,South-East Zone,11426,20.22139398017645,85.83524902318727,2026-08-30T06:00,25.8,98,7.9,18.0,31.7
W59,South-East Zone,11426,20.22139398017645,85.83524902318727,2026-08-30T07:00,26.3,95,8.3,63.0,32.1
W59,South-East Zone,11426,20.22139398017645,85.83524902318727,2026-08-30T08:00,26.2,95,9.7,116.0,31.8
W59,South-East Zone,11426,20.22139398017645,85.83524902318727,2026-08-30T09:00,26.1,93,7.8,155.0,31.5
W59,South-East Zone,11426,20.22139398017645,85.83524902318727,2026-08-30T10:00,26.9,93,7.2,197.0,33.0
W59,South-East Zone,11426,20.22139398017645,85.83524902318727,2026-08-30T11:00,26.8,93,8.5,156.0,32.6
W59,South-East Zone,11426,20.22139398017645,85.83524902318727,2026-08-30T12:00,28.0,89,7.9,345.0,34.1
W59,South-East Zone,11426,20.22139398017645,85.83524902318727,2026-08-30T13:00,29.0,83,10.7,334.0,34.7
W59,South-East Zone,11426,20.22139398017645,85.83524902318727,2026-08-30T14:00,29.6,79,12.1,389.0,34.8
W59,South-East Zone,11426,20.22139398017645,85.83524902318727,2026-08-30T15:00,29.9,76,13.0,333.0,34.9
W59,South-East Zone,11426,20.22139398017645,85.83524902318727,2026-08-30T16:00,29.6,78,12.7,221.0,34.6
W59,South-East Zone,11426,20.22139398017645,85.83524902318727,2026-08-30T17:00,29.0,81,9.0,110.0,34.7
W59,South-East Zone,11426,20.22139398017645,85.83524902318727,2026-08-30T18:00,28.1,85,8.2,10.0,33.9
W59,South-East Zone,11426,20.22139398017645,85.83524902318727,2026-08-30T19:00,27.9,86,8.3,0.0,33.7
W59,South-East Zone,11426,20.22139398017645,85.83524902318727,2026-08-30T20:00,27.1,88,6.2,0.0,32.9
W59,South-East Zone,11426,20.22139398017645,85.83524902318727,2026-08-30T21:00,26.7,93,5.5,0.0,33.0
W59,South-East Zone,11426,20.22139398017645,85.83524902318727,2026-08-30T22:00,26.4,95,5.1,0.0,32.7
W59,South-East Zone,11426,20.22139398017645,85.83524902318727,2026-08-30T23:00,26.2,96,8.0,0.0,32.0
W59,South-East Zone,11426,20.22139398017645,85.83524902318727,2026-08-31T00:00,26.0,95,11.5,0.0,31.0
W59,South-East Zone,11426,20.22139398017645,85.83524902318727,2026-08-31T01:00,25.7,94,11.3,0.0,30.5
W59,South-East Zone,11426,20.22139398017645,85.83524902318727,2026-08-31T02:00,25.4,94,10.8,0.0,30.1
W59,South-East Zone,11426,20.22139398017645,85.83524902318727,2026-08-31T03:00,25.4,94,10.2,0.0,30.1
W59,South-East Zone,11426,20.22139398017645,85.83524902318727,2026-08-31T04:00,25.5,92,10.1,0.0,30.2
W59,South-East Zone,11426,20.22139398017645,85.83524902318727,2026-08-31T05:00,25.5,92,9.0,0.0,30.3
W59,South-East Zone,11426,20.22139398017645,85.83524902318727,2026-08-31T06:00,25.7,92,8.5,19.0,30.7
W59,South-East Zone,11426,20.22139398017645,85.83524902318727,2026-08-31T07:00,26.5,88,9.2,100.0,31.5
W59,South-East Zone,11426,20.22139398017645,85.83524902318727,2026-08-31T08:00,27.1,86,9.3,159.0,32.3
W59,South-East Zone,11426,20.22139398017645,85.83524902318727,2026-08-31T09:00,27.5,85,12.4,239.0,32.2
W59,South-East Zone,11426,20.22139398017645,85.83524902318727,2026-08-31T10:00,28.0,82,16.6,418.0,31.9
W59,South-East Zone,11426,20.22139398017645,85.83524902318727,2026-08-31T11:00,28.3,79,15.4,306.0,32.3
W59,South-East Zone,11426,20.22139398017645,85.83524902318727,2026-08-31T12:00,29.0,76,16.6,446.0,32.8
W59,South-East Zone,11426,20.22139398017645,85.83524902318727,2026-08-31T13:00,29.7,72,17.3,469.0,33.3
W59,South-East Zone,11426,20.22139398017645,85.83524902318727,2026-08-31T14:00,30.1,70,17.4,456.0,33.7
W59,South-East Zone,11426,20.22139398017645,85.83524902318727,2026-08-31T15:00,29.9,71,16.8,437.0,33.6
W59,South-East Zone,11426,20.22139398017645,85.83524902318727,2026-08-31T16:00,29.3,74,15.7,304.0,33.2
W59,South-East Zone,11426,20.22139398017645,85.83524902318727,2026-08-31T17:00,28.8,76,14.8,138.0,32.8
W59,South-East Zone,11426,20.22139398017645,85.83524902318727,2026-08-31T18:00,28.4,78,13.7,9.0,32.5
W59,South-East Zone,11426,20.22139398017645,85.83524902318727,2026-08-31T19:00,28.0,79,12.4,0.0,32.2
W59,South-East Zone,11426,20.22139398017645,85.83524902318727,2026-08-31T20:00,27.6,80,11.4,0.0,31.9
W59,South-East Zone,11426,20.22139398017645,85.83524902318727,2026-08-31T21:00,27.2,82,10.1,0.0,31.7
W59,South-East Zone,11426,20.22139398017645,85.83524902318727,2026-08-31T22:00,26.9,84,9.1,0.0,31.6
W59,South-East Zone,11426,20.22139398017645,85.83524902318727,2026-08-31T23:00,26.6,85,9.0,0.0,31.3
W59,South-East Zone,11426,20.22139398017645,85.83524902318727,2026-09-01T00:00,26.6,84,9.8,0.0,31.0
W59,South-East Zone,11426,20.22139398017645,85.83524902318727,2026-09-01T01:00,26.6,83,11.2,0.0,30.7
W59,South-East Zone,11426,20.22139398017645,85.83524902318727,2026-09-01T02:00,26.6,82,11.7,0.0,30.6
W59,South-East Zone,11426,20.22139398017645,85.83524902318727,2026-09-01T03:00,26.5,83,10.9,0.0,30.6
W59,South-East Zone,11426,20.22139398017645,85.83524902318727,2026-09-01T04:00,26.2,85,10.0,0.0,30.6
W59,South-East Zone,11426,20.22139398017645,85.83524902318727,2026-09-01T05:00,26.3,86,9.9,0.0,30.7
W59,South-East Zone,11426,20.22139398017645,85.83524902318727,2026-09-01T06:00,26.8,84,10.5,24.0,31.2
W59,South-East Zone,11426,20.22139398017645,85.83524902318727,2026-09-01T07:00,27.5,81,11.0,104.0,31.9
W59,South-East Zone,11426,20.22139398017645,85.83524902318727,2026-09-01T08:00,28.1,78,11.5,181.0,32.5
W59,South-East Zone,11426,20.22139398017645,85.83524902318727,2026-09-01T09:00,28.4,77,11.6,238.0,32.8
W59,South-East Zone,11426,20.22139398017645,85.83524902318727,2026-09-01T10:00,28.6,76,12.7,292.0,32.9
W59,South-East Zone,11426,20.22139398017645,85.83524902318727,2026-09-01T11:00,28.8,76,14.0,334.0,32.9
W59,South-East Zone,11426,20.22139398017645,85.83524902318727,2026-09-01T12:00,29.2,74,14.8,340.0,33.2
W59,South-East Zone,11426,20.22139398017645,85.83524902318727,2026-09-01T13:00,29.6,72,15.2,360.0,33.4
W59,South-East Zone,11426,20.22139398017645,85.83524902318727,2026-09-01T14:00,29.8,71,14.8,363.0,33.7
W59,South-East Zone,11426,20.22139398017645,85.83524902318727,2026-09-01T15:00,29.5,74,13.2,394.0,34.0
W59,South-East Zone,11426,20.22139398017645,85.83524902318727,2026-09-01T16:00,29.0,80,10.9,270.0,34.2
W59,South-East Zone,11426,20.22139398017645,85.83524902318727,2026-09-01T17:00,28.4,84,9.3,115.0,34.1
W59,South-East Zone,11426,20.22139398017645,85.83524902318727,2026-09-01T18:00,27.8,86,8.1,6.0,33.6
W59,South-East Zone,11426,20.22139398017645,85.83524902318727,2026-09-01T19:00,27.2,88,7.2,0.0,32.8
W59,South-East Zone,11426,20.22139398017645,85.83524902318727,2026-09-01T20:00,26.7,89,7.0,0.0,32.1
W59,South-East Zone,11426,20.22139398017645,85.83524902318727,2026-09-01T21:00,26.5,90,7.8,0.0,31.9
W59,South-East Zone,11426,20.22139398017645,85.83524902318727,2026-09-01T22:00,26.5,91,9.3,0.0,31.7
W59,South-East Zone,11426,20.22139398017645,85.83524902318727,2026-09-01T23:00,26.5,91,10.2,0.0,31.6
W57,South-East Zone,11325,20.245675996305042,85.8526911779511,2026-08-28T00:00,26.9,95,9.0,0.0,32.9
W57,South-East Zone,11325,20.245675996305042,85.8526911779511,2026-08-28T01:00,26.9,95,10.7,0.0,32.7
W57,South-East Zone,11325,20.245675996305042,85.8526911779511,2026-08-28T02:00,26.9,93,12.0,0.0,32.3
W57,South-East Zone,11325,20.245675996305042,85.8526911779511,2026-08-28T03:00,26.5,92,12.4,0.0,31.5
W57,South-East Zone,11325,20.245675996305042,85.8526911779511,2026-08-28T04:00,26.3,91,11.4,0.0,31.1
W57,South-East Zone,11325,20.245675996305042,85.8526911779511,2026-08-28T05:00,26.3,90,11.1,0.0,31.0
W57,South-East Zone,11325,20.245675996305042,85.8526911779511,2026-08-28T06:00,26.9,88,11.1,42.0,31.7
W57,South-East Zone,11325,20.245675996305042,85.8526911779511,2026-08-28T07:00,28.3,82,13.0,212.0,33.1
W57,South-East Zone,11325,20.245675996305042,85.8526911779511,2026-08-28T08:00,29.5,77,16.0,416.0,33.9
W57,South-East Zone,11325,20.245675996305042,85.8526911779511,2026-08-28T09:00,30.5,74,15.7,616.0,35.5
W57,South-East Zone,11325,20.245675996305042,85.8526911779511,2026-08-28T10:00,31.3,73,13.5,708.0,37.5
W57,South-East Zone,11325,20.245675996305042,85.8526911779511,2026-08-28T11:00,31.6,71,11.5,738.0,38.1
W57,South-East Zone,11325,20.245675996305042,85.8526911779511,2026-08-28T12:00,28.8,85,13.5,469.0,34.3
W57,South-East Zone,11325,20.245675996305042,85.8526911779511,2026-08-28T13:00,29.2,83,7.0,451.0,35.7
W57,South-East Zone,11325,20.245675996305042,85.8526911779511,2026-08-28T14:00,30.0,84,5.3,346.0,37.3
W57,South-East Zone,11325,20.245675996305042,85.8526911779511,2026-08-28T15:00,29.4,88,4.6,297.0,36.9
W57,South-East Zone,11325,20.245675996305042,85.8526911779511,2026-08-28T16:00,26.9,92,8.7,171.0,32.6
W57,South-East Zone,11325,20.245675996305042,85.8526911779511,2026-08-28T17:00,26.7,94,0.4,61.0,33.8
W57,South-East Zone,11325,20.245675996305042,85.8526911779511,2026-08-28T18:00,26.8,95,4.6,6.0,33.5
W57,South-East Zone,11325,20.245675996305042,85.8526911779511,2026-08-28T19:00,26.5,97,8.5,0.0,32.6
W57,South-East Zone,11325,20.245675996305042,85.8526911779511,2026-08-28T20:00,26.2,97,8.8,0.0,32.1
W57,South-East Zone,11325,20.245675996305042,85.8526911779511,2026-08-28T21:00,26.1,97,8.7,0.0,31.9
W57,South-East Zone,11325,20.245675996305042,85.8526911779511,2026-08-28T22:00,26.0,97,9.5,0.0,31.7
W57,South-East Zone,11325,20.245675996305042,85.8526911779511,2026-08-28T23:00,26.1,97,8.7,0.0,31.9
W57,South-East Zone,11325,20.245675996305042,85.8526911779511,2026-08-29T00:00,26.2,97,8.8,0.0,32.0
W57,South-East Zone,11325,20.245675996305042,85.8526911779511,2026-08-29T01:00,26.2,96,8.3,0.0,32.1
W57,South-East Zone,11325,20.245675996305042,85.8526911779511,2026-08-29T02:00,26.3,96,8.7,0.0,32.1
W57,South-East Zone,11325,20.245675996305042,85.8526911779511,2026-08-29T03:00,25.2,98,11.7,0.0,30.1
W57,South-East Zone,11325,20.245675996305042,85.8526911779511,2026-08-29T04:00,25.5,98,9.7,0.0,30.8
W57,South-East Zone,11325,20.245675996305042,85.8526911779511,2026-08-29T05:00,25.7,97,10.1,0.0,31.1
W57,South-East Zone,11325,20.245675996305042,85.8526911779511,2026-08-29T06:00,26.2,98,8.6,28.0,32.1
W57,South-East Zone,11325,20.245675996305042,85.8526911779511,2026-08-29T07:00,26.9,97,6.8,106.0,33.6
W57,South-East Zone,11325,20.245675996305042,85.8526911779511,2026-08-29T08:00,28.2,92,7.8,250.0,34.9
W57,South-East Zone,11325,20.245675996305042,85.8526911779511,2026-08-29T09:00,29.4,83,9.4,428.0,35.6
W57,South-East Zone,11325,20.245675996305042,85.8526911779511,2026-08-29T10:00,29.8,82,9.3,419.0,36.0
W57,South-East Zone,11325,20.245675996305042,85.8526911779511,2026-08-29T11:00,29.7,80,10.1,309.0,35.5
W57,South-East Zone,11325,20.245675996305042,85.8526911779511,2026-08-29T12:00,29.9,78,11.3,323.0,35.4
W57,South-East Zone,11325,20.245675996305042,85.8526911779511,2026-08-29T13:00,30.2,76,11.7,333.0,35.5
W57,South-East Zone,11325,20.245675996305042,85.8526911779511,2026-08-29T14:00,30.2,77,9.6,258.0,36.0
W57,South-East Zone,11325,20.245675996305042,85.8526911779511,2026-08-29T15:00,30.3,77,9.5,240.0,36.1
W57,South-East Zone,11325,20.245675996305042,85.8526911779511,2026-08-29T16:00,29.2,85,9.0,113.0,35.6
W57,South-East Zone,11325,20.245675996305042,85.8526911779511,2026-08-29T17:00,27.1,95,7.2,53.0,33.6
W57,South-East Zone,11325,20.245675996305042,85.8526911779511,2026-08-29T18:00,26.8,97,10.2,1.0,32.9
W57,South-East Zone,11325,20.245675996305042,85.8526911779511,2026-08-29T19:00,26.7,97,8.2,0.0,33.0
W57,South-East Zone,11325,20.245675996305042,85.8526911779511,2026-08-29T20:00,26.4,97,8.8,0.0,32.4
W57,South-East Zone,11325,20.245675996305042,85.8526911779511,2026-08-29T21:00,26.3,97,7.8,0.0,32.4
W57,South-East Zone,11325,20.245675996305042,85.8526911779511,2026-08-29T22:00,26.1,97,8.3,0.0,32.0
W57,South-East Zone,11325,20.245675996305042,85.8526911779511,2026-08-29T23:00,24.9,99,12.5,0.0,29.7
W57,South-East Zone,11325,20.245675996305042,85.8526911779511,2026-08-30T00:00,25.1,99,8.3,0.0,30.6
W57,South-East Zone,11325,20.245675996305042,85.8526911779511,2026-08-30T01:00,25.4,99,9.6,0.0,30.7
W57,South-East Zone,11325,20.245675996305042,85.8526911779511,2026-08-30T02:00,25.6,98,9.7,0.0,31.1
W57,South-East Zone,11325,20.245675996305042,85.8526911779511,2026-08-30T03:00,25.8,97,9.8,0.0,31.3
W57,South-East Zone,11325,20.245675996305042,85.8526911779511,2026-08-30T04:00,25.8,97,8.1,0.0,31.5
W57,South-East Zone,11325,20.245675996305042,85.8526911779511,2026-08-30T05:00,25.7,99,9.0,0.0,31.3
W57,South-East Zone,11325,20.245675996305042,85.8526911779511,2026-08-30T06:00,25.8,98,7.9,18.0,31.7
W57,South-East Zone,11325,20.245675996305042,85.8526911779511,2026-08-30T07:00,26.3,95,8.3,63.0,32.1
W57,South-East Zone,11325,20.245675996305042,85.8526911779511,2026-08-30T08:00,26.2,95,9.7,116.0,31.8
W57,South-East Zone,11325,20.245675996305042,85.8526911779511,2026-08-30T09:00,26.1,93,7.8,155.0,31.5
W57,South-East Zone,11325,20.245675996305042,85.8526911779511,2026-08-30T10:00,26.9,93,7.2,197.0,33.0
W57,South-East Zone,11325,20.245675996305042,85.8526911779511,2026-08-30T11:00,26.8,93,8.5,156.0,32.6
W57,South-East Zone,11325,20.245675996305042,85.8526911779511,2026-08-30T12:00,28.0,89,7.9,345.0,34.1
W57,South-East Zone,11325,20.245675996305042,85.8526911779511,2026-08-30T13:00,29.0,83,10.7,334.0,34.7
W57,South-East Zone,11325,20.245675996305042,85.8526911779511,2026-08-30T14:00,29.6,79,12.1,389.0,34.8
W57,South-East Zone,11325,20.245675996305042,85.8526911779511,2026-08-30T15:00,29.9,76,13.0,333.0,34.9
W57,South-East Zone,11325,20.245675996305042,85.8526911779511,2026-08-30T16:00,29.6,78,12.7,221.0,34.6
W57,South-East Zone,11325,20.245675996305042,85.8526911779511,2026-08-30T17:00,29.0,81,9.0,110.0,34.7
W57,South-East Zone,11325,20.245675996305042,85.8526911779511,2026-08-30T18:00,28.1,85,8.2,10.0,33.9
W57,South-East Zone,11325,20.245675996305042,85.8526911779511,2026-08-30T19:00,27.9,86,8.3,0.0,33.7
W57,South-East Zone,11325,20.245675996305042,85.8526911779511,2026-08-30T20:00,27.1,88,6.2,0.0,32.9
W57,South-East Zone,11325,20.245675996305042,85.8526911779511,2026-08-30T21:00,26.7,93,5.5,0.0,33.0
W57,South-East Zone,11325,20.245675996305042,85.8526911779511,2026-08-30T22:00,26.4,95,5.1,0.0,32.7
W57,South-East Zone,11325,20.245675996305042,85.8526911779511,2026-08-30T23:00,26.2,96,8.0,0.0,32.0
W57,South-East Zone,11325,20.245675996305042,85.8526911779511,2026-08-31T00:00,26.0,95,11.5,0.0,31.0
W57,South-East Zone,11325,20.245675996305042,85.8526911779511,2026-08-31T01:00,25.7,94,11.3,0.0,30.5
W57,South-East Zone,11325,20.245675996305042,85.8526911779511,2026-08-31T02:00,25.4,94,10.8,0.0,30.1
W57,South-East Zone,11325,20.245675996305042,85.8526911779511,2026-08-31T03:00,25.4,94,10.2,0.0,30.1
W57,South-East Zone,11325,20.245675996305042,85.8526911779511,2026-08-31T04:00,25.5,92,10.1,0.0,30.2
W57,South-East Zone,11325,20.245675996305042,85.8526911779511,2026-08-31T05:00,25.5,92,9.0,0.0,30.3
W57,South-East Zone,11325,20.245675996305042,85.8526911779511,2026-08-31T06:00,25.7,92,8.5,19.0,30.7
W57,South-East Zone,11325,20.245675996305042,85.8526911779511,2026-08-31T07:00,26.5,88,9.2,100.0,31.5
W57,South-East Zone,11325,20.245675996305042,85.8526911779511,2026-08-31T08:00,27.1,86,9.3,159.0,32.3
W57,South-East Zone,11325,20.245675996305042,85.8526911779511,2026-08-31T09:00,27.5,85,12.4,239.0,32.2
W57,South-East Zone,11325,20.245675996305042,85.8526911779511,2026-08-31T10:00,28.0,82,16.6,418.0,31.9
W57,South-East Zone,11325,20.245675996305042,85.8526911779511,2026-08-31T11:00,28.3,79,15.4,306.0,32.3
W57,South-East Zone,11325,20.245675996305042,85.8526911779511,2026-08-31T12:00,29.0,76,16.6,446.0,32.8
W57,South-East Zone,11325,20.245675996305042,85.8526911779511,2026-08-31T13:00,29.7,72,17.3,469.0,33.3
W57,South-East Zone,11325,20.245675996305042,85.8526911779511,2026-08-31T14:00,30.1,70,17.4,456.0,33.7
W57,South-East Zone,11325,20.245675996305042,85.8526911779511,2026-08-31T15:00,29.9,71,16.8,437.0,33.6
W57,South-East Zone,11325,20.245675996305042,85.8526911779511,2026-08-31T16:00,29.3,74,15.7,304.0,33.2
W57,South-East Zone,11325,20.245675996305042,85.8526911779511,2026-08-31T17:00,28.8,76,14.8,138.0,32.8
W57,South-East Zone,11325,20.245675996305042,85.8526911779511,2026-08-31T18:00,28.4,78,13.7,9.0,32.5
W57,South-East Zone,11325,20.245675996305042,85.8526911779511,2026-08-31T19:00,28.0,79,12.4,0.0,32.2
W57,South-East Zone,11325,20.245675996305042,85.8526911779511,2026-08-31T20:00,27.6,80,11.4,0.0,31.9
W57,South-East Zone,11325,20.245675996305042,85.8526911779511,2026-08-31T21:00,27.2,82,10.1,0.0,31.7
W57,South-East Zone,11325,20.245675996305042,85.8526911779511,2026-08-31T22:00,26.9,84,9.1,0.0,31.6
W57,South-East Zone,11325,20.245675996305042,85.8526911779511,2026-08-31T23:00,26.6,85,9.0,0.0,31.3
W57,South-East Zone,11325,20.245675996305042,85.8526911779511,2026-09-01T00:00,26.6,84,9.8,0.0,31.0
W57,South-East Zone,11325,20.245675996305042,85.8526911779511,2026-09-01T01:00,26.6,83,11.2,0.0,30.7
W57,South-East Zone,11325,20.245675996305042,85.8526911779511,2026-09-01T02:00,26.6,82,11.7,0.0,30.6
W57,South-East Zone,11325,20.245675996305042,85.8526911779511,2026-09-01T03:00,26.5,83,10.9,0.0,30.6
W57,South-East Zone,11325,20.245675996305042,85.8526911779511,2026-09-01T04:00,26.2,85,10.0,0.0,30.6
W57,South-East Zone,11325,20.245675996305042,85.8526911779511,2026-09-01T05:00,26.3,86,9.9,0.0,30.7
W57,South-East Zone,11325,20.245675996305042,85.8526911779511,2026-09-01T06:00,26.8,84,10.5,24.0,31.2
W57,South-East Zone,11325,20.245675996305042,85.8526911779511,2026-09-01T07:00,27.5,81,11.0,104.0,31.9
W57,South-East Zone,11325,20.245675996305042,85.8526911779511,2026-09-01T08:00,28.1,78,11.5,181.0,32.5
W57,South-East Zone,11325,20.245675996305042,85.8526911779511,2026-09-01T09:00,28.4,77,11.6,238.0,32.8
W57,South-East Zone,11325,20.245675996305042,85.8526911779511,2026-09-01T10:00,28.6,76,12.7,292.0,32.9
W57,South-East Zone,11325,20.245675996305042,85.8526911779511,2026-09-01T11:00,28.8,76,14.0,334.0,32.9
W57,South-East Zone,11325,20.245675996305042,85.8526911779511,2026-09-01T12:00,29.2,74,14.8,340.0,33.2
W57,South-East Zone,11325,20.245675996305042,85.8526911779511,2026-09-01T13:00,29.6,72,15.2,360.0,33.4
W57,South-East Zone,11325,20.245675996305042,85.8526911779511,2026-09-01T14:00,29.8,71,14.8,363.0,33.7
W57,South-East Zone,11325,20.245675996305042,85.8526911779511,2026-09-01T15:00,29.5,74,13.2,394.0,34.0
W57,South-East Zone,11325,20.245675996305042,85.8526911779511,2026-09-01T16:00,29.0,80,10.9,270.0,34.2
W57,South-East Zone,11325,20.245675996305042,85.8526911779511,2026-09-01T17:00,28.4,84,9.3,115.0,34.1
W57,South-East Zone,11325,20.245675996305042,85.8526911779511,2026-09-01T18:00,27.8,86,8.1,6.0,33.6
W57,South-East Zone,11325,20.245675996305042,85.8526911779511,2026-09-01T19:00,27.2,88,7.2,0.0,32.8
W57,South-East Zone,11325,20.245675996305042,85.8526911779511,2026-09-01T20:00,26.7,89,7.0,0.0,32.1
W57,South-East Zone,11325,20.245675996305042,85.8526911779511,2026-09-01T21:00,26.5,90,7.8,0.0,31.9
W57,South-East Zone,11325,20.245675996305042,85.8526911779511,2026-09-01T22:00,26.5,91,9.3,0.0,31.7
W57,South-East Zone,11325,20.245675996305042,85.8526911779511,2026-09-01T23:00,26.5,91,10.2,0.0,31.6
W44,South-East Zone,12091,20.2525371442796,85.86458197858286,2026-08-28T00:00,26.9,95,9.0,0.0,32.9
W44,South-East Zone,12091,20.2525371442796,85.86458197858286,2026-08-28T01:00,26.9,95,10.7,0.0,32.7
W44,South-East Zone,12091,20.2525371442796,85.86458197858286,2026-08-28T02:00,26.9,93,12.0,0.0,32.3
W44,South-East Zone,12091,20.2525371442796,85.86458197858286,2026-08-28T03:00,26.5,92,12.4,0.0,31.5
W44,South-East Zone,12091,20.2525371442796,85.86458197858286,2026-08-28T04:00,26.3,91,11.4,0.0,31.1
W44,South-East Zone,12091,20.2525371442796,85.86458197858286,2026-08-28T05:00,26.3,90,11.1,0.0,31.0
W44,South-East Zone,12091,20.2525371442796,85.86458197858286,2026-08-28T06:00,26.9,88,11.1,42.0,31.7
W44,South-East Zone,12091,20.2525371442796,85.86458197858286,2026-08-28T07:00,28.3,82,13.0,212.0,33.1
W44,South-East Zone,12091,20.2525371442796,85.86458197858286,2026-08-28T08:00,29.5,77,16.0,416.0,33.9
W44,South-East Zone,12091,20.2525371442796,85.86458197858286,2026-08-28T09:00,30.5,74,15.7,616.0,35.5
W44,South-East Zone,12091,20.2525371442796,85.86458197858286,2026-08-28T10:00,31.3,73,13.5,708.0,37.5
W44,South-East Zone,12091,20.2525371442796,85.86458197858286,2026-08-28T11:00,31.6,71,11.5,738.0,38.1
W44,South-East Zone,12091,20.2525371442796,85.86458197858286,2026-08-28T12:00,28.8,85,13.5,469.0,34.3
W44,South-East Zone,12091,20.2525371442796,85.86458197858286,2026-08-28T13:00,29.2,83,7.0,451.0,35.7
W44,South-East Zone,12091,20.2525371442796,85.86458197858286,2026-08-28T14:00,30.0,84,5.3,346.0,37.3
W44,South-East Zone,12091,20.2525371442796,85.86458197858286,2026-08-28T15:00,29.4,88,4.6,297.0,36.9
W44,South-East Zone,12091,20.2525371442796,85.86458197858286,2026-08-28T16:00,26.9,92,8.7,171.0,32.6
W44,South-East Zone,12091,20.2525371442796,85.86458197858286,2026-08-28T17:00,26.7,94,0.4,61.0,33.8
W44,South-East Zone,12091,20.2525371442796,85.86458197858286,2026-08-28T18:00,26.8,95,4.6,6.0,33.5
W44,South-East Zone,12091,20.2525371442796,85.86458197858286,2026-08-28T19:00,26.5,97,8.5,0.0,32.6
W44,South-East Zone,12091,20.2525371442796,85.86458197858286,2026-08-28T20:00,26.2,97,8.8,0.0,32.1
W44,South-East Zone,12091,20.2525371442796,85.86458197858286,2026-08-28T21:00,26.1,97,8.7,0.0,31.9
W44,South-East Zone,12091,20.2525371442796,85.86458197858286,2026-08-28T22:00,26.0,97,9.5,0.0,31.7
W44,South-East Zone,12091,20.2525371442796,85.86458197858286,2026-08-28T23:00,26.1,97,8.7,0.0,31.9
W44,South-East Zone,12091,20.2525371442796,85.86458197858286,2026-08-29T00:00,26.2,97,8.8,0.0,32.0
W44,South-East Zone,12091,20.2525371442796,85.86458197858286,2026-08-29T01:00,26.2,96,8.3,0.0,32.1
W44,South-East Zone,12091,20.2525371442796,85.86458197858286,2026-08-29T02:00,26.3,96,8.7,0.0,32.1
W44,South-East Zone,12091,20.2525371442796,85.86458197858286,2026-08-29T03:00,25.2,98,11.7,0.0,30.1
W44,South-East Zone,12091,20.2525371442796,85.86458197858286,2026-08-29T04:00,25.5,98,9.7,0.0,30.8
W44,South-East Zone,12091,20.2525371442796,85.86458197858286,2026-08-29T05:00,25.7,97,10.1,0.0,31.1
W44,South-East Zone,12091,20.2525371442796,85.86458197858286,2026-08-29T06:00,26.2,98,8.6,28.0,32.1
W44,South-East Zone,12091,20.2525371442796,85.86458197858286,2026-08-29T07:00,26.9,97,6.8,106.0,33.6
W44,South-East Zone,12091,20.2525371442796,85.86458197858286,2026-08-29T08:00,28.2,92,7.8,250.0,34.9
W44,South-East Zone,12091,20.2525371442796,85.86458197858286,2026-08-29T09:00,29.4,83,9.4,428.0,35.6
W44,South-East Zone,12091,20.2525371442796,85.86458197858286,2026-08-29T10:00,29.8,82,9.3,419.0,36.0
W44,South-East Zone,12091,20.2525371442796,85.86458197858286,2026-08-29T11:00,29.7,80,10.1,309.0,35.5
W44,South-East Zone,12091,20.2525371442796,85.86458197858286,2026-08-29T12:00,29.9,78,11.3,323.0,35.4
W44,South-East Zone,12091,20.2525371442796,85.86458197858286,2026-08-29T13:00,30.2,76,11.7,333.0,35.5
W44,South-East Zone,12091,20.2525371442796,85.86458197858286,2026-08-29T14:00,30.2,77,9.6,258.0,36.0
W44,South-East Zone,12091,20.2525371442796,85.86458197858286,2026-08-29T15:00,30.3,77,9.5,240.0,36.1
W44,South-East Zone,12091,20.2525371442796,85.86458197858286,2026-08-29T16:00,29.2,85,9.0,113.0,35.6
W44,South-East Zone,12091,20.2525371442796,85.86458197858286,2026-08-29T17:00,27.1,95,7.2,53.0,33.6
W44,South-East Zone,12091,20.2525371442796,85.86458197858286,2026-08-29T18:00,26.8,97,10.2,1.0,32.9
W44,South-East Zone,12091,20.2525371442796,85.86458197858286,2026-08-29T19:00,26.7,97,8.2,0.0,33.0
W44,South-East Zone,12091,20.2525371442796,85.86458197858286,2026-08-29T20:00,26.4,97,8.8,0.0,32.4
W44,South-East Zone,12091,20.2525371442796,85.86458197858286,2026-08-29T21:00,26.3,97,7.8,0.0,32.4
W44,South-East Zone,12091,20.2525371442796,85.86458197858286,2026-08-29T22:00,26.1,97,8.3,0.0,32.0
W44,South-East Zone,12091,20.2525371442796,85.86458197858286,2026-08-29T23:00,24.9,99,12.5,0.0,29.7
W44,South-East Zone,12091,20.2525371442796,85.86458197858286,2026-08-30T00:00,25.1,99,8.3,0.0,30.6
W44,South-East Zone,12091,20.2525371442796,85.86458197858286,2026-08-30T01:00,25.4,99,9.6,0.0,30.7
W44,South-East Zone,12091,20.2525371442796,85.86458197858286,2026-08-30T02:00,25.6,98,9.7,0.0,31.1
W44,South-East Zone,12091,20.2525371442796,85.86458197858286,2026-08-30T03:00,25.8,97,9.8,0.0,31.3
W44,South-East Zone,12091,20.2525371442796,85.86458197858286,2026-08-30T04:00,25.8,97,8.1,0.0,31.5
W44,South-East Zone,12091,20.2525371442796,85.86458197858286,2026-08-30T05:00,25.7,99,9.0,0.0,31.3
W44,South-East Zone,12091,20.2525371442796,85.86458197858286,2026-08-30T06:00,25.8,98,7.9,18.0,31.7
W44,South-East Zone,12091,20.2525371442796,85.86458197858286,2026-08-30T07:00,26.3,95,8.3,63.0,32.1
W44,South-East Zone,12091,20.2525371442796,85.86458197858286,2026-08-30T08:00,26.2,95,9.7,116.0,31.8
W44,South-East Zone,12091,20.2525371442796,85.86458197858286,2026-08-30T09:00,26.1,93,7.8,155.0,31.5
W44,South-East Zone,12091,20.2525371442796,85.86458197858286,2026-08-30T10:00,26.9,93,7.2,197.0,33.0
W44,South-East Zone,12091,20.2525371442796,85.86458197858286,2026-08-30T11:00,26.8,93,8.5,156.0,32.6
W44,South-East Zone,12091,20.2525371442796,85.86458197858286,2026-08-30T12:00,28.0,89,7.9,345.0,34.1
W44,South-East Zone,12091,20.2525371442796,85.86458197858286,2026-08-30T13:00,29.0,83,10.7,334.0,34.7
W44,South-East Zone,12091,20.2525371442796,85.86458197858286,2026-08-30T14:00,29.6,79,12.1,389.0,34.8
W44,South-East Zone,12091,20.2525371442796,85.86458197858286,2026-08-30T15:00,29.9,76,13.0,333.0,34.9
W44,South-East Zone,12091,20.2525371442796,85.86458197858286,2026-08-30T16:00,29.6,78,12.7,221.0,34.6
W44,South-East Zone,12091,20.2525371442796,85.86458197858286,2026-08-30T17:00,29.0,81,9.0,110.0,34.7
W44,South-East Zone,12091,20.2525371442796,85.86458197858286,2026-08-30T18:00,28.1,85,8.2,10.0,33.9
W44,South-East Zone,12091,20.2525371442796,85.86458197858286,2026-08-30T19:00,27.9,86,8.3,0.0,33.7
W44,South-East Zone,12091,20.2525371442796,85.86458197858286,2026-08-30T20:00,27.1,88,6.2,0.0,32.9
W44,South-East Zone,12091,20.2525371442796,85.86458197858286,2026-08-30T21:00,26.7,93,5.5,0.0,33.0
W44,South-East Zone,12091,20.2525371442796,85.86458197858286,2026-08-30T22:00,26.4,95,5.1,0.0,32.7
W44,South-East Zone,12091,20.2525371442796,85.86458197858286,2026-08-30T23:00,26.2,96,8.0,0.0,32.0
W44,South-East Zone,12091,20.2525371442796,85.86458197858286,2026-08-31T00:00,26.0,95,11.5,0.0,31.0
W44,South-East Zone,12091,20.2525371442796,85.86458197858286,2026-08-31T01:00,25.7,94,11.3,0.0,30.5
W44,South-East Zone,12091,20.2525371442796,85.86458197858286,2026-08-31T02:00,25.4,94,10.8,0.0,30.1
W44,South-East Zone,12091,20.2525371442796,85.86458197858286,2026-08-31T03:00,25.4,94,10.2,0.0,30.1
W44,South-East Zone,12091,20.2525371442796,85.86458197858286,2026-08-31T04:00,25.5,92,10.1,0.0,30.2
W44,South-East Zone,12091,20.2525371442796,85.86458197858286,2026-08-31T05:00,25.5,92,9.0,0.0,30.3
W44,South-East Zone,12091,20.2525371442796,85.86458197858286,2026-08-31T06:00,25.7,92,8.5,19.0,30.7
W44,South-East Zone,12091,20.2525371442796,85.86458197858286,2026-08-31T07:00,26.5,88,9.2,100.0,31.5
W44,South-East Zone,12091,20.2525371442796,85.86458197858286,2026-08-31T08:00,27.1,86,9.3,159.0,32.3
W44,South-East Zone,12091,20.2525371442796,85.86458197858286,2026-08-31T09:00,27.5,85,12.4,239.0,32.2
W44,South-East Zone,12091,20.2525371442796,85.86458197858286,2026-08-31T10:00,28.0,82,16.6,418.0,31.9
W44,South-East Zone,12091,20.2525371442796,85.86458197858286,2026-08-31T11:00,28.3,79,15.4,306.0,32.3
W44,South-East Zone,12091,20.2525371442796,85.86458197858286,2026-08-31T12:00,29.0,76,16.6,446.0,32.8
W44,South-East Zone,12091,20.2525371442796,85.86458197858286,2026-08-31T13:00,29.7,72,17.3,469.0,33.3
W44,South-East Zone,12091,20.2525371442796,85.86458197858286,2026-08-31T14:00,30.1,70,17.4,456.0,33.7
W44,South-East Zone,12091,20.2525371442796,85.86458197858286,2026-08-31T15:00,29.9,71,16.8,437.0,33.6
W44,South-East Zone,12091,20.2525371442796,85.86458197858286,2026-08-31T16:00,29.3,74,15.7,304.0,33.2
W44,South-East Zone,12091,20.2525371442796,85.86458197858286,2026-08-31T17:00,28.8,76,14.8,138.0,32.8
W44,South-East Zone,12091,20.2525371442796,85.86458197858286,2026-08-31T18:00,28.4,78,13.7,9.0,32.5
W44,South-East Zone,12091,20.2525371442796,85.86458197858286,2026-08-31T19:00,28.0,79,12.4,0.0,32.2
W44,South-East Zone,12091,20.2525371442796,85.86458197858286,2026-08-31T20:00,27.6,80,11.4,0.0,31.9
W44,South-East Zone,12091,20.2525371442796,85.86458197858286,2026-08-31T21:00,27.2,82,10.1,0.0,31.7
W44,South-East Zone,12091,20.2525371442796,85.86458197858286,2026-08-31T22:00,26.9,84,9.1,0.0,31.6
W44,South-East Zone,12091,20.2525371442796,85.86458197858286,2026-08-31T23:00,26.6,85,9.0,0.0,31.3
W44,South-East Zone,12091,20.2525371442796,85.86458197858286,2026-09-01T00:00,26.6,84,9.8,0.0,31.0
W44,South-East Zone,12091,20.2525371442796,85.86458197858286,2026-09-01T01:00,26.6,83,11.2,0.0,30.7
W44,South-East Zone,12091,20.2525371442796,85.86458197858286,2026-09-01T02:00,26.6,82,11.7,0.0,30.6
W44,South-East Zone,12091,20.2525371442796,85.86458197858286,2026-09-01T03:00,26.5,83,10.9,0.0,30.6
W44,South-East Zone,12091,20.2525371442796,85.86458197858286,2026-09-01T04:00,26.2,85,10.0,0.0,30.6
W44,South-East Zone,12091,20.2525371442796,85.86458197858286,2026-09-01T05:00,26.3,86,9.9,0.0,30.7
W44,South-East Zone,12091,20.2525371442796,85.86458197858286,2026-09-01T06:00,26.8,84,10.5,24.0,31.2
W44,South-East Zone,12091,20.2525371442796,85.86458197858286,2026-09-01T07:00,27.5,81,11.0,104.0,31.9
W44,South-East Zone,12091,20.2525371442796,85.86458197858286,2026-09-01T08:00,28.1,78,11.5,181.0,32.5
W44,South-East Zone,12091,20.2525371442796,85.86458197858286,2026-09-01T09:00,28.4,77,11.6,238.0,32.8
W44,South-East Zone,12091,20.2525371442796,85.86458197858286,2026-09-01T10:00,28.6,76,12.7,292.0,32.9
W44,South-East Zone,12091,20.2525371442796,85.86458197858286,2026-09-01T11:00,28.8,76,14.0,334.0,32.9
W44,South-East Zone,12091,20.2525371442796,85.86458197858286,2026-09-01T12:00,29.2,74,14.8,340.0,33.2
W44,South-East Zone,12091,20.2525371442796,85.86458197858286,2026-09-01T13:00,29.6,72,15.2,360.0,33.4
W44,South-East Zone,12091,20.2525371442796,85.86458197858286,2026-09-01T14:00,29.8,71,14.8,363.0,33.7
W44,South-East Zone,12091,20.2525371442796,85.86458197858286,2026-09-01T15:00,29.5,74,13.2,394.0,34.0
W44,South-East Zone,12091,20.2525371442796,85.86458197858286,2026-09-01T16:00,29.0,80,10.9,270.0,34.2
W44,South-East Zone,12091,20.2525371442796,85.86458197858286,2026-09-01T17:00,28.4,84,9.3,115.0,34.1
W44,South-East Zone,12091,20.2525371442796,85.86458197858286,2026-09-01T18:00,27.8,86,8.1,6.0,33.6
W44,South-East Zone,12091,20.2525371442796,85.86458197858286,2026-09-01T19:00,27.2,88,7.2,0.0,32.8
W44,South-East Zone,12091,20.2525371442796,85.86458197858286,2026-09-01T20:00,26.7,89,7.0,0.0,32.1
W44,South-East Zone,12091,20.2525371442796,85.86458197858286,2026-09-01T21:00,26.5,90,7.8,0.0,31.9
W44,South-East Zone,12091,20.2525371442796,85.86458197858286,2026-09-01T22:00,26.5,91,9.3,0.0,31.7
W44,South-East Zone,12091,20.2525371442796,85.86458197858286,2026-09-01T23:00,26.5,91,10.2,0.0,31.6
W32,South-East Zone,11280,20.279615909917926,85.86953259650512,2026-08-28T00:00,26.9,95,9.0,0.0,32.9
W32,South-East Zone,11280,20.279615909917926,85.86953259650512,2026-08-28T01:00,26.9,95,10.7,0.0,32.7
W32,South-East Zone,11280,20.279615909917926,85.86953259650512,2026-08-28T02:00,26.9,93,12.0,0.0,32.3
W32,South-East Zone,11280,20.279615909917926,85.86953259650512,2026-08-28T03:00,26.5,92,12.4,0.0,31.5
W32,South-East Zone,11280,20.279615909917926,85.86953259650512,2026-08-28T04:00,26.3,91,11.4,0.0,31.1
W32,South-East Zone,11280,20.279615909917926,85.86953259650512,2026-08-28T05:00,26.3,90,11.1,0.0,31.0
W32,South-East Zone,11280,20.279615909917926,85.86953259650512,2026-08-28T06:00,26.9,88,11.1,42.0,31.7
W32,South-East Zone,11280,20.279615909917926,85.86953259650512,2026-08-28T07:00,28.3,82,13.0,212.0,33.1
W32,South-East Zone,11280,20.279615909917926,85.86953259650512,2026-08-28T08:00,29.5,77,16.0,416.0,33.9
W32,South-East Zone,11280,20.279615909917926,85.86953259650512,2026-08-28T09:00,30.5,74,15.7,616.0,35.5
W32,South-East Zone,11280,20.279615909917926,85.86953259650512,2026-08-28T10:00,31.3,73,13.5,708.0,37.5
W32,South-East Zone,11280,20.279615909917926,85.86953259650512,2026-08-28T11:00,31.6,71,11.5,738.0,38.1
W32,South-East Zone,11280,20.279615909917926,85.86953259650512,2026-08-28T12:00,28.8,85,13.5,469.0,34.3
W32,South-East Zone,11280,20.279615909917926,85.86953259650512,2026-08-28T13:00,29.2,83,7.0,451.0,35.7
W32,South-East Zone,11280,20.279615909917926,85.86953259650512,2026-08-28T14:00,30.0,84,5.3,346.0,37.3
W32,South-East Zone,11280,20.279615909917926,85.86953259650512,2026-08-28T15:00,29.4,88,4.6,297.0,36.9
W32,South-East Zone,11280,20.279615909917926,85.86953259650512,2026-08-28T16:00,26.9,92,8.7,171.0,32.6
W32,South-East Zone,11280,20.279615909917926,85.86953259650512,2026-08-28T17:00,26.7,94,0.4,61.0,33.8
W32,South-East Zone,11280,20.279615909917926,85.86953259650512,2026-08-28T18:00,26.8,95,4.6,6.0,33.5
W32,South-East Zone,11280,20.279615909917926,85.86953259650512,2026-08-28T19:00,26.5,97,8.5,0.0,32.6
W32,South-East Zone,11280,20.279615909917926,85.86953259650512,2026-08-28T20:00,26.2,97,8.8,0.0,32.1
W32,South-East Zone,11280,20.279615909917926,85.86953259650512,2026-08-28T21:00,26.1,97,8.7,0.0,31.9
W32,South-East Zone,11280,20.279615909917926,85.86953259650512,2026-08-28T22:00,26.0,97,9.5,0.0,31.7
W32,South-East Zone,11280,20.279615909917926,85.86953259650512,2026-08-28T23:00,26.1,97,8.7,0.0,31.9
W32,South-East Zone,11280,20.279615909917926,85.86953259650512,2026-08-29T00:00,26.2,97,8.8,0.0,32.0
W32,South-East Zone,11280,20.279615909917926,85.86953259650512,2026-08-29T01:00,26.2,96,8.3,0.0,32.1
W32,South-East Zone,11280,20.279615909917926,85.86953259650512,2026-08-29T02:00,26.3,96,8.7,0.0,32.1
W32,South-East Zone,11280,20.279615909917926,85.86953259650512,2026-08-29T03:00,25.2,98,11.7,0.0,30.1
W32,South-East Zone,11280,20.279615909917926,85.86953259650512,2026-08-29T04:00,25.5,98,9.7,0.0,30.8
W32,South-East Zone,11280,20.279615909917926,85.86953259650512,2026-08-29T05:00,25.7,97,10.1,0.0,31.1
W32,South-East Zone,11280,20.279615909917926,85.86953259650512,2026-08-29T06:00,26.2,98,8.6,28.0,32.1
W32,South-East Zone,11280,20.279615909917926,85.86953259650512,2026-08-29T07:00,26.9,97,6.8,106.0,33.6
W32,South-East Zone,11280,20.279615909917926,85.86953259650512,2026-08-29T08:00,28.2,92,7.8,250.0,34.9
W32,South-East Zone,11280,20.279615909917926,85.86953259650512,2026-08-29T09:00,29.4,83,9.4,428.0,35.6
W32,South-East Zone,11280,20.279615909917926,85.86953259650512,2026-08-29T10:00,29.8,82,9.3,419.0,36.0
W32,South-East Zone,11280,20.279615909917926,85.86953259650512,2026-08-29T11:00,29.7,80,10.1,309.0,35.5
W32,South-East Zone,11280,20.279615909917926,85.86953259650512,2026-08-29T12:00,29.9,78,11.3,323.0,35.4
W32,South-East Zone,11280,20.279615909917926,85.86953259650512,2026-08-29T13:00,30.2,76,11.7,333.0,35.5
W32,South-East Zone,11280,20.279615909917926,85.86953259650512,2026-08-29T14:00,30.2,77,9.6,258.0,36.0
W32,South-East Zone,11280,20.279615909917926,85.86953259650512,2026-08-29T15:00,30.3,77,9.5,240.0,36.1
W32,South-East Zone,11280,20.279615909917926,85.86953259650512,2026-08-29T16:00,29.2,85,9.0,113.0,35.6
W32,South-East Zone,11280,20.279615909917926,85.86953259650512,2026-08-29T17:00,27.1,95,7.2,53.0,33.6
W32,South-East Zone,11280,20.279615909917926,85.86953259650512,2026-08-29T18:00,26.8,97,10.2,1.0,32.9
W32,South-East Zone,11280,20.279615909917926,85.86953259650512,2026-08-29T19:00,26.7,97,8.2,0.0,33.0
W32,South-East Zone,11280,20.279615909917926,85.86953259650512,2026-08-29T20:00,26.4,97,8.8,0.0,32.4
W32,South-East Zone,11280,20.279615909917926,85.86953259650512,2026-08-29T21:00,26.3,97,7.8,0.0,32.4
W32,South-East Zone,11280,20.279615909917926,85.86953259650512,2026-08-29T22:00,26.1,97,8.3,0.0,32.0
W32,South-East Zone,11280,20.279615909917926,85.86953259650512,2026-08-29T23:00,24.9,99,12.5,0.0,29.7
W32,South-East Zone,11280,20.279615909917926,85.86953259650512,2026-08-30T00:00,25.1,99,8.3,0.0,30.6
W32,South-East Zone,11280,20.279615909917926,85.86953259650512,2026-08-30T01:00,25.4,99,9.6,0.0,30.7
W32,South-East Zone,11280,20.279615909917926,85.86953259650512,2026-08-30T02:00,25.6,98,9.7,0.0,31.1
W32,South-East Zone,11280,20.279615909917926,85.86953259650512,2026-08-30T03:00,25.8,97,9.8,0.0,31.3
W32,South-East Zone,11280,20.279615909917926,85.86953259650512,2026-08-30T04:00,25.8,97,8.1,0.0,31.5
W32,South-East Zone,11280,20.279615909917926,85.86953259650512,2026-08-30T05:00,25.7,99,9.0,0.0,31.3
W32,South-East Zone,11280,20.279615909917926,85.86953259650512,2026-08-30T06:00,25.8,98,7.9,18.0,31.7
W32,South-East Zone,11280,20.279615909917926,85.86953259650512,2026-08-30T07:00,26.3,95,8.3,63.0,32.1
W32,South-East Zone,11280,20.279615909917926,85.86953259650512,2026-08-30T08:00,26.2,95,9.7,116.0,31.8
W32,South-East Zone,11280,20.279615909917926,85.86953259650512,2026-08-30T09:00,26.1,93,7.8,155.0,31.5
W32,South-East Zone,11280,20.279615909917926,85.86953259650512,2026-08-30T10:00,26.9,93,7.2,197.0,33.0
W32,South-East Zone,11280,20.279615909917926,85.86953259650512,2026-08-30T11:00,26.8,93,8.5,156.0,32.6
W32,South-East Zone,11280,20.279615909917926,85.86953259650512,2026-08-30T12:00,28.0,89,7.9,345.0,34.1
W32,South-East Zone,11280,20.279615909917926,85.86953259650512,2026-08-30T13:00,29.0,83,10.7,334.0,34.7
W32,South-East Zone,11280,20.279615909917926,85.86953259650512,2026-08-30T14:00,29.6,79,12.1,389.0,34.8
W32,South-East Zone,11280,20.279615909917926,85.86953259650512,2026-08-30T15:00,29.9,76,13.0,333.0,34.9
W32,South-East Zone,11280,20.279615909917926,85.86953259650512,2026-08-30T16:00,29.6,78,12.7,221.0,34.6
W32,South-East Zone,11280,20.279615909917926,85.86953259650512,2026-08-30T17:00,29.0,81,9.0,110.0,34.7
W32,South-East Zone,11280,20.279615909917926,85.86953259650512,2026-08-30T18:00,28.1,85,8.2,10.0,33.9
W32,South-East Zone,11280,20.279615909917926,85.86953259650512,2026-08-30T19:00,27.9,86,8.3,0.0,33.7
W32,South-East Zone,11280,20.279615909917926,85.86953259650512,2026-08-30T20:00,27.1,88,6.2,0.0,32.9
W32,South-East Zone,11280,20.279615909917926,85.86953259650512,2026-08-30T21:00,26.7,93,5.5,0.0,33.0
W32,South-East Zone,11280,20.279615909917926,85.86953259650512,2026-08-30T22:00,26.4,95,5.1,0.0,32.7
W32,South-East Zone,11280,20.279615909917926,85.86953259650512,2026-08-30T23:00,26.2,96,8.0,0.0,32.0
W32,South-East Zone,11280,20.279615909917926,85.86953259650512,2026-08-31T00:00,26.0,95,11.5,0.0,31.0
W32,South-East Zone,11280,20.279615909917926,85.86953259650512,2026-08-31T01:00,25.7,94,11.3,0.0,30.5
W32,South-East Zone,11280,20.279615909917926,85.86953259650512,2026-08-31T02:00,25.4,94,10.8,0.0,30.1
W32,South-East Zone,11280,20.279615909917926,85.86953259650512,2026-08-31T03:00,25.4,94,10.2,0.0,30.1
W32,South-East Zone,11280,20.279615909917926,85.86953259650512,2026-08-31T04:00,25.5,92,10.1,0.0,30.2
W32,South-East Zone,11280,20.279615909917926,85.86953259650512,2026-08-31T05:00,25.5,92,9.0,0.0,30.3
W32,South-East Zone,11280,20.279615909917926,85.86953259650512,2026-08-31T06:00,25.7,92,8.5,19.0,30.7
W32,South-East Zone,11280,20.279615909917926,85.86953259650512,2026-08-31T07:00,26.5,88,9.2,100.0,31.5
W32,South-East Zone,11280,20.279615909917926,85.86953259650512,2026-08-31T08:00,27.1,86,9.3,159.0,32.3
W32,South-East Zone,11280,20.279615909917926,85.86953259650512,2026-08-31T09:00,27.5,85,12.4,239.0,32.2
W32,South-East Zone,11280,20.279615909917926,85.86953259650512,2026-08-31T10:00,28.0,82,16.6,418.0,31.9
W32,South-East Zone,11280,20.279615909917926,85.86953259650512,2026-08-31T11:00,28.3,79,15.4,306.0,32.3
W32,South-East Zone,11280,20.279615909917926,85.86953259650512,2026-08-31T12:00,29.0,76,16.6,446.0,32.8
W32,South-East Zone,11280,20.279615909917926,85.86953259650512,2026-08-31T13:00,29.7,72,17.3,469.0,33.3
W32,South-East Zone,11280,20.279615909917926,85.86953259650512,2026-08-31T14:00,30.1,70,17.4,456.0,33.7
W32,South-East Zone,11280,20.279615909917926,85.86953259650512,2026-08-31T15:00,29.9,71,16.8,437.0,33.6
W32,South-East Zone,11280,20.279615909917926,85.86953259650512,2026-08-31T16:00,29.3,74,15.7,304.0,33.2
W32,South-East Zone,11280,20.279615909917926,85.86953259650512,2026-08-31T17:00,28.8,76,14.8,138.0,32.8
W32,South-East Zone,11280,20.279615909917926,85.86953259650512,2026-08-31T18:00,28.4,78,13.7,9.0,32.5
W32,South-East Zone,11280,20.279615909917926,85.86953259650512,2026-08-31T19:00,28.0,79,12.4,0.0,32.2
W32,South-East Zone,11280,20.279615909917926,85.86953259650512,2026-08-31T20:00,27.6,80,11.4,0.0,31.9
W32,South-East Zone,11280,20.279615909917926,85.86953259650512,2026-08-31T21:00,27.2,82,10.1,0.0,31.7
W32,South-East Zone,11280,20.279615909917926,85.86953259650512,2026-08-31T22:00,26.9,84,9.1,0.0,31.6
W32,South-East Zone,11280,20.279615909917926,85.86953259650512,2026-08-31T23:00,26.6,85,9.0,0.0,31.3
W32,South-East Zone,11280,20.279615909917926,85.86953259650512,2026-09-01T00:00,26.6,84,9.8,0.0,31.0
W32,South-East Zone,11280,20.279615909917926,85.86953259650512,2026-09-01T01:00,26.6,83,11.2,0.0,30.7
W32,South-East Zone,11280,20.279615909917926,85.86953259650512,2026-09-01T02:00,26.6,82,11.7,0.0,30.6
W32,South-East Zone,11280,20.279615909917926,85.86953259650512,2026-09-01T03:00,26.5,83,10.9,0.0,30.6
W32,South-East Zone,11280,20.279615909917926,85.86953259650512,2026-09-01T04:00,26.2,85,10.0,0.0,30.6
W32,South-East Zone,11280,20.279615909917926,85.86953259650512,2026-09-01T05:00,26.3,86,9.9,0.0,30.7
W32,South-East Zone,11280,20.279615909917926,85.86953259650512,2026-09-01T06:00,26.8,84,10.5,24.0,31.2
W32,South-East Zone,11280,20.279615909917926,85.86953259650512,2026-09-01T07:00,27.5,81,11.0,104.0,31.9
W32,South-East Zone,11280,20.279615909917926,85.86953259650512,2026-09-01T08:00,28.1,78,11.5,181.0,32.5
W32,South-East Zone,11280,20.279615909917926,85.86953259650512,2026-09-01T09:00,28.4,77,11.6,238.0,32.8
W32,South-East Zone,11280,20.279615909917926,85.86953259650512,2026-09-01T10:00,28.6,76,12.7,292.0,32.9
W32,South-East Zone,11280,20.279615909917926,85.86953259650512,2026-09-01T11:00,28.8,76,14.0,334.0,32.9
W32,South-East Zone,11280,20.279615909917926,85.86953259650512,2026-09-01T12:00,29.2,74,14.8,340.0,33.2
W32,South-East Zone,11280,20.279615909917926,85.86953259650512,2026-09-01T13:00,29.6,72,15.2,360.0,33.4
W32,South-East Zone,11280,20.279615909917926,85.86953259650512,2026-09-01T14:00,29.8,71,14.8,363.0,33.7
W32,South-East Zone,11280,20.279615909917926,85.86953259650512,2026-09-01T15:00,29.5,74,13.2,394.0,34.0
W32,South-East Zone,11280,20.279615909917926,85.86953259650512,2026-09-01T16:00,29.0,80,10.9,270.0,34.2
W32,South-East Zone,11280,20.279615909917926,85.86953259650512,2026-09-01T17:00,28.4,84,9.3,115.0,34.1
W32,South-East Zone,11280,20.279615909917926,85.86953259650512,2026-09-01T18:00,27.8,86,8.1,6.0,33.6
W32,South-East Zone,11280,20.279615909917926,85.86953259650512,2026-09-01T19:00,27.2,88,7.2,0.0,32.8
W32,South-East Zone,11280,20.279615909917926,85.86953259650512,2026-09-01T20:00,26.7,89,7.0,0.0,32.1
W32,South-East Zone,11280,20.279615909917926,85.86953259650512,2026-09-01T21:00,26.5,90,7.8,0.0,31.9
W32,South-East Zone,11280,20.279615909917926,85.86953259650512,2026-09-01T22:00,26.5,91,9.3,0.0,31.7
W32,South-East Zone,11280,20.279615909917926,85.86953259650512,2026-09-01T23:00,26.5,91,10.2,0.0,31.6
W18,North Zone,13094,20.29219177643881,85.87574392078055,2026-08-28T00:00,26.9,95,9.0,0.0,32.9
W18,North Zone,13094,20.29219177643881,85.87574392078055,2026-08-28T01:00,26.9,95,10.7,0.0,32.7
W18,North Zone,13094,20.29219177643881,85.87574392078055,2026-08-28T02:00,26.9,93,12.0,0.0,32.3
W18,North Zone,13094,20.29219177643881,85.87574392078055,2026-08-28T03:00,26.5,92,12.4,0.0,31.5
W18,North Zone,13094,20.29219177643881,85.87574392078055,2026-08-28T04:00,26.3,91,11.4,0.0,31.1
W18,North Zone,13094,20.29219177643881,85.87574392078055,2026-08-28T05:00,26.3,90,11.1,0.0,31.0
W18,North Zone,13094,20.29219177643881,85.87574392078055,2026-08-28T06:00,26.9,88,11.1,42.0,31.7
W18,North Zone,13094,20.29219177643881,85.87574392078055,2026-08-28T07:00,28.3,82,13.0,212.0,33.1
W18,North Zone,13094,20.29219177643881,85.87574392078055,2026-08-28T08:00,29.5,77,16.0,416.0,33.9
W18,North Zone,13094,20.29219177643881,85.87574392078055,2026-08-28T09:00,30.5,74,15.7,616.0,35.5
W18,North Zone,13094,20.29219177643881,85.87574392078055,2026-08-28T10:00,31.3,73,13.5,708.0,37.5
W18,North Zone,13094,20.29219177643881,85.87574392078055,2026-08-28T11:00,31.6,71,11.5,738.0,38.1
W18,North Zone,13094,20.29219177643881,85.87574392078055,2026-08-28T12:00,28.8,85,13.5,469.0,34.3
W18,North Zone,13094,20.29219177643881,85.87574392078055,2026-08-28T13:00,29.2,83,7.0,451.0,35.7
W18,North Zone,13094,20.29219177643881,85.87574392078055,2026-08-28T14:00,30.0,84,5.3,346.0,37.3
W18,North Zone,13094,20.29219177643881,85.87574392078055,2026-08-28T15:00,29.4,88,4.6,297.0,36.9
W18,North Zone,13094,20.29219177643881,85.87574392078055,2026-08-28T16:00,26.9,92,8.7,171.0,32.6
W18,North Zone,13094,20.29219177643881,85.87574392078055,2026-08-28T17:00,26.7,94,0.4,61.0,33.8
W18,North Zone,13094,20.29219177643881,85.87574392078055,2026-08-28T18:00,26.8,95,4.6,6.0,33.5
W18,North Zone,13094,20.29219177643881,85.87574392078055,2026-08-28T19:00,26.5,97,8.5,0.0,32.6
W18,North Zone,13094,20.29219177643881,85.87574392078055,2026-08-28T20:00,26.2,97,8.8,0.0,32.1
W18,North Zone,13094,20.29219177643881,85.87574392078055,2026-08-28T21:00,26.1,97,8.7,0.0,31.9
W18,North Zone,13094,20.29219177643881,85.87574392078055,2026-08-28T22:00,26.0,97,9.5,0.0,31.7
W18,North Zone,13094,20.29219177643881,85.87574392078055,2026-08-28T23:00,26.1,97,8.7,0.0,31.9
W18,North Zone,13094,20.29219177643881,85.87574392078055,2026-08-29T00:00,26.2,97,8.8,0.0,32.0
W18,North Zone,13094,20.29219177643881,85.87574392078055,2026-08-29T01:00,26.2,96,8.3,0.0,32.1
W18,North Zone,13094,20.29219177643881,85.87574392078055,2026-08-29T02:00,26.3,96,8.7,0.0,32.1
W18,North Zone,13094,20.29219177643881,85.87574392078055,2026-08-29T03:00,25.2,98,11.7,0.0,30.1
W18,North Zone,13094,20.29219177643881,85.87574392078055,2026-08-29T04:00,25.5,98,9.7,0.0,30.8
W18,North Zone,13094,20.29219177643881,85.87574392078055,2026-08-29T05:00,25.7,97,10.1,0.0,31.1
W18,North Zone,13094,20.29219177643881,85.87574392078055,2026-08-29T06:00,26.2,98,8.6,28.0,32.1
W18,North Zone,13094,20.29219177643881,85.87574392078055,2026-08-29T07:00,26.9,97,6.8,106.0,33.6
W18,North Zone,13094,20.29219177643881,85.87574392078055,2026-08-29T08:00,28.2,92,7.8,250.0,34.9
W18,North Zone,13094,20.29219177643881,85.87574392078055,2026-08-29T09:00,29.4,83,9.4,428.0,35.6
W18,North Zone,13094,20.29219177643881,85.87574392078055,2026-08-29T10:00,29.8,82,9.3,419.0,36.0
W18,North Zone,13094,20.29219177643881,85.87574392078055,2026-08-29T11:00,29.7,80,10.1,309.0,35.5
W18,North Zone,13094,20.29219177643881,85.87574392078055,2026-08-29T12:00,29.9,78,11.3,323.0,35.4
W18,North Zone,13094,20.29219177643881,85.87574392078055,2026-08-29T13:00,30.2,76,11.7,333.0,35.5
W18,North Zone,13094,20.29219177643881,85.87574392078055,2026-08-29T14:00,30.2,77,9.6,258.0,36.0
W18,North Zone,13094,20.29219177643881,85.87574392078055,2026-08-29T15:00,30.3,77,9.5,240.0,36.1
W18,North Zone,13094,20.29219177643881,85.87574392078055,2026-08-29T16:00,29.2,85,9.0,113.0,35.6
W18,North Zone,13094,20.29219177643881,85.87574392078055,2026-08-29T17:00,27.1,95,7.2,53.0,33.6
W18,North Zone,13094,20.29219177643881,85.87574392078055,2026-08-29T18:00,26.8,97,10.2,1.0,32.9
W18,North Zone,13094,20.29219177643881,85.87574392078055,2026-08-29T19:00,26.7,97,8.2,0.0,33.0
W18,North Zone,13094,20.29219177643881,85.87574392078055,2026-08-29T20:00,26.4,97,8.8,0.0,32.4
W18,North Zone,13094,20.29219177643881,85.87574392078055,2026-08-29T21:00,26.3,97,7.8,0.0,32.4
W18,North Zone,13094,20.29219177643881,85.87574392078055,2026-08-29T22:00,26.1,97,8.3,0.0,32.0
W18,North Zone,13094,20.29219177643881,85.87574392078055,2026-08-29T23:00,24.9,99,12.5,0.0,29.7
W18,North Zone,13094,20.29219177643881,85.87574392078055,2026-08-30T00:00,25.1,99,8.3,0.0,30.6
W18,North Zone,13094,20.29219177643881,85.87574392078055,2026-08-30T01:00,25.4,99,9.6,0.0,30.7
W18,North Zone,13094,20.29219177643881,85.87574392078055,2026-08-30T02:00,25.6,98,9.7,0.0,31.1
W18,North Zone,13094,20.29219177643881,85.87574392078055,2026-08-30T03:00,25.8,97,9.8,0.0,31.3
W18,North Zone,13094,20.29219177643881,85.87574392078055,2026-08-30T04:00,25.8,97,8.1,0.0,31.5
W18,North Zone,13094,20.29219177643881,85.87574392078055,2026-08-30T05:00,25.7,99,9.0,0.0,31.3
W18,North Zone,13094,20.29219177643881,85.87574392078055,2026-08-30T06:00,25.8,98,7.9,18.0,31.7
W18,North Zone,13094,20.29219177643881,85.87574392078055,2026-08-30T07:00,26.3,95,8.3,63.0,32.1
W18,North Zone,13094,20.29219177643881,85.87574392078055,2026-08-30T08:00,26.2,95,9.7,116.0,31.8
W18,North Zone,13094,20.29219177643881,85.87574392078055,2026-08-30T09:00,26.1,93,7.8,155.0,31.5
W18,North Zone,13094,20.29219177643881,85.87574392078055,2026-08-30T10:00,26.9,93,7.2,197.0,33.0
W18,North Zone,13094,20.29219177643881,85.87574392078055,2026-08-30T11:00,26.8,93,8.5,156.0,32.6
W18,North Zone,13094,20.29219177643881,85.87574392078055,2026-08-30T12:00,28.0,89,7.9,345.0,34.1
W18,North Zone,13094,20.29219177643881,85.87574392078055,2026-08-30T13:00,29.0,83,10.7,334.0,34.7
W18,North Zone,13094,20.29219177643881,85.87574392078055,2026-08-30T14:00,29.6,79,12.1,389.0,34.8
W18,North Zone,13094,20.29219177643881,85.87574392078055,2026-08-30T15:00,29.9,76,13.0,333.0,34.9
W18,North Zone,13094,20.29219177643881,85.87574392078055,2026-08-30T16:00,29.6,78,12.7,221.0,34.6
W18,North Zone,13094,20.29219177643881,85.87574392078055,2026-08-30T17:00,29.0,81,9.0,110.0,34.7
W18,North Zone,13094,20.29219177643881,85.87574392078055,2026-08-30T18:00,28.1,85,8.2,10.0,33.9
W18,North Zone,13094,20.29219177643881,85.87574392078055,2026-08-30T19:00,27.9,86,8.3,0.0,33.7
W18,North Zone,13094,20.29219177643881,85.87574392078055,2026-08-30T20:00,27.1,88,6.2,0.0,32.9
W18,North Zone,13094,20.29219177643881,85.87574392078055,2026-08-30T21:00,26.7,93,5.5,0.0,33.0
W18,North Zone,13094,20.29219177643881,85.87574392078055,2026-08-30T22:00,26.4,95,5.1,0.0,32.7
W18,North Zone,13094,20.29219177643881,85.87574392078055,2026-08-30T23:00,26.2,96,8.0,0.0,32.0
W18,North Zone,13094,20.29219177643881,85.87574392078055,2026-08-31T00:00,26.0,95,11.5,0.0,31.0
W18,North Zone,13094,20.29219177643881,85.87574392078055,2026-08-31T01:00,25.7,94,11.3,0.0,30.5
W18,North Zone,13094,20.29219177643881,85.87574392078055,2026-08-31T02:00,25.4,94,10.8,0.0,30.1
W18,North Zone,13094,20.29219177643881,85.87574392078055,2026-08-31T03:00,25.4,94,10.2,0.0,30.1
W18,North Zone,13094,20.29219177643881,85.87574392078055,2026-08-31T04:00,25.5,92,10.1,0.0,30.2
W18,North Zone,13094,20.29219177643881,85.87574392078055,2026-08-31T05:00,25.5,92,9.0,0.0,30.3
W18,North Zone,13094,20.29219177643881,85.87574392078055,2026-08-31T06:00,25.7,92,8.5,19.0,30.7
W18,North Zone,13094,20.29219177643881,85.87574392078055,2026-08-31T07:00,26.5,88,9.2,100.0,31.5
W18,North Zone,13094,20.29219177643881,85.87574392078055,2026-08-31T08:00,27.1,86,9.3,159.0,32.3
W18,North Zone,13094,20.29219177643881,85.87574392078055,2026-08-31T09:00,27.5,85,12.4,239.0,32.2
W18,North Zone,13094,20.29219177643881,85.87574392078055,2026-08-31T10:00,28.0,82,16.6,418.0,31.9
W18,North Zone,13094,20.29219177643881,85.87574392078055,2026-08-31T11:00,28.3,79,15.4,306.0,32.3
W18,North Zone,13094,20.29219177643881,85.87574392078055,2026-08-31T12:00,29.0,76,16.6,446.0,32.8
W18,North Zone,13094,20.29219177643881,85.87574392078055,2026-08-31T13:00,29.7,72,17.3,469.0,33.3
W18,North Zone,13094,20.29219177643881,85.87574392078055,2026-08-31T14:00,30.1,70,17.4,456.0,33.7
W18,North Zone,13094,20.29219177643881,85.87574392078055,2026-08-31T15:00,29.9,71,16.8,437.0,33.6
W18,North Zone,13094,20.29219177643881,85.87574392078055,2026-08-31T16:00,29.3,74,15.7,304.0,33.2
W18,North Zone,13094,20.29219177643881,85.87574392078055,2026-08-31T17:00,28.8,76,14.8,138.0,32.8
W18,North Zone,13094,20.29219177643881,85.87574392078055,2026-08-31T18:00,28.4,78,13.7,9.0,32.5
W18,North Zone,13094,20.29219177643881,85.87574392078055,2026-08-31T19:00,28.0,79,12.4,0.0,32.2
W18,North Zone,13094,20.29219177643881,85.87574392078055,2026-08-31T20:00,27.6,80,11.4,0.0,31.9
W18,North Zone,13094,20.29219177643881,85.87574392078055,2026-08-31T21:00,27.2,82,10.1,0.0,31.7
W18,North Zone,13094,20.29219177643881,85.87574392078055,2026-08-31T22:00,26.9,84,9.1,0.0,31.6
W18,North Zone,13094,20.29219177643881,85.87574392078055,2026-08-31T23:00,26.6,85,9.0,0.0,31.3
W18,North Zone,13094,20.29219177643881,85.87574392078055,2026-09-01T00:00,26.6,84,9.8,0.0,31.0
W18,North Zone,13094,20.29219177643881,85.87574392078055,2026-09-01T01:00,26.6,83,11.2,0.0,30.7
W18,North Zone,13094,20.29219177643881,85.87574392078055,2026-09-01T02:00,26.6,82,11.7,0.0,30.6
W18,North Zone,13094,20.29219177643881,85.87574392078055,2026-09-01T03:00,26.5,83,10.9,0.0,30.6
W18,North Zone,13094,20.29219177643881,85.87574392078055,2026-09-01T04:00,26.2,85,10.0,0.0,30.6
W18,North Zone,13094,20.29219177643881,85.87574392078055,2026-09-01T05:00,26.3,86,9.9,0.0,30.7
W18,North Zone,13094,20.29219177643881,85.87574392078055,2026-09-01T06:00,26.8,84,10.5,24.0,31.2
W18,North Zone,13094,20.29219177643881,85.87574392078055,2026-09-01T07:00,27.5,81,11.0,104.0,31.9
W18,North Zone,13094,20.29219177643881,85.87574392078055,2026-09-01T08:00,28.1,78,11.5,181.0,32.5
W18,North Zone,13094,20.29219177643881,85.87574392078055,2026-09-01T09:00,28.4,77,11.6,238.0,32.8
W18,North Zone,13094,20.29219177643881,85.87574392078055,2026-09-01T10:00,28.6,76,12.7,292.0,32.9
W18,North Zone,13094,20.29219177643881,85.87574392078055,2026-09-01T11:00,28.8,76,14.0,334.0,32.9
W18,North Zone,13094,20.29219177643881,85.87574392078055,2026-09-01T12:00,29.2,74,14.8,340.0,33.2
W18,North Zone,13094,20.29219177643881,85.87574392078055,2026-09-01T13:00,29.6,72,15.2,360.0,33.4
W18,North Zone,13094,20.29219177643881,85.87574392078055,2026-09-01T14:00,29.8,71,14.8,363.0,33.7
W18,North Zone,13094,20.29219177643881,85.87574392078055,2026-09-01T15:00,29.5,74,13.2,394.0,34.0
W18,North Zone,13094,20.29219177643881,85.87574392078055,2026-09-01T16:00,29.0,80,10.9,270.0,34.2
W18,North Zone,13094,20.29219177643881,85.87574392078055,2026-09-01T17:00,28.4,84,9.3,115.0,34.1
W18,North Zone,13094,20.29219177643881,85.87574392078055,2026-09-01T18:00,27.8,86,8.1,6.0,33.6
W18,North Zone,13094,20.29219177643881,85.87574392078055,2026-09-01T19:00,27.2,88,7.2,0.0,32.8
W18,North Zone,13094,20.29219177643881,85.87574392078055,2026-09-01T20:00,26.7,89,7.0,0.0,32.1
W18,North Zone,13094,20.29219177643881,85.87574392078055,2026-09-01T21:00,26.5,90,7.8,0.0,31.9
W18,North Zone,13094,20.29219177643881,85.87574392078055,2026-09-01T22:00,26.5,91,9.3,0.0,31.7
W18,North Zone,13094,20.29219177643881,85.87574392078055,2026-09-01T23:00,26.5,91,10.2,0.0,31.6
W14,North Zone,13522,20.32568679207359,85.80378900452766,2026-08-28T00:00,26.9,95,9.0,0.0,32.9
W14,North Zone,13522,20.32568679207359,85.80378900452766,2026-08-28T01:00,26.9,95,10.7,0.0,32.7
W14,North Zone,13522,20.32568679207359,85.80378900452766,2026-08-28T02:00,26.9,93,12.0,0.0,32.3
W14,North Zone,13522,20.32568679207359,85.80378900452766,2026-08-28T03:00,26.5,92,12.4,0.0,31.5
W14,North Zone,13522,20.32568679207359,85.80378900452766,2026-08-28T04:00,26.3,91,11.4,0.0,31.1
W14,North Zone,13522,20.32568679207359,85.80378900452766,2026-08-28T05:00,26.3,90,11.1,0.0,31.0
W14,North Zone,13522,20.32568679207359,85.80378900452766,2026-08-28T06:00,26.9,88,11.1,42.0,31.7
W14,North Zone,13522,20.32568679207359,85.80378900452766,2026-08-28T07:00,28.3,82,13.0,212.0,33.1
W14,North Zone,13522,20.32568679207359,85.80378900452766,2026-08-28T08:00,29.5,77,16.0,416.0,33.9
W14,North Zone,13522,20.32568679207359,85.80378900452766,2026-08-28T09:00,30.5,74,15.7,616.0,35.5
W14,North Zone,13522,20.32568679207359,85.80378900452766,2026-08-28T10:00,31.3,73,13.5,708.0,37.5
W14,North Zone,13522,20.32568679207359,85.80378900452766,2026-08-28T11:00,31.6,71,11.5,738.0,38.1
W14,North Zone,13522,20.32568679207359,85.80378900452766,2026-08-28T12:00,28.8,85,13.5,469.0,34.3
W14,North Zone,13522,20.32568679207359,85.80378900452766,2026-08-28T13:00,29.2,83,7.0,451.0,35.7
W14,North Zone,13522,20.32568679207359,85.80378900452766,2026-08-28T14:00,30.0,84,5.3,346.0,37.3
W14,North Zone,13522,20.32568679207359,85.80378900452766,2026-08-28T15:00,29.4,88,4.6,297.0,36.9
W14,North Zone,13522,20.32568679207359,85.80378900452766,2026-08-28T16:00,26.9,92,8.7,171.0,32.6
W14,North Zone,13522,20.32568679207359,85.80378900452766,2026-08-28T17:00,26.7,94,0.4,61.0,33.8
W14,North Zone,13522,20.32568679207359,85.80378900452766,2026-08-28T18:00,26.8,95,4.6,6.0,33.5
W14,North Zone,13522,20.32568679207359,85.80378900452766,2026-08-28T19:00,26.5,97,8.5,0.0,32.6
W14,North Zone,13522,20.32568679207359,85.80378900452766,2026-08-28T20:00,26.2,97,8.8,0.0,32.1
W14,North Zone,13522,20.32568679207359,85.80378900452766,2026-08-28T21:00,26.1,97,8.7,0.0,31.9
W14,North Zone,13522,20.32568679207359,85.80378900452766,2026-08-28T22:00,26.0,97,9.5,0.0,31.7
W14,North Zone,13522,20.32568679207359,85.80378900452766,2026-08-28T23:00,26.1,97,8.7,0.0,31.9
W14,North Zone,13522,20.32568679207359,85.80378900452766,2026-08-29T00:00,26.2,97,8.8,0.0,32.0
W14,North Zone,13522,20.32568679207359,85.80378900452766,2026-08-29T01:00,26.2,96,8.3,0.0,32.1
W14,North Zone,13522,20.32568679207359,85.80378900452766,2026-08-29T02:00,26.3,96,8.7,0.0,32.1
W14,North Zone,13522,20.32568679207359,85.80378900452766,2026-08-29T03:00,25.2,98,11.7,0.0,30.1
W14,North Zone,13522,20.32568679207359,85.80378900452766,2026-08-29T04:00,25.5,98,9.7,0.0,30.8
W14,North Zone,13522,20.32568679207359,85.80378900452766,2026-08-29T05:00,25.7,97,10.1,0.0,31.1
W14,North Zone,13522,20.32568679207359,85.80378900452766,2026-08-29T06:00,26.2,98,8.6,28.0,32.1
W14,North Zone,13522,20.32568679207359,85.80378900452766,2026-08-29T07:00,26.9,97,6.8,106.0,33.6
W14,North Zone,13522,20.32568679207359,85.80378900452766,2026-08-29T08:00,28.2,92,7.8,250.0,34.9
W14,North Zone,13522,20.32568679207359,85.80378900452766,2026-08-29T09:00,29.4,83,9.4,428.0,35.6
W14,North Zone,13522,20.32568679207359,85.80378900452766,2026-08-29T10:00,29.8,82,9.3,419.0,36.0
W14,North Zone,13522,20.32568679207359,85.80378900452766,2026-08-29T11:00,29.7,80,10.1,309.0,35.5
W14,North Zone,13522,20.32568679207359,85.80378900452766,2026-08-29T12:00,29.9,78,11.3,323.0,35.4
W14,North Zone,13522,20.32568679207359,85.80378900452766,2026-08-29T13:00,30.2,76,11.7,333.0,35.5
W14,North Zone,13522,20.32568679207359,85.80378900452766,2026-08-29T14:00,30.2,77,9.6,258.0,36.0
W14,North Zone,13522,20.32568679207359,85.80378900452766,2026-08-29T15:00,30.3,77,9.5,240.0,36.1
W14,North Zone,13522,20.32568679207359,85.80378900452766,2026-08-29T16:00,29.2,85,9.0,113.0,35.6
W14,North Zone,13522,20.32568679207359,85.80378900452766,2026-08-29T17:00,27.1,95,7.2,53.0,33.6
W14,North Zone,13522,20.32568679207359,85.80378900452766,2026-08-29T18:00,26.8,97,10.2,1.0,32.9
W14,North Zone,13522,20.32568679207359,85.80378900452766,2026-08-29T19:00,26.7,97,8.2,0.0,33.0
W14,North Zone,13522,20.32568679207359,85.80378900452766,2026-08-29T20:00,26.4,97,8.8,0.0,32.4
W14,North Zone,13522,20.32568679207359,85.80378900452766,2026-08-29T21:00,26.3,97,7.8,0.0,32.4
W14,North Zone,13522,20.32568679207359,85.80378900452766,2026-08-29T22:00,26.1,97,8.3,0.0,32.0
W14,North Zone,13522,20.32568679207359,85.80378900452766,2026-08-29T23:00,24.9,99,12.5,0.0,29.7
W14,North Zone,13522,20.32568679207359,85.80378900452766,2026-08-30T00:00,25.1,99,8.3,0.0,30.6
W14,North Zone,13522,20.32568679207359,85.80378900452766,2026-08-30T01:00,25.4,99,9.6,0.0,30.7
W14,North Zone,13522,20.32568679207359,85.80378900452766,2026-08-30T02:00,25.6,98,9.7,0.0,31.1
W14,North Zone,13522,20.32568679207359,85.80378900452766,2026-08-30T03:00,25.8,97,9.8,0.0,31.3
W14,North Zone,13522,20.32568679207359,85.80378900452766,2026-08-30T04:00,25.8,97,8.1,0.0,31.5
W14,North Zone,13522,20.32568679207359,85.80378900452766,2026-08-30T05:00,25.7,99,9.0,0.0,31.3
W14,North Zone,13522,20.32568679207359,85.80378900452766,2026-08-30T06:00,25.8,98,7.9,18.0,31.7
W14,North Zone,13522,20.32568679207359,85.80378900452766,2026-08-30T07:00,26.3,95,8.3,63.0,32.1
W14,North Zone,13522,20.32568679207359,85.80378900452766,2026-08-30T08:00,26.2,95,9.7,116.0,31.8
W14,North Zone,13522,20.32568679207359,85.80378900452766,2026-08-30T09:00,26.1,93,7.8,155.0,31.5
W14,North Zone,13522,20.32568679207359,85.80378900452766,2026-08-30T10:00,26.9,93,7.2,197.0,33.0
W14,North Zone,13522,20.32568679207359,85.80378900452766,2026-08-30T11:00,26.8,93,8.5,156.0,32.6
W14,North Zone,13522,20.32568679207359,85.80378900452766,2026-08-30T12:00,28.0,89,7.9,345.0,34.1
W14,North Zone,13522,20.32568679207359,85.80378900452766,2026-08-30T13:00,29.0,83,10.7,334.0,34.7
W14,North Zone,13522,20.32568679207359,85.80378900452766,2026-08-30T14:00,29.6,79,12.1,389.0,34.8
W14,North Zone,13522,20.32568679207359,85.80378900452766,2026-08-30T15:00,29.9,76,13.0,333.0,34.9
W14,North Zone,13522,20.32568679207359,85.80378900452766,2026-08-30T16:00,29.6,78,12.7,221.0,34.6
W14,North Zone,13522,20.32568679207359,85.80378900452766,2026-08-30T17:00,29.0,81,9.0,110.0,34.7
W14,North Zone,13522,20.32568679207359,85.80378900452766,2026-08-30T18:00,28.1,85,8.2,10.0,33.9
W14,North Zone,13522,20.32568679207359,85.80378900452766,2026-08-30T19:00,27.9,86,8.3,0.0,33.7
W14,North Zone,13522,20.32568679207359,85.80378900452766,2026-08-30T20:00,27.1,88,6.2,0.0,32.9
W14,North Zone,13522,20.32568679207359,85.80378900452766,2026-08-30T21:00,26.7,93,5.5,0.0,33.0
W14,North Zone,13522,20.32568679207359,85.80378900452766,2026-08-30T22:00,26.4,95,5.1,0.0,32.7
W14,North Zone,13522,20.32568679207359,85.80378900452766,2026-08-30T23:00,26.2,96,8.0,0.0,32.0
W14,North Zone,13522,20.32568679207359,85.80378900452766,2026-08-31T00:00,26.0,95,11.5,0.0,31.0
W14,North Zone,13522,20.32568679207359,85.80378900452766,2026-08-31T01:00,25.7,94,11.3,0.0,30.5
W14,North Zone,13522,20.32568679207359,85.80378900452766,2026-08-31T02:00,25.4,94,10.8,0.0,30.1
W14,North Zone,13522,20.32568679207359,85.80378900452766,2026-08-31T03:00,25.4,94,10.2,0.0,30.1
W14,North Zone,13522,20.32568679207359,85.80378900452766,2026-08-31T04:00,25.5,92,10.1,0.0,30.2
W14,North Zone,13522,20.32568679207359,85.80378900452766,2026-08-31T05:00,25.5,92,9.0,0.0,30.3
W14,North Zone,13522,20.32568679207359,85.80378900452766,2026-08-31T06:00,25.7,92,8.5,19.0,30.7
W14,North Zone,13522,20.32568679207359,85.80378900452766,2026-08-31T07:00,26.5,88,9.2,100.0,31.5
W14,North Zone,13522,20.32568679207359,85.80378900452766,2026-08-31T08:00,27.1,86,9.3,159.0,32.3
W14,North Zone,13522,20.32568679207359,85.80378900452766,2026-08-31T09:00,27.5,85,12.4,239.0,32.2
W14,North Zone,13522,20.32568679207359,85.80378900452766,2026-08-31T10:00,28.0,82,16.6,418.0,31.9
W14,North Zone,13522,20.32568679207359,85.80378900452766,2026-08-31T11:00,28.3,79,15.4,306.0,32.3
W14,North Zone,13522,20.32568679207359,85.80378900452766,2026-08-31T12:00,29.0,76,16.6,446.0,32.8
W14,North Zone,13522,20.32568679207359,85.80378900452766,2026-08-31T13:00,29.7,72,17.3,469.0,33.3
W14,North Zone,13522,20.32568679207359,85.80378900452766,2026-08-31T14:00,30.1,70,17.4,456.0,33.7
W14,North Zone,13522,20.32568679207359,85.80378900452766,2026-08-31T15:00,29.9,71,16.8,437.0,33.6
W14,North Zone,13522,20.32568679207359,85.80378900452766,2026-08-31T16:00,29.3,74,15.7,304.0,33.2
W14,North Zone,13522,20.32568679207359,85.80378900452766,2026-08-31T17:00,28.8,76,14.8,138.0,32.8
W14,North Zone,13522,20.32568679207359,85.80378900452766,2026-08-31T18:00,28.4,78,13.7,9.0,32.5
W14,North Zone,13522,20.32568679207359,85.80378900452766,2026-08-31T19:00,28.0,79,12.4,0.0,32.2
W14,North Zone,13522,20.32568679207359,85.80378900452766,2026-08-31T20:00,27.6,80,11.4,0.0,31.9
W14,North Zone,13522,20.32568679207359,85.80378900452766,2026-08-31T21:00,27.2,82,10.1,0.0,31.7
W14,North Zone,13522,20.32568679207359,85.80378900452766,2026-08-31T22:00,26.9,84,9.1,0.0,31.6
W14,North Zone,13522,20.32568679207359,85.80378900452766,2026-08-31T23:00,26.6,85,9.0,0.0,31.3
W14,North Zone,13522,20.32568679207359,85.80378900452766,2026-09-01T00:00,26.6,84,9.8,0.0,31.0
W14,North Zone,13522,20.32568679207359,85.80378900452766,2026-09-01T01:00,26.6,83,11.2,0.0,30.7
W14,North Zone,13522,20.32568679207359,85.80378900452766,2026-09-01T02:00,26.6,82,11.7,0.0,30.6
W14,North Zone,13522,20.32568679207359,85.80378900452766,2026-09-01T03:00,26.5,83,10.9,0.0,30.6
W14,North Zone,13522,20.32568679207359,85.80378900452766,2026-09-01T04:00,26.2,85,10.0,0.0,30.6
W14,North Zone,13522,20.32568679207359,85.80378900452766,2026-09-01T05:00,26.3,86,9.9,0.0,30.7
W14,North Zone,13522,20.32568679207359,85.80378900452766,2026-09-01T06:00,26.8,84,10.5,24.0,31.2
W14,North Zone,13522,20.32568679207359,85.80378900452766,2026-09-01T07:00,27.5,81,11.0,104.0,31.9
W14,North Zone,13522,20.32568679207359,85.80378900452766,2026-09-01T08:00,28.1,78,11.5,181.0,32.5
W14,North Zone,13522,20.32568679207359,85.80378900452766,2026-09-01T09:00,28.4,77,11.6,238.0,32.8
W14,North Zone,13522,20.32568679207359,85.80378900452766,2026-09-01T10:00,28.6,76,12.7,292.0,32.9
W14,North Zone,13522,20.32568679207359,85.80378900452766,2026-09-01T11:00,28.8,76,14.0,334.0,32.9
W14,North Zone,13522,20.32568679207359,85.80378900452766,2026-09-01T12:00,29.2,74,14.8,340.0,33.2
W14,North Zone,13522,20.32568679207359,85.80378900452766,2026-09-01T13:00,29.6,72,15.2,360.0,33.4
W14,North Zone,13522,20.32568679207359,85.80378900452766,2026-09-01T14:00,29.8,71,14.8,363.0,33.7
W14,North Zone,13522,20.32568679207359,85.80378900452766,2026-09-01T15:00,29.5,74,13.2,394.0,34.0
W14,North Zone,13522,20.32568679207359,85.80378900452766,2026-09-01T16:00,29.0,80,10.9,270.0,34.2
W14,North Zone,13522,20.32568679207359,85.80378900452766,2026-09-01T17:00,28.4,84,9.3,115.0,34.1
W14,North Zone,13522,20.32568679207359,85.80378900452766,2026-09-01T18:00,27.8,86,8.1,6.0,33.6
W14,North Zone,13522,20.32568679207359,85.80378900452766,2026-09-01T19:00,27.2,88,7.2,0.0,32.8
W14,North Zone,13522,20.32568679207359,85.80378900452766,2026-09-01T20:00,26.7,89,7.0,0.0,32.1
W14,North Zone,13522,20.32568679207359,85.80378900452766,2026-09-01T21:00,26.5,90,7.8,0.0,31.9
W14,North Zone,13522,20.32568679207359,85.80378900452766,2026-09-01T22:00,26.5,91,9.3,0.0,31.7
W14,North Zone,13522,20.32568679207359,85.80378900452766,2026-09-01T23:00,26.5,91,10.2,0.0,31.6
W8,North Zone,13529,20.32445482327476,85.81427727046474,2026-08-28T00:00,26.9,95,9.0,0.0,32.9
W8,North Zone,13529,20.32445482327476,85.81427727046474,2026-08-28T01:00,26.9,95,10.7,0.0,32.7
W8,North Zone,13529,20.32445482327476,85.81427727046474,2026-08-28T02:00,26.9,93,12.0,0.0,32.3
W8,North Zone,13529,20.32445482327476,85.81427727046474,2026-08-28T03:00,26.5,92,12.4,0.0,31.5
W8,North Zone,13529,20.32445482327476,85.81427727046474,2026-08-28T04:00,26.3,91,11.4,0.0,31.1
W8,North Zone,13529,20.32445482327476,85.81427727046474,2026-08-28T05:00,26.3,90,11.1,0.0,31.0
W8,North Zone,13529,20.32445482327476,85.81427727046474,2026-08-28T06:00,26.9,88,11.1,42.0,31.7
W8,North Zone,13529,20.32445482327476,85.81427727046474,2026-08-28T07:00,28.3,82,13.0,212.0,33.1
W8,North Zone,13529,20.32445482327476,85.81427727046474,2026-08-28T08:00,29.5,77,16.0,416.0,33.9
W8,North Zone,13529,20.32445482327476,85.81427727046474,2026-08-28T09:00,30.5,74,15.7,616.0,35.5
W8,North Zone,13529,20.32445482327476,85.81427727046474,2026-08-28T10:00,31.3,73,13.5,708.0,37.5
W8,North Zone,13529,20.32445482327476,85.81427727046474,2026-08-28T11:00,31.6,71,11.5,738.0,38.1
W8,North Zone,13529,20.32445482327476,85.81427727046474,2026-08-28T12:00,28.8,85,13.5,469.0,34.3
W8,North Zone,13529,20.32445482327476,85.81427727046474,2026-08-28T13:00,29.2,83,7.0,451.0,35.7
W8,North Zone,13529,20.32445482327476,85.81427727046474,2026-08-28T14:00,30.0,84,5.3,346.0,37.3
W8,North Zone,13529,20.32445482327476,85.81427727046474,2026-08-28T15:00,29.4,88,4.6,297.0,36.9
W8,North Zone,13529,20.32445482327476,85.81427727046474,2026-08-28T16:00,26.9,92,8.7,171.0,32.6
W8,North Zone,13529,20.32445482327476,85.81427727046474,2026-08-28T17:00,26.7,94,0.4,61.0,33.8
W8,North Zone,13529,20.32445482327476,85.81427727046474,2026-08-28T18:00,26.8,95,4.6,6.0,33.5
W8,North Zone,13529,20.32445482327476,85.81427727046474,2026-08-28T19:00,26.5,97,8.5,0.0,32.6
W8,North Zone,13529,20.32445482327476,85.81427727046474,2026-08-28T20:00,26.2,97,8.8,0.0,32.1
W8,North Zone,13529,20.32445482327476,85.81427727046474,2026-08-28T21:00,26.1,97,8.7,0.0,31.9
W8,North Zone,13529,20.32445482327476,85.81427727046474,2026-08-28T22:00,26.0,97,9.5,0.0,31.7
W8,North Zone,13529,20.32445482327476,85.81427727046474,2026-08-28T23:00,26.1,97,8.7,0.0,31.9
W8,North Zone,13529,20.32445482327476,85.81427727046474,2026-08-29T00:00,26.2,97,8.8,0.0,32.0
W8,North Zone,13529,20.32445482327476,85.81427727046474,2026-08-29T01:00,26.2,96,8.3,0.0,32.1
W8,North Zone,13529,20.32445482327476,85.81427727046474,2026-08-29T02:00,26.3,96,8.7,0.0,32.1
W8,North Zone,13529,20.32445482327476,85.81427727046474,2026-08-29T03:00,25.2,98,11.7,0.0,30.1
W8,North Zone,13529,20.32445482327476,85.81427727046474,2026-08-29T04:00,25.5,98,9.7,0.0,30.8
W8,North Zone,13529,20.32445482327476,85.81427727046474,2026-08-29T05:00,25.7,97,10.1,0.0,31.1
W8,North Zone,13529,20.32445482327476,85.81427727046474,2026-08-29T06:00,26.2,98,8.6,28.0,32.1
W8,North Zone,13529,20.32445482327476,85.81427727046474,2026-08-29T07:00,26.9,97,6.8,106.0,33.6
W8,North Zone,13529,20.32445482327476,85.81427727046474,2026-08-29T08:00,28.2,92,7.8,250.0,34.9
W8,North Zone,13529,20.32445482327476,85.81427727046474,2026-08-29T09:00,29.4,83,9.4,428.0,35.6
W8,North Zone,13529,20.32445482327476,85.81427727046474,2026-08-29T10:00,29.8,82,9.3,419.0,36.0
W8,North Zone,13529,20.32445482327476,85.81427727046474,2026-08-29T11:00,29.7,80,10.1,309.0,35.5
W8,North Zone,13529,20.32445482327476,85.81427727046474,2026-08-29T12:00,29.9,78,11.3,323.0,35.4
W8,North Zone,13529,20.32445482327476,85.81427727046474,2026-08-29T13:00,30.2,76,11.7,333.0,35.5
W8,North Zone,13529,20.32445482327476,85.81427727046474,2026-08-29T14:00,30.2,77,9.6,258.0,36.0
W8,North Zone,13529,20.32445482327476,85.81427727046474,2026-08-29T15:00,30.3,77,9.5,240.0,36.1
W8,North Zone,13529,20.32445482327476,85.81427727046474,2026-08-29T16:00,29.2,85,9.0,113.0,35.6
W8,North Zone,13529,20.32445482327476,85.81427727046474,2026-08-29T17:00,27.1,95,7.2,53.0,33.6
W8,North Zone,13529,20.32445482327476,85.81427727046474,2026-08-29T18:00,26.8,97,10.2,1.0,32.9
W8,North Zone,13529,20.32445482327476,85.81427727046474,2026-08-29T19:00,26.7,97,8.2,0.0,33.0
W8,North Zone,13529,20.32445482327476,85.81427727046474,2026-08-29T20:00,26.4,97,8.8,0.0,32.4
W8,North Zone,13529,20.32445482327476,85.81427727046474,2026-08-29T21:00,26.3,97,7.8,0.0,32.4
W8,North Zone,13529,20.32445482327476,85.81427727046474,2026-08-29T22:00,26.1,97,8.3,0.0,32.0
W8,North Zone,13529,20.32445482327476,85.81427727046474,2026-08-29T23:00,24.9,99,12.5,0.0,29.7
W8,North Zone,13529,20.32445482327476,85.81427727046474,2026-08-30T00:00,25.1,99,8.3,0.0,30.6
W8,North Zone,13529,20.32445482327476,85.81427727046474,2026-08-30T01:00,25.4,99,9.6,0.0,30.7
W8,North Zone,13529,20.32445482327476,85.81427727046474,2026-08-30T02:00,25.6,98,9.7,0.0,31.1
W8,North Zone,13529,20.32445482327476,85.81427727046474,2026-08-30T03:00,25.8,97,9.8,0.0,31.3
W8,North Zone,13529,20.32445482327476,85.81427727046474,2026-08-30T04:00,25.8,97,8.1,0.0,31.5
W8,North Zone,13529,20.32445482327476,85.81427727046474,2026-08-30T05:00,25.7,99,9.0,0.0,31.3
W8,North Zone,13529,20.32445482327476,85.81427727046474,2026-08-30T06:00,25.8,98,7.9,18.0,31.7
W8,North Zone,13529,20.32445482327476,85.81427727046474,2026-08-30T07:00,26.3,95,8.3,63.0,32.1
W8,North Zone,13529,20.32445482327476,85.81427727046474,2026-08-30T08:00,26.2,95,9.7,116.0,31.8
W8,North Zone,13529,20.32445482327476,85.81427727046474,2026-08-30T09:00,26.1,93,7.8,155.0,31.5
W8,North Zone,13529,20.32445482327476,85.81427727046474,2026-08-30T10:00,26.9,93,7.2,197.0,33.0
W8,North Zone,13529,20.32445482327476,85.81427727046474,2026-08-30T11:00,26.8,93,8.5,156.0,32.6
W8,North Zone,13529,20.32445482327476,85.81427727046474,2026-08-30T12:00,28.0,89,7.9,345.0,34.1
W8,North Zone,13529,20.32445482327476,85.81427727046474,2026-08-30T13:00,29.0,83,10.7,334.0,34.7
W8,North Zone,13529,20.32445482327476,85.81427727046474,2026-08-30T14:00,29.6,79,12.1,389.0,34.8
W8,North Zone,13529,20.32445482327476,85.81427727046474,2026-08-30T15:00,29.9,76,13.0,333.0,34.9
W8,North Zone,13529,20.32445482327476,85.81427727046474,2026-08-30T16:00,29.6,78,12.7,221.0,34.6
W8,North Zone,13529,20.32445482327476,85.81427727046474,2026-08-30T17:00,29.0,81,9.0,110.0,34.7
W8,North Zone,13529,20.32445482327476,85.81427727046474,2026-08-30T18:00,28.1,85,8.2,10.0,33.9
W8,North Zone,13529,20.32445482327476,85.81427727046474,2026-08-30T19:00,27.9,86,8.3,0.0,33.7
W8,North Zone,13529,20.32445482327476,85.81427727046474,2026-08-30T20:00,27.1,88,6.2,0.0,32.9
W8,North Zone,13529,20.32445482327476,85.81427727046474,2026-08-30T21:00,26.7,93,5.5,0.0,33.0
W8,North Zone,13529,20.32445482327476,85.81427727046474,2026-08-30T22:00,26.4,95,5.1,0.0,32.7
W8,North Zone,13529,20.32445482327476,85.81427727046474,2026-08-30T23:00,26.2,96,8.0,0.0,32.0
W8,North Zone,13529,20.32445482327476,85.81427727046474,2026-08-31T00:00,26.0,95,11.5,0.0,31.0
W8,North Zone,13529,20.32445482327476,85.81427727046474,2026-08-31T01:00,25.7,94,11.3,0.0,30.5
W8,North Zone,13529,20.32445482327476,85.81427727046474,2026-08-31T02:00,25.4,94,10.8,0.0,30.1
W8,North Zone,13529,20.32445482327476,85.81427727046474,2026-08-31T03:00,25.4,94,10.2,0.0,30.1
W8,North Zone,13529,20.32445482327476,85.81427727046474,2026-08-31T04:00,25.5,92,10.1,0.0,30.2
W8,North Zone,13529,20.32445482327476,85.81427727046474,2026-08-31T05:00,25.5,92,9.0,0.0,30.3
W8,North Zone,13529,20.32445482327476,85.81427727046474,2026-08-31T06:00,25.7,92,8.5,19.0,30.7
W8,North Zone,13529,20.32445482327476,85.81427727046474,2026-08-31T07:00,26.5,88,9.2,100.0,31.5
W8,North Zone,13529,20.32445482327476,85.81427727046474,2026-08-31T08:00,27.1,86,9.3,159.0,32.3
W8,North Zone,13529,20.32445482327476,85.81427727046474,2026-08-31T09:00,27.5,85,12.4,239.0,32.2
W8,North Zone,13529,20.32445482327476,85.81427727046474,2026-08-31T10:00,28.0,82,16.6,418.0,31.9
W8,North Zone,13529,20.32445482327476,85.81427727046474,2026-08-31T11:00,28.3,79,15.4,306.0,32.3
W8,North Zone,13529,20.32445482327476,85.81427727046474,2026-08-31T12:00,29.0,76,16.6,446.0,32.8
W8,North Zone,13529,20.32445482327476,85.81427727046474,2026-08-31T13:00,29.7,72,17.3,469.0,33.3
W8,North Zone,13529,20.32445482327476,85.81427727046474,2026-08-31T14:00,30.1,70,17.4,456.0,33.7
W8,North Zone,13529,20.32445482327476,85.81427727046474,2026-08-31T15:00,29.9,71,16.8,437.0,33.6
W8,North Zone,13529,20.32445482327476,85.81427727046474,2026-08-31T16:00,29.3,74,15.7,304.0,33.2
W8,North Zone,13529,20.32445482327476,85.81427727046474,2026-08-31T17:00,28.8,76,14.8,138.0,32.8
W8,North Zone,13529,20.32445482327476,85.81427727046474,2026-08-31T18:00,28.4,78,13.7,9.0,32.5
W8,North Zone,13529,20.32445482327476,85.81427727046474,2026-08-31T19:00,28.0,79,12.4,0.0,32.2
W8,North Zone,13529,20.32445482327476,85.81427727046474,2026-08-31T20:00,27.6,80,11.4,0.0,31.9
W8,North Zone,13529,20.32445482327476,85.81427727046474,2026-08-31T21:00,27.2,82,10.1,0.0,31.7
W8,North Zone,13529,20.32445482327476,85.81427727046474,2026-08-31T22:00,26.9,84,9.1,0.0,31.6
W8,North Zone,13529,20.32445482327476,85.81427727046474,2026-08-31T23:00,26.6,85,9.0,0.0,31.3
W8,North Zone,13529,20.32445482327476,85.81427727046474,2026-09-01T00:00,26.6,84,9.8,0.0,31.0
W8,North Zone,13529,20.32445482327476,85.81427727046474,2026-09-01T01:00,26.6,83,11.2,0.0,30.7
W8,North Zone,13529,20.32445482327476,85.81427727046474,2026-09-01T02:00,26.6,82,11.7,0.0,30.6
W8,North Zone,13529,20.32445482327476,85.81427727046474,2026-09-01T03:00,26.5,83,10.9,0.0,30.6
W8,North Zone,13529,20.32445482327476,85.81427727046474,2026-09-01T04:00,26.2,85,10.0,0.0,30.6
W8,North Zone,13529,20.32445482327476,85.81427727046474,2026-09-01T05:00,26.3,86,9.9,0.0,30.7
W8,North Zone,13529,20.32445482327476,85.81427727046474,2026-09-01T06:00,26.8,84,10.5,24.0,31.2
W8,North Zone,13529,20.32445482327476,85.81427727046474,2026-09-01T07:00,27.5,81,11.0,104.0,31.9
W8,North Zone,13529,20.32445482327476,85.81427727046474,2026-09-01T08:00,28.1,78,11.5,181.0,32.5
W8,North Zone,13529,20.32445482327476,85.81427727046474,2026-09-01T09:00,28.4,77,11.6,238.0,32.8
W8,North Zone,13529,20.32445482327476,85.81427727046474,2026-09-01T10:00,28.6,76,12.7,292.0,32.9
W8,North Zone,13529,20.32445482327476,85.81427727046474,2026-09-01T11:00,28.8,76,14.0,334.0,32.9
W8,North Zone,13529,20.32445482327476,85.81427727046474,2026-09-01T12:00,29.2,74,14.8,340.0,33.2
W8,North Zone,13529,20.32445482327476,85.81427727046474,2026-09-01T13:00,29.6,72,15.2,360.0,33.4
W8,North Zone,13529,20.32445482327476,85.81427727046474,2026-09-01T14:00,29.8,71,14.8,363.0,33.7
W8,North Zone,13529,20.32445482327476,85.81427727046474,2026-09-01T15:00,29.5,74,13.2,394.0,34.0
W8,North Zone,13529,20.32445482327476,85.81427727046474,2026-09-01T16:00,29.0,80,10.9,270.0,34.2
W8,North Zone,13529,20.32445482327476,85.81427727046474,2026-09-01T17:00,28.4,84,9.3,115.0,34.1
W8,North Zone,13529,20.32445482327476,85.81427727046474,2026-09-01T18:00,27.8,86,8.1,6.0,33.6
W8,North Zone,13529,20.32445482327476,85.81427727046474,2026-09-01T19:00,27.2,88,7.2,0.0,32.8
W8,North Zone,13529,20.32445482327476,85.81427727046474,2026-09-01T20:00,26.7,89,7.0,0.0,32.1
W8,North Zone,13529,20.32445482327476,85.81427727046474,2026-09-01T21:00,26.5,90,7.8,0.0,31.9
W8,North Zone,13529,20.32445482327476,85.81427727046474,2026-09-01T22:00,26.5,91,9.3,0.0,31.7
W8,North Zone,13529,20.32445482327476,85.81427727046474,2026-09-01T23:00,26.5,91,10.2,0.0,31.6
W60,South-East Zone,15459,20.238354050867812,85.83329834896574,2026-08-28T00:00,26.9,95,9.0,0.0,32.9
W60,South-East Zone,15459,20.238354050867812,85.83329834896574,2026-08-28T01:00,26.9,95,10.7,0.0,32.7
W60,South-East Zone,15459,20.238354050867812,85.83329834896574,2026-08-28T02:00,26.9,93,12.0,0.0,32.3
W60,South-East Zone,15459,20.238354050867812,85.83329834896574,2026-08-28T03:00,26.5,92,12.4,0.0,31.5
W60,South-East Zone,15459,20.238354050867812,85.83329834896574,2026-08-28T04:00,26.3,91,11.4,0.0,31.1
W60,South-East Zone,15459,20.238354050867812,85.83329834896574,2026-08-28T05:00,26.3,90,11.1,0.0,31.0
W60,South-East Zone,15459,20.238354050867812,85.83329834896574,2026-08-28T06:00,26.9,88,11.1,42.0,31.7
W60,South-East Zone,15459,20.238354050867812,85.83329834896574,2026-08-28T07:00,28.3,82,13.0,212.0,33.1
W60,South-East Zone,15459,20.238354050867812,85.83329834896574,2026-08-28T08:00,29.5,77,16.0,416.0,33.9
W60,South-East Zone,15459,20.238354050867812,85.83329834896574,2026-08-28T09:00,30.5,74,15.7,616.0,35.5
W60,South-East Zone,15459,20.238354050867812,85.83329834896574,2026-08-28T10:00,31.3,73,13.5,708.0,37.5
W60,South-East Zone,15459,20.238354050867812,85.83329834896574,2026-08-28T11:00,31.6,71,11.5,738.0,38.1
W60,South-East Zone,15459,20.238354050867812,85.83329834896574,2026-08-28T12:00,28.8,85,13.5,469.0,34.3
W60,South-East Zone,15459,20.238354050867812,85.83329834896574,2026-08-28T13:00,29.2,83,7.0,451.0,35.7
W60,South-East Zone,15459,20.238354050867812,85.83329834896574,2026-08-28T14:00,30.0,84,5.3,346.0,37.3
W60,South-East Zone,15459,20.238354050867812,85.83329834896574,2026-08-28T15:00,29.4,88,4.6,297.0,36.9
W60,South-East Zone,15459,20.238354050867812,85.83329834896574,2026-08-28T16:00,26.9,92,8.7,171.0,32.6
W60,South-East Zone,15459,20.238354050867812,85.83329834896574,2026-08-28T17:00,26.7,94,0.4,61.0,33.8
W60,South-East Zone,15459,20.238354050867812,85.83329834896574,2026-08-28T18:00,26.8,95,4.6,6.0,33.5
W60,South-East Zone,15459,20.238354050867812,85.83329834896574,2026-08-28T19:00,26.5,97,8.5,0.0,32.6
W60,South-East Zone,15459,20.238354050867812,85.83329834896574,2026-08-28T20:00,26.2,97,8.8,0.0,32.1
W60,South-East Zone,15459,20.238354050867812,85.83329834896574,2026-08-28T21:00,26.1,97,8.7,0.0,31.9
W60,South-East Zone,15459,20.238354050867812,85.83329834896574,2026-08-28T22:00,26.0,97,9.5,0.0,31.7
W60,South-East Zone,15459,20.238354050867812,85.83329834896574,2026-08-28T23:00,26.1,97,8.7,0.0,31.9
W60,South-East Zone,15459,20.238354050867812,85.83329834896574,2026-08-29T00:00,26.2,97,8.8,0.0,32.0
W60,South-East Zone,15459,20.238354050867812,85.83329834896574,2026-08-29T01:00,26.2,96,8.3,0.0,32.1
W60,South-East Zone,15459,20.238354050867812,85.83329834896574,2026-08-29T02:00,26.3,96,8.7,0.0,32.1
W60,South-East Zone,15459,20.238354050867812,85.83329834896574,2026-08-29T03:00,25.2,98,11.7,0.0,30.1
W60,South-East Zone,15459,20.238354050867812,85.83329834896574,2026-08-29T04:00,25.5,98,9.7,0.0,30.8
W60,South-East Zone,15459,20.238354050867812,85.83329834896574,2026-08-29T05:00,25.7,97,10.1,0.0,31.1
W60,South-East Zone,15459,20.238354050867812,85.83329834896574,2026-08-29T06:00,26.2,98,8.6,28.0,32.1
W60,South-East Zone,15459,20.238354050867812,85.83329834896574,2026-08-29T07:00,26.9,97,6.8,106.0,33.6
W60,South-East Zone,15459,20.238354050867812,85.83329834896574,2026-08-29T08:00,28.2,92,7.8,250.0,34.9
W60,South-East Zone,15459,20.238354050867812,85.83329834896574,2026-08-29T09:00,29.4,83,9.4,428.0,35.6
W60,South-East Zone,15459,20.238354050867812,85.83329834896574,2026-08-29T10:00,29.8,82,9.3,419.0,36.0
W60,South-East Zone,15459,20.238354050867812,85.83329834896574,2026-08-29T11:00,29.7,80,10.1,309.0,35.5
W60,South-East Zone,15459,20.238354050867812,85.83329834896574,2026-08-29T12:00,29.9,78,11.3,323.0,35.4
W60,South-East Zone,15459,20.238354050867812,85.83329834896574,2026-08-29T13:00,30.2,76,11.7,333.0,35.5
W60,South-East Zone,15459,20.238354050867812,85.83329834896574,2026-08-29T14:00,30.2,77,9.6,258.0,36.0
W60,South-East Zone,15459,20.238354050867812,85.83329834896574,2026-08-29T15:00,30.3,77,9.5,240.0,36.1
W60,South-East Zone,15459,20.238354050867812,85.83329834896574,2026-08-29T16:00,29.2,85,9.0,113.0,35.6
W60,South-East Zone,15459,20.238354050867812,85.83329834896574,2026-08-29T17:00,27.1,95,7.2,53.0,33.6
W60,South-East Zone,15459,20.238354050867812,85.83329834896574,2026-08-29T18:00,26.8,97,10.2,1.0,32.9
W60,South-East Zone,15459,20.238354050867812,85.83329834896574,2026-08-29T19:00,26.7,97,8.2,0.0,33.0
W60,South-East Zone,15459,20.238354050867812,85.83329834896574,2026-08-29T20:00,26.4,97,8.8,0.0,32.4
W60,South-East Zone,15459,20.238354050867812,85.83329834896574,2026-08-29T21:00,26.3,97,7.8,0.0,32.4
W60,South-East Zone,15459,20.238354050867812,85.83329834896574,2026-08-29T22:00,26.1,97,8.3,0.0,32.0
W60,South-East Zone,15459,20.238354050867812,85.83329834896574,2026-08-29T23:00,24.9,99,12.5,0.0,29.7
W60,South-East Zone,15459,20.238354050867812,85.83329834896574,2026-08-30T00:00,25.1,99,8.3,0.0,30.6
W60,South-East Zone,15459,20.238354050867812,85.83329834896574,2026-08-30T01:00,25.4,99,9.6,0.0,30.7
W60,South-East Zone,15459,20.238354050867812,85.83329834896574,2026-08-30T02:00,25.6,98,9.7,0.0,31.1
W60,South-East Zone,15459,20.238354050867812,85.83329834896574,2026-08-30T03:00,25.8,97,9.8,0.0,31.3
W60,South-East Zone,15459,20.238354050867812,85.83329834896574,2026-08-30T04:00,25.8,97,8.1,0.0,31.5
W60,South-East Zone,15459,20.238354050867812,85.83329834896574,2026-08-30T05:00,25.7,99,9.0,0.0,31.3
W60,South-East Zone,15459,20.238354050867812,85.83329834896574,2026-08-30T06:00,25.8,98,7.9,18.0,31.7
W60,South-East Zone,15459,20.238354050867812,85.83329834896574,2026-08-30T07:00,26.3,95,8.3,63.0,32.1
W60,South-East Zone,15459,20.238354050867812,85.83329834896574,2026-08-30T08:00,26.2,95,9.7,116.0,31.8
W60,South-East Zone,15459,20.238354050867812,85.83329834896574,2026-08-30T09:00,26.1,93,7.8,155.0,31.5
W60,South-East Zone,15459,20.238354050867812,85.83329834896574,2026-08-30T10:00,26.9,93,7.2,197.0,33.0
W60,South-East Zone,15459,20.238354050867812,85.83329834896574,2026-08-30T11:00,26.8,93,8.5,156.0,32.6
W60,South-East Zone,15459,20.238354050867812,85.83329834896574,2026-08-30T12:00,28.0,89,7.9,345.0,34.1
W60,South-East Zone,15459,20.238354050867812,85.83329834896574,2026-08-30T13:00,29.0,83,10.7,334.0,34.7
W60,South-East Zone,15459,20.238354050867812,85.83329834896574,2026-08-30T14:00,29.6,79,12.1,389.0,34.8
W60,South-East Zone,15459,20.238354050867812,85.83329834896574,2026-08-30T15:00,29.9,76,13.0,333.0,34.9
W60,South-East Zone,15459,20.238354050867812,85.83329834896574,2026-08-30T16:00,29.6,78,12.7,221.0,34.6
W60,South-East Zone,15459,20.238354050867812,85.83329834896574,2026-08-30T17:00,29.0,81,9.0,110.0,34.7
W60,South-East Zone,15459,20.238354050867812,85.83329834896574,2026-08-30T18:00,28.1,85,8.2,10.0,33.9
W60,South-East Zone,15459,20.238354050867812,85.83329834896574,2026-08-30T19:00,27.9,86,8.3,0.0,33.7
W60,South-East Zone,15459,20.238354050867812,85.83329834896574,2026-08-30T20:00,27.1,88,6.2,0.0,32.9
W60,South-East Zone,15459,20.238354050867812,85.83329834896574,2026-08-30T21:00,26.7,93,5.5,0.0,33.0
W60,South-East Zone,15459,20.238354050867812,85.83329834896574,2026-08-30T22:00,26.4,95,5.1,0.0,32.7
W60,South-East Zone,15459,20.238354050867812,85.83329834896574,2026-08-30T23:00,26.2,96,8.0,0.0,32.0
W60,South-East Zone,15459,20.238354050867812,85.83329834896574,2026-08-31T00:00,26.0,95,11.5,0.0,31.0
W60,South-East Zone,15459,20.238354050867812,85.83329834896574,2026-08-31T01:00,25.7,94,11.3,0.0,30.5
W60,South-East Zone,15459,20.238354050867812,85.83329834896574,2026-08-31T02:00,25.4,94,10.8,0.0,30.1
W60,South-East Zone,15459,20.238354050867812,85.83329834896574,2026-08-31T03:00,25.4,94,10.2,0.0,30.1
W60,South-East Zone,15459,20.238354050867812,85.83329834896574,2026-08-31T04:00,25.5,92,10.1,0.0,30.2
W60,South-East Zone,15459,20.238354050867812,85.83329834896574,2026-08-31T05:00,25.5,92,9.0,0.0,30.3
W60,South-East Zone,15459,20.238354050867812,85.83329834896574,2026-08-31T06:00,25.7,92,8.5,19.0,30.7
W60,South-East Zone,15459,20.238354050867812,85.83329834896574,2026-08-31T07:00,26.5,88,9.2,100.0,31.5
W60,South-East Zone,15459,20.238354050867812,85.83329834896574,2026-08-31T08:00,27.1,86,9.3,159.0,32.3
W60,South-East Zone,15459,20.238354050867812,85.83329834896574,2026-08-31T09:00,27.5,85,12.4,239.0,32.2
W60,South-East Zone,15459,20.238354050867812,85.83329834896574,2026-08-31T10:00,28.0,82,16.6,418.0,31.9
W60,South-East Zone,15459,20.238354050867812,85.83329834896574,2026-08-31T11:00,28.3,79,15.4,306.0,32.3
W60,South-East Zone,15459,20.238354050867812,85.83329834896574,2026-08-31T12:00,29.0,76,16.6,446.0,32.8
W60,South-East Zone,15459,20.238354050867812,85.83329834896574,2026-08-31T13:00,29.7,72,17.3,469.0,33.3
W60,South-East Zone,15459,20.238354050867812,85.83329834896574,2026-08-31T14:00,30.1,70,17.4,456.0,33.7
W60,South-East Zone,15459,20.238354050867812,85.83329834896574,2026-08-31T15:00,29.9,71,16.8,437.0,33.6
W60,South-East Zone,15459,20.238354050867812,85.83329834896574,2026-08-31T16:00,29.3,74,15.7,304.0,33.2
W60,South-East Zone,15459,20.238354050867812,85.83329834896574,2026-08-31T17:00,28.8,76,14.8,138.0,32.8
W60,South-East Zone,15459,20.238354050867812,85.83329834896574,2026-08-31T18:00,28.4,78,13.7,9.0,32.5
W60,South-East Zone,15459,20.238354050867812,85.83329834896574,2026-08-31T19:00,28.0,79,12.4,0.0,32.2
W60,South-East Zone,15459,20.238354050867812,85.83329834896574,2026-08-31T20:00,27.6,80,11.4,0.0,31.9
W60,South-East Zone,15459,20.238354050867812,85.83329834896574,2026-08-31T21:00,27.2,82,10.1,0.0,31.7
W60,South-East Zone,15459,20.238354050867812,85.83329834896574,2026-08-31T22:00,26.9,84,9.1,0.0,31.6
W60,South-East Zone,15459,20.238354050867812,85.83329834896574,2026-08-31T23:00,26.6,85,9.0,0.0,31.3
W60,South-East Zone,15459,20.238354050867812,85.83329834896574,2026-09-01T00:00,26.6,84,9.8,0.0,31.0
W60,South-East Zone,15459,20.238354050867812,85.83329834896574,2026-09-01T01:00,26.6,83,11.2,0.0,30.7
W60,South-East Zone,15459,20.238354050867812,85.83329834896574,2026-09-01T02:00,26.6,82,11.7,0.0,30.6
W60,South-East Zone,15459,20.238354050867812,85.83329834896574,2026-09-01T03:00,26.5,83,10.9,0.0,30.6
W60,South-East Zone,15459,20.238354050867812,85.83329834896574,2026-09-01T04:00,26.2,85,10.0,0.0,30.6
W60,South-East Zone,15459,20.238354050867812,85.83329834896574,2026-09-01T05:00,26.3,86,9.9,0.0,30.7
W60,South-East Zone,15459,20.238354050867812,85.83329834896574,2026-09-01T06:00,26.8,84,10.5,24.0,31.2
W60,South-East Zone,15459,20.238354050867812,85.83329834896574,2026-09-01T07:00,27.5,81,11.0,104.0,31.9
W60,South-East Zone,15459,20.238354050867812,85.83329834896574,2026-09-01T08:00,28.1,78,11.5,181.0,32.5
W60,South-East Zone,15459,20.238354050867812,85.83329834896574,2026-09-01T09:00,28.4,77,11.6,238.0,32.8
W60,South-East Zone,15459,20.238354050867812,85.83329834896574,2026-09-01T10:00,28.6,76,12.7,292.0,32.9
W60,South-East Zone,15459,20.238354050867812,85.83329834896574,2026-09-01T11:00,28.8,76,14.0,334.0,32.9
W60,South-East Zone,15459,20.238354050867812,85.83329834896574,2026-09-01T12:00,29.2,74,14.8,340.0,33.2
W60,South-East Zone,15459,20.238354050867812,85.83329834896574,2026-09-01T13:00,29.6,72,15.2,360.0,33.4
W60,South-East Zone,15459,20.238354050867812,85.83329834896574,2026-09-01T14:00,29.8,71,14.8,363.0,33.7
W60,South-East Zone,15459,20.238354050867812,85.83329834896574,2026-09-01T15:00,29.5,74,13.2,394.0,34.0
W60,South-East Zone,15459,20.238354050867812,85.83329834896574,2026-09-01T16:00,29.0,80,10.9,270.0,34.2
W60,South-East Zone,15459,20.238354050867812,85.83329834896574,2026-09-01T17:00,28.4,84,9.3,115.0,34.1
W60,South-East Zone,15459,20.238354050867812,85.83329834896574,2026-09-01T18:00,27.8,86,8.1,6.0,33.6
W60,South-East Zone,15459,20.238354050867812,85.83329834896574,2026-09-01T19:00,27.2,88,7.2,0.0,32.8
W60,South-East Zone,15459,20.238354050867812,85.83329834896574,2026-09-01T20:00,26.7,89,7.0,0.0,32.1
W60,South-East Zone,15459,20.238354050867812,85.83329834896574,2026-09-01T21:00,26.5,90,7.8,0.0,31.9
W60,South-East Zone,15459,20.238354050867812,85.83329834896574,2026-09-01T22:00,26.5,91,9.3,0.0,31.7
W60,South-East Zone,15459,20.238354050867812,85.83329834896574,2026-09-01T23:00,26.5,91,10.2,0.0,31.6
W61,South-East Zone,13522,20.235993637399545,85.82452890636063,2026-08-28T00:00,26.9,95,9.0,0.0,32.9
W61,South-East Zone,13522,20.235993637399545,85.82452890636063,2026-08-28T01:00,26.9,95,10.7,0.0,32.7
W61,South-East Zone,13522,20.235993637399545,85.82452890636063,2026-08-28T02:00,26.9,93,12.0,0.0,32.3
W61,South-East Zone,13522,20.235993637399545,85.82452890636063,2026-08-28T03:00,26.5,92,12.4,0.0,31.5
W61,South-East Zone,13522,20.235993637399545,85.82452890636063,2026-08-28T04:00,26.3,91,11.4,0.0,31.1
W61,South-East Zone,13522,20.235993637399545,85.82452890636063,2026-08-28T05:00,26.3,90,11.1,0.0,31.0
W61,South-East Zone,13522,20.235993637399545,85.82452890636063,2026-08-28T06:00,26.9,88,11.1,42.0,31.7
W61,South-East Zone,13522,20.235993637399545,85.82452890636063,2026-08-28T07:00,28.3,82,13.0,212.0,33.1
W61,South-East Zone,13522,20.235993637399545,85.82452890636063,2026-08-28T08:00,29.5,77,16.0,416.0,33.9
W61,South-East Zone,13522,20.235993637399545,85.82452890636063,2026-08-28T09:00,30.5,74,15.7,616.0,35.5
W61,South-East Zone,13522,20.235993637399545,85.82452890636063,2026-08-28T10:00,31.3,73,13.5,708.0,37.5
W61,South-East Zone,13522,20.235993637399545,85.82452890636063,2026-08-28T11:00,31.6,71,11.5,738.0,38.1
W61,South-East Zone,13522,20.235993637399545,85.82452890636063,2026-08-28T12:00,28.8,85,13.5,469.0,34.3
W61,South-East Zone,13522,20.235993637399545,85.82452890636063,2026-08-28T13:00,29.2,83,7.0,451.0,35.7
W61,South-East Zone,13522,20.235993637399545,85.82452890636063,2026-08-28T14:00,30.0,84,5.3,346.0,37.3
W61,South-East Zone,13522,20.235993637399545,85.82452890636063,2026-08-28T15:00,29.4,88,4.6,297.0,36.9
W61,South-East Zone,13522,20.235993637399545,85.82452890636063,2026-08-28T16:00,26.9,92,8.7,171.0,32.6
W61,South-East Zone,13522,20.235993637399545,85.82452890636063,2026-08-28T17:00,26.7,94,0.4,61.0,33.8
W61,South-East Zone,13522,20.235993637399545,85.82452890636063,2026-08-28T18:00,26.8,95,4.6,6.0,33.5
W61,South-East Zone,13522,20.235993637399545,85.82452890636063,2026-08-28T19:00,26.5,97,8.5,0.0,32.6
W61,South-East Zone,13522,20.235993637399545,85.82452890636063,2026-08-28T20:00,26.2,97,8.8,0.0,32.1
W61,South-East Zone,13522,20.235993637399545,85.82452890636063,2026-08-28T21:00,26.1,97,8.7,0.0,31.9
W61,South-East Zone,13522,20.235993637399545,85.82452890636063,2026-08-28T22:00,26.0,97,9.5,0.0,31.7
W61,South-East Zone,13522,20.235993637399545,85.82452890636063,2026-08-28T23:00,26.1,97,8.7,0.0,31.9
W61,South-East Zone,13522,20.235993637399545,85.82452890636063,2026-08-29T00:00,26.2,97,8.8,0.0,32.0
W61,South-East Zone,13522,20.235993637399545,85.82452890636063,2026-08-29T01:00,26.2,96,8.3,0.0,32.1
W61,South-East Zone,13522,20.235993637399545,85.82452890636063,2026-08-29T02:00,26.3,96,8.7,0.0,32.1
W61,South-East Zone,13522,20.235993637399545,85.82452890636063,2026-08-29T03:00,25.2,98,11.7,0.0,30.1
W61,South-East Zone,13522,20.235993637399545,85.82452890636063,2026-08-29T04:00,25.5,98,9.7,0.0,30.8
W61,South-East Zone,13522,20.235993637399545,85.82452890636063,2026-08-29T05:00,25.7,97,10.1,0.0,31.1
W61,South-East Zone,13522,20.235993637399545,85.82452890636063,2026-08-29T06:00,26.2,98,8.6,28.0,32.1
W61,South-East Zone,13522,20.235993637399545,85.82452890636063,2026-08-29T07:00,26.9,97,6.8,106.0,33.6
W61,South-East Zone,13522,20.235993637399545,85.82452890636063,2026-08-29T08:00,28.2,92,7.8,250.0,34.9
W61,South-East Zone,13522,20.235993637399545,85.82452890636063,2026-08-29T09:00,29.4,83,9.4,428.0,35.6
W61,South-East Zone,13522,20.235993637399545,85.82452890636063,2026-08-29T10:00,29.8,82,9.3,419.0,36.0
W61,South-East Zone,13522,20.235993637399545,85.82452890636063,2026-08-29T11:00,29.7,80,10.1,309.0,35.5
W61,South-East Zone,13522,20.235993637399545,85.82452890636063,2026-08-29T12:00,29.9,78,11.3,323.0,35.4
W61,South-East Zone,13522,20.235993637399545,85.82452890636063,2026-08-29T13:00,30.2,76,11.7,333.0,35.5
W61,South-East Zone,13522,20.235993637399545,85.82452890636063,2026-08-29T14:00,30.2,77,9.6,258.0,36.0
W61,South-East Zone,13522,20.235993637399545,85.82452890636063,2026-08-29T15:00,30.3,77,9.5,240.0,36.1
W61,South-East Zone,13522,20.235993637399545,85.82452890636063,2026-08-29T16:00,29.2,85,9.0,113.0,35.6
W61,South-East Zone,13522,20.235993637399545,85.82452890636063,2026-08-29T17:00,27.1,95,7.2,53.0,33.6
W61,South-East Zone,13522,20.235993637399545,85.82452890636063,2026-08-29T18:00,26.8,97,10.2,1.0,32.9
W61,South-East Zone,13522,20.235993637399545,85.82452890636063,2026-08-29T19:00,26.7,97,8.2,0.0,33.0
W61,South-East Zone,13522,20.235993637399545,85.82452890636063,2026-08-29T20:00,26.4,97,8.8,0.0,32.4
W61,South-East Zone,13522,20.235993637399545,85.82452890636063,2026-08-29T21:00,26.3,97,7.8,0.0,32.4
W61,South-East Zone,13522,20.235993637399545,85.82452890636063,2026-08-29T22:00,26.1,97,8.3,0.0,32.0
W61,South-East Zone,13522,20.235993637399545,85.82452890636063,2026-08-29T23:00,24.9,99,12.5,0.0,29.7
W61,South-East Zone,13522,20.235993637399545,85.82452890636063,2026-08-30T00:00,25.1,99,8.3,0.0,30.6
W61,South-East Zone,13522,20.235993637399545,85.82452890636063,2026-08-30T01:00,25.4,99,9.6,0.0,30.7
W61,South-East Zone,13522,20.235993637399545,85.82452890636063,2026-08-30T02:00,25.6,98,9.7,0.0,31.1
W61,South-East Zone,13522,20.235993637399545,85.82452890636063,2026-08-30T03:00,25.8,97,9.8,0.0,31.3
W61,South-East Zone,13522,20.235993637399545,85.82452890636063,2026-08-30T04:00,25.8,97,8.1,0.0,31.5
W61,South-East Zone,13522,20.235993637399545,85.82452890636063,2026-08-30T05:00,25.7,99,9.0,0.0,31.3
W61,South-East Zone,13522,20.235993637399545,85.82452890636063,2026-08-30T06:00,25.8,98,7.9,18.0,31.7
W61,South-East Zone,13522,20.235993637399545,85.82452890636063,2026-08-30T07:00,26.3,95,8.3,63.0,32.1
W61,South-East Zone,13522,20.235993637399545,85.82452890636063,2026-08-30T08:00,26.2,95,9.7,116.0,31.8
W61,South-East Zone,13522,20.235993637399545,85.82452890636063,2026-08-30T09:00,26.1,93,7.8,155.0,31.5
W61,South-East Zone,13522,20.235993637399545,85.82452890636063,2026-08-30T10:00,26.9,93,7.2,197.0,33.0
W61,South-East Zone,13522,20.235993637399545,85.82452890636063,2026-08-30T11:00,26.8,93,8.5,156.0,32.6
W61,South-East Zone,13522,20.235993637399545,85.82452890636063,2026-08-30T12:00,28.0,89,7.9,345.0,34.1
W61,South-East Zone,13522,20.235993637399545,85.82452890636063,2026-08-30T13:00,29.0,83,10.7,334.0,34.7
W61,South-East Zone,13522,20.235993637399545,85.82452890636063,2026-08-30T14:00,29.6,79,12.1,389.0,34.8
W61,South-East Zone,13522,20.235993637399545,85.82452890636063,2026-08-30T15:00,29.9,76,13.0,333.0,34.9
W61,South-East Zone,13522,20.235993637399545,85.82452890636063,2026-08-30T16:00,29.6,78,12.7,221.0,34.6
W61,South-East Zone,13522,20.235993637399545,85.82452890636063,2026-08-30T17:00,29.0,81,9.0,110.0,34.7
W61,South-East Zone,13522,20.235993637399545,85.82452890636063,2026-08-30T18:00,28.1,85,8.2,10.0,33.9
W61,South-East Zone,13522,20.235993637399545,85.82452890636063,2026-08-30T19:00,27.9,86,8.3,0.0,33.7
W61,South-East Zone,13522,20.235993637399545,85.82452890636063,2026-08-30T20:00,27.1,88,6.2,0.0,32.9
W61,South-East Zone,13522,20.235993637399545,85.82452890636063,2026-08-30T21:00,26.7,93,5.5,0.0,33.0
W61,South-East Zone,13522,20.235993637399545,85.82452890636063,2026-08-30T22:00,26.4,95,5.1,0.0,32.7
W61,South-East Zone,13522,20.235993637399545,85.82452890636063,2026-08-30T23:00,26.2,96,8.0,0.0,32.0
W61,South-East Zone,13522,20.235993637399545,85.82452890636063,2026-08-31T00:00,26.0,95,11.5,0.0,31.0
W61,South-East Zone,13522,20.235993637399545,85.82452890636063,2026-08-31T01:00,25.7,94,11.3,0.0,30.5
W61,South-East Zone,13522,20.235993637399545,85.82452890636063,2026-08-31T02:00,25.4,94,10.8,0.0,30.1
W61,South-East Zone,13522,20.235993637399545,85.82452890636063,2026-08-31T03:00,25.4,94,10.2,0.0,30.1
W61,South-East Zone,13522,20.235993637399545,85.82452890636063,2026-08-31T04:00,25.5,92,10.1,0.0,30.2
W61,South-East Zone,13522,20.235993637399545,85.82452890636063,2026-08-31T05:00,25.5,92,9.0,0.0,30.3
W61,South-East Zone,13522,20.235993637399545,85.82452890636063,2026-08-31T06:00,25.7,92,8.5,19.0,30.7
W61,South-East Zone,13522,20.235993637399545,85.82452890636063,2026-08-31T07:00,26.5,88,9.2,100.0,31.5
W61,South-East Zone,13522,20.235993637399545,85.82452890636063,2026-08-31T08:00,27.1,86,9.3,159.0,32.3
W61,South-East Zone,13522,20.235993637399545,85.82452890636063,2026-08-31T09:00,27.5,85,12.4,239.0,32.2
W61,South-East Zone,13522,20.235993637399545,85.82452890636063,2026-08-31T10:00,28.0,82,16.6,418.0,31.9
W61,South-East Zone,13522,20.235993637399545,85.82452890636063,2026-08-31T11:00,28.3,79,15.4,306.0,32.3
W61,South-East Zone,13522,20.235993637399545,85.82452890636063,2026-08-31T12:00,29.0,76,16.6,446.0,32.8
W61,South-East Zone,13522,20.235993637399545,85.82452890636063,2026-08-31T13:00,29.7,72,17.3,469.0,33.3
W61,South-East Zone,13522,20.235993637399545,85.82452890636063,2026-08-31T14:00,30.1,70,17.4,456.0,33.7
W61,South-East Zone,13522,20.235993637399545,85.82452890636063,2026-08-31T15:00,29.9,71,16.8,437.0,33.6
W61,South-East Zone,13522,20.235993637399545,85.82452890636063,2026-08-31T16:00,29.3,74,15.7,304.0,33.2
W61,South-East Zone,13522,20.235993637399545,85.82452890636063,2026-08-31T17:00,28.8,76,14.8,138.0,32.8
W61,South-East Zone,13522,20.235993637399545,85.82452890636063,2026-08-31T18:00,28.4,78,13.7,9.0,32.5
W61,South-East Zone,13522,20.235993637399545,85.82452890636063,2026-08-31T19:00,28.0,79,12.4,0.0,32.2
W61,South-East Zone,13522,20.235993637399545,85.82452890636063,2026-08-31T20:00,27.6,80,11.4,0.0,31.9
W61,South-East Zone,13522,20.235993637399545,85.82452890636063,2026-08-31T21:00,27.2,82,10.1,0.0,31.7
W61,South-East Zone,13522,20.235993637399545,85.82452890636063,2026-08-31T22:00,26.9,84,9.1,0.0,31.6
W61,South-East Zone,13522,20.235993637399545,85.82452890636063,2026-08-31T23:00,26.6,85,9.0,0.0,31.3
W61,South-East Zone,13522,20.235993637399545,85.82452890636063,2026-09-01T00:00,26.6,84,9.8,0.0,31.0
W61,South-East Zone,13522,20.235993637399545,85.82452890636063,2026-09-01T01:00,26.6,83,11.2,0.0,30.7
W61,South-East Zone,13522,20.235993637399545,85.82452890636063,2026-09-01T02:00,26.6,82,11.7,0.0,30.6
W61,South-East Zone,13522,20.235993637399545,85.82452890636063,2026-09-01T03:00,26.5,83,10.9,0.0,30.6
W61,South-East Zone,13522,20.235993637399545,85.82452890636063,2026-09-01T04:00,26.2,85,10.0,0.0,30.6
W61,South-East Zone,13522,20.235993637399545,85.82452890636063,2026-09-01T05:00,26.3,86,9.9,0.0,30.7
W61,South-East Zone,13522,20.235993637399545,85.82452890636063,2026-09-01T06:00,26.8,84,10.5,24.0,31.2
W61,South-East Zone,13522,20.235993637399545,85.82452890636063,2026-09-01T07:00,27.5,81,11.0,104.0,31.9
W61,South-East Zone,13522,20.235993637399545,85.82452890636063,2026-09-01T08:00,28.1,78,11.5,181.0,32.5
W61,South-East Zone,13522,20.235993637399545,85.82452890636063,2026-09-01T09:00,28.4,77,11.6,238.0,32.8
W61,South-East Zone,13522,20.235993637399545,85.82452890636063,2026-09-01T10:00,28.6,76,12.7,292.0,32.9
W61,South-East Zone,13522,20.235993637399545,85.82452890636063,2026-09-01T11:00,28.8,76,14.0,334.0,32.9
W61,South-East Zone,13522,20.235993637399545,85.82452890636063,2026-09-01T12:00,29.2,74,14.8,340.0,33.2
W61,South-East Zone,13522,20.235993637399545,85.82452890636063,2026-09-01T13:00,29.6,72,15.2,360.0,33.4
W61,South-East Zone,13522,20.235993637399545,85.82452890636063,2026-09-01T14:00,29.8,71,14.8,363.0,33.7
W61,South-East Zone,13522,20.235993637399545,85.82452890636063,2026-09-01T15:00,29.5,74,13.2,394.0,34.0
W61,South-East Zone,13522,20.235993637399545,85.82452890636063,2026-09-01T16:00,29.0,80,10.9,270.0,34.2
W61,South-East Zone,13522,20.235993637399545,85.82452890636063,2026-09-01T17:00,28.4,84,9.3,115.0,34.1
W61,South-East Zone,13522,20.235993637399545,85.82452890636063,2026-09-01T18:00,27.8,86,8.1,6.0,33.6
W61,South-East Zone,13522,20.235993637399545,85.82452890636063,2026-09-01T19:00,27.2,88,7.2,0.0,32.8
W61,South-East Zone,13522,20.235993637399545,85.82452890636063,2026-09-01T20:00,26.7,89,7.0,0.0,32.1
W61,South-East Zone,13522,20.235993637399545,85.82452890636063,2026-09-01T21:00,26.5,90,7.8,0.0,31.9
W61,South-East Zone,13522,20.235993637399545,85.82452890636063,2026-09-01T22:00,26.5,91,9.3,0.0,31.7
W61,South-East Zone,13522,20.235993637399545,85.82452890636063,2026-09-01T23:00,26.5,91,10.2,0.0,31.6
W67,South-East Zone,11938,20.222057911959816,85.81539723301366,2026-08-28T00:00,26.9,95,9.0,0.0,32.9
W67,South-East Zone,11938,20.222057911959816,85.81539723301366,2026-08-28T01:00,26.9,95,10.7,0.0,32.7
W67,South-East Zone,11938,20.222057911959816,85.81539723301366,2026-08-28T02:00,26.9,93,12.0,0.0,32.3
W67,South-East Zone,11938,20.222057911959816,85.81539723301366,2026-08-28T03:00,26.5,92,12.4,0.0,31.5
W67,South-East Zone,11938,20.222057911959816,85.81539723301366,2026-08-28T04:00,26.3,91,11.4,0.0,31.1
W67,South-East Zone,11938,20.222057911959816,85.81539723301366,2026-08-28T05:00,26.3,90,11.1,0.0,31.0
W67,South-East Zone,11938,20.222057911959816,85.81539723301366,2026-08-28T06:00,26.9,88,11.1,42.0,31.7
W67,South-East Zone,11938,20.222057911959816,85.81539723301366,2026-08-28T07:00,28.3,82,13.0,212.0,33.1
W67,South-East Zone,11938,20.222057911959816,85.81539723301366,2026-08-28T08:00,29.5,77,16.0,416.0,33.9
W67,South-East Zone,11938,20.222057911959816,85.81539723301366,2026-08-28T09:00,30.5,74,15.7,616.0,35.5
W67,South-East Zone,11938,20.222057911959816,85.81539723301366,2026-08-28T10:00,31.3,73,13.5,708.0,37.5
W67,South-East Zone,11938,20.222057911959816,85.81539723301366,2026-08-28T11:00,31.6,71,11.5,738.0,38.1
W67,South-East Zone,11938,20.222057911959816,85.81539723301366,2026-08-28T12:00,28.8,85,13.5,469.0,34.3
W67,South-East Zone,11938,20.222057911959816,85.81539723301366,2026-08-28T13:00,29.2,83,7.0,451.0,35.7
W67,South-East Zone,11938,20.222057911959816,85.81539723301366,2026-08-28T14:00,30.0,84,5.3,346.0,37.3
W67,South-East Zone,11938,20.222057911959816,85.81539723301366,2026-08-28T15:00,29.4,88,4.6,297.0,36.9
W67,South-East Zone,11938,20.222057911959816,85.81539723301366,2026-08-28T16:00,26.9,92,8.7,171.0,32.6
W67,South-East Zone,11938,20.222057911959816,85.81539723301366,2026-08-28T17:00,26.7,94,0.4,61.0,33.8
W67,South-East Zone,11938,20.222057911959816,85.81539723301366,2026-08-28T18:00,26.8,95,4.6,6.0,33.5
W67,South-East Zone,11938,20.222057911959816,85.81539723301366,2026-08-28T19:00,26.5,97,8.5,0.0,32.6
W67,South-East Zone,11938,20.222057911959816,85.81539723301366,2026-08-28T20:00,26.2,97,8.8,0.0,32.1
W67,South-East Zone,11938,20.222057911959816,85.81539723301366,2026-08-28T21:00,26.1,97,8.7,0.0,31.9
W67,South-East Zone,11938,20.222057911959816,85.81539723301366,2026-08-28T22:00,26.0,97,9.5,0.0,31.7
W67,South-East Zone,11938,20.222057911959816,85.81539723301366,2026-08-28T23:00,26.1,97,8.7,0.0,31.9
W67,South-East Zone,11938,20.222057911959816,85.81539723301366,2026-08-29T00:00,26.2,97,8.8,0.0,32.0
W67,South-East Zone,11938,20.222057911959816,85.81539723301366,2026-08-29T01:00,26.2,96,8.3,0.0,32.1
W67,South-East Zone,11938,20.222057911959816,85.81539723301366,2026-08-29T02:00,26.3,96,8.7,0.0,32.1
W67,South-East Zone,11938,20.222057911959816,85.81539723301366,2026-08-29T03:00,25.2,98,11.7,0.0,30.1
W67,South-East Zone,11938,20.222057911959816,85.81539723301366,2026-08-29T04:00,25.5,98,9.7,0.0,30.8
W67,South-East Zone,11938,20.222057911959816,85.81539723301366,2026-08-29T05:00,25.7,97,10.1,0.0,31.1
W67,South-East Zone,11938,20.222057911959816,85.81539723301366,2026-08-29T06:00,26.2,98,8.6,28.0,32.1
W67,South-East Zone,11938,20.222057911959816,85.81539723301366,2026-08-29T07:00,26.9,97,6.8,106.0,33.6
W67,South-East Zone,11938,20.222057911959816,85.81539723301366,2026-08-29T08:00,28.2,92,7.8,250.0,34.9
W67,South-East Zone,11938,20.222057911959816,85.81539723301366,2026-08-29T09:00,29.4,83,9.4,428.0,35.6
W67,South-East Zone,11938,20.222057911959816,85.81539723301366,2026-08-29T10:00,29.8,82,9.3,419.0,36.0
W67,South-East Zone,11938,20.222057911959816,85.81539723301366,2026-08-29T11:00,29.7,80,10.1,309.0,35.5
W67,South-East Zone,11938,20.222057911959816,85.81539723301366,2026-08-29T12:00,29.9,78,11.3,323.0,35.4
W67,South-East Zone,11938,20.222057911959816,85.81539723301366,2026-08-29T13:00,30.2,76,11.7,333.0,35.5
W67,South-East Zone,11938,20.222057911959816,85.81539723301366,2026-08-29T14:00,30.2,77,9.6,258.0,36.0
W67,South-East Zone,11938,20.222057911959816,85.81539723301366,2026-08-29T15:00,30.3,77,9.5,240.0,36.1
W67,South-East Zone,11938,20.222057911959816,85.81539723301366,2026-08-29T16:00,29.2,85,9.0,113.0,35.6
W67,South-East Zone,11938,20.222057911959816,85.81539723301366,2026-08-29T17:00,27.1,95,7.2,53.0,33.6
W67,South-East Zone,11938,20.222057911959816,85.81539723301366,2026-08-29T18:00,26.8,97,10.2,1.0,32.9
W67,South-East Zone,11938,20.222057911959816,85.81539723301366,2026-08-29T19:00,26.7,97,8.2,0.0,33.0
W67,South-East Zone,11938,20.222057911959816,85.81539723301366,2026-08-29T20:00,26.4,97,8.8,0.0,32.4
W67,South-East Zone,11938,20.222057911959816,85.81539723301366,2026-08-29T21:00,26.3,97,7.8,0.0,32.4
W67,South-East Zone,11938,20.222057911959816,85.81539723301366,2026-08-29T22:00,26.1,97,8.3,0.0,32.0
W67,South-East Zone,11938,20.222057911959816,85.81539723301366,2026-08-29T23:00,24.9,99,12.5,0.0,29.7
W67,South-East Zone,11938,20.222057911959816,85.81539723301366,2026-08-30T00:00,25.1,99,8.3,0.0,30.6
W67,South-East Zone,11938,20.222057911959816,85.81539723301366,2026-08-30T01:00,25.4,99,9.6,0.0,30.7
W67,South-East Zone,11938,20.222057911959816,85.81539723301366,2026-08-30T02:00,25.6,98,9.7,0.0,31.1
W67,South-East Zone,11938,20.222057911959816,85.81539723301366,2026-08-30T03:00,25.8,97,9.8,0.0,31.3
W67,South-East Zone,11938,20.222057911959816,85.81539723301366,2026-08-30T04:00,25.8,97,8.1,0.0,31.5
W67,South-East Zone,11938,20.222057911959816,85.81539723301366,2026-08-30T05:00,25.7,99,9.0,0.0,31.3
W67,South-East Zone,11938,20.222057911959816,85.81539723301366,2026-08-30T06:00,25.8,98,7.9,18.0,31.7
W67,South-East Zone,11938,20.222057911959816,85.81539723301366,2026-08-30T07:00,26.3,95,8.3,63.0,32.1
W67,South-East Zone,11938,20.222057911959816,85.81539723301366,2026-08-30T08:00,26.2,95,9.7,116.0,31.8
W67,South-East Zone,11938,20.222057911959816,85.81539723301366,2026-08-30T09:00,26.1,93,7.8,155.0,31.5
W67,South-East Zone,11938,20.222057911959816,85.81539723301366,2026-08-30T10:00,26.9,93,7.2,197.0,33.0
W67,South-East Zone,11938,20.222057911959816,85.81539723301366,2026-08-30T11:00,26.8,93,8.5,156.0,32.6
W67,South-East Zone,11938,20.222057911959816,85.81539723301366,2026-08-30T12:00,28.0,89,7.9,345.0,34.1
W67,South-East Zone,11938,20.222057911959816,85.81539723301366,2026-08-30T13:00,29.0,83,10.7,334.0,34.7
W67,South-East Zone,11938,20.222057911959816,85.81539723301366,2026-08-30T14:00,29.6,79,12.1,389.0,34.8
W67,South-East Zone,11938,20.222057911959816,85.81539723301366,2026-08-30T15:00,29.9,76,13.0,333.0,34.9
W67,South-East Zone,11938,20.222057911959816,85.81539723301366,2026-08-30T16:00,29.6,78,12.7,221.0,34.6
W67,South-East Zone,11938,20.222057911959816,85.81539723301366,2026-08-30T17:00,29.0,81,9.0,110.0,34.7
W67,South-East Zone,11938,20.222057911959816,85.81539723301366,2026-08-30T18:00,28.1,85,8.2,10.0,33.9
W67,South-East Zone,11938,20.222057911959816,85.81539723301366,2026-08-30T19:00,27.9,86,8.3,0.0,33.7
W67,South-East Zone,11938,20.222057911959816,85.81539723301366,2026-08-30T20:00,27.1,88,6.2,0.0,32.9
W67,South-East Zone,11938,20.222057911959816,85.81539723301366,2026-08-30T21:00,26.7,93,5.5,0.0,33.0
W67,South-East Zone,11938,20.222057911959816,85.81539723301366,2026-08-30T22:00,26.4,95,5.1,0.0,32.7
W67,South-East Zone,11938,20.222057911959816,85.81539723301366,2026-08-30T23:00,26.2,96,8.0,0.0,32.0
W67,South-East Zone,11938,20.222057911959816,85.81539723301366,2026-08-31T00:00,26.0,95,11.5,0.0,31.0
W67,South-East Zone,11938,20.222057911959816,85.81539723301366,2026-08-31T01:00,25.7,94,11.3,0.0,30.5
W67,South-East Zone,11938,20.222057911959816,85.81539723301366,2026-08-31T02:00,25.4,94,10.8,0.0,30.1
W67,South-East Zone,11938,20.222057911959816,85.81539723301366,2026-08-31T03:00,25.4,94,10.2,0.0,30.1
W67,South-East Zone,11938,20.222057911959816,85.81539723301366,2026-08-31T04:00,25.5,92,10.1,0.0,30.2
W67,South-East Zone,11938,20.222057911959816,85.81539723301366,2026-08-31T05:00,25.5,92,9.0,0.0,30.3
W67,South-East Zone,11938,20.222057911959816,85.81539723301366,2026-08-31T06:00,25.7,92,8.5,19.0,30.7
W67,South-East Zone,11938,20.222057911959816,85.81539723301366,2026-08-31T07:00,26.5,88,9.2,100.0,31.5
W67,South-East Zone,11938,20.222057911959816,85.81539723301366,2026-08-31T08:00,27.1,86,9.3,159.0,32.3
W67,South-East Zone,11938,20.222057911959816,85.81539723301366,2026-08-31T09:00,27.5,85,12.4,239.0,32.2
W67,South-East Zone,11938,20.222057911959816,85.81539723301366,2026-08-31T10:00,28.0,82,16.6,418.0,31.9
W67,South-East Zone,11938,20.222057911959816,85.81539723301366,2026-08-31T11:00,28.3,79,15.4,306.0,32.3
W67,South-East Zone,11938,20.222057911959816,85.81539723301366,2026-08-31T12:00,29.0,76,16.6,446.0,32.8
W67,South-East Zone,11938,20.222057911959816,85.81539723301366,2026-08-31T13:00,29.7,72,17.3,469.0,33.3
W67,South-East Zone,11938,20.222057911959816,85.81539723301366,2026-08-31T14:00,30.1,70,17.4,456.0,33.7
W67,South-East Zone,11938,20.222057911959816,85.81539723301366,2026-08-31T15:00,29.9,71,16.8,437.0,33.6
W67,South-East Zone,11938,20.222057911959816,85.81539723301366,2026-08-31T16:00,29.3,74,15.7,304.0,33.2
W67,South-East Zone,11938,20.222057911959816,85.81539723301366,2026-08-31T17:00,28.8,76,14.8,138.0,32.8
W67,South-East Zone,11938,20.222057911959816,85.81539723301366,2026-08-31T18:00,28.4,78,13.7,9.0,32.5
W67,South-East Zone,11938,20.222057911959816,85.81539723301366,2026-08-31T19:00,28.0,79,12.4,0.0,32.2
W67,South-East Zone,11938,20.222057911959816,85.81539723301366,2026-08-31T20:00,27.6,80,11.4,0.0,31.9
W67,South-East Zone,11938,20.222057911959816,85.81539723301366,2026-08-31T21:00,27.2,82,10.1,0.0,31.7
W67,South-East Zone,11938,20.222057911959816,85.81539723301366,2026-08-31T22:00,26.9,84,9.1,0.0,31.6
W67,South-East Zone,11938,20.222057911959816,85.81539723301366,2026-08-31T23:00,26.6,85,9.0,0.0,31.3
W67,South-East Zone,11938,20.222057911959816,85.81539723301366,2026-09-01T00:00,26.6,84,9.8,0.0,31.0
W67,South-East Zone,11938,20.222057911959816,85.81539723301366,2026-09-01T01:00,26.6,83,11.2,0.0,30.7
W67,South-East Zone,11938,20.222057911959816,85.81539723301366,2026-09-01T02:00,26.6,82,11.7,0.0,30.6
W67,South-East Zone,11938,20.222057911959816,85.81539723301366,2026-09-01T03:00,26.5,83,10.9,0.0,30.6
W67,South-East Zone,11938,20.222057911959816,85.81539723301366,2026-09-01T04:00,26.2,85,10.0,0.0,30.6
W67,South-East Zone,11938,20.222057911959816,85.81539723301366,2026-09-01T05:00,26.3,86,9.9,0.0,30.7
W67,South-East Zone,11938,20.222057911959816,85.81539723301366,2026-09-01T06:00,26.8,84,10.5,24.0,31.2
W67,South-East Zone,11938,20.222057911959816,85.81539723301366,2026-09-01T07:00,27.5,81,11.0,104.0,31.9
W67,South-East Zone,11938,20.222057911959816,85.81539723301366,2026-09-01T08:00,28.1,78,11.5,181.0,32.5
W67,South-East Zone,11938,20.222057911959816,85.81539723301366,2026-09-01T09:00,28.4,77,11.6,238.0,32.8
W67,South-East Zone,11938,20.222057911959816,85.81539723301366,2026-09-01T10:00,28.6,76,12.7,292.0,32.9
W67,South-East Zone,11938,20.222057911959816,85.81539723301366,2026-09-01T11:00,28.8,76,14.0,334.0,32.9
W67,South-East Zone,11938,20.222057911959816,85.81539723301366,2026-09-01T12:00,29.2,74,14.8,340.0,33.2
W67,South-East Zone,11938,20.222057911959816,85.81539723301366,2026-09-01T13:00,29.6,72,15.2,360.0,33.4
W67,South-East Zone,11938,20.222057911959816,85.81539723301366,2026-09-01T14:00,29.8,71,14.8,363.0,33.7
W67,South-East Zone,11938,20.222057911959816,85.81539723301366,2026-09-01T15:00,29.5,74,13.2,394.0,34.0
W67,South-East Zone,11938,20.222057911959816,85.81539723301366,2026-09-01T16:00,29.0,80,10.9,270.0,34.2
W67,South-East Zone,11938,20.222057911959816,85.81539723301366,2026-09-01T17:00,28.4,84,9.3,115.0,34.1
W67,South-East Zone,11938,20.222057911959816,85.81539723301366,2026-09-01T18:00,27.8,86,8.1,6.0,33.6
W67,South-East Zone,11938,20.222057911959816,85.81539723301366,2026-09-01T19:00,27.2,88,7.2,0.0,32.8
W67,South-East Zone,11938,20.222057911959816,85.81539723301366,2026-09-01T20:00,26.7,89,7.0,0.0,32.1
W67,South-East Zone,11938,20.222057911959816,85.81539723301366,2026-09-01T21:00,26.5,90,7.8,0.0,31.9
W67,South-East Zone,11938,20.222057911959816,85.81539723301366,2026-09-01T22:00,26.5,91,9.3,0.0,31.7
W67,South-East Zone,11938,20.222057911959816,85.81539723301366,2026-09-01T23:00,26.5,91,10.2,0.0,31.6
W65,South-West Zone,12055,20.24172075673014,85.78170051394072,2026-08-28T00:00,26.9,95,9.0,0.0,32.9
W65,South-West Zone,12055,20.24172075673014,85.78170051394072,2026-08-28T01:00,26.9,95,10.7,0.0,32.7
W65,South-West Zone,12055,20.24172075673014,85.78170051394072,2026-08-28T02:00,26.9,93,12.0,0.0,32.3
W65,South-West Zone,12055,20.24172075673014,85.78170051394072,2026-08-28T03:00,26.5,92,12.4,0.0,31.5
W65,South-West Zone,12055,20.24172075673014,85.78170051394072,2026-08-28T04:00,26.3,91,11.4,0.0,31.1
W65,South-West Zone,12055,20.24172075673014,85.78170051394072,2026-08-28T05:00,26.3,90,11.1,0.0,31.0
W65,South-West Zone,12055,20.24172075673014,85.78170051394072,2026-08-28T06:00,26.9,88,11.1,42.0,31.7
W65,South-West Zone,12055,20.24172075673014,85.78170051394072,2026-08-28T07:00,28.3,82,13.0,212.0,33.1
W65,South-West Zone,12055,20.24172075673014,85.78170051394072,2026-08-28T08:00,29.5,77,16.0,416.0,33.9
W65,South-West Zone,12055,20.24172075673014,85.78170051394072,2026-08-28T09:00,30.5,74,15.7,616.0,35.5
W65,South-West Zone,12055,20.24172075673014,85.78170051394072,2026-08-28T10:00,31.3,73,13.5,708.0,37.5
W65,South-West Zone,12055,20.24172075673014,85.78170051394072,2026-08-28T11:00,31.6,71,11.5,738.0,38.1
W65,South-West Zone,12055,20.24172075673014,85.78170051394072,2026-08-28T12:00,28.8,85,13.5,469.0,34.3
W65,South-West Zone,12055,20.24172075673014,85.78170051394072,2026-08-28T13:00,29.2,83,7.0,451.0,35.7
W65,South-West Zone,12055,20.24172075673014,85.78170051394072,2026-08-28T14:00,30.0,84,5.3,346.0,37.3
W65,South-West Zone,12055,20.24172075673014,85.78170051394072,2026-08-28T15:00,29.4,88,4.6,297.0,36.9
W65,South-West Zone,12055,20.24172075673014,85.78170051394072,2026-08-28T16:00,26.9,92,8.7,171.0,32.6
W65,South-West Zone,12055,20.24172075673014,85.78170051394072,2026-08-28T17:00,26.7,94,0.4,61.0,33.8
W65,South-West Zone,12055,20.24172075673014,85.78170051394072,2026-08-28T18:00,26.8,95,4.6,6.0,33.5
W65,South-West Zone,12055,20.24172075673014,85.78170051394072,2026-08-28T19:00,26.5,97,8.5,0.0,32.6
W65,South-West Zone,12055,20.24172075673014,85.78170051394072,2026-08-28T20:00,26.2,97,8.8,0.0,32.1
W65,South-West Zone,12055,20.24172075673014,85.78170051394072,2026-08-28T21:00,26.1,97,8.7,0.0,31.9
W65,South-West Zone,12055,20.24172075673014,85.78170051394072,2026-08-28T22:00,26.0,97,9.5,0.0,31.7
W65,South-West Zone,12055,20.24172075673014,85.78170051394072,2026-08-28T23:00,26.1,97,8.7,0.0,31.9
W65,South-West Zone,12055,20.24172075673014,85.78170051394072,2026-08-29T00:00,26.2,97,8.8,0.0,32.0
W65,South-West Zone,12055,20.24172075673014,85.78170051394072,2026-08-29T01:00,26.2,96,8.3,0.0,32.1
W65,South-West Zone,12055,20.24172075673014,85.78170051394072,2026-08-29T02:00,26.3,96,8.7,0.0,32.1
W65,South-West Zone,12055,20.24172075673014,85.78170051394072,2026-08-29T03:00,25.2,98,11.7,0.0,30.1
W65,South-West Zone,12055,20.24172075673014,85.78170051394072,2026-08-29T04:00,25.5,98,9.7,0.0,30.8
W65,South-West Zone,12055,20.24172075673014,85.78170051394072,2026-08-29T05:00,25.7,97,10.1,0.0,31.1
W65,South-West Zone,12055,20.24172075673014,85.78170051394072,2026-08-29T06:00,26.2,98,8.6,28.0,32.1
W65,South-West Zone,12055,20.24172075673014,85.78170051394072,2026-08-29T07:00,26.9,97,6.8,106.0,33.6
W65,South-West Zone,12055,20.24172075673014,85.78170051394072,2026-08-29T08:00,28.2,92,7.8,250.0,34.9
W65,South-West Zone,12055,20.24172075673014,85.78170051394072,2026-08-29T09:00,29.4,83,9.4,428.0,35.6
W65,South-West Zone,12055,20.24172075673014,85.78170051394072,2026-08-29T10:00,29.8,82,9.3,419.0,36.0
W65,South-West Zone,12055,20.24172075673014,85.78170051394072,2026-08-29T11:00,29.7,80,10.1,309.0,35.5
W65,South-West Zone,12055,20.24172075673014,85.78170051394072,2026-08-29T12:00,29.9,78,11.3,323.0,35.4
W65,South-West Zone,12055,20.24172075673014,85.78170051394072,2026-08-29T13:00,30.2,76,11.7,333.0,35.5
W65,South-West Zone,12055,20.24172075673014,85.78170051394072,2026-08-29T14:00,30.2,77,9.6,258.0,36.0
W65,South-West Zone,12055,20.24172075673014,85.78170051394072,2026-08-29T15:00,30.3,77,9.5,240.0,36.1
W65,South-West Zone,12055,20.24172075673014,85.78170051394072,2026-08-29T16:00,29.2,85,9.0,113.0,35.6
W65,South-West Zone,12055,20.24172075673014,85.78170051394072,2026-08-29T17:00,27.1,95,7.2,53.0,33.6
W65,South-West Zone,12055,20.24172075673014,85.78170051394072,2026-08-29T18:00,26.8,97,10.2,1.0,32.9
W65,South-West Zone,12055,20.24172075673014,85.78170051394072,2026-08-29T19:00,26.7,97,8.2,0.0,33.0
W65,South-West Zone,12055,20.24172075673014,85.78170051394072,2026-08-29T20:00,26.4,97,8.8,0.0,32.4
W65,South-West Zone,12055,20.24172075673014,85.78170051394072,2026-08-29T21:00,26.3,97,7.8,0.0,32.4
W65,South-West Zone,12055,20.24172075673014,85.78170051394072,2026-08-29T22:00,26.1,97,8.3,0.0,32.0
W65,South-West Zone,12055,20.24172075673014,85.78170051394072,2026-08-29T23:00,24.9,99,12.5,0.0,29.7
W65,South-West Zone,12055,20.24172075673014,85.78170051394072,2026-08-30T00:00,25.1,99,8.3,0.0,30.6
W65,South-West Zone,12055,20.24172075673014,85.78170051394072,2026-08-30T01:00,25.4,99,9.6,0.0,30.7
W65,South-West Zone,12055,20.24172075673014,85.78170051394072,2026-08-30T02:00,25.6,98,9.7,0.0,31.1
W65,South-West Zone,12055,20.24172075673014,85.78170051394072,2026-08-30T03:00,25.8,97,9.8,0.0,31.3
W65,South-West Zone,12055,20.24172075673014,85.78170051394072,2026-08-30T04:00,25.8,97,8.1,0.0,31.5
W65,South-West Zone,12055,20.24172075673014,85.78170051394072,2026-08-30T05:00,25.7,99,9.0,0.0,31.3
W65,South-West Zone,12055,20.24172075673014,85.78170051394072,2026-08-30T06:00,25.8,98,7.9,18.0,31.7
W65,South-West Zone,12055,20.24172075673014,85.78170051394072,2026-08-30T07:00,26.3,95,8.3,63.0,32.1
W65,South-West Zone,12055,20.24172075673014,85.78170051394072,2026-08-30T08:00,26.2,95,9.7,116.0,31.8
W65,South-West Zone,12055,20.24172075673014,85.78170051394072,2026-08-30T09:00,26.1,93,7.8,155.0,31.5
W65,South-West Zone,12055,20.24172075673014,85.78170051394072,2026-08-30T10:00,26.9,93,7.2,197.0,33.0
W65,South-West Zone,12055,20.24172075673014,85.78170051394072,2026-08-30T11:00,26.8,93,8.5,156.0,32.6
W65,South-West Zone,12055,20.24172075673014,85.78170051394072,2026-08-30T12:00,28.0,89,7.9,345.0,34.1
W65,South-West Zone,12055,20.24172075673014,85.78170051394072,2026-08-30T13:00,29.0,83,10.7,334.0,34.7
W65,South-West Zone,12055,20.24172075673014,85.78170051394072,2026-08-30T14:00,29.6,79,12.1,389.0,34.8
W65,South-West Zone,12055,20.24172075673014,85.78170051394072,2026-08-30T15:00,29.9,76,13.0,333.0,34.9
W65,South-West Zone,12055,20.24172075673014,85.78170051394072,2026-08-30T16:00,29.6,78,12.7,221.0,34.6
W65,South-West Zone,12055,20.24172075673014,85.78170051394072,2026-08-30T17:00,29.0,81,9.0,110.0,34.7
W65,South-West Zone,12055,20.24172075673014,85.78170051394072,2026-08-30T18:00,28.1,85,8.2,10.0,33.9
W65,South-West Zone,12055,20.24172075673014,85.78170051394072,2026-08-30T19:00,27.9,86,8.3,0.0,33.7
W65,South-West Zone,12055,20.24172075673014,85.78170051394072,2026-08-30T20:00,27.1,88,6.2,0.0,32.9
W65,South-West Zone,12055,20.24172075673014,85.78170051394072,2026-08-30T21:00,26.7,93,5.5,0.0,33.0
W65,South-West Zone,12055,20.24172075673014,85.78170051394072,2026-08-30T22:00,26.4,95,5.1,0.0,32.7
W65,South-West Zone,12055,20.24172075673014,85.78170051394072,2026-08-30T23:00,26.2,96,8.0,0.0,32.0
W65,South-West Zone,12055,20.24172075673014,85.78170051394072,2026-08-31T00:00,26.0,95,11.5,0.0,31.0
W65,South-West Zone,12055,20.24172075673014,85.78170051394072,2026-08-31T01:00,25.7,94,11.3,0.0,30.5
W65,South-West Zone,12055,20.24172075673014,85.78170051394072,2026-08-31T02:00,25.4,94,10.8,0.0,30.1
W65,South-West Zone,12055,20.24172075673014,85.78170051394072,2026-08-31T03:00,25.4,94,10.2,0.0,30.1
W65,South-West Zone,12055,20.24172075673014,85.78170051394072,2026-08-31T04:00,25.5,92,10.1,0.0,30.2
W65,South-West Zone,12055,20.24172075673014,85.78170051394072,2026-08-31T05:00,25.5,92,9.0,0.0,30.3
W65,South-West Zone,12055,20.24172075673014,85.78170051394072,2026-08-31T06:00,25.7,92,8.5,19.0,30.7
W65,South-West Zone,12055,20.24172075673014,85.78170051394072,2026-08-31T07:00,26.5,88,9.2,100.0,31.5
W65,South-West Zone,12055,20.24172075673014,85.78170051394072,2026-08-31T08:00,27.1,86,9.3,159.0,32.3
W65,South-West Zone,12055,20.24172075673014,85.78170051394072,2026-08-31T09:00,27.5,85,12.4,239.0,32.2
W65,South-West Zone,12055,20.24172075673014,85.78170051394072,2026-08-31T10:00,28.0,82,16.6,418.0,31.9
W65,South-West Zone,12055,20.24172075673014,85.78170051394072,2026-08-31T11:00,28.3,79,15.4,306.0,32.3
W65,South-West Zone,12055,20.24172075673014,85.78170051394072,2026-08-31T12:00,29.0,76,16.6,446.0,32.8
W65,South-West Zone,12055,20.24172075673014,85.78170051394072,2026-08-31T13:00,29.7,72,17.3,469.0,33.3
W65,South-West Zone,12055,20.24172075673014,85.78170051394072,2026-08-31T14:00,30.1,70,17.4,456.0,33.7
W65,South-West Zone,12055,20.24172075673014,85.78170051394072,2026-08-31T15:00,29.9,71,16.8,437.0,33.6
W65,South-West Zone,12055,20.24172075673014,85.78170051394072,2026-08-31T16:00,29.3,74,15.7,304.0,33.2
W65,South-West Zone,12055,20.24172075673014,85.78170051394072,2026-08-31T17:00,28.8,76,14.8,138.0,32.8
W65,South-West Zone,12055,20.24172075673014,85.78170051394072,2026-08-31T18:00,28.4,78,13.7,9.0,32.5
W65,South-West Zone,12055,20.24172075673014,85.78170051394072,2026-08-31T19:00,28.0,79,12.4,0.0,32.2
W65,South-West Zone,12055,20.24172075673014,85.78170051394072,2026-08-31T20:00,27.6,80,11.4,0.0,31.9
W65,South-West Zone,12055,20.24172075673014,85.78170051394072,2026-08-31T21:00,27.2,82,10.1,0.0,31.7
W65,South-West Zone,12055,20.24172075673014,85.78170051394072,2026-08-31T22:00,26.9,84,9.1,0.0,31.6
W65,South-West Zone,12055,20.24172075673014,85.78170051394072,2026-08-31T23:00,26.6,85,9.0,0.0,31.3
W65,South-West Zone,12055,20.24172075673014,85.78170051394072,2026-09-01T00:00,26.6,84,9.8,0.0,31.0
W65,South-West Zone,12055,20.24172075673014,85.78170051394072,2026-09-01T01:00,26.6,83,11.2,0.0,30.7
W65,South-West Zone,12055,20.24172075673014,85.78170051394072,2026-09-01T02:00,26.6,82,11.7,0.0,30.6
W65,South-West Zone,12055,20.24172075673014,85.78170051394072,2026-09-01T03:00,26.5,83,10.9,0.0,30.6
W65,South-West Zone,12055,20.24172075673014,85.78170051394072,2026-09-01T04:00,26.2,85,10.0,0.0,30.6
W65,South-West Zone,12055,20.24172075673014,85.78170051394072,2026-09-01T05:00,26.3,86,9.9,0.0,30.7
W65,South-West Zone,12055,20.24172075673014,85.78170051394072,2026-09-01T06:00,26.8,84,10.5,24.0,31.2
W65,South-West Zone,12055,20.24172075673014,85.78170051394072,2026-09-01T07:00,27.5,81,11.0,104.0,31.9
W65,South-West Zone,12055,20.24172075673014,85.78170051394072,2026-09-01T08:00,28.1,78,11.5,181.0,32.5
W65,South-West Zone,12055,20.24172075673014,85.78170051394072,2026-09-01T09:00,28.4,77,11.6,238.0,32.8
W65,South-West Zone,12055,20.24172075673014,85.78170051394072,2026-09-01T10:00,28.6,76,12.7,292.0,32.9
W65,South-West Zone,12055,20.24172075673014,85.78170051394072,2026-09-01T11:00,28.8,76,14.0,334.0,32.9
W65,South-West Zone,12055,20.24172075673014,85.78170051394072,2026-09-01T12:00,29.2,74,14.8,340.0,33.2
W65,South-West Zone,12055,20.24172075673014,85.78170051394072,2026-09-01T13:00,29.6,72,15.2,360.0,33.4
W65,South-West Zone,12055,20.24172075673014,85.78170051394072,2026-09-01T14:00,29.8,71,14.8,363.0,33.7
W65,South-West Zone,12055,20.24172075673014,85.78170051394072,2026-09-01T15:00,29.5,74,13.2,394.0,34.0
W65,South-West Zone,12055,20.24172075673014,85.78170051394072,2026-09-01T16:00,29.0,80,10.9,270.0,34.2
W65,South-West Zone,12055,20.24172075673014,85.78170051394072,2026-09-01T17:00,28.4,84,9.3,115.0,34.1
W65,South-West Zone,12055,20.24172075673014,85.78170051394072,2026-09-01T18:00,27.8,86,8.1,6.0,33.6
W65,South-West Zone,12055,20.24172075673014,85.78170051394072,2026-09-01T19:00,27.2,88,7.2,0.0,32.8
W65,South-West Zone,12055,20.24172075673014,85.78170051394072,2026-09-01T20:00,26.7,89,7.0,0.0,32.1
W65,South-West Zone,12055,20.24172075673014,85.78170051394072,2026-09-01T21:00,26.5,90,7.8,0.0,31.9
W65,South-West Zone,12055,20.24172075673014,85.78170051394072,2026-09-01T22:00,26.5,91,9.3,0.0,31.7
W65,South-West Zone,12055,20.24172075673014,85.78170051394072,2026-09-01T23:00,26.5,91,10.2,0.0,31.6
W64,South-West Zone,11236,20.2409667661649,85.79792864694076,2026-08-28T00:00,26.9,95,9.0,0.0,32.9
W64,South-West Zone,11236,20.2409667661649,85.79792864694076,2026-08-28T01:00,26.9,95,10.7,0.0,32.7
W64,South-West Zone,11236,20.2409667661649,85.79792864694076,2026-08-28T02:00,26.9,93,12.0,0.0,32.3
W64,South-West Zone,11236,20.2409667661649,85.79792864694076,2026-08-28T03:00,26.5,92,12.4,0.0,31.5
W64,South-West Zone,11236,20.2409667661649,85.79792864694076,2026-08-28T04:00,26.3,91,11.4,0.0,31.1
W64,South-West Zone,11236,20.2409667661649,85.79792864694076,2026-08-28T05:00,26.3,90,11.1,0.0,31.0
W64,South-West Zone,11236,20.2409667661649,85.79792864694076,2026-08-28T06:00,26.9,88,11.1,42.0,31.7
W64,South-West Zone,11236,20.2409667661649,85.79792864694076,2026-08-28T07:00,28.3,82,13.0,212.0,33.1
W64,South-West Zone,11236,20.2409667661649,85.79792864694076,2026-08-28T08:00,29.5,77,16.0,416.0,33.9
W64,South-West Zone,11236,20.2409667661649,85.79792864694076,2026-08-28T09:00,30.5,74,15.7,616.0,35.5
W64,South-West Zone,11236,20.2409667661649,85.79792864694076,2026-08-28T10:00,31.3,73,13.5,708.0,37.5
W64,South-West Zone,11236,20.2409667661649,85.79792864694076,2026-08-28T11:00,31.6,71,11.5,738.0,38.1
W64,South-West Zone,11236,20.2409667661649,85.79792864694076,2026-08-28T12:00,28.8,85,13.5,469.0,34.3
W64,South-West Zone,11236,20.2409667661649,85.79792864694076,2026-08-28T13:00,29.2,83,7.0,451.0,35.7
W64,South-West Zone,11236,20.2409667661649,85.79792864694076,2026-08-28T14:00,30.0,84,5.3,346.0,37.3
W64,South-West Zone,11236,20.2409667661649,85.79792864694076,2026-08-28T15:00,29.4,88,4.6,297.0,36.9
W64,South-West Zone,11236,20.2409667661649,85.79792864694076,2026-08-28T16:00,26.9,92,8.7,171.0,32.6
W64,South-West Zone,11236,20.2409667661649,85.79792864694076,2026-08-28T17:00,26.7,94,0.4,61.0,33.8
W64,South-West Zone,11236,20.2409667661649,85.79792864694076,2026-08-28T18:00,26.8,95,4.6,6.0,33.5
W64,South-West Zone,11236,20.2409667661649,85.79792864694076,2026-08-28T19:00,26.5,97,8.5,0.0,32.6
W64,South-West Zone,11236,20.2409667661649,85.79792864694076,2026-08-28T20:00,26.2,97,8.8,0.0,32.1
W64,South-West Zone,11236,20.2409667661649,85.79792864694076,2026-08-28T21:00,26.1,97,8.7,0.0,31.9
W64,South-West Zone,11236,20.2409667661649,85.79792864694076,2026-08-28T22:00,26.0,97,9.5,0.0,31.7
W64,South-West Zone,11236,20.2409667661649,85.79792864694076,2026-08-28T23:00,26.1,97,8.7,0.0,31.9
W64,South-West Zone,11236,20.2409667661649,85.79792864694076,2026-08-29T00:00,26.2,97,8.8,0.0,32.0
W64,South-West Zone,11236,20.2409667661649,85.79792864694076,2026-08-29T01:00,26.2,96,8.3,0.0,32.1
W64,South-West Zone,11236,20.2409667661649,85.79792864694076,2026-08-29T02:00,26.3,96,8.7,0.0,32.1
W64,South-West Zone,11236,20.2409667661649,85.79792864694076,2026-08-29T03:00,25.2,98,11.7,0.0,30.1
W64,South-West Zone,11236,20.2409667661649,85.79792864694076,2026-08-29T04:00,25.5,98,9.7,0.0,30.8
W64,South-West Zone,11236,20.2409667661649,85.79792864694076,2026-08-29T05:00,25.7,97,10.1,0.0,31.1
W64,South-West Zone,11236,20.2409667661649,85.79792864694076,2026-08-29T06:00,26.2,98,8.6,28.0,32.1
W64,South-West Zone,11236,20.2409667661649,85.79792864694076,2026-08-29T07:00,26.9,97,6.8,106.0,33.6
W64,South-West Zone,11236,20.2409667661649,85.79792864694076,2026-08-29T08:00,28.2,92,7.8,250.0,34.9
W64,South-West Zone,11236,20.2409667661649,85.79792864694076,2026-08-29T09:00,29.4,83,9.4,428.0,35.6
W64,South-West Zone,11236,20.2409667661649,85.79792864694076,2026-08-29T10:00,29.8,82,9.3,419.0,36.0
W64,South-West Zone,11236,20.2409667661649,85.79792864694076,2026-08-29T11:00,29.7,80,10.1,309.0,35.5
W64,South-West Zone,11236,20.2409667661649,85.79792864694076,2026-08-29T12:00,29.9,78,11.3,323.0,35.4
W64,South-West Zone,11236,20.2409667661649,85.79792864694076,2026-08-29T13:00,30.2,76,11.7,333.0,35.5
W64,South-West Zone,11236,20.2409667661649,85.79792864694076,2026-08-29T14:00,30.2,77,9.6,258.0,36.0
W64,South-West Zone,11236,20.2409667661649,85.79792864694076,2026-08-29T15:00,30.3,77,9.5,240.0,36.1
W64,South-West Zone,11236,20.2409667661649,85.79792864694076,2026-08-29T16:00,29.2,85,9.0,113.0,35.6
W64,South-West Zone,11236,20.2409667661649,85.79792864694076,2026-08-29T17:00,27.1,95,7.2,53.0,33.6
W64,South-West Zone,11236,20.2409667661649,85.79792864694076,2026-08-29T18:00,26.8,97,10.2,1.0,32.9
W64,South-West Zone,11236,20.2409667661649,85.79792864694076,2026-08-29T19:00,26.7,97,8.2,0.0,33.0
W64,South-West Zone,11236,20.2409667661649,85.79792864694076,2026-08-29T20:00,26.4,97,8.8,0.0,32.4
W64,South-West Zone,11236,20.2409667661649,85.79792864694076,2026-08-29T21:00,26.3,97,7.8,0.0,32.4
W64,South-West Zone,11236,20.2409667661649,85.79792864694076,2026-08-29T22:00,26.1,97,8.3,0.0,32.0
W64,South-West Zone,11236,20.2409667661649,85.79792864694076,2026-08-29T23:00,24.9,99,12.5,0.0,29.7
W64,South-West Zone,11236,20.2409667661649,85.79792864694076,2026-08-30T00:00,25.1,99,8.3,0.0,30.6
W64,South-West Zone,11236,20.2409667661649,85.79792864694076,2026-08-30T01:00,25.4,99,9.6,0.0,30.7
W64,South-West Zone,11236,20.2409667661649,85.79792864694076,2026-08-30T02:00,25.6,98,9.7,0.0,31.1
W64,South-West Zone,11236,20.2409667661649,85.79792864694076,2026-08-30T03:00,25.8,97,9.8,0.0,31.3
W64,South-West Zone,11236,20.2409667661649,85.79792864694076,2026-08-30T04:00,25.8,97,8.1,0.0,31.5
W64,South-West Zone,11236,20.2409667661649,85.79792864694076,2026-08-30T05:00,25.7,99,9.0,0.0,31.3
W64,South-West Zone,11236,20.2409667661649,85.79792864694076,2026-08-30T06:00,25.8,98,7.9,18.0,31.7
W64,South-West Zone,11236,20.2409667661649,85.79792864694076,2026-08-30T07:00,26.3,95,8.3,63.0,32.1
W64,South-West Zone,11236,20.2409667661649,85.79792864694076,2026-08-30T08:00,26.2,95,9.7,116.0,31.8
W64,South-West Zone,11236,20.2409667661649,85.79792864694076,2026-08-30T09:00,26.1,93,7.8,155.0,31.5
W64,South-West Zone,11236,20.2409667661649,85.79792864694076,2026-08-30T10:00,26.9,93,7.2,197.0,33.0
W64,South-West Zone,11236,20.2409667661649,85.79792864694076,2026-08-30T11:00,26.8,93,8.5,156.0,32.6
W64,South-West Zone,11236,20.2409667661649,85.79792864694076,2026-08-30T12:00,28.0,89,7.9,345.0,34.1
W64,South-West Zone,11236,20.2409667661649,85.79792864694076,2026-08-30T13:00,29.0,83,10.7,334.0,34.7
W64,South-West Zone,11236,20.2409667661649,85.79792864694076,2026-08-30T14:00,29.6,79,12.1,389.0,34.8
W64,South-West Zone,11236,20.2409667661649,85.79792864694076,2026-08-30T15:00,29.9,76,13.0,333.0,34.9
W64,South-West Zone,11236,20.2409667661649,85.79792864694076,2026-08-30T16:00,29.6,78,12.7,221.0,34.6
W64,South-West Zone,11236,20.2409667661649,85.79792864694076,2026-08-30T17:00,29.0,81,9.0,110.0,34.7
W64,South-West Zone,11236,20.2409667661649,85.79792864694076,2026-08-30T18:00,28.1,85,8.2,10.0,33.9
W64,South-West Zone,11236,20.2409667661649,85.79792864694076,2026-08-30T19:00,27.9,86,8.3,0.0,33.7
W64,South-West Zone,11236,20.2409667661649,85.79792864694076,2026-08-30T20:00,27.1,88,6.2,0.0,32.9
W64,South-West Zone,11236,20.2409667661649,85.79792864694076,2026-08-30T21:00,26.7,93,5.5,0.0,33.0
W64,South-West Zone,11236,20.2409667661649,85.79792864694076,2026-08-30T22:00,26.4,95,5.1,0.0,32.7
W64,South-West Zone,11236,20.2409667661649,85.79792864694076,2026-08-30T23:00,26.2,96,8.0,0.0,32.0
W64,South-West Zone,11236,20.2409667661649,85.79792864694076,2026-08-31T00:00,26.0,95,11.5,0.0,31.0
W64,South-West Zone,11236,20.2409667661649,85.79792864694076,2026-08-31T01:00,25.7,94,11.3,0.0,30.5
W64,South-West Zone,11236,20.2409667661649,85.79792864694076,2026-08-31T02:00,25.4,94,10.8,0.0,30.1
W64,South-West Zone,11236,20.2409667661649,85.79792864694076,2026-08-31T03:00,25.4,94,10.2,0.0,30.1
W64,South-West Zone,11236,20.2409667661649,85.79792864694076,2026-08-31T04:00,25.5,92,10.1,0.0,30.2
W64,South-West Zone,11236,20.2409667661649,85.79792864694076,2026-08-31T05:00,25.5,92,9.0,0.0,30.3
W64,South-West Zone,11236,20.2409667661649,85.79792864694076,2026-08-31T06:00,25.7,92,8.5,19.0,30.7
W64,South-West Zone,11236,20.2409667661649,85.79792864694076,2026-08-31T07:00,26.5,88,9.2,100.0,31.5
W64,South-West Zone,11236,20.2409667661649,85.79792864694076,2026-08-31T08:00,27.1,86,9.3,159.0,32.3
W64,South-West Zone,11236,20.2409667661649,85.79792864694076,2026-08-31T09:00,27.5,85,12.4,239.0,32.2
W64,South-West Zone,11236,20.2409667661649,85.79792864694076,2026-08-31T10:00,28.0,82,16.6,418.0,31.9
W64,South-West Zone,11236,20.2409667661649,85.79792864694076,2026-08-31T11:00,28.3,79,15.4,306.0,32.3
W64,South-West Zone,11236,20.2409667661649,85.79792864694076,2026-08-31T12:00,29.0,76,16.6,446.0,32.8
W64,South-West Zone,11236,20.2409667661649,85.79792864694076,2026-08-31T13:00,29.7,72,17.3,469.0,33.3
W64,South-West Zone,11236,20.2409667661649,85.79792864694076,2026-08-31T14:00,30.1,70,17.4,456.0,33.7
W64,South-West Zone,11236,20.2409667661649,85.79792864694076,2026-08-31T15:00,29.9,71,16.8,437.0,33.6
W64,South-West Zone,11236,20.2409667661649,85.79792864694076,2026-08-31T16:00,29.3,74,15.7,304.0,33.2
W64,South-West Zone,11236,20.2409667661649,85.79792864694076,2026-08-31T17:00,28.8,76,14.8,138.0,32.8
W64,South-West Zone,11236,20.2409667661649,85.79792864694076,2026-08-31T18:00,28.4,78,13.7,9.0,32.5
W64,South-West Zone,11236,20.2409667661649,85.79792864694076,2026-08-31T19:00,28.0,79,12.4,0.0,32.2
W64,South-West Zone,11236,20.2409667661649,85.79792864694076,2026-08-31T20:00,27.6,80,11.4,0.0,31.9
W64,South-West Zone,11236,20.2409667661649,85.79792864694076,2026-08-31T21:00,27.2,82,10.1,0.0,31.7
W64,South-West Zone,11236,20.2409667661649,85.79792864694076,2026-08-31T22:00,26.9,84,9.1,0.0,31.6
W64,South-West Zone,11236,20.2409667661649,85.79792864694076,2026-08-31T23:00,26.6,85,9.0,0.0,31.3
W64,South-West Zone,11236,20.2409667661649,85.79792864694076,2026-09-01T00:00,26.6,84,9.8,0.0,31.0
W64,South-West Zone,11236,20.2409667661649,85.79792864694076,2026-09-01T01:00,26.6,83,11.2,0.0,30.7
W64,South-West Zone,11236,20.2409667661649,85.79792864694076,2026-09-01T02:00,26.6,82,11.7,0.0,30.6
W64,South-West Zone,11236,20.2409667661649,85.79792864694076,2026-09-01T03:00,26.5,83,10.9,0.0,30.6
W64,South-West Zone,11236,20.2409667661649,85.79792864694076,2026-09-01T04:00,26.2,85,10.0,0.0,30.6
W64,South-West Zone,11236,20.2409667661649,85.79792864694076,2026-09-01T05:00,26.3,86,9.9,0.0,30.7
W64,South-West Zone,11236,20.2409667661649,85.79792864694076,2026-09-01T06:00,26.8,84,10.5,24.0,31.2
W64,South-West Zone,11236,20.2409667661649,85.79792864694076,2026-09-01T07:00,27.5,81,11.0,104.0,31.9
W64,South-West Zone,11236,20.2409667661649,85.79792864694076,2026-09-01T08:00,28.1,78,11.5,181.0,32.5
W64,South-West Zone,11236,20.2409667661649,85.79792864694076,2026-09-01T09:00,28.4,77,11.6,238.0,32.8
W64,South-West Zone,11236,20.2409667661649,85.79792864694076,2026-09-01T10:00,28.6,76,12.7,292.0,32.9
W64,South-West Zone,11236,20.2409667661649,85.79792864694076,2026-09-01T11:00,28.8,76,14.0,334.0,32.9
W64,South-West Zone,11236,20.2409667661649,85.79792864694076,2026-09-01T12:00,29.2,74,14.8,340.0,33.2
W64,South-West Zone,11236,20.2409667661649,85.79792864694076,2026-09-01T13:00,29.6,72,15.2,360.0,33.4
W64,South-West Zone,11236,20.2409667661649,85.79792864694076,2026-09-01T14:00,29.8,71,14.8,363.0,33.7
W64,South-West Zone,11236,20.2409667661649,85.79792864694076,2026-09-01T15:00,29.5,74,13.2,394.0,34.0
W64,South-West Zone,11236,20.2409667661649,85.79792864694076,2026-09-01T16:00,29.0,80,10.9,270.0,34.2
W64,South-West Zone,11236,20.2409667661649,85.79792864694076,2026-09-01T17:00,28.4,84,9.3,115.0,34.1
W64,South-West Zone,11236,20.2409667661649,85.79792864694076,2026-09-01T18:00,27.8,86,8.1,6.0,33.6
W64,South-West Zone,11236,20.2409667661649,85.79792864694076,2026-09-01T19:00,27.2,88,7.2,0.0,32.8
W64,South-West Zone,11236,20.2409667661649,85.79792864694076,2026-09-01T20:00,26.7,89,7.0,0.0,32.1
W64,South-West Zone,11236,20.2409667661649,85.79792864694076,2026-09-01T21:00,26.5,90,7.8,0.0,31.9
W64,South-West Zone,11236,20.2409667661649,85.79792864694076,2026-09-01T22:00,26.5,91,9.3,0.0,31.7
W64,South-West Zone,11236,20.2409667661649,85.79792864694076,2026-09-01T23:00,26.5,91,10.2,0.0,31.6
