timestamp,era5_grid_latitude,era5_grid_longitude,temperature_c,dew_point_c,relative_humidity_pct,apparent_temperature_c,wind_u_ms,wind_v_ms,wind_speed_ms,wind_direction_deg,pressure_hpa,precipitation_mm,cloud_cover_pct
2021-01-01 00:00:00,20.25,85.75,16.110992,13.823395,86.31145,16.086128,-0.017028809,-1.7557831,1.7558656,0.55566406,1015.91876,0.0,0.0
2021-01-01 01:00:00,20.25,85.75,16.216217,13.829987,85.771034,16.087257,-0.32981873,-1.8789825,1.9077096,9.955719,1016.84,0.0,0.0
2021-01-01 02:00:00,20.25,85.75,18.122955,13.769196,75.72462,17.52507,-0.96528625,-2.3573456,2.5473232,22.268127,1017.78815,0.0,0.0
2021-01-01 03:00:00,20.25,85.75,18.440582,13.381744,72.38333,17.58888,-1.6566925,-2.164032,2.7253742,37.436157,1018.76685,0.0,0.0
2021-01-01 04:00:00,20.25,85.75,18.845123,13.077301,69.18701,17.459581,-2.4866333,-2.2384644,3.3457537,48.00647,1018.7475,0.0,0.0
2021-01-01 05:00:00,20.25,85.75,23.204742,12.816315,52.035183,21.767406,-2.4344177,-2.223175,3.2968009,47.596832,1018.6381,0.0,0.0
2021-01-01 06:00:00,20.25,85.75,25.476715,12.910553,45.693363,24.407318,-1.804779,-2.1565247,2.8120856,39.92569,1017.605,0.0,0.0
2021-01-01 07:00:00,20.25,85.75,25.809967,13.2933655,45.93249,25.212416,-1.1468353,-2.0107422,2.3148036,29.698425,1016.54065,0.0,0.0
2021-01-01 08:00:00,20.25,85.75,27.174957,14.422272,45.602417,27.15462,-0.73417664,-1.8970337,2.0341465,21.157074,1015.39374,0.0,0.0
2021-01-01 09:00:00,20.25,85.75,27.108307,14.29068,45.39326,27.245035,-0.5837097,-1.6438904,1.7444463,19.548828,1014.57935,0.0,0.0
2021-01-01 10:00:00,20.25,85.75,24.391266,16.109528,59.93694,25.49623,-0.38478088,-1.2555542,1.3131918,17.03836,1014.1806,0.0,0.0
2021-01-01 11:00:00,20.25,85.75,24.294342,16.534576,61.940037,26.015755,-0.37678528,-0.552536,0.6687774,34.290833,1014.0544,0.0,0.0
2021-01-01 12:00:00,20.25,85.75,24.576813,16.232086,59.739952,26.029394,-0.73643494,0.4887848,0.88388175,123.57294,1014.1994,0.0,0.0
2021-01-01 13:00:00,20.25,85.75,23.071198,16.45816,66.35083,23.827831,-1.0658264,1.698883,2.0055397,147.89713,1014.7481,0.0,0.0
2021-01-01 14:00:00,20.25,85.75,21.419586,16.650543,74.27054,22.067926,-1.0282898,2.0239868,2.270221,153.06708,1015.27374,0.0,0.0
2021-01-01 15:00:00,20.25,85.75,20.40445,15.546539,73.67807,20.716553,-1.1114197,1.8351898,2.1455011,148.80026,1015.82,0.0,0.0
2021-01-01 16:00:00,20.25,85.75,19.989655,15.551422,75.61538,20.248085,-1.5275421,1.6179352,2.2251067,136.6461,1015.9363,0.0,0.0
2021-01-01 17:00:00,20.25,85.75,17.731842,15.137604,84.78442,17.79559,-1.9792938,1.1459198,2.2870803,120.06888,1015.95374,0.0,0.0
2021-01-01 18:00:00,20.25,85.75,17.351715,15.223297,87.321526,17.506725,-2.0845337,0.70835876,2.2016022,108.768616,1015.96375,0.0,0.0
2021-01-01 19:00:00,20.25,85.75,17.682037,15.163239,85.19109,17.799059,-2.2173767,0.17596436,2.2243478,94.53732,1015.705,0.0,0.0
2021-01-01 20:00:00,20.25,85.75,16.937653,14.671051,86.50959,17.084427,-1.7854614,-0.7313843,1.9294547,67.724365,1015.425,0.0,0.0
2021-01-01 21:00:00,20.25,85.75,16.721588,14.782623,88.336494,17.02242,-1.1932678,-1.3021088,1.7661753,42.502502,1015.28815,0.0,0.0
2021-01-01 22:00:00,20.25,85.75,15.362457,13.7777405,90.276695,15.329624,-0.86294556,-1.5173187,1.7455461,29.628204,1015.8194,0.0,0.0
2021-01-01 23:00:00,20.25,85.75,15.146637,13.612946,90.56127,15.061224,-0.6217346,-1.6270294,1.7417746,20.913269,1015.635,0.0,0.0
2021-01-02 00:00:00,20.25,85.75,15.7291565,13.648102,87.44099,15.678638,-0.5990753,-1.6000061,1.708482,20.526917,1016.03375,0.0,0.0
2021-01-02 01:00:00,20.25,85.75,15.671051,13.371735,86.20217,15.427422,-0.6932831,-1.7187958,1.8533484,21.966858,1016.52875,0.0,0.2227783203125
2021-01-02 02:00:00,20.25,85.75,17.66568,13.130524,74.76026,16.850945,-1.1933746,-2.2598877,2.5556283,27.837097,1017.39935,0.0,6.2286376953125
2021-01-02 03:00:00,20.25,85.75,18.145905,12.959869,71.73146,17.4339,-1.5243683,-1.7619476,2.329841,40.86508,1018.315,0.0,3.0029296875
2021-01-02 04:00:00,20.25,85.75,18.438873,12.231354,67.14138,17.100681,-2.3116913,-1.7453308,2.8965662,52.947144,1018.56,0.0,2.89306640625
2021-01-02 05:00:00,20.25,85.75,23.522858,10.817535,44.741364,21.810135,-2.3483887,-1.5804291,2.8306687,56.06006,1018.0581,0.0,0.555419921875
2021-01-02 06:00:00,20.25,85.75,25.7294,11.04776,39.815598,24.45849,-1.8546753,-1.345993,2.291619,54.030487,1017.39185,0.0,0.0
2021-01-02 07:00:00,20.25,85.75,25.861969,11.511627,40.73643,25.052343,-1.3463745,-1.2329865,1.8256451,47.51709,1016.1175,0.0,0.0
2021-01-02 08:00:00,20.25,85.75,27.484283,11.837311,37.82973,26.978262,-0.97639465,-1.1767426,1.5290747,39.68396,1014.9856,0.0,0.0
2021-01-02 09:00:00,20.25,85.75,27.654938,12.049225,37.980568,27.330318,-0.8049011,-1.0980072,1.3614278,36.24353,1014.3106,0.0,0.0
2021-01-02 10:00:00,20.25,85.75,24.550446,14.587555,53.8453,25.39675,-0.15481567,-0.8681946,0.8818899,10.110657,1013.8237,0.0,2.4444580078125
2021-01-02 11:00:00,20.25,85.75,24.324615,16.241608,60.68558,25.991037,-0.1646576,-0.56025696,0.58395207,16.377869,1014.16315,0.0,26.434326171875
2021-01-02 12:00:00,20.25,85.75,25.108307,14.543121,51.932438,26.202522,-0.4815979,-0.15122986,0.50478417,72.56683,1014.4625,0.0,25.6500244140625
2021-01-02 13:00:00,20.25,85.75,23.997223,14.942047,56.94728,24.712154,-0.9800415,0.77674866,1.2505279,128.39919,1014.64124,0.0,40.4266357421875
2021-01-02 14:00:00,20.25,85.75,21.191803,15.568756,70.29336,21.31738,-1.4444733,1.9455109,2.423121,143.40742,1014.9856,0.0,56.7626953125
2021-01-02 15:00:00,20.25,85.75,19.83731,14.321442,70.52237,19.599281,-1.1385651,2.000763,2.302039,150.3573,1015.2438,0.0,58.75244140625
2021-01-02 16:00:00,20.25,85.75,19.526764,14.610016,73.247536,19.409538,-1.0731964,2.0049744,2.2741313,151.84134,1015.4244,0.0,54.2083740234375
2021-01-02 17:00:00,20.25,85.75,17.336823,14.553375,83.71368,16.970179,-1.4170227,2.183838,2.6032867,147.02176,1015.65314,0.0,48.5443115234375
2021-01-02 18:00:00,20.25,85.75,17.48233,14.765533,84.09095,17.210997,-1.5470734,2.0577393,2.5744371,143.063,1015.47,0.0,65.6494140625
2021-01-02 19:00:00,20.25,85.75,17.943024,14.627838,80.96325,17.985212,-1.5582733,1.3419037,2.0564342,130.73332,1015.0556,0.0,68.3258056640625
2021-01-02 20:00:00,20.25,85.75,17.521149,14.273346,81.26107,17.805294,-1.4515533,0.49523926,1.5337108,108.83856,1014.51624,0.0,36.6424560546875
2021-01-02 21:00:00,20.25,85.75,18.05606,14.523102,79.84836,18.65277,-1.1931305,-0.20980835,1.2114371,80.02667,1014.2125,0.0,32.5531005859375
2021-01-02 22:00:00,20.25,85.75,16.393951,14.311676,87.4944,17.01179,-0.93196106,-0.53897095,1.0765878,59.958374,1014.15814,0.0,51.8890380859375
2021-01-02 23:00:00,20.25,85.75,16.36441,14.348053,87.86553,17.026293,-0.49583435,-0.9048004,1.0317535,28.7229,1014.57,0.0,52.7862548828125
2021-01-03 00:00:00,20.25,85.75,16.005035,14.34317,89.873276,16.482006,-0.38067627,-1.2363739,1.2936517,17.113464,1014.2537,0.0,31.1248779296875
2021-01-03 01:00:00,20.25,85.75,15.574127,14.0260315,90.506485,15.68635,-0.48078918,-1.5874176,1.6586298,16.85025,1015.2575,0.0,17.7886962890625
2021-01-03 02:00:00,20.25,85.75,17.591705,14.278717,80.928345,17.440012,-0.58636475,-2.0778046,2.158957,15.759277,1015.8738,0.0,13.3392333984375
2021-01-03 03:00:00,20.25,85.75,18.13565,13.496002,74.33211,17.987898,-0.6560211,-1.6480865,1.7738526,21.705017,1016.3844,0.0,19.9981689453125
2021-01-03 04:00:00,20.25,85.75,18.620514,12.772369,68.78029,17.984636,-1.2239685,-1.749527,2.1351683,34.976624,1016.7319,0.0,22.10693359375
2021-01-03 05:00:00,20.25,85.75,24.542145,11.855377,45.077785,23.48819,-1.4444122,-1.8185883,2.3224103,38.458313,1016.0094,0.0,38.6688232421875
2021-01-03 06:00:00,20.25,85.75,26.266266,12.236237,41.71975,25.348095,-1.435257,-1.7877808,2.2926235,38.757996,1015.1394,0.0,43.2342529296875
2021-01-03 07:00:00,20.25,85.75,26.572174,12.60318,41.97244,25.788391,-1.5339355,-1.6645355,2.2635453,42.661804,1014.0025,0.0,31.6802978515625
2021-01-03 08:00:00,20.25,85.75,28.430328,12.856842,38.277935,27.699667,-1.7051849,-1.5442047,2.3004835,47.83618,1012.90125,0.0,1.7791748046875
2021-01-03 09:00:00,20.25,85.75,28.73941,12.962799,37.85855,28.05637,-1.9136963,-1.240448,2.280558,57.04889,1012.03064,0.0,0.0
2021-01-03 10:00:00,20.25,85.75,25.309479,15.600006,54.922497,25.821072,-1.8214569,-0.48176575,1.8840922,75.184814,1011.8256,0.0,0.0
2021-01-03 11:00:00,20.25,85.75,24.984528,15.89151,57.049614,26.07832,-1.1776886,0.27566528,1.2095213,103.174225,1012.3762,0.0,0.0
2021-01-03 12:00:00,20.25,85.75,23.48819,15.663971,61.503685,23.623028,-1.9975891,1.4331665,2.4585216,125.657486,1012.6944,0.0,0.0
2021-01-03 13:00:00,20.25,85.75,23.614166,15.61319,60.840363,23.95301,-1.4951782,1.5307465,2.1397998,135.67346,1013.4956,0.0,0.0
2021-01-03 14:00:00,20.25,85.75,21.947662,15.703766,67.69946,22.420979,-1.3145599,1.5044403,1.997851,138.85347,1013.95685,0.0,0.0
2021-01-03 15:00:00,20.25,85.75,20.121246,15.033356,72.54906,20.30501,-1.3644104,1.5432739,2.0599296,138.52007,1014.66565,0.0,0.0
2021-01-03 16:00:00,20.25,85.75,19.634674,15.67276,77.90087,19.772913,-1.7089081,1.7721558,2.46189,136.0409,1014.7,0.0,0.0
2021-01-03 17:00:00,20.25,85.75,17.34317,15.05191,86.411674,17.39523,-1.8500061,1.2973175,2.2595477,125.04007,1015.0419,0.0,0.0
2021-01-03 18:00:00,20.25,85.75,18.43106,15.068024,80.77857,18.974167,-1.5426483,0.26786804,1.5657321,99.85072,1014.41815,0.0,0.0
2021-01-03 19:00:00,20.25,85.75,18.595123,15.243805,80.86116,19.400225,-0.9802246,-0.8275604,1.282847,49.827087,1014.5087,0.0,0.0
2021-01-03 20:00:00,20.25,85.75,17.4628,14.8229065,84.50649,18.19567,-0.43930054,-1.0834656,1.1691375,22.070526,1014.1144,0.0,0.0
2021-01-03 21:00:00,20.25,85.75,16.808746,14.681305,87.2773,17.449238,-0.08468628,-1.2264862,1.2294065,3.9498901,1014.01935,0.0,0.0
2021-01-03 22:00:00,20.25,85.75,15.327301,14.105621,92.42547,15.700735,0.13468933,-1.3176575,1.3245234,354.16357,1014.08936,0.0,0.0
2021-01-03 23:00:00,20.25,85.75,15.146149,14.1024475,93.48768,15.226946,0.09638977,-1.7384186,1.7410887,356.8264,1014.35,0.0,0.0
2021-01-04 00:00:00,20.25,85.75,15.656891,14.318756,91.75074,15.750475,0.035324097,-1.8290253,1.8293663,358.8936,1014.6956,0.0,0.0
2021-01-04 01:00:00,20.25,85.75,15.470856,14.10025,91.54658,15.418095,-0.06918335,-1.9294434,1.9306833,2.0535583,1015.5581,0.0,0.0
2021-01-04 02:00:00,20.25,85.75,17.48819,14.622467,83.2879,17.453712,-0.10491943,-2.160965,2.1635106,2.779663,1016.5675,0.0,0.0
2021-01-04 03:00:00,20.25,85.75,18.122223,13.985504,76.798645,18.283752,-0.38807678,-1.5183563,1.5671661,14.33728,1017.01685,0.0,0.0
2021-01-04 04:00:00,20.25,85.75,19.014313,12.886627,67.61245,18.68443,-0.9403229,-1.475769,1.7498862,32.504272,1017.5044,0.0,0.0
2021-01-04 05:00:00,20.25,85.75,24.833649,12.171051,45.229774,24.071758,-1.538269,-1.3430786,2.04209,48.875427,1016.7681,0.0,0.0
2021-01-04 06:00:00,20.25,85.75,27.214264,13.521881,42.91691,26.808998,-1.6885986,-1.3246613,2.146181,51.88672,1015.7706,0.0,0.0
2021-01-04 07:00:00,20.25,85.75,27.496002,13.772125,42.906727,27.20308,-1.7014313,-1.2390747,2.1047978,53.935852,1014.6475,0.0,0.0
2021-01-04 08:00:00,20.25,85.75,29.355377,14.129303,39.413715,29.210442,-1.7418365,-1.1082611,2.0645187,57.53302,1013.4919,0.0,0.0
2021-01-04 09:00:00,20.25,85.75,29.572906,14.206696,39.11777,29.423798,-1.974884,-0.7378998,2.108237,69.51221,1013.2225,0.0,0.0
2021-01-04 10:00:00,20.25,85.75,26.194489,15.830231,52.88822,26.746078,-1.936966,-0.22044373,1.9494698,83.50714,1012.865,0.0,0.0
2021-01-04 11:00:00,20.25,85.75,25.667633,16.012115,55.20171,26.651375,-1.3950806,0.32096863,1.4315274,102.95668,1013.29565,0.0,0.0
2021-01-04 12:00:00,20.25,85.75,24.440094,16.088776,59.68289,24.761232,-2.1528778,1.1085052,2.421501,117.2437,1013.59564,0.0,0.0
2021-01-04 13:00:00,20.25,85.75,24.44986,16.137604,59.834053,24.985676,-1.7166748,1.2804413,2.141612,126.718704,1014.16125,0.0,0.0
2021-01-04 14:00:00,20.25,85.75,22.388824,16.44693,69.10481,23.117287,-1.4470978,1.4381866,2.0402138,134.82304,1014.8706,0.0,0.0
2021-01-04 15:00:00,20.25,85.75,20.69522,16.109528,75.02083,21.314451,-1.2876892,1.5444489,2.010837,140.18024,1015.34125,0.0,0.0
2021-01-04 16:00:00,20.25,85.75,20.019196,16.80655,81.76462,20.667168,-1.5376892,1.7912292,2.3607183,139.35541,1015.51373,0.0,0.0
2021-01-04 17:00:00,20.25,85.75,18.714996,15.768219,83.00003,18.90979,-1.7218475,1.7190399,2.4330757,134.95326,1015.2825,0.0,0.0
2021-01-04 18:00:00,20.25,85.75,19.599518,15.925934,79.34513,20.536776,-1.1863098,0.84606934,1.4571081,125.49625,1014.9325,0.0,0.0
2021-01-04 19:00:00,20.25,85.75,19.515533,16.043854,80.3629,21.141077,-0.13948059,-0.5198364,0.5382237,15.019623,1014.4775,0.0,0.0
2021-01-04 20:00:00,20.25,85.75,17.682281,15.157867,85.1604,18.83649,0.124191284,-0.72935486,0.73985267,350.3366,1014.16064,0.0,0.0
2021-01-04 21:00:00,20.25,85.75,16.822906,14.831207,88.04553,17.471663,0.25057983,-1.2693939,1.29389,348.8333,1013.77625,0.0,0.0
2021-01-04 22:00:00,20.25,85.75,15.462799,14.325836,92.941086,15.750486,0.4075775,-1.5013275,1.5556682,344.81152,1013.92065,0.0,44.3817138671875
2021-01-04 23:00:00,20.25,85.75,15.498688,14.297028,92.55493,15.8763275,0.44779968,-1.3400116,1.4128537,341.5216,1014.01685,0.0,99.1119384765625
2021-01-05 00:00:00,20.25,85.75,16.069489,14.58194,90.89566,16.4233,0.43945312,-1.5271149,1.5890875,343.94592,1014.7975,0.0,100.0
2021-01-05 01:00:00,20.25,85.75,15.908844,14.466217,91.14903,16.160126,0.28308105,-1.6534424,1.6775001,350.28473,1015.83435,0.0,97.662353515625
2021-01-05 02:00:00,20.25,85.75,17.920807,15.561432,86.0914,18.433023,0.123931885,-1.8652496,1.8693624,356.1987,1016.6275,0.0,80.865478515625
2021-01-05 03:00:00,20.25,85.75,18.838776,15.600494,81.48123,19.560747,-0.15090942,-1.5827484,1.5899265,5.446472,1017.0625,0.0,0.0
2021-01-05 04:00:00,20.25,85.75,19.58902,13.819733,69.326355,19.44968,-0.8124542,-1.7348633,1.9156806,25.094177,1017.5481,0.0,0.0
2021-01-05 05:00:00,20.25,85.75,25.663239,14.203033,49.154423,25.251719,-1.8357544,-1.6763763,2.4860072,47.598267,1016.78876,0.0,4.443359375
2021-01-05 06:00:00,20.25,85.75,27.970123,14.6510315,44.177605,27.50964,-2.3717499,-1.444107,2.7768044,58.663666,1015.8244,0.0,8.111572265625
2021-01-05 07:00:00,20.25,85.75,28.477692,15.068756,44.06092,28.092014,-2.594574,-1.2566376,2.882872,64.15753,1014.9375,0.0,6.4453125
2021-01-05 08:00:00,20.25,85.75,29.553131,15.988678,43.915676,29.576653,-2.602539,-0.992157,2.7852442,69.131836,1013.485,0.0,16.66259765625
2021-01-05 09:00:00,20.25,85.75,29.699371,16.071442,43.77784,29.68238,-2.7707825,-0.8147888,2.888099,73.61325,1012.91187,0.0,13.6627197265625
2021-01-05 10:00:00,20.25,85.75,26.582916,17.694489,58.181824,27.468256,-2.530075,-0.13441467,2.533643,86.95892,1012.72125,0.0,12.2222900390625
2021-01-05 11:00:00,20.25,85.75,26.212067,17.479156,58.666897,27.541594,-1.7346802,0.35832214,1.7713017,101.6711,1013.15814,0.0,6.3323974609375
2021-01-05 12:00:00,20.25,85.75,25.298248,17.618805,62.48103,26.44069,-1.8989716,0.9488983,2.122852,116.55087,1013.41125,0.0,0.445556640625
2021-01-05 13:00:00,20.25,85.75,25.098541,17.7211,63.637257,26.374596,-1.5795746,1.2161102,1.9934844,127.59259,1014.0425,0.0,1.776123046875
2021-01-05 14:00:00,20.25,85.75,23.183258,18.433746,74.65683,24.758322,-1.4811707,1.3517151,2.005243,132.38356,1014.9487,0.0,0.8880615234375
2021-01-05 15:00:00,20.25,85.75,21.91983,18.568756,81.29467,23.231808,-1.6539917,1.8307037,2.4672182,137.90305,1015.6819,0.0,0.0
2021-01-05 16:00:00,20.25,85.75,22.018463,18.602448,80.97763,23.74995,-1.3633118,1.3076019,1.889032,133.8051,1015.7919,0.0,0.445556640625
2021-01-05 17:00:00,20.25,85.75,21.311432,18.07608,81.809525,23.800426,-0.38882446,0.28230286,0.4804991,125.98123,1015.8025,0.0,1.776123046875
2021-01-05 18:00:00,20.25,85.75,20.822662,17.929108,83.52706,23.140167,0.16986084,-0.6132202,0.63631105,344.51736,1015.1188,0.0,0.0
2021-01-05 19:00:00,20.25,85.75,20.302155,17.980377,86.529205,22.323147,0.51452637,-0.96273804,1.0916052,331.87814,1014.8175,0.0,0.0
2021-01-05 20:00:00,20.25,85.75,18.636627,17.104645,90.81,19.989208,0.61628723,-1.3970032,1.5269014,336.19534,1014.1094,0.0,0.0
2021-01-05 21:00:00,20.25,85.75,18.461823,17.042877,91.45082,19.71173,0.49757385,-1.5605011,1.6379083,342.31485,1013.6269,0.0,0.0
2021-01-05 22:00:00,20.25,85.75,17.218414,16.19107,93.68544,18.055466,1.0993042,-1.3579407,1.7471327,321.0085,1013.1163,0.0,0.0
2021-01-05 23:00:00,20.25,85.75,17.092438,16.167145,94.29124,17.880836,0.89134216,-1.5678558,1.803514,330.38132,1013.3256,0.0,0.0
2021-01-06 00:00:00,20.25,85.75,17.859528,16.401276,91.1846,18.744623,0.7183075,-1.6447601,1.7947706,336.4079,1013.22876,0.0,0.0
2021-01-06 01:00:00,20.25,85.75,17.81363,16.21817,90.38821,18.65046,0.5731964,-1.6661987,1.7620364,341.01605,1014.28064,0.0,2.5543212890625
2021-01-06 02:00:00,20.25,85.75,19.826569,16.883453,83.15069,20.597385,0.7478943,-2.1002045,2.2293956,340.3989,1014.955,0.0,0.555419921875
2021-01-06 03:00:00,20.25,85.75,20.318268,17.084137,81.69104,21.711647,0.47338867,-1.3761749,1.4553193,341.01736,1015.4363,0.0,0.3326416015625
2021-01-06 04:00:00,20.25,85.75,21.212067,15.7899475,71.20688,22.25688,0.061523438,-1.2269287,1.2284702,357.12933,1015.3306,0.0,1.4434814453125
2021-01-06 05:00:00,20.25,85.75,27.534332,15.74527,48.6165,28.687237,-0.68470764,-0.7866974,1.0429368,41.034912,1014.3663,0.0,1.0009765625
2021-01-06 06:00:00,20.25,85.75,29.956696,15.578033,41.795273,30.969727,-1.14505,-0.10585022,1.1499321,84.718506,1013.695,0.0,1.9989013671875
2021-01-06 07:00:00,20.25,85.75,30.360992,15.441803,40.481716,31.076664,-1.4385223,0.4316864,1.5018986,106.703995,1012.42,0.0,1.776123046875
2021-01-06 08:00:00,20.25,85.75,31.305573,16.20401,40.270916,32.17645,-1.4897308,0.7980957,1.6900457,118.17937,1011.155,0.0,1.0009765625
2021-01-06 09:00:00,20.25,85.75,31.492584,16.050201,39.45593,32.22892,-1.4947052,0.9984894,1.797533,123.74362,1010.6106,0.0,0.2227783203125
2021-01-06 10:00:00,20.25,85.75,27.840729,17.340729,52.85122,29.298481,-1.0166473,1.1085052,1.504113,137.47502,1010.27313,0.0,1.220703125
2021-01-06 11:00:00,20.25,85.75,27.490387,17.27652,53.72625,28.955688,-0.75146484,1.2472992,1.4561782,148.93216,1010.5806,0.0,4.888916015625
2021-01-06 12:00:00,20.25,85.75,26.552155,17.297028,56.843586,27.614527,-0.835495,1.8666992,2.0451448,155.88773,1010.7544,0.0,14.4439697265625
2021-01-06 13:00:00,20.25,85.75,26.077301,17.363922,58.70742,26.994093,-0.66493225,2.1945496,2.2930727,163.14359,1011.915,0.0,14.1143798828125
2021-01-06 14:00:00,20.25,85.75,24.349518,18.752106,70.997475,25.995478,-0.40759277,2.0631714,2.1030474,168.82475,1012.4075,0.0,19.3328857421875
2021-01-06 15:00:00,20.25,85.75,22.512604,18.338531,77.29041,24.2267,-0.19535828,1.7371521,1.7481024,173.58354,1012.9169,0.0,17.3309326171875
2021-01-06 16:00:00,20.25,85.75,22.099518,18.484772,79.98713,23.686985,-0.13523865,2.0161896,2.0207202,176.16257,1013.42377,0.0,26.8890380859375
2021-01-06 17:00:00,20.25,85.75,20.842438,18.297272,85.37709,22.291721,0.28771973,2.08284,2.1026187,187.86496,1012.8525,0.0,12.6708984375
2021-01-06 18:00:00,20.25,85.75,21.184723,18.738678,85.94326,22.917248,0.44979858,1.9227905,1.9747006,193.16644,1013.1194,0.0,2.557373046875
2021-01-06 19:00:00,20.25,85.75,21.265533,18.960358,86.71056,23.146173,0.5143585,1.8339539,1.9047183,195.6669,1012.65814,0.0,15.7867431640625
2021-01-06 20:00:00,20.25,85.75,20.510162,18.71988,89.47924,22.348965,0.5031433,1.7403717,1.811642,196.12463,1012.47626,0.0,48.2391357421875
2021-01-06 21:00:00,20.25,85.75,21.184723,19.064606,87.70994,23.306091,0.7290497,1.4557953,1.6281441,206.60132,1011.8688,0.0,50.3570556640625
2021-01-06 22:00:00,20.25,85.75,20.775787,19.06363,89.93651,22.773733,0.6830139,1.6699982,1.8042732,202.24411,1011.36,0.0,68.12744140625
2021-01-06 23:00:00,20.25,85.75,20.69815,19.210114,91.19613,23.082996,1.1885834,0.6332855,1.3467668,241.951,1011.265,0.0,83.1146240234375
2021-01-07 00:00:00,20.25,85.75,20.495758,19.578766,94.48251,23.372972,0.7241516,-0.51116943,0.88639146,305.21777,1011.66376,0.0,95.99609375
2021-01-07 01:00:00,20.25,85.75,20.57071,19.66397,94.54572,23.549057,0.20463562,-0.7719879,0.7986495,345.1537,1012.6206,0.0,99.89013671875
2021-01-07 02:00:00,20.25,85.75,21.273834,20.2294,93.77298,24.655865,0.014678955,-0.6047363,0.6049144,358.6095,1013.71625,0.0,99.6673583984375
2021-01-07 03:00:00,20.25,85.75,21.566559,20.220367,92.05532,25.250866,-0.0018615723,-0.1665039,0.1665143,0.64056396,1014.52814,0.000476837158203125,80.4443359375
2021-01-07 04:00:00,20.25,85.75,22.419586,19.22525,82.15694,25.629208,0.14239502,0.104141235,0.17641354,233.81996,1014.65936,0.0,62.677001953125
2021-01-07 05:00:00,20.25,85.75,26.720612,18.649323,61.277218,29.684261,0.14936829,0.028640747,0.15208937,259.1455,1014.06,0.0,27.764892578125
2021-01-07 06:00:00,20.25,85.75,29.215485,18.783356,53.424812,32.273502,0.061019897,0.076919556,0.098183736,218.42479,1013.02686,0.0,13.4307861328125
2021-01-07 07:00:00,20.25,85.75,29.613434,18.303375,50.666428,32.24542,-0.17308044,0.3658905,0.4047625,154.68404,1011.66,0.0,46.6522216796875
2021-01-07 08:00:00,20.25,85.75,31.086334,17.60318,44.559116,33.187126,-0.43237305,0.5950775,0.7355703,143.9985,1010.71063,0.0,67.5628662109375
2021-01-07 09:00:00,20.25,85.75,31.475739,17.215485,42.52824,33.19416,-0.3649063,0.9873047,1.0525812,159.71576,1009.9556,0.0,82.232666015625
2021-01-07 10:00:00,20.25,85.75,28.48648,18.751617,55.619507,30.725513,0.20385742,1.2324829,1.2492285,189.3919,1009.8231,0.0,57.6690673828125
2021-01-07 11:00:00,20.25,85.75,28.385895,19.197906,57.525414,30.899792,0.08329773,1.1406555,1.1436929,184.17668,1009.5425,0.0,22.430419921875
2021-01-07 12:00:00,20.25,85.75,26.62857,18.926666,62.687218,28.324398,-0.0016937256,2.1399689,2.1399696,179.95465,1010.0494,0.0,2.7801513671875
2021-01-07 13:00:00,20.25,85.75,26.295074,18.554108,62.460754,28.006805,0.03236389,1.8809052,1.8811835,180.98578,1010.71564,0.0,0.445556640625
2021-01-07 14:00:00,20.25,85.75,25.040924,19.048004,69.39401,26.95309,0.038375854,1.9109955,1.9113808,181.15044,1011.40564,0.0,0.0
2021-01-07 15:00:00,20.25,85.75,23.861725,18.955719,74.042496,25.72502,-0.27496338,1.9036102,1.923366,171.78088,1011.7625,0.0,0.0
2021-01-07 16:00:00,20.25,85.75,23.456207,19.65274,79.23695,25.695957,-0.5708618,1.752121,1.8427726,161.95378,1011.92377,0.0,0.0
2021-01-07 17:00:00,20.25,85.75,21.49356,19.684723,89.45028,23.6486,-0.9120178,1.7660522,1.9876411,152.68744,1011.5681,0.0,0.0
2021-01-07 18:00:00,20.25,85.75,20.960114,19.61612,92.03275,23.019678,-1.0409393,1.7994385,2.0788298,149.95148,1010.9956,0.0,0.0
2021-01-07 19:00:00,20.25,85.75,22.108795,20.252594,89.2352,24.703142,-0.9208374,1.4824219,1.7451407,148.15265,1010.9506,0.0,0.0
2021-01-07 20:00:00,20.25,85.75,20.898834,19.739166,93.08827,23.876122,-0.8012085,0.28431702,0.8501595,109.537766,1010.46625,0.0,0.0
2021-01-07 21:00:00,20.25,85.75,19.857819,19.11856,95.509315,22.945267,-0.047973633,-0.2802887,0.28436458,9.712524,1010.27124,0.0,12.0086669921875
2021-01-07 22:00:00,20.25,85.75,19.308258,18.726715,96.43761,22.079123,-0.19459534,-0.44493103,0.4856243,23.62268,1010.2456,0.0,31.54296875
2021-01-07 23:00:00,20.25,85.75,19.537994,18.937897,96.33211,22.402395,-0.13345337,-0.46801758,0.48667264,15.915283,1010.1919,0.0,100.0
2021-01-08 00:00:00,20.25,85.75,20.09439,19.536285,96.599075,23.334457,-0.13470459,-0.3124237,0.34022626,23.323761,1010.9675,0.0,100.0
2021-01-08 01:00:00,20.25,85.75,20.1232,19.549225,96.504616,23.174547,-0.47496033,-0.3959961,0.6183852,50.18048,1011.8931,0.000476837158203125,100.0
2021-01-08 02:00:00,20.25,85.75,20.898102,19.691315,92.81649,23.774158,-0.63397217,-0.7244873,0.96270585,41.18799,1012.78436,0.001430511474609375,100.0
2021-01-08 03:00:00,20.25,85.75,20.818268,20.020416,95.19543,23.767254,-0.565506,-0.9211273,1.0808666,31.546936,1013.48376,0.0,71.630859375
2021-01-08 04:00:00,20.25,85.75,20.950836,18.729889,87.1387,23.218113,-0.71520996,-0.9703369,1.2054373,36.392944,1014.2056,0.00095367431640625,2.2216796875
2021-01-08 05:00:00,20.25,85.75,25.590973,17.649567,61.522747,27.17911,-1.1286926,-0.9942169,1.5041324,48.624573,1013.52936,0.0,0.3326416015625
2021-01-08 06:00:00,20.25,85.75,28.426422,17.359528,51.139153,29.66851,-1.5369873,-0.97914124,1.8223741,57.500732,1012.70624,0.0,2.2216796875
2021-01-08 07:00:00,20.25,85.75,28.925934,17.450104,49.963303,30.119839,-1.788208,-0.76213074,1.9438444,66.91638,1011.5544,0.0,1.9989013671875
2021-01-08 08:00:00,20.25,85.75,30.287506,17.953522,47.68167,31.648746,-1.9609985,-0.41427612,2.0042803,78.07123,1010.47314,0.0,1.9989013671875
2021-01-08 09:00:00,20.25,85.75,30.679352,17.172028,44.381374,31.648746,-2.0879364,-0.21174622,2.098646,84.20917,1010.0525,0.0,0.0
2021-01-08 10:00:00,20.25,85.75,28.039215,17.64981,53.271793,29.428207,-1.7404022,0.397583,1.7852372,102.86803,1009.9625,0.0,0.0
2021-01-08 11:00:00,20.25,85.75,27.763824,18.981598,58.850174,29.925022,-1.2350006,0.8664398,1.5086234,125.05237,1010.03564,0.0,0.0
2021-01-08 12:00:00,20.25,85.75,26.828033,18.7919,61.436302,28.51677,-1.0922394,1.7509155,2.06366,148.04367,1010.6144,0.0,0.0
2021-01-08 13:00:00,20.25,85.75,26.691803,19.048248,62.92977,28.205284,-1.2053375,2.165802,2.4786158,150.90268,1011.4556,0.0,0.0
2021-01-08 14:00:00,20.25,85.75,25.105865,19.967682,73.19172,27.058826,-1.2180634,2.1397858,2.4621863,150.3495,1012.73376,0.0,0.0
2021-01-08 15:00:00,20.25,85.75,23.931305,19.991364,78.63611,26.217402,-0.9876709,1.7438202,2.0040965,150.47351,1013.28375,0.0,0.0
2021-01-08 16:00:00,20.25,85.75,23.394196,20.28238,82.6963,25.974173,-0.8714447,1.5572662,1.784515,150.76868,1013.3831,0.0,0.0
2021-01-08 17:00:00,20.25,85.75,21.688873,19.558746,87.69935,23.752172,-0.84536743,1.8505249,2.034475,155.44786,1013.28937,0.0,0.0
2021-01-08 18:00:00,20.25,85.75,22.034332,19.339752,84.70813,24.001678,-0.08308411,2.0247955,2.0264995,177.6503,1013.20123,0.0,0.10986328125
2021-01-08 19:00:00,20.25,85.75,22.497955,19.480377,83.07484,24.975597,0.8279724,1.1160126,1.3896123,216.57181,1012.84625,0.0,0.0
2021-01-08 20:00:00,20.25,85.75,20.83731,19.036285,89.44404,23.316078,1.0974731,-0.06915283,1.0996497,273.6055,1012.2681,0.0,0.0
2021-01-08 21:00:00,20.25,85.75,19.781158,18.727448,93.64985,21.950508,1.0947266,-0.7813263,1.3449525,305.51614,1012.1,0.0,0.0
2021-01-08 22:00:00,20.25,85.75,19.138092,18.088043,93.64116,21.035738,0.85147095,-1.0278015,1.3346831,320.36032,1011.8656,0.0,0.0
2021-01-08 23:00:00,20.25,85.75,19.22696,18.218903,93.89248,21.09132,0.61735535,-1.326004,1.4626737,335.03445,1011.58124,0.0,0.0
2021-01-09 00:00:00,20.25,85.75,19.310944,18.075104,92.56327,21.042513,0.390213,-1.514389,1.5638543,345.55087,1012.3594,0.0,0.0
2021-01-09 01:00:00,20.25,85.75,19.243317,17.9003,91.937836,20.865772,0.047714233,-1.612503,1.6132089,358.3051,1012.7469,0.0,0.0
2021-01-09 02:00:00,20.25,85.75,21.21695,18.932281,86.817055,23.236013,-0.30784607,-1.6606903,1.6889824,10.501831,1013.72437,0.0,0.0
2021-01-09 03:00:00,20.25,85.75,21.927887,18.814117,82.510994,24.138926,-0.6565399,-1.1661987,1.3383064,29.378387,1014.2625,0.0,0.0
2021-01-09 04:00:00,20.25,85.75,22.304596,17.686676,75.13162,23.76526,-1.3952332,-0.99295044,1.7124913,54.561554,1014.4256,0.0,0.0
2021-01-09 05:00:00,20.25,85.75,26.957184,17.790192,57.258614,28.366962,-1.8039551,-0.36953735,1.8414156,78.42319,1014.1225,0.0,0.0
2021-01-09 06:00:00,20.25,85.75,29.485504,18.159332,50.5822,31.14888,-1.6944733,0.13464355,1.6998143,94.54321,1013.235,0.0,0.0
2021-01-09 07:00:00,20.25,85.75,29.940582,18.208405,49.426018,31.827843,-1.3778229,0.29670715,1.409408,102.15279,1011.77563,0.0,0.0
2021-01-09 08:00:00,20.25,85.75,30.966461,19.05484,49.140293,33.366352,-1.1656799,0.32138062,1.2091713,105.413666,1010.58685,0.0,0.0
2021-01-09 09:00:00,20.25,85.75,31.09317,18.934723,48.422268,33.457806,-1.0564117,0.5302429,1.1820166,116.65338,1009.95935,0.0,0.0
2021-01-09 10:00:00,20.25,85.75,28.12613,19.875397,60.912426,30.89146,-0.723938,0.9995575,1.2341805,144.08575,1009.74,0.0,0.0
2021-01-09 11:00:00,20.25,85.75,27.933258,19.764313,61.17839,30.388878,-0.7833252,1.3976135,1.6021616,150.73053,1009.77936,0.0,0.0
2021-01-09 12:00:00,20.25,85.75,27.373932,19.62027,62.649338,29.40306,-0.78100586,1.9666595,2.1160624,158.34084,1010.54,0.0,0.0
2021-01-09 13:00:00,20.25,85.75,27.168854,19.637848,63.476337,28.885555,-0.92785645,2.4014282,2.5744467,158.87463,1011.33185,0.0,0.0
2021-01-09 14:00:00,20.25,85.75,25.433502,20.609528,74.68185,27.651102,-0.90586853,2.3592224,2.527158,158.99475,1012.3013,0.0,1.4434814453125
2021-01-09 15:00:00,20.25,85.75,23.834625,20.65445,82.4008,26.288815,-0.73213196,2.0992584,2.2232642,160.7734,1012.9363,0.0,0.8880615234375
2021-01-09 16:00:00,20.25,85.75,23.611725,21.069489,85.673195,26.454044,-0.4313507,1.9170837,1.9650123,167.31943,1013.14685,0.0,0.0
2021-01-09 17:00:00,20.25,85.75,22.464508,20.924957,91.01931,25.439716,0.02166748,1.6728668,1.6730071,180.74207,1012.99,0.0,0.0
2021-01-09 18:00:00,20.25,85.75,22.35147,20.89444,91.47512,25.221176,0.689621,1.6648865,1.8020611,202.50006,1012.73627,0.0,0.0
2021-01-09 19:00:00,20.25,85.75,22.521881,21.0607,91.462296,25.453554,1.1846771,1.3981934,1.8325951,220.27432,1012.70123,0.0,0.0
2021-01-09 20:00:00,20.25,85.75,21.96231,20.945953,93.96636,24.850138,1.4420776,1.0997009,1.8135407,232.67155,1012.3181,0.0,0.0
2021-01-09 21:00:00,20.25,85.75,21.121979,20.620026,96.96002,23.81643,1.7000732,0.7531128,1.859416,246.10721,1012.28876,0.0,0.0
2021-01-09 22:00:00,20.25,85.75,20.173492,19.347565,95.00632,22.450169,1.4746399,0.5993805,1.5917977,247.88028,1011.95374,0.0,57.2845458984375
2021-01-09 23:00:00,20.25,85.75,20.85025,19.72818,93.303215,23.16711,1.7566986,0.32391357,1.7863117,259.5527,1011.79315,0.0,53.729248046875
2021-01-10 00:00:00,20.25,85.75,20.882965,19.86026,93.88141,23.430918,1.5401001,0.12348938,1.5450431,265.41568,1012.15936,0.0,54.6173095703125
2021-01-10 01:00:00,20.25,85.75,20.971832,20.044098,94.439064,24.069733,0.84791565,-0.2503662,0.8841064,286.4504,1012.8031,0.0,65.289306640625
2021-01-10 02:00:00,20.25,85.75,20.89151,19.906403,94.10076,24.301641,0.22756958,-0.25871277,0.344558,318.66443,1014.03186,0.0,49.853515625
2021-01-10 03:00:00,20.25,85.75,21.02774,20.370026,96.03055,24.4239,0.42729187,0.53193665,0.6823012,218.77408,1014.3731,0.000476837158203125,26.1871337890625
2021-01-10 04:00:00,20.25,85.75,21.58023,19.628326,88.6662,24.573118,0.34776306,0.66781616,0.7529393,207.5081,1014.91376,0.001430511474609375,7.989501953125
2021-01-10 05:00:00,20.25,85.75,27.05777,20.62027,67.894135,30.47076,0.3961029,0.7228546,0.82426715,208.72144,1014.14685,0.0,0.0
2021-01-10 06:00:00,20.25,85.75,29.1586,19.611969,56.43996,31.962337,0.570343,0.8224182,1.0008311,214.74112,1013.52875,0.0,0.8880615234375
2021-01-10 07:00:00,20.25,85.75,29.593903,19.14151,53.452118,32.16937,0.603714,0.8183899,1.0169723,216.41565,1012.0725,0.0,12.7655029296875
2021-01-10 08:00:00,20.25,85.75,30.836823,18.966705,49.233852,33.463078,0.49064636,0.66856384,0.8292837,216.27425,1010.7925,0.0,35.7574462890625
2021-01-10 09:00:00,20.25,85.75,31.125885,18.944489,48.361526,33.709457,0.34527588,0.80448914,0.8754532,203.22836,1010.0575,0.0,61.7523193359375
2021-01-10 10:00:00,20.25,85.75,28.173492,19.893707,60.813576,30.860645,0.52923584,1.2507935,1.3581512,202.9342,1009.405,0.0,72.6593017578125
2021-01-10 11:00:00,20.25,85.75,27.940826,19.792389,61.257965,30.416134,0.046722412,1.5922089,1.5928942,181.68083,1009.6144,0.0,79.095458984375
2021-01-10 12:00:00,20.25,85.75,27.286041,20.01651,64.53894,29.489594,-0.2427826,2.1200104,2.1338668,173.46698,1009.7225,0.0,92.66357421875
2021-01-10 13:00:00,20.25,85.75,27.188385,20.491852,66.84437,29.20203,-0.37571716,2.7071533,2.7331011,172.09857,1010.62,0.0,89.886474609375
2021-01-10 14:00:00,20.25,85.75,25.64151,21.531158,78.060326,28.221512,-0.295578,2.6570587,2.6734486,173.65237,1011.525,0.0,78.997802734375
2021-01-10 15:00:00,20.25,85.75,23.723053,21.199127,85.78062,26.413603,-0.15168762,2.2703857,2.2754474,176.17767,1012.2388,0.0,73.565673828125
2021-01-10 16:00:00,20.25,85.75,23.139557,21.282867,89.311386,26.080202,0.10827637,1.977005,1.9799678,183.13484,1012.60126,0.0,51.67236328125
2021-01-10 17:00:00,20.25,85.75,22.115143,20.993805,93.36913,24.935038,0.57206726,1.8586578,1.944703,197.10759,1012.5156,0.0,45.10498046875
2021-01-10 18:00:00,20.25,85.75,22.03238,20.847565,93.00136,24.786974,0.99224854,1.6594696,1.9334934,210.87653,1012.1456,0.0,23.01025390625
2021-01-10 19:00:00,20.25,85.75,22.217438,20.96524,92.6265,25.111294,1.1598358,1.4004974,1.8184093,219.63019,1012.1575,0.0,21.32568359375
2021-01-10 20:00:00,20.25,85.75,21.473785,20.333649,93.229675,24.032175,1.2219849,1.3934326,1.8533487,221.24948,1011.805,0.0,35.430908203125
2021-01-10 21:00:00,20.25,85.75,21.355865,20.16568,92.93584,23.746614,1.2468872,1.5343323,1.9770947,219.0993,1011.8069,0.0,52.20947265625
2021-01-10 22:00:00,20.25,85.75,20.885406,20.228424,96.030685,23.504751,0.9705353,1.3887177,1.6942477,214.94861,1012.0825,0.0,75.8758544921875
2021-01-10 23:00:00,20.25,85.75,20.894684,20.21109,95.873146,23.513521,0.98117065,1.3674316,1.6830226,215.6605,1012.34125,0.0,74.5391845703125
2021-01-11 00:00:00,20.25,85.75,21.173492,20.245514,94.4459,23.687077,1.1532288,1.4552307,1.8567803,218.39583,1012.91876,0.0,62.3046875
2021-01-11 01:00:00,20.25,85.75,21.447906,20.398102,93.74984,23.920116,1.2346497,1.6003265,2.0212386,217.65015,1013.83435,0.0,73.6572265625
2021-01-11 02:00:00,20.25,85.75,22.07608,20.612701,91.42237,25.161253,0.89819336,0.93273926,1.2948953,223.91908,1014.79,0.0,54.7454833984375
2021-01-11 03:00:00,20.25,85.75,22.493317,20.852692,90.45725,25.77075,0.86402893,0.81770325,1.1896152,226.5779,1015.41626,0.0,17.4285888671875
2021-01-11 04:00:00,20.25,85.75,22.847809,20.265778,85.38646,25.864254,0.88819885,0.73091125,1.1502732,230.54855,1015.70435,0.0,5.77392578125
2021-01-11 05:00:00,20.25,85.75,28.134674,21.386383,66.822426,31.853046,0.7327728,0.58251953,0.93610096,231.51697,1014.96625,0.0,3.9947509765625
2021-01-11 06:00:00,20.25,85.75,29.947906,20.570953,57.225883,33.343433,0.5851898,0.5588379,0.80916435,226.31953,1014.24,0.0,34.09423828125
2021-01-11 07:00:00,20.25,85.75,30.20987,20.42154,55.85435,33.706314,0.3877411,0.40423584,0.5601337,223.80685,1012.89685,0.0,77.4322509765625
2021-01-11 08:00:00,20.25,85.75,31.43985,20.037506,50.844147,34.994167,0.17584229,0.11604309,0.21068105,236.5781,1011.66626,0.0,95.7763671875
2021-01-11 09:00:00,20.25,85.75,31.794342,19.963776,49.603973,35.30534,-0.07044983,-0.21025085,0.22173995,18.52472,1010.91315,0.0,99.0020751953125
2021-01-11 10:00:00,20.25,85.75,29.071686,20.63443,60.42759,32.68959,0.05241394,-0.5352173,0.5377776,354.40686,1010.4625,0.0,99.6673583984375
2021-01-11 11:00:00,20.25,85.75,29.133698,21.192047,62.31131,33.008884,-0.49754333,-0.27490234,0.56843704,61.07849,1010.24,0.0,98.6663818359375
2021-01-11 12:00:00,20.25,85.75,27.91397,20.818024,65.366585,30.89463,-1.3020782,0.8952637,1.5801598,124.51106,1010.9956,0.0,48.3856201171875
2021-01-11 13:00:00,20.25,85.75,27.89737,20.67276,64.84743,30.467213,-1.2021484,1.6780548,2.064226,144.38242,1011.64874,0.0,42.7154541015625
2021-01-11 14:00:00,20.25,85.75,26.446442,21.741608,75.39417,29.173977,-1.3760986,2.226715,2.617615,148.28415,1012.925,0.0,0.10986328125
2021-01-11 15:00:00,20.25,85.75,24.883698,21.418121,81.09778,27.368853,-1.3940277,2.3437042,2.7269511,149.25597,1013.91815,0.0,4.2236328125
2021-01-11 16:00:00,20.25,85.75,24.709137,21.949371,84.65227,27.662376,-1.2348633,2.1210632,2.4543426,149.79245,1014.3669,0.0,2.9998779296875
2021-01-11 17:00:00,20.25,85.75,23.538239,21.574371,88.75804,26.720873,-0.8026428,1.6645203,1.8479348,154.25633,1014.3594,0.0,4.669189453125
2021-01-11 18:00:00,20.25,85.75,23.121735,21.48111,90.50018,26.507318,-0.34461975,1.4493103,1.4897192,166.6245,1014.23126,0.0,4.7821044921875
2021-01-11 19:00:00,20.25,85.75,23.430817,21.378082,88.267746,26.529453,0.080566406,1.8216705,1.8234513,182.53235,1014.21185,0.0,5.889892578125
2021-01-11 20:00:00,20.25,85.75,22.43155,21.001617,91.63253,25.422066,0.50038147,1.6311188,1.7061448,197.05455,1013.53687,0.0,12.3382568359375
2021-01-11 21:00:00,20.25,85.75,22.487457,20.975494,91.175255,25.879713,0.59147644,0.94329834,1.1133984,212.08896,1013.27686,0.0,12.5640869140625
2021-01-11 22:00:00,20.25,85.75,21.785553,20.719147,93.669495,25.675745,0.06774902,0.20967102,0.22034489,197.90671,1013.21313,0.0,17.34619140625
2021-01-11 23:00:00,20.25,85.75,21.392975,20.613434,95.323326,25.053806,-0.30203247,-0.3651886,0.47390538,39.592743,1012.72314,0.0,99.3316650390625
2021-01-12 00:00:00,20.25,85.75,21.332184,20.791168,96.73202,25.059929,-0.40176392,-0.30438232,0.50404644,52.851868,1013.2631,0.0,100.0
2021-01-12 01:00:00,20.25,85.75,20.63736,20.229645,97.5155,23.93989,-0.6512604,-0.30558777,0.71939135,64.862854,1014.1262,0.0,100.0
2021-01-12 02:00:00,20.25,85.75,21.547516,20.523834,93.90556,24.656553,-0.9836273,-0.6858063,1.199105,55.11493,1015.0375,0.0,100.0
2021-01-12 03:00:00,20.25,85.75,21.858307,20.993317,94.84026,24.860413,-1.3924255,-0.9477997,1.684391,55.75757,1015.8044,0.0,49.560546875
2021-01-12 04:00:00,20.25,85.75,22.874908,20.696442,87.54132,25.905466,-1.2403564,-0.7134094,1.4308869,60.093994,1016.2469,0.0,22.216796875
2021-01-12 05:00:00,20.25,85.75,27.03482,20.73404,68.46376,30.128666,-1.2724762,-0.48139954,1.360493,69.2775,1015.91376,0.0095367431640625,4.55322265625
2021-01-12 06:00:00,20.25,85.75,29.264069,20.407867,58.93016,32.26441,-1.2606506,0.037139893,1.2611976,91.687515,1015.1956,0.005245208740234375,26.995849609375
2021-01-12 07:00:00,20.25,85.75,29.611725,20.385895,57.68161,32.849224,-0.706604,0.5677948,0.90646577,128.78378,1013.7606,0.001430511474609375,40.8782958984375
2021-01-12 08:00:00,20.25,85.75,30.565582,20.238434,54.112167,33.720478,-0.26976013,0.88023376,0.9206422,162.96158,1012.60187,0.0,27.886962890625
2021-01-12 09:00:00,20.25,85.75,30.579987,19.877838,52.874428,33.476402,0.22731018,1.0189514,1.0439981,192.57578,1011.85126,0.0,29.5562744140625
2021-01-12 10:00:00,20.25,85.75,28.183502,20.760162,64.11893,31.333633,0.6457977,1.1242065,1.2964934,209.8751,1011.1356,0.0,25.341796875
2021-01-12 11:00:00,20.25,85.75,28.271881,20.42398,62.481804,30.945805,0.26863098,1.7197266,1.7405809,188.87817,1011.0706,0.0,21.5606689453125
2021-01-12 12:00:00,20.25,85.75,27.342926,20.669586,66.97115,30.021282,-0.28259277,1.8869324,1.907976,171.48251,1010.9363,0.0,20.34912109375
2021-01-12 13:00:00,20.25,85.75,27.458649,20.77774,66.96321,29.730019,-0.71307373,2.4645844,2.5656676,163.86336,1011.54065,0.0,2.8900146484375
2021-01-12 14:00:00,20.25,85.75,26.11441,21.897614,77.62308,28.897251,-1.0292969,2.4487305,2.6562629,157.2011,1012.23376,0.0,2.11181640625
2021-01-12 15:00:00,20.25,85.75,24.184479,21.755524,86.32582,27.048185,-1.1051483,2.1724243,2.4373717,153.0368,1012.9369,0.0,5.1116943359375
2021-01-12 16:00:00,20.25,85.75,23.867828,22.212555,90.470055,27.272568,-0.71533203,1.8795013,2.011026,159.16335,1013.33624,0.0,4.2266845703125
2021-01-12 17:00:00,20.25,85.75,22.732819,21.953033,95.36788,26.31697,-0.048690796,1.5581665,1.558927,178.21017,1013.4931,0.0,13.9007568359375
2021-01-12 18:00:00,20.25,85.75,22.815094,22.07779,95.617966,26.494347,0.4567871,1.4472046,1.5175822,197.51749,1013.52686,0.0,31.9091796875
2021-01-12 19:00:00,20.25,85.75,23.148102,22.381989,95.46134,26.93222,0.68711853,1.4456787,1.6006621,205.42133,1013.67065,0.0,33.7890625
2021-01-12 20:00:00,20.25,85.75,22.31607,21.733307,96.50937,25.753754,0.5770569,1.4962006,1.6036243,201.09071,1013.1869,0.0,42.67578125
2021-01-12 21:00:00,20.25,85.75,22.37027,21.840485,96.823494,25.984934,0.31315613,1.396347,1.4310317,192.64047,1013.0444,0.0,41.7816162109375
2021-01-12 22:00:00,20.25,85.75,21.756256,21.159576,96.41247,25.176725,-0.046035767,1.2059174,1.2067957,177.81381,1012.7619,0.0,48.4649658203125
2021-01-12 23:00:00,20.25,85.75,21.860504,21.352692,96.9419,25.58401,-0.16239929,0.8998718,0.91440845,169.76999,1012.72565,0.0,69.378662109375
2021-01-13 00:00:00,20.25,85.75,21.931793,21.408112,96.84934,25.693474,-0.698349,0.56837463,0.9004116,129.14157,1013.105,0.0,69.378662109375
2021-01-13 01:00:00,20.25,85.75,21.457428,21.28653,98.95838,25.438068,-0.4947052,-0.06718445,0.49924642,82.26611,1013.7425,0.0,67.156982421875
2021-01-13 02:00:00,20.25,85.75,22.802887,22.141754,96.06238,27.009628,-0.7355194,-0.345932,0.8128086,64.81128,1014.715,0.0,72.479248046875
2021-01-13 03:00:00,20.25,85.75,23.393463,22.260162,93.36262,28.057556,-0.20547485,0.14108276,0.24924739,124.47421,1015.27625,0.0,62.109375
2021-01-13 04:00:00,20.25,85.75,23.508698,21.85904,90.47658,27.730362,0.1743927,0.54911804,0.57614535,197.61917,1015.4169,0.045299530029296875,31.3323974609375
2021-01-13 05:00:00,20.25,85.75,26.44986,21.285309,73.30296,30.429031,0.19972229,0.45048523,0.4927737,203.91006,1015.09937,0.05435943603515625,31.43310546875
2021-01-13 06:00:00,20.25,85.75,28.286041,21.16153,65.32921,32.17704,0.13595581,0.5075073,0.52540237,194.9968,1014.59564,0.030517578125,41.326904296875
2021-01-13 07:00:00,20.25,85.75,28.46231,20.769196,63.122494,32.04108,0.09501648,0.6834564,0.69002956,187.91473,1013.1231,0.044345855712890625,40.557861328125
2021-01-13 08:00:00,20.25,85.75,29.596344,19.646149,55.148655,32.477318,-0.00730896,0.9124298,0.9124591,179.54105,1012.14624,0.004291534423828125,42.2119140625
2021-01-13 09:00:00,20.25,85.75,30.059235,19.030914,51.68255,32.551,0.022521973,1.0639343,1.0641726,181.21269,1011.13873,0.0,44.5465087890625
2021-01-13 10:00:00,20.25,85.75,26.974518,20.532135,67.85729,29.983475,-0.8518219,1.0341034,1.339765,140.52069,1010.3075,0.0,36.9964599609375
2021-01-13 11:00:00,20.25,85.75,26.723785,20.342682,68.064896,29.082874,-1.4760132,1.5448608,2.136635,136.30559,1010.4356,0.0,37.8997802734375
2021-01-13 12:00:00,20.25,85.75,26.45401,20.651031,70.48327,28.56604,-2.0553284,1.7593384,2.7054844,130.56317,1010.8162,0.0,16.89453125
2021-01-13 13:00:00,20.25,85.75,26.157867,21.133453,73.88623,28.137035,-2.4322052,2.140808,3.240167,131.35399,1011.5094,0.0,10.8978271484375
2021-01-13 14:00:00,20.25,85.75,24.93985,21.54068,81.43527,27.12664,-2.5236816,2.037323,3.2434015,128.91333,1012.2631,0.0,10.2264404296875
2021-01-13 15:00:00,20.25,85.75,23.562897,20.92276,85.154434,25.711334,-2.343338,1.6238403,2.8509805,124.72044,1013.2225,0.0,9.4512939453125
2021-01-13 16:00:00,20.25,85.75,23.392242,21.152008,87.25541,26.225605,-1.668808,1.1694183,2.0377584,125.02089,1013.72626,0.0,16.0064697265625
2021-01-13 17:00:00,20.25,85.75,22.408356,21.240387,93.11666,25.7775,-1.0566406,0.82069397,1.3379192,127.83653,1014.3269,0.0,27.9022216796875
2021-01-13 18:00:00,20.25,85.75,22.418121,21.235504,93.03353,25.910759,-1.0324554,0.5242615,1.1579354,116.92061,1013.95874,0.003337860107421875,40.673828125
2021-01-13 19:00:00,20.25,85.75,22.506744,21.398102,93.4607,26.22337,-0.8875427,-0.3569641,0.95663756,68.0903,1013.9888,0.0286102294921875,48.35205078125
2021-01-13 20:00:00,20.25,85.75,21.746002,21.3544,97.632385,25.464727,-0.6793518,-0.6242981,0.9226413,47.418182,1013.33563,0.02288818359375,65.8111572265625
2021-01-13 21:00:00,20.25,85.75,21.535065,21.269684,98.387535,25.045921,-0.8126526,-0.8249359,1.1579826,44.57025,1013.2294,0.087738037109375,40.899658203125
2021-01-13 22:00:00,20.25,85.75,20.629303,19.874908,95.445435,23.30482,-0.87028503,-1.0619354,1.3729905,39.33554,1013.40686,0.09441375732421875,68.0450439453125
2021-01-13 23:00:00,20.25,85.75,20.716705,19.92569,95.23213,23.32822,-0.94685364,-1.1617126,1.4987022,39.181732,1012.8956,0.014781951904296875,83.6669921875
2021-01-14 00:00:00,20.25,85.75,20.92984,20.00943,94.48017,23.58528,-0.95788574,-1.1446991,1.4926088,39.922638,1013.66437,0.04291534423828125,40.90576171875
2021-01-14 01:00:00,20.25,85.75,20.704742,19.977936,95.61118,23.363363,-1.0561981,-1.0179443,1.4668896,46.05658,1014.1869,0.041484832763671875,62.701416015625
2021-01-14 02:00:00,20.25,85.75,21.116852,20.014313,93.4292,23.708763,-1.2416687,-0.98750305,1.5864751,51.50464,1015.1725,0.03147125244140625,100.0
2021-01-14 03:00:00,20.25,85.75,21.700104,20.472565,92.73967,24.413635,-1.4359283,-0.9614258,1.7280711,56.19571,1016.09937,0.041961669921875,38.330078125
2021-01-14 04:00:00,20.25,85.75,21.947662,19.857574,87.9399,24.670853,-1.0623016,-0.7347412,1.2916383,55.330322,1016.2419,0.209808349609375,52.9052734375
2021-01-14 05:00:00,20.25,85.75,24.947418,19.640533,72.40268,28.05811,-0.28611755,-0.51405334,0.58831465,29.099915,1016.3719,0.09965896606445312,55.89599609375
2021-01-14 06:00:00,20.25,85.75,26.886627,19.930817,65.720436,30.294014,0.024642944,-0.35572815,0.3565807,356.03717,1014.91315,0.06628036499023438,41.3360595703125
2021-01-14 07:00:00,20.25,85.75,27.219147,19.536285,62.89141,30.496212,0.053268433,-0.272583,0.2777391,348.94257,1013.53186,0.013828277587890625,44.427490234375
2021-01-14 08:00:00,20.25,85.75,28.657135,19.51651,57.759815,31.956188,0.06500244,-0.22140503,0.23074988,343.63824,1012.0131,0.005245208740234375,31.5338134765625
2021-01-14 09:00:00,20.25,85.75,28.619293,19.263824,56.98413,31.847328,-0.12844849,-0.105270386,0.16607489,50.663544,1011.3719,0.0,35.6536865234375
2021-01-14 10:00:00,20.25,85.75,26.605377,19.72647,65.976234,30.048458,0.1680603,-0.010009766,0.16835813,273.40854,1010.40314,0.0,23.773193359375
2021-01-14 11:00:00,20.25,85.75,26.683014,19.178131,63.474125,29.741173,-0.0082092285,0.35601807,0.35611272,178.67908,1010.785,0.0,28.8787841796875
2021-01-14 12:00:00,20.25,85.75,26.556793,19.768219,66.336945,28.993954,-1.0929413,1.2139587,1.6334677,138.00293,1010.66064,0.0,14.434814453125
2021-01-14 13:00:00,20.25,85.75,25.854156,20.33902,71.63543,28.06543,-1.4808807,1.8204498,2.3467095,140.8727,1011.3237,0.0,3.11279296875
2021-01-14 14:00:00,20.25,85.75,24.95108,21.380524,80.5866,27.435202,-1.9087677,1.9106445,2.7007327,135.02817,1011.7919,0.0,1.776123046875
2021-01-14 15:00:00,20.25,85.75,23.551666,20.935455,85.27861,26.100512,-1.8444977,1.3539124,2.2880669,126.27971,1012.57874,0.0,2.667236328125
2021-01-14 16:00:00,20.25,85.75,23.117584,20.951569,87.629684,26.08273,-1.5635071,0.68136597,1.7055246,113.54726,1013.27686,0.00667572021484375,10.003662109375
2021-01-14 17:00:00,20.25,85.75,21.533844,20.428375,93.43236,24.463577,-1.379425,0.15934753,1.3885982,96.58946,1013.2125,0.0019073486328125,23.785400390625
2021-01-14 18:00:00,20.25,85.75,21.490631,20.37442,93.36834,24.45473,-1.2589417,-0.3321991,1.3020332,75.2182,1012.9338,0.0,28.0059814453125
2021-01-14 19:00:00,20.25,85.75,21.49356,20.321442,93.04671,24.255726,-1.3222198,-0.8160248,1.5537573,58.318665,1012.6856,0.0,32.6751708984375
2021-01-14 20:00:00,20.25,85.75,20.75528,19.756012,94.012245,23.081913,-1.3558044,-1.1704559,1.7911373,49.196167,1012.3175,0.000476837158203125,36.8896484375
2021-01-14 21:00:00,20.25,85.75,20.998688,19.480377,91.04384,22.966055,-1.5039062,-1.4947052,2.1203485,45.17578,1012.08,0.00095367431640625,82.2479248046875
2021-01-14 22:00:00,20.25,85.75,19.620026,18.644928,94.104065,21.176016,-1.4295044,-1.6313477,2.16905,41.227173,1011.9275,0.0019073486328125,41.6656494140625
2021-01-14 23:00:00,20.25,85.75,19.595123,18.371735,92.65107,21.10727,-1.3587036,-1.5487823,2.0602918,41.259583,1011.77435,0.0,59.8907470703125
2021-01-15 00:00:00,20.25,85.75,19.644196,18.501862,93.12535,21.273705,-1.3227844,-1.4651184,1.9739125,42.07733,1012.2656,0.00095367431640625,55.89599609375
2021-01-15 01:00:00,20.25,85.75,19.224762,18.311676,94.45347,20.925852,-1.265274,-1.2138214,1.7533627,46.188965,1013.09436,0.000476837158203125,45.770263671875
2021-01-15 02:00:00,20.25,85.75,19.801178,17.89859,88.79603,21.162329,-1.4447937,-1.3611298,1.9849693,46.707886,1014.0206,0.0,40.3350830078125
2021-01-15 03:00:00,20.25,85.75,19.975983,17.979889,88.28971,21.395113,-1.4714966,-1.2816925,1.9514195,48.943726,1014.6869,0.0,30.218505859375
2021-01-15 04:00:00,20.25,85.75,20.131989,17.014557,82.27367,21.702217,-0.9143677,-0.71798706,1.162572,51.859985,1015.16437,0.0,26.8890380859375
2021-01-15 05:00:00,20.25,85.75,24.998688,17.088776,61.511185,27.049978,-0.059051514,-0.50964355,0.51305324,6.6092834,1014.695,0.0,40.00244140625
2021-01-15 06:00:00,20.25,85.75,26.572662,15.825592,51.705677,28.062939,0.5140381,-0.32000732,0.6055079,301.90375,1013.9938,0.0,20.1202392578125
2021-01-15 07:00:00,20.25,85.75,26.85733,15.866852,50.980705,28.111996,0.96388245,-0.017349243,0.9640386,271.0312,1012.4075,0.0,15.56396484375
2021-01-15 08:00:00,20.25,85.75,28.48404,16.075104,46.97708,29.575726,1.2696991,0.31436157,1.3080363,256.09393,1011.29376,0.0,9.552001953125
2021-01-15 09:00:00,20.25,85.75,28.621735,15.823639,45.860516,29.427948,1.5319366,0.38243103,1.5789502,255.98323,1010.64685,0.0,8.880615234375
2021-01-15 10:00:00,20.25,85.75,25.93692,17.552399,59.905666,27.411125,1.6038818,0.12142944,1.608472,265.6704,1009.9263,0.0,0.445556640625
2021-01-15 11:00:00,20.25,85.75,26.195953,17.139557,57.47593,28.006443,0.8795471,0.09779358,0.8849671,263.65555,1010.045,0.0,0.89111328125
2021-01-15 12:00:00,20.25,85.75,25.901031,16.864655,57.477825,27.49665,-0.644104,0.808548,1.0337406,141.45854,1010.5112,0.0,0.0
2021-01-15 13:00:00,20.25,85.75,24.792633,16.970612,61.807846,25.72085,-1.5757294,1.3104248,2.0494235,129.74796,1010.8731,0.0,0.0
2021-01-15 14:00:00,20.25,85.75,23.950592,18.39981,71.13162,25.293919,-1.6117249,1.660614,2.3141513,135.85596,1011.5481,0.0,0.0
2021-01-15 15:00:00,20.25,85.75,22.24649,17.914948,76.48917,23.579573,-1.2245483,1.6222382,2.032529,142.95264,1012.0925,0.0,0.0
2021-01-15 16:00:00,20.25,85.75,21.70401,18.562164,82.33919,23.285192,-0.74090576,1.942215,2.0787354,159.11942,1012.77313,0.0,0.0
2021-01-15 17:00:00,20.25,85.75,20.702545,18.777496,88.74368,22.386034,-0.32748413,2.0438843,2.069954,170.89708,1012.6138,0.0,0.0
2021-01-15 18:00:00,20.25,85.75,20.277252,18.911285,91.86689,22.227457,-0.086639404,1.7727509,1.7748667,177.20203,1012.2456,0.0,3.558349609375
2021-01-15 19:00:00,20.25,85.75,20.555817,19.318756,92.623825,23.373085,-0.2740326,0.75183105,0.8002148,159.97388,1012.15314,0.0,8.89892578125
2021-01-15 20:00:00,20.25,85.75,20.453766,19.450104,93.97325,23.690878,-0.14675903,0.24664307,0.28700352,149.24626,1011.3631,0.0,20.9075927734375
2021-01-15 21:00:00,20.25,85.75,20.67984,19.575348,93.39677,23.825287,-0.12181091,-0.48568726,0.5007295,14.079437,1011.28876,0.0,99.1119384765625
2021-01-15 22:00:00,20.25,85.75,18.69522,18.280914,97.43864,21.214779,-0.21711731,-0.52215576,0.56549674,22.578003,1010.9944,0.000476837158203125,100.0
2021-01-15 23:00:00,20.25,85.75,18.804108,18.440582,97.75131,21.264421,-0.44352722,-0.6040802,0.74941933,36.286804,1010.9425,0.0,100.0
2021-01-16 00:00:00,20.25,85.75,19.19522,19.009918,98.85156,21.822117,-0.5134125,-0.70562744,0.8726411,36.03952,1011.2556,0.00476837158203125,100.0
2021-01-16 01:00:00,20.25,85.75,19.1503,18.96988,98.88129,21.618084,-0.46037292,-0.9705353,1.074189,25.377289,1012.0613,0.015735626220703125,100.0
2021-01-16 02:00:00,20.25,85.75,19.349274,19.127838,98.63057,21.716713,-0.16609192,-1.30896,1.3194555,7.2315063,1012.91064,0.039577484130859375,98.7762451171875
2021-01-16 03:00:00,20.25,85.75,18.572174,18.5065,99.58969,20.55621,0.21775818,-1.4550934,1.4712971,351.4887,1013.82623,0.0019073486328125,94.6624755859375
2021-01-16 04:00:00,20.25,85.75,18.049713,17.882477,98.95393,19.64413,0.14309692,-1.6371613,1.643403,355.00473,1014.0925,0.00095367431640625,87.1063232421875
2021-01-16 05:00:00,20.25,85.75,22.155426,18.444489,79.51427,23.92868,-0.122558594,-1.7256927,1.7300394,4.062317,1013.84125,0.00095367431640625,75.543212890625
2021-01-16 06:00:00,20.25,85.75,24.48648,18.578766,69.65828,26.42093,-0.30007935,-1.5523529,1.5810905,10.940674,1012.59375,0.0,18.231201171875
2021-01-16 07:00:00,20.25,85.75,25.559967,17.304352,60.307674,27.196465,-0.26905823,-1.2008362,1.2306095,12.629059,1011.2325,0.0,6.219482421875
2021-01-16 08:00:00,20.25,85.75,28.053375,15.448639,46.27754,29.191578,0.020736694,-0.90489197,0.90512955,358.68723,1010.09314,0.0,3.11279296875
2021-01-16 09:00:00,20.25,85.75,28.469635,14.983551,43.840633,29.399609,0.13378906,-0.95002747,0.9594017,351.98395,1009.3694,0.0,0.0
2021-01-16 10:00:00,20.25,85.75,25.471344,15.835358,55.221767,26.73679,0.1005249,-0.9279022,0.93333155,353.81693,1008.8063,0.0,0.0
2021-01-16 11:00:00,20.25,85.75,25.57901,16.32608,56.61476,27.213299,-0.4837036,-0.47105408,0.6751749,45.759064,1009.1831,0.0,0.0
2021-01-16 12:00:00,20.25,85.75,24.764313,15.872955,57.735817,25.342325,-1.7995605,0.7154083,1.9365504,111.680115,1009.58685,0.0,0.0
2021-01-16 13:00:00,20.25,85.75,23.740143,15.941559,61.66189,24.10428,-1.914032,1.2397614,2.2804663,122.93205,1010.02374,0.0,0.0
2021-01-16 14:00:00,20.25,85.75,22.625153,16.542389,68.53461,23.211271,-1.6956787,1.5492859,2.2968702,132.41693,1010.6731,0.0,0.0
2021-01-16 15:00:00,20.25,85.75,22.003815,17.065094,73.57461,22.73237,-1.7254333,1.6572418,2.3923986,133.84514,1011.4575,0.0,0.0
2021-01-16 16:00:00,20.25,85.75,21.673737,18.527008,82.31034,23.230875,-1.5014038,1.4553833,2.0910172,134.1083,1012.0731,0.0,0.0
2021-01-16 17:00:00,20.25,85.75,19.947662,18.640778,92.187454,21.534794,-1.421936,1.5746155,2.1216304,137.9168,1012.26685,0.0,0.0
2021-01-16 18:00:00,20.25,85.75,19.790924,18.567291,92.66021,21.532782,-1.6013947,0.93504333,1.8543923,120.28038,1012.27686,0.0,0.0
2021-01-16 19:00:00,20.25,85.75,20.081207,18.906158,92.9574,22.313736,-1.1690521,-0.71131897,1.3684508,58.681244,1012.53436,0.0,0.0
2021-01-16 20:00:00,20.25,85.75,18.397125,17.960114,97.29387,20.261774,-0.82310486,-1.011734,1.304265,39.13037,1012.2975,0.0,0.0
2021-01-16 21:00:00,20.25,85.75,18.700592,18.174957,96.76041,20.242397,-1.2244873,-1.4486237,1.8968078,40.20703,1012.2644,0.0,0.0
2021-01-16 22:00:00,20.25,85.75,17.653473,17.033112,96.15635,18.569489,-1.1595001,-1.7626343,2.1098151,33.3378,1012.72064,0.0,49.37744140625
2021-01-16 23:00:00,20.25,85.75,17.54068,16.853424,95.74615,18.328157,-1.3788147,-1.7015991,2.1901073,39.018005,1013.08185,0.0,17.333984375
2021-01-17 00:00:00,20.25,85.75,17.964264,17.223297,95.43503,18.853426,-1.4797058,-1.7063141,2.2585475,40.93164,1013.335,0.0,11.12060546875
2021-01-17 01:00:00,20.25,85.75,17.910065,16.914703,93.90806,18.600998,-1.579773,-1.7572021,2.3629308,41.95642,1014.1044,0.0,5.8929443359375
2021-01-17 02:00:00,20.25,85.75,18.561676,16.367096,87.063934,18.722136,-1.9767456,-1.9977264,2.8104153,44.69754,1014.8475,0.0,2.557373046875
2021-01-17 03:00:00,20.25,85.75,18.951324,16.230621,84.23391,18.976183,-2.2229004,-1.9058838,2.9280846,49.390686,1015.7,0.0,0.10986328125
2021-01-17 04:00:00,20.25,85.75,19.448395,15.658112,78.7338,19.02384,-2.7400513,-1.7629089,3.258179,57.243347,1016.21185,0.0,0.0
2021-01-17 05:00:00,20.25,85.75,23.258698,15.592194,62.07555,23.014523,-2.6838531,-1.2527924,2.9618502,64.977356,1015.8044,0.0,3.7750244140625
2021-01-17 06:00:00,20.25,85.75,24.917389,15.603424,56.23275,25.014925,-2.3407288,-0.8129425,2.4778795,70.84772,1015.5425,0.0,9.6649169921875
2021-01-17 07:00:00,20.25,85.75,25.455719,15.843414,55.30153,25.837852,-2.1366577,-0.52233887,2.1995783,76.26257,1014.4381,0.0,16.8853759765625
2021-01-17 08:00:00,20.25,85.75,27.763824,15.943512,48.580254,28.259537,-2.0664368,-0.3037262,2.0886385,81.63849,1013.6256,0.0,11.2213134765625
2021-01-17 09:00:00,20.25,85.75,28.040436,15.626862,46.844276,28.37748,-2.139862,-0.13856506,2.1443436,86.29501,1013.09,0.0,13.4307861328125
2021-01-17 10:00:00,20.25,85.75,25.169342,17.11612,60.994358,26.11981,-2.0691986,0.36592102,2.1013045,100.028625,1012.7444,0.0,5.5511474609375
2021-01-17 11:00:00,20.25,85.75,25.160553,16.850006,60.006027,25.850885,-2.1793213,0.79434204,2.3195734,110.02632,1012.6331,0.0,5.9967041015625
2021-01-17 12:00:00,20.25,85.75,24.747955,16.714752,60.975433,25.462582,-1.9144287,1.1006927,2.208294,119.896576,1013.5513,0.0,11.8896484375
2021-01-17 13:00:00,20.25,85.75,24.717926,16.922516,61.895336,25.346317,-2.0555573,1.333435,2.4501765,122.97139,1014.03876,0.0,15.7867431640625
2021-01-17 14:00:00,20.25,85.75,23.315338,17.549713,70.05964,24.356253,-1.933548,1.109375,2.2291973,119.84511,1014.6431,0.0,6.890869140625
2021-01-17 15:00:00,20.25,85.75,21.877106,17.25943,75.06282,23.040384,-1.7261658,0.7565155,1.8846655,113.66609,1015.2369,0.0,1.7791748046875
2021-01-17 16:00:00,20.25,85.75,21.422272,17.674957,79.23059,22.951694,-1.5936127,0.21600342,1.6081849,97.719025,1015.4944,0.0,0.0
2021-01-17 17:00:00,20.25,85.75,19.839752,17.74356,87.72366,21.325506,-1.6959076,-0.24334717,1.7132777,81.83432,1015.5737,0.0,0.0
2021-01-17 18:00:00,20.25,85.75,19.411774,17.77066,90.23977,20.924803,-1.5977936,-0.55366516,1.6910025,70.88785,1015.3306,0.0,0.0
2021-01-17 19:00:00,20.25,85.75,19.294098,17.612213,89.99981,20.660603,-1.5587463,-0.9108887,1.8053831,59.699158,1015.1425,0.0,0.0
2021-01-17 20:00:00,20.25,85.75,18.252594,17.089996,92.93511,19.401287,-1.4527283,-1.0795898,1.809954,53.382233,1014.97565,0.0,0.0
2021-01-17 21:00:00,20.25,85.75,17.996246,16.852448,93.032555,19.016817,-1.3302765,-1.2946167,1.856251,45.77832,1014.6356,0.0,0.0
2021-01-17 22:00:00,20.25,85.75,17.050446,16.301422,95.35466,17.952066,-1.0371246,-1.367218,1.7160748,37.18271,1014.0656,0.0,0.0
2021-01-17 23:00:00,20.25,85.75,16.975006,16.267487,95.6045,17.770237,-0.96751404,-1.5759888,1.8492767,31.546143,1014.0825,0.0,1.7791748046875
2021-01-18 00:00:00,20.25,85.75,17.29654,15.586334,89.690575,17.690706,-0.879303,-1.8536835,2.0516617,25.377533,1014.8137,0.0,5.7861328125
2021-01-18 01:00:00,20.25,85.75,17.12613,15.435699,89.79152,17.405582,-0.99072266,-1.891922,2.1356263,27.639221,1015.8069,0.0,5.7830810546875
2021-01-18 02:00:00,20.25,85.75,17.9003,15.257721,84.53984,17.933523,-1.4403381,-1.9113159,2.393262,37.0011,1016.90564,0.0,10.675048828125
2021-01-18 03:00:00,20.25,85.75,18.163727,15.169342,82.68108,18.128002,-1.7763672,-1.6806793,2.4454372,46.58548,1017.84314,0.0,0.0
2021-01-18 04:00:00,20.25,85.75,18.733063,14.889069,78.35869,18.495104,-2.2292786,-1.316742,2.5891104,59.431396,1018.0375,0.0,0.0
2021-01-18 05:00:00,20.25,85.75,23.302643,15.7118225,62.386906,23.584099,-2.1945953,-0.5991516,2.2749135,74.729675,1017.4331,0.0,0.8880615234375
2021-01-18 06:00:00,20.25,85.75,25.410553,15.9947815,55.988914,26.161987,-1.7540741,-0.025024414,1.7542527,89.18265,1016.5569,0.0,3.997802734375
2021-01-18 07:00:00,20.25,85.75,25.723541,16.048248,55.145985,26.741333,-1.3513641,0.37548828,1.4025607,105.52843,1015.10376,0.0,13.6688232421875
2021-01-18 08:00:00,20.25,85.75,27.721588,15.507965,47.362064,28.681,-0.983551,0.67411804,1.1923958,124.42644,1014.03876,0.0,17.5506591796875
2021-01-18 09:00:00,20.25,85.75,27.94815,15.60611,47.034508,29.040249,-0.5994873,0.8678131,1.0547439,145.3632,1013.33435,0.0,19.4366455078125
2021-01-18 10:00:00,20.25,85.75,25.00772,17.00528,61.15387,26.686195,-0.27137756,0.9597168,0.99734753,164.21078,1012.79565,0.0,1.7791748046875
2021-01-18 11:00:00,20.25,85.75,25.007965,16.730865,60.098057,26.34263,-0.20396423,1.3156433,1.3313597,171.18759,1012.72186,0.0,2.6641845703125
2021-01-18 12:00:00,20.25,85.75,24.326324,17.447174,65.50095,25.523272,-0.30003357,1.9209595,1.9442494,171.12274,1012.8175,0.0,2.667236328125
2021-01-18 13:00:00,20.25,85.75,24.2836,17.016754,63.90567,25.258972,-0.35128784,1.9783478,2.009294,169.93115,1013.26874,0.0,0.0
2021-01-18 14:00:00,20.25,85.75,23.11148,17.406403,70.289314,24.062551,-0.4142151,2.2348022,2.2728648,169.49954,1013.6394,0.0,0.0
2021-01-18 15:00:00,20.25,85.75,21.647125,16.90689,74.444695,22.391031,-0.41784668,2.240982,2.2796044,169.4381,1014.1,0.0,0.0
2021-01-18 16:00:00,20.25,85.75,21.233307,17.153717,77.55831,22.309021,-0.3196106,1.9223022,1.9486911,170.5601,1014.2925,0.0,0.0
2021-01-18 17:00:00,20.25,85.75,19.689362,17.197174,85.54408,20.723785,-0.09931946,2.0319977,2.0344234,177.20175,1013.9437,0.0,0.0
2021-01-18 18:00:00,20.25,85.75,19.389313,17.042145,86.30276,20.3562,0.6348419,1.9398346,2.0410738,198.12152,1013.7125,0.0,0.0
2021-01-18 19:00:00,20.25,85.75,19.53482,16.831207,84.38987,20.465298,1.2691193,1.5088654,1.9716334,220.06747,1013.01874,0.0,0.0
2021-01-18 20:00:00,20.25,85.75,18.578033,16.178864,85.93816,19.261005,1.5787659,1.1608582,1.9596156,233.67316,1012.785,0.0,0.0
2021-01-18 21:00:00,20.25,85.75,18.312164,16.041656,86.62018,18.904207,1.6277771,1.1865387,2.0143318,233.91049,1012.1231,0.0,0.0
2021-01-18 22:00:00,20.25,85.75,17.25357,15.697418,90.57632,17.818573,1.4870758,1.1289673,1.867073,232.79474,1011.925,0.0,0.0
2021-01-18 23:00:00,20.25,85.75,17.289948,15.713287,90.46007,17.730988,1.250946,1.6274414,2.0526645,217.54797,1011.885,0.0,0.0
2021-01-19 00:00:00,20.25,85.75,18.515533,16.098297,85.83295,19.041355,1.1870728,1.7803802,2.1398354,213.69347,1012.545,0.0,0.0
2021-01-19 01:00:00,20.25,85.75,18.874176,16.217438,84.56948,19.737625,1.153305,1.2799072,1.7228683,222.02155,1013.2438,0.0,0.0
2021-01-19 02:00:00,20.25,85.75,19.553131,16.663239,83.40004,21.218348,0.82440186,0.05731201,0.82639164,266.02322,1014.065,0.0,0.0
2021-01-19 03:00:00,20.25,85.75,20.028717,16.924225,82.32848,21.721027,0.707901,0.6126709,0.93621016,229.12462,1014.875,0.0,0.0
2021-01-19 04:00:00,20.25,85.75,20.302887,17.215729,82.452354,21.181961,1.1088257,1.9769135,2.2666454,209.28752,1015.1525,0.0,0.8880615234375
2021-01-19 05:00:00,20.25,85.75,25.51773,18.45401,64.994675,26.684246,1.3557892,2.2167053,2.598451,211.45094,1014.5825,0.0,6.439208984375
2021-01-19 06:00:00,20.25,85.75,27.833405,18.0607,55.327583,28.90989,1.4092255,2.0412292,2.4804301,214.62045,1013.94,0.0,15.22216796875
2021-01-19 07:00:00,20.25,85.75,28.040924,17.842194,53.91586,29.118015,1.4014282,1.8819427,2.3464248,216.674,1012.52625,0.0,18.5516357421875
2021-01-19 08:00:00,20.25,85.75,29.285065,17.993073,50.639065,30.453514,1.4072571,1.8261261,2.305452,217.61871,1011.6912,0.0,9.33837890625
2021-01-19 09:00:00,20.25,85.75,29.389557,17.961334,50.234116,30.50069,1.2716827,1.9973755,2.367844,212.48396,1011.0031,0.0,0.445556640625
2021-01-19 10:00:00,20.25,85.75,26.669098,18.87442,62.334106,28.003242,1.4101715,2.2118378,2.6231298,212.5198,1010.32,0.0,0.0
2021-01-19 11:00:00,20.25,85.75,26.556793,18.746735,62.249332,27.619854,1.1112823,2.7101898,2.9291768,202.29553,1011.09186,0.0,0.0
2021-01-19 12:00:00,20.25,85.75,25.915924,19.2836,66.852974,27.352602,0.5369568,2.6894226,2.742502,191.29092,1011.285,0.0,0.0
2021-01-19 13:00:00,20.25,85.75,25.59195,19.488922,69.025406,26.877754,0.43449402,3.0629425,3.0936065,188.07382,1011.79,0.0,0.0
2021-01-19 14:00:00,20.25,85.75,24.456207,20.149078,76.94608,26.219807,0.46780396,2.818924,2.8574767,189.42244,1012.1256,0.0,0.0
2021-01-19 15:00:00,20.25,85.75,23.160065,19.675446,80.78036,24.984875,0.61906433,2.371643,2.4511082,194.62936,1012.79626,0.0,0.0
2021-01-19 16:00:00,20.25,85.75,22.768219,19.820953,83.46949,24.809114,0.91400146,2.0457,2.2405999,204.07469,1013.24,0.0,0.0
2021-01-19 17:00:00,20.25,85.75,21.707916,19.865631,89.28126,23.77715,1.2924042,1.8192596,2.2315946,215.39003,1013.03687,0.0,0.0
2021-01-19 18:00:00,20.25,85.75,21.426422,19.734772,90.09812,23.400997,1.4099579,1.7905579,2.279052,218.21834,1012.60065,0.0,0.0
2021-01-19 19:00:00,20.25,85.75,21.466461,19.69522,89.6572,23.402231,1.3329315,1.8841095,2.3079374,215.27786,1012.16125,0.0,0.0
2021-01-19 20:00:00,20.25,85.75,20.823395,19.489899,92.08488,22.56297,1.2066345,2.1348572,2.4522607,209.4754,1011.845,0.0,0.0
2021-01-19 21:00:00,20.25,85.75,20.912018,19.520905,91.76096,22.493555,1.0843506,2.4710236,2.698476,203.69315,1011.2944,0.0,0.0
2021-01-19 22:00:00,20.25,85.75,20.60611,19.671295,94.38256,22.03381,1.3280487,2.7108917,3.0187163,206.09995,1011.2006,0.0,3.7811279296875
2021-01-19 23:00:00,20.25,85.75,20.593414,19.585358,93.953804,21.881233,1.282486,2.8894043,3.1612384,203.93445,1010.91376,0.0,7.452392578125
2021-01-20 00:00:00,20.25,85.75,21.206207,19.776276,91.55792,22.65646,1.2696075,2.7800293,3.0562177,204.54564,1011.64813,0.0,11.566162109375
2021-01-20 01:00:00,20.25,85.75,21.098541,19.629547,91.32958,22.573,1.1895294,2.6705475,2.9234917,204.0094,1012.135,0.0,17.6788330078125
2021-01-20 02:00:00,20.25,85.75,22.441315,20.23819,87.36988,24.050507,1.2653198,2.876114,3.1421435,203.74666,1013.0469,0.0,11.6729736328125
2021-01-20 03:00:00,20.25,85.75,22.68863,20.28775,86.33161,23.40545,2.029007,3.9614563,4.4508433,207.12094,1013.65,0.0,23.0224609375
2021-01-20 04:00:00,20.25,85.75,23.112213,20.241852,83.90661,24.019447,1.9965363,3.634262,4.146567,208.78285,1014.015,0.0,3.22265625
2021-01-20 05:00:00,20.25,85.75,27.402496,20.46109,65.885574,28.547192,2.2052307,3.2802582,3.9526114,213.9119,1013.86127,0.0,1.9989013671875
2021-01-20 06:00:00,20.25,85.75,29.585358,20.033844,56.525784,30.707176,2.3689575,2.8250427,3.686845,219.98174,1012.9437,0.0,1.3336181640625
2021-01-20 07:00:00,20.25,85.75,29.800446,19.49649,53.99996,30.781708,2.5575867,2.4280396,3.52656,226.48845,1011.8231,0.0,0.0
2021-01-20 08:00:00,20.25,85.75,30.63443,19.121735,50.29051,31.63657,2.4863892,2.0926971,3.249848,229.91399,1010.88873,0.0,0.0
2021-01-20 09:00:00,20.25,85.75,30.696198,18.1586,47.183056,31.504456,2.221527,1.8933105,2.918871,229.5605,1009.91876,0.0,4.8919677734375
2021-01-20 10:00:00,20.25,85.75,28.178375,19.560455,59.552246,29.705574,1.999176,1.9489288,2.7919579,225.72916,1009.8375,0.0,14.996337890625
2021-01-20 11:00:00,20.25,85.75,27.867584,20.422272,63.96474,29.86341,1.1027985,2.4741974,2.7088406,204.02347,1010.09625,0.0,25.7781982421875
2021-01-20 12:00:00,20.25,85.75,27.572662,20.568756,65.66719,29.496803,0.43910217,2.8808289,2.9141014,188.66644,1010.8875,0.0,49.7955322265625
2021-01-20 13:00:00,20.25,85.75,27.111969,21.393219,70.97,29.163132,0.51483154,3.284668,3.32477,188.90794,1011.4931,0.0,19.671630859375
2021-01-20 14:00:00,20.25,85.75,25.973785,22.69815,82.17829,28.839485,0.8366089,3.0414124,3.1543784,195.38013,1011.92126,0.0,28.338623046875
2021-01-20 15:00:00,20.25,85.75,24.780182,22.389313,86.582794,27.775898,1.1616974,2.4704132,2.7299235,205.18498,1012.46375,0.0,40.1031494140625
2021-01-20 16:00:00,20.25,85.75,24.764557,22.771393,88.69751,28.246548,1.2350311,1.9803314,2.333884,211.94968,1012.7075,0.0,61.1053466796875
2021-01-20 17:00:00,20.25,85.75,23.516754,22.365631,93.26741,26.964018,1.1546631,1.7164154,2.0686538,213.92943,1012.225,0.0,38.7603759765625
2021-01-20 18:00:00,20.25,85.75,23.30191,22.136627,93.176506,26.851479,0.86351013,1.5186157,1.7469527,209.62329,1011.9325,0.0,14.7705078125
2021-01-20 19:00:00,20.25,85.75,23.333405,22.178864,93.23905,26.999342,0.8069916,1.3965454,1.6129397,210.02141,1011.27374,0.0,5.4473876953125
2021-01-20 20:00:00,20.25,85.75,22.083893,21.507965,96.54373,25.549173,0.87994385,1.0852356,1.3971534,219.03625,1010.90063,0.0,20.1202392578125
2021-01-20 21:00:00,20.25,85.75,21.932526,21.520905,97.516136,25.05505,1.5279999,1.1234741,1.89657,233.67451,1010.4263,0.0,51.1383056640625
2021-01-20 22:00:00,20.25,85.75,21.328033,21.1586,98.96626,24.403688,1.4173126,-0.9373474,1.6992337,303.47888,1010.76935,0.0,36.004638671875
2021-01-20 23:00:00,20.25,85.75,21.15738,21.084137,99.551414,24.438883,-0.24716187,-1.3287354,1.3515276,10.537323,1010.6269,0.0,30.3436279296875
2021-01-21 00:00:00,20.25,85.75,22.046783,21.372955,95.965645,24.739986,-1.3441315,-1.9893341,2.4008622,34.045654,1011.5737,0.0,25.445556640625
2021-01-21 01:00:00,20.25,85.75,22.138824,21.248444,94.70333,24.482992,-2.0668488,-1.9013824,2.8084016,47.387695,1012.6131,0.0,26.5411376953125
2021-01-21 02:00:00,20.25,85.75,22.215485,19.677887,85.55741,23.614264,-2.4647064,-1.8178406,3.062568,53.589417,1013.5044,0.0,7.4371337890625
2021-01-21 03:00:00,20.25,85.75,22.199615,18.550446,79.82852,22.852118,-2.8870544,-1.7910461,3.3974888,58.18573,1013.96375,0.0,7.769775390625
2021-01-21 04:00:00,20.25,85.75,22.429352,18.037262,76.22711,22.867935,-2.9146423,-1.7207489,3.3846886,59.443207,1014.60315,0.0,9.4451904296875
2021-01-21 05:00:00,20.25,85.75,25.95523,16.404694,55.643814,25.852219,-2.7796478,-1.5860748,3.2003243,60.29077,1014.35876,0.0,11.004638671875
2021-01-21 06:00:00,20.25,85.75,28.20816,16.017487,47.561733,28.21537,-2.43161,-1.4403381,2.8261814,59.360046,1013.59625,0.0,16.2261962890625
2021-01-21 07:00:00,20.25,85.75,28.672272,16.349762,47.287003,29.218098,-1.9536285,-1.0940552,2.2391117,60.75067,1012.4819,0.0,27.1148681640625
2021-01-21 08:00:00,20.25,85.75,29.569244,16.100983,44.190468,30.453632,-1.5080566,-0.58288574,1.616784,68.86774,1011.16376,0.0,24.1180419921875
2021-01-21 09:00:00,20.25,85.75,29.960114,16.186188,43.442795,31.20354,-1.1455231,-0.102630615,1.1501113,84.88037,1010.59625,0.0,23.1109619140625
2021-01-21 10:00:00,20.25,85.75,27.184479,16.141998,50.896633,28.897785,-0.33570862,-0.31228638,0.45850086,47.07007,1010.645,0.0,14.117431640625
2021-01-21 11:00:00,20.25,85.75,27.389801,16.192291,50.449234,28.630959,-1.0422974,0.51005554,1.1604053,116.07515,1010.96686,0.0,17.0013427734375
2021-01-21 12:00:00,20.25,85.75,26.598785,16.386627,53.507084,27.065388,-1.8043365,1.5453949,2.3756843,130.57971,1011.09814,0.0,1.3336181640625
2021-01-21 13:00:00,20.25,85.75,26.248688,16.845123,56.238293,26.38639,-2.447281,1.9107208,3.104841,127.98103,1012.015,0.0,1.89208984375
2021-01-21 14:00:00,20.25,85.75,24.602692,17.720367,65.54583,25.328665,-2.362793,1.4638824,2.779522,121.78055,1012.3706,0.0,0.0
2021-01-21 15:00:00,20.25,85.75,22.589752,16.78482,69.74772,23.669418,-1.5706024,0.7232666,1.7291346,114.7262,1013.16565,0.0,0.0
2021-01-21 16:00:00,20.25,85.75,21.816803,16.990631,74.068886,23.039608,-1.6246948,0.24777222,1.6434793,98.67102,1013.83374,0.0,0.0
2021-01-21 17:00:00,20.25,85.75,20.66446,16.827545,78.67547,22.305677,-0.73957825,-0.60136414,0.95321286,50.884827,1013.98627,0.0,0.0
2021-01-21 18:00:00,20.25,85.75,20.181793,16.91397,81.499565,21.585363,-0.93722534,-0.96144104,1.342669,44.269287,1014.0644,0.0,0.0
2021-01-21 19:00:00,20.25,85.75,19.931793,16.846832,82.41865,21.089146,-1.1865082,-1.1554108,1.6561327,45.760742,1013.5531,0.0,0.0
2021-01-21 20:00:00,20.25,85.75,18.31192,16.099274,86.94054,19.033005,-1.3023224,-1.3301849,1.861568,44.393616,1013.34875,0.0,0.0
2021-01-21 21:00:00,20.25,85.75,17.931305,15.8524475,87.65152,18.592232,-1.0944061,-1.4456635,1.8131927,37.12671,1012.9281,0.0,0.0
2021-01-21 22:00:00,20.25,85.75,16.58487,14.852692,89.51008,16.83657,-0.9259796,-1.6271973,1.8722204,29.64264,1013.2569,0.0,0.0
2021-01-21 23:00:00,20.25,85.75,16.405914,14.781158,90.11829,16.667212,-0.67793274,-1.6912537,1.822068,21.8432,1013.6856,0.0,0.0
2021-01-22 00:00:00,20.25,85.75,16.902008,15.276764,90.15134,17.390804,-0.24533081,-1.7357483,1.753,8.044891,1013.8038,0.0,0.0
2021-01-22 01:00:00,20.25,85.75,16.755768,15.020905,89.50771,17.124273,-0.027954102,-1.7915497,1.7917678,0.8939209,1014.8825,0.0,0.0
2021-01-22 02:00:00,20.25,85.75,18.65445,14.70401,77.811424,18.843674,-0.08444214,-1.8826141,1.884507,2.5682068,1015.4462,0.0,0.0
2021-01-22 03:00:00,20.25,85.75,19.426178,14.776276,74.50141,19.889057,-0.4496765,-1.462204,1.5297874,17.094421,1016.3181,0.0,0.0
2021-01-22 04:00:00,20.25,85.75,20.039215,14.736725,71.53868,20.503302,-1.0708923,-1.0609894,1.5074843,45.266144,1016.6231,0.0,0.0
2021-01-22 05:00:00,20.25,85.75,25.948639,14.72818,49.997704,26.56663,-1.2199097,-0.3796997,1.2776351,72.71112,1016.48627,0.0,1.776123046875
2021-01-22 06:00:00,20.25,85.75,27.764557,14.805817,45.15924,28.707901,-0.84939575,-0.035842896,0.85015166,87.58365,1015.3819,0.0,14.6453857421875
2021-01-22 07:00:00,20.25,85.75,28.111237,14.250153,42.69545,29.206554,-0.28649902,0.20755005,0.35377777,125.92091,1014.08374,0.0,18.6553955078125
2021-01-22 08:00:00,20.25,85.75,29.766022,13.692047,37.415077,30.577316,0.346344,0.34118652,0.48617116,225.4298,1012.7019,0.0,15.643310546875
2021-01-22 09:00:00,20.25,85.75,30.065094,13.050934,35.27268,30.352158,0.8601532,0.36305237,0.93363297,247.11642,1011.83435,0.0,2.001953125
2021-01-22 10:00:00,20.25,85.75,27.143463,15.181793,47.978165,27.695557,1.4940338,0.58255005,1.6035901,248.69832,1011.20874,0.0,3.558349609375
2021-01-22 11:00:00,20.25,85.75,27.108307,15.720367,49.766216,28.071236,1.0016174,0.8310852,1.3015145,230.31604,1011.4369,0.0,0.445556640625
2021-01-22 12:00:00,20.25,85.75,26.439362,15.430084,50.810646,26.935917,0.19194031,1.8038483,1.8140314,186.07376,1011.54565,0.0,0.0
2021-01-22 13:00:00,20.25,85.75,25.335602,15.853424,55.733467,25.56625,-0.57414246,2.3524933,2.4215417,166.2847,1011.9856,0.0,0.0
2021-01-22 14:00:00,20.25,85.75,24.155182,17.687408,67.18691,25.231916,-0.8625488,2.088089,2.2592268,157.55545,1012.65936,0.0,0.0
2021-01-22 15:00:00,20.25,85.75,22.672028,17.441803,72.34695,23.847288,-0.7277832,1.8349457,1.9740045,158.36554,1013.3281,0.0,0.0
2021-01-22 16:00:00,20.25,85.75,21.89566,18.411774,80.618164,23.36078,-0.19309998,2.1414032,2.150092,174.84732,1013.5062,0.0,0.0
2021-01-22 17:00:00,20.25,85.75,21.059235,18.208649,83.77981,22.348593,0.6177063,2.1906128,2.2760372,195.74733,1013.79065,0.0,0.0
2021-01-22 18:00:00,20.25,85.75,20.73819,18.225983,85.54313,22.077112,1.0582275,1.9472961,2.21626,208.52118,1013.46,0.0,0.0
2021-01-22 19:00:00,20.25,85.75,20.533112,18.253326,86.77962,21.886173,1.2592621,1.8199921,2.213168,214.67957,1012.97375,0.0,0.0
2021-01-22 20:00:00,20.25,85.75,20.28653,18.352692,88.66119,21.794777,1.4533081,1.4505768,2.0533576,225.0539,1012.35376,0.0,0.0
2021-01-22 21:00:00,20.25,85.75,20.17569,18.464264,89.89696,22.04198,1.4912567,0.61105347,1.6115934,247.71828,1011.9981,0.0,0.0
2021-01-22 22:00:00,20.25,85.75,18.120758,17.242828,94.61786,19.21627,1.9750671,0.0027313232,1.975069,269.92078,1012.2225,0.0,11.12060546875
2021-01-22 23:00:00,20.25,85.75,17.88565,17.605377,98.25018,19.478195,0.82310486,-1.2293854,1.4794898,326.1967,1012.1163,0.0,14.7918701171875
2021-01-23 00:00:00,20.25,85.75,18.066315,17.976227,99.43537,19.94698,-0.032974243,-1.2910309,1.2914519,1.4630737,1012.59875,0.0,59.1705322265625
2021-01-23 01:00:00,20.25,85.75,17.766998,17.642487,99.21859,19.464193,-0.47087097,-1.2676239,1.3522537,20.37799,1013.2612,0.0,100.0
2021-01-23 02:00:00,20.25,85.75,19.021393,18.229645,95.1673,21.061974,-0.47520447,-1.1212006,1.2177479,22.968933,1014.0712,0.0,100.0
2021-01-23 03:00:00,20.25,85.75,19.617584,18.30899,92.15866,21.927801,-0.3953247,-0.7875061,0.8811626,26.656464,1014.95374,0.0,40.4815673828125
2021-01-23 04:00:00,20.25,85.75,20.140045,17.96939,87.340195,22.836964,0.032211304,-0.11503601,0.11946067,344.35718,1015.3725,0.0,40.5670166015625
2021-01-23 05:00:00,20.25,85.75,25.845367,19.333405,67.34136,28.327312,0.7541046,1.0367432,1.2819946,216.03134,1015.22064,0.00762939453125,39.093017578125
2021-01-23 06:00:00,20.25,85.75,27.450836,18.784576,59.20442,29.451431,0.936203,1.3128967,1.6125054,215.49199,1014.4269,0.0,33.5540771484375
2021-01-23 07:00:00,20.25,85.75,27.761383,18.401276,56.760986,29.481056,1.0327911,1.4398346,1.7719427,215.65182,1013.1863,0.0,30.7769775390625
2021-01-23 08:00:00,20.25,85.75,29.346832,17.787018,49.808823,30.736355,1.2513275,1.3825378,1.8647336,222.14807,1012.04315,0.0,23.4375
2021-01-23 09:00:00,20.25,85.75,29.669098,17.713287,48.665222,30.983551,1.2754669,1.4446564,1.9271346,221.44084,1011.5119,0.0,9.4451904296875
2021-01-23 10:00:00,20.25,85.75,26.739655,18.204987,59.52796,28.121967,1.4427032,1.5721588,2.1337938,222.54129,1010.6944,0.0,0.8880615234375
2021-01-23 11:00:00,20.25,85.75,26.660553,17.631256,57.68598,27.7515,0.9230499,1.9991608,2.2019684,204.78366,1011.0444,0.0,0.0
2021-01-23 12:00:00,20.25,85.75,25.78897,18.315338,63.403584,27.258406,0.16490173,2.0724182,2.0789685,184.54944,1011.23315,0.0,0.0
2021-01-23 13:00:00,20.25,85.75,25.994293,18.67691,64.07172,27.168327,-0.034118652,2.727005,2.7272184,179.2832,1011.8706,0.0,0.0
2021-01-23 14:00:00,20.25,85.75,24.917389,20.056793,74.428215,26.734974,0.053375244,2.7160034,2.716528,181.12584,1012.4956,0.0,0.0
2021-01-23 15:00:00,20.25,85.75,23.241852,19.735748,80.683426,25.136307,0.41444397,2.355713,2.391892,189.97803,1013.1262,0.0,0.0
2021-01-23 16:00:00,20.25,85.75,22.910797,20.223785,84.84083,25.273146,0.81866455,1.8856049,2.055655,203.46883,1013.47876,0.0,0.0
2021-01-23 17:00:00,20.25,85.75,21.600739,20.189117,91.685776,24.023706,1.1538696,1.5681,1.9468828,216.3471,1013.75,0.0,0.0
2021-01-23 18:00:00,20.25,85.75,21.083893,19.883942,92.86558,23.248598,1.2709808,1.6821442,2.1083171,217.07367,1013.5175,0.0,0.10986328125
2021-01-23 19:00:00,20.25,85.75,20.815094,19.657135,93.09391,22.889177,1.2364349,1.679596,2.0856206,216.35866,1013.20624,0.0,0.0
2021-01-23 20:00:00,20.25,85.75,19.826569,19.098785,95.57661,21.551199,1.28479,1.808548,2.2184525,215.38994,1012.7456,0.0,0.0
2021-01-23 21:00:00,20.25,85.75,20.042877,19.133453,94.50858,21.56424,1.5214539,2.0227966,2.5311122,216.94879,1012.23065,0.0,0.8880615234375
2021-01-23 22:00:00,20.25,85.75,19.288483,18.631989,95.98607,20.911226,1.2961884,1.6085663,2.0658145,218.862,1012.0119,0.0,25.79345703125
2021-01-23 23:00:00,20.25,85.75,19.892242,19.16861,95.60349,21.927094,1.2591858,1.3148651,1.8205546,223.76083,1011.9969,0.0,67.6025390625
2021-01-24 00:00:00,20.25,85.75,20.343658,19.472565,94.74629,22.713045,1.3394928,0.763031,1.5415763,240.33235,1012.54065,0.0,64.9383544921875
2021-01-24 01:00:00,20.25,85.75,20.527496,19.62442,94.56548,23.083061,1.2138214,0.6486511,1.376267,241.88051,1012.8775,0.0,73.81591796875
2021-01-24 02:00:00,20.25,85.75,20.694,19.594147,93.424355,23.360765,1.079895,0.51649475,1.1970547,244.43903,1014.3794,0.0,97.3358154296875
2021-01-24 03:00:00,20.25,85.75,21.270416,19.94278,92.14404,23.597609,1.4404144,1.2631836,1.9158357,228.75058,1015.10626,0.000476837158203125,61.3555908203125
2021-01-24 04:00:00,20.25,85.75,21.802643,19.87564,88.82115,24.070951,0.8828888,1.7429962,1.9538497,206.86382,1015.64624,0.0,70.0042724609375
2021-01-24 05:00:00,20.25,85.75,26.083405,20.761871,72.53646,28.92463,0.59269714,1.638855,1.742738,199.88269,1015.65,0.00286102294921875,44.439697265625
2021-01-24 06:00:00,20.25,85.75,28.755035,21.079254,63.253254,32.087936,0.41854858,1.1909332,1.262341,199.36383,1014.72064,0.0019073486328125,22.44873046875
2021-01-24 07:00:00,20.25,85.75,29.016998,20.562897,60.352463,32.226418,0.5044098,0.9450073,1.0711994,208.09164,1013.47565,0.0,21.551513671875
2021-01-24 08:00:00,20.25,85.75,30.88858,19.748444,51.535004,33.754658,0.5443268,0.8384857,0.9996749,212.99077,1012.34125,0.0,8.9996337890625
2021-01-24 09:00:00,20.25,85.75,31.213043,19.298004,49.194054,34.00762,0.35443115,0.7204132,0.80288017,206.19641,1011.52185,0.0,2.3345947265625
2021-01-24 10:00:00,20.25,85.75,28.06778,19.085602,58.191925,30.3378,0.38908386,1.3654022,1.4197568,195.9054,1011.21686,0.0,0.8880615234375
2021-01-24 11:00:00,20.25,85.75,28.144196,19.21817,58.41396,30.209496,0.26869202,1.7779694,1.7981575,188.59369,1011.4437,0.0,0.0
2021-01-24 12:00:00,20.25,85.75,28.075104,19.427155,59.4173,29.891296,-0.093307495,2.2891998,2.2911007,177.66592,1011.98,0.0,0.8880615234375
2021-01-24 13:00:00,20.25,85.75,27.098785,19.654694,63.80456,28.755116,-0.32504272,2.6522064,2.67205,173.01294,1012.41125,0.0,0.0
2021-01-24 14:00:00,20.25,85.75,26.10733,20.78189,72.52321,28.18061,-0.48823547,2.8118896,2.8539617,170.1498,1013.3856,0.0,0.0
2021-01-24 15:00:00,20.25,85.75,24.66983,21.33902,81.74313,27.155691,-0.30296326,2.651062,2.668317,173.48053,1013.895,0.0,2.4444580078125
2021-01-24 16:00:00,20.25,85.75,24.325348,21.932526,86.52983,27.354803,0.09474182,2.3314514,2.3333757,182.32703,1014.2,0.0,8.7646484375
2021-01-24 17:00:00,20.25,85.75,22.985016,21.772614,92.89306,26.150536,0.6070709,1.9275208,2.020859,197.48178,1014.4175,0.0,1.11083984375
2021-01-24 18:00:00,20.25,85.75,22.64151,21.502594,93.294106,25.788671,0.90115356,1.6120911,1.8468664,209.20505,1014.235,0.0,2.4444580078125
2021-01-24 19:00:00,20.25,85.75,22.503082,21.334625,93.11864,25.539936,1.0241699,1.5780182,1.8812404,212.9845,1013.89,0.0,5.8868408203125
2021-01-24 20:00:00,20.25,85.75,21.421295,20.829254,96.431046,24.132338,1.2351685,1.5519104,1.9834481,218.51636,1013.4581,0.0,12.7777099609375
2021-01-24 21:00:00,20.25,85.75,21.690582,21.060944,96.215805,24.498089,1.2767029,1.5540924,2.0112617,219.40346,1012.8275,0.0,24.01123046875
2021-01-24 22:00:00,20.25,85.75,20.60025,20.270172,97.98383,23.14489,1.0079803,1.5274963,1.8301009,213.42044,1013.1131,0.0,99.554443359375
2021-01-24 23:00:00,20.25,85.75,20.9794,20.603424,97.712814,23.752472,0.8091278,1.5354462,1.735593,207.7877,1013.1281,0.0,96.0052490234375
2021-01-25 00:00:00,20.25,85.75,21.452545,20.541656,94.55689,24.284622,0.5593109,1.5069122,1.6073622,200.3631,1013.7494,0.0,87.5732421875
2021-01-25 01:00:00,20.25,85.75,21.736969,20.65982,93.60527,24.724407,0.26313782,1.4443665,1.4681404,190.32504,1014.3225,0.0,100.0
2021-01-25 02:00:00,20.25,85.75,22.431793,20.92276,91.18814,25.266306,0.06939697,1.8711853,1.8724718,182.12396,1015.3731,0.0,82.6904296875
2021-01-25 03:00:00,20.25,85.75,22.848297,20.706207,87.73533,24.503063,0.80667114,3.3062592,3.4032438,193.71133,1015.84625,0.029087066650390625,64.208984375
2021-01-25 04:00:00,20.25,85.75,22.898834,20.160553,84.57108,24.339,0.680954,3.2592163,3.329593,191.80115,1016.3056,0.010967254638671875,57.4493408203125
2021-01-25 05:00:00,20.25,85.75,26.63443,20.39566,68.648125,28.381645,0.608078,2.986374,3.047653,191.5091,1016.0481,0.001430511474609375,61.4501953125
2021-01-25 06:00:00,20.25,85.75,28.899567,20.374664,60.062687,30.949768,0.5302582,2.5414429,2.5961714,191.78539,1015.3744,0.0,64.654541015625
2021-01-25 07:00:00,20.25,85.75,29.033356,20.268951,59.21141,31.352577,0.5112457,2.0764618,2.1384728,193.8317,1014.0637,0.0,75.555419921875
2021-01-25 08:00:00,20.25,85.75,30.244537,19.860748,53.84326,32.659454,0.46966553,1.6556396,1.7209673,195.83737,1013.2031,0.0,91.552734375
2021-01-25 09:00:00,20.25,85.75,30.384918,19.735748,52.999317,32.952583,0.33016968,1.3794861,1.4184477,193.46011,1012.26373,0.0,82.550048828125
2021-01-25 10:00:00,20.25,85.75,28.324371,20.62149,63.05458,30.797943,0.51182556,2.103485,2.164859,193.6756,1011.5081,0.0,75.6561279296875
2021-01-25 11:00:00,20.25,85.75,28.351227,20.088776,60.919113,30.360138,0.33822632,2.4359589,2.4593277,187.90483,1011.8231,0.0,87.664794921875
2021-01-25 12:00:00,20.25,85.75,27.621735,20.423004,64.89299,29.870522,-0.19226074,2.3405304,2.3484137,175.30405,1012.02936,0.0,55.8746337890625
2021-01-25 13:00:00,20.25,85.75,27.574127,20.547272,65.574646,29.616692,-0.40548706,2.699585,2.729868,171.45784,1012.79376,0.0,29.449462890625
2021-01-25 14:00:00,20.25,85.75,26.308258,21.848053,76.50728,29.032547,-0.46339417,2.6622314,2.7022603,170.1259,1013.68,0.0,24.6673583984375
2021-01-25 15:00:00,20.25,85.75,24.658356,21.456696,82.391,27.363483,-0.56539917,2.375061,2.4414322,166.60959,1014.33813,0.0,4.0008544921875
2021-01-25 16:00:00,20.25,85.75,24.401276,21.71109,84.9803,27.564266,-0.5108948,1.9091034,1.9762816,165.01816,1014.8569,0.0,1.5533447265625
2021-01-25 17:00:00,20.25,85.75,23.105865,21.857086,92.69326,26.682684,-0.28785706,1.4685516,1.4964978,168.90982,1014.70874,0.0,4.998779296875
2021-01-25 18:00:00,20.25,85.75,22.829254,21.800934,93.93586,26.040987,-0.52497864,1.9052887,1.9762914,164.59512,1014.69,0.0,5.1177978515625
2021-01-25 19:00:00,20.25,85.75,23.282867,22.119781,93.18802,26.76165,-1.3080292,1.2873077,1.8352388,134.54256,1014.5131,0.0,8.8958740234375
2021-01-25 20:00:00,20.25,85.75,22.616608,21.685455,94.48616,26.013645,-1.5499725,0.48989868,1.6255509,107.540146,1013.83563,0.0209808349609375,16.009521484375
2021-01-25 21:00:00,20.25,85.75,22.727448,21.710846,93.99866,26.355839,-1.2783813,0.30308533,1.3138187,103.33772,1013.3769,0.05054473876953125,36.7919921875
2021-01-25 22:00:00,20.25,85.75,21.633453,20.96524,95.986404,24.998293,-1.1233673,0.22834778,1.1463406,101.49002,1013.53186,0.03814697265625,46.0113525390625
2021-01-25 23:00:00,20.25,85.75,21.886383,21.137115,95.517685,25.399504,-1.0505066,0.1257019,1.0580006,96.82349,1013.40314,0.01049041748046875,40.22216796875
2021-01-26 00:00:00,20.25,85.75,21.923248,20.867828,93.739204,25.095846,-1.3508301,-0.016723633,1.3509336,89.29071,1013.77374,0.0057220458984375,55.6884765625
2021-01-26 01:00:00,20.25,85.75,21.832672,20.88028,94.33105,25.151663,-1.1364746,-0.18101501,1.1508001,80.95007,1014.5525,0.025272369384765625,70.7061767578125
2021-01-26 02:00:00,20.25,85.75,21.96109,20.509186,91.479965,25.172176,-1.0410767,-0.05529785,1.0425442,86.95953,1015.6194,0.02956390380859375,66.5985107421875
2021-01-26 03:00:00,20.25,85.75,22.384918,20.653473,89.94534,25.676096,-1.0160828,0.16195679,1.0289092,99.05638,1016.5556,0.1087188720703125,51.470947265625
2021-01-26 04:00:00,20.25,85.75,22.549469,20.513336,88.2846,25.666002,-1.0057831,0.6166229,1.1797557,121.511536,1016.77686,0.0858306884765625,52.67333984375
2021-01-26 05:00:00,20.25,85.75,25.556305,20.748444,74.77609,28.681118,-1.0831757,0.7700043,1.3289756,125.40814,1016.57,0.1678466796875,46.2188720703125
2021-01-26 06:00:00,20.25,85.75,27.407135,20.998688,68.08432,30.611767,-1.118393,0.8257141,1.3901823,126.438614,1015.52686,0.16307830810546875,54.6630859375
2021-01-26 07:00:00,20.25,85.75,27.250153,20.79361,67.852455,30.405708,-1.1333008,0.6653595,1.3141818,120.417145,1014.33,0.15354156494140625,57.672119140625
2021-01-26 08:00:00,20.25,85.75,28.77481,20.625397,61.44132,31.871674,-1.1961212,0.44535828,1.2763424,110.42209,1012.91437,0.1220703125,40.44189453125
2021-01-26 09:00:00,20.25,85.75,28.71109,20.46524,61.062836,31.700054,-1.3094482,0.1537323,1.3184416,96.696014,1012.2612,0.07772445678710938,53.546142578125
2021-01-26 10:00:00,20.25,85.75,26.504059,20.222565,68.44192,28.950584,-1.8701019,0.47358704,1.929136,104.21091,1011.6956,0.04100799560546875,35.3363037109375
2021-01-26 11:00:00,20.25,85.75,26.261139,20.312408,69.81657,28.423367,-2.3238068,0.59059143,2.3976815,104.259735,1011.5469,0.05435943603515625,57.3974609375
2021-01-26 12:00:00,20.25,85.75,26.248688,21.002106,72.900375,28.641376,-2.3238678,1.0609894,2.5546155,114.53964,1011.8325,0.006198883056640625,45.7366943359375
2021-01-26 13:00:00,20.25,85.75,26.112946,20.973785,73.359795,28.191498,-2.6205292,1.4257965,2.9832983,118.550064,1012.52814,0.0,6.671142578125
2021-01-26 14:00:00,20.25,85.75,24.814362,21.206207,80.38314,27.04048,-2.6747894,1.2259521,2.9423556,114.6237,1013.6144,0.0,3.668212890625
2021-01-26 15:00:00,20.25,85.75,23.432526,19.650787,79.3406,24.940279,-2.7457123,0.8927765,2.8872108,108.0121,1014.33,0.0,1.556396484375
2021-01-26 16:00:00,20.25,85.75,23.001862,19.663239,81.495285,24.828096,-2.405243,0.41700745,2.4411244,99.83586,1014.64374,0.0,2.6702880859375
2021-01-26 17:00:00,20.25,85.75,21.555573,19.297516,86.992584,23.524897,-1.9963531,-0.02696228,1.9965352,89.2262,1014.875,0.0,6.11572265625
2021-01-26 18:00:00,20.25,85.75,21.213531,19.332916,89.03065,23.546864,-1.4699097,-0.2995758,1.5001267,78.48056,1014.59436,0.0,12.6739501953125
2021-01-26 19:00:00,20.25,85.75,21.359772,19.4357,88.8019,23.934616,-1.070755,-0.59010315,1.2225949,61.14044,1014.5206,0.0,13.897705078125
2021-01-26 20:00:00,20.25,85.75,20.580719,19.058746,90.99588,22.952425,-0.8436432,-0.9457855,1.2673769,41.733032,1013.88873,0.0,8.7799072265625
2021-01-26 21:00:00,20.25,85.75,20.6503,19.006012,90.30905,22.809929,-0.8345337,-1.2897797,1.536222,32.904297,1013.4969,0.0,11.7828369140625
2021-01-26 22:00:00,20.25,85.75,19.569,18.004059,90.68419,21.211346,-0.74105835,-1.4715881,1.6476465,26.72879,1013.38,0.0,13.226318359375
2021-01-26 23:00:00,20.25,85.75,19.441315,17.88565,90.72848,21.00328,-0.84880066,-1.4620361,1.6905656,30.137756,1013.48315,0.0,15.557861328125
2021-01-27 00:00:00,20.25,85.75,19.981842,17.888092,87.749596,21.537048,-0.9687958,-1.3984222,1.7012202,34.71335,1013.9194,0.0,9.8876953125
2021-01-27 01:00:00,20.25,85.75,20.213287,17.880524,86.46094,21.643389,-1.283844,-1.3666992,1.8751326,43.209534,1015.0875,0.0,20.111083984375
2021-01-27 02:00:00,20.25,85.75,20.535797,17.069733,80.5283,21.335598,-1.8323059,-1.381485,2.294743,52.98517,1016.0494,0.0,19.6685791015625
2021-01-27 03:00:00,20.25,85.75,20.97232,16.714508,76.64745,21.43797,-2.2202454,-1.2902069,2.5679026,59.838684,1016.78815,0.0,18.1121826171875
2021-01-27 04:00:00,20.25,85.75,21.528717,16.720367,74.103806,21.928894,-2.5360565,-0.8164215,2.6642308,72.15527,1017.08374,0.0,20.672607421875
2021-01-27 05:00:00,20.25,85.75,24.785553,16.689362,60.74067,25.386248,-2.3436584,-0.24665833,2.3566024,83.992004,1016.9531,0.0,13.8946533203125
2021-01-27 06:00:00,20.25,85.75,26.77237,16.342682,52.815037,27.802197,-1.5207367,0.2804718,1.5463845,100.44972,1016.1025,0.00095367431640625,51.434326171875
2021-01-27 07:00:00,20.25,85.75,26.974518,16.283844,51.995815,28.440296,-0.8650818,0.2119751,0.8906739,103.76819,1014.89624,0.0019073486328125,80.46875
2021-01-27 08:00:00,20.25,85.75,28.232086,16.678375,49.536606,30.213154,-0.35180664,-0.12635803,0.37381047,70.243286,1013.5706,0.00095367431640625,90.0146484375
2021-01-27 09:00:00,20.25,85.75,28.413727,16.753082,49.24897,30.42905,-0.10446167,-0.3518219,0.36700258,16.537018,1013.1775,0.003337860107421875,99.1119384765625
2021-01-27 10:00:00,20.25,85.75,25.948883,17.176178,58.45732,28.006454,-0.4504547,0.3218689,0.5536326,125.547424,1012.3,0.00286102294921875,69.54345703125
2021-01-27 11:00:00,20.25,85.75,26.071686,17.777496,60.278923,27.566395,-1.6078949,0.59284973,1.7137084,110.23953,1012.72375,0.0,38.6566162109375
2021-01-27 12:00:00,20.25,85.75,25.589996,18.088776,63.250477,26.822851,-1.9940491,1.1004333,2.2775393,118.8925,1012.8237,0.0,15.5609130859375
2021-01-27 13:00:00,20.25,85.75,25.17569,18.323639,65.79047,26.230822,-2.1266937,1.6256256,2.6768425,127.39398,1013.8638,0.0,8.221435546875
2021-01-27 14:00:00,20.25,85.75,23.825348,18.562408,72.40283,25.00597,-2.0347748,1.6954651,2.6485677,129.80258,1014.6287,0.0,20.196533203125
2021-01-27 15:00:00,20.25,85.75,22.04654,17.120758,73.642235,22.942337,-1.7328949,1.3320923,2.1857252,127.549835,1015.97815,0.0,30.87158203125
2021-01-27 16:00:00,20.25,85.75,21.269684,17.239899,77.80847,22.44443,-1.7259979,0.6863861,1.8574699,111.68648,1016.54376,0.0,37.4267578125
2021-01-27 17:00:00,20.25,85.75,20.199615,16.715973,80.39368,21.210926,-1.789154,-0.052124023,1.7899132,88.33124,1017.08875,0.0,21.44775390625
2021-01-27 18:00:00,20.25,85.75,19.902985,16.638336,81.48042,20.883127,-1.6908112,-0.58966064,1.790682,70.77405,1016.5775,0.0,15.5517578125
2021-01-27 19:00:00,20.25,85.75,19.559723,16.28067,81.3618,20.424349,-1.5400238,-0.8430176,1.7556628,61.303467,1016.1456,0.0,17.2271728515625
2021-01-27 20:00:00,20.25,85.75,18.505035,15.749664,83.99787,19.270317,-1.3115997,-0.9306793,1.6082468,54.64142,1015.62,0.0,2.557373046875
2021-01-27 21:00:00,20.25,85.75,18.358307,15.540436,83.64581,19.072819,-1.2410889,-0.95977783,1.5689089,52.283936,1015.09314,0.0,5.224609375
2021-01-27 22:00:00,20.25,85.75,17.206451,14.929108,86.47577,17.722006,-1.1375732,-1.0293427,1.534151,47.859375,1014.83435,0.0,5.4473876953125
2021-01-27 23:00:00,20.25,85.75,17.208405,14.808746,85.79749,17.411776,-1.2041779,-1.4934845,1.9184734,38.878784,1014.96375,0.0,2.3345947265625
2021-01-28 00:00:00,20.25,85.75,17.60025,14.649811,82.84723,17.623423,-1.2058105,-1.713089,2.094911,35.14096,1015.6044,0.0,3.5552978515625
2021-01-28 01:00:00,20.25,85.75,17.574371,14.47525,82.052734,17.498491,-1.2591858,-1.7409058,2.148558,35.87796,1016.345,0.0,1.666259765625
2021-01-28 02:00:00,20.25,85.75,18.954742,14.1315,73.59145,18.491226,-1.6884003,-1.8855133,2.5309794,41.84314,1017.1,0.0,2.9998779296875
2021-01-28 03:00:00,20.25,85.75,19.672516,14.500885,72.07798,19.109535,-2.2539368,-1.7538605,2.8559163,52.112366,1018.03687,0.0,1.556396484375
2021-01-28 04:00:00,20.25,85.75,20.229156,14.828278,71.12158,19.80912,-2.5483856,-1.2005768,2.8170292,64.77429,1018.1206,0.0,1.11083984375
2021-01-28 05:00:00,20.25,85.75,24.104156,15.264069,57.766266,24.210491,-2.1417542,-0.8016815,2.2868764,69.47858,1018.075,0.0,0.7781982421875
2021-01-28 06:00:00,20.25,85.75,26.31485,15.264069,50.643063,26.822151,-1.6218262,-0.54689026,1.7115517,71.36554,1016.9981,0.0,0.0
2021-01-28 07:00:00,20.25,85.75,26.802887,15.670319,50.505436,27.796309,-1.1833344,-0.34111023,1.2315179,73.91974,1015.935,0.0,0.0
2021-01-28 08:00:00,20.25,85.75,28.297272,16.26944,48.082016,29.716976,-0.9378052,-0.12944031,0.94669604,82.14142,1014.6675,0.0,0.0
2021-01-28 09:00:00,20.25,85.75,28.480133,16.377106,47.9008,29.970459,-0.9053192,-0.00061035156,0.90531945,89.961365,1014.0156,0.0,0.0
2021-01-28 10:00:00,20.25,85.75,26.423492,17.05655,56.41173,28.353088,-0.57206726,0.34173584,0.6663665,120.852844,1013.1813,0.0,0.0
2021-01-28 11:00:00,20.25,85.75,26.368805,16.91446,56.086887,27.968266,-0.8358002,0.64572144,1.056181,127.68892,1013.1119,0.0,3.9947509765625
2021-01-28 12:00:00,20.25,85.75,25.521881,17.317291,60.49367,26.718634,-1.4615631,1.1608276,1.8664639,128.45792,1013.35565,0.0,0.445556640625
2021-01-28 13:00:00,20.25,85.75,24.972076,17.464996,63.0916,25.857607,-1.6575012,1.7341309,2.398858,136.29431,1014.26373,0.0,2.3284912109375
2021-01-28 14:00:00,20.25,85.75,23.975006,18.239655,70.31758,24.817156,-2.116516,2.0271301,2.9306822,133.76422,1014.77,0.0,2.7740478515625
2021-01-28 15:00:00,20.25,85.75,22.19522,17.058502,72.69114,22.648308,-2.1188965,1.8025818,2.78191,130.38838,1015.8956,0.0,2.11181640625
2021-01-28 16:00:00,20.25,85.75,21.668365,17.183014,75.65954,22.689018,-1.697815,1.1381073,2.0439823,123.83539,1016.14624,0.0,3.4454345703125
2021-01-28 17:00:00,20.25,85.75,19.819977,17.090973,84.28552,21.224161,-1.3720093,0.45117188,1.4442873,108.20296,1016.3681,0.0,1.556396484375
2021-01-28 18:00:00,20.25,85.75,19.262848,16.950348,86.480255,20.315542,-1.8611145,0.12950134,1.8656147,93.98039,1015.7569,0.0,2.11181640625
2021-01-28 19:00:00,20.25,85.75,19.946198,16.670319,81.42783,21.118172,-1.5290222,0.13197327,1.5347071,94.933105,1015.48376,0.0,0.8880615234375
2021-01-28 20:00:00,20.25,85.75,19.285553,16.114166,81.887115,20.434284,-1.2534027,0.108795166,1.2581155,94.960846,1014.5769,0.0,1.446533203125
2021-01-28 21:00:00,20.25,85.75,19.089996,16.105621,82.84561,20.34524,-1.0736847,-0.24555969,1.1014074,77.11755,1014.5006,0.0,0.0
2021-01-28 22:00:00,20.25,85.75,17.79361,15.625397,87.13951,19.128704,-0.5086975,-0.52082825,0.72803515,44.32489,1014.35315,0.0,0.0
2021-01-28 23:00:00,20.25,85.75,17.597076,15.653717,88.3854,18.783937,-0.3590088,-0.885025,0.9550689,22.079834,1014.46875,0.0,0.0
2021-01-29 00:00:00,20.25,85.75,17.52481,15.423492,87.48923,18.326096,-0.22810364,-1.3645325,1.3834667,9.490173,1015.0275,0.0,0.0
2021-01-29 01:00:00,20.25,85.75,16.983063,15.216705,89.344215,17.557734,-0.4597931,-1.531311,1.5988505,16.712952,1015.785,0.0,0.0
2021-01-29 02:00:00,20.25,85.75,18.812897,15.466949,80.91776,19.441656,-0.8735504,-1.4022522,1.6520901,31.921326,1016.7725,0.0,0.0
2021-01-29 03:00:00,20.25,85.75,19.470367,15.140778,76.06042,20.06792,-1.1605225,-0.9893341,1.52499,49.552734,1017.525,0.0,0.0
2021-01-29 04:00:00,20.25,85.75,19.936432,15.214996,74.24545,20.762646,-1.1141205,-0.53671265,1.2366588,64.27817,1017.7606,0.0,0.0
2021-01-29 05:00:00,20.25,85.75,23.525787,15.545319,60.899967,24.922289,-0.541214,-0.24183655,0.5927879,65.92297,1017.7612,0.0,0.0
2021-01-29 06:00:00,20.25,85.75,25.645905,16.07779,55.505062,27.57863,-0.026855469,-0.10850525,0.11177927,13.90155,1016.71,0.0,0.10986328125
2021-01-29 07:00:00,20.25,85.75,25.950348,16.096344,54.577072,27.794937,0.19648743,-0.15046692,0.24748252,307.4443,1015.7006,0.0,1.0009765625
2021-01-29 08:00:00,20.25,85.75,26.935211,16.459137,52.700817,28.918617,0.1531372,-0.19616699,0.2488624,322.0227,1014.45935,0.0,5.11474609375
2021-01-29 09:00:00,20.25,85.75,27.372467,16.546783,51.65301,29.337948,-0.2610321,-0.19030762,0.32303986,53.90576,1013.6694,0.0,15.3411865234375
2021-01-29 10:00:00,20.25,85.75,26.048004,16.377106,55.242073,27.799389,-0.31066895,0.43640137,0.53568774,144.55339,1013.205,0.0,33.55712890625
2021-01-29 11:00:00,20.25,85.75,26.135895,16.012848,53.694405,27.540451,-0.68247986,0.47268677,0.8301877,124.70656,1013.0744,0.0,35.2325439453125
2021-01-29 12:00:00,20.25,85.75,25.643951,16.58609,57.33754,26.76271,-1.1337128,1.0673065,1.5570639,133.27188,1013.55,0.0,36.2335205078125
2021-01-29 13:00:00,20.25,85.75,25.313385,15.83194,55.730587,25.671207,-1.3306732,1.787323,2.2282763,143.33209,1014.03436,0.0,22.442626953125
2021-01-29 14:00:00,20.25,85.75,24.219635,16.513824,62.136055,24.70833,-1.1226501,2.1418457,2.418232,152.33868,1014.67126,0.0,21.2066650390625
2021-01-29 15:00:00,20.25,85.75,23.138824,16.64029,66.84951,23.74406,-0.7706909,2.1927338,2.3242302,160.6347,1015.365,0.0,14.886474609375
2021-01-29 16:00:00,20.25,85.75,22.522125,16.986237,70.93484,23.540266,-0.30963135,1.9076233,1.9325885,170.78058,1015.72,0.0,11.8804931640625
2021-01-29 17:00:00,20.25,85.75,21.02945,17.265778,79.093475,22.396297,0.14057922,1.5922241,1.598418,185.04562,1015.66064,0.0,8.10546875
2021-01-29 18:00:00,20.25,85.75,20.47525,17.636383,83.77555,21.879202,0.4810791,1.6984558,1.7652731,195.81451,1015.45374,0.0,11.7706298828125
2021-01-29 19:00:00,20.25,85.75,20.711334,17.529938,82.01303,22.04263,1.0140228,1.4937134,1.8053869,214.17104,1015.01624,0.0,13.665771484375
2021-01-29 20:00:00,20.25,85.75,20.243805,17.103424,82.16796,21.783152,1.1763916,0.44587708,1.2580554,249.24225,1014.72565,0.0,9.552001953125
2021-01-29 21:00:00,20.25,85.75,19.892975,17.464508,85.90979,21.778597,0.9641876,0.14762878,0.975424,261.29492,1014.42126,0.0,15.3289794921875
2021-01-29 22:00:00,20.25,85.75,19.58731,17.099762,85.55877,21.666325,0.4855194,-0.004699707,0.48554215,270.5546,1014.09064,0.0,11.1083984375
2021-01-29 23:00:00,20.25,85.75,19.194244,17.28238,88.69493,21.380379,-0.36001587,-0.25187683,0.43937838,55.02231,1013.83813,0.0,6.3323974609375
2021-01-30 00:00:00,20.25,85.75,19.386383,17.608307,89.462456,21.531372,-0.61499023,-0.31474304,0.69085175,62.897278,1014.015,0.0,7.7789306640625
2021-01-30 01:00:00,20.25,85.75,18.851715,17.529694,92.03649,20.540022,-1.176712,-0.545166,1.2968644,65.14191,1014.84064,0.0,8.8897705078125
2021-01-30 02:00:00,20.25,85.75,20.360992,17.90738,85.820496,22.191666,-1.1683197,-0.6122894,1.319041,62.34198,1015.84686,0.0,11.0015869140625
2021-01-30 03:00:00,20.25,85.75,21.471588,18.536774,83.385544,23.763107,-0.96875,-0.40046692,1.0482606,67.54053,1016.4625,0.0,5.8929443359375
2021-01-30 04:00:00,20.25,85.75,21.736237,18.594635,82.34437,24.505636,-0.37919617,0.1325531,0.40169647,109.26776,1017.1188,0.0,44.8944091796875
2021-01-30 05:00:00,20.25,85.75,24.542389,18.776276,70.28848,27.375736,-0.04244995,0.41975403,0.42189506,174.22528,1016.6163,0.125885009765625,32.1014404296875
2021-01-30 06:00:00,20.25,85.75,25.85611,18.453033,63.699223,28.151531,0.44007874,0.8808136,0.98463285,206.54799,1015.8237,0.0782012939453125,48.321533203125
2021-01-30 07:00:00,20.25,85.75,25.887115,18.645172,64.35171,27.995512,0.7824402,1.1276398,1.3725101,214.75578,1014.53375,0.2503395080566406,62.335205078125
2021-01-30 08:00:00,20.25,85.75,27.562164,18.913727,59.29631,29.741226,0.99398804,1.0417175,1.4398568,223.65689,1013.65375,0.2818107604980469,52.1087646484375
2021-01-30 09:00:00,20.25,85.75,27.39737,19.115143,60.628002,29.697033,0.5706024,1.2758636,1.3976463,204.09555,1012.72876,0.2536773681640625,63.0889892578125
2021-01-30 10:00:00,20.25,85.75,25.186188,19.330475,70.01737,27.542908,0.15397644,1.4518127,1.4599551,186.05405,1012.4944,0.19073486328125,21.551513671875
2021-01-30 11:00:00,20.25,85.75,25.244293,19.600739,70.957756,27.5341,-0.26869202,1.7131042,1.7340478,171.08606,1012.465,0.06532669067382812,22.113037109375
2021-01-30 12:00:00,20.25,85.75,25.24942,19.73111,71.51245,27.471895,-0.86621094,1.710495,1.9173197,153.1419,1012.5731,0.016689300537109375,8.8836669921875
2021-01-30 13:00:00,20.25,85.75,25.107819,19.914215,72.941246,26.911755,-1.3349152,2.2762604,2.6388178,149.61047,1013.0631,0.0,1.446533203125
2021-01-30 14:00:00,20.25,85.75,23.636627,20.200104,81.0831,25.710546,-1.4750519,1.9566956,2.4503949,142.98926,1013.8731,0.0,0.0
2021-01-30 15:00:00,20.25,85.75,22.528229,18.823639,79.59733,24.382145,-1.2924805,1.32901,1.8538536,135.79834,1014.53687,0.0,0.0
2021-01-30 16:00:00,20.25,85.75,21.967438,18.798492,82.23184,23.998545,-1.243988,0.98275757,1.5853449,128.30894,1014.96,0.0,0.0
2021-01-30 17:00:00,20.25,85.75,20.407867,18.797028,90.48096,22.176764,-1.7717896,0.8396759,1.960687,115.35695,1015.47626,0.0,0.0
2021-01-30 18:00:00,20.25,85.75,20.104889,18.617096,91.15948,22.008673,-1.6413727,-0.20527649,1.6541592,82.87137,1015.11127,0.0,0.0
2021-01-30 19:00:00,20.25,85.75,20.0607,18.685455,91.800735,22.168922,-1.236969,-0.6670685,1.4053727,61.663025,1015.2975,0.0,3.1158447265625
2021-01-30 20:00:00,20.25,85.75,19.430817,18.440826,94.00805,21.329325,-1.2186584,-0.9603882,1.5516037,51.7594,1014.9956,0.001430511474609375,4.8919677734375
2021-01-30 21:00:00,20.25,85.75,19.208405,18.268951,94.29671,20.793783,-1.3643494,-1.3110809,1.8921899,46.140625,1014.9244,0.0,7.1136474609375
2021-01-30 22:00:00,20.25,85.75,18.007965,16.850494,92.95253,18.742332,-1.3755188,-1.7982178,2.2639873,37.413635,1015.3212,0.0,17.6788330078125
2021-01-30 23:00:00,20.25,85.75,18.05606,16.649078,91.49483,18.481312,-1.6252594,-2.0177155,2.590877,38.851257,1014.83875,0.00858306884765625,22.9095458984375
2021-01-31 00:00:00,20.25,85.75,18.382233,16.571686,89.201294,18.645332,-1.8039246,-2.1133728,2.7785766,40.483276,1015.72687,0.003814697265625,27.783203125
2021-01-31 01:00:00,20.25,85.75,18.695465,16.193268,85.38753,18.684135,-2.022705,-2.1601715,2.9593372,43.117706,1016.565,0.00095367431640625,36.0107421875
2021-01-31 02:00:00,20.25,85.75,19.225739,14.965729,76.36249,18.435507,-2.5462189,-2.2789307,3.417127,48.170654,1017.45435,0.000476837158203125,38.232421875
2021-01-31 03:00:00,20.25,85.75,18.91275,14.142487,73.83711,17.695675,-2.8651733,-2.2008972,3.6129167,52.470154,1018.0613,0.0,60.260009765625
2021-01-31 04:00:00,20.25,85.75,19.214264,13.600006,69.955154,17.865648,-2.9065094,-2.0175476,3.5381203,55.233643,1018.7969,0.0,25.665283203125
2021-01-31 05:00:00,20.25,85.75,23.271393,12.420807,50.499992,21.825584,-2.5639648,-1.7966919,3.1308174,54.979248,1018.605,0.0,20.672607421875
2021-01-31 06:00:00,20.25,85.75,24.92569,13.610748,49.42302,24.518688,-1.774704,-1.2888489,2.1933322,54.011597,1017.7,0.0,12.554931640625
2021-01-31 07:00:00,20.25,85.75,25.173248,13.953766,49.79621,25.60691,-0.9249115,-0.6953888,1.1571633,53.06256,1016.9125,0.0,1.0009765625
2021-01-31 08:00:00,20.25,85.75,26.911041,14.491119,46.521133,27.856781,-0.5758972,-0.37780762,0.6887643,56.733795,1015.545,0.0,0.555419921875
2021-01-31 09:00:00,20.25,85.75,27.252594,14.399567,45.328682,28.202702,-0.5263214,-0.35772705,0.63638264,55.79706,1014.98315,0.0,2.6641845703125
2021-01-31 10:00:00,20.25,85.75,25.157623,14.369537,51.20267,25.865898,0.17396545,-0.95355225,0.9692914,349.6607,1014.59937,0.0,3.1158447265625
2021-01-31 11:00:00,20.25,85.75,25.25357,14.209869,50.387913,25.953007,-0.1577301,-0.888855,0.9027414,10.062561,1014.78937,0.0,0.445556640625
2021-01-31 12:00:00,20.25,85.75,24.460602,15.69278,58.12041,25.15743,-1.6691895,-0.053756714,1.6700549,88.155396,1014.9556,0.0,0.0
2021-01-31 13:00:00,20.25,85.75,24.54068,15.150787,55.866814,24.659906,-2.0905914,0.7131653,2.208886,108.836105,1015.58936,0.0,0.0
2021-01-31 14:00:00,20.25,85.75,23.464264,16.736725,65.95125,23.838581,-2.4657135,1.1206665,2.708438,114.44179,1016.5662,0.0,0.0
2021-01-31 15:00:00,20.25,85.75,21.352448,15.8541565,70.887,21.422422,-2.3416595,1.2526703,2.6556642,118.14455,1017.15564,0.0,0.0
2021-01-31 16:00:00,20.25,85.75,20.933014,16.1669,74.202156,21.626257,-1.6964111,0.93382263,1.9364492,118.83145,1017.8825,0.0,0.0
2021-01-31 17:00:00,20.25,85.75,18.622711,16.115875,85.35472,19.142605,-2.0619507,0.6362457,2.1578808,107.14839,1018.1069,0.0,0.0
2021-01-31 18:00:00,20.25,85.75,18.36612,16.11148,86.71307,19.053944,-1.7425385,-0.7960205,1.9157476,65.4483,1017.9969,0.0,0.0
2021-01-31 19:00:00,20.25,85.75,18.704742,16.18692,85.30348,19.637772,-1.0802307,-1.1894226,1.6067435,42.245667,1018.03937,0.0,0.0
2021-01-31 20:00:00,20.25,85.75,17.433014,15.561676,88.78034,18.01709,-1.0333862,-1.4334869,1.7671367,35.787445,1017.57935,0.0,0.0
2021-01-31 21:00:00,20.25,85.75,17.16568,15.227692,88.37955,17.521214,-0.95399475,-1.6633911,1.9175442,29.835297,1017.1,0.0,0.0
2021-01-31 22:00:00,20.25,85.75,15.190094,13.014069,86.85138,14.778191,-0.94569397,-1.6794434,1.927399,29.38385,1017.07874,0.0,0.0
2021-01-31 23:00:00,20.25,85.75,15.008209,12.702301,86.09889,14.484198,-0.8128052,-1.767273,1.9452264,24.69867,1017.03687,0.0,0.0
