State	District	Subdistt	Town/Village	Ward	EB	Level	Name	TRU	No_HH	TOT_P	TOT_M	TOT_F	P_06	M_06	F_06	P_SC	M_SC	F_SC	P_ST	M_ST	F_ST	P_LIT	M_LIT	F_LIT	P_ILL	M_ILL	F_ILL	TOT_WORK_P	TOT_WORK_M	TOT_WORK_F	MAINWORK_P	MAINWORK_M	MAINWORK_F	MAIN_CL_P	MAIN_CL_M	MAIN_CL_F	MAIN_AL_P	MAIN_AL_M	MAIN_AL_F	MAIN_HH_P	MAIN_HH_M	MAIN_HH_F	MAIN_OT_P	MAIN_OT_M	MAIN_OT_F	MARGWORK_P	MARGWORK_M	MARGWORK_F	MARG_CL_P	MARG_CL_M	MARG_CL_F	MARG_AL_P	MARG_AL_M	MARG_AL_F	MARG_HH_P	MARG_HH_M	MARG_HH_F	MARG_OT_P	MARG_OT_M	MARG_OT_F	MARGWORK_3_6_P	MARGWORK_3_6_M	MARGWORK_3_6_F	MARG_CL_3_6_P	MARG_CL_3_6_M	MARG_CL_3_6_F	MARG_AL_3_6_P	MARG_AL_3_6_M	MARG_AL_3_6_F	MARG_HH_3_6_P	MARG_HH_3_6_M	MARG_HH_3_6_F	MARG_OT_3_6_P	MARG_OT_3_6_M	MARG_OT_3_6_F	MARGWORK_0_3_P	MARGWORK_0_3_M	MARGWORK_0_3_F	MARG_CL_0_3_P	MARG_CL_0_3_M	MARG_CL_0_3_F	MARG_AL_0_3_P	MARG_AL_0_3_M	MARG_AL_0_3_F	MARG_HH_0_3_P	MARG_HH_0_3_M	MARG_HH_0_3_F	MARG_OT_0_3_P	MARG_OT_0_3_M	MARG_OT_0_3_F	NON_WORK_P	NON_WORK_M	NON_WORK_F
21	386	0	0	0	0	DISTRICT	Khordha 	Total	494212	2251673	1167137	1084536	237394	123879	113515	297472	151528	145944	115051	59094	55957	1749936	957515	792421	501737	209622	292115	792193	645880	146313	632625	543178	89447	79793	76265	3528	64072	54637	9435	29066	24378	4688	459694	387898	71796	159568	102702	56866	12869	9285	3584	52202	35197	17005	10405	5552	4853	84092	52668	31424	135643	88544	47099	10902	8092	2810	43313	30026	13287	8498	4734	3764	72930	45692	27238	23925	14158	9767	1967	1193	774	8889	5171	3718	1907	818	1089	11162	6976	4186	1459480	521257	938223
21	386	0	0	0	0	DISTRICT	Khordha 	Rural	247304	1167357	595809	571548	130977	68059	62918	189428	95784	93644	67798	33817	33981	859680	471689	387991	307677	124120	183557	399642	332526	67116	291625	261347	30278	76033	72996	3037	58094	49942	8152	11162	9580	1582	146336	128829	17507	108017	71179	36838	11423	8398	3025	48413	32666	15747	6589	3179	3410	41592	26936	14656	89558	60641	28917	9503	7245	2258	40419	28073	12346	5228	2655	2573	34408	22668	11740	18459	10538	7921	1920	1153	767	7994	4593	3401	1361	524	837	7184	4268	2916	767715	263283	504432
21	386	0	0	0	0	DISTRICT	Khordha 	Urban	246908	1084316	571328	512988	106417	55820	50597	108044	55744	52300	47253	25277	21976	890256	485826	404430	194060	85502	108558	392551	313354	79197	341000	281831	59169	3760	3269	491	5978	4695	1283	17904	14798	3106	313358	259069	54289	51551	31523	20028	1446	887	559	3789	2531	1258	3816	2373	1443	42500	25732	16768	46085	27903	18182	1399	847	552	2894	1953	941	3270	2079	1191	38522	23024	15498	5466	3620	1846	47	40	7	895	578	317	546	294	252	3978	2708	1270	691765	257974	433791
21	386	3034	0	0	0	SUB-DISTRICT	Bolagad 	Total	20808	90794	46868	43926	10208	5369	4839	7720	3889	3831	3492	1748	1744	68294	37791	30503	22500	9077	13423	31407	26876	4531	22001	20253	1748	5982	5778	204	6398	6023	375	827	697	130	8794	7755	1039	9406	6623	2783	902	675	227	5242	4047	1195	639	254	385	2623	1647	976	7169	5296	1873	678	523	155	4050	3273	777	473	201	272	1968	1299	669	2237	1327	910	224	152	72	1192	774	418	166	53	113	655	348	307	59387	19992	39395
21	386	3034	0	0	0	SUB-DISTRICT	Bolagad 	Rural	20808	90794	46868	43926	10208	5369	4839	7720	3889	3831	3492	1748	1744	68294	37791	30503	22500	9077	13423	31407	26876	4531	22001	20253	1748	5982	5778	204	6398	6023	375	827	697	130	8794	7755	1039	9406	6623	2783	902	675	227	5242	4047	1195	639	254	385	2623	1647	976	7169	5296	1873	678	523	155	4050	3273	777	473	201	272	1968	1299	669	2237	1327	910	224	152	72	1192	774	418	166	53	113	655	348	307	59387	19992	39395
21	386	3034	0	0	0	SUB-DISTRICT	Bolagad 	Urban	0	0	0	0	0	0	0	0	0	0	0	0	0	0	0	0	0	0	0	0	0	0	0	0	0	0	0	0	0	0	0	0	0	0	0	0	0	0	0	0	0	0	0	0	0	0	0	0	0	0	0	0	0	0	0	0	0	0	0	0	0	0	0	0	0	0	0	0	0	0	0	0	0	0	0	0	0	0	0	0	0	0	0	0	0
21	386	3034	406978	0	0	VILLAGE	Balasingh	Rural	57	213	109	104	26	14	12	0	0	0	0	0	0	164	90	74	49	19	30	78	58	20	47	44	3	26	25	1	9	9	0	1	1	0	11	9	2	31	14	17	16	4	12	9	7	2	0	0	0	6	3	3	30	14	16	15	4	11	9	7	2	0	0	0	6	3	3	1	0	1	1	0	1	0	0	0	0	0	0	0	0	0	135	51	84
21	386	3034	406979	0	0	VILLAGE	Singhapur	Rural	109	396	199	197	42	20	22	78	37	41	0	0	0	272	150	122	124	49	75	114	108	6	94	92	2	26	26	0	42	42	0	0	0	0	26	24	2	20	16	4	1	1	0	13	12	1	0	0	0	6	3	3	19	16	3	1	1	0	13	12	1	0	0	0	5	3	2	1	0	1	0	0	0	0	0	0	0	0	0	1	0	1	282	91	191
21	386	3034	406980	0	0	VILLAGE	Balasinghpatana	Rural	97	433	242	191	59	34	25	100	58	42	0	0	0	340	195	145	93	47	46	148	136	12	65	55	10	19	19	0	23	23	0	0	0	0	23	13	10	83	81	2	0	0	0	80	78	2	0	0	0	3	3	0	82	81	1	0	0	0	79	78	1	0	0	0	3	3	0	1	0	1	0	0	0	1	0	1	0	0	0	0	0	0	285	106	179
21	386	3034	406981	0	0	VILLAGE	Pallibalasingh	Rural	18	80	43	37	19	12	7	37	18	19	0	0	0	49	29	20	31	14	17	26	21	5	10	5	5	0	0	0	0	0	0	0	0	0	10	5	5	16	16	0	1	1	0	15	15	0	0	0	0	0	0	0	16	16	0	1	1	0	15	15	0	0	0	0	0	0	0	0	0	0	0	0	0	0	0	0	0	0	0	0	0	0	54	22	32
21	386	3034	406982	0	0	VILLAGE	Swapneswarpur	Rural	111	498	271	227	58	33	25	103	60	43	0	0	0	386	230	156	112	41	71	160	152	8	132	127	5	100	98	2	1	1	0	19	18	1	12	10	2	28	25	3	16	14	2	2	2	0	7	6	1	3	3	0	4	4	0	2	2	0	1	1	0	0	0	0	1	1	0	24	21	3	14	12	2	1	1	0	7	6	1	2	2	0	338	119	219
21	386	3034	406983	0	0	VILLAGE	Kharadapalli	Rural	271	1141	601	540	134	78	56	139	72	67	423	222	201	729	447	282	412	154	258	395	339	56	315	302	13	145	144	1	143	138	5	1	0	1	26	20	6	80	37	43	0	0	0	79	36	43	1	1	0	0	0	0	64	35	29	0	0	0	64	35	29	0	0	0	0	0	0	16	2	14	0	0	0	15	1	14	1	1	0	0	0	0	746	262	484
21	386	3034	406984	0	0	VILLAGE	Patapursasan	Rural	62	294	147	147	31	12	19	0	0	0	0	0	0	249	132	117	45	15	30	84	74	10	49	42	7	19	18	1	0	0	0	19	17	2	11	7	4	35	32	3	20	19	1	3	3	0	5	4	1	7	6	1	17	15	2	7	7	0	2	2	0	1	0	1	7	6	1	18	17	1	13	12	1	1	1	0	4	4	0	0	0	0	210	73	137
21	386	3034	406985	0	0	VILLAGE	Patapur 	Rural	32	126	61	65	23	10	13	0	0	0	126	61	65	80	44	36	46	17	29	59	33	26	34	33	1	3	3	0	30	29	1	0	0	0	1	1	0	25	0	25	0	0	0	25	0	25	0	0	0	0	0	0	7	0	7	0	0	0	7	0	7	0	0	0	0	0	0	18	0	18	0	0	0	18	0	18	0	0	0	0	0	0	67	28	39
21	386	3034	406986	0	0	VILLAGE	Srirampur	Rural	251	1163	598	565	138	69	69	192	98	94	283	146	137	814	445	369	349	153	196	511	354	157	334	311	23	64	64	0	173	166	7	50	42	8	47	39	8	177	43	134	1	1	0	162	38	124	12	2	10	2	2	0	19	7	12	1	1	0	5	3	2	11	1	10	2	2	0	158	36	122	0	0	0	157	35	122	1	1	0	0	0	0	652	244	408
21	386	3034	406987	0	0	VILLAGE	Sananayapalli	Rural	85	355	185	170	37	16	21	0	0	0	0	0	0	271	155	116	84	30	54	111	105	6	97	93	4	43	43	0	39	38	1	2	1	1	13	11	2	14	12	2	0	0	0	14	12	2	0	0	0	0	0	0	9	9	0	0	0	0	9	9	0	0	0	0	0	0	0	5	3	2	0	0	0	5	3	2	0	0	0	0	0	0	244	80	164
21	386	3034	406988	0	0	VILLAGE	Kaduapada	Rural	209	872	437	435	109	53	56	42	25	17	335	164	171	652	354	298	220	83	137	536	295	241	58	48	10	23	23	0	3	3	0	7	4	3	25	18	7	478	247	231	68	64	4	301	163	138	23	3	20	86	17	69	459	242	217	66	62	4	287	160	127	21	3	18	85	17	68	19	5	14	2	2	0	14	3	11	2	0	2	1	0	1	336	142	194
21	386	3034	406989	0	0	VILLAGE	Kaduapadapatana	Rural	64	270	131	139	33	16	17	28	14	14	25	12	13	199	101	98	71	30	41	102	81	21	28	24	4	6	6	0	0	0	0	0	0	0	22	18	4	74	57	17	34	30	4	15	11	4	6	0	6	19	16	3	64	52	12	28	27	1	15	11	4	4	0	4	17	14	3	10	5	5	6	3	3	0	0	0	2	0	2	2	2	0	168	50	118
21	386	3034	406990	0	0	VILLAGE	Giridharipur	Rural	1	1	1	0	0	0	0	0	0	0	0	0	0	1	1	0	0	0	0	0	0	0	0	0	0	0	0	0	0	0	0	0	0	0	0	0	0	0	0	0	0	0	0	0	0	0	0	0	0	0	0	0	0	0	0	0	0	0	0	0	0	0	0	0	0	0	0	0	0	0	0	0	0	0	0	0	0	0	0	0	0	0	1	1	0
21	386	3034	406991	0	0	VILLAGE	Bhabanipur	Rural	335	1463	720	743	159	75	84	372	174	198	352	180	172	1011	545	466	452	175	277	547	394	153	336	314	22	98	97	1	100	97	3	14	13	1	124	107	17	211	80	131	15	11	4	137	51	86	24	5	19	35	13	22	83	49	34	7	6	1	60	33	27	6	3	3	10	7	3	128	31	97	8	5	3	77	18	59	18	2	16	25	6	19	916	326	590
21	386	3034	406992	0	0	VILLAGE	Sankarpur	Rural	138	669	345	324	101	56	45	5	3	2	0	0	0	509	272	237	160	73	87	306	207	99	210	178	32	48	48	0	50	41	9	34	19	15	78	70	8	96	29	67	15	13	2	18	7	11	30	6	24	33	3	30	38	21	17	11	10	1	8	6	2	14	3	11	5	2	3	58	8	50	4	3	1	10	1	9	16	3	13	28	1	27	363	138	225
21	386	3034	406993	0	0	VILLAGE	Arikama	Rural	190	807	412	395	87	47	40	160	81	79	0	0	0	629	343	286	178	69	109	273	235	38	227	212	15	52	52	0	85	85	0	4	2	2	86	73	13	46	23	23	4	4	0	10	10	0	1	0	1	31	9	22	19	16	3	2	2	0	8	8	0	0	0	0	9	6	3	27	7	20	2	2	0	2	2	0	1	0	1	22	3	19	534	177	357
21	386	3034	406994	0	0	VILLAGE	Sagarguan	Rural	334	1391	712	679	146	81	65	60	32	28	6	3	3	1097	595	502	294	117	177	434	406	28	412	394	18	74	74	0	165	163	2	17	17	0	156	140	16	22	12	10	2	2	0	4	4	0	8	2	6	8	4	4	14	8	6	1	1	0	2	2	0	6	2	4	5	3	2	8	4	4	1	1	0	2	2	0	2	0	2	3	1	2	957	306	651
21	386	3034	406995	0	0	VILLAGE	Sagarguanpatana	Rural	67	314	161	153	36	15	21	32	16	16	0	0	0	231	131	100	83	30	53	93	84	9	92	84	8	51	50	1	10	10	0	0	0	0	31	24	7	1	0	1	0	0	0	0	0	0	0	0	0	1	0	1	0	0	0	0	0	0	0	0	0	0	0	0	0	0	0	1	0	1	0	0	0	0	0	0	0	0	0	1	0	1	221	77	144
21	386	3034	406996	0	0	VILLAGE	Jagannathpur	Rural	73	271	145	126	41	19	22	20	5	15	0	0	0	200	117	83	71	28	43	82	80	2	60	58	2	20	19	1	22	22	0	0	0	0	18	17	1	22	22	0	2	2	0	20	20	0	0	0	0	0	0	0	16	16	0	1	1	0	15	15	0	0	0	0	0	0	0	6	6	0	1	1	0	5	5	0	0	0	0	0	0	0	189	65	124
21	386	3034	406997	0	0	VILLAGE	Haladipadapatana	Rural	107	468	255	213	40	21	19	89	50	39	0	0	0	338	196	142	130	59	71	170	161	9	160	154	6	103	103	0	27	27	0	1	1	0	29	23	6	10	7	3	0	0	0	7	6	1	0	0	0	3	1	2	1	0	1	0	0	0	1	0	1	0	0	0	0	0	0	9	7	2	0	0	0	6	6	0	0	0	0	3	1	2	298	94	204
21	386	3034	406998	0	0	VILLAGE	Godiali	Rural	291	1400	706	694	155	78	77	69	34	35	0	0	0	1055	577	478	345	129	216	400	383	17	354	340	14	20	19	1	273	266	7	6	6	0	55	49	6	46	43	3	2	0	2	0	0	0	1	0	1	43	43	0	39	37	2	1	0	1	0	0	0	1	0	1	37	37	0	7	6	1	1	0	1	0	0	0	0	0	0	6	6	0	1000	323	677
21	386	3034	406999	0	0	VILLAGE	Podapatana	Rural	116	490	256	234	58	27	31	74	39	35	0	0	0	374	213	161	116	43	73	178	156	22	150	135	15	30	30	0	33	32	1	4	3	1	83	70	13	28	21	7	7	7	0	11	11	0	6	1	5	4	2	2	3	3	0	1	1	0	0	0	0	1	1	0	1	1	0	25	18	7	6	6	0	11	11	0	5	0	5	3	1	2	312	100	212
21	386	3034	407000	0	0	VILLAGE	Jaripada	Rural	210	927	479	448	111	51	60	0	0	0	47	28	19	538	320	218	389	159	230	331	281	50	176	160	16	55	55	0	44	43	1	15	13	2	62	49	13	155	121	34	9	6	3	75	70	5	5	2	3	66	43	23	123	100	23	7	4	3	68	64	4	3	1	2	45	31	14	32	21	11	2	2	0	7	6	1	2	1	1	21	12	9	596	198	398
21	386	3034	407001	0	0	VILLAGE	Krushnapur	Rural	45	206	103	103	22	13	9	10	6	4	4	2	2	144	76	68	62	27	35	58	53	5	52	47	5	15	15	0	11	11	0	7	7	0	19	14	5	6	6	0	1	1	0	5	5	0	0	0	0	0	0	0	6	6	0	1	1	0	5	5	0	0	0	0	0	0	0	0	0	0	0	0	0	0	0	0	0	0	0	0	0	0	148	50	98
21	386	3034	407002	0	0	VILLAGE	Nagapalli	Rural	0	0	0	0	0	0	0	0	0	0	0	0	0	0	0	0	0	0	0	0	0	0	0	0	0	0	0	0	0	0	0	0	0	0	0	0	0	0	0	0	0	0	0	0	0	0	0	0	0	0	0	0	0	0	0	0	0	0	0	0	0	0	0	0	0	0	0	0	0	0	0	0	0	0	0	0	0	0	0	0	0	0	0	0	0
21	386	3034	407003	0	0	VILLAGE	Makundapur	Rural	56	274	136	138	29	15	14	0	0	0	0	0	0	224	119	105	50	17	33	156	86	70	140	82	58	97	51	46	23	15	8	0	0	0	20	16	4	16	4	12	9	3	6	7	1	6	0	0	0	0	0	0	15	4	11	9	3	6	6	1	5	0	0	0	0	0	0	1	0	1	0	0	0	1	0	1	0	0	0	0	0	0	118	50	68
21	386	3034	407004	0	0	VILLAGE	Godabhanga	Rural	167	726	375	351	87	44	43	9	3	6	0	0	0	550	314	236	176	61	115	268	209	59	132	109	23	56	42	14	29	24	5	0	0	0	47	43	4	136	100	36	41	21	20	90	76	14	1	1	0	4	2	2	113	81	32	37	20	17	73	59	14	1	1	0	2	1	1	23	19	4	4	1	3	17	17	0	0	0	0	2	1	1	458	166	292
21	386	3034	407005	0	0	VILLAGE	Gobardhanpur	Rural	224	934	484	450	106	49	57	98	46	52	0	0	0	662	387	275	272	97	175	312	288	24	105	103	2	54	53	1	11	11	0	0	0	0	40	39	1	207	185	22	15	13	2	129	127	2	11	5	6	52	40	12	179	164	15	13	12	1	119	117	2	7	4	3	40	31	9	28	21	7	2	1	1	10	10	0	4	1	3	12	9	3	622	196	426
21	386	3034	407006	0	0	VILLAGE	Kumbharalunda	Rural	26	118	57	61	9	4	5	0	0	0	0	0	0	97	52	45	21	5	16	28	25	3	26	25	1	12	12	0	7	7	0	0	0	0	7	6	1	2	0	2	0	0	0	0	0	0	0	0	0	2	0	2	2	0	2	0	0	0	0	0	0	0	0	0	2	0	2	0	0	0	0	0	0	0	0	0	0	0	0	0	0	0	90	32	58
21	386	3034	407007	0	0	VILLAGE	Madhupur	Rural	0	0	0	0	0	0	0	0	0	0	0	0	0	0	0	0	0	0	0	0	0	0	0	0	0	0	0	0	0	0	0	0	0	0	0	0	0	0	0	0	0	0	0	0	0	0	0	0	0	0	0	0	0	0	0	0	0	0	0	0	0	0	0	0	0	0	0	0	0	0	0	0	0	0	0	0	0	0	0	0	0	0	0	0	0
21	386	3034	407008	0	0	VILLAGE	Kumutisahi	Rural	465	2154	1091	1063	246	130	116	108	51	57	4	2	2	1538	846	692	616	245	371	654	621	33	425	409	16	206	204	2	37	37	0	18	12	6	164	156	8	229	212	17	52	52	0	77	74	3	9	2	7	91	84	7	156	151	5	51	51	0	59	59	0	3	2	1	43	39	4	73	61	12	1	1	0	18	15	3	6	0	6	48	45	3	1500	470	1030
21	386	3034	407009	0	0	VILLAGE	Ramachandrapurpatana	Rural	106	476	250	226	46	28	18	0	0	0	0	0	0	366	199	167	110	51	59	210	135	75	107	105	2	6	6	0	19	19	0	33	32	1	49	48	1	103	30	73	1	0	1	89	18	71	4	4	0	9	8	1	67	22	45	1	0	1	55	12	43	4	4	0	7	6	1	36	8	28	0	0	0	34	6	28	0	0	0	2	2	0	266	115	151
21	386	3034	407010	0	0	VILLAGE	Chandipatana	Rural	84	336	169	167	34	20	14	49	23	26	0	0	0	298	147	151	38	22	16	92	86	6	86	80	6	17	17	0	14	14	0	1	1	0	54	48	6	6	6	0	0	0	0	5	5	0	1	1	0	0	0	0	6	6	0	0	0	0	5	5	0	1	1	0	0	0	0	0	0	0	0	0	0	0	0	0	0	0	0	0	0	0	244	83	161
21	386	3034	407011	0	0	VILLAGE	Hatasahi	Rural	337	1353	667	686	155	83	72	197	94	103	0	0	0	978	520	458	375	147	228	438	387	51	338	326	12	77	76	1	121	121	0	29	24	5	111	105	6	100	61	39	9	5	4	40	36	4	27	5	22	24	15	9	57	42	15	7	4	3	23	21	2	8	3	5	19	14	5	43	19	24	2	1	1	17	15	2	19	2	17	5	1	4	915	280	635
21	386	3034	407012	0	0	VILLAGE	Kalanga	Rural	62	252	124	128	26	11	15	84	38	46	0	0	0	202	110	92	50	14	36	78	72	6	76	70	6	5	5	0	23	22	1	6	6	0	42	37	5	2	2	0	0	0	0	0	0	0	0	0	0	2	2	0	2	2	0	0	0	0	0	0	0	0	0	0	2	2	0	0	0	0	0	0	0	0	0	0	0	0	0	0	0	0	174	52	122
21	386	3034	407013	0	0	VILLAGE	Kalangapatana	Rural	58	239	131	108	17	7	10	0	0	0	0	0	0	196	118	78	43	13	30	75	71	4	66	63	3	32	31	1	8	8	0	0	0	0	26	24	2	9	8	1	5	5	0	4	3	1	0	0	0	0	0	0	9	8	1	5	5	0	4	3	1	0	0	0	0	0	0	0	0	0	0	0	0	0	0	0	0	0	0	0	0	0	164	60	104
21	386	3034	407014	0	0	VILLAGE	Kalangajhansipatana	Rural	28	114	56	58	12	4	8	23	13	10	0	0	0	98	52	46	16	4	12	42	36	6	33	27	6	2	2	0	10	10	0	2	1	1	19	14	5	9	9	0	0	0	0	4	4	0	0	0	0	5	5	0	9	9	0	0	0	0	4	4	0	0	0	0	5	5	0	0	0	0	0	0	0	0	0	0	0	0	0	0	0	0	72	20	52
21	386	3034	407015	0	0	VILLAGE	Kalanga Dianipatana	Rural	35	136	78	58	13	9	4	0	0	0	0	0	0	114	69	45	22	9	13	39	35	4	34	31	3	5	5	0	10	10	0	0	0	0	19	16	3	5	4	1	4	4	0	0	0	0	0	0	0	1	0	1	5	4	1	4	4	0	0	0	0	0	0	0	1	0	1	0	0	0	0	0	0	0	0	0	0	0	0	0	0	0	97	43	54
21	386	3034	407016	0	0	VILLAGE	Kamallochanpur	Rural	160	663	342	321	77	40	37	14	6	8	0	0	0	507	277	230	156	65	91	190	182	8	152	149	3	33	33	0	41	41	0	1	1	0	77	74	3	38	33	5	0	0	0	9	9	0	2	2	0	27	22	5	23	21	2	0	0	0	3	3	0	2	2	0	18	16	2	15	12	3	0	0	0	6	6	0	0	0	0	9	6	3	473	160	313
21	386	3034	407017	0	0	VILLAGE	Kumari	Rural	0	0	0	0	0	0	0	0	0	0	0	0	0	0	0	0	0	0	0	0	0	0	0	0	0	0	0	0	0	0	0	0	0	0	0	0	0	0	0	0	0	0	0	0	0	0	0	0	0	0	0	0	0	0	0	0	0	0	0	0	0	0	0	0	0	0	0	0	0	0	0	0	0	0	0	0	0	0	0	0	0	0	0	0	0
21	386	3034	407018	0	0	VILLAGE	Paikasahi	Rural	87	355	195	160	39	25	14	84	48	36	0	0	0	269	159	110	86	36	50	119	103	16	86	75	11	14	13	1	9	9	0	8	5	3	55	48	7	33	28	5	6	6	0	16	16	0	8	5	3	3	1	2	17	12	5	3	3	0	7	7	0	4	1	3	3	1	2	16	16	0	3	3	0	9	9	0	4	4	0	0	0	0	236	92	144
21	386	3034	407019	0	0	VILLAGE	Naupada	Rural	67	305	140	165	29	14	15	11	5	6	0	0	0	236	121	115	69	19	50	87	77	10	79	73	6	37	36	1	16	16	0	0	0	0	26	21	5	8	4	4	0	0	0	1	1	0	0	0	0	7	3	4	4	3	1	0	0	0	1	1	0	0	0	0	3	2	1	4	1	3	0	0	0	0	0	0	0	0	0	4	1	3	218	63	155
21	386	3034	407020	0	0	VILLAGE	Chalanapada	Rural	47	206	113	93	26	17	9	0	0	0	0	0	0	154	90	64	52	23	29	67	63	4	60	57	3	12	12	0	13	13	0	6	6	0	29	26	3	7	6	1	0	0	0	6	6	0	1	0	1	0	0	0	5	4	1	0	0	0	4	4	0	1	0	1	0	0	0	2	2	0	0	0	0	2	2	0	0	0	0	0	0	0	139	50	89
21	386	3034	407021	0	0	VILLAGE	Firifirapatana	Rural	170	729	366	363	70	35	35	95	54	41	0	0	0	567	314	253	162	52	110	300	229	71	175	164	11	61	60	1	24	21	3	19	17	2	71	66	5	125	65	60	1	0	1	46	16	30	26	9	17	52	40	12	99	60	39	1	0	1	30	13	17	24	8	16	44	39	5	26	5	21	0	0	0	16	3	13	2	1	1	8	1	7	429	137	292
21	386	3034	407022	0	0	VILLAGE	Sikharapada	Rural	168	652	340	312	73	29	44	152	75	77	1	0	1	469	266	203	183	74	109	271	206	65	185	168	17	48	47	1	48	45	3	0	0	0	89	76	13	86	38	48	2	1	1	9	9	0	1	1	0	74	27	47	73	31	42	2	1	1	8	8	0	1	1	0	62	21	41	13	7	6	0	0	0	1	1	0	0	0	0	12	6	6	381	134	247
21	386	3034	407023	0	0	VILLAGE	Chandrasekharpur	Rural	183	748	363	385	95	43	52	127	64	63	198	87	111	493	265	228	255	98	157	355	230	125	138	134	4	113	113	0	3	3	0	2	2	0	20	16	4	217	96	121	2	1	1	196	91	105	1	0	1	18	4	14	152	63	89	2	1	1	147	61	86	1	0	1	2	1	1	65	33	32	0	0	0	49	30	19	0	0	0	16	3	13	393	133	260
21	386	3034	407024	0	0	VILLAGE	Nayapatana	Rural	59	252	134	118	28	17	11	0	0	0	0	0	0	202	111	91	50	23	27	80	62	18	40	33	7	1	1	0	2	2	0	19	15	4	18	15	3	40	29	11	8	8	0	16	16	0	10	1	9	6	4	2	40	29	11	8	8	0	16	16	0	10	1	9	6	4	2	0	0	0	0	0	0	0	0	0	0	0	0	0	0	0	172	72	100
21	386	3034	407025	0	0	VILLAGE	Bautipatana	Rural	85	363	200	163	37	26	11	12	8	4	0	0	0	317	172	145	46	28	18	147	125	22	28	20	8	4	4	0	1	1	0	3	2	1	20	13	7	119	105	14	10	8	2	85	83	2	5	3	2	19	11	8	98	88	10	10	8	2	70	69	1	1	1	0	17	10	7	21	17	4	0	0	0	15	14	1	4	2	2	2	1	1	216	75	141
21	386	3034	407026	0	0	VILLAGE	Chhotrapurpatana	Rural	109	406	222	184	31	20	11	4	2	2	0	0	0	331	191	140	75	31	44	144	126	18	68	61	7	8	7	1	19	18	1	8	8	0	33	28	5	76	65	11	10	9	1	50	47	3	7	6	1	9	3	6	69	62	7	10	9	1	46	44	2	7	6	1	6	3	3	7	3	4	0	0	0	4	3	1	0	0	0	3	0	3	262	96	166
21	386	3034	407027	0	0	VILLAGE	Sampur	Rural	178	705	359	346	87	46	41	110	49	61	0	0	0	525	287	238	180	72	108	229	220	9	175	169	6	22	22	0	82	81	1	8	8	0	63	58	5	54	51	3	8	8	0	21	20	1	9	8	1	16	15	1	47	45	2	7	7	0	18	17	1	7	7	0	15	14	1	7	6	1	1	1	0	3	3	0	2	1	1	1	1	0	476	139	337
21	386	3034	407028	0	0	VILLAGE	Harirajapur	Rural	125	479	254	225	56	31	25	34	20	14	0	0	0	373	211	162	106	43	63	155	152	3	143	140	3	27	27	0	68	68	0	3	3	0	45	42	3	12	12	0	1	1	0	1	1	0	9	9	0	1	1	0	12	12	0	1	1	0	1	1	0	9	9	0	1	1	0	0	0	0	0	0	0	0	0	0	0	0	0	0	0	0	324	102	222
21	386	3034	407029	0	0	VILLAGE	Nilakanthapur	Rural	85	395	218	177	52	29	23	56	27	29	0	0	0	302	173	129	93	45	48	123	119	4	54	51	3	7	7	0	6	6	0	8	8	0	33	30	3	69	68	1	0	0	0	43	43	0	10	10	0	16	15	1	60	59	1	0	0	0	36	36	0	10	10	0	14	13	1	9	9	0	0	0	0	7	7	0	0	0	0	2	2	0	272	99	173
21	386	3034	407030	0	0	VILLAGE	Jodapada	Rural	113	512	266	246	70	40	30	0	0	0	0	0	0	413	218	195	99	48	51	158	150	8	145	140	5	30	29	1	77	76	1	7	7	0	31	28	3	13	10	3	2	1	1	8	8	0	1	1	0	2	0	2	6	3	3	2	1	1	1	1	0	1	1	0	2	0	2	7	7	0	0	0	0	7	7	0	0	0	0	0	0	0	354	116	238
21	386	3034	407031	0	0	VILLAGE	Gabadihapatana	Rural	127	576	299	277	76	40	36	34	17	17	0	0	0	415	234	181	161	65	96	183	173	10	143	136	7	7	7	0	33	33	0	1	1	0	102	95	7	40	37	3	1	0	1	19	19	0	2	1	1	18	17	1	40	37	3	1	0	1	19	19	0	2	1	1	18	17	1	0	0	0	0	0	0	0	0	0	0	0	0	0	0	0	393	126	267
21	386	3034	407032	0	0	VILLAGE	Haripur	Rural	151	687	360	327	87	42	45	0	0	0	411	213	198	379	232	147	308	128	180	330	202	128	230	131	99	23	16	7	162	78	84	5	4	1	40	33	7	100	71	29	4	3	1	87	63	24	3	1	2	6	4	2	89	64	25	4	3	1	76	56	20	3	1	2	6	4	2	11	7	4	0	0	0	11	7	4	0	0	0	0	0	0	357	158	199
21	386	3034	407033	0	0	VILLAGE	Ichhapur	Rural	123	590	302	288	68	31	37	0	0	0	0	0	0	465	257	208	125	45	80	197	191	6	188	182	6	7	7	0	68	67	1	8	8	0	105	100	5	9	9	0	0	0	0	7	7	0	1	1	0	1	1	0	8	8	0	0	0	0	6	6	0	1	1	0	1	1	0	1	1	0	0	0	0	1	1	0	0	0	0	0	0	0	393	111	282
21	386	3034	407034	0	0	VILLAGE	Madhuban	Rural	3	15	8	7	2	1	1	0	0	0	0	0	0	8	4	4	7	4	3	3	3	0	3	3	0	2	2	0	0	0	0	0	0	0	1	1	0	0	0	0	0	0	0	0	0	0	0	0	0	0	0	0	0	0	0	0	0	0	0	0	0	0	0	0	0	0	0	0	0	0	0	0	0	0	0	0	0	0	0	0	0	0	12	5	7
21	386	3034	407035	0	0	VILLAGE	Brundaban	Rural	0	0	0	0	0	0	0	0	0	0	0	0	0	0	0	0	0	0	0	0	0	0	0	0	0	0	0	0	0	0	0	0	0	0	0	0	0	0	0	0	0	0	0	0	0	0	0	0	0	0	0	0	0	0	0	0	0	0	0	0	0	0	0	0	0	0	0	0	0	0	0	0	0	0	0	0	0	0	0	0	0	0	0	0	0
21	386	3034	407036	0	0	VILLAGE	Khalikota	Rural	239	1006	529	477	126	73	53	79	46	33	9	6	3	642	359	283	364	170	194	365	306	59	291	274	17	76	73	3	117	114	3	0	0	0	98	87	11	74	32	42	3	2	1	62	28	34	0	0	0	9	2	7	70	31	39	2	1	1	62	28	34	0	0	0	6	2	4	4	1	3	1	1	0	0	0	0	0	0	0	3	0	3	641	223	418
21	386	3034	407037	0	0	VILLAGE	Harikeswar	Rural	91	429	230	199	40	20	20	0	0	0	0	0	0	357	203	154	72	27	45	119	116	3	118	115	3	2	2	0	110	108	2	0	0	0	6	5	1	1	1	0	1	1	0	0	0	0	0	0	0	0	0	0	0	0	0	0	0	0	0	0	0	0	0	0	0	0	0	1	1	0	1	1	0	0	0	0	0	0	0	0	0	0	310	114	196
21	386	3034	407038	0	0	VILLAGE	Chitrakot	Rural	90	384	198	186	38	15	23	0	0	0	0	0	0	291	163	128	93	35	58	95	93	2	87	85	2	25	25	0	37	36	1	5	5	0	20	19	1	8	8	0	1	1	0	7	7	0	0	0	0	0	0	0	8	8	0	1	1	0	7	7	0	0	0	0	0	0	0	0	0	0	0	0	0	0	0	0	0	0	0	0	0	0	289	105	184
21	386	3034	407039	0	0	VILLAGE	Dholapathar	Rural	97	453	231	222	48	23	25	61	33	28	0	0	0	351	199	152	102	32	70	152	135	17	103	96	7	13	12	1	58	56	2	9	8	1	23	20	3	49	39	10	1	0	1	37	36	1	0	0	0	11	3	8	49	39	10	1	0	1	37	36	1	0	0	0	11	3	8	0	0	0	0	0	0	0	0	0	0	0	0	0	0	0	301	96	205
21	386	3034	407040	0	0	VILLAGE	Benagadia patana	Rural	112	541	265	276	61	28	33	54	24	30	0	0	0	397	205	192	144	60	84	177	141	36	10	10	0	0	0	0	0	0	0	0	0	0	10	10	0	167	131	36	0	0	0	13	10	3	11	9	2	143	112	31	76	61	15	0	0	0	4	1	3	7	7	0	65	53	12	91	70	21	0	0	0	9	9	0	4	2	2	78	59	19	364	124	240
21	386	3034	407041	0	0	VILLAGE	Benagadia  	Rural	144	679	347	332	78	30	48	116	56	60	0	0	0	518	297	221	161	50	111	241	224	17	176	171	5	0	0	0	125	124	1	20	20	0	31	27	4	65	53	12	7	7	0	26	26	0	15	12	3	17	8	9	58	49	9	4	4	0	25	25	0	14	12	2	15	8	7	7	4	3	3	3	0	1	1	0	1	0	1	2	0	2	438	123	315
21	386	3034	407042	0	0	VILLAGE	Patabandha	Rural	105	538	280	258	69	41	28	35	16	19	35	18	17	407	228	179	131	52	79	250	180	70	124	108	16	64	59	5	28	25	3	1	1	0	31	23	8	126	72	54	30	19	11	18	12	6	11	5	6	67	36	31	112	67	45	28	18	10	16	10	6	9	4	5	59	35	24	14	5	9	2	1	1	2	2	0	2	1	1	8	1	7	288	100	188
21	386	3034	407043	0	0	VILLAGE	Garvanipada	Rural	174	833	419	414	98	48	50	9	5	4	0	0	0	625	340	285	208	79	129	257	237	20	200	183	17	52	48	4	66	64	2	0	0	0	82	71	11	57	54	3	5	5	0	46	46	0	2	0	2	4	3	1	52	50	2	5	5	0	43	43	0	2	0	2	2	2	0	5	4	1	0	0	0	3	3	0	0	0	0	2	1	1	576	182	394
21	386	3034	407044	0	0	VILLAGE	Baradandi	Rural	253	1117	566	551	139	69	70	120	55	65	0	0	0	857	473	384	260	93	167	327	311	16	291	282	9	113	113	0	69	68	1	7	7	0	102	94	8	36	29	7	1	1	0	19	18	1	4	2	2	12	8	4	31	26	5	1	1	0	18	17	1	3	2	1	9	6	3	5	3	2	0	0	0	1	1	0	1	0	1	3	2	1	790	255	535
21	386	3034	407045	0	0	VILLAGE	Ramachandrapur	Rural	359	1555	798	757	189	94	95	358	175	183	128	64	64	1184	659	525	371	139	232	480	459	21	453	436	17	130	128	2	259	253	6	4	4	0	60	51	9	27	23	4	1	1	0	22	20	2	2	0	2	2	2	0	25	23	2	1	1	0	22	20	2	0	0	0	2	2	0	2	0	2	0	0	0	0	0	0	2	0	2	0	0	0	1075	339	736
21	386	3034	407046	0	0	VILLAGE	Bada bankoipatana	Rural	21	111	58	53	6	4	2	0	0	0	0	0	0	98	52	46	13	6	7	35	30	5	32	28	4	10	8	2	4	4	0	6	6	0	12	10	2	3	2	1	0	0	0	1	1	0	2	1	1	0	0	0	0	0	0	0	0	0	0	0	0	0	0	0	0	0	0	3	2	1	0	0	0	1	1	0	2	1	1	0	0	0	76	28	48
21	386	3034	407047	0	0	VILLAGE	Sanabankoipatana	Rural	38	154	74	80	14	5	9	9	5	4	0	0	0	120	64	56	34	10	24	39	33	6	37	32	5	16	16	0	6	6	0	3	2	1	12	8	4	2	1	1	0	0	0	1	1	0	0	0	0	1	0	1	1	0	1	0	0	0	0	0	0	0	0	0	1	0	1	1	1	0	0	0	0	1	1	0	0	0	0	0	0	0	115	41	74
21	386	3034	407048	0	0	VILLAGE	Bankoidesh	Rural	270	1102	581	521	122	63	59	0	0	0	0	0	0	900	497	403	202	84	118	327	307	20	322	304	18	125	120	5	100	100	0	3	3	0	94	81	13	5	3	2	0	0	0	0	0	0	1	1	0	4	2	2	5	3	2	0	0	0	0	0	0	1	1	0	4	2	2	0	0	0	0	0	0	0	0	0	0	0	0	0	0	0	775	274	501
21	386	3034	407049	0	0	VILLAGE	Damodarpur	Rural	161	624	317	307	65	33	32	24	11	13	0	0	0	539	280	259	85	37	48	376	205	171	126	116	10	57	57	0	36	32	4	13	11	2	20	16	4	250	89	161	24	19	5	45	38	7	10	5	5	171	27	144	216	85	131	22	18	4	41	35	6	10	5	5	143	27	116	34	4	30	2	1	1	4	3	1	0	0	0	28	0	28	248	112	136
21	386	3034	407050	0	0	VILLAGE	Bankoidala	Rural	73	299	155	144	25	15	10	0	0	0	0	0	0	238	123	115	61	32	29	90	89	1	87	86	1	46	46	0	23	23	0	1	1	0	17	16	1	3	3	0	0	0	0	1	1	0	2	2	0	0	0	0	3	3	0	0	0	0	1	1	0	2	2	0	0	0	0	0	0	0	0	0	0	0	0	0	0	0	0	0	0	0	209	66	143
21	386	3034	407051	0	0	VILLAGE	Narasinghpur	Rural	51	199	104	95	20	10	10	0	0	0	0	0	0	152	81	71	47	23	24	55	54	1	54	53	1	11	11	0	31	31	0	0	0	0	12	11	1	1	1	0	0	0	0	0	0	0	0	0	0	1	1	0	0	0	0	0	0	0	0	0	0	0	0	0	0	0	0	1	1	0	0	0	0	0	0	0	0	0	0	1	1	0	144	50	94
21	386	3034	407052	0	0	VILLAGE	Sahajapur	Rural	108	459	234	225	63	30	33	0	0	0	0	0	0	315	173	142	144	61	83	159	142	17	125	123	2	67	67	0	42	42	0	2	2	0	14	12	2	34	19	15	0	0	0	16	15	1	1	1	0	17	3	14	19	19	0	0	0	0	15	15	0	1	1	0	3	3	0	15	0	15	0	0	0	1	0	1	0	0	0	14	0	14	300	92	208
21	386	3034	407053	0	0	VILLAGE	Barapatia	Rural	80	369	196	173	55	36	19	0	0	0	0	0	0	270	143	127	99	53	46	101	80	21	83	64	19	61	50	11	5	1	4	1	1	0	16	12	4	18	16	2	9	8	1	7	7	0	0	0	0	2	1	1	18	16	2	9	8	1	7	7	0	0	0	0	2	1	1	0	0	0	0	0	0	0	0	0	0	0	0	0	0	0	268	116	152
21	386	3034	407054	0	0	VILLAGE	Barabati	Rural	68	374	206	168	33	15	18	0	0	0	0	0	0	286	173	113	88	33	55	128	121	7	116	112	4	76	76	0	0	0	0	1	1	0	39	35	4	12	9	3	1	0	1	5	5	0	3	3	0	3	1	2	12	9	3	1	0	1	5	5	0	3	3	0	3	1	2	0	0	0	0	0	0	0	0	0	0	0	0	0	0	0	246	85	161
21	386	3034	407055	0	0	VILLAGE	Gopinathapur	Rural	0	0	0	0	0	0	0	0	0	0	0	0	0	0	0	0	0	0	0	0	0	0	0	0	0	0	0	0	0	0	0	0	0	0	0	0	0	0	0	0	0	0	0	0	0	0	0	0	0	0	0	0	0	0	0	0	0	0	0	0	0	0	0	0	0	0	0	0	0	0	0	0	0	0	0	0	0	0	0	0	0	0	0	0	0
21	386	3034	407056	0	0	VILLAGE	Bhagabanpur	Rural	0	0	0	0	0	0	0	0	0	0	0	0	0	0	0	0	0	0	0	0	0	0	0	0	0	0	0	0	0	0	0	0	0	0	0	0	0	0	0	0	0	0	0	0	0	0	0	0	0	0	0	0	0	0	0	0	0	0	0	0	0	0	0	0	0	0	0	0	0	0	0	0	0	0	0	0	0	0	0	0	0	0	0	0	0
21	386	3034	407057	0	0	VILLAGE	Beguniamula	Rural	67	244	121	123	38	21	17	14	6	8	0	0	0	150	89	61	94	32	62	114	73	41	91	60	31	17	17	0	61	31	30	0	0	0	13	12	1	23	13	10	4	3	1	17	8	9	0	0	0	2	2	0	20	11	9	3	2	1	15	7	8	0	0	0	2	2	0	3	2	1	1	1	0	2	1	1	0	0	0	0	0	0	130	48	82
21	386	3034	407058	0	0	VILLAGE	Kotasingha	Rural	188	763	396	367	79	39	40	31	13	18	0	0	0	611	330	281	152	66	86	230	213	17	195	189	6	65	65	0	92	90	2	9	7	2	29	27	2	35	24	11	4	1	3	23	22	1	6	0	6	2	1	1	33	23	10	3	1	2	22	21	1	6	0	6	2	1	1	2	1	1	1	0	1	1	1	0	0	0	0	0	0	0	533	183	350
21	386	3034	407059	0	0	VILLAGE	Kapileswar	Rural	0	0	0	0	0	0	0	0	0	0	0	0	0	0	0	0	0	0	0	0	0	0	0	0	0	0	0	0	0	0	0	0	0	0	0	0	0	0	0	0	0	0	0	0	0	0	0	0	0	0	0	0	0	0	0	0	0	0	0	0	0	0	0	0	0	0	0	0	0	0	0	0	0	0	0	0	0	0	0	0	0	0	0	0	0
21	386	3034	407060	0	0	VILLAGE	Kanrapur	Rural	154	718	372	346	64	42	22	24	11	13	236	111	125	401	233	168	317	139	178	302	209	93	14	14	0	3	3	0	1	1	0	0	0	0	10	10	0	288	195	93	5	5	0	280	188	92	0	0	0	3	2	1	283	190	93	5	5	0	275	183	92	0	0	0	3	2	1	5	5	0	0	0	0	5	5	0	0	0	0	0	0	0	416	163	253
21	386	3034	407061	0	0	VILLAGE	Beguniamulapatana	Rural	62	230	119	111	30	18	12	2	1	1	0	0	0	179	98	81	51	21	30	84	70	14	68	61	7	35	35	0	18	13	5	1	1	0	14	12	2	16	9	7	5	3	2	9	6	3	1	0	1	1	0	1	13	6	7	4	2	2	7	4	3	1	0	1	1	0	1	3	3	0	1	1	0	2	2	0	0	0	0	0	0	0	146	49	97
21	386	3034	407062	0	0	VILLAGE	Asaraladesa	Rural	93	378	197	181	46	26	20	32	15	17	16	7	9	291	159	132	87	38	49	134	124	10	16	12	4	0	0	0	0	0	0	0	0	0	16	12	4	118	112	6	6	6	0	110	105	5	0	0	0	2	1	1	97	96	1	6	6	0	89	89	0	0	0	0	2	1	1	21	16	5	0	0	0	21	16	5	0	0	0	0	0	0	244	73	171
21	386	3034	407063	0	0	VILLAGE	Raipurpatana	Rural	43	167	81	86	17	6	11	22	10	12	0	0	0	121	64	57	46	17	29	49	47	2	2	2	0	0	0	0	0	0	0	0	0	0	2	2	0	47	45	2	0	0	0	44	42	2	0	0	0	3	3	0	35	33	2	0	0	0	32	30	2	0	0	0	3	3	0	12	12	0	0	0	0	12	12	0	0	0	0	0	0	0	118	34	84
21	386	3034	407064	0	0	VILLAGE	Hanumantaprasad	Rural	125	522	264	258	56	23	33	87	45	42	0	0	0	396	224	172	126	40	86	219	162	57	181	156	25	45	45	0	83	79	4	1	1	0	52	31	21	38	6	32	4	4	0	9	2	7	3	0	3	22	0	22	25	5	20	4	4	0	3	1	2	3	0	3	15	0	15	13	1	12	0	0	0	6	1	5	0	0	0	7	0	7	303	102	201
21	386	3034	407065	0	0	VILLAGE	Mangarajapur	Rural	104	413	226	187	48	31	17	38	21	17	0	0	0	342	191	151	71	35	36	148	123	25	67	60	7	23	23	0	0	0	0	1	1	0	43	36	7	81	63	18	1	0	1	70	62	8	1	0	1	9	1	8	74	58	16	1	0	1	65	58	7	1	0	1	7	0	7	7	5	2	0	0	0	5	4	1	0	0	0	2	1	1	265	103	162
21	386	3034	407066	0	0	VILLAGE	Dianipatana	Rural	68	279	149	130	28	16	12	21	11	10	0	0	0	236	129	107	43	20	23	84	83	1	64	63	1	37	37	0	14	14	0	0	0	0	13	12	1	20	20	0	0	0	0	20	20	0	0	0	0	0	0	0	20	20	0	0	0	0	20	20	0	0	0	0	0	0	0	0	0	0	0	0	0	0	0	0	0	0	0	0	0	0	195	66	129
21	386	3034	407067	0	0	VILLAGE	Asaraladala	Rural	204	812	436	376	96	48	48	10	4	6	0	0	0	651	367	284	161	69	92	267	251	16	198	186	12	120	119	1	29	28	1	2	0	2	47	39	8	69	65	4	3	3	0	48	48	0	3	0	3	15	14	1	61	60	1	0	0	0	47	47	0	1	0	1	13	13	0	8	5	3	3	3	0	1	1	0	2	0	2	2	1	1	545	185	360
21	386	3034	407068	0	0	VILLAGE	Jagabandhupur	Rural	0	0	0	0	0	0	0	0	0	0	0	0	0	0	0	0	0	0	0	0	0	0	0	0	0	0	0	0	0	0	0	0	0	0	0	0	0	0	0	0	0	0	0	0	0	0	0	0	0	0	0	0	0	0	0	0	0	0	0	0	0	0	0	0	0	0	0	0	0	0	0	0	0	0	0	0	0	0	0	0	0	0	0	0	0
21	386	3034	407069	0	0	VILLAGE	Puania	Rural	157	643	332	311	71	36	35	11	4	7	0	0	0	514	277	237	129	55	74	219	201	18	213	197	16	36	36	0	77	77	0	5	3	2	95	81	14	6	4	2	0	0	0	0	0	0	0	0	0	6	4	2	5	3	2	0	0	0	0	0	0	0	0	0	5	3	2	1	1	0	0	0	0	0	0	0	0	0	0	1	1	0	424	131	293
21	386	3034	407070	0	0	VILLAGE	Magura	Rural	97	379	195	184	46	22	24	0	0	0	0	0	0	278	156	122	101	39	62	126	123	3	118	116	2	69	69	0	17	17	0	0	0	0	32	30	2	8	7	1	1	1	0	4	4	0	0	0	0	3	2	1	7	6	1	0	0	0	4	4	0	0	0	0	3	2	1	1	1	0	1	1	0	0	0	0	0	0	0	0	0	0	253	72	181
21	386	3034	407071	0	0	VILLAGE	Durgapur	Rural	65	274	139	135	27	16	11	5	3	2	0	0	0	200	111	89	74	28	46	92	89	3	74	73	1	13	13	0	46	45	1	2	2	0	13	13	0	18	16	2	0	0	0	17	15	2	0	0	0	1	1	0	18	16	2	0	0	0	17	15	2	0	0	0	1	1	0	0	0	0	0	0	0	0	0	0	0	0	0	0	0	0	182	50	132
21	386	3034	407072	0	0	VILLAGE	Kanteilo	Rural	98	459	235	224	69	36	33	27	11	16	0	0	0	311	166	145	148	69	79	164	157	7	140	134	6	49	49	0	62	61	1	2	2	0	27	22	5	24	23	1	1	1	0	22	21	1	0	0	0	1	1	0	24	23	1	1	1	0	22	21	1	0	0	0	1	1	0	0	0	0	0	0	0	0	0	0	0	0	0	0	0	0	295	78	217
21	386	3034	407073	0	0	VILLAGE	Harekrushnapur	Rural	58	217	103	114	16	12	4	0	0	0	0	0	0	158	77	81	59	26	33	69	59	10	52	48	4	21	21	0	14	14	0	0	0	0	17	13	4	17	11	6	3	3	0	4	4	0	0	0	0	10	4	6	10	9	1	3	3	0	4	4	0	0	0	0	3	2	1	7	2	5	0	0	0	0	0	0	0	0	0	7	2	5	148	44	104
21	386	3034	407074	0	0	VILLAGE	Asurdhip	Rural	0	0	0	0	0	0	0	0	0	0	0	0	0	0	0	0	0	0	0	0	0	0	0	0	0	0	0	0	0	0	0	0	0	0	0	0	0	0	0	0	0	0	0	0	0	0	0	0	0	0	0	0	0	0	0	0	0	0	0	0	0	0	0	0	0	0	0	0	0	0	0	0	0	0	0	0	0	0	0	0	0	0	0	0	0
21	386	3034	407075	0	0	VILLAGE	Manikapur	Rural	74	345	177	168	42	21	21	0	0	0	0	0	0	231	118	113	114	59	55	118	113	5	107	104	3	5	5	0	44	44	0	1	1	0	57	54	3	11	9	2	0	0	0	3	2	1	1	0	1	7	7	0	11	9	2	0	0	0	3	2	1	1	0	1	7	7	0	0	0	0	0	0	0	0	0	0	0	0	0	0	0	0	227	64	163
21	386	3034	407076	0	0	VILLAGE	Badakumari	Rural	175	827	440	387	86	43	43	31	15	16	0	0	0	655	370	285	172	70	102	275	255	20	185	177	8	60	59	1	41	41	0	15	15	0	69	62	7	90	78	12	5	3	2	54	51	3	13	13	0	18	11	7	86	74	12	5	3	2	53	50	3	10	10	0	18	11	7	4	4	0	0	0	0	1	1	0	3	3	0	0	0	0	552	185	367
21	386	3034	407077	0	0	VILLAGE	Sanakumari	Rural	175	788	411	377	77	43	34	4	2	2	0	0	0	632	350	282	156	61	95	236	218	18	205	192	13	71	69	2	24	23	1	32	31	1	78	69	9	31	26	5	3	3	0	17	16	1	7	5	2	4	2	2	30	25	5	3	3	0	16	15	1	7	5	2	4	2	2	1	1	0	0	0	0	1	1	0	0	0	0	0	0	0	552	193	359
21	386	3034	407078	0	0	VILLAGE	Bilakhauruni	Rural	321	1609	860	749	186	103	83	164	91	73	1	1	0	1256	702	554	353	158	195	524	494	30	419	397	22	161	155	6	110	108	2	8	8	0	140	126	14	105	97	8	4	4	0	39	36	3	16	14	2	46	43	3	103	95	8	4	4	0	38	35	3	15	13	2	46	43	3	2	2	0	0	0	0	1	1	0	1	1	0	0	0	0	1085	366	719
21	386	3034	407079	0	0	VILLAGE	Hatabasta	Rural	16	76	44	32	9	6	3	0	0	0	0	0	0	59	35	24	17	9	8	28	27	1	28	27	1	1	1	0	11	11	0	1	1	0	15	14	1	0	0	0	0	0	0	0	0	0	0	0	0	0	0	0	0	0	0	0	0	0	0	0	0	0	0	0	0	0	0	0	0	0	0	0	0	0	0	0	0	0	0	0	0	0	48	17	31
21	386	3034	407080	0	0	VILLAGE	Srichandanpurpatana	Rural	156	810	425	385	73	35	38	120	68	52	0	0	0	640	360	280	170	65	105	302	289	13	275	263	12	24	24	0	72	72	0	1	0	1	178	167	11	27	26	1	4	4	0	13	13	0	0	0	0	10	9	1	24	23	1	4	4	0	10	10	0	0	0	0	10	9	1	3	3	0	0	0	0	3	3	0	0	0	0	0	0	0	508	136	372
21	386	3034	407081	0	0	VILLAGE	Srichandanpur 	Rural	161	749	393	356	63	29	34	0	0	0	0	0	0	623	347	276	126	46	80	225	210	15	165	156	9	61	59	2	1	1	0	7	6	1	96	90	6	60	54	6	4	4	0	4	4	0	2	1	1	50	45	5	43	39	4	4	4	0	4	4	0	2	1	1	33	30	3	17	15	2	0	0	0	0	0	0	0	0	0	17	15	2	524	183	341
21	386	3034	407082	0	0	VILLAGE	Kodapada	Rural	54	258	133	125	29	15	14	0	0	0	0	0	0	185	111	74	73	22	51	87	86	1	66	65	1	20	20	0	23	22	1	1	1	0	22	22	0	21	21	0	5	5	0	14	14	0	0	0	0	2	2	0	19	19	0	3	3	0	14	14	0	0	0	0	2	2	0	2	2	0	2	2	0	0	0	0	0	0	0	0	0	0	171	47	124
21	386	3034	407083	0	0	VILLAGE	Dihakhauruni	Rural	339	1495	783	712	147	83	64	148	81	67	0	0	0	1193	670	523	302	113	189	532	504	28	486	462	24	251	246	5	13	13	0	23	19	4	199	184	15	46	42	4	8	6	2	13	12	1	3	3	0	22	21	1	41	39	2	5	4	1	12	12	0	2	2	0	22	21	1	5	3	2	3	2	1	1	0	1	1	1	0	0	0	0	963	279	684
21	386	3034	407084	0	0	VILLAGE	Kapasia	Rural	308	1272	655	617	114	70	44	109	59	50	0	0	0	980	530	450	292	125	167	403	363	40	261	237	24	94	91	3	104	98	6	6	5	1	57	43	14	142	126	16	4	4	0	117	114	3	2	1	1	19	7	12	127	113	14	4	4	0	102	101	1	2	1	1	19	7	12	15	13	2	0	0	0	15	13	2	0	0	0	0	0	0	869	292	577
21	386	3034	407085	0	0	VILLAGE	Rameswar	Rural	146	652	335	317	67	30	37	17	10	7	0	0	0	526	292	234	126	43	83	205	185	20	195	177	18	55	49	6	68	62	6	4	3	1	68	63	5	10	8	2	1	1	0	0	0	0	0	0	0	9	7	2	10	8	2	1	1	0	0	0	0	0	0	0	9	7	2	0	0	0	0	0	0	0	0	0	0	0	0	0	0	0	447	150	297
21	386	3034	407086	0	0	VILLAGE	Asanapalli	Rural	181	735	373	362	89	50	39	77	34	43	83	38	45	456	246	210	279	127	152	281	228	53	263	224	39	60	59	1	153	121	32	1	0	1	49	44	5	18	4	14	0	0	0	14	3	11	1	0	1	3	1	2	17	3	14	0	0	0	14	3	11	1	0	1	2	0	2	1	1	0	0	0	0	0	0	0	0	0	0	1	1	0	454	145	309
21	386	3034	407087	0	0	VILLAGE	Haripurpatana	Rural	94	358	185	173	42	19	23	11	6	5	0	0	0	299	165	134	59	20	39	93	88	5	85	80	5	20	20	0	5	5	0	0	0	0	60	55	5	8	8	0	0	0	0	5	5	0	0	0	0	3	3	0	5	5	0	0	0	0	4	4	0	0	0	0	1	1	0	3	3	0	0	0	0	1	1	0	0	0	0	2	2	0	265	97	168
21	386	3034	407088	0	0	VILLAGE	Arakhapalli	Rural	350	1457	745	712	180	97	83	113	59	54	213	108	105	1097	598	499	360	147	213	580	467	113	224	201	23	45	45	0	11	11	0	9	9	0	159	136	23	356	266	90	3	0	3	211	167	44	14	12	2	128	87	41	325	239	86	3	0	3	186	144	42	13	11	2	123	84	39	31	27	4	0	0	0	25	23	2	1	1	0	5	3	2	877	278	599
21	386	3034	407089	0	0	VILLAGE	Khalipatna	Rural	46	210	117	93	28	16	12	20	10	10	0	0	0	170	97	73	40	20	20	65	62	3	57	54	3	5	5	0	0	0	0	0	0	0	52	49	3	8	8	0	0	0	0	1	1	0	0	0	0	7	7	0	6	6	0	0	0	0	1	1	0	0	0	0	5	5	0	2	2	0	0	0	0	0	0	0	0	0	0	2	2	0	145	55	90
21	386	3034	407090	0	0	VILLAGE	Ghoradia	Rural	117	486	251	235	57	34	23	15	6	9	0	0	0	378	206	172	108	45	63	151	145	6	140	135	5	14	14	0	29	29	0	1	0	1	96	92	4	11	10	1	2	2	0	7	7	0	1	0	1	1	1	0	8	7	1	2	2	0	4	4	0	1	0	1	1	1	0	3	3	0	0	0	0	3	3	0	0	0	0	0	0	0	335	106	229
21	386	3034	407091	0	0	VILLAGE	Grameswar	Rural	125	534	270	264	46	25	21	82	43	39	0	0	0	431	234	197	103	36	67	330	175	155	140	125	15	12	11	1	29	28	1	4	1	3	95	85	10	190	50	140	0	0	0	2	2	0	108	2	106	80	46	34	139	11	128	0	0	0	2	2	0	107	1	106	30	8	22	51	39	12	0	0	0	0	0	0	1	1	0	50	38	12	204	95	109
21	386	3034	407092	0	0	VILLAGE	Padmapur	Rural	55	303	161	142	37	20	17	0	0	0	0	0	0	241	138	103	62	23	39	90	86	4	90	86	4	0	0	0	21	20	1	0	0	0	69	66	3	0	0	0	0	0	0	0	0	0	0	0	0	0	0	0	0	0	0	0	0	0	0	0	0	0	0	0	0	0	0	0	0	0	0	0	0	0	0	0	0	0	0	0	0	0	213	75	138
21	386	3034	407093	0	0	VILLAGE	Chuda	Rural	329	1606	860	746	196	113	83	51	29	22	0	0	0	1288	726	562	318	134	184	519	474	45	504	460	44	75	67	8	162	157	5	6	5	1	261	231	30	15	14	1	2	2	0	5	5	0	1	0	1	7	7	0	14	14	0	2	2	0	5	5	0	0	0	0	7	7	0	1	0	1	0	0	0	0	0	0	1	0	1	0	0	0	1087	386	701
21	386	3034	407094	0	0	VILLAGE	Bolagad	Rural	726	3329	1732	1597	310	158	152	378	186	192	0	0	0	2679	1468	1211	650	264	386	1078	970	108	850	776	74	184	181	3	92	91	1	29	18	11	545	486	59	228	194	34	15	11	4	82	78	4	17	9	8	114	96	18	180	156	24	14	11	3	52	51	1	14	9	5	100	85	15	48	38	10	1	0	1	30	27	3	3	0	3	14	11	3	2251	762	1489
21	386	3034	407095	0	0	VILLAGE	Jhansipatna	Rural	53	214	109	105	26	14	12	0	0	0	0	0	0	174	92	82	40	17	23	74	66	8	67	61	6	4	4	0	34	34	0	0	0	0	29	23	6	7	5	2	1	1	0	5	4	1	0	0	0	1	0	1	7	5	2	1	1	0	5	4	1	0	0	0	1	0	1	0	0	0	0	0	0	0	0	0	0	0	0	0	0	0	140	43	97
21	386	3034	407096	0	0	VILLAGE	Trutiapada	Rural	520	2311	1215	1096	214	126	88	171	89	82	8	4	4	1920	1047	873	391	168	223	794	677	117	499	454	45	31	31	0	78	78	0	14	12	2	376	333	43	295	223	72	24	21	3	116	113	3	7	5	2	148	84	64	165	132	33	19	16	3	56	55	1	4	3	1	86	58	28	130	91	39	5	5	0	60	58	2	3	2	1	62	26	36	1517	538	979
21	386	3034	407097	0	0	VILLAGE	Khanguria	Rural	430	1612	824	788	183	97	86	48	25	23	0	0	0	1189	656	533	423	168	255	620	506	114	309	240	69	100	95	5	71	40	31	14	1	13	124	104	20	311	266	45	1	1	0	221	199	22	4	2	2	85	64	21	308	265	43	1	1	0	218	198	20	4	2	2	85	64	21	3	1	2	0	0	0	3	1	2	0	0	0	0	0	0	992	318	674
21	386	3034	407098	0	0	VILLAGE	Gobindapur	Rural	77	326	176	150	40	28	12	15	8	7	0	0	0	221	121	100	105	55	50	116	99	17	106	94	12	2	1	1	64	63	1	1	1	0	39	29	10	10	5	5	0	0	0	1	1	0	3	2	1	6	2	4	10	5	5	0	0	0	1	1	0	3	2	1	6	2	4	0	0	0	0	0	0	0	0	0	0	0	0	0	0	0	210	77	133
21	386	3034	407099	0	0	VILLAGE	Gopalpur	Rural	44	154	88	66	15	9	6	14	9	5	0	0	0	113	75	38	41	13	28	66	63	3	3	2	1	0	0	0	0	0	0	0	0	0	3	2	1	63	61	2	0	0	0	59	59	0	1	0	1	3	2	1	61	60	1	0	0	0	58	58	0	1	0	1	2	2	0	2	1	1	0	0	0	1	1	0	0	0	0	1	0	1	88	25	63
21	386	3034	407100	0	0	VILLAGE	Brajamohanpur	Rural	0	0	0	0	0	0	0	0	0	0	0	0	0	0	0	0	0	0	0	0	0	0	0	0	0	0	0	0	0	0	0	0	0	0	0	0	0	0	0	0	0	0	0	0	0	0	0	0	0	0	0	0	0	0	0	0	0	0	0	0	0	0	0	0	0	0	0	0	0	0	0	0	0	0	0	0	0	0	0	0	0	0	0	0	0
21	386	3034	407101	0	0	VILLAGE	Brahmapura	Rural	22	100	57	43	10	6	4	0	0	0	0	0	0	79	49	30	21	8	13	33	32	1	25	25	0	12	12	0	3	3	0	3	3	0	7	7	0	8	7	1	2	2	0	1	1	0	2	2	0	3	2	1	5	4	1	1	1	0	1	1	0	1	1	0	2	1	1	3	3	0	1	1	0	0	0	0	1	1	0	1	1	0	67	25	42
21	386	3034	407102	0	0	VILLAGE	Nandapalli	Rural	94	429	232	197	44	25	19	6	4	2	1	1	0	149	94	55	280	138	142	275	158	117	170	134	36	42	31	11	85	65	20	0	0	0	43	38	5	105	24	81	45	13	32	50	9	41	0	0	0	10	2	8	63	13	50	27	5	22	29	6	23	0	0	0	7	2	5	42	11	31	18	8	10	21	3	18	0	0	0	3	0	3	154	74	80
21	386	3034	407103	0	0	VILLAGE	Shyamasundarpur	Rural	80	369	183	186	55	24	31	6	3	3	188	91	97	241	140	101	128	43	85	149	108	41	105	90	15	15	15	0	50	41	9	2	2	0	38	32	6	44	18	26	2	1	1	23	10	13	2	0	2	17	7	10	38	14	24	2	1	1	20	7	13	2	0	2	14	6	8	6	4	2	0	0	0	3	3	0	0	0	0	3	1	2	220	75	145
21	386	3034	407104	0	0	VILLAGE	panchukota	Rural	109	476	257	219	47	27	20	100	53	47	0	0	0	336	197	139	140	60	80	167	159	8	93	88	5	16	16	0	4	4	0	0	0	0	73	68	5	74	71	3	12	12	0	18	18	0	4	4	0	40	37	3	66	64	2	12	12	0	17	17	0	3	3	0	34	32	2	8	7	1	0	0	0	1	1	0	1	1	0	6	5	1	309	98	211
21	386	3034	407105	0	0	VILLAGE	Rampur	Rural	30	137	76	61	8	4	4	15	8	7	0	0	0	107	66	41	30	10	20	43	39	4	20	17	3	2	2	0	2	1	1	2	2	0	14	12	2	23	22	1	7	7	0	8	8	0	1	1	0	7	6	1	21	20	1	5	5	0	8	8	0	1	1	0	7	6	1	2	2	0	2	2	0	0	0	0	0	0	0	0	0	0	94	37	57
21	386	3034	407106	0	0	VILLAGE	Dauniapalli	Rural	4	19	11	8	0	0	0	0	0	0	0	0	0	17	11	6	2	0	2	5	5	0	1	1	0	1	1	0	0	0	0	0	0	0	0	0	0	4	4	0	2	2	0	1	1	0	0	0	0	1	1	0	4	4	0	2	2	0	1	1	0	0	0	0	1	1	0	0	0	0	0	0	0	0	0	0	0	0	0	0	0	0	14	6	8
21	386	3034	407107	0	0	VILLAGE	Fasioda	Rural	585	2637	1370	1267	327	167	160	110	51	59	0	0	0	1863	1039	824	774	331	443	763	696	67	433	411	22	217	215	2	127	126	1	2	1	1	87	69	18	330	285	45	66	60	6	211	199	12	20	4	16	33	22	11	83	74	9	17	15	2	55	51	4	1	0	1	10	8	2	247	211	36	49	45	4	156	148	8	19	4	15	23	14	9	1874	674	1200
21	386	3034	407108	0	0	VILLAGE	Dalaisahi	Rural	682	3156	1563	1593	380	193	187	346	158	188	8	5	3	2419	1281	1138	737	282	455	969	861	108	815	779	36	128	125	3	225	222	3	80	71	9	382	361	21	154	82	72	16	10	6	51	37	14	17	5	12	70	30	40	119	60	59	12	8	4	37	25	12	14	4	10	56	23	33	35	22	13	4	2	2	14	12	2	3	1	2	14	7	7	2187	702	1485
21	386	3034	407109	0	0	VILLAGE	Malisahi	Rural	187	773	391	382	88	43	45	47	30	17	0	0	0	580	331	249	193	60	133	232	219	13	144	137	7	22	22	0	80	80	0	1	1	0	41	34	7	88	82	6	3	3	0	32	30	2	1	1	0	52	48	4	72	66	6	3	3	0	27	25	2	1	1	0	41	37	4	16	16	0	0	0	0	5	5	0	0	0	0	11	11	0	541	172	369
21	386	3034	407110	0	0	VILLAGE	Dibya singhapursasan	Rural	73	287	146	141	33	19	14	19	9	10	0	0	0	234	124	110	53	22	31	87	81	6	85	79	6	33	33	0	0	0	0	0	0	0	52	46	6	2	2	0	0	0	0	1	1	0	0	0	0	1	1	0	2	2	0	0	0	0	1	1	0	0	0	0	1	1	0	0	0	0	0	0	0	0	0	0	0	0	0	0	0	0	200	65	135
21	386	3034	407111	0	0	VILLAGE	Bhimapada	Rural	257	1105	555	550	136	79	57	182	89	93	0	0	0	788	431	357	317	124	193	333	310	23	210	195	15	37	37	0	0	0	0	2	2	0	171	156	15	123	115	8	3	3	0	49	47	2	4	3	1	67	62	5	102	100	2	2	2	0	40	40	0	2	2	0	58	56	2	21	15	6	1	1	0	9	7	2	2	1	1	9	6	3	772	245	527
21	386	3034	407112	0	0	VILLAGE	Dighiri	Rural	122	534	275	259	49	26	23	28	16	12	0	0	0	443	243	200	91	32	59	154	144	10	111	101	10	24	24	0	17	17	0	1	1	0	69	59	10	43	43	0	0	0	0	40	40	0	0	0	0	3	3	0	31	31	0	0	0	0	30	30	0	0	0	0	1	1	0	12	12	0	0	0	0	10	10	0	0	0	0	2	2	0	380	131	249
21	386	3034	407113	0	0	VILLAGE	Jahanabad	Rural	0	0	0	0	0	0	0	0	0	0	0	0	0	0	0	0	0	0	0	0	0	0	0	0	0	0	0	0	0	0	0	0	0	0	0	0	0	0	0	0	0	0	0	0	0	0	0	0	0	0	0	0	0	0	0	0	0	0	0	0	0	0	0	0	0	0	0	0	0	0	0	0	0	0	0	0	0	0	0	0	0	0	0	0	0
21	386	3034	407114	0	0	VILLAGE	Rasulpur	Rural	0	0	0	0	0	0	0	0	0	0	0	0	0	0	0	0	0	0	0	0	0	0	0	0	0	0	0	0	0	0	0	0	0	0	0	0	0	0	0	0	0	0	0	0	0	0	0	0	0	0	0	0	0	0	0	0	0	0	0	0	0	0	0	0	0	0	0	0	0	0	0	0	0	0	0	0	0	0	0	0	0	0	0	0	0
21	386	3034	407115	0	0	VILLAGE	Brundabanpur	Rural	64	248	134	114	25	16	9	0	0	0	0	0	0	203	113	90	45	21	24	95	78	17	67	65	2	24	23	1	6	6	0	0	0	0	37	36	1	28	13	15	24	9	15	1	1	0	1	1	0	2	2	0	14	8	6	12	6	6	1	1	0	0	0	0	1	1	0	14	5	9	12	3	9	0	0	0	1	1	0	1	1	0	153	56	97
21	386	3034	407116	0	0	VILLAGE	Kautara	Rural	103	466	239	227	45	20	25	37	25	12	0	0	0	349	192	157	117	47	70	154	138	16	50	44	6	2	2	0	0	0	0	16	16	0	32	26	6	104	94	10	5	5	0	98	88	10	1	1	0	0	0	0	103	94	9	5	5	0	97	88	9	1	1	0	0	0	0	1	0	1	0	0	0	1	0	1	0	0	0	0	0	0	312	101	211
21	386	3034	407117	0	0	VILLAGE	Mandalasingh	Rural	409	1669	866	803	175	91	84	245	123	122	0	0	0	1308	733	575	361	133	228	497	460	37	396	381	15	31	30	1	273	269	4	14	14	0	78	68	10	101	79	22	11	10	1	82	61	21	6	6	0	2	2	0	62	53	9	10	9	1	45	37	8	5	5	0	2	2	0	39	26	13	1	1	0	37	24	13	1	1	0	0	0	0	1172	406	766
21	386	3034	407118	0	0	VILLAGE	Pallidighiri	Rural	19	83	44	39	6	3	3	0	0	0	0	0	0	71	40	31	12	4	8	26	25	1	7	6	1	0	0	0	5	5	0	0	0	0	2	1	1	19	19	0	0	0	0	19	19	0	0	0	0	0	0	0	9	9	0	0	0	0	9	9	0	0	0	0	0	0	0	10	10	0	0	0	0	10	10	0	0	0	0	0	0	0	57	19	38
21	386	3034	407119	0	0	VILLAGE	Kotapala	Rural	103	438	231	207	54	25	29	0	0	0	153	77	76	277	167	110	161	64	97	193	150	43	89	85	4	21	21	0	31	31	0	0	0	0	37	33	4	104	65	39	9	7	2	89	55	34	0	0	0	6	3	3	82	56	26	8	6	2	68	47	21	0	0	0	6	3	3	22	9	13	1	1	0	21	8	13	0	0	0	0	0	0	245	81	164
21	386	3034	407120	0	0	VILLAGE	Bandhasahi	Rural	2	5	3	2	0	0	0	0	0	0	0	0	0	5	3	2	0	0	0	1	1	0	1	1	0	0	0	0	0	0	0	0	0	0	1	1	0	0	0	0	0	0	0	0	0	0	0	0	0	0	0	0	0	0	0	0	0	0	0	0	0	0	0	0	0	0	0	0	0	0	0	0	0	0	0	0	0	0	0	0	0	0	4	2	2
21	386	3034	407121	0	0	VILLAGE	Khairapalli	Rural	0	0	0	0	0	0	0	0	0	0	0	0	0	0	0	0	0	0	0	0	0	0	0	0	0	0	0	0	0	0	0	0	0	0	0	0	0	0	0	0	0	0	0	0	0	0	0	0	0	0	0	0	0	0	0	0	0	0	0	0	0	0	0	0	0	0	0	0	0	0	0	0	0	0	0	0	0	0	0	0	0	0	0	0	0
21	386	3034	407122	0	0	VILLAGE	Kusupalla	Rural	101	518	271	247	72	45	27	68	34	34	16	10	6	323	186	137	195	85	110	168	161	7	56	53	3	49	48	1	2	2	0	1	1	0	4	2	2	112	108	4	2	0	2	94	93	1	4	4	0	12	11	1	91	87	4	2	0	2	82	81	1	3	3	0	4	3	1	21	21	0	0	0	0	12	12	0	1	1	0	8	8	0	350	110	240
21	386	3034	407123	0	0	VILLAGE	Pankalasahi	Rural	35	146	75	71	17	9	8	74	39	35	0	0	0	94	55	39	52	20	32	48	44	4	46	43	3	14	14	0	15	15	0	0	0	0	17	14	3	2	1	1	0	0	0	1	1	0	0	0	0	1	0	1	2	1	1	0	0	0	1	1	0	0	0	0	1	0	1	0	0	0	0	0	0	0	0	0	0	0	0	0	0	0	98	31	67
21	386	3034	407124	0	0	VILLAGE	Mardabadi	Rural	192	877	442	435	126	61	65	64	27	37	182	87	95	581	334	247	296	108	188	333	274	59	285	250	35	86	85	1	90	67	23	4	4	0	105	94	11	48	24	24	6	6	0	34	13	21	3	0	3	5	5	0	46	23	23	6	6	0	34	13	21	2	0	2	4	4	0	2	1	1	0	0	0	0	0	0	1	0	1	1	1	0	544	168	376
21	386	3034	407125	0	0	VILLAGE	Gopalipada	Rural	199	812	421	391	102	60	42	107	55	52	0	0	0	602	323	279	210	98	112	301	252	49	188	176	12	36	30	6	58	58	0	0	0	0	94	88	6	113	76	37	24	6	18	50	40	10	7	1	6	32	29	3	65	51	14	8	4	4	21	20	1	7	1	6	29	26	3	48	25	23	16	2	14	29	20	9	0	0	0	3	3	0	511	169	342
21	386	3034	407126	0	0	VILLAGE	Siariapalli	Rural	0	0	0	0	0	0	0	0	0	0	0	0	0	0	0	0	0	0	0	0	0	0	0	0	0	0	0	0	0	0	0	0	0	0	0	0	0	0	0	0	0	0	0	0	0	0	0	0	0	0	0	0	0	0	0	0	0	0	0	0	0	0	0	0	0	0	0	0	0	0	0	0	0	0	0	0	0	0	0	0	0	0	0	0	0
21	386	3034	407127	0	0	VILLAGE	Dabaradhua	Rural	208	844	426	418	95	54	41	142	72	70	0	0	0	635	341	294	209	85	124	244	226	18	144	136	8	54	54	0	28	28	0	0	0	0	62	54	8	100	90	10	10	9	1	53	51	2	3	0	3	34	30	4	94	87	7	9	8	1	52	50	2	0	0	0	33	29	4	6	3	3	1	1	0	1	1	0	3	0	3	1	1	0	600	200	400
21	386	3034	407128	0	0	VILLAGE	Dabaradhuapatna	Rural	133	526	263	263	58	30	28	171	85	86	0	0	0	418	222	196	108	41	67	170	150	20	170	150	20	55	55	0	0	0	0	7	0	7	108	95	13	0	0	0	0	0	0	0	0	0	0	0	0	0	0	0	0	0	0	0	0	0	0	0	0	0	0	0	0	0	0	0	0	0	0	0	0	0	0	0	0	0	0	0	0	0	356	113	243
21	386	3034	407129	0	0	VILLAGE	Rolasingh	Rural	113	455	227	228	58	28	30	53	24	29	0	0	0	333	183	150	122	44	78	191	130	61	41	24	17	14	5	9	3	3	0	1	1	0	23	15	8	150	106	44	35	11	24	110	92	18	2	1	1	3	2	1	57	41	16	20	6	14	35	33	2	1	1	0	1	1	0	93	65	28	15	5	10	75	59	16	1	0	1	2	1	1	264	97	167
21	386	3034	407130	0	0	VILLAGE	Nayapatna	Rural	106	442	231	211	51	28	23	19	10	9	0	0	0	351	193	158	91	38	53	157	142	15	122	116	6	8	8	0	30	29	1	0	0	0	84	79	5	35	26	9	0	0	0	14	14	0	0	0	0	21	12	9	29	25	4	0	0	0	13	13	0	0	0	0	16	12	4	6	1	5	0	0	0	1	1	0	0	0	0	5	0	5	285	89	196
21	386	3034	407131	0	0	VILLAGE	Belapadar	Rural	85	356	195	161	36	26	10	0	0	0	0	0	0	271	150	121	85	45	40	160	99	61	116	69	47	6	6	0	36	35	1	0	0	0	74	28	46	44	30	14	1	0	1	22	22	0	0	0	0	21	8	13	39	27	12	0	0	0	20	20	0	0	0	0	19	7	12	5	3	2	1	0	1	2	2	0	0	0	0	2	1	1	196	96	100
21	386	3034	407132	0	0	VILLAGE	Kaunripatna	Rural	292	1434	720	714	152	76	76	175	88	87	0	0	0	1152	616	536	282	104	178	482	428	54	432	395	37	45	41	4	41	36	5	18	17	1	328	301	27	50	33	17	4	3	1	12	11	1	3	2	1	31	17	14	48	32	16	4	3	1	12	11	1	2	2	0	30	16	14	2	1	1	0	0	0	0	0	0	1	0	1	1	1	0	952	292	660
21	386	3034	407133	0	0	VILLAGE	Pananagar	Rural	166	821	431	390	89	50	39	18	10	8	0	0	0	657	362	295	164	69	95	266	243	23	256	234	22	56	56	0	15	14	1	0	0	0	185	164	21	10	9	1	1	1	0	0	0	0	1	0	1	8	8	0	5	5	0	0	0	0	0	0	0	0	0	0	5	5	0	5	4	1	1	1	0	0	0	0	1	0	1	3	3	0	555	188	367
21	386	3034	407134	0	0	VILLAGE	Rajanagar	Rural	83	394	200	194	46	26	20	0	0	0	0	0	0	306	162	144	88	38	50	119	106	13	114	102	12	35	35	0	15	15	0	0	0	0	64	52	12	5	4	1	0	0	0	2	1	1	0	0	0	3	3	0	4	4	0	0	0	0	1	1	0	0	0	0	3	3	0	1	0	1	0	0	0	1	0	1	0	0	0	0	0	0	275	94	181
21	386	3035	0	0	0	SUB-DISTRICT	Begunia	Total	21711	97166	49727	47439	10668	5566	5102	8659	4387	4272	12830	6426	6404	73453	40104	33349	23713	9623	14090	34389	27942	6447	22806	20220	2586	5881	5711	170	6445	5603	842	1288	1062	226	9192	7844	1348	11583	7722	3861	895	760	135	6759	4744	2015	853	366	487	3076	1852	1224	9492	6487	3005	710	613	97	5771	4131	1640	562	278	284	2449	1465	984	2091	1235	856	185	147	38	988	613	375	291	88	203	627	387	240	62777	21785	40992
21	386	3035	0	0	0	SUB-DISTRICT	Begunia	Rural	21711	97166	49727	47439	10668	5566	5102	8659	4387	4272	12830	6426	6404	73453	40104	33349	23713	9623	14090	34389	27942	6447	22806	20220	2586	5881	5711	170	6445	5603	842	1288	1062	226	9192	7844	1348	11583	7722	3861	895	760	135	6759	4744	2015	853	366	487	3076	1852	1224	9492	6487	3005	710	613	97	5771	4131	1640	562	278	284	2449	1465	984	2091	1235	856	185	147	38	988	613	375	291	88	203	627	387	240	62777	21785	40992
21	386	3035	0	0	0	SUB-DISTRICT	Begunia	Urban	0	0	0	0	0	0	0	0	0	0	0	0	0	0	0	0	0	0	0	0	0	0	0	0	0	0	0	0	0	0	0	0	0	0	0	0	0	0	0	0	0	0	0	0	0	0	0	0	0	0	0	0	0	0	0	0	0	0	0	0	0	0	0	0	0	0	0	0	0	0	0	0	0	0	0	0	0	0	0	0	0	0	0	0	0
21	386	3035	407135	0	0	VILLAGE	Thanapalli	Rural	220	969	487	482	109	57	52	77	34	43	0	0	0	714	378	336	255	109	146	292	255	37	199	187	12	39	37	2	88	87	1	19	18	1	53	45	8	93	68	25	12	6	6	63	51	12	0	0	0	18	11	7	91	66	25	12	6	6	61	49	12	0	0	0	18	11	7	2	2	0	0	0	0	2	2	0	0	0	0	0	0	0	677	232	445
21	386	3035	407136	0	0	VILLAGE	Dhalapathar	Rural	251	1110	573	537	109	61	48	85	36	49	0	0	0	903	481	422	207	92	115	512	352	160	462	324	138	32	16	16	58	38	20	130	113	17	242	157	85	50	28	22	2	1	1	6	6	0	29	17	12	13	4	9	45	27	18	2	1	1	6	6	0	24	16	8	13	4	9	5	1	4	0	0	0	0	0	0	5	1	4	0	0	0	598	221	377
21	386	3035	407137	0	0	VILLAGE	Gopinathpur	Rural	233	1020	524	496	100	63	37	58	26	32	0	0	0	842	445	397	178	79	99	398	311	87	359	304	55	16	14	2	19	18	1	114	83	31	210	189	21	39	7	32	0	0	0	1	1	0	36	4	32	2	2	0	17	6	11	0	0	0	1	1	0	15	4	11	1	1	0	22	1	21	0	0	0	0	0	0	21	0	21	1	1	0	622	213	409
21	386	3035	407138	0	0	VILLAGE	Koduabereni	Rural	285	1265	635	630	114	59	55	16	7	9	364	184	180	941	526	415	324	109	215	513	402	111	124	114	10	30	29	1	22	22	0	20	20	0	52	43	9	389	288	101	59	56	3	134	130	4	49	35	14	147	67	80	133	105	28	10	9	1	57	56	1	18	16	2	48	24	24	256	183	73	49	47	2	77	74	3	31	19	12	99	43	56	752	233	519
21	386	3035	407139	0	0	VILLAGE	Salatara	Rural	211	926	492	434	102	57	45	15	8	7	357	179	178	562	342	220	364	150	214	403	291	112	376	271	105	95	94	1	212	113	99	8	8	0	61	56	5	27	20	7	2	2	0	10	6	4	0	0	0	15	12	3	21	15	6	2	2	0	8	4	4	0	0	0	11	9	2	6	5	1	0	0	0	2	2	0	0	0	0	4	3	1	523	201	322
21	386	3035	407140	0	0	VILLAGE	Makundapur	Rural	148	635	326	309	61	36	25	82	40	42	67	39	28	520	277	243	115	49	66	177	160	17	159	147	12	95	93	2	23	22	1	5	1	4	36	31	5	18	13	5	5	5	0	8	6	2	3	0	3	2	2	0	18	13	5	5	5	0	8	6	2	3	0	3	2	2	0	0	0	0	0	0	0	0	0	0	0	0	0	0	0	0	458	166	292
21	386	3035	407141	0	0	VILLAGE	Basudebpur	Rural	231	1114	595	519	142	80	62	5	2	3	353	181	172	787	446	341	327	149	178	422	350	72	276	260	16	95	92	3	107	102	5	2	2	0	72	64	8	146	90	56	40	40	0	79	31	48	5	2	3	22	17	5	119	76	43	34	34	0	64	24	40	2	2	0	19	16	3	27	14	13	6	6	0	15	7	8	3	0	3	3	1	2	692	245	447
21	386	3035	407142	0	0	VILLAGE	Tandal	Rural	55	240	125	115	20	13	7	0	0	0	0	0	0	199	107	92	41	18	23	147	73	74	66	59	7	35	34	1	3	1	2	9	9	0	19	15	4	81	14	67	2	0	2	65	13	52	2	0	2	12	1	11	75	12	63	2	0	2	62	12	50	2	0	2	9	0	9	6	2	4	0	0	0	3	1	2	0	0	0	3	1	2	93	52	41
21	386	3035	407143	0	0	VILLAGE	Jemabantadei	Rural	182	735	368	367	80	42	38	32	16	16	276	133	143	501	272	229	234	96	138	458	236	222	173	162	11	99	96	3	16	15	1	2	2	0	56	49	7	285	74	211	0	0	0	268	60	208	2	0	2	15	14	1	253	64	189	0	0	0	236	50	186	2	0	2	15	14	1	32	10	22	0	0	0	32	10	22	0	0	0	0	0	0	277	132	145
21	386	3035	407144	0	0	VILLAGE	Kantamalim	Rural	369	1752	921	831	188	99	89	38	22	16	135	76	59	1345	754	591	407	167	240	740	572	168	451	412	39	81	81	0	172	150	22	10	9	1	188	172	16	289	160	129	3	2	1	262	148	114	11	3	8	13	7	6	217	155	62	3	2	1	191	143	48	10	3	7	13	7	6	72	5	67	0	0	0	71	5	66	1	0	1	0	0	0	1012	349	663
21	386	3035	407145	0	0	VILLAGE	Ganpur	Rural	149	705	361	344	65	31	34	162	78	84	0	0	0	581	311	270	124	50	74	267	241	26	169	163	6	75	74	1	11	11	0	4	4	0	79	74	5	98	78	20	15	14	1	33	32	1	6	5	1	44	27	17	92	72	20	15	14	1	29	28	1	6	5	1	42	25	17	6	6	0	0	0	0	4	4	0	0	0	0	2	2	0	438	120	318
21	386	3035	407146	0	0	VILLAGE	Badaberena	Rural	463	2067	1034	1033	225	115	110	200	96	104	414	208	206	1485	790	695	582	244	338	845	590	255	428	385	43	186	178	8	77	74	3	10	7	3	155	126	29	417	205	212	75	64	11	312	129	183	8	2	6	22	10	12	307	161	146	66	56	10	217	95	122	8	2	6	16	8	8	110	44	66	9	8	1	95	34	61	0	0	0	6	2	4	1222	444	778
21	386	3035	407147	0	0	VILLAGE	Kantabad	Rural	238	893	451	442	111	58	53	14	9	5	348	168	180	594	338	256	299	113	186	339	248	91	160	116	44	2	2	0	75	40	35	1	1	0	82	73	9	179	132	47	24	23	1	89	61	28	8	2	6	58	46	12	153	119	34	21	21	0	79	55	24	4	2	2	49	41	8	26	13	13	3	2	1	10	6	4	4	0	4	9	5	4	554	203	351
21	386	3035	407148	0	0	VILLAGE	Kachara	Rural	98	438	220	218	55	23	32	0	0	0	101	50	51	326	179	147	112	41	71	145	129	16	128	122	6	32	32	0	31	28	3	0	0	0	65	62	3	17	7	10	0	0	0	14	5	9	0	0	0	3	2	1	17	7	10	0	0	0	14	5	9	0	0	0	3	2	1	0	0	0	0	0	0	0	0	0	0	0	0	0	0	0	293	91	202
21	386	3035	407149	0	0	VILLAGE	Gobindapur	Rural	262	1243	648	595	143	79	64	116	60	56	358	186	172	891	504	387	352	144	208	561	395	166	367	341	26	16	15	1	134	124	10	2	1	1	215	201	14	194	54	140	2	2	0	122	28	94	47	6	41	23	18	5	165	47	118	2	2	0	120	28	92	29	5	24	14	12	2	29	7	22	0	0	0	2	0	2	18	1	17	9	6	3	682	253	429
21	386	3035	407150	0	0	VILLAGE	Narasinghpur	Rural	19	88	41	47	8	3	5	0	0	0	88	41	47	42	29	13	46	12	34	48	21	27	48	21	27	0	0	0	47	20	27	0	0	0	1	1	0	0	0	0	0	0	0	0	0	0	0	0	0	0	0	0	0	0	0	0	0	0	0	0	0	0	0	0	0	0	0	0	0	0	0	0	0	0	0	0	0	0	0	0	0	0	40	20	20
21	386	3035	407151	0	0	VILLAGE	Koluhapatana	Rural	142	543	277	266	65	36	29	87	48	39	133	65	68	375	204	171	168	73	95	202	159	43	200	158	42	93	86	7	71	42	29	0	0	0	36	30	6	2	1	1	0	0	0	1	1	0	0	0	0	1	0	1	2	1	1	0	0	0	1	1	0	0	0	0	1	0	1	0	0	0	0	0	0	0	0	0	0	0	0	0	0	0	341	118	223
21	386	3035	407152	0	0	VILLAGE	Basudeipur	Rural	0	0	0	0	0	0	0	0	0	0	0	0	0	0	0	0	0	0	0	0	0	0	0	0	0	0	0	0	0	0	0	0	0	0	0	0	0	0	0	0	0	0	0	0	0	0	0	0	0	0	0	0	0	0	0	0	0	0	0	0	0	0	0	0	0	0	0	0	0	0	0	0	0	0	0	0	0	0	0	0	0	0	0	0	0
21	386	3035	407153	0	0	VILLAGE	Maheswarpur	Rural	0	0	0	0	0	0	0	0	0	0	0	0	0	0	0	0	0	0	0	0	0	0	0	0	0	0	0	0	0	0	0	0	0	0	0	0	0	0	0	0	0	0	0	0	0	0	0	0	0	0	0	0	0	0	0	0	0	0	0	0	0	0	0	0	0	0	0	0	0	0	0	0	0	0	0	0	0	0	0	0	0	0	0	0	0
21	386	3035	407154	0	0	VILLAGE	Darudhipa	Rural	0	0	0	0	0	0	0	0	0	0	0	0	0	0	0	0	0	0	0	0	0	0	0	0	0	0	0	0	0	0	0	0	0	0	0	0	0	0	0	0	0	0	0	0	0	0	0	0	0	0	0	0	0	0	0	0	0	0	0	0	0	0	0	0	0	0	0	0	0	0	0	0	0	0	0	0	0	0	0	0	0	0	0	0	0
21	386	3035	407155	0	0	VILLAGE	Somanathapur	Rural	22	89	51	38	7	4	3	11	5	6	0	0	0	79	46	33	10	5	5	27	25	2	23	22	1	2	2	0	7	7	0	0	0	0	14	13	1	4	3	1	0	0	0	3	2	1	0	0	0	1	1	0	2	1	1	0	0	0	1	0	1	0	0	0	1	1	0	2	2	0	0	0	0	2	2	0	0	0	0	0	0	0	62	26	36
21	386	3035	407156	0	0	VILLAGE	Samukapatna	Rural	182	767	390	377	92	53	39	41	18	23	231	125	106	599	309	290	168	81	87	294	228	66	111	96	15	21	20	1	2	2	0	10	7	3	78	67	11	183	132	51	10	10	0	143	105	38	11	5	6	19	12	7	180	131	49	10	10	0	143	105	38	11	5	6	16	11	5	3	1	2	0	0	0	0	0	0	0	0	0	3	1	2	473	162	311
21	386	3035	407157	0	0	VILLAGE	Gediapallipatna	Rural	71	291	154	137	36	21	15	34	17	17	1	0	1	223	122	101	68	32	36	99	95	4	73	70	3	0	0	0	1	1	0	1	1	0	71	68	3	26	25	1	13	13	0	7	7	0	1	1	0	5	4	1	25	25	0	13	13	0	7	7	0	1	1	0	4	4	0	1	0	1	0	0	0	0	0	0	0	0	0	1	0	1	192	59	133
21	386	3035	407158	0	0	VILLAGE	Raghunathpur	Rural	10	57	31	26	14	9	5	8	6	2	40	22	18	27	15	12	30	16	14	28	17	11	14	14	0	9	9	0	0	0	0	2	2	0	3	3	0	14	3	11	0	0	0	11	1	10	0	0	0	3	2	1	0	0	0	0	0	0	0	0	0	0	0	0	0	0	0	14	3	11	0	0	0	11	1	10	0	0	0	3	2	1	29	14	15
21	386	3035	407159	0	0	VILLAGE	Gediapalli	Rural	103	429	213	216	42	27	15	19	8	11	0	0	0	303	157	146	126	56	70	143	131	12	139	128	11	50	50	0	41	41	0	4	2	2	44	35	9	4	3	1	3	3	0	0	0	0	1	0	1	0	0	0	4	3	1	3	3	0	0	0	0	1	0	1	0	0	0	0	0	0	0	0	0	0	0	0	0	0	0	0	0	0	286	82	204
21	386	3035	407160	0	0	VILLAGE	Gudupangi	Rural	27	105	50	55	16	7	9	0	0	0	105	50	55	72	41	31	33	9	24	44	30	14	13	11	2	0	0	0	9	8	1	0	0	0	4	3	1	31	19	12	0	0	0	31	19	12	0	0	0	0	0	0	31	19	12	0	0	0	31	19	12	0	0	0	0	0	0	0	0	0	0	0	0	0	0	0	0	0	0	0	0	0	61	20	41
21	386	3035	407161	0	0	VILLAGE	Dasarathipur	Rural	0	0	0	0	0	0	0	0	0	0	0	0	0	0	0	0	0	0	0	0	0	0	0	0	0	0	0	0	0	0	0	0	0	0	0	0	0	0	0	0	0	0	0	0	0	0	0	0	0	0	0	0	0	0	0	0	0	0	0	0	0	0	0	0	0	0	0	0	0	0	0	0	0	0	0	0	0	0	0	0	0	0	0	0	0
21	386	3035	407162	0	0	VILLAGE	Brajasundarapur	Rural	98	485	256	229	54	26	28	61	34	27	165	88	77	380	214	166	105	42	63	161	126	35	84	80	4	11	11	0	51	50	1	2	2	0	20	17	3	77	46	31	3	2	1	67	40	27	1	0	1	6	4	2	22	19	3	2	2	0	18	15	3	0	0	0	2	2	0	55	27	28	1	0	1	49	25	24	1	0	1	4	2	2	324	130	194
21	386	3035	407163	0	0	VILLAGE	Nuagaon	Rural	33	142	75	67	9	4	5	14	5	9	0	0	0	120	69	51	22	6	16	51	49	2	50	48	2	3	3	0	32	32	0	0	0	0	15	13	2	1	1	0	0	0	0	0	0	0	0	0	0	1	1	0	1	1	0	0	0	0	0	0	0	0	0	0	1	1	0	0	0	0	0	0	0	0	0	0	0	0	0	0	0	0	91	26	65
21	386	3035	407164	0	0	VILLAGE	Shyamamahapatrapatana	Rural	73	334	172	162	37	21	16	57	24	33	0	0	0	283	146	137	51	26	25	102	93	9	68	65	3	5	5	0	52	52	0	1	0	1	10	8	2	34	28	6	2	2	0	20	20	0	7	4	3	5	2	3	25	21	4	2	2	0	17	17	0	2	1	1	4	1	3	9	7	2	0	0	0	3	3	0	5	3	2	1	1	0	232	79	153
21	386	3035	407165	0	0	VILLAGE	Dalabeherapatana	Rural	46	215	112	103	29	14	15	0	0	0	0	0	0	174	95	79	41	17	24	63	60	3	27	26	1	7	7	0	14	14	0	4	4	0	2	1	1	36	34	2	0	0	0	34	33	1	1	0	1	1	1	0	35	34	1	0	0	0	34	33	1	0	0	0	1	1	0	1	0	1	0	0	0	0	0	0	1	0	1	0	0	0	152	52	100
21	386	3035	407166	0	0	VILLAGE	Damodarpurpatana	Rural	22	105	55	50	22	12	10	0	0	0	0	0	0	79	43	36	26	12	14	32	31	1	32	31	1	11	11	0	15	15	0	3	3	0	3	2	1	0	0	0	0	0	0	0	0	0	0	0	0	0	0	0	0	0	0	0	0	0	0	0	0	0	0	0	0	0	0	0	0	0	0	0	0	0	0	0	0	0	0	0	0	0	73	24	49
21	386	3035	407167	0	0	VILLAGE	Goudapatana	Rural	38	144	74	70	20	8	12	0	0	0	0	0	0	118	65	53	26	9	17	40	39	1	11	10	1	6	6	0	0	0	0	0	0	0	5	4	1	29	29	0	0	0	0	28	28	0	0	0	0	1	1	0	28	28	0	0	0	0	28	28	0	0	0	0	0	0	0	1	1	0	0	0	0	0	0	0	0	0	0	1	1	0	104	35	69
21	386	3035	407168	0	0	VILLAGE	Gopalpur	Rural	71	277	140	137	36	18	18	12	4	8	202	103	99	217	111	106	60	29	31	89	81	8	88	80	8	6	6	0	65	60	5	0	0	0	17	14	3	1	1	0	0	0	0	1	1	0	0	0	0	0	0	0	1	1	0	0	0	0	1	1	0	0	0	0	0	0	0	0	0	0	0	0	0	0	0	0	0	0	0	0	0	0	188	59	129
21	386	3035	407169	0	0	VILLAGE	Sahaspur	Rural	22	108	56	52	17	10	7	0	0	0	108	56	52	50	38	12	58	18	40	65	32	33	65	32	33	4	4	0	60	27	33	0	0	0	1	1	0	0	0	0	0	0	0	0	0	0	0	0	0	0	0	0	0	0	0	0	0	0	0	0	0	0	0	0	0	0	0	0	0	0	0	0	0	0	0	0	0	0	0	0	0	0	43	24	19
21	386	3035	407170	0	0	VILLAGE	Santarapur	Rural	73	352	171	181	47	19	28	0	0	0	352	171	181	205	128	77	147	43	104	114	104	10	113	104	9	0	0	0	108	100	8	0	0	0	5	4	1	1	0	1	0	0	0	0	0	0	0	0	0	1	0	1	1	0	1	0	0	0	0	0	0	0	0	0	1	0	1	0	0	0	0	0	0	0	0	0	0	0	0	0	0	0	238	67	171
21	386	3035	407171	0	0	VILLAGE	Beleswar	Rural	10	61	30	31	7	3	4	0	0	0	61	30	31	31	21	10	30	9	21	19	14	5	12	12	0	6	6	0	5	5	0	0	0	0	1	1	0	7	2	5	1	0	1	6	2	4	0	0	0	0	0	0	1	0	1	0	0	0	1	0	1	0	0	0	0	0	0	6	2	4	1	0	1	5	2	3	0	0	0	0	0	0	42	16	26
21	386	3035	407172	0	0	VILLAGE	manibandha	Rural	292	1396	697	699	189	88	101	344	173	171	477	240	237	992	552	440	404	145	259	584	413	171	204	190	14	35	35	0	22	22	0	3	3	0	144	130	14	380	223	157	53	50	3	306	159	147	8	4	4	13	10	3	372	219	153	52	49	3	300	157	143	8	4	4	12	9	3	8	4	4	1	1	0	6	2	4	0	0	0	1	1	0	812	284	528
21	386	3035	407173	0	0	VILLAGE	mangarajpur	Rural	78	359	195	164	42	21	21	0	0	0	119	64	55	267	159	108	92	36	56	106	89	17	0	0	0	0	0	0	0	0	0	0	0	0	0	0	0	106	89	17	1	0	1	14	2	12	0	0	0	91	87	4	30	26	4	1	0	1	3	0	3	0	0	0	26	26	0	76	63	13	0	0	0	11	2	9	0	0	0	65	61	4	253	106	147
21	386	3035	407174	0	0	VILLAGE	Teliranganipatana	Rural	66	379	204	175	25	13	12	21	13	8	0	0	0	344	190	154	35	14	21	124	121	3	111	108	3	30	30	0	10	10	0	5	5	0	66	63	3	13	13	0	1	1	0	4	4	0	0	0	0	8	8	0	10	10	0	1	1	0	2	2	0	0	0	0	7	7	0	3	3	0	0	0	0	2	2	0	0	0	0	1	1	0	255	83	172
21	386	3035	407175	0	0	VILLAGE	Badapadar	Rural	86	522	270	252	75	41	34	52	23	29	0	0	0	409	224	185	113	46	67	195	140	55	10	8	2	1	1	0	1	0	1	1	1	0	7	6	1	185	132	53	5	4	1	63	25	38	1	0	1	116	103	13	93	55	38	4	3	1	45	14	31	1	0	1	43	38	5	92	77	15	1	1	0	18	11	7	0	0	0	73	65	8	327	130	197
21	386	3035	407176	0	0	VILLAGE	Chhamundiapalli	Rural	85	432	217	215	52	26	26	0	0	0	0	0	0	351	182	169	81	35	46	129	121	8	104	99	5	70	69	1	5	5	0	4	4	0	25	21	4	25	22	3	7	7	0	7	6	1	6	6	0	5	3	2	15	13	2	2	2	0	6	6	0	3	3	0	4	2	2	10	9	1	5	5	0	1	0	1	3	3	0	1	1	0	303	96	207
21	386	3035	407177	0	0	VILLAGE	Ekadalia	Rural	154	691	348	343	88	51	37	0	0	0	23	11	12	452	254	198	239	94	145	264	188	76	208	158	50	34	34	0	153	107	46	0	0	0	21	17	4	56	30	26	7	6	1	45	21	24	0	0	0	4	3	1	39	16	23	4	3	1	33	12	21	0	0	0	2	1	1	17	14	3	3	3	0	12	9	3	0	0	0	2	2	0	427	160	267
21	386	3035	407178	0	0	VILLAGE	Siula	Rural	206	798	398	400	84	37	47	79	39	40	4	3	1	611	328	283	187	70	117	278	239	39	79	75	4	37	37	0	3	3	0	0	0	0	39	35	4	199	164	35	6	6	0	190	157	33	1	0	1	2	1	1	198	163	35	6	6	0	189	156	33	1	0	1	2	1	1	1	1	0	0	0	0	1	1	0	0	0	0	0	0	0	520	159	361
21	386	3035	407179	0	0	VILLAGE	Girigiria	Rural	73	281	139	142	43	22	21	15	7	8	18	8	10	202	102	100	79	37	42	155	99	56	68	62	6	0	0	0	2	1	1	9	9	0	57	52	5	87	37	50	1	0	1	28	25	3	0	0	0	58	12	46	65	35	30	0	0	0	26	24	2	0	0	0	39	11	28	22	2	20	1	0	1	2	1	1	0	0	0	19	1	18	126	40	86
21	386	3035	407180	0	0	VILLAGE	Sanabad	Rural	135	606	316	290	58	33	25	147	78	69	0	0	0	484	263	221	122	53	69	220	206	14	204	194	10	97	94	3	5	5	0	9	9	0	93	86	7	16	12	4	11	7	4	3	3	0	0	0	0	2	2	0	9	9	0	4	4	0	3	3	0	0	0	0	2	2	0	7	3	4	7	3	4	0	0	0	0	0	0	0	0	0	386	110	276
21	386	3035	407181	0	0	VILLAGE	Champailo	Rural	219	835	420	415	87	47	40	0	0	0	0	0	0	674	354	320	161	66	95	229	222	7	91	85	6	27	26	1	4	4	0	2	2	0	58	53	5	138	137	1	25	25	0	107	106	1	2	2	0	4	4	0	83	82	1	12	12	0	65	64	1	2	2	0	4	4	0	55	55	0	13	13	0	42	42	0	0	0	0	0	0	0	606	198	408
21	386	3035	407182	0	0	VILLAGE	Pichukuli	Rural	368	1662	831	831	201	97	104	69	31	38	221	99	122	1302	689	613	360	142	218	588	473	115	302	271	31	38	36	2	93	82	11	18	18	0	153	135	18	286	202	84	20	18	2	90	65	25	4	2	2	172	117	55	268	185	83	19	17	2	86	61	25	4	2	2	159	105	54	18	17	1	1	1	0	4	4	0	0	0	0	13	12	1	1074	358	716
21	386	3035	407183	0	0	VILLAGE	Tikatal	Rural	244	1041	564	477	103	56	47	154	83	71	0	0	0	783	445	338	258	119	139	293	272	21	178	170	8	83	83	0	16	16	0	10	10	0	69	61	8	115	102	13	6	6	0	81	74	7	5	5	0	23	17	6	40	37	3	4	4	0	17	17	0	5	5	0	14	11	3	75	65	10	2	2	0	64	57	7	0	0	0	9	6	3	748	292	456
21	386	3035	407184	0	0	VILLAGE	Chakapada	Rural	188	732	373	359	82	48	34	301	151	150	0	0	0	583	310	273	149	63	86	245	194	51	95	83	12	2	2	0	1	1	0	1	1	0	91	79	12	150	111	39	16	16	0	105	78	27	0	0	0	29	17	12	136	103	33	12	12	0	98	75	23	0	0	0	26	16	10	14	8	6	4	4	0	7	3	4	0	0	0	3	1	2	487	179	308
21	386	3035	407185	0	0	VILLAGE	Gadatara	Rural	12	54	29	25	5	5	0	4	3	1	9	6	3	37	21	16	17	8	9	15	14	1	8	8	0	0	0	0	1	1	0	0	0	0	7	7	0	7	6	1	1	1	0	4	3	1	0	0	0	2	2	0	6	5	1	0	0	0	4	3	1	0	0	0	2	2	0	1	1	0	1	1	0	0	0	0	0	0	0	0	0	0	39	15	24
21	386	3035	407186	0	0	VILLAGE	Panchupalli	Rural	0	0	0	0	0	0	0	0	0	0	0	0	0	0	0	0	0	0	0	0	0	0	0	0	0	0	0	0	0	0	0	0	0	0	0	0	0	0	0	0	0	0	0	0	0	0	0	0	0	0	0	0	0	0	0	0	0	0	0	0	0	0	0	0	0	0	0	0	0	0	0	0	0	0	0	0	0	0	0	0	0	0	0	0	0
21	386	3035	407187	0	0	VILLAGE	Bankapalli	Rural	196	733	385	348	93	58	35	26	13	13	0	0	0	556	310	246	177	75	102	266	220	46	256	216	40	108	104	4	120	87	33	0	0	0	28	25	3	10	4	6	1	0	1	7	4	3	0	0	0	2	0	2	8	4	4	1	0	1	5	4	1	0	0	0	2	0	2	2	0	2	0	0	0	2	0	2	0	0	0	0	0	0	467	165	302
21	386	3035	407188	0	0	VILLAGE	Badanayapalli	Rural	142	651	330	321	55	30	25	34	17	17	107	45	62	539	293	246	112	37	75	212	178	34	43	40	3	10	9	1	15	14	1	1	1	0	17	16	1	169	138	31	16	16	0	145	116	29	2	2	0	6	4	2	139	121	18	16	16	0	119	101	18	2	2	0	2	2	0	30	17	13	0	0	0	26	15	11	0	0	0	4	2	2	439	152	287
21	386	3035	407189	0	0	VILLAGE	Suanla	Rural	38	180	86	94	21	11	10	3	2	1	0	0	0	134	69	65	46	17	29	61	52	9	56	48	8	17	17	0	7	7	0	4	3	1	28	21	7	5	4	1	0	0	0	0	0	0	0	0	0	5	4	1	5	4	1	0	0	0	0	0	0	0	0	0	5	4	1	0	0	0	0	0	0	0	0	0	0	0	0	0	0	0	119	34	85
21	386	3035	407190	0	0	VILLAGE	Hariprasad	Rural	40	189	96	93	15	8	7	0	0	0	0	0	0	173	88	85	16	8	8	59	57	2	58	57	1	48	48	0	0	0	0	1	1	0	9	8	1	1	0	1	1	0	1	0	0	0	0	0	0	0	0	0	1	0	1	1	0	1	0	0	0	0	0	0	0	0	0	0	0	0	0	0	0	0	0	0	0	0	0	0	0	0	130	39	91
21	386	3035	407191	0	0	VILLAGE	Radhakantapur	Rural	235	997	501	496	106	62	44	240	125	115	178	83	95	708	397	311	289	104	185	384	283	101	204	174	30	24	23	1	87	80	7	9	4	5	84	67	17	180	109	71	6	4	2	155	97	58	8	0	8	11	8	3	161	103	58	5	3	2	145	94	51	2	0	2	9	6	3	19	6	13	1	1	0	10	3	7	6	0	6	2	2	0	613	218	395
21	386	3035	407192	0	0	VILLAGE	Kalikaprasad	Rural	87	335	156	179	39	19	20	0	0	0	0	0	0	274	132	142	61	24	37	89	82	7	54	47	7	6	4	2	1	1	0	0	0	0	47	42	5	35	35	0	9	9	0	22	22	0	0	0	0	4	4	0	32	32	0	8	8	0	21	21	0	0	0	0	3	3	0	3	3	0	1	1	0	1	1	0	0	0	0	1	1	0	246	74	172
21	386	3035	407193	0	0	VILLAGE	Mohanpur	Rural	17	64	31	33	8	5	3	0	0	0	0	0	0	47	24	23	17	7	10	18	17	1	15	14	1	2	2	0	11	10	1	1	1	0	1	1	0	3	3	0	0	0	0	1	1	0	2	2	0	0	0	0	3	3	0	0	0	0	1	1	0	2	2	0	0	0	0	0	0	0	0	0	0	0	0	0	0	0	0	0	0	0	46	14	32
21	386	3035	407194	0	0	VILLAGE	Durgapur	Rural	0	0	0	0	0	0	0	0	0	0	0	0	0	0	0	0	0	0	0	0	0	0	0	0	0	0	0	0	0	0	0	0	0	0	0	0	0	0	0	0	0	0	0	0	0	0	0	0	0	0	0	0	0	0	0	0	0	0	0	0	0	0	0	0	0	0	0	0	0	0	0	0	0	0	0	0	0	0	0	0	0	0	0	0	0
21	386	3035	407195	0	0	VILLAGE	Parbatipur	Rural	0	0	0	0	0	0	0	0	0	0	0	0	0	0	0	0	0	0	0	0	0	0	0	0	0	0	0	0	0	0	0	0	0	0	0	0	0	0	0	0	0	0	0	0	0	0	0	0	0	0	0	0	0	0	0	0	0	0	0	0	0	0	0	0	0	0	0	0	0	0	0	0	0	0	0	0	0	0	0	0	0	0	0	0	0
21	386	3035	407196	0	0	VILLAGE	Chandiprasad	Rural	95	358	179	179	35	17	18	13	8	5	231	112	119	233	132	101	125	47	78	124	97	27	104	97	7	14	13	1	74	72	2	0	0	0	16	12	4	20	0	20	0	0	0	20	0	20	0	0	0	0	0	0	0	0	0	0	0	0	0	0	0	0	0	0	0	0	0	20	0	20	0	0	0	20	0	20	0	0	0	0	0	0	234	82	152
21	386	3035	407197	0	0	VILLAGE	Dhanagharnuagan	Rural	194	891	454	437	104	55	49	89	48	41	0	0	0	707	376	331	184	78	106	288	275	13	267	259	8	202	197	5	20	20	0	1	1	0	44	41	3	21	16	5	1	1	0	11	10	1	4	0	4	5	5	0	9	7	2	1	1	0	5	4	1	1	0	1	2	2	0	12	9	3	0	0	0	6	6	0	3	0	3	3	3	0	603	179	424
21	386	3035	407198	0	0	VILLAGE	Laxmiprasad	Rural	27	153	84	69	21	10	11	7	4	3	0	0	0	123	72	51	30	12	18	45	45	0	45	45	0	25	25	0	15	15	0	0	0	0	5	5	0	0	0	0	0	0	0	0	0	0	0	0	0	0	0	0	0	0	0	0	0	0	0	0	0	0	0	0	0	0	0	0	0	0	0	0	0	0	0	0	0	0	0	0	0	0	108	39	69
21	386	3035	407199	0	0	VILLAGE	Khamardhip	Rural	0	0	0	0	0	0	0	0	0	0	0	0	0	0	0	0	0	0	0	0	0	0	0	0	0	0	0	0	0	0	0	0	0	0	0	0	0	0	0	0	0	0	0	0	0	0	0	0	0	0	0	0	0	0	0	0	0	0	0	0	0	0	0	0	0	0	0	0	0	0	0	0	0	0	0	0	0	0	0	0	0	0	0	0	0
21	386	3035	407200	0	0	VILLAGE	Kusupalla	Rural	474	2383	1208	1175	282	142	140	215	112	103	535	281	254	1677	904	773	706	304	402	853	670	183	606	492	114	112	110	2	315	233	82	6	3	3	173	146	27	247	178	69	7	4	3	155	99	56	3	3	0	82	72	10	236	169	67	7	4	3	150	95	55	3	3	0	76	67	9	11	9	2	0	0	0	5	4	1	0	0	0	6	5	1	1530	538	992
21	386	3035	407201	0	0	VILLAGE	Balabhadrapur	Rural	102	497	253	244	55	30	25	0	0	0	0	0	0	400	210	190	97	43	54	171	151	20	150	132	18	34	34	0	1	1	0	9	4	5	106	93	13	21	19	2	2	1	1	9	9	0	1	1	0	9	8	1	20	18	2	2	1	1	9	9	0	1	1	0	8	7	1	1	1	0	0	0	0	0	0	0	0	0	0	1	1	0	326	102	224
21	386	3035	407202	0	0	VILLAGE	Odagan	Rural	82	380	191	189	33	13	20	35	15	20	0	0	0	312	164	148	68	27	41	112	101	11	112	101	11	25	25	0	11	11	0	0	0	0	76	65	11	0	0	0	0	0	0	0	0	0	0	0	0	0	0	0	0	0	0	0	0	0	0	0	0	0	0	0	0	0	0	0	0	0	0	0	0	0	0	0	0	0	0	0	0	0	268	90	178
21	386	3035	407203	0	0	VILLAGE	Jagiribad	Rural	257	1110	592	518	132	73	59	80	42	38	8	4	4	890	487	403	220	105	115	368	325	43	345	307	38	43	41	2	37	32	5	5	4	1	260	230	30	23	18	5	1	1	0	0	0	0	1	1	0	21	16	5	20	16	4	1	1	0	0	0	0	0	0	0	19	15	4	3	2	1	0	0	0	0	0	0	1	1	0	2	1	1	742	267	475
21	386	3035	407204	0	0	VILLAGE	Begunia	Rural	624	2948	1508	1440	309	153	156	268	130	138	88	40	48	2417	1289	1128	531	219	312	912	759	153	696	603	93	75	72	3	37	33	4	23	23	0	561	475	86	216	156	60	22	17	5	93	82	11	10	4	6	91	53	38	208	155	53	22	17	5	91	82	9	10	4	6	85	52	33	8	1	7	0	0	0	2	0	2	0	0	0	6	1	5	2036	749	1287
21	386	3035	407205	0	0	VILLAGE	Jaganathpur	Rural	83	425	216	209	56	25	31	0	0	0	0	0	0	345	188	157	80	28	52	157	124	33	121	114	7	31	30	1	2	2	0	1	1	0	87	81	6	36	10	26	0	0	0	2	2	0	0	0	0	34	8	26	36	10	26	0	0	0	2	2	0	0	0	0	34	8	26	0	0	0	0	0	0	0	0	0	0	0	0	0	0	0	268	92	176
21	386	3035	407206	0	0	VILLAGE	Balarampur	Rural	149	657	334	323	70	39	31	62	34	28	0	0	0	527	276	251	130	58	72	317	205	112	190	175	15	26	25	1	29	28	1	7	6	1	128	116	12	127	30	97	4	1	3	2	0	2	3	0	3	118	29	89	124	30	94	4	1	3	2	0	2	3	0	3	115	29	86	3	0	3	0	0	0	0	0	0	0	0	0	3	0	3	340	129	211
21	386	3035	407207	0	0	VILLAGE	Chandiapala	Rural	232	1063	572	491	107	63	44	17	10	7	0	0	0	785	453	332	278	119	159	389	330	59	336	292	44	124	112	12	112	92	20	2	1	1	98	87	11	53	38	15	5	3	2	40	28	12	0	0	0	8	7	1	51	36	15	4	2	2	39	27	12	0	0	0	8	7	1	2	2	0	1	1	0	1	1	0	0	0	0	0	0	0	674	242	432
21	386	3035	407208	0	0	VILLAGE	Bhuasunipatana	Rural	196	831	429	402	82	43	39	744	389	355	1	0	1	691	371	320	140	58	82	306	241	65	200	181	19	66	64	2	18	16	2	0	0	0	116	101	15	106	60	46	4	4	0	48	47	1	0	0	0	54	9	45	103	57	46	4	4	0	48	47	1	0	0	0	51	6	45	3	3	0	0	0	0	0	0	0	0	0	0	3	3	0	525	188	337
21	386	3035	407209	0	0	VILLAGE	Lehanga	Rural	153	638	334	304	63	34	29	0	0	0	0	0	0	517	275	242	121	59	62	199	178	21	131	126	5	44	44	0	13	12	1	27	24	3	47	46	1	68	52	16	1	1	0	30	29	1	18	8	10	19	14	5	64	50	14	1	1	0	30	29	1	17	8	9	16	12	4	4	2	2	0	0	0	0	0	0	1	0	1	3	2	1	439	156	283
21	386	3035	407210	0	0	VILLAGE	Parsurampur	Rural	231	982	509	473	117	63	54	100	49	51	0	0	0	762	417	345	220	92	128	289	255	34	194	183	11	41	37	4	11	11	0	9	9	0	133	126	7	95	72	23	1	1	0	8	8	0	9	4	5	77	59	18	60	46	14	0	0	0	5	5	0	4	3	1	51	38	13	35	26	9	1	1	0	3	3	0	5	1	4	26	21	5	693	254	439
21	386	3035	407211	0	0	VILLAGE	Bhuinpur	Rural	89	468	240	228	64	37	27	4	3	1	278	136	142	259	140	119	209	100	109	195	131	64	158	116	42	16	16	0	45	37	8	0	0	0	97	63	34	37	15	22	2	2	0	13	9	4	0	0	0	22	4	18	22	12	10	2	2	0	7	6	1	0	0	0	13	4	9	15	3	12	0	0	0	6	3	3	0	0	0	9	0	9	273	109	164
21	386	3035	407212	0	0	VILLAGE	Golapatna	Rural	134	589	307	282	63	41	22	118	60	58	0	0	0	451	247	204	138	60	78	185	171	14	56	50	6	8	8	0	8	8	0	2	2	0	38	32	6	129	121	8	14	13	1	98	95	3	5	3	2	12	10	2	129	121	8	14	13	1	98	95	3	5	3	2	12	10	2	0	0	0	0	0	0	0	0	0	0	0	0	0	0	0	404	136	268
21	386	3035	407213	0	0	VILLAGE	Dingar	Rural	389	1868	964	904	204	113	91	138	70	68	373	193	180	1386	759	627	482	205	277	663	545	118	394	297	97	104	99	5	123	75	48	6	5	1	161	118	43	269	248	21	14	14	0	212	201	11	4	1	3	39	32	7	236	219	17	14	14	0	185	176	9	2	1	1	35	28	7	33	29	4	0	0	0	27	25	2	2	0	2	4	4	0	1205	419	786
21	386	3035	407214	0	0	VILLAGE	Abhimanpur	Rural	48	229	122	107	31	20	11	0	0	0	224	119	105	110	73	37	119	49	70	109	69	40	100	63	37	3	3	0	44	42	2	0	0	0	53	18	35	9	6	3	0	0	0	4	2	2	0	0	0	5	4	1	8	5	3	0	0	0	4	2	2	0	0	0	4	3	1	1	1	0	0	0	0	0	0	0	0	0	0	1	1	0	120	53	67
21	386	3035	407215	0	0	VILLAGE	Chatua	Rural	114	538	277	261	50	24	26	32	17	15	68	31	37	401	228	173	137	49	88	188	162	26	164	145	19	25	25	0	21	19	2	7	6	1	111	95	16	24	17	7	0	0	0	3	3	0	2	2	0	19	12	7	22	15	7	0	0	0	3	3	0	1	1	0	18	11	7	2	2	0	0	0	0	0	0	0	1	1	0	1	1	0	350	115	235
21	386	3035	407216	0	0	VILLAGE	Debiprasad	Rural	153	699	364	335	89	49	40	11	6	5	346	174	172	474	270	204	225	94	131	183	181	2	158	156	2	30	29	1	90	90	0	1	1	0	37	36	1	25	25	0	1	1	0	23	23	0	0	0	0	1	1	0	3	3	0	0	0	0	2	2	0	0	0	0	1	1	0	22	22	0	1	1	0	21	21	0	0	0	0	0	0	0	516	183	333
21	386	3035	407217	0	0	VILLAGE	Trilochanapur	Rural	0	0	0	0	0	0	0	0	0	0	0	0	0	0	0	0	0	0	0	0	0	0	0	0	0	0	0	0	0	0	0	0	0	0	0	0	0	0	0	0	0	0	0	0	0	0	0	0	0	0	0	0	0	0	0	0	0	0	0	0	0	0	0	0	0	0	0	0	0	0	0	0	0	0	0	0	0	0	0	0	0	0	0	0	0
21	386	3035	407218	0	0	VILLAGE	Bagalpur	Rural	110	351	186	165	38	27	11	0	0	0	168	87	81	287	154	133	64	32	32	105	97	8	40	38	2	23	22	1	0	0	0	2	2	0	15	14	1	65	59	6	1	1	0	63	57	6	0	0	0	1	1	0	65	59	6	1	1	0	63	57	6	0	0	0	1	1	0	0	0	0	0	0	0	0	0	0	0	0	0	0	0	0	246	89	157
21	386	3035	407219	0	0	VILLAGE	Khanati	Rural	174	716	365	351	82	41	41	0	0	0	17	6	11	530	296	234	186	69	117	240	199	41	179	169	10	34	34	0	89	84	5	5	5	0	51	46	5	61	30	31	2	2	0	51	21	30	2	2	0	6	5	1	41	19	22	2	2	0	32	11	21	2	2	0	5	4	1	20	11	9	0	0	0	19	10	9	0	0	0	1	1	0	476	166	310
21	386	3035	407220	0	0	VILLAGE	Radhakrishnapur	Rural	10	58	26	32	6	1	5	0	0	0	0	0	0	50	25	25	8	1	7	14	13	1	8	7	1	2	2	0	1	1	0	0	0	0	5	4	1	6	6	0	0	0	0	1	1	0	0	0	0	5	5	0	6	6	0	0	0	0	1	1	0	0	0	0	5	5	0	0	0	0	0	0	0	0	0	0	0	0	0	0	0	0	44	13	31
21	386	3035	407221	0	0	VILLAGE	Gabadiha	Rural	69	314	160	154	33	13	20	1	1	0	0	0	0	256	144	112	58	16	42	89	87	2	55	53	2	36	36	0	0	0	0	0	0	0	19	17	2	34	34	0	0	0	0	34	34	0	0	0	0	0	0	0	34	34	0	0	0	0	34	34	0	0	0	0	0	0	0	0	0	0	0	0	0	0	0	0	0	0	0	0	0	0	225	73	152
21	386	3035	407222	0	0	VILLAGE	Fadakadab	Rural	0	0	0	0	0	0	0	0	0	0	0	0	0	0	0	0	0	0	0	0	0	0	0	0	0	0	0	0	0	0	0	0	0	0	0	0	0	0	0	0	0	0	0	0	0	0	0	0	0	0	0	0	0	0	0	0	0	0	0	0	0	0	0	0	0	0	0	0	0	0	0	0	0	0	0	0	0	0	0	0	0	0	0	0	0
21	386	3035	407223	0	0	VILLAGE	Talakadab	Rural	341	1345	684	661	132	63	69	281	134	147	0	0	0	1100	594	506	245	90	155	379	342	37	119	109	10	16	16	0	15	15	0	13	13	0	75	65	10	260	233	27	6	5	1	199	192	7	37	20	17	18	16	2	210	200	10	6	5	1	175	168	7	13	12	1	16	15	1	50	33	17	0	0	0	24	24	0	24	8	16	2	1	1	966	342	624
21	386	3035	407224	0	0	VILLAGE	Gadakadab	Rural	206	854	399	455	102	54	48	63	28	35	260	123	137	567	277	290	287	122	165	278	204	74	160	146	14	19	19	0	44	41	3	15	15	0	82	71	11	118	58	60	21	19	2	86	32	54	1	0	1	10	7	3	65	40	25	15	15	0	42	19	23	0	0	0	8	6	2	53	18	35	6	4	2	44	13	31	1	0	1	2	1	1	576	195	381
21	386	3035	407225	0	0	VILLAGE	Sanakadab	Rural	93	351	168	183	40	18	22	33	16	17	0	0	0	257	125	132	94	43	51	73	70	3	58	56	2	10	10	0	7	7	0	0	0	0	41	39	2	15	14	1	5	5	0	3	3	0	0	0	0	7	6	1	15	14	1	5	5	0	3	3	0	0	0	0	7	6	1	0	0	0	0	0	0	0	0	0	0	0	0	0	0	0	278	98	180
21	386	3035	407226	0	0	VILLAGE	Haripur	Rural	92	400	207	193	30	16	14	0	0	0	0	0	0	321	176	145	79	31	48	121	99	22	83	75	8	11	11	0	39	37	2	8	6	2	25	21	4	38	24	14	0	0	0	21	20	1	4	0	4	13	4	9	37	24	13	0	0	0	21	20	1	4	0	4	12	4	8	1	0	1	0	0	0	0	0	0	0	0	0	1	0	1	279	108	171
21	386	3035	407227	0	0	VILLAGE	Nayapally	Rural	34	187	92	95	18	8	10	0	0	0	0	0	0	134	71	63	53	21	32	57	54	3	49	49	0	4	4	0	32	32	0	6	6	0	7	7	0	8	5	3	0	0	0	4	4	0	1	0	1	3	1	2	6	3	3	0	0	0	2	2	0	1	0	1	3	1	2	2	2	0	0	0	0	2	2	0	0	0	0	0	0	0	130	38	92
21	386	3035	407228	0	0	VILLAGE	Tulasiberena	Rural	27	142	80	62	12	8	4	0	0	0	0	0	0	116	69	47	26	11	15	54	49	5	54	49	5	21	21	0	4	4	0	1	0	1	28	24	4	0	0	0	0	0	0	0	0	0	0	0	0	0	0	0	0	0	0	0	0	0	0	0	0	0	0	0	0	0	0	0	0	0	0	0	0	0	0	0	0	0	0	0	0	0	88	31	57
21	386	3035	407229	0	0	VILLAGE	Sanapadar	Rural	420	1824	933	891	174	86	88	29	15	14	147	71	76	1440	778	662	384	155	229	747	527	220	549	449	100	107	100	7	236	183	53	57	38	19	149	128	21	198	78	120	15	7	8	125	43	82	18	3	15	40	25	15	159	52	107	14	6	8	107	28	79	12	3	9	26	15	11	39	26	13	1	1	0	18	15	3	6	0	6	14	10	4	1077	406	671
21	386	3035	407230	0	0	VILLAGE	Krushnasaranpur	Rural	359	1698	853	845	184	86	98	151	74	77	0	0	0	1390	739	651	308	114	194	636	479	157	446	377	69	45	45	0	60	59	1	51	31	20	290	242	48	190	102	88	8	8	0	38	28	10	52	20	32	92	46	46	166	94	72	8	8	0	36	27	9	45	19	26	77	40	37	24	8	16	0	0	0	2	1	1	7	1	6	15	6	9	1062	374	688
21	386	3035	407231	0	0	VILLAGE	Rasol	Rural	274	1135	594	541	133	70	63	156	79	77	161	79	82	814	475	339	321	119	202	468	367	101	388	330	58	91	87	4	98	97	1	41	31	10	158	115	43	80	37	43	11	9	2	7	7	0	27	9	18	35	12	23	75	37	38	11	9	2	7	7	0	24	9	15	33	12	21	5	0	5	0	0	0	0	0	0	3	0	3	2	0	2	667	227	440
21	386	3035	407232	0	0	VILLAGE	Bayapalli	Rural	198	889	437	452	132	60	72	192	103	89	0	0	0	559	310	249	330	127	203	319	259	60	208	170	38	49	49	0	60	56	4	5	5	0	94	60	34	111	89	22	2	2	0	38	35	3	4	4	0	67	48	19	105	86	19	2	2	0	38	35	3	4	4	0	61	45	16	6	3	3	0	0	0	0	0	0	0	0	0	6	3	3	570	178	392
21	386	3035	407233	0	0	VILLAGE	Biswanathpur	Rural	116	499	239	260	62	35	27	0	0	0	0	0	0	380	188	192	119	51	68	137	133	4	16	15	1	5	5	0	0	0	0	0	0	0	11	10	1	121	118	3	4	4	0	102	102	0	0	0	0	15	12	3	116	114	2	4	4	0	98	98	0	0	0	0	14	12	2	5	4	1	0	0	0	4	4	0	0	0	0	1	0	1	362	106	256
21	386	3035	407234	0	0	VILLAGE	Jamusahi	Rural	77	411	213	198	37	15	22	0	0	0	0	0	0	350	190	160	61	23	38	130	129	1	124	123	1	21	20	1	2	2	0	5	5	0	96	96	0	6	6	0	1	1	0	2	2	0	0	0	0	3	3	0	6	6	0	1	1	0	2	2	0	0	0	0	3	3	0	0	0	0	0	0	0	0	0	0	0	0	0	0	0	0	281	84	197
21	386	3035	407235	0	0	VILLAGE	Deuli	Rural	172	789	399	390	83	41	42	32	14	18	64	30	34	587	317	270	202	82	120	270	243	27	257	230	27	29	29	0	70	57	13	6	6	0	152	138	14	13	13	0	0	0	0	1	1	0	1	1	0	11	11	0	9	9	0	0	0	0	0	0	0	1	1	0	8	8	0	4	4	0	0	0	0	1	1	0	0	0	0	3	3	0	519	156	363
21	386	3035	407236	0	0	VILLAGE	Dakhinparikheta	Rural	144	604	304	300	82	40	42	84	41	43	100	47	53	471	247	224	133	57	76	310	191	119	166	157	9	23	23	0	57	52	5	36	35	1	50	47	3	144	34	110	1	1	0	28	12	16	29	5	24	86	16	70	139	33	106	1	1	0	26	12	14	29	5	24	83	15	68	5	1	4	0	0	0	2	0	2	0	0	0	3	1	2	294	113	181
21	386	3035	407237	0	0	VILLAGE	Durgaprasad	Rural	245	1052	550	502	96	46	50	69	35	34	8	6	2	814	447	367	238	103	135	309	269	40	248	222	26	26	26	0	39	37	2	8	8	0	175	151	24	61	47	14	1	1	0	13	11	2	18	15	3	29	20	9	58	45	13	1	1	0	13	11	2	18	15	3	26	18	8	3	2	1	0	0	0	0	0	0	0	0	0	3	2	1	743	281	462
21	386	3035	407238	0	0	VILLAGE	Ramaprasad	Rural	26	94	48	46	10	5	5	20	10	10	0	0	0	74	40	34	20	8	12	41	34	7	21	16	5	2	2	0	3	3	0	1	1	0	15	10	5	20	18	2	0	0	0	8	7	1	1	0	1	11	11	0	17	15	2	0	0	0	8	7	1	1	0	1	8	8	0	3	3	0	0	0	0	0	0	0	0	0	0	3	3	0	53	14	39
21	386	3035	407239	0	0	VILLAGE	Gopalpur	Rural	16	74	37	37	11	6	5	0	0	0	0	0	0	60	31	29	14	6	8	26	22	4	14	14	0	5	5	0	4	4	0	0	0	0	5	5	0	12	8	4	0	0	0	4	4	0	0	0	0	8	4	4	4	4	0	0	0	0	2	2	0	0	0	0	2	2	0	8	4	4	0	0	0	2	2	0	0	0	0	6	2	4	48	15	33
21	386	3035	407240	0	0	VILLAGE	Anantapalli	Rural	24	104	55	49	10	6	4	0	0	0	0	0	0	69	38	31	35	17	18	42	39	3	21	21	0	5	5	0	6	6	0	0	0	0	10	10	0	21	18	3	0	0	0	6	6	0	0	0	0	15	12	3	15	14	1	0	0	0	5	5	0	0	0	0	10	9	1	6	4	2	0	0	0	1	1	0	0	0	0	5	3	2	62	16	46
21	386	3035	407241	0	0	VILLAGE	manikpur	Rural	135	618	320	298	60	39	21	56	25	31	147	74	73	474	261	213	144	59	85	179	147	32	78	68	10	4	4	0	7	6	1	26	25	1	41	33	8	101	79	22	5	5	0	86	66	20	2	2	0	8	6	2	92	71	21	5	5	0	78	59	19	2	2	0	7	5	2	9	8	1	0	0	0	8	7	1	0	0	0	1	1	0	439	173	266
21	386	3035	407242	0	0	VILLAGE	Talatumb	Rural	172	678	348	330	71	37	34	0	0	0	164	83	81	600	309	291	78	39	39	222	206	16	85	82	3	34	33	1	29	27	2	5	5	0	17	17	0	137	124	13	5	5	0	119	111	8	7	3	4	6	5	1	135	123	12	5	5	0	118	111	7	6	2	4	6	5	1	2	1	1	0	0	0	1	0	1	1	1	0	0	0	0	456	142	314
21	386	3035	407243	0	0	VILLAGE	Nuagaon	Rural	84	420	205	215	47	23	24	51	26	25	0	0	0	346	177	169	74	28	46	262	133	129	101	89	12	30	26	4	24	22	2	25	23	2	22	18	4	161	44	117	5	2	3	15	7	8	101	19	82	40	16	24	74	26	48	2	1	1	10	7	3	35	5	30	27	13	14	87	18	69	3	1	2	5	0	5	66	14	52	13	3	10	158	72	86
21	386	3035	407244	0	0	VILLAGE	Sibaprasad	Rural	38	171	88	83	19	10	9	0	0	0	8	6	2	126	65	61	45	23	22	71	58	13	33	32	1	3	3	0	10	10	0	0	0	0	20	19	1	38	26	12	1	1	0	6	5	1	0	0	0	31	20	11	24	21	3	1	1	0	5	4	1	0	0	0	18	16	2	14	5	9	0	0	0	1	1	0	0	0	0	13	4	9	100	30	70
21	386	3035	407245	0	0	VILLAGE	Bathua	Rural	2	9	3	6	1	0	1	0	0	0	0	0	0	8	3	5	1	0	1	5	2	3	2	2	0	1	1	0	1	1	0	0	0	0	0	0	0	3	0	3	0	0	0	1	0	1	0	0	0	2	0	2	2	0	2	0	0	0	1	0	1	0	0	0	1	0	1	1	0	1	0	0	0	0	0	0	0	0	0	1	0	1	4	1	3
21	386	3035	407246	0	0	VILLAGE	Simapalli	Rural	121	503	272	231	58	29	29	33	17	16	191	102	89	365	224	141	138	48	90	222	166	56	121	115	6	39	39	0	21	21	0	7	7	0	54	48	6	101	51	50	6	2	4	62	28	34	9	3	6	24	18	6	68	34	34	6	2	4	39	17	22	7	3	4	16	12	4	33	17	16	0	0	0	23	11	12	2	0	2	8	6	2	281	106	175
21	386	3035	407247	0	0	VILLAGE	Narayanipada	Rural	129	593	293	300	74	35	39	33	20	13	236	110	126	413	236	177	180	57	123	174	144	30	152	138	14	73	72	1	49	45	4	10	5	5	20	16	4	22	6	16	0	0	0	0	0	0	1	0	1	21	6	15	22	6	16	0	0	0	0	0	0	1	0	1	21	6	15	0	0	0	0	0	0	0	0	0	0	0	0	0	0	0	419	149	270
21	386	3035	407248	0	0	VILLAGE	Biswanathpur	Rural	85	367	193	174	38	15	23	44	25	19	0	0	0	248	152	96	119	41	78	145	115	30	129	111	18	16	16	0	47	44	3	37	24	13	29	27	2	16	4	12	0	0	0	1	1	0	8	0	8	7	3	4	16	4	12	0	0	0	1	1	0	8	0	8	7	3	4	0	0	0	0	0	0	0	0	0	0	0	0	0	0	0	222	78	144
21	386	3035	407249	0	0	VILLAGE	Mugamanda	Rural	135	574	297	277	52	26	26	42	20	22	46	21	25	446	238	208	128	59	69	172	161	11	167	157	10	15	14	1	77	77	0	7	7	0	68	59	9	5	4	1	0	0	0	0	0	0	1	1	0	4	3	1	5	4	1	0	0	0	0	0	0	1	1	0	4	3	1	0	0	0	0	0	0	0	0	0	0	0	0	0	0	0	402	136	266
21	386	3035	407250	0	0	VILLAGE	Kapileswarpur	Rural	126	529	252	277	51	28	23	0	0	0	5	2	3	431	213	218	98	39	59	167	148	19	120	115	5	60	59	1	10	10	0	11	9	2	39	37	2	47	33	14	0	0	0	11	11	0	8	4	4	28	18	10	47	33	14	0	0	0	11	11	0	8	4	4	28	18	10	0	0	0	0	0	0	0	0	0	0	0	0	0	0	0	362	104	258
21	386	3035	407251	0	0	VILLAGE	Boriko	Rural	59	281	147	134	32	17	15	15	10	5	0	0	0	198	116	82	83	31	52	98	87	11	86	80	6	10	10	0	25	25	0	0	0	0	51	45	6	12	7	5	0	0	0	2	2	0	1	0	1	9	5	4	10	6	4	0	0	0	1	1	0	1	0	1	8	5	3	2	1	1	0	0	0	1	1	0	0	0	0	1	0	1	183	60	123
21	386	3035	407252	0	0	VILLAGE	Abhilo	Rural	25	127	70	57	8	3	5	5	2	3	0	0	0	104	61	43	23	9	14	71	34	37	31	26	5	8	4	4	14	14	0	3	3	0	6	5	1	40	8	32	0	0	0	3	3	0	9	4	5	28	1	27	18	8	10	0	0	0	3	3	0	9	4	5	6	1	5	22	0	22	0	0	0	0	0	0	0	0	0	22	0	22	56	36	20
21	386	3035	407253	0	0	VILLAGE	Godipatana	Rural	43	208	106	102	32	19	13	10	5	5	198	101	97	106	68	38	102	38	64	110	61	49	59	53	6	1	1	0	16	13	3	0	0	0	42	39	3	51	8	43	0	0	0	9	1	8	0	0	0	42	7	35	40	3	37	0	0	0	9	1	8	0	0	0	31	2	29	11	5	6	0	0	0	0	0	0	0	0	0	11	5	6	98	45	53
21	386	3035	407254	0	0	VILLAGE	Patanagodipatana	Rural	88	338	183	155	39	17	22	293	161	132	1	0	1	209	134	75	129	49	80	170	115	55	101	94	7	33	33	0	11	11	0	0	0	0	57	50	7	69	21	48	38	11	27	8	1	7	0	0	0	23	9	14	36	8	28	15	1	14	5	0	5	0	0	0	16	7	9	33	13	20	23	10	13	3	1	2	0	0	0	7	2	5	168	68	100
21	386	3035	407255	0	0	VILLAGE	Uttareswar	Rural	199	935	482	453	93	57	36	86	49	37	142	72	70	727	395	332	208	87	121	317	240	77	170	152	18	102	98	4	25	20	5	6	3	3	37	31	6	147	88	59	12	10	2	88	67	21	26	0	26	21	11	10	112	80	32	10	8	2	83	64	19	2	0	2	17	8	9	35	8	27	2	2	0	5	3	2	24	0	24	4	3	1	618	242	376
21	386	3035	407256	0	0	VILLAGE	Kotalang	Rural	79	386	193	193	44	26	18	5	2	3	0	0	0	295	153	142	91	40	51	137	125	12	126	118	8	67	66	1	14	14	0	0	0	0	45	38	7	11	7	4	1	1	0	2	1	1	0	0	0	8	5	3	10	7	3	1	1	0	2	1	1	0	0	0	7	5	2	1	0	1	0	0	0	0	0	0	0	0	0	1	0	1	249	68	181
21	386	3035	407257	0	0	VILLAGE	Balibereni	Rural	270	1189	602	587	134	78	56	169	82	87	62	32	30	918	486	432	271	116	155	357	319	38	233	224	9	114	113	1	29	27	2	8	8	0	82	76	6	124	95	29	1	1	0	57	47	10	5	4	1	61	43	18	117	91	26	1	1	0	57	47	10	5	4	1	54	39	15	7	4	3	0	0	0	0	0	0	0	0	0	7	4	3	832	283	549
21	386	3035	407258	0	0	VILLAGE	Rautpara	Rural	472	2003	1021	982	216	115	101	228	107	121	209	105	104	1509	809	700	494	212	282	665	567	98	591	501	90	64	59	5	213	182	31	40	37	3	274	223	51	74	66	8	30	29	1	6	6	0	22	20	2	16	11	5	71	63	8	30	29	1	6	6	0	20	18	2	15	10	5	3	3	0	0	0	0	0	0	0	2	2	0	1	1	0	1338	454	884
21	386	3035	407259	0	0	VILLAGE	Hemantapur patna	Rural	4	18	10	8	1	1	0	0	0	0	0	0	0	14	8	6	4	2	2	4	4	0	4	4	0	0	0	0	2	2	0	0	0	0	2	2	0	0	0	0	0	0	0	0	0	0	0	0	0	0	0	0	0	0	0	0	0	0	0	0	0	0	0	0	0	0	0	0	0	0	0	0	0	0	0	0	0	0	0	0	0	0	14	6	8
21	386	3035	407260	0	0	VILLAGE	Dakhineswar	Rural	406	1720	873	847	173	86	87	271	145	126	289	143	146	1218	677	541	502	196	306	599	473	126	445	400	45	26	25	1	165	146	19	41	35	6	213	194	19	154	73	81	30	30	0	75	18	57	35	15	20	14	10	4	145	68	77	30	30	0	73	16	57	29	12	17	13	10	3	9	5	4	0	0	0	2	2	0	6	3	3	1	0	1	1121	400	721
21	386	3035	407261	0	0	VILLAGE	Thanapalli	Rural	67	271	139	132	43	21	22	1	1	0	269	138	131	146	90	56	125	49	76	177	93	84	176	93	83	0	0	0	67	67	0	0	0	0	109	26	83	1	0	1	0	0	0	0	0	0	0	0	0	1	0	1	1	0	1	0	0	0	0	0	0	0	0	0	1	0	1	0	0	0	0	0	0	0	0	0	0	0	0	0	0	0	94	46	48
21	386	3035	407262	0	0	VILLAGE	Goda	Rural	332	1735	888	847	169	92	77	4	2	2	187	100	87	1344	713	631	391	175	216	574	489	85	379	358	21	141	140	1	44	43	1	8	8	0	186	167	19	195	131	64	38	26	12	101	93	8	1	1	0	55	11	44	178	123	55	32	25	7	92	86	6	1	1	0	53	11	42	17	8	9	6	1	5	9	7	2	0	0	0	2	0	2	1161	399	762
21	386	3035	407263	0	0	VILLAGE	Santarapur	Rural	170	855	426	429	93	47	46	158	84	74	118	59	59	610	331	279	245	95	150	312	276	36	284	265	19	67	67	0	114	107	7	1	0	1	102	91	11	28	11	17	1	1	0	7	7	0	0	0	0	20	3	17	28	11	17	1	1	0	7	7	0	0	0	0	20	3	17	0	0	0	0	0	0	0	0	0	0	0	0	0	0	0	543	150	393
21	386	3035	407264	0	0	VILLAGE	Dangarapada	Rural	170	805	418	387	72	43	29	0	0	0	0	0	0	670	358	312	135	60	75	258	237	21	109	101	8	46	44	2	13	11	2	1	1	0	49	45	4	149	136	13	4	3	1	129	127	2	1	1	0	15	5	10	149	136	13	4	3	1	129	127	2	1	1	0	15	5	10	0	0	0	0	0	0	0	0	0	0	0	0	0	0	0	547	181	366
21	386	3035	407265	0	0	VILLAGE	Deuli	Rural	244	1058	551	507	132	64	68	11	6	5	273	142	131	738	431	307	320	120	200	397	331	66	258	238	20	76	73	3	143	137	6	5	2	3	34	26	8	139	93	46	1	0	1	133	89	44	1	1	0	4	3	1	137	91	46	1	0	1	131	87	44	1	1	0	4	3	1	2	2	0	0	0	0	2	2	0	0	0	0	0	0	0	661	220	441
21	386	3035	407266	0	0	VILLAGE	Brahmapura 	Rural	190	856	424	432	93	44	49	77	42	35	0	0	0	627	339	288	229	85	144	252	240	12	121	113	8	56	55	1	1	0	1	3	3	0	61	55	6	131	127	4	16	15	1	7	7	0	3	3	0	105	102	3	118	115	3	16	15	1	7	7	0	3	3	0	92	90	2	13	12	1	0	0	0	0	0	0	0	0	0	13	12	1	604	184	420
21	386	3035	407267	0	0	VILLAGE	Brahmapurapatna	Rural	96	416	204	212	47	18	29	76	32	44	0	0	0	325	169	156	91	35	56	116	111	5	116	111	5	9	9	0	91	88	3	0	0	0	16	14	2	0	0	0	0	0	0	0	0	0	0	0	0	0	0	0	0	0	0	0	0	0	0	0	0	0	0	0	0	0	0	0	0	0	0	0	0	0	0	0	0	0	0	0	0	0	300	93	207
21	386	3035	407268	0	0	VILLAGE	Gopalpur	Rural	100	506	248	258	55	28	27	103	51	52	0	0	0	386	200	186	120	48	72	133	128	5	128	125	3	112	111	1	0	0	0	1	1	0	15	13	2	5	3	2	0	0	0	3	3	0	1	0	1	1	0	1	5	3	2	0	0	0	3	3	0	1	0	1	1	0	1	0	0	0	0	0	0	0	0	0	0	0	0	0	0	0	373	120	253
21	386	3035	407269	0	0	VILLAGE	Gobindapur	Rural	121	569	286	283	47	20	27	0	0	0	0	0	0	454	241	213	115	45	70	157	138	19	101	96	5	45	43	2	39	39	0	1	0	1	16	14	2	56	42	14	13	11	2	3	3	0	27	21	6	13	7	6	27	21	6	4	4	0	2	2	0	11	10	1	10	5	5	29	21	8	9	7	2	1	1	0	16	11	5	3	2	1	412	148	264
21	386	3035	407270	0	0	VILLAGE	Lokipur	Rural	187	894	454	440	108	53	55	6	4	2	191	91	100	687	368	319	207	86	121	250	216	34	142	134	8	48	47	1	54	52	2	8	5	3	32	30	2	108	82	26	27	24	3	32	24	8	22	17	5	27	17	10	47	31	16	10	9	1	10	7	3	3	1	2	24	14	10	61	51	10	17	15	2	22	17	5	19	16	3	3	3	0	644	238	406
21	386	3035	407271	0	0	VILLAGE	Manitiri	Rural	318	1336	704	632	172	95	77	93	44	49	196	99	97	1006	567	439	330	137	193	372	352	20	263	252	11	65	64	1	133	131	2	0	0	0	65	57	8	109	100	9	5	5	0	70	69	1	0	0	0	34	26	8	102	94	8	4	4	0	68	67	1	0	0	0	30	23	7	7	6	1	1	1	0	2	2	0	0	0	0	4	3	1	964	352	612
21	386	3035	407272	0	0	VILLAGE	Ramachandrapur	Rural	124	617	322	295	67	34	33	97	50	47	0	0	0	508	282	226	109	40	69	185	177	8	77	73	4	42	40	2	4	4	0	7	6	1	24	23	1	108	104	4	2	2	0	38	38	0	20	17	3	48	47	1	108	104	4	2	2	0	38	38	0	20	17	3	48	47	1	0	0	0	0	0	0	0	0	0	0	0	0	0	0	0	432	145	287
21	386	3035	407273	0	0	VILLAGE	Barabati	Rural	54	205	115	90	14	7	7	6	4	2	0	0	0	164	103	61	41	12	29	59	56	3	55	54	1	10	10	0	22	21	1	6	6	0	17	17	0	4	2	2	0	0	0	1	1	0	0	0	0	3	1	2	4	2	2	0	0	0	1	1	0	0	0	0	3	1	2	0	0	0	0	0	0	0	0	0	0	0	0	0	0	0	146	59	87
21	386	3035	407274	0	0	VILLAGE	Krushnadaspur	Rural	0	0	0	0	0	0	0	0	0	0	0	0	0	0	0	0	0	0	0	0	0	0	0	0	0	0	0	0	0	0	0	0	0	0	0	0	0	0	0	0	0	0	0	0	0	0	0	0	0	0	0	0	0	0	0	0	0	0	0	0	0	0	0	0	0	0	0	0	0	0	0	0	0	0	0	0	0	0	0	0	0	0	0	0	0
21	386	3035	407275	0	0	VILLAGE	Atharang	Rural	208	874	446	428	100	50	50	141	72	69	0	0	0	556	330	226	318	116	202	265	252	13	166	154	12	17	17	0	77	75	2	6	6	0	66	56	10	99	98	1	11	11	0	39	39	0	7	6	1	42	42	0	82	81	1	10	10	0	35	35	0	6	5	1	31	31	0	17	17	0	1	1	0	4	4	0	1	1	0	11	11	0	609	194	415
21	386	3035	407276	0	0	VILLAGE	Balabhadrapur	Rural	0	0	0	0	0	0	0	0	0	0	0	0	0	0	0	0	0	0	0	0	0	0	0	0	0	0	0	0	0	0	0	0	0	0	0	0	0	0	0	0	0	0	0	0	0	0	0	0	0	0	0	0	0	0	0	0	0	0	0	0	0	0	0	0	0	0	0	0	0	0	0	0	0	0	0	0	0	0	0	0	0	0	0	0	0
21	386	3035	407277	0	0	VILLAGE	Chhiam	Rural	186	795	403	392	72	33	39	76	37	39	266	126	140	638	350	288	157	53	104	338	238	100	80	72	8	57	56	1	0	0	0	0	0	0	23	16	7	258	166	92	1	0	1	236	160	76	1	0	1	20	6	14	258	166	92	1	0	1	236	160	76	1	0	1	20	6	14	0	0	0	0	0	0	0	0	0	0	0	0	0	0	0	457	165	292
21	386	3035	407278	0	0	VILLAGE	Kurum	Rural	245	1151	576	575	129	58	71	60	30	30	197	94	103	846	458	388	305	118	187	444	351	93	180	167	13	35	34	1	85	82	3	6	5	1	54	46	8	264	184	80	6	4	2	208	146	62	2	1	1	48	33	15	238	162	76	4	3	1	191	132	59	2	1	1	41	26	15	26	22	4	2	1	1	17	14	3	0	0	0	7	7	0	707	225	482
21	386	3035	407279	0	0	VILLAGE	Badabarabati	Rural	104	482	253	229	51	31	20	102	52	50	0	0	0	396	209	187	86	44	42	144	142	2	114	112	2	19	19	0	76	76	0	6	5	1	13	12	1	30	30	0	3	3	0	17	17	0	5	5	0	5	5	0	27	27	0	3	3	0	17	17	0	5	5	0	2	2	0	3	3	0	0	0	0	0	0	0	0	0	0	3	3	0	338	111	227
21	386	3035	407280	0	0	VILLAGE	Chhatrapada	Rural	341	1490	776	714	136	77	59	163	83	80	0	0	0	1230	670	560	260	106	154	460	444	16	367	356	11	267	261	6	28	28	0	20	19	1	52	48	4	93	88	5	6	6	0	80	76	4	1	0	1	6	6	0	78	73	5	6	6	0	65	61	4	1	0	1	6	6	0	15	15	0	0	0	0	15	15	0	0	0	0	0	0	0	1030	332	698
21	386	3035	407281	0	0	VILLAGE	Hirapur - alias - Santarapur	Rural	302	1482	744	738	179	86	93	153	76	77	433	214	219	1048	575	473	434	169	265	507	414	93	491	405	86	34	34	0	277	230	47	142	109	33	38	32	6	16	9	7	0	0	0	8	4	4	3	2	1	5	3	2	14	9	5	0	0	0	7	4	3	3	2	1	4	3	1	2	0	2	0	0	0	1	0	1	0	0	0	1	0	1	975	330	645
21	386	3035	407282	0	0	VILLAGE	Muktapur	Rural	169	935	482	453	117	65	52	123	70	53	92	44	48	734	393	341	201	89	112	300	265	35	297	264	33	56	55	1	168	153	15	27	20	7	46	36	10	3	1	2	0	0	0	2	0	2	0	0	0	1	1	0	2	0	2	0	0	0	2	0	2	0	0	0	0	0	0	1	1	0	0	0	0	0	0	0	0	0	0	1	1	0	635	217	418
21	386	3035	407283	0	0	VILLAGE	Baladhadi	Rural	86	364	182	182	44	18	26	36	14	22	0	0	0	267	146	121	97	36	61	114	105	9	112	103	9	14	13	1	75	72	3	2	2	0	21	16	5	2	2	0	0	0	0	1	1	0	0	0	0	1	1	0	2	2	0	0	0	0	1	1	0	0	0	0	1	1	0	0	0	0	0	0	0	0	0	0	0	0	0	0	0	0	250	77	173
21	386	3035	407284	0	0	VILLAGE	Ogalpur	Rural	149	674	351	323	59	31	28	50	26	24	0	0	0	478	278	200	196	73	123	168	164	4	110	107	3	32	32	0	40	40	0	0	0	0	38	35	3	58	57	1	0	0	0	31	31	0	0	0	0	27	26	1	41	40	1	0	0	0	22	22	0	0	0	0	19	18	1	17	17	0	0	0	0	9	9	0	0	0	0	8	8	0	506	187	319
21	386	3035	407285	0	0	VILLAGE	Gopinathapur	Rural	89	411	208	203	53	23	30	0	0	0	0	0	0	334	180	154	77	28	49	122	112	10	63	59	4	59	57	2	0	0	0	0	0	0	4	2	2	59	53	6	0	0	0	54	52	2	0	0	0	5	1	4	59	53	6	0	0	0	54	52	2	0	0	0	5	1	4	0	0	0	0	0	0	0	0	0	0	0	0	0	0	0	289	96	193
21	386	3035	407286	0	0	VILLAGE	Kalikaprasad	Rural	3	11	6	5	1	1	0	0	0	0	0	0	0	7	4	3	4	2	2	3	3	0	3	3	0	0	0	0	3	3	0	0	0	0	0	0	0	0	0	0	0	0	0	0	0	0	0	0	0	0	0	0	0	0	0	0	0	0	0	0	0	0	0	0	0	0	0	0	0	0	0	0	0	0	0	0	0	0	0	0	0	0	8	3	5
21	386	3035	407287	0	0	VILLAGE	Parichhal	Rural	333	1482	786	696	157	84	73	5	3	2	418	215	203	1123	639	484	359	147	212	564	446	118	330	312	18	195	192	3	25	24	1	4	4	0	106	92	14	234	134	100	3	1	2	135	106	29	0	0	0	96	27	69	214	120	94	3	1	2	117	94	23	0	0	0	94	25	69	20	14	6	0	0	0	18	12	6	0	0	0	2	2	0	918	340	578
21	386	3035	407288	0	0	VILLAGE	Dalak	Rural	180	986	517	469	88	47	41	0	0	0	0	0	0	793	444	349	193	73	120	319	316	3	244	241	3	216	215	1	0	0	0	1	1	0	27	25	2	75	75	0	1	1	0	73	73	0	1	1	0	0	0	0	36	36	0	0	0	0	36	36	0	0	0	0	0	0	0	39	39	0	1	1	0	37	37	0	1	1	0	0	0	0	667	201	466
21	386	3036	0	0	0	SUB-DISTRICT	Khordha 	Total	28854	139978	72352	67626	14940	7731	7209	16181	8248	7933	11803	5916	5887	109084	59565	49519	30894	12787	18107	48522	40024	8498	36166	31691	4475	4382	4199	183	5406	4496	910	1632	1379	253	24746	21617	3129	12356	8333	4023	1096	909	187	3796	2654	1142	722	373	349	6742	4397	2345	10544	7144	3400	1006	837	169	3012	2147	865	591	319	272	5935	3841	2094	1812	1189	623	90	72	18	784	507	277	131	54	77	807	556	251	91456	32328	59128
21	386	3036	0	0	0	SUB-DISTRICT	Khordha 	Rural	19526	93773	48415	45358	10585	5449	5136	10465	5334	5131	10490	5261	5229	70502	38940	31562	23271	9475	13796	33301	27394	5907	23148	20495	2653	4256	4086	170	5142	4255	887	1072	949	123	12678	11205	1473	10153	6899	3254	1046	876	170	3639	2572	1067	578	304	274	4890	3147	1743	8703	5949	2754	958	805	153	2901	2090	811	478	258	220	4366	2796	1570	1450	950	500	88	71	17	738	482	256	100	46	54	524	351	173	60472	21021	39451
21	386	3036	0	0	0	SUB-DISTRICT	Khordha 	Urban	9328	46205	23937	22268	4355	2282	2073	5716	2914	2802	1313	655	658	38582	20625	17957	7623	3312	4311	15221	12630	2591	13018	11196	1822	126	113	13	264	241	23	560	430	130	12068	10412	1656	2203	1434	769	50	33	17	157	82	75	144	69	75	1852	1250	602	1841	1195	646	48	32	16	111	57	54	113	61	52	1569	1045	524	362	239	123	2	1	1	46	25	21	31	8	23	283	205	78	30984	11307	19677
21	386	3036	407289	0	0	VILLAGE	Malipadar	Rural	129	667	343	324	91	44	47	0	0	0	255	123	132	477	276	201	190	67	123	429	229	200	51	31	20	0	0	0	4	4	0	11	10	1	36	17	19	378	198	180	5	4	1	16	16	0	23	18	5	334	160	174	355	176	179	4	3	1	7	7	0	17	13	4	327	153	174	23	22	1	1	1	0	9	9	0	6	5	1	7	7	0	238	114	124
21	386	3036	407290	0	0	VILLAGE	Kendupalli	Rural	287	1434	752	682	159	79	80	5	4	1	39	22	17	1110	625	485	324	127	197	597	441	156	413	361	52	297	265	32	24	21	3	26	20	6	66	55	11	184	80	104	36	30	6	16	8	8	2	1	1	130	41	89	180	78	102	36	30	6	15	8	7	1	1	0	128	39	89	4	2	2	0	0	0	1	0	1	1	0	1	2	2	0	837	311	526
21	386	3036	407291	0	0	VILLAGE	Godipokhari	Rural	124	615	322	293	78	43	35	24	12	12	320	162	158	401	245	156	214	77	137	285	180	105	116	100	16	25	24	1	18	15	3	2	2	0	71	59	12	169	80	89	9	6	3	29	15	14	1	0	1	130	59	71	146	67	79	5	3	2	15	8	7	1	0	1	125	56	69	23	13	10	4	3	1	14	7	7	0	0	0	5	3	2	330	142	188
21	386	3036	407292	0	0	VILLAGE	Chiramaru	Rural	167	784	419	365	107	58	49	258	137	121	0	0	0	492	288	204	292	131	161	269	225	44	255	222	33	19	18	1	228	198	30	5	4	1	3	2	1	14	3	11	0	0	0	12	3	9	0	0	0	2	0	2	12	3	9	0	0	0	10	3	7	0	0	0	2	0	2	2	0	2	0	0	0	2	0	2	0	0	0	0	0	0	515	194	321
21	386	3036	407293	0	0	VILLAGE	Paikasahi	Rural	219	885	443	442	104	55	49	48	23	25	0	0	0	691	356	335	194	87	107	406	275	131	140	135	5	41	40	1	40	39	1	1	1	0	58	55	3	266	140	126	13	11	2	97	96	1	0	0	0	156	33	123	159	36	123	3	3	0	0	0	0	0	0	0	156	33	123	107	104	3	10	8	2	97	96	1	0	0	0	0	0	0	479	168	311
21	386	3036	407294	0	0	VILLAGE	Bhogada	Rural	341	1434	759	675	144	85	59	110	62	48	336	170	166	1169	634	535	265	125	140	501	409	92	173	153	20	12	11	1	122	109	13	3	2	1	36	31	5	328	256	72	16	16	0	281	215	66	5	3	2	26	22	4	327	255	72	16	16	0	280	214	66	5	3	2	26	22	4	1	1	0	0	0	0	1	1	0	0	0	0	0	0	0	933	350	583
21	386	3036	407295	0	0	VILLAGE	Sanatulasipur	Rural	149	674	350	324	92	47	45	143	74	69	0	0	0	473	260	213	201	90	111	202	187	15	186	172	14	23	23	0	94	87	7	10	9	1	59	53	6	16	15	1	1	1	0	11	11	0	0	0	0	4	3	1	9	8	1	1	1	0	5	5	0	0	0	0	3	2	1	7	7	0	0	0	0	6	6	0	0	0	0	1	1	0	472	163	309
21	386	3036	407296	0	0	VILLAGE	Badatulasipur	Rural	326	1638	851	787	183	99	84	359	179	180	0	0	0	1292	708	584	346	143	203	461	432	29	225	208	17	89	89	0	9	7	2	14	14	0	113	98	15	236	224	12	14	13	1	162	157	5	19	17	2	41	37	4	98	92	6	4	4	0	49	47	2	15	14	1	30	27	3	138	132	6	10	9	1	113	110	3	4	3	1	11	10	1	1177	419	758
21	386	3036	407297	0	0	VILLAGE	Kuaput	Rural	389	1980	1014	966	263	136	127	164	83	81	0	0	0	1476	823	653	504	191	313	677	586	91	578	525	53	113	108	5	173	165	8	66	57	9	226	195	31	99	61	38	5	4	1	27	21	6	5	4	1	62	32	30	94	59	35	4	4	0	26	21	5	4	4	0	60	30	30	5	2	3	1	0	1	1	0	1	1	0	1	2	2	0	1303	428	875
21	386	3036	407298	0	0	VILLAGE	Garh-haladia	Rural	300	1332	674	658	131	71	60	392	189	203	118	59	59	854	454	400	478	220	258	416	297	119	343	247	96	9	7	2	13	7	6	9	8	1	312	225	87	73	50	23	2	1	1	8	8	0	4	4	0	59	37	22	70	48	22	2	1	1	8	8	0	4	4	0	56	35	21	3	2	1	0	0	0	0	0	0	0	0	0	3	2	1	916	377	539
21	386	3036	407299	0	0	VILLAGE	Hatasahi	Rural	142	587	306	281	60	35	25	364	186	178	0	0	0	467	262	205	120	44	76	355	191	164	222	165	57	11	11	0	6	6	0	1	1	0	204	147	57	133	26	107	0	0	0	0	0	0	0	0	0	133	26	107	133	26	107	0	0	0	0	0	0	0	0	0	133	26	107	0	0	0	0	0	0	0	0	0	0	0	0	0	0	0	232	115	117
21	386	3036	407300	0	0	VILLAGE	Brahmanbereni	Rural	364	1571	820	751	225	117	108	132	66	66	0	0	0	1173	669	504	398	151	247	563	499	64	513	478	35	71	68	3	108	107	1	30	24	6	304	279	25	50	21	29	1	0	1	2	2	0	17	1	16	30	18	12	37	14	23	1	0	1	2	2	0	11	0	11	23	12	11	13	7	6	0	0	0	0	0	0	6	1	5	7	6	1	1008	321	687
21	386	3036	407301	0	0	VILLAGE	Diniari	Rural	119	529	275	254	62	34	28	12	6	6	103	54	49	388	211	177	141	64	77	142	130	12	47	38	9	2	1	1	0	0	0	1	1	0	44	36	8	95	92	3	41	40	1	33	32	1	0	0	0	21	20	1	88	85	3	40	39	1	30	29	1	0	0	0	18	17	1	7	7	0	1	1	0	3	3	0	0	0	0	3	3	0	387	145	242
21	386	3036	407302	0	0	VILLAGE	Nilakanthapur	Rural	259	1247	642	605	150	84	66	87	41	46	391	198	193	868	481	387	379	161	218	554	383	171	228	162	66	64	61	3	89	47	42	4	4	0	71	50	21	326	221	105	15	12	3	58	56	2	12	10	2	241	143	98	296	194	102	13	10	3	49	48	1	6	6	0	228	130	98	30	27	3	2	2	0	9	8	1	6	4	2	13	13	0	693	259	434
21	386	3036	407303	0	0	VILLAGE	Pangarasingh	Rural	239	1231	632	599	123	63	60	39	22	17	272	145	127	923	499	424	308	133	175	522	391	131	417	328	89	132	125	7	183	113	70	0	0	0	102	90	12	105	63	42	1	1	0	95	57	38	1	0	1	8	5	3	105	63	42	1	1	0	95	57	38	1	0	1	8	5	3	0	0	0	0	0	0	0	0	0	0	0	0	0	0	0	709	241	468
21	386	3036	407304	0	0	VILLAGE	Kuradhilo	Rural	260	1296	664	632	174	97	77	123	60	63	426	223	203	1012	540	472	284	124	160	431	394	37	419	385	34	273	259	14	3	2	1	0	0	0	143	124	19	12	9	3	6	5	1	1	1	0	0	0	0	5	3	2	12	9	3	6	5	1	1	1	0	0	0	0	5	3	2	0	0	0	0	0	0	0	0	0	0	0	0	0	0	0	865	270	595
21	386	3036	407305	0	0	VILLAGE	Santarapur	Rural	85	351	170	181	38	16	22	8	4	4	82	38	44	252	131	121	99	39	60	111	98	13	91	85	6	36	36	0	27	24	3	0	0	0	28	25	3	20	13	7	2	2	0	11	5	6	0	0	0	7	6	1	19	13	6	2	2	0	11	5	6	0	0	0	6	6	0	1	0	1	0	0	0	0	0	0	0	0	0	1	0	1	240	72	168
21	386	3036	407306	0	0	VILLAGE	Lekhanpur	Rural	48	261	127	134	36	17	19	0	0	0	45	20	25	186	99	87	75	28	47	80	74	6	74	70	4	29	28	1	18	16	2	0	0	0	27	26	1	6	4	2	0	0	0	1	1	0	1	0	1	4	3	1	6	4	2	0	0	0	1	1	0	1	0	1	4	3	1	0	0	0	0	0	0	0	0	0	0	0	0	0	0	0	181	53	128
21	386	3036	407307	0	0	VILLAGE	Talagarh	Rural	219	1133	575	558	133	64	69	5	4	1	286	140	146	765	431	334	368	144	224	475	347	128	205	192	13	95	95	0	3	3	0	26	23	3	81	71	10	270	155	115	50	50	0	184	70	114	2	2	0	34	33	1	186	124	62	46	46	0	109	48	61	2	2	0	29	28	1	84	31	53	4	4	0	75	22	53	0	0	0	5	5	0	658	228	430
21	386	3036	407308	0	0	VILLAGE	Kumbhilo	Rural	302	1465	762	703	139	80	59	77	44	33	157	82	75	1117	613	504	348	149	199	484	406	78	437	382	55	76	75	1	74	70	4	9	9	0	278	228	50	47	24	23	2	2	0	13	5	8	7	2	5	25	15	10	30	15	15	1	1	0	9	4	5	3	0	3	17	10	7	17	9	8	1	1	0	4	1	3	4	2	2	8	5	3	981	356	625
21	386	3036	407309	0	0	VILLAGE	Basanta	Rural	299	1321	681	640	153	73	80	91	49	42	0	0	0	1035	569	466	286	112	174	426	405	21	376	363	13	132	130	2	30	30	0	3	3	0	211	200	11	50	42	8	9	8	1	12	12	0	1	1	0	28	21	7	34	29	5	8	7	1	9	9	0	1	1	0	16	12	4	16	13	3	1	1	0	3	3	0	0	0	0	12	9	3	895	276	619
21	386	3036	407310	0	0	VILLAGE	Balisahi	Rural	272	1191	592	599	162	75	87	182	91	91	0	0	0	886	470	416	305	122	183	410	345	65	311	298	13	48	47	1	77	73	4	8	8	0	178	170	8	99	47	52	7	6	1	44	23	21	22	1	21	26	17	9	76	39	37	6	5	1	34	18	16	16	1	15	20	15	5	23	8	15	1	1	0	10	5	5	6	0	6	6	2	4	781	247	534
21	386	3036	407311	0	0	VILLAGE	Bagheitangi	Rural	272	1197	632	565	114	61	53	194	105	89	155	81	74	874	511	363	323	121	202	555	399	156	236	231	5	47	47	0	53	53	0	11	10	1	125	121	4	319	168	151	30	12	18	147	87	60	41	9	32	101	60	41	311	165	146	29	11	18	147	87	60	36	9	27	99	58	41	8	3	5	1	1	0	0	0	0	5	0	5	2	2	0	642	233	409
21	386	3036	407312	0	0	VILLAGE	Muktapur	Rural	485	2376	1227	1149	243	129	114	226	113	113	0	0	0	1781	975	806	595	252	343	948	759	189	716	612	104	126	123	3	138	130	8	39	38	1	413	321	92	232	147	85	29	26	3	47	42	5	10	8	2	146	71	75	219	140	79	29	26	3	40	36	4	10	8	2	140	70	70	13	7	6	0	0	0	7	6	1	0	0	0	6	1	5	1428	468	960
21	386	3036	407313	0	0	VILLAGE	Tarakai	Rural	131	734	388	346	81	40	41	17	10	7	399	207	192	558	316	242	176	72	104	275	229	46	264	221	43	2	1	1	166	144	22	70	56	14	26	20	6	11	8	3	0	0	0	7	6	1	1	1	0	3	1	2	11	8	3	0	0	0	7	6	1	1	1	0	3	1	2	0	0	0	0	0	0	0	0	0	0	0	0	0	0	0	459	159	300
21	386	3036	407314	0	0	VILLAGE	Bantala	Rural	174	811	420	391	89	40	49	0	0	0	585	302	283	505	308	197	306	112	194	451	280	171	217	150	67	19	18	1	45	37	8	2	2	0	151	93	58	234	130	104	34	32	2	25	18	7	4	4	0	171	76	95	182	122	60	30	30	0	21	16	5	4	4	0	127	72	55	52	8	44	4	2	2	4	2	2	0	0	0	44	4	40	360	140	220
21	386	3036	407315	0	0	VILLAGE	Haladiapada	Rural	36	154	82	72	22	10	12	0	0	0	117	59	58	100	62	38	54	20	34	75	44	31	3	3	0	0	0	0	0	0	0	0	0	0	3	3	0	72	41	31	4	4	0	5	1	4	0	0	0	63	36	27	48	38	10	4	4	0	4	1	3	0	0	0	40	33	7	24	3	21	0	0	0	1	0	1	0	0	0	23	3	20	79	38	41
21	386	3036	407316	0	0	VILLAGE	Podaput	Rural	137	707	359	348	84	43	41	29	15	14	0	0	0	513	271	242	194	88	106	275	235	40	80	65	15	6	4	2	1	1	0	2	2	0	71	58	13	195	170	25	58	57	1	21	20	1	10	9	1	106	84	22	193	168	25	58	57	1	20	19	1	9	8	1	106	84	22	2	2	0	0	0	0	1	1	0	1	1	0	0	0	0	432	124	308
21	386	3036	407317	0	0	VILLAGE	Binkudia	Rural	210	990	506	484	107	49	58	132	72	60	0	0	0	718	404	314	272	102	170	329	302	27	213	195	18	48	45	3	11	11	0	1	1	0	153	138	15	116	107	9	1	1	0	51	51	0	0	0	0	64	55	9	102	101	1	1	1	0	50	50	0	0	0	0	51	50	1	14	6	8	0	0	0	1	1	0	0	0	0	13	5	8	661	204	457
21	386	3036	407318	0	0	VILLAGE	Nuapada	Rural	254	1082	544	538	140	62	78	0	0	0	210	104	106	780	430	350	302	114	188	512	361	151	409	306	103	40	35	5	152	89	63	105	102	3	112	80	32	103	55	48	11	6	5	46	27	19	34	17	17	12	5	7	88	45	43	7	2	5	40	22	18	30	16	14	11	5	6	15	10	5	4	4	0	6	5	1	4	1	3	1	0	1	570	183	387
21	386	3036	407319	0	0	VILLAGE	Dibyasinghaprasad	Rural	156	801	397	404	94	49	45	117	62	55	0	0	0	593	308	285	208	89	119	220	204	16	170	159	11	11	11	0	4	4	0	0	0	0	155	144	11	50	45	5	3	3	0	21	21	0	0	0	0	26	21	5	34	34	0	3	3	0	15	15	0	0	0	0	16	16	0	16	11	5	0	0	0	6	6	0	0	0	0	10	5	5	581	193	388
21	386	3036	407320	0	0	VILLAGE	Keranga	Rural	906	4441	2315	2126	563	287	276	316	167	149	435	225	210	3367	1829	1538	1074	486	588	1669	1297	372	1351	1046	305	48	43	5	543	318	225	70	65	5	690	620	70	318	251	67	16	14	2	48	29	19	16	14	2	238	194	44	289	226	63	13	11	2	43	25	18	12	12	0	221	178	43	29	25	4	3	3	0	5	4	1	4	2	2	17	16	1	2772	1018	1754
21	386	3036	407321	0	0	VILLAGE	Sapaneswarpur	Rural	129	599	323	276	76	44	32	115	67	48	0	0	0	432	253	179	167	70	97	211	184	27	199	182	17	46	46	0	23	22	1	1	0	1	129	114	15	12	2	10	0	0	0	0	0	0	0	0	0	12	2	10	12	2	10	0	0	0	0	0	0	0	0	0	12	2	10	0	0	0	0	0	0	0	0	0	0	0	0	0	0	0	388	139	249
21	386	3036	407322	0	0	VILLAGE	Patanibara	Rural	118	614	321	293	68	41	27	87	44	43	0	0	0	486	266	220	128	55	73	208	190	18	205	187	18	72	70	2	6	6	0	14	4	10	113	107	6	3	3	0	0	0	0	0	0	0	0	0	0	3	3	0	2	2	0	0	0	0	0	0	0	0	0	0	2	2	0	1	1	0	0	0	0	0	0	0	0	0	0	1	1	0	406	131	275
21	386	3036	407323	0	0	VILLAGE	Paikarasahi	Rural	213	849	464	385	85	43	42	0	0	0	0	0	0	702	404	298	147	60	87	279	245	34	212	198	14	107	105	2	27	27	0	4	3	1	74	63	11	67	47	20	8	8	0	30	22	8	8	2	6	21	15	6	54	38	16	8	8	0	20	14	6	5	1	4	21	15	6	13	9	4	0	0	0	10	8	2	3	1	2	0	0	0	570	219	351
21	386	3036	407324	0	0	VILLAGE	Podadihapatana	Rural	139	501	254	247	64	28	36	0	0	0	0	0	0	387	215	172	114	39	75	156	138	18	152	136	16	32	31	1	42	41	1	35	24	11	43	40	3	4	2	2	0	0	0	1	1	0	1	0	1	2	1	1	4	2	2	0	0	0	1	1	0	1	0	1	2	1	1	0	0	0	0	0	0	0	0	0	0	0	0	0	0	0	345	116	229
21	386	3036	407325	0	0	VILLAGE	Podadiha	Rural	362	1390	702	688	172	90	82	545	269	276	0	0	0	1130	589	541	260	113	147	376	336	40	237	213	24	64	62	2	79	77	2	0	0	0	94	74	20	139	123	16	25	24	1	43	42	1	10	1	9	61	56	5	131	118	13	24	23	1	41	41	0	9	1	8	57	53	4	8	5	3	1	1	0	2	1	1	1	0	1	4	3	1	1014	366	648
21	386	3036	407326	0	0	VILLAGE	Barasahi	Rural	205	731	373	358	86	40	46	217	111	106	24	9	15	555	301	254	176	72	104	214	201	13	190	183	7	42	42	0	72	71	1	0	0	0	76	70	6	24	18	6	2	2	0	1	1	0	0	0	0	21	15	6	24	18	6	2	2	0	1	1	0	0	0	0	21	15	6	0	0	0	0	0	0	0	0	0	0	0	0	0	0	0	517	172	345
21	386	3036	407327	0	0	VILLAGE	Kotapalla	Rural	150	635	325	310	85	41	44	6	2	4	0	0	0	500	275	225	135	50	85	224	180	44	173	167	6	60	59	1	24	24	0	12	11	1	77	73	4	51	13	38	7	6	1	1	0	1	0	0	0	43	7	36	48	11	37	6	5	1	0	0	0	0	0	0	42	6	36	3	2	1	1	1	0	1	0	1	0	0	0	1	1	0	411	145	266
21	386	3036	407328	0	0	VILLAGE	Ostapur	Rural	203	933	479	454	107	43	64	61	34	27	0	0	0	754	414	340	179	65	114	403	312	91	260	250	10	148	144	4	5	4	1	20	19	1	87	83	4	143	62	81	16	7	9	66	32	34	14	7	7	47	16	31	139	59	80	15	6	9	66	32	34	11	5	6	47	16	31	4	3	1	1	1	0	0	0	0	3	2	1	0	0	0	530	167	363
21	386	3036	407329	0	0	VILLAGE	Parikheta	Rural	0	0	0	0	0	0	0	0	0	0	0	0	0	0	0	0	0	0	0	0	0	0	0	0	0	0	0	0	0	0	0	0	0	0	0	0	0	0	0	0	0	0	0	0	0	0	0	0	0	0	0	0	0	0	0	0	0	0	0	0	0	0	0	0	0	0	0	0	0	0	0	0	0	0	0	0	0	0	0	0	0	0	0	0	0
21	386	3036	407330	0	0	VILLAGE	Champatisahi	Rural	127	550	287	263	62	36	26	26	16	10	0	0	0	463	250	213	87	37	50	167	154	13	149	142	7	43	43	0	22	22	0	0	0	0	84	77	7	18	12	6	6	1	5	3	3	0	1	0	1	8	8	0	16	11	5	6	1	5	3	3	0	0	0	0	7	7	0	2	1	1	0	0	0	0	0	0	1	0	1	1	1	0	383	133	250
21	386	3036	407331	0	0	VILLAGE	Simorpatna	Rural	253	1076	566	510	112	57	55	209	107	102	0	0	0	910	502	408	166	64	102	377	326	51	359	309	50	58	57	1	167	139	28	14	7	7	120	106	14	18	17	1	0	0	0	3	3	0	4	4	0	11	10	1	11	11	0	0	0	0	3	3	0	3	3	0	5	5	0	7	6	1	0	0	0	0	0	0	1	1	0	6	5	1	699	240	459
21	386	3036	407332	0	0	VILLAGE	Simor	Rural	156	697	356	341	75	37	38	0	0	0	0	0	0	539	290	249	158	66	92	201	185	16	185	175	10	21	21	0	67	65	2	0	0	0	97	89	8	16	10	6	0	0	0	3	3	0	0	0	0	13	7	6	10	7	3	0	0	0	2	2	0	0	0	0	8	5	3	6	3	3	0	0	0	1	1	0	0	0	0	5	2	3	496	171	325
21	386	3036	407333	0	0	VILLAGE	Hatasahi	Rural	66	337	175	162	38	19	19	0	0	0	4	2	2	278	150	128	59	25	34	103	101	2	79	77	2	0	0	0	49	49	0	3	3	0	27	25	2	24	24	0	7	7	0	6	6	0	4	4	0	7	7	0	20	20	0	7	7	0	5	5	0	3	3	0	5	5	0	4	4	0	0	0	0	1	1	0	1	1	0	2	2	0	234	74	160
21	386	3036	407334	0	0	VILLAGE	Kuranga	Rural	0	0	0	0	0	0	0	0	0	0	0	0	0	0	0	0	0	0	0	0	0	0	0	0	0	0	0	0	0	0	0	0	0	0	0	0	0	0	0	0	0	0	0	0	0	0	0	0	0	0	0	0	0	0	0	0	0	0	0	0	0	0	0	0	0	0	0	0	0	0	0	0	0	0	0	0	0	0	0	0	0	0	0	0	0
21	386	3036	407335	0	0	VILLAGE	Baghamari	Rural	663	2997	1518	1479	327	167	160	408	202	206	538	263	275	2179	1198	981	818	320	498	946	803	143	870	733	137	268	258	10	321	217	104	3	2	1	278	256	22	76	70	6	4	3	1	58	57	1	1	0	1	13	10	3	70	65	5	4	3	1	55	54	1	1	0	1	10	8	2	6	5	1	0	0	0	3	3	0	0	0	0	3	2	1	2051	715	1336
21	386	3036	407336	0	0	VILLAGE	Lokanathpur	Rural	273	1329	672	657	141	75	66	235	119	116	0	0	0	1078	571	507	251	101	150	407	382	25	313	294	19	93	91	2	25	24	1	6	6	0	189	173	16	94	88	6	5	4	1	27	27	0	6	3	3	56	54	2	92	86	6	5	4	1	27	27	0	6	3	3	54	52	2	2	2	0	0	0	0	0	0	0	0	0	0	2	2	0	922	290	632
21	386	3036	407337	0	0	VILLAGE	Sarua	Rural	325	1889	1132	757	183	93	90	266	139	127	187	105	82	1498	962	536	391	170	221	814	755	59	601	576	25	70	69	1	36	36	0	2	2	0	493	469	24	213	179	34	12	10	2	49	42	7	0	0	0	152	127	25	212	179	33	12	10	2	49	42	7	0	0	0	151	127	24	1	0	1	0	0	0	0	0	0	0	0	0	1	0	1	1075	377	698
21	386	3036	407338	0	0	VILLAGE	Kathakhuntia	Rural	140	595	305	290	56	32	24	0	0	0	281	140	141	387	228	159	208	77	131	292	180	112	71	37	34	7	7	0	9	9	0	1	1	0	54	20	34	221	143	78	2	1	1	80	59	21	25	7	18	114	76	38	147	99	48	1	0	1	63	51	12	21	6	15	62	42	20	74	44	30	1	1	0	17	8	9	4	1	3	52	34	18	303	125	178
21	386	3036	407339	0	0	VILLAGE	Gaudaput	Rural	82	500	260	240	55	37	18	0	0	0	0	0	0	395	208	187	105	52	53	250	163	87	103	94	9	37	35	2	1	1	0	9	9	0	56	49	7	147	69	78	73	29	44	14	11	3	5	4	1	55	25	30	139	66	73	72	29	43	11	10	1	4	3	1	52	24	28	8	3	5	1	0	1	3	1	2	1	1	0	3	1	2	250	97	153
21	386	3036	407340	0	0	VILLAGE	Barasahi	Rural	214	1068	537	531	117	66	51	128	61	67	389	192	197	770	409	361	298	128	170	455	316	139	353	254	99	1	1	0	211	129	82	5	5	0	136	119	17	102	62	40	2	2	0	25	14	11	0	0	0	75	46	29	102	62	40	2	2	0	25	14	11	0	0	0	75	46	29	0	0	0	0	0	0	0	0	0	0	0	0	0	0	0	613	221	392
21	386	3036	407341	0	0	VILLAGE	Kundilo	Rural	121	569	286	283	65	32	33	171	88	83	0	0	0	373	202	171	196	84	112	219	174	45	158	141	17	10	10	0	12	12	0	0	0	0	136	119	17	61	33	28	4	2	2	14	5	9	6	2	4	37	24	13	59	32	27	4	2	2	14	5	9	6	2	4	35	23	12	2	1	1	0	0	0	0	0	0	0	0	0	2	1	1	350	112	238
21	386	3036	407342	0	0	VILLAGE	Thakurpada	Rural	286	1359	712	647	146	70	76	102	53	49	145	75	70	1058	600	458	301	112	189	473	414	59	372	356	16	44	44	0	16	16	0	9	9	0	303	287	16	101	58	43	2	2	0	68	32	36	2	0	2	29	24	5	89	53	36	2	2	0	58	28	30	1	0	1	28	23	5	12	5	7	0	0	0	10	4	6	1	0	1	1	1	0	886	298	588
21	386	3036	407343	0	0	VILLAGE	Hosenpur	Rural	0	0	0	0	0	0	0	0	0	0	0	0	0	0	0	0	0	0	0	0	0	0	0	0	0	0	0	0	0	0	0	0	0	0	0	0	0	0	0	0	0	0	0	0	0	0	0	0	0	0	0	0	0	0	0	0	0	0	0	0	0	0	0	0	0	0	0	0	0	0	0	0	0	0	0	0	0	0	0	0	0	0	0	0	0
21	386	3036	407344	0	0	VILLAGE	Maharathapur	Rural	0	0	0	0	0	0	0	0	0	0	0	0	0	0	0	0	0	0	0	0	0	0	0	0	0	0	0	0	0	0	0	0	0	0	0	0	0	0	0	0	0	0	0	0	0	0	0	0	0	0	0	0	0	0	0	0	0	0	0	0	0	0	0	0	0	0	0	0	0	0	0	0	0	0	0	0	0	0	0	0	0	0	0	0	0
21	386	3036	407345	0	0	VILLAGE	Champapur	Rural	155	736	366	370	104	60	44	510	246	264	0	0	0	447	260	187	289	106	183	246	185	61	63	55	8	9	3	6	3	2	1	1	1	0	50	49	1	183	130	53	5	5	0	151	105	46	0	0	0	27	20	7	180	128	52	5	5	0	149	104	45	0	0	0	26	19	7	3	2	1	0	0	0	2	1	1	0	0	0	1	1	0	490	181	309
21	386	3036	407346	0	0	VILLAGE	Malipur	Rural	221	1108	565	543	98	50	48	159	75	84	0	0	0	929	493	436	179	72	107	326	306	20	295	285	10	59	56	3	8	8	0	17	16	1	211	205	6	31	21	10	3	3	0	3	3	0	1	1	0	24	14	10	30	20	10	3	3	0	3	3	0	1	1	0	23	13	10	1	1	0	0	0	0	0	0	0	0	0	0	1	1	0	782	259	523
21	386	3036	407347	0	0	VILLAGE	Niala	Rural	79	446	227	219	48	26	22	113	61	52	0	0	0	343	186	157	103	41	62	150	136	14	144	130	14	37	36	1	21	16	5	0	0	0	86	78	8	6	6	0	0	0	0	0	0	0	0	0	0	6	6	0	6	6	0	0	0	0	0	0	0	0	0	0	6	6	0	0	0	0	0	0	0	0	0	0	0	0	0	0	0	0	296	91	205
21	386	3036	407348	0	0	VILLAGE	Aranga	Rural	284	1421	716	705	138	73	65	174	86	88	92	42	50	1039	552	487	382	164	218	410	367	43	237	232	5	97	95	2	17	17	0	9	9	0	114	111	3	173	135	38	2	0	2	129	99	30	12	9	3	30	27	3	166	129	37	2	0	2	127	97	30	11	9	2	26	23	3	7	6	1	0	0	0	2	2	0	1	0	1	4	4	0	1011	349	662
21	386	3036	407349	0	0	VILLAGE	Tangiapada	Rural	248	1131	570	561	126	63	63	186	95	91	377	182	195	730	425	305	401	145	256	447	343	104	226	209	17	6	4	2	13	13	0	11	10	1	196	182	14	221	134	87	14	12	2	68	26	42	6	4	2	133	92	41	139	77	62	10	9	1	65	24	41	2	2	0	62	42	20	82	57	25	4	3	1	3	2	1	4	2	2	71	50	21	684	227	457
21	386	3036	407350	0	0	VILLAGE	Paikatigiria	Rural	387	2006	993	1013	229	103	126	422	212	210	359	133	226	1496	815	681	510	178	332	700	555	145	410	372	38	45	44	1	21	20	1	30	26	4	314	282	32	290	183	107	15	13	2	166	93	73	12	4	8	97	73	24	232	166	66	14	13	1	124	84	40	9	3	6	85	66	19	58	17	41	1	0	1	42	9	33	3	1	2	12	7	5	1306	438	868
21	386	3036	407351	0	0	VILLAGE	Chandapur	Rural	113	530	259	271	56	31	25	0	0	0	174	83	91	349	188	161	181	71	110	192	154	38	105	99	6	16	16	0	19	19	0	7	7	0	63	57	6	87	55	32	19	17	2	25	13	12	21	6	15	22	19	3	75	49	26	15	15	0	22	12	10	19	6	13	19	16	3	12	6	6	4	2	2	3	1	2	2	0	2	3	3	0	338	105	233
21	386	3036	407352	0	0	VILLAGE	Pubusahi	Rural	199	1050	541	509	114	58	56	14	7	7	0	0	0	852	461	391	198	80	118	326	300	26	135	121	14	33	32	1	16	16	0	8	6	2	78	67	11	191	179	12	10	9	1	62	61	1	18	18	0	101	91	10	131	121	10	10	9	1	45	45	0	13	13	0	63	54	9	60	58	2	0	0	0	17	16	1	5	5	0	38	37	1	724	241	483
21	386	3036	407353	0	0	VILLAGE	Kapileswarpur	Rural	176	944	490	454	96	52	44	111	51	60	129	64	65	663	376	287	281	114	167	333	280	53	207	185	22	17	16	1	51	45	6	6	4	2	133	120	13	126	95	31	4	3	1	97	72	25	1	1	0	24	19	5	103	76	27	4	3	1	82	58	24	1	1	0	16	14	2	23	19	4	0	0	0	15	14	1	0	0	0	8	5	3	611	210	401
21	386	3036	407354	0	0	VILLAGE	Olasingh	Rural	61	277	137	140	40	22	18	20	10	10	16	6	10	212	106	106	65	31	34	83	73	10	74	68	6	5	5	0	7	7	0	4	3	1	58	53	5	9	5	4	0	0	0	2	1	1	1	0	1	6	4	2	5	2	3	0	0	0	1	0	1	1	0	1	3	2	1	4	3	1	0	0	0	1	1	0	0	0	0	3	2	1	194	64	130
21	386	3036	407355	0	0	VILLAGE	Jayamangala	Rural	146	670	345	325	51	25	26	0	0	0	35	19	16	506	279	227	164	66	98	217	211	6	162	159	3	5	5	0	10	10	0	0	0	0	147	144	3	55	52	3	2	2	0	29	28	1	3	1	2	21	21	0	39	38	1	2	2	0	19	19	0	2	1	1	16	16	0	16	14	2	0	0	0	10	9	1	1	0	1	5	5	0	453	134	319
21	386	3036	407356	0	0	VILLAGE	Sananuagan	Rural	1	1	1	0	0	0	0	0	0	0	0	0	0	1	1	0	0	0	0	1	1	0	1	1	0	0	0	0	0	0	0	0	0	0	1	1	0	0	0	0	0	0	0	0	0	0	0	0	0	0	0	0	0	0	0	0	0	0	0	0	0	0	0	0	0	0	0	0	0	0	0	0	0	0	0	0	0	0	0	0	0	0	0	0	0
21	386	3036	407357	0	0	VILLAGE	Botalama	Rural	169	802	423	379	95	41	54	0	0	0	138	71	67	624	354	270	178	69	109	287	243	44	236	225	11	68	68	0	92	88	4	0	0	0	76	69	7	51	18	33	9	4	5	41	14	27	0	0	0	1	0	1	42	15	27	5	2	3	36	13	23	0	0	0	1	0	1	9	3	6	4	2	2	5	1	4	0	0	0	0	0	0	515	180	335
21	386	3036	407358	0	0	VILLAGE	Atri	Rural	351	1617	851	766	172	88	84	300	144	156	0	0	0	1278	719	559	339	132	207	514	488	26	451	428	23	127	124	3	85	85	0	3	3	0	236	216	20	63	60	3	32	30	2	20	20	0	2	2	0	9	8	1	60	57	3	32	30	2	17	17	0	2	2	0	9	8	1	3	3	0	0	0	0	3	3	0	0	0	0	0	0	0	1103	363	740
21	386	3036	407359	0	0	VILLAGE	Baandi	Rural	172	818	405	413	103	47	56	56	30	26	0	0	0	602	317	285	216	88	128	269	250	19	239	226	13	77	76	1	60	59	1	0	0	0	102	91	11	30	24	6	10	7	3	6	6	0	0	0	0	14	11	3	27	22	5	9	6	3	6	6	0	0	0	0	12	10	2	3	2	1	1	1	0	0	0	0	0	0	0	2	1	1	549	155	394
21	386	3036	407360	0	0	VILLAGE	Saradhapur	Rural	132	628	317	311	77	34	43	0	0	0	0	0	0	468	263	205	160	54	106	180	171	9	173	168	5	0	0	0	155	154	1	0	0	0	18	14	4	7	3	4	1	1	0	0	0	0	0	0	0	6	2	4	7	3	4	1	1	0	0	0	0	0	0	0	6	2	4	0	0	0	0	0	0	0	0	0	0	0	0	0	0	0	448	146	302
21	386	3036	407361	0	0	VILLAGE	Panasbasta	Rural	76	373	191	182	39	17	22	10	5	5	0	0	0	300	158	142	73	33	40	117	112	5	72	68	4	11	11	0	2	1	1	0	0	0	59	56	3	45	44	1	10	9	1	30	30	0	0	0	0	5	5	0	44	43	1	10	9	1	29	29	0	0	0	0	5	5	0	1	1	0	0	0	0	1	1	0	0	0	0	0	0	0	256	79	177
21	386	3036	407362	0	0	VILLAGE	Chutipalanga	Rural	182	893	468	425	98	59	39	557	292	265	301	159	142	673	375	298	220	93	127	310	244	66	293	238	55	39	38	1	137	97	40	0	0	0	117	103	14	17	6	11	1	1	0	11	5	6	2	0	2	3	0	3	12	5	7	1	1	0	6	4	2	2	0	2	3	0	3	5	1	4	0	0	0	5	1	4	0	0	0	0	0	0	583	224	359
21	386	3036	407363	0	0	VILLAGE	Raghunathapur	Rural	52	289	142	147	37	19	18	8	4	4	0	0	0	233	113	120	56	29	27	91	83	8	91	83	8	8	8	0	1	1	0	2	1	1	80	73	7	0	0	0	0	0	0	0	0	0	0	0	0	0	0	0	0	0	0	0	0	0	0	0	0	0	0	0	0	0	0	0	0	0	0	0	0	0	0	0	0	0	0	0	0	0	198	59	139
21	386	3036	407364	0	0	VILLAGE	Gopapuriapatpur	Rural	141	581	295	286	55	23	32	0	0	0	0	0	0	460	252	208	121	43	78	174	172	2	61	59	2	2	2	0	0	0	0	7	7	0	52	50	2	113	113	0	8	8	0	19	19	0	1	1	0	85	85	0	113	113	0	8	8	0	19	19	0	1	1	0	85	85	0	0	0	0	0	0	0	0	0	0	0	0	0	0	0	0	407	123	284
21	386	3036	407365	0	0	VILLAGE	NalipadaArjunpur	Rural	345	1493	755	738	189	86	103	251	125	126	443	215	228	933	535	398	560	220	340	537	443	94	384	368	16	57	57	0	200	194	6	15	15	0	112	102	10	153	75	78	5	0	5	74	33	41	1	1	0	73	41	32	111	66	45	4	0	4	33	24	9	1	1	0	73	41	32	42	9	33	1	0	1	41	9	32	0	0	0	0	0	0	956	312	644
21	386	3036	407366	0	0	VILLAGE	Barabhujia	Rural	0	0	0	0	0	0	0	0	0	0	0	0	0	0	0	0	0	0	0	0	0	0	0	0	0	0	0	0	0	0	0	0	0	0	0	0	0	0	0	0	0	0	0	0	0	0	0	0	0	0	0	0	0	0	0	0	0	0	0	0	0	0	0	0	0	0	0	0	0	0	0	0	0	0	0	0	0	0	0	0	0	0	0	0	0
21	386	3036	407367	0	0	VILLAGE	Taratua	Rural	628	3299	1689	1610	351	174	177	581	300	281	246	125	121	2291	1275	1016	1008	414	594	1164	912	252	700	621	79	48	40	8	43	39	4	39	38	1	570	504	66	464	291	173	126	112	14	56	16	40	9	7	2	273	156	117	415	277	138	121	107	14	19	12	7	8	7	1	267	151	116	49	14	35	5	5	0	37	4	33	1	0	1	6	5	1	2135	777	1358
21	386	3036	407368	0	0	VILLAGE	Wilkisannagar	Rural	236	1241	652	589	126	68	58	121	73	48	0	0	0	1031	557	474	210	95	115	397	366	31	338	326	12	80	79	1	17	16	1	19	18	1	222	213	9	59	40	19	2	2	0	1	1	0	5	2	3	51	35	16	45	30	15	2	2	0	1	1	0	4	1	3	38	26	12	14	10	4	0	0	0	0	0	0	1	1	0	13	9	4	844	286	558
21	386	3036	407369	0	0	VILLAGE	Kumbharbasta	Rural	511	2653	1374	1279	283	152	131	78	37	41	418	211	207	2122	1166	956	531	208	323	888	734	154	584	529	55	108	104	4	127	123	4	50	38	12	299	264	35	304	205	99	92	86	6	73	47	26	42	9	33	97	63	34	267	177	90	87	81	6	55	34	21	39	8	31	86	54	32	37	28	9	5	5	0	18	13	5	3	1	2	11	9	2	1765	640	1125
21	386	3036	407370	0	0	VILLAGE	Kanjiama	Rural	20	85	49	36	13	8	5	13	9	4	0	0	0	68	40	28	17	9	8	32	24	8	23	16	7	1	1	0	1	1	0	10	5	5	11	9	2	9	8	1	0	0	0	5	5	0	1	1	0	3	2	1	7	6	1	0	0	0	4	4	0	1	1	0	2	1	1	2	2	0	0	0	0	1	1	0	0	0	0	1	1	0	53	25	28
21	386	3036	407371	0	0	VILLAGE	Panabaraj	Rural	301	1631	852	779	151	74	77	93	45	48	246	130	116	1386	758	628	245	94	151	505	476	29	462	437	25	16	16	0	52	52	0	32	29	3	362	340	22	43	39	4	8	8	0	6	6	0	18	15	3	11	10	1	32	29	3	8	8	0	6	6	0	12	9	3	6	6	0	11	10	1	0	0	0	0	0	0	6	6	0	5	4	1	1126	376	750
21	386	3036	407372	0	0	VILLAGE	Palla	Rural	569	2847	1493	1354	271	145	126	28	14	14	156	79	77	2354	1290	1064	493	203	290	932	756	176	834	681	153	17	15	2	120	72	48	22	20	2	675	574	101	98	75	23	2	2	0	9	6	3	6	3	3	81	64	17	93	72	21	2	2	0	9	6	3	5	3	2	77	61	16	5	3	2	0	0	0	0	0	0	1	0	1	4	3	1	1915	737	1178
21	386	3036	407373	0	0	VILLAGE	Totapada	Rural	356	1966	1056	910	264	150	114	166	90	76	3	1	2	1512	856	656	454	200	254	691	581	110	553	525	28	19	19	0	137	129	8	41	41	0	356	336	20	138	56	82	6	6	0	120	44	76	2	1	1	10	5	5	135	55	80	5	5	0	118	44	74	2	1	1	10	5	5	3	1	2	1	1	0	2	0	2	0	0	0	0	0	0	1275	475	800
21	386	3036	407374	0	0	VILLAGE	Rasulpur	Rural	0	0	0	0	0	0	0	0	0	0	0	0	0	0	0	0	0	0	0	0	0	0	0	0	0	0	0	0	0	0	0	0	0	0	0	0	0	0	0	0	0	0	0	0	0	0	0	0	0	0	0	0	0	0	0	0	0	0	0	0	0	0	0	0	0	0	0	0	0	0	0	0	0	0	0	0	0	0	0	0	0	0	0	0	0
21	386	3036	407375	0	0	VILLAGE	Saradhapur	Rural	504	2500	1295	1205	326	175	151	0	0	0	369	201	168	1763	978	785	737	317	420	835	713	122	351	314	37	16	13	3	32	30	2	64	63	1	239	208	31	484	399	85	32	31	1	202	178	24	79	51	28	171	139	32	472	388	84	32	31	1	199	175	24	78	51	27	163	131	32	12	11	1	0	0	0	3	3	0	1	0	1	8	8	0	1665	582	1083
21	386	3036	407376	0	0	VILLAGE	Haladiapada	Rural	114	629	313	316	61	34	27	3	0	3	221	117	104	451	243	208	178	70	108	208	163	45	68	61	7	1	1	0	1	1	0	5	5	0	61	54	7	140	102	38	4	4	0	78	53	25	9	6	3	49	39	10	70	58	12	2	2	0	39	33	6	3	3	0	26	20	6	70	44	26	2	2	0	39	20	19	6	3	3	23	19	4	421	150	271
21	386	3036	407377	0	0	VILLAGE	Jakara	Rural	27	162	85	77	10	6	4	0	0	0	0	0	0	141	77	64	21	8	13	44	42	2	42	40	2	6	6	0	1	1	0	0	0	0	35	33	2	2	2	0	1	1	0	0	0	0	0	0	0	1	1	0	2	2	0	1	1	0	0	0	0	0	0	0	1	1	0	0	0	0	0	0	0	0	0	0	0	0	0	0	0	0	118	43	75
21	386	3036	407378	0	0	VILLAGE	Kalyanpur	Rural	39	192	96	96	18	11	7	0	0	0	0	0	0	159	84	75	33	12	21	44	37	7	44	37	7	5	5	0	0	0	0	0	0	0	39	32	7	0	0	0	0	0	0	0	0	0	0	0	0	0	0	0	0	0	0	0	0	0	0	0	0	0	0	0	0	0	0	0	0	0	0	0	0	0	0	0	0	0	0	0	0	0	148	59	89
21	386	3036	407379	0	0	VILLAGE	Beruhan	Rural	140	713	345	368	98	40	58	57	27	30	309	146	163	459	254	205	254	91	163	201	174	27	81	73	8	2	0	2	20	18	2	2	2	0	57	53	4	120	101	19	9	8	1	80	65	15	1	1	0	30	27	3	53	47	6	3	3	0	31	28	3	0	0	0	19	16	3	67	54	13	6	5	1	49	37	12	1	1	0	11	11	0	512	171	341
21	386	3036	407380	0	0	VILLAGE	Chhotarapur	Rural	111	626	315	311	57	29	28	54	24	30	0	0	0	489	263	226	137	52	85	178	176	2	140	138	2	33	33	0	0	0	0	1	1	0	106	104	2	38	38	0	1	1	0	3	3	0	0	0	0	34	34	0	37	37	0	1	1	0	2	2	0	0	0	0	34	34	0	1	1	0	0	0	0	1	1	0	0	0	0	0	0	0	448	139	309
21	386	3036	407381	0	0	VILLAGE	Jariput	Rural	255	1278	654	624	127	73	54	150	80	70	159	77	82	968	526	442	310	128	182	392	350	42	149	126	23	19	15	4	3	0	3	0	0	0	127	111	16	243	224	19	17	16	1	50	44	6	0	0	0	176	164	12	223	210	13	16	16	0	39	34	5	0	0	0	168	160	8	20	14	6	1	0	1	11	10	1	0	0	0	8	4	4	886	304	582
21	386	3036	801855	0	0	TOWN	Khordha (M)	Urban	9328	46205	23937	22268	4355	2282	2073	5716	2914	2802	1313	655	658	38582	20625	17957	7623	3312	4311	15221	12630	2591	13018	11196	1822	126	113	13	264	241	23	560	430	130	12068	10412	1656	2203	1434	769	50	33	17	157	82	75	144	69	75	1852	1250	602	1841	1195	646	48	32	16	111	57	54	113	61	52	1569	1045	524	362	239	123	2	1	1	46	25	21	31	8	23	283	205	78	30984	11307	19677
21	386	3036	801855	1	0	WARD	Khordha (M) WARD NO.-0001	Urban	416	2038	1034	1004	216	111	105	420	214	206	390	193	197	1577	838	739	461	196	265	821	597	224	501	431	70	14	9	5	11	10	1	28	24	4	448	388	60	320	166	154	1	0	1	4	3	1	18	6	12	297	157	140	283	155	128	1	0	1	3	2	1	16	6	10	263	147	116	37	11	26	0	0	0	1	1	0	2	0	2	34	10	24	1217	437	780
21	386	3036	801855	2	0	WARD	Khordha (M) WARD NO.-0002	Urban	251	1343	672	671	127	65	62	27	13	14	0	0	0	1143	584	559	200	88	112	411	370	41	376	340	36	3	3	0	8	8	0	5	5	0	360	324	36	35	30	5	0	0	0	2	2	0	7	7	0	26	21	5	35	30	5	0	0	0	2	2	0	7	7	0	26	21	5	0	0	0	0	0	0	0	0	0	0	0	0	0	0	0	932	302	630
21	386	3036	801855	3	0	WARD	Khordha (M) WARD NO.-0003	Urban	436	2339	1419	920	199	105	94	57	33	24	165	84	81	1946	1233	713	393	186	207	1055	881	174	942	854	88	3	3	0	11	9	2	36	30	6	892	812	80	113	27	86	4	2	2	13	0	13	11	5	6	85	20	65	95	21	74	4	2	2	12	0	12	7	3	4	72	16	56	18	6	12	0	0	0	1	0	1	4	2	2	13	4	9	1284	538	746
21	386	3036	801855	4	0	WARD	Khordha (M) WARD NO.-0004	Urban	472	2403	1270	1133	243	119	124	147	70	77	5	5	0	2008	1113	895	395	157	238	799	682	117	723	632	91	21	20	1	8	6	2	26	12	14	668	594	74	76	50	26	3	2	1	2	1	1	3	0	3	68	47	21	60	40	20	3	2	1	2	1	1	1	0	1	54	37	17	16	10	6	0	0	0	0	0	0	2	0	2	14	10	4	1604	588	1016
21	386	3036	801855	5	0	WARD	Khordha (M) WARD NO.-0005	Urban	369	1646	843	803	152	89	63	325	157	168	6	3	3	1368	707	661	278	136	142	563	428	135	517	403	114	2	0	2	14	12	2	19	7	12	482	384	98	46	25	21	1	1	0	0	0	0	1	0	1	44	24	20	40	22	18	1	1	0	0	0	0	1	0	1	38	21	17	6	3	3	0	0	0	0	0	0	0	0	0	6	3	3	1083	415	668
21	386	3036	801855	6	0	WARD	Khordha (M) WARD NO.-0006	Urban	625	2886	1493	1393	310	166	144	689	352	337	5	4	1	2261	1232	1029	625	261	364	1066	813	253	942	749	193	3	3	0	10	8	2	45	23	22	884	715	169	124	64	60	8	4	4	20	3	17	18	9	9	78	48	30	99	58	41	6	3	3	11	3	8	15	9	6	67	43	24	25	6	19	2	1	1	9	0	9	3	0	3	11	5	6	1820	680	1140
21	386	3036	801855	7	0	WARD	Khordha (M) WARD NO.-0007	Urban	434	2097	1073	1024	179	97	82	270	142	128	6	3	3	1817	948	869	280	125	155	647	548	99	613	530	83	9	8	1	15	13	2	62	52	10	527	457	70	34	18	16	1	0	1	4	4	0	4	0	4	25	14	11	33	17	16	1	0	1	3	3	0	4	0	4	25	14	11	1	1	0	0	0	0	1	1	0	0	0	0	0	0	0	1450	525	925
21	386	3036	801855	8	0	WARD	Khordha (M) WARD NO.-0008	Urban	582	2862	1441	1421	281	145	136	787	402	385	0	0	0	2456	1245	1211	406	196	210	759	629	130	696	590	106	1	1	0	2	2	0	35	20	15	658	567	91	63	39	24	3	2	1	3	3	0	6	3	3	51	31	20	60	37	23	3	2	1	3	3	0	6	3	3	48	29	19	3	2	1	0	0	0	0	0	0	0	0	0	3	2	1	2103	812	1291
21	386	3036	801855	9	0	WARD	Khordha (M) WARD NO.-0009	Urban	534	2430	1245	1185	278	152	126	186	101	85	6	5	1	2021	1051	970	409	194	215	767	636	131	717	611	106	14	13	1	8	8	0	18	16	2	677	574	103	50	25	25	0	0	0	23	8	15	4	1	3	23	16	7	46	24	22	0	0	0	23	8	15	3	1	2	20	15	5	4	1	3	0	0	0	0	0	0	1	0	1	3	1	2	1663	609	1054
21	386	3036	801855	10	0	WARD	Khordha (M) WARD NO.-0010	Urban	378	2218	1121	1097	204	105	99	95	48	47	632	307	325	1863	965	898	355	156	199	592	491	101	578	484	94	12	11	1	4	4	0	5	2	3	557	467	90	14	7	7	3	2	1	0	0	0	0	0	0	11	5	6	14	7	7	3	2	1	0	0	0	0	0	0	11	5	6	0	0	0	0	0	0	0	0	0	0	0	0	0	0	0	1626	630	996
21	386	3036	801855	11	0	WARD	Khordha (M) WARD NO.-0011	Urban	671	2902	1479	1423	262	154	108	620	314	306	24	14	10	2466	1277	1189	436	202	234	947	751	196	854	709	145	2	2	0	0	0	0	14	11	3	838	696	142	93	42	51	0	0	0	11	1	10	7	2	5	75	39	36	77	38	39	0	0	0	1	1	0	7	2	5	69	35	34	16	4	12	0	0	0	10	0	10	0	0	0	6	4	2	1955	728	1227
21	386	3036	801855	12	0	WARD	Khordha (M) WARD NO.-0012	Urban	492	2312	1219	1093	208	96	112	305	149	156	19	11	8	1996	1083	913	316	136	180	745	621	124	725	611	114	0	0	0	3	3	0	14	11	3	708	597	111	20	10	10	1	0	1	0	0	0	3	1	2	16	9	7	20	10	10	1	0	1	0	0	0	3	1	2	16	9	7	0	0	0	0	0	0	0	0	0	0	0	0	0	0	0	1567	598	969
21	386	3036	801855	13	0	WARD	Khordha (M) WARD NO.-0013	Urban	258	1334	675	659	116	60	56	235	119	116	2	1	1	1103	590	513	231	85	146	411	376	35	310	284	26	8	6	2	2	0	2	4	4	0	296	274	22	101	92	9	0	0	0	4	3	1	1	1	0	96	88	8	63	56	7	0	0	0	2	1	1	1	1	0	60	54	6	38	36	2	0	0	0	2	2	0	0	0	0	36	34	2	923	299	624
21	386	3036	801855	14	0	WARD	Khordha (M) WARD NO.-0014	Urban	305	1540	769	771	137	72	65	96	52	44	0	0	0	1329	670	659	211	99	112	519	425	94	406	354	52	0	0	0	4	3	1	38	34	4	364	317	47	113	71	42	3	1	2	1	1	0	8	7	1	101	62	39	82	43	39	3	1	2	1	1	0	5	5	0	73	36	37	31	28	3	0	0	0	0	0	0	3	2	1	28	26	2	1021	344	677
21	386	3036	801855	15	0	WARD	Khordha (M) WARD NO.-0015	Urban	386	1767	903	864	154	78	76	16	9	7	12	7	5	1536	803	733	231	100	131	594	496	98	552	463	89	2	2	0	4	4	0	0	0	0	546	457	89	42	33	9	0	0	0	1	1	0	1	0	1	40	32	8	41	32	9	0	0	0	1	1	0	1	0	1	39	31	8	1	1	0	0	0	0	0	0	0	0	0	0	1	1	0	1173	407	766
21	386	3036	801855	16	0	WARD	Khordha (M) WARD NO.-0016	Urban	536	2840	1462	1378	217	99	118	546	285	261	16	6	10	2416	1299	1117	424	163	261	844	695	149	749	630	119	1	1	0	10	8	2	10	9	1	728	612	116	95	65	30	5	5	0	16	5	11	3	3	0	71	52	19	90	64	26	5	5	0	16	5	11	3	3	0	66	51	15	5	1	4	0	0	0	0	0	0	0	0	0	5	1	4	1996	767	1229
21	386	3036	801855	17	0	WARD	Khordha (M) WARD NO.-0017	Urban	307	1500	769	731	142	71	71	303	151	152	2	1	1	1225	662	563	275	107	168	547	430	117	483	394	89	5	5	0	6	4	2	22	10	12	450	375	75	64	36	28	0	0	0	8	4	4	10	2	8	46	30	16	47	28	19	0	0	0	8	4	4	3	2	1	36	22	14	17	8	9	0	0	0	0	0	0	7	0	7	10	8	2	953	339	614
21	386	3036	801855	18	0	WARD	Khordha (M) WARD NO.-0018	Urban	531	2674	1378	1296	267	133	134	12	9	3	0	0	0	2222	1195	1027	452	183	269	907	781	126	749	672	77	16	16	0	37	34	3	140	128	12	556	494	62	158	109	49	6	4	2	5	5	0	9	5	4	138	95	43	148	100	48	6	4	2	0	0	0	8	4	4	134	92	42	10	9	1	0	0	0	5	5	0	1	1	0	4	3	1	1767	597	1170
21	386	3036	801855	19	0	WARD	Khordha (M) WARD NO.-0019	Urban	299	1517	764	753	119	62	57	56	23	33	0	0	0	1324	681	643	193	83	110	464	421	43	429	393	36	0	0	0	0	0	0	8	8	0	421	385	36	35	28	7	1	1	0	0	0	0	1	1	0	33	26	7	34	27	7	1	1	0	0	0	0	1	1	0	32	25	7	1	1	0	0	0	0	0	0	0	0	0	0	1	1	0	1053	343	710
21	386	3036	801855	20	0	WARD	Khordha (M) WARD NO.-0020	Urban	328	1541	803	738	116	66	50	70	36	34	19	9	10	1329	707	622	212	96	116	569	456	113	371	319	52	3	3	0	1	1	0	15	9	6	352	306	46	198	137	61	4	3	1	3	2	1	12	5	7	179	127	52	151	107	44	4	3	1	1	1	0	7	3	4	139	100	39	47	30	17	0	0	0	2	1	1	5	2	3	40	27	13	972	347	625
21	386	3036	801855	21	0	WARD	Khordha (M) WARD NO.-0021	Urban	342	1996	1031	965	223	122	101	250	124	126	0	0	0	1485	817	668	511	214	297	562	544	18	368	360	8	5	5	0	99	97	2	2	2	0	262	256	6	194	184	10	0	0	0	5	5	0	5	5	0	184	174	10	138	129	9	0	0	0	3	3	0	4	4	0	131	122	9	56	55	1	0	0	0	2	2	0	1	1	0	53	52	1	1434	487	947
21	386	3036	801855	22	0	WARD	Khordha (M) WARD NO.-0022	Urban	376	2020	1074	946	205	115	90	204	111	93	4	2	2	1691	925	766	329	149	180	632	559	73	417	383	34	2	2	0	7	7	0	14	13	1	394	361	33	215	176	39	6	6	0	32	31	1	12	6	6	165	133	32	185	150	35	6	6	0	19	18	1	10	6	4	150	120	30	30	26	4	0	0	0	13	13	0	2	0	2	15	13	2	1388	515	873
21	386	3037	0	0	0	SUB-DISTRICT	Khordha Sadar	Total	12457	62040	31681	30359	6908	3514	3394	8061	4063	3998	5256	2607	2649	47123	25625	21498	14917	6056	8861	21279	17346	3933	15951	14040	1911	3180	3015	165	2675	2331	344	773	623	150	9323	8071	1252	5328	3306	2022	522	429	93	1825	1104	721	330	164	166	2651	1609	1042	4143	2879	1264	475	401	74	1156	922	234	275	146	129	2237	1410	827	1185	427	758	47	28	19	669	182	487	55	18	37	414	199	215	40761	14335	26426
21	386	3037	0	0	0	SUB-DISTRICT	Khordha Sadar	Rural	11580	57528	29355	28173	6376	3236	3140	7843	3954	3889	5038	2497	2541	43734	23757	19977	13794	5598	8196	19946	16163	3783	14934	13113	1821	3152	2987	165	2640	2296	344	766	617	149	8376	7213	1163	5012	3050	1962	415	322	93	1786	1071	715	329	164	165	2482	1493	989	3835	2629	1206	368	294	74	1119	891	228	274	146	128	2074	1298	776	1177	421	756	47	28	19	667	180	487	55	18	37	408	195	213	37582	13192	24390
21	386	3037	0	0	0	SUB-DISTRICT	Khordha Sadar	Urban	877	4512	2326	2186	532	278	254	218	109	109	218	110	108	3389	1868	1521	1123	458	665	1333	1183	150	1017	927	90	28	28	0	35	35	0	7	6	1	947	858	89	316	256	60	107	107	0	39	33	6	1	0	1	169	116	53	308	250	58	107	107	0	37	31	6	1	0	1	163	112	51	8	6	2	0	0	0	2	2	0	0	0	0	6	4	2	3179	1143	2036
21	386	3037	407382	0	0	VILLAGE	Balipatana	Rural	69	347	172	175	36	20	16	0	0	0	0	0	0	306	150	156	41	22	19	98	87	11	80	78	2	32	30	2	33	33	0	0	0	0	15	15	0	18	9	9	3	1	2	1	0	1	0	0	0	14	8	6	18	9	9	3	1	2	1	0	1	0	0	0	14	8	6	0	0	0	0	0	0	0	0	0	0	0	0	0	0	0	249	85	164
21	386	3037	407383	0	0	VILLAGE	Patnibalipatana	Rural	104	455	224	231	63	27	36	148	70	78	87	43	44	375	192	183	80	32	48	253	163	90	221	153	68	7	7	0	71	41	30	8	3	5	135	102	33	32	10	22	1	0	1	10	6	4	17	2	15	4	2	2	28	10	18	1	0	1	9	6	3	14	2	12	4	2	2	4	0	4	0	0	0	1	0	1	3	0	3	0	0	0	202	61	141
21	386	3037	407384	0	0	VILLAGE	Barapada	Rural	179	796	416	380	52	28	24	0	0	0	0	0	0	714	377	337	82	39	43	317	245	72	283	235	48	93	92	1	23	23	0	27	4	23	140	116	24	34	10	24	2	2	0	6	6	0	13	1	12	13	1	12	34	10	24	2	2	0	6	6	0	13	1	12	13	1	12	0	0	0	0	0	0	0	0	0	0	0	0	0	0	0	479	171	308
21	386	3037	407385	0	0	VILLAGE	Pattimal	Rural	50	245	125	120	21	12	9	0	0	0	0	0	0	215	112	103	30	13	17	88	72	16	86	70	16	9	9	0	17	17	0	29	17	12	31	27	4	2	2	0	0	0	0	2	2	0	0	0	0	0	0	0	2	2	0	0	0	0	2	2	0	0	0	0	0	0	0	0	0	0	0	0	0	0	0	0	0	0	0	0	0	0	157	53	104
21	386	3037	407386	0	0	VILLAGE	Sriramapur	Rural	62	304	157	147	47	24	23	7	4	3	139	71	68	152	87	65	152	70	82	74	69	5	72	67	5	8	7	1	45	45	0	1	1	0	18	14	4	2	2	0	0	0	0	0	0	0	0	0	0	2	2	0	2	2	0	0	0	0	0	0	0	0	0	0	2	2	0	0	0	0	0	0	0	0	0	0	0	0	0	0	0	0	230	88	142
21	386	3037	407387	0	0	VILLAGE	Chhania	Rural	207	1035	530	505	135	72	63	42	21	21	202	101	101	749	415	334	286	115	171	308	295	13	277	269	8	78	75	3	109	108	1	1	1	0	89	85	4	31	26	5	1	1	0	24	20	4	1	1	0	5	4	1	28	24	4	1	1	0	23	20	3	1	1	0	3	2	1	3	2	1	0	0	0	1	0	1	0	0	0	2	2	0	727	235	492
21	386	3037	407388	0	0	VILLAGE	Karadagadia	Rural	344	1602	821	781	206	106	100	15	9	6	2	0	2	1226	660	566	376	161	215	715	550	165	555	495	60	121	121	0	149	114	35	16	14	2	269	246	23	160	55	105	15	14	1	12	10	2	21	1	20	112	30	82	101	37	64	14	13	1	9	8	1	16	0	16	62	16	46	59	18	41	1	1	0	3	2	1	5	1	4	50	14	36	887	271	616
21	386	3037	407389	0	0	VILLAGE	Kesarada	Rural	0	0	0	0	0	0	0	0	0	0	0	0	0	0	0	0	0	0	0	0	0	0	0	0	0	0	0	0	0	0	0	0	0	0	0	0	0	0	0	0	0	0	0	0	0	0	0	0	0	0	0	0	0	0	0	0	0	0	0	0	0	0	0	0	0	0	0	0	0	0	0	0	0	0	0	0	0	0	0	0	0	0	0	0	0
21	386	3037	407390	0	0	VILLAGE	Sikharada	Rural	11	42	24	18	5	4	1	0	0	0	0	0	0	35	19	16	7	5	2	18	13	5	13	13	0	8	8	0	2	2	0	0	0	0	3	3	0	5	0	5	0	0	0	0	0	0	0	0	0	5	0	5	2	0	2	0	0	0	0	0	0	0	0	0	2	0	2	3	0	3	0	0	0	0	0	0	0	0	0	3	0	3	24	11	13
21	386	3037	407391	0	0	VILLAGE	Godisahi	Rural	101	464	251	213	47	29	18	42	22	20	0	0	0	388	218	170	76	33	43	154	148	6	149	145	4	57	57	0	13	12	1	1	1	0	78	75	3	5	3	2	0	0	0	1	1	0	0	0	0	4	2	2	5	3	2	0	0	0	1	1	0	0	0	0	4	2	2	0	0	0	0	0	0	0	0	0	0	0	0	0	0	0	310	103	207
21	386	3037	407392	0	0	VILLAGE	Godi 	Rural	98	468	249	219	53	32	21	73	41	32	0	0	0	349	203	146	119	46	73	142	136	6	139	136	3	83	82	1	17	17	0	0	0	0	39	37	2	3	0	3	0	0	0	0	0	0	2	0	2	1	0	1	3	0	3	0	0	0	0	0	0	2	0	2	1	0	1	0	0	0	0	0	0	0	0	0	0	0	0	0	0	0	326	113	213
21	386	3037	407393	0	0	VILLAGE	Masania	Rural	13	95	47	48	10	5	5	31	18	13	0	0	0	78	41	37	17	6	11	31	30	1	17	16	1	1	1	0	0	0	0	0	0	0	16	15	1	14	14	0	0	0	0	14	14	0	0	0	0	0	0	0	14	14	0	0	0	0	14	14	0	0	0	0	0	0	0	0	0	0	0	0	0	0	0	0	0	0	0	0	0	0	64	17	47
21	386	3037	407394	0	0	VILLAGE	Bhatapada	Rural	148	696	336	360	74	32	42	72	34	38	0	0	0	565	297	268	131	39	92	198	191	7	195	191	4	71	71	0	71	70	1	5	5	0	48	45	3	3	0	3	0	0	0	0	0	0	1	0	1	2	0	2	3	0	3	0	0	0	0	0	0	1	0	1	2	0	2	0	0	0	0	0	0	0	0	0	0	0	0	0	0	0	498	145	353
21	386	3037	407395	0	0	VILLAGE	Phulachhachuni	Rural	0	0	0	0	0	0	0	0	0	0	0	0	0	0	0	0	0	0	0	0	0	0	0	0	0	0	0	0	0	0	0	0	0	0	0	0	0	0	0	0	0	0	0	0	0	0	0	0	0	0	0	0	0	0	0	0	0	0	0	0	0	0	0	0	0	0	0	0	0	0	0	0	0	0	0	0	0	0	0	0	0	0	0	0	0
21	386	3037	407396	0	0	VILLAGE	Ramasingprasad	Rural	105	448	228	220	44	17	27	0	0	0	0	0	0	369	200	169	79	28	51	129	121	8	113	111	2	32	32	0	23	23	0	2	1	1	56	55	1	16	10	6	3	3	0	4	4	0	1	0	1	8	3	5	16	10	6	3	3	0	4	4	0	1	0	1	8	3	5	0	0	0	0	0	0	0	0	0	0	0	0	0	0	0	319	107	212
21	386	3037	407397	0	0	VILLAGE	Durgapur	Rural	170	808	428	380	83	46	37	27	16	11	0	0	0	636	359	277	172	69	103	224	219	5	21	18	3	0	0	0	0	0	0	1	1	0	20	17	3	203	201	2	72	71	1	38	38	0	4	4	0	89	88	1	201	199	2	72	71	1	38	38	0	4	4	0	87	86	1	2	2	0	0	0	0	0	0	0	0	0	0	2	2	0	584	209	375
21	386	3037	407398	0	0	VILLAGE	Gokulapur	Rural	141	714	365	349	86	36	50	83	42	41	123	62	61	599	323	276	115	42	73	215	200	15	189	175	14	12	12	0	104	97	7	7	5	2	66	61	5	26	25	1	1	1	0	7	6	1	6	6	0	12	12	0	25	24	1	1	1	0	7	6	1	5	5	0	12	12	0	1	1	0	0	0	0	0	0	0	1	1	0	0	0	0	499	165	334
21	386	3037	407399	0	0	VILLAGE	Managobindapur	Rural	204	1021	503	518	118	63	55	471	236	235	113	46	67	692	372	320	329	131	198	373	295	78	185	177	8	12	11	1	29	27	2	10	10	0	134	129	5	188	118	70	19	17	2	111	53	58	2	2	0	56	46	10	149	97	52	19	17	2	83	40	43	2	2	0	45	38	7	39	21	18	0	0	0	28	13	15	0	0	0	11	8	3	648	208	440
21	386	3037	407400	0	0	VILLAGE	Jagannathpurpatna	Rural	82	419	219	200	44	27	17	9	4	5	0	0	0	333	174	159	86	45	41	149	128	21	59	51	8	5	1	4	0	0	0	3	2	1	51	48	3	90	77	13	3	3	0	15	14	1	0	0	0	72	60	12	79	68	11	3	3	0	13	12	1	0	0	0	63	53	10	11	9	2	0	0	0	2	2	0	0	0	0	9	7	2	270	91	179
21	386	3037	407401	0	0	VILLAGE	Lalitadeipurpatana	Rural	131	586	301	285	47	23	24	253	125	128	0	0	0	477	261	216	109	40	69	177	167	10	94	87	7	17	15	2	10	10	0	6	6	0	61	56	5	83	80	3	1	1	0	10	10	0	31	31	0	41	38	3	83	80	3	1	1	0	10	10	0	31	31	0	41	38	3	0	0	0	0	0	0	0	0	0	0	0	0	0	0	0	409	134	275
21	386	3037	407402	0	0	VILLAGE	Nilakanthapurpatna	Rural	33	161	84	77	19	10	9	0	0	0	0	0	0	134	72	62	27	12	15	47	45	2	44	42	2	4	3	1	8	7	1	10	10	0	22	22	0	3	3	0	0	0	0	0	0	0	1	1	0	2	2	0	3	3	0	0	0	0	0	0	0	1	1	0	2	2	0	0	0	0	0	0	0	0	0	0	0	0	0	0	0	0	114	39	75
21	386	3037	407403	0	0	VILLAGE	Narasinghpur	Rural	136	630	309	321	84	41	43	219	109	110	1	1	0	435	227	208	195	82	113	220	180	40	182	154	28	9	8	1	4	3	1	9	7	2	160	136	24	38	26	12	1	1	0	3	3	0	5	5	0	29	17	12	23	14	9	1	1	0	2	2	0	3	3	0	17	8	9	15	12	3	0	0	0	1	1	0	2	2	0	12	9	3	410	129	281
21	386	3037	407404	0	0	VILLAGE	Bangida	Rural	112	552	277	275	43	23	20	12	7	5	0	0	0	487	249	238	65	28	37	190	167	23	176	159	17	58	54	4	0	0	0	12	11	1	106	94	12	14	8	6	4	2	2	3	1	2	0	0	0	7	5	2	14	8	6	4	2	2	3	1	2	0	0	0	7	5	2	0	0	0	0	0	0	0	0	0	0	0	0	0	0	0	362	110	252
21	386	3037	407405	0	0	VILLAGE	Radhakantapur	Rural	118	576	275	301	60	26	34	37	20	17	223	114	109	358	188	170	218	87	131	228	165	63	220	164	56	51	43	8	9	7	2	3	3	0	157	111	46	8	1	7	7	0	7	0	0	0	0	0	0	1	1	0	8	1	7	7	0	7	0	0	0	0	0	0	1	1	0	0	0	0	0	0	0	0	0	0	0	0	0	0	0	0	348	110	238
21	386	3037	407406	0	0	VILLAGE	Adakhandia	Rural	188	850	420	430	93	54	39	229	115	114	112	52	60	618	321	297	232	99	133	307	216	91	252	197	55	86	70	16	10	9	1	8	4	4	148	114	34	55	19	36	13	4	9	14	6	8	5	0	5	23	9	14	48	18	30	12	4	8	10	6	4	4	0	4	22	8	14	7	1	6	1	0	1	4	0	4	1	0	1	1	1	0	543	204	339
21	386	3037	407407	0	0	VILLAGE	Chandi	Rural	50	228	114	114	24	9	15	151	78	73	0	0	0	175	94	81	53	20	33	59	59	0	59	59	0	20	20	0	16	16	0	0	0	0	23	23	0	0	0	0	0	0	0	0	0	0	0	0	0	0	0	0	0	0	0	0	0	0	0	0	0	0	0	0	0	0	0	0	0	0	0	0	0	0	0	0	0	0	0	0	0	0	169	55	114
21	386	3037	407408	0	0	VILLAGE	Kokasingh	Rural	137	607	309	298	55	23	32	145	74	71	0	0	0	510	273	237	97	36	61	154	145	9	110	101	9	14	13	1	1	1	0	0	0	0	95	87	8	44	44	0	0	0	0	43	43	0	0	0	0	1	1	0	44	44	0	0	0	0	43	43	0	0	0	0	1	1	0	0	0	0	0	0	0	0	0	0	0	0	0	0	0	0	453	164	289
21	386	3037	407409	0	0	VILLAGE	Kunjuri	Rural	193	932	494	438	95	55	40	101	51	50	208	105	103	738	410	328	194	84	110	285	243	42	258	223	35	59	54	5	110	93	17	0	0	0	89	76	13	27	20	7	0	0	0	0	0	0	0	0	0	27	20	7	25	18	7	0	0	0	0	0	0	0	0	0	25	18	7	2	2	0	0	0	0	0	0	0	0	0	0	2	2	0	647	251	396
21	386	3037	407410	0	0	VILLAGE	Kunjabeharipatna	Rural	118	614	321	293	61	30	31	20	9	11	0	0	0	494	275	219	120	46	74	208	177	31	187	169	18	40	39	1	17	17	0	2	1	1	128	112	16	21	8	13	1	1	0	6	5	1	1	0	1	13	2	11	18	7	11	0	0	0	6	5	1	1	0	1	11	2	9	3	1	2	1	1	0	0	0	0	0	0	0	2	0	2	406	144	262
21	386	3037	407411	0	0	VILLAGE	Nianmunha	Rural	256	1136	593	543	100	59	41	10	5	5	245	124	121	892	496	396	244	97	147	290	263	27	256	234	22	28	28	0	62	59	3	58	53	5	108	94	14	34	29	5	8	7	1	13	12	1	5	3	2	8	7	1	26	22	4	7	7	0	9	8	1	5	3	2	5	4	1	8	7	1	1	0	1	4	4	0	0	0	0	3	3	0	846	330	516
21	386	3037	407412	0	0	VILLAGE	Dalatola	Rural	91	415	214	201	64	34	30	0	0	0	0	0	0	329	174	155	86	40	46	142	118	24	96	91	5	13	13	0	34	34	0	2	2	0	47	42	5	46	27	19	1	1	0	37	20	17	1	0	1	7	6	1	42	24	18	1	1	0	33	17	16	1	0	1	7	6	1	4	3	1	0	0	0	4	3	1	0	0	0	0	0	0	273	96	177
21	386	3037	407413	0	0	VILLAGE	Madhapur	Rural	97	585	302	283	71	31	40	0	0	0	0	0	0	468	257	211	117	45	72	202	186	16	201	185	16	134	133	1	18	8	10	2	1	1	47	43	4	1	1	0	0	0	0	1	1	0	0	0	0	0	0	0	1	1	0	0	0	0	1	1	0	0	0	0	0	0	0	0	0	0	0	0	0	0	0	0	0	0	0	0	0	0	383	116	267
21	386	3037	407414	0	0	VILLAGE	Bhatapada	Rural	140	803	402	401	80	39	41	0	0	0	0	0	0	586	316	270	217	86	131	215	207	8	161	156	5	82	81	1	19	18	1	1	1	0	59	56	3	54	51	3	2	2	0	38	38	0	1	0	1	13	11	2	35	33	2	2	2	0	21	21	0	0	0	0	12	10	2	19	18	1	0	0	0	17	17	0	1	0	1	1	1	0	588	195	393
21	386	3037	407415	0	0	VILLAGE	Kankadahad	Rural	88	396	193	203	46	23	23	163	76	87	0	0	0	253	132	121	143	61	82	122	98	24	21	20	1	2	2	0	0	0	0	4	4	0	15	14	1	101	78	23	8	8	0	92	69	23	0	0	0	1	1	0	35	34	1	7	7	0	27	26	1	0	0	0	1	1	0	66	44	22	1	1	0	65	43	22	0	0	0	0	0	0	274	95	179
21	386	3037	407416	0	0	VILLAGE	mangalpur	Rural	109	556	280	276	54	31	23	31	14	17	117	56	61	469	240	229	87	40	47	210	167	43	51	43	8	4	4	0	1	1	0	0	0	0	46	38	8	159	124	35	4	4	0	82	53	29	1	1	0	72	66	6	158	123	35	4	4	0	82	53	29	1	1	0	71	65	6	1	1	0	0	0	0	0	0	0	0	0	0	1	1	0	346	113	233
21	386	3037	407417	0	0	VILLAGE	Bengitangi	Rural	196	888	470	418	83	45	38	47	25	22	149	86	63	638	367	271	250	103	147	321	269	52	141	135	6	24	23	1	13	10	3	13	13	0	91	89	2	180	134	46	18	17	1	86	58	28	6	6	0	70	53	17	133	116	17	16	15	1	58	54	4	5	5	0	54	42	12	47	18	29	2	2	0	28	4	24	1	1	0	16	11	5	567	201	366
21	386	3037	407418	0	0	VILLAGE	Saanta	Rural	150	666	342	324	59	33	26	133	66	67	1	1	0	525	280	245	141	62	79	207	169	38	176	145	31	5	4	1	51	41	10	5	1	4	115	99	16	31	24	7	5	5	0	10	8	2	0	0	0	16	11	5	24	17	7	3	3	0	7	5	2	0	0	0	14	9	5	7	7	0	2	2	0	3	3	0	0	0	0	2	2	0	459	173	286
21	386	3037	407419	0	0	VILLAGE	Deulatangi	Rural	171	842	418	424	82	33	49	54	23	31	3	2	1	612	333	279	230	85	145	291	245	46	197	185	12	57	57	0	79	76	3	6	5	1	55	47	8	94	60	34	6	4	2	7	7	0	2	2	0	79	47	32	91	57	34	6	4	2	6	6	0	2	2	0	77	45	32	3	3	0	0	0	0	1	1	0	0	0	0	2	2	0	551	173	378
21	386	3037	407420	0	0	VILLAGE	Dalaiput	Rural	272	1405	726	679	177	87	90	170	86	84	0	0	0	1085	598	487	320	128	192	465	414	51	445	404	41	45	43	2	57	57	0	16	16	0	327	288	39	20	10	10	4	2	2	3	2	1	0	0	0	13	6	7	12	6	6	3	1	2	2	2	0	0	0	0	7	3	4	8	4	4	1	1	0	1	0	1	0	0	0	6	3	3	940	312	628
21	386	3037	407421	0	0	VILLAGE	Sialiapatna	Rural	176	816	416	400	81	32	49	0	0	0	104	46	58	634	355	279	182	61	121	339	230	109	122	115	7	45	43	2	23	21	2	6	6	0	48	45	3	217	115	102	5	1	4	12	12	0	51	41	10	149	61	88	202	102	100	5	1	4	12	12	0	43	33	10	142	56	86	15	13	2	0	0	0	0	0	0	8	8	0	7	5	2	477	186	291
21	386	3037	407422	0	0	VILLAGE	Berhampura	Rural	114	512	255	257	73	33	40	0	0	0	313	150	163	295	167	128	217	88	129	168	141	27	100	98	2	6	6	0	17	17	0	0	0	0	77	75	2	68	43	25	5	5	0	5	4	1	0	0	0	58	34	24	68	43	25	5	5	0	5	4	1	0	0	0	58	34	24	0	0	0	0	0	0	0	0	0	0	0	0	0	0	0	344	114	230
21	386	3037	407423	0	0	VILLAGE	Baniatangi	Rural	449	2191	1121	1070	254	134	120	683	341	342	0	0	0	1671	914	757	520	207	313	871	630	241	676	573	103	73	73	0	233	185	48	11	11	0	359	304	55	195	57	138	24	11	13	137	19	118	3	2	1	31	25	6	44	34	10	9	7	2	7	5	2	2	2	0	26	20	6	151	23	128	15	4	11	130	14	116	1	0	1	5	5	0	1320	491	829
21	386	3037	407424	0	0	VILLAGE	Nausingh	Rural	19	108	49	59	13	4	9	0	0	0	0	0	0	89	42	47	19	7	12	30	29	1	28	28	0	19	19	0	0	0	0	0	0	0	9	9	0	2	1	1	0	0	0	1	1	0	0	0	0	1	0	1	2	1	1	0	0	0	1	1	0	0	0	0	1	0	1	0	0	0	0	0	0	0	0	0	0	0	0	0	0	0	78	20	58
21	386	3037	407425	0	0	VILLAGE	Kadalibari	Rural	94	513	247	266	42	19	23	20	9	11	175	88	87	380	197	183	133	50	83	173	133	40	153	127	26	42	42	0	3	2	1	2	2	0	106	81	25	20	6	14	0	0	0	0	0	0	0	0	0	20	6	14	20	6	14	0	0	0	0	0	0	0	0	0	20	6	14	0	0	0	0	0	0	0	0	0	0	0	0	0	0	0	340	114	226
21	386	3037	407426	0	0	VILLAGE	Pallakothabad	Rural	0	0	0	0	0	0	0	0	0	0	0	0	0	0	0	0	0	0	0	0	0	0	0	0	0	0	0	0	0	0	0	0	0	0	0	0	0	0	0	0	0	0	0	0	0	0	0	0	0	0	0	0	0	0	0	0	0	0	0	0	0	0	0	0	0	0	0	0	0	0	0	0	0	0	0	0	0	0	0	0	0	0	0	0	0
21	386	3037	407427	0	0	VILLAGE	Kuradhamal	Rural	280	1496	786	710	151	84	67	175	94	81	155	75	80	1121	622	499	375	164	211	477	418	59	371	332	39	30	30	0	38	37	1	6	5	1	297	260	37	106	86	20	3	3	0	17	16	1	0	0	0	86	67	19	106	86	20	3	3	0	17	16	1	0	0	0	86	67	19	0	0	0	0	0	0	0	0	0	0	0	0	0	0	0	1019	368	651
21	386	3037	407428	0	0	VILLAGE	Somanathapur	Rural	123	610	319	291	63	38	25	68	39	29	0	0	0	465	251	214	145	68	77	350	179	171	201	167	34	38	30	8	4	4	0	4	4	0	155	129	26	149	12	137	5	2	3	11	4	7	0	0	0	133	6	127	145	12	133	4	2	2	9	4	5	0	0	0	132	6	126	4	0	4	1	0	1	2	0	2	0	0	0	1	0	1	260	140	120
21	386	3037	407429	0	0	VILLAGE	Dadhimachhagadia	Rural	388	1815	947	868	234	126	108	128	66	62	671	342	329	1213	667	546	602	280	322	727	539	188	681	522	159	81	80	1	10	7	3	42	27	15	548	408	140	46	17	29	3	2	1	4	3	1	2	0	2	37	12	25	39	16	23	3	2	1	4	3	1	2	0	2	30	11	19	7	1	6	0	0	0	0	0	0	0	0	0	7	1	6	1088	408	680
21	386	3037	407430	0	0	VILLAGE	Chhatrama	Rural	99	494	255	239	51	24	27	0	0	0	0	0	0	410	221	189	84	34	50	172	157	15	144	137	7	9	9	0	132	125	7	0	0	0	3	3	0	28	20	8	2	2	0	7	7	0	0	0	0	19	11	8	25	18	7	2	2	0	6	6	0	0	0	0	17	10	7	3	2	1	0	0	0	1	1	0	0	0	0	2	1	1	322	98	224
21	386	3037	407431	0	0	VILLAGE	Bajapur	Rural	822	4052	2060	1992	445	207	238	255	128	127	592	278	314	3008	1668	1340	1044	392	652	1535	1145	390	1189	950	239	115	109	6	394	267	127	128	106	22	552	468	84	346	195	151	26	15	11	65	49	16	84	30	54	171	101	70	288	172	116	23	14	9	57	42	15	60	27	33	148	89	59	58	23	35	3	1	2	8	7	1	24	3	21	23	12	11	2517	915	1602
21	386	3037	407432	0	0	VILLAGE	Nandapur	Rural	249	1266	640	626	126	68	58	413	208	205	0	0	0	1042	553	489	224	87	137	376	326	50	341	309	32	74	74	0	51	50	1	36	30	6	180	155	25	35	17	18	1	1	0	0	0	0	1	1	0	33	15	18	27	14	13	0	0	0	0	0	0	1	1	0	26	13	13	8	3	5	1	1	0	0	0	0	0	0	0	7	2	5	890	314	576
21	386	3037	407433	0	0	VILLAGE	Chhatipur	Rural	280	1490	764	726	159	81	78	118	58	60	147	72	75	1143	631	512	347	133	214	503	424	79	413	378	35	115	110	5	22	21	1	116	108	8	160	139	21	90	46	44	7	6	1	35	12	23	9	6	3	39	22	17	77	42	35	7	6	1	27	11	16	9	6	3	34	19	15	13	4	9	0	0	0	8	1	7	0	0	0	5	3	2	987	340	647
21	386	3037	407434	0	0	VILLAGE	Keranda	Rural	0	0	0	0	0	0	0	0	0	0	0	0	0	0	0	0	0	0	0	0	0	0	0	0	0	0	0	0	0	0	0	0	0	0	0	0	0	0	0	0	0	0	0	0	0	0	0	0	0	0	0	0	0	0	0	0	0	0	0	0	0	0	0	0	0	0	0	0	0	0	0	0	0	0	0	0	0	0	0	0	0	0	0	0	0
21	386	3037	407435	0	0	VILLAGE	Mahatapalla	Rural	77	365	193	172	25	18	7	0	0	0	42	21	21	287	156	131	78	37	41	126	119	7	120	115	5	35	34	1	63	62	1	5	5	0	17	14	3	6	4	2	0	0	0	4	3	1	0	0	0	2	1	1	6	4	2	0	0	0	4	3	1	0	0	0	2	1	1	0	0	0	0	0	0	0	0	0	0	0	0	0	0	0	239	74	165
21	386	3037	407436	0	0	VILLAGE	Durgapur	Rural	118	671	363	308	75	46	29	126	72	54	0	0	0	528	291	237	143	72	71	214	210	4	128	126	2	17	17	0	26	26	0	14	14	0	71	69	2	86	84	2	10	10	0	21	21	0	3	2	1	52	51	1	70	69	1	9	9	0	18	18	0	3	2	1	40	40	0	16	15	1	1	1	0	3	3	0	0	0	0	12	11	1	457	153	304
21	386	3037	407437	0	0	VILLAGE	Jhinkijhari	Rural	275	1403	695	708	188	86	102	322	168	154	252	120	132	977	525	452	426	170	256	571	423	148	458	383	75	38	35	3	17	15	2	1	1	0	402	332	70	113	40	73	6	4	2	15	6	9	19	0	19	73	30	43	102	39	63	5	4	1	13	6	7	17	0	17	67	29	38	11	1	10	1	0	1	2	0	2	2	0	2	6	1	5	832	272	560
21	386	3037	407438	0	0	VILLAGE	Nijigarh Tapanga	Rural	425	2379	1179	1200	277	144	133	318	151	167	605	313	292	1721	915	806	658	264	394	811	597	214	578	479	99	56	51	5	1	1	0	3	2	1	518	425	93	233	118	115	13	4	9	10	6	4	3	0	3	207	108	99	104	60	44	10	2	8	3	1	2	1	0	1	90	57	33	129	58	71	3	2	1	7	5	2	2	0	2	117	51	66	1568	582	986
21	386	3037	407439	0	0	VILLAGE	Narasinghaprasad	Rural	141	625	314	311	83	42	41	1	0	1	239	120	119	412	224	188	213	90	123	217	165	52	117	109	8	26	26	0	10	9	1	0	0	0	81	74	7	100	56	44	0	0	0	22	17	5	0	0	0	78	39	39	96	52	44	0	0	0	22	17	5	0	0	0	74	35	39	4	4	0	0	0	0	0	0	0	0	0	0	4	4	0	408	149	259
21	386	3037	407440	0	0	VILLAGE	Dhaulimunha	Rural	550	3058	1567	1491	357	191	166	928	468	460	0	0	0	2295	1256	1039	763	311	452	1227	860	367	828	744	84	186	177	9	99	90	9	7	7	0	536	470	66	399	116	283	19	18	1	263	36	227	9	4	5	108	58	50	159	89	70	17	16	1	55	21	34	7	3	4	80	49	31	240	27	213	2	2	0	208	15	193	2	1	1	28	9	19	1831	707	1124
21	386	3037	407441	0	0	VILLAGE	Gopinathapur	Rural	188	1036	538	498	133	66	67	446	237	209	0	0	0	771	437	334	265	101	164	429	315	114	346	250	96	198	142	56	4	3	1	66	36	30	78	69	9	83	65	18	20	10	10	57	54	3	1	0	1	5	1	4	82	64	18	20	10	10	56	53	3	1	0	1	5	1	4	1	1	0	0	0	0	1	1	0	0	0	0	0	0	0	607	223	384
21	386	3037	407442	0	0	VILLAGE	Brajamohanpur	Rural	246	1295	630	665	165	82	83	113	50	63	0	0	0	975	495	480	320	135	185	357	337	20	342	329	13	150	150	0	116	115	1	13	13	0	63	51	12	15	8	7	0	0	0	3	2	1	0	0	0	12	6	6	15	8	7	0	0	0	3	2	1	0	0	0	12	6	6	0	0	0	0	0	0	0	0	0	0	0	0	0	0	0	938	293	645
21	386	3037	407443	0	0	VILLAGE	Ramachandi	Rural	80	432	216	216	31	18	13	88	43	45	0	0	0	375	191	184	57	25	32	108	99	9	100	92	8	10	10	0	33	32	1	4	4	0	53	46	7	8	7	1	0	0	0	7	6	1	0	0	0	1	1	0	8	7	1	0	0	0	7	6	1	0	0	0	1	1	0	0	0	0	0	0	0	0	0	0	0	0	0	0	0	0	324	117	207
21	386	3037	407444	0	0	VILLAGE	Durgaprasad	Rural	216	1203	609	594	145	75	70	220	107	113	0	0	0	852	474	378	351	135	216	392	342	50	279	256	23	65	64	1	9	9	0	4	4	0	201	179	22	113	86	27	2	2	0	66	52	14	3	0	3	42	32	10	94	79	15	2	2	0	51	47	4	2	0	2	39	30	9	19	7	12	0	0	0	15	5	10	1	0	1	3	2	1	811	267	544
21	386	3037	407445	0	0	VILLAGE	Grameswarpur	Rural	0	0	0	0	0	0	0	0	0	0	0	0	0	0	0	0	0	0	0	0	0	0	0	0	0	0	0	0	0	0	0	0	0	0	0	0	0	0	0	0	0	0	0	0	0	0	0	0	0	0	0	0	0	0	0	0	0	0	0	0	0	0	0	0	0	0	0	0	0	0	0	0	0	0	0	0	0	0	0	0	0	0	0	0	0
21	386	3037	407446	0	0	VILLAGE	Sadheigarh	Rural	0	0	0	0	0	0	0	0	0	0	0	0	0	0	0	0	0	0	0	0	0	0	0	0	0	0	0	0	0	0	0	0	0	0	0	0	0	0	0	0	0	0	0	0	0	0	0	0	0	0	0	0	0	0	0	0	0	0	0	0	0	0	0	0	0	0	0	0	0	0	0	0	0	0	0	0	0	0	0	0	0	0	0	0	0
21	386	3037	407447	0	0	VILLAGE	Saradhapur	Rural	326	1444	739	705	156	73	83	55	28	27	0	0	0	1157	627	530	287	112	175	335	302	33	257	239	18	139	134	5	34	34	0	14	13	1	70	58	12	78	63	15	16	14	2	26	25	1	7	7	0	29	17	12	72	57	15	15	13	2	24	23	1	7	7	0	26	14	12	6	6	0	1	1	0	2	2	0	0	0	0	3	3	0	1109	437	672
21	386	3037	407448	0	0	VILLAGE	Haripur	Rural	206	1122	603	519	117	60	57	0	0	0	0	0	0	847	489	358	275	114	161	331	318	13	174	167	7	23	23	0	29	28	1	0	0	0	122	116	6	157	151	6	1	1	0	54	50	4	1	0	1	101	100	1	155	151	4	1	1	0	52	50	2	1	0	1	101	100	1	2	0	2	0	0	0	2	0	2	0	0	0	0	0	0	791	285	506
21	386	3037	407449	0	0	VILLAGE	Banamalipur	Rural	103	489	249	240	61	30	31	25	11	14	0	0	0	379	209	170	110	40	70	150	145	5	34	29	5	2	1	1	2	2	0	0	0	0	30	26	4	116	116	0	14	14	0	62	62	0	4	4	0	36	36	0	99	99	0	13	13	0	47	47	0	3	3	0	36	36	0	17	17	0	1	1	0	15	15	0	1	1	0	0	0	0	339	104	235
21	386	3037	407450	0	0	VILLAGE	Raipur	Rural	123	595	299	296	63	31	32	30	14	16	0	0	0	486	257	229	109	42	67	160	153	7	147	145	2	118	116	2	10	10	0	8	8	0	11	11	0	13	8	5	1	1	0	11	7	4	1	0	1	0	0	0	13	8	5	1	1	0	11	7	4	1	0	1	0	0	0	0	0	0	0	0	0	0	0	0	0	0	0	0	0	0	435	146	289
21	386	3037	407451	0	0	VILLAGE	Basanta	Rural	148	726	371	355	90	44	46	94	50	44	0	0	0	587	315	272	139	56	83	214	198	16	116	108	8	6	6	0	14	13	1	0	0	0	96	89	7	98	90	8	16	12	4	56	55	1	0	0	0	26	23	3	73	66	7	10	6	4	42	41	1	0	0	0	21	19	2	25	24	1	6	6	0	14	14	0	0	0	0	5	4	1	512	173	339
21	386	3037	407452	0	0	VILLAGE	Anda	Rural	120	533	270	263	56	23	33	26	13	13	0	0	0	441	239	202	92	31	61	149	143	6	75	70	5	4	4	0	5	5	0	7	7	0	59	54	5	74	73	1	8	8	0	25	25	0	1	1	0	40	39	1	72	71	1	8	8	0	25	25	0	1	1	0	38	37	1	2	2	0	0	0	0	0	0	0	0	0	0	2	2	0	384	127	257
21	386	3037	407453	0	0	VILLAGE	Jagannathpur	Rural	222	1162	610	552	117	57	60	360	183	177	0	0	0	928	519	409	234	91	143	476	355	121	347	321	26	46	44	2	14	10	4	1	1	0	286	266	20	129	34	95	4	4	0	71	5	66	0	0	0	54	25	29	32	23	9	3	3	0	8	3	5	0	0	0	21	17	4	97	11	86	1	1	0	63	2	61	0	0	0	33	8	25	686	255	431
21	386	3037	407454	0	0	VILLAGE	Kiajhari	Rural	36	168	75	93	18	9	9	30	13	17	18	8	10	127	58	69	41	17	24	90	45	45	61	40	21	3	3	0	2	0	2	0	0	0	56	37	19	29	5	24	1	0	1	16	1	15	0	0	0	12	4	8	6	2	4	0	0	0	3	0	3	0	0	0	3	2	1	23	3	20	1	0	1	13	1	12	0	0	0	9	2	7	78	30	48
21	386	3037	407455	0	0	VILLAGE	Malipada	Rural	13	72	37	35	6	2	4	6	3	3	0	0	0	54	30	24	18	7	11	42	24	18	27	22	5	2	2	0	0	0	0	0	0	0	25	20	5	15	2	13	0	0	0	10	1	9	0	0	0	5	1	4	1	0	1	0	0	0	0	0	0	0	0	0	1	0	1	14	2	12	0	0	0	10	1	9	0	0	0	4	1	3	30	13	17
21	386	3037	407456	0	0	TOWN	Kaipadar (CT)  	Urban	877	4512	2326	2186	532	278	254	218	109	109	218	110	108	3389	1868	1521	1123	458	665	1333	1183	150	1017	927	90	28	28	0	35	35	0	7	6	1	947	858	89	316	256	60	107	107	0	39	33	6	1	0	1	169	116	53	308	250	58	107	107	0	37	31	6	1	0	1	163	112	51	8	6	2	0	0	0	2	2	0	0	0	0	6	4	2	3179	1143	2036
21	386	3037	407456	1	0	WARD	Kaipadar (CT)   WARD NO.-0001	Urban	877	4512	2326	2186	532	278	254	218	109	109	218	110	108	3389	1868	1521	1123	458	665	1333	1183	150	1017	927	90	28	28	0	35	35	0	7	6	1	947	858	89	316	256	60	107	107	0	39	33	6	1	0	1	169	116	53	308	250	58	107	107	0	37	31	6	1	0	1	163	112	51	8	6	2	0	0	0	2	2	0	0	0	0	6	4	2	3179	1143	2036
21	386	3038	0	0	0	SUB-DISTRICT	Chandaka	Total	11380	55468	28369	27099	6331	3249	3082	5331	2627	2704	13704	6883	6821	39977	22270	17707	15491	6099	9392	19405	15555	3850	13461	11660	1801	2480	2304	176	2207	1796	411	506	452	54	8268	7108	1160	5944	3895	2049	534	440	94	2647	1581	1066	219	155	64	2544	1719	825	4603	3132	1471	469	396	73	2235	1382	853	180	132	48	1719	1222	497	1341	763	578	65	44	21	412	199	213	39	23	16	825	497	328	36063	12814	23249
21	386	3038	0	0	0	SUB-DISTRICT	Chandaka	Rural	11380	55468	28369	27099	6331	3249	3082	5331	2627	2704	13704	6883	6821	39977	22270	17707	15491	6099	9392	19405	15555	3850	13461	11660	1801	2480	2304	176	2207	1796	411	506	452	54	8268	7108	1160	5944	3895	2049	534	440	94	2647	1581	1066	219	155	64	2544	1719	825	4603	3132	1471	469	396	73	2235	1382	853	180	132	48	1719	1222	497	1341	763	578	65	44	21	412	199	213	39	23	16	825	497	328	36063	12814	23249
21	386	3038	0	0	0	SUB-DISTRICT	Chandaka	Urban	0	0	0	0	0	0	0	0	0	0	0	0	0	0	0	0	0	0	0	0	0	0	0	0	0	0	0	0	0	0	0	0	0	0	0	0	0	0	0	0	0	0	0	0	0	0	0	0	0	0	0	0	0	0	0	0	0	0	0	0	0	0	0	0	0	0	0	0	0	0	0	0	0	0	0	0	0	0	0	0	0	0	0	0	0
21	386	3038	407457	0	0	VILLAGE	Bhalunka	Rural	39	213	107	106	46	18	28	0	0	0	199	98	101	61	36	25	152	71	81	75	59	16	70	56	14	3	3	0	2	2	0	1	1	0	64	50	14	5	3	2	0	0	0	1	1	0	0	0	0	4	2	2	3	1	2	0	0	0	1	1	0	0	0	0	2	0	2	2	2	0	0	0	0	0	0	0	0	0	0	2	2	0	138	48	90
21	386	3038	407458	0	0	VILLAGE	Chudanga	Rural	158	764	400	364	116	54	62	12	6	6	592	313	279	415	264	151	349	136	213	318	215	103	60	47	13	31	21	10	5	4	1	1	1	0	23	21	2	258	168	90	2	2	0	8	5	3	3	1	2	245	160	85	68	57	11	2	2	0	3	3	0	0	0	0	63	52	11	190	111	79	0	0	0	5	2	3	3	1	2	182	108	74	446	185	261
21	386	3038	407459	0	0	VILLAGE	Krushnanagar	Rural	100	468	227	241	78	45	33	5	2	3	425	205	220	255	132	123	213	95	118	160	110	50	154	109	45	5	4	1	0	0	0	4	4	0	145	101	44	6	1	5	1	0	1	0	0	0	1	0	1	4	1	3	6	1	5	1	0	1	0	0	0	1	0	1	4	1	3	0	0	0	0	0	0	0	0	0	0	0	0	0	0	0	308	117	191
21	386	3038	407460	0	0	VILLAGE	Jujhagada	Rural	432	2165	1092	1073	210	98	112	291	138	153	34	19	15	1697	926	771	468	166	302	735	630	105	685	601	84	232	204	28	61	42	19	42	40	2	350	315	35	50	29	21	2	1	1	15	10	5	3	2	1	30	16	14	44	24	20	2	1	1	13	9	4	3	2	1	26	12	14	6	5	1	0	0	0	2	1	1	0	0	0	4	4	0	1430	462	968
21	386	3038	407461	0	0	VILLAGE	Bhuasuni	Rural	49	176	99	77	26	12	14	12	7	5	96	54	42	132	86	46	44	13	31	63	50	13	56	48	8	1	0	1	1	1	0	0	0	0	54	47	7	7	2	5	1	0	1	3	0	3	0	0	0	3	2	1	7	2	5	1	0	1	3	0	3	0	0	0	3	2	1	0	0	0	0	0	0	0	0	0	0	0	0	0	0	0	113	49	64
21	386	3038	407462	0	0	VILLAGE	Daruthenga	Rural	555	2663	1352	1311	233	116	117	170	83	87	0	0	0	2079	1142	937	584	210	374	745	695	50	576	543	33	135	130	5	7	7	0	7	5	2	427	401	26	169	152	17	7	6	1	36	34	2	4	3	1	122	109	13	97	83	14	5	4	1	15	13	2	4	3	1	73	63	10	72	69	3	2	2	0	21	21	0	0	0	0	49	46	3	1918	657	1261
21	386	3038	407463	0	0	VILLAGE	Shyamsundarpur	Rural	71	297	153	144	39	18	21	15	6	9	137	77	60	199	112	87	98	41	57	139	89	50	111	85	26	10	10	0	13	9	4	6	2	4	82	64	18	28	4	24	6	1	5	11	1	10	6	1	5	5	1	4	27	3	24	6	1	5	11	1	10	5	0	5	5	1	4	1	1	0	0	0	0	0	0	0	1	1	0	0	0	0	158	64	94
21	386	3038	407464	0	0	VILLAGE	Tulasadeipur	Rural	39	145	70	75	24	6	18	8	4	4	77	32	45	101	59	42	44	11	33	83	49	34	57	45	12	3	1	2	2	2	0	0	0	0	52	42	10	26	4	22	3	1	2	5	0	5	0	0	0	18	3	15	24	3	21	3	1	2	5	0	5	0	0	0	16	2	14	2	1	1	0	0	0	0	0	0	0	0	0	2	1	1	62	21	41
21	386	3038	407465	0	0	VILLAGE	Similipatana	Rural	471	2293	1179	1114	262	137	125	433	219	214	611	308	303	1522	863	659	771	316	455	940	669	271	461	385	76	79	77	2	27	24	3	2	2	0	353	282	71	479	284	195	10	8	2	162	86	76	4	1	3	303	189	114	249	160	89	10	8	2	121	67	54	2	1	1	116	84	32	230	124	106	0	0	0	41	19	22	2	0	2	187	105	82	1353	510	843
21	386	3038	407466	0	0	VILLAGE	Chandaka Jogisahi	Rural	491	2267	1167	1100	256	128	128	374	180	194	169	90	79	1685	947	738	582	220	362	766	636	130	563	515	48	110	109	1	69	65	4	55	54	1	329	287	42	203	121	82	2	0	2	52	31	21	17	14	3	132	76	56	95	56	39	2	0	2	30	18	12	15	12	3	48	26	22	108	65	43	0	0	0	22	13	9	2	2	0	84	50	34	1501	531	970
21	386	3038	407467	0	0	VILLAGE	Sundarpur	Rural	65	337	171	166	72	38	34	0	0	0	195	99	96	149	82	67	188	89	99	131	84	47	108	80	28	19	19	0	17	6	11	0	0	0	72	55	17	23	4	19	2	1	1	13	1	12	0	0	0	8	2	6	13	3	10	2	1	1	6	0	6	0	0	0	5	2	3	10	1	9	0	0	0	7	1	6	0	0	0	3	0	3	206	87	119
21	386	3038	407468	0	0	VILLAGE	Kujimahal	Rural	374	1684	897	787	189	97	92	14	10	4	535	289	246	1221	723	498	463	174	289	612	552	60	504	481	23	134	127	7	150	141	9	5	5	0	215	208	7	108	71	37	1	1	0	47	28	19	4	1	3	56	41	15	96	61	35	1	1	0	43	24	19	4	1	3	48	35	13	12	10	2	0	0	0	4	4	0	0	0	0	8	6	2	1072	345	727
21	386	3038	407469	0	0	VILLAGE	Anlapatana	Rural	0	0	0	0	0	0	0	0	0	0	0	0	0	0	0	0	0	0	0	0	0	0	0	0	0	0	0	0	0	0	0	0	0	0	0	0	0	0	0	0	0	0	0	0	0	0	0	0	0	0	0	0	0	0	0	0	0	0	0	0	0	0	0	0	0	0	0	0	0	0	0	0	0	0	0	0	0	0	0	0	0	0	0	0	0
21	386	3038	407470	0	0	VILLAGE	Dalua	Rural	137	724	327	397	100	46	54	10	0	10	666	302	364	488	245	243	236	82	154	268	176	92	130	111	19	1	1	0	71	63	8	3	3	0	55	44	11	138	65	73	0	0	0	137	64	73	0	0	0	1	1	0	138	65	73	0	0	0	137	64	73	0	0	0	1	1	0	0	0	0	0	0	0	0	0	0	0	0	0	0	0	0	456	151	305
21	386	3038	407471	0	0	VILLAGE	Bhola	Rural	89	531	273	258	72	39	33	4	2	2	5	2	3	398	216	182	133	57	76	169	156	13	112	101	11	62	57	5	0	0	0	0	0	0	50	44	6	57	55	2	14	13	1	1	0	1	0	0	0	42	42	0	49	47	2	7	6	1	1	0	1	0	0	0	41	41	0	8	8	0	7	7	0	0	0	0	0	0	0	1	1	0	362	117	245
21	386	3038	407472	0	0	VILLAGE	Jagannathprasad	Rural	589	2867	1477	1390	313	174	139	111	54	57	764	399	365	2098	1157	941	769	320	449	962	783	179	917	747	170	119	113	6	66	65	1	23	19	4	709	550	159	45	36	9	2	0	2	11	10	1	0	0	0	32	26	6	44	36	8	2	0	2	11	10	1	0	0	0	31	26	5	1	0	1	0	0	0	0	0	0	0	0	0	1	0	1	1905	694	1211
21	386	3038	407473	0	0	VILLAGE	Andharua	Rural	500	2372	1176	1196	222	120	102	582	274	308	286	145	141	1800	970	830	572	206	366	874	725	149	728	641	87	137	130	7	66	64	2	1	1	0	524	446	78	146	84	62	15	14	1	73	45	28	5	1	4	53	24	29	146	84	62	15	14	1	73	45	28	5	1	4	53	24	29	0	0	0	0	0	0	0	0	0	0	0	0	0	0	0	1498	451	1047
21	386	3038	407474	0	0	VILLAGE	Dasapur	Rural	448	2277	1148	1129	393	208	185	0	0	0	1738	872	866	1105	696	409	1172	452	720	834	570	264	729	525	204	205	172	33	143	69	74	23	22	1	358	262	96	105	45	60	5	5	0	39	13	26	4	4	0	57	23	34	100	44	56	5	5	0	36	12	24	4	4	0	55	23	32	5	1	4	0	0	0	3	1	2	0	0	0	2	0	2	1443	578	865
21	386	3038	407475	0	0	VILLAGE	Malipada	Rural	325	1658	841	817	175	89	86	0	0	0	0	0	0	1350	703	647	308	138	170	480	420	60	428	378	50	37	32	5	20	17	3	34	27	7	337	302	35	52	42	10	2	2	0	23	20	3	2	1	1	25	19	6	44	36	8	2	2	0	23	20	3	1	1	0	18	13	5	8	6	2	0	0	0	0	0	0	1	0	1	7	6	1	1178	421	757
21	386	3038	407476	0	0	VILLAGE	Nuagan	Rural	201	989	518	471	113	60	53	534	277	257	0	0	0	691	409	282	298	109	189	393	301	92	287	272	15	58	58	0	55	50	5	9	8	1	165	156	9	106	29	77	2	2	0	78	9	69	12	6	6	14	12	2	82	29	53	2	2	0	56	9	47	11	6	5	13	12	1	24	0	24	0	0	0	22	0	22	1	0	1	1	0	1	596	217	379
21	386	3038	407477	0	0	VILLAGE	Paikarapur	Rural	349	1805	906	899	188	101	87	383	181	202	0	0	0	1382	742	640	423	164	259	507	459	48	467	433	34	89	89	0	75	69	6	9	9	0	294	266	28	40	26	14	5	4	1	14	7	7	7	5	2	14	10	4	35	23	12	5	4	1	14	7	7	6	4	2	10	8	2	5	3	2	0	0	0	0	0	0	1	1	0	4	2	2	1298	447	851
21	386	3038	407478	0	0	VILLAGE	Bidyadharpur	Rural	35	144	85	59	10	6	4	0	0	0	2	1	1	126	74	52	18	11	7	47	43	4	46	42	4	7	7	0	3	3	0	0	0	0	36	32	4	1	1	0	1	1	0	0	0	0	0	0	0	0	0	0	1	1	0	1	1	0	0	0	0	0	0	0	0	0	0	0	0	0	0	0	0	0	0	0	0	0	0	0	0	0	97	42	55
21	386	3038	407479	0	0	VILLAGE	Managobindapur	Rural	0	0	0	0	0	0	0	0	0	0	0	0	0	0	0	0	0	0	0	0	0	0	0	0	0	0	0	0	0	0	0	0	0	0	0	0	0	0	0	0	0	0	0	0	0	0	0	0	0	0	0	0	0	0	0	0	0	0	0	0	0	0	0	0	0	0	0	0	0	0	0	0	0	0	0	0	0	0	0	0	0	0	0	0	0
21	386	3038	407480	0	0	VILLAGE	Gothapatna	Rural	251	1641	974	667	115	61	54	0	0	0	383	197	186	1316	833	483	325	141	184	438	344	94	295	235	60	12	10	2	74	42	32	14	12	2	195	171	24	143	109	34	11	6	5	32	31	1	23	17	6	77	55	22	135	104	31	9	5	4	31	30	1	22	17	5	73	52	21	8	5	3	2	1	1	1	1	0	1	0	1	4	3	1	1203	630	573
21	386	3038	407481	0	0	VILLAGE	Ghangapatna	Rural	355	1640	847	793	150	87	63	60	32	28	393	198	195	1254	696	558	386	151	235	678	500	178	359	332	27	56	55	1	55	50	5	55	53	2	193	174	19	319	168	151	52	29	23	108	48	60	15	10	5	144	81	63	161	102	59	34	25	9	46	26	20	9	8	1	72	43	29	158	66	92	18	4	14	62	22	40	6	2	4	72	38	34	962	347	615
21	386	3038	407482	0	0	VILLAGE	Kantabad	Rural	488	2461	1234	1227	286	145	141	201	100	101	387	179	208	1816	976	840	645	258	387	836	713	123	689	634	55	150	148	2	140	120	20	16	16	0	383	350	33	147	79	68	9	5	4	90	41	49	1	1	0	47	32	15	124	68	56	9	5	4	70	32	38	1	1	0	44	30	14	23	11	12	0	0	0	20	9	11	0	0	0	3	2	1	1625	521	1104
21	386	3038	407483	0	0	VILLAGE	Bhagabatipur	Rural	267	1204	575	629	194	89	105	15	9	6	890	418	472	740	407	333	464	168	296	492	325	167	334	280	54	25	22	3	207	174	33	2	1	1	100	83	17	158	45	113	2	1	1	135	30	105	0	0	0	21	14	7	158	45	113	2	1	1	135	30	105	0	0	0	21	14	7	0	0	0	0	0	0	0	0	0	0	0	0	0	0	0	712	250	462
21	386	3038	407484	0	0	VILLAGE	Giringaput	Rural	271	1260	661	599	130	71	59	25	13	12	494	245	249	1004	549	455	256	112	144	476	388	88	376	354	22	115	112	3	141	128	13	11	11	0	109	103	6	100	34	66	5	2	3	58	16	42	0	0	0	37	16	21	96	33	63	4	1	3	55	16	39	0	0	0	37	16	21	4	1	3	1	1	0	3	0	3	0	0	0	0	0	0	784	273	511
21	386	3038	407485	0	0	VILLAGE	Barapita	Rural	58	298	154	144	96	46	50	1	1	0	275	139	136	143	85	58	155	69	86	118	65	53	112	61	51	1	1	0	69	35	34	4	2	2	38	23	15	6	4	2	0	0	0	5	3	2	0	0	0	1	1	0	6	4	2	0	0	0	5	3	2	0	0	0	1	1	0	0	0	0	0	0	0	0	0	0	0	0	0	0	0	0	180	89	91
21	386	3038	407486	0	0	VILLAGE	Haridamada	Rural	176	666	353	313	79	46	33	0	0	0	330	172	158	396	246	150	270	107	163	297	210	87	205	162	43	26	23	3	96	71	25	8	6	2	75	62	13	92	48	44	0	0	0	66	32	34	11	6	5	15	10	5	62	32	30	0	0	0	42	21	21	7	3	4	13	8	5	30	16	14	0	0	0	24	11	13	4	3	1	2	2	0	369	143	226
21	386	3038	407487	0	0	VILLAGE	Krishnamohanpur	Rural	0	0	0	0	0	0	0	0	0	0	0	0	0	0	0	0	0	0	0	0	0	0	0	0	0	0	0	0	0	0	0	0	0	0	0	0	0	0	0	0	0	0	0	0	0	0	0	0	0	0	0	0	0	0	0	0	0	0	0	0	0	0	0	0	0	0	0	0	0	0	0	0	0	0	0	0	0	0	0	0	0	0	0	0	0
21	386	3038	407488	0	0	VILLAGE	Fakirpada	Rural	0	0	0	0	0	0	0	0	0	0	0	0	0	0	0	0	0	0	0	0	0	0	0	0	0	0	0	0	0	0	0	0	0	0	0	0	0	0	0	0	0	0	0	0	0	0	0	0	0	0	0	0	0	0	0	0	0	0	0	0	0	0	0	0	0	0	0	0	0	0	0	0	0	0	0	0	0	0	0	0	0	0	0	0	0
21	386	3038	407489	0	0	VILLAGE	Koduamunda	Rural	0	0	0	0	0	0	0	0	0	0	0	0	0	0	0	0	0	0	0	0	0	0	0	0	0	0	0	0	0	0	0	0	0	0	0	0	0	0	0	0	0	0	0	0	0	0	0	0	0	0	0	0	0	0	0	0	0	0	0	0	0	0	0	0	0	0	0	0	0	0	0	0	0	0	0	0	0	0	0	0	0	0	0	0	0
21	386	3038	407490	0	0	VILLAGE	Kadambajhara	Rural	0	0	0	0	0	0	0	0	0	0	0	0	0	0	0	0	0	0	0	0	0	0	0	0	0	0	0	0	0	0	0	0	0	0	0	0	0	0	0	0	0	0	0	0	0	0	0	0	0	0	0	0	0	0	0	0	0	0	0	0	0	0	0	0	0	0	0	0	0	0	0	0	0	0	0	0	0	0	0	0	0	0	0	0	0
21	386	3038	407491	0	0	VILLAGE	Haripur	Rural	73	319	166	153	35	20	15	26	14	12	13	5	8	264	139	125	55	27	28	91	82	9	88	80	8	1	1	0	3	3	0	0	0	0	84	76	8	3	2	1	0	0	0	0	0	0	0	0	0	3	2	1	3	2	1	0	0	0	0	0	0	0	0	0	3	2	1	0	0	0	0	0	0	0	0	0	0	0	0	0	0	0	228	84	144
21	386	3038	407492	0	0	VILLAGE	Mendhasal	Rural	769	3867	1961	1906	415	216	199	721	356	365	5	1	4	2819	1521	1298	1048	440	608	1225	1061	164	697	648	49	56	52	4	49	45	4	15	14	1	577	537	40	528	413	115	113	108	5	191	129	62	8	7	1	216	169	47	438	370	68	108	103	5	130	109	21	7	6	1	193	152	41	90	43	47	5	5	0	61	20	41	1	1	0	23	17	6	2642	900	1742
21	386	3038	407493	0	0	VILLAGE	Jamujhari	Rural	245	1235	672	563	116	54	62	43	32	11	352	187	165	969	566	403	266	106	160	434	394	40	341	322	19	64	64	0	47	42	5	8	7	1	222	209	13	93	72	21	5	5	0	41	26	15	8	5	3	39	36	3	78	59	19	4	4	0	35	21	14	7	5	2	32	29	3	15	13	2	1	1	0	6	5	1	1	0	1	7	7	0	801	278	523
21	386	3038	407494	0	0	VILLAGE	Binjhagiri	Rural	257	1113	577	536	143	79	64	44	21	23	712	367	345	657	393	264	456	184	272	556	329	227	203	151	52	45	33	12	49	28	21	0	0	0	109	90	19	353	178	175	38	32	6	306	141	165	1	1	0	8	4	4	341	171	170	33	29	4	300	138	162	1	1	0	7	3	4	12	7	5	5	3	2	6	3	3	0	0	0	1	1	0	557	248	309
21	386	3038	407495	0	0	VILLAGE	Angarpada	Rural	145	701	364	337	66	37	29	0	0	0	183	97	86	515	308	207	186	56	130	242	203	39	217	180	37	73	72	1	82	51	31	5	5	0	57	52	5	25	23	2	2	2	0	13	12	1	0	0	0	10	9	1	22	20	2	1	1	0	13	12	1	0	0	0	8	7	1	3	3	0	1	1	0	0	0	0	0	0	0	2	2	0	459	161	298
21	386	3038	407496	0	0	VILLAGE	Majana	Rural	162	730	356	374	91	42	49	40	17	23	270	133	137	547	302	245	183	54	129	302	206	96	24	20	4	3	3	0	0	0	0	0	0	0	21	17	4	278	186	92	38	36	2	65	46	19	7	5	2	168	99	69	105	81	24	26	24	2	13	13	0	4	4	0	62	40	22	173	105	68	12	12	0	52	33	19	3	1	2	106	59	47	428	150	278
21	386	3038	407497	0	0	VILLAGE	Minichinipatna	Rural	169	734	379	355	80	43	37	0	0	0	509	261	248	555	305	250	179	74	105	272	202	70	96	77	19	12	12	0	44	36	8	1	1	0	39	28	11	176	125	51	28	21	7	67	53	14	1	1	0	80	50	30	169	119	50	27	20	7	62	48	14	1	1	0	79	50	29	7	6	1	1	1	0	5	5	0	0	0	0	1	0	1	462	177	285
21	386	3038	407498	0	0	VILLAGE	Mahul	Rural	328	1562	792	770	186	83	103	42	23	19	309	152	157	1100	626	474	462	166	296	540	460	80	136	125	11	4	3	1	1	1	0	1	0	1	130	121	9	404	335	69	22	16	6	153	130	23	8	7	1	221	182	39	329	302	27	14	11	3	127	116	11	7	6	1	181	169	12	75	33	42	8	5	3	26	14	12	1	1	0	40	13	27	1022	332	690
21	386	3038	407499	0	0	VILLAGE	Madhupur	Rural	130	656	338	318	62	34	28	168	88	80	0	0	0	545	297	248	111	41	70	200	183	17	102	94	8	16	16	0	32	32	0	18	15	3	36	31	5	98	89	9	34	30	4	52	51	1	7	3	4	5	5	0	97	88	9	34	30	4	51	50	1	7	3	4	5	5	0	1	1	0	0	0	0	1	1	0	0	0	0	0	0	0	456	155	301
21	386	3038	407500	0	0	VILLAGE	Palasapur	Rural	331	1521	770	751	170	87	83	22	11	11	362	179	183	1194	641	553	327	129	198	513	427	86	269	240	29	37	36	1	58	58	0	45	33	12	129	113	16	244	187	57	6	6	0	164	122	42	35	35	0	39	24	15	217	166	51	6	6	0	153	113	40	26	26	0	32	21	11	27	21	6	0	0	0	11	9	2	9	9	0	7	3	4	1008	343	665
21	386	3038	407501	0	0	VILLAGE	Chatabar	Rural	387	1963	995	968	206	111	95	527	249	278	43	26	17	1463	788	675	500	207	293	606	519	87	423	384	39	84	81	3	13	10	3	9	9	0	317	284	33	183	135	48	18	16	2	109	78	31	9	4	5	47	37	10	171	126	45	17	16	1	105	75	30	8	4	4	41	31	10	12	9	3	1	0	1	4	3	1	1	0	1	6	6	0	1357	476	881
21	386	3038	407502	0	0	VILLAGE	Paniora	Rural	284	1386	705	681	141	76	65	112	59	53	277	133	144	1066	592	474	320	113	207	566	467	99	375	342	33	95	90	5	108	87	21	50	49	1	122	116	6	191	125	66	19	16	3	30	14	16	9	9	0	133	86	47	177	113	64	18	15	3	29	14	15	8	8	0	122	76	46	14	12	2	1	1	0	1	0	1	1	1	0	11	10	1	820	238	582
21	386	3038	407503	0	0	VILLAGE	Ratanpur	Rural	0	0	0	0	0	0	0	0	0	0	0	0	0	0	0	0	0	0	0	0	0	0	0	0	0	0	0	0	0	0	0	0	0	0	0	0	0	0	0	0	0	0	0	0	0	0	0	0	0	0	0	0	0	0	0	0	0	0	0	0	0	0	0	0	0	0	0	0	0	0	0	0	0	0	0	0	0	0	0	0	0	0	0	0	0
21	386	3038	407504	0	0	VILLAGE	Gramadiha	Rural	204	1019	504	515	124	68	56	70	35	35	578	286	292	626	353	273	393	151	242	325	308	17	132	120	12	14	12	2	6	5	1	0	0	0	112	103	9	193	188	5	0	0	0	184	179	5	0	0	0	9	9	0	191	187	4	0	0	0	182	178	4	0	0	0	9	9	0	2	1	1	0	0	0	2	1	1	0	0	0	0	0	0	694	196	498
21	386	3038	407505	0	0	VILLAGE	Gamei	Rural	128	634	330	304	72	29	43	158	79	79	0	0	0	490	272	218	144	58	86	151	133	18	37	35	2	11	9	2	1	1	0	0	0	0	25	25	0	114	98	16	42	41	1	45	31	14	3	3	0	24	23	1	113	97	16	42	41	1	45	31	14	3	3	0	23	22	1	1	1	0	0	0	0	0	0	0	0	0	0	1	1	0	483	197	286
21	386	3038	407506	0	0	VILLAGE	Nilakanthapur	Rural	0	0	0	0	0	0	0	0	0	0	0	0	0	0	0	0	0	0	0	0	0	0	0	0	0	0	0	0	0	0	0	0	0	0	0	0	0	0	0	0	0	0	0	0	0	0	0	0	0	0	0	0	0	0	0	0	0	0	0	0	0	0	0	0	0	0	0	0	0	0	0	0	0	0	0	0	0	0	0	0	0	0	0	0	0
21	386	3038	407507	0	0	VILLAGE	Bhatakuri	Rural	385	2019	997	1022	237	115	122	98	45	53	408	203	205	1544	791	753	475	206	269	746	565	181	702	539	163	103	85	18	79	74	5	19	15	4	501	365	136	44	26	18	7	6	1	4	3	1	1	1	0	32	16	16	42	24	18	7	6	1	4	3	1	1	1	0	30	14	16	2	2	0	0	0	0	0	0	0	0	0	0	2	2	0	1273	432	841
21	386	3039	0	0	0	SUB-DISTRICT	Nandankanan	Total	3590	17670	9036	8634	1855	965	890	2939	1485	1454	211	103	108	13831	7549	6282	3839	1487	2352	6004	5149	855	4708	4331	377	670	645	25	346	282	64	223	203	20	3469	3201	268	1296	818	478	92	81	11	320	144	176	77	43	34	807	550	257	1103	704	399	79	72	7	269	130	139	59	39	20	696	463	233	193	114	79	13	9	4	51	14	37	18	4	14	111	87	24	11666	3887	7779
21	386	3039	0	0	0	SUB-DISTRICT	Nandankanan	Rural	3590	17670	9036	8634	1855	965	890	2939	1485	1454	211	103	108	13831	7549	6282	3839	1487	2352	6004	5149	855	4708	4331	377	670	645	25	346	282	64	223	203	20	3469	3201	268	1296	818	478	92	81	11	320	144	176	77	43	34	807	550	257	1103	704	399	79	72	7	269	130	139	59	39	20	696	463	233	193	114	79	13	9	4	51	14	37	18	4	14	111	87	24	11666	3887	7779
21	386	3039	0	0	0	SUB-DISTRICT	Nandankanan	Urban	0	0	0	0	0	0	0	0	0	0	0	0	0	0	0	0	0	0	0	0	0	0	0	0	0	0	0	0	0	0	0	0	0	0	0	0	0	0	0	0	0	0	0	0	0	0	0	0	0	0	0	0	0	0	0	0	0	0	0	0	0	0	0	0	0	0	0	0	0	0	0	0	0	0	0	0	0	0	0	0	0	0	0	0	0
21	386	3039	407508	0	0	VILLAGE	Dadha	Rural	157	715	350	365	89	40	49	291	134	157	36	17	19	564	294	270	151	56	95	287	210	77	261	204	57	4	3	1	66	34	32	49	41	8	142	126	16	26	6	20	0	0	0	22	3	19	4	3	1	0	0	0	24	5	19	0	0	0	21	3	18	3	2	1	0	0	0	2	1	1	0	0	0	1	0	1	1	1	0	0	0	0	428	140	288
21	386	3039	407509	0	0	VILLAGE	Padasahi	Rural	559	2642	1360	1282	300	165	135	902	463	439	1	0	1	2060	1129	931	582	231	351	869	750	119	673	612	61	106	103	3	40	33	7	5	5	0	522	471	51	196	138	58	9	7	2	74	33	41	4	4	0	109	94	15	156	118	38	5	5	0	56	30	26	3	3	0	92	80	12	40	20	20	4	2	2	18	3	15	1	1	0	17	14	3	1773	610	1163
21	386	3039	407510	0	0	VILLAGE	Balipada	Rural	308	1417	702	715	161	80	81	210	106	104	0	0	0	1051	576	475	366	126	240	494	402	92	393	361	32	57	55	2	16	12	4	3	3	0	317	291	26	101	41	60	12	12	0	26	3	23	2	2	0	61	24	37	86	33	53	9	9	0	20	2	18	1	1	0	56	21	35	15	8	7	3	3	0	6	1	5	1	1	0	5	3	2	923	300	623
21	386	3039	407511	0	0	VILLAGE	Kantunia	Rural	93	453	225	228	36	19	17	76	40	36	0	0	0	349	182	167	104	43	61	148	128	20	92	84	8	26	25	1	9	8	1	3	3	0	54	48	6	56	44	12	3	3	0	34	22	12	2	2	0	17	17	0	54	43	11	2	2	0	33	22	11	2	2	0	17	17	0	2	1	1	1	1	0	1	0	1	0	0	0	0	0	0	305	97	208
21	386	3039	407512	0	0	VILLAGE	Khairapada	Rural	127	574	288	286	58	20	38	130	58	72	0	0	0	444	247	197	130	41	89	192	173	19	146	136	10	28	27	1	22	20	2	26	25	1	70	64	6	46	37	9	16	15	1	23	15	8	4	4	0	3	3	0	40	33	7	14	14	0	19	12	7	4	4	0	3	3	0	6	4	2	2	1	1	4	3	1	0	0	0	0	0	0	382	115	267
21	386	3039	407513	0	0	VILLAGE	Marchia	Rural	175	859	441	418	92	52	40	47	23	24	0	0	0	684	369	315	175	72	103	314	256	58	220	208	12	33	32	1	5	5	0	8	8	0	174	163	11	94	48	46	10	10	0	1	1	0	5	2	3	78	35	43	89	45	44	10	10	0	1	1	0	5	2	3	73	32	41	5	3	2	0	0	0	0	0	0	0	0	0	5	3	2	545	185	360
21	386	3039	407514	0	0	VILLAGE	Jhinkardiha	Rural	120	555	275	280	59	29	30	0	0	0	0	0	0	419	223	196	136	52	84	173	152	21	161	147	14	1	0	1	5	5	0	2	1	1	153	141	12	12	5	7	1	1	0	0	0	0	1	0	1	10	4	6	12	5	7	1	1	0	0	0	0	1	0	1	10	4	6	0	0	0	0	0	0	0	0	0	0	0	0	0	0	0	382	123	259
21	386	3039	407515	0	0	VILLAGE	Gandarpur	Rural	606	3109	1602	1507	315	169	146	245	118	127	0	0	0	2487	1331	1156	622	271	351	1154	961	193	715	656	59	81	78	3	51	44	7	81	75	6	502	459	43	439	305	134	12	9	3	84	44	40	26	17	9	317	235	82	386	258	128	12	9	3	80	41	39	25	17	8	269	191	78	53	47	6	0	0	0	4	3	1	1	0	1	48	44	4	1955	641	1314
21	386	3039	407516	0	0	VILLAGE	Dhaua	Rural	240	1137	593	544	114	58	56	271	139	132	1	1	0	943	516	427	194	77	117	365	318	47	279	257	22	57	56	1	21	20	1	12	11	1	189	170	19	86	61	25	11	9	2	17	8	9	4	4	0	54	40	14	67	47	20	9	8	1	15	6	9	3	3	0	40	30	10	19	14	5	2	1	1	2	2	0	1	1	0	14	10	4	772	275	497
21	386	3039	407517	0	0	VILLAGE	Raghunathpur	Rural	791	3953	2003	1950	415	213	202	472	239	233	171	84	87	3053	1675	1378	900	328	572	1196	1103	93	1124	1057	67	162	153	9	102	92	10	18	17	1	842	795	47	72	46	26	4	4	0	8	8	0	5	4	1	55	30	25	69	44	25	4	4	0	8	8	0	5	4	1	52	28	24	3	2	1	0	0	0	0	0	0	0	0	0	3	2	1	2757	900	1857
21	386	3039	407518	0	0	VILLAGE	Nuabanta	Rural	38	238	134	104	29	18	11	22	11	11	0	0	0	181	111	70	57	23	34	84	79	5	72	67	5	18	18	0	0	0	0	0	0	0	54	49	5	12	12	0	0	0	0	1	1	0	0	0	0	11	11	0	9	9	0	0	0	0	1	1	0	0	0	0	8	8	0	3	3	0	0	0	0	0	0	0	0	0	0	3	3	0	154	55	99
21	386	3039	407519	0	0	VILLAGE	Kalyanpur	Rural	376	2018	1063	955	187	102	85	273	154	119	2	1	1	1596	896	700	422	167	255	728	617	111	572	542	30	97	95	2	9	9	0	16	14	2	450	424	26	156	75	81	14	11	3	30	6	24	20	1	19	92	57	35	111	64	47	13	10	3	15	4	11	7	1	6	76	49	27	45	11	34	1	1	0	15	2	13	13	0	13	16	8	8	1290	446	844
21	386	3041	0	0	0	SUB-DISTRICT	Mancheswar	Total	1051	5117	2616	2501	503	244	259	1436	711	725	1	1	0	3964	2189	1775	1153	427	726	1776	1456	320	1052	954	98	172	168	4	32	28	4	78	63	15	770	695	75	724	502	222	246	146	100	188	135	53	47	39	8	243	182	61	516	376	140	145	104	41	144	101	43	36	30	6	191	141	50	208	126	82	101	42	59	44	34	10	11	9	2	52	41	11	3341	1160	2181
21	386	3041	0	0	0	SUB-DISTRICT	Mancheswar	Rural	1051	5117	2616	2501	503	244	259	1436	711	725	1	1	0	3964	2189	1775	1153	427	726	1776	1456	320	1052	954	98	172	168	4	32	28	4	78	63	15	770	695	75	724	502	222	246	146	100	188	135	53	47	39	8	243	182	61	516	376	140	145	104	41	144	101	43	36	30	6	191	141	50	208	126	82	101	42	59	44	34	10	11	9	2	52	41	11	3341	1160	2181
21	386	3041	0	0	0	SUB-DISTRICT	Mancheswar	Urban	0	0	0	0	0	0	0	0	0	0	0	0	0	0	0	0	0	0	0	0	0	0	0	0	0	0	0	0	0	0	0	0	0	0	0	0	0	0	0	0	0	0	0	0	0	0	0	0	0	0	0	0	0	0	0	0	0	0	0	0	0	0	0	0	0	0	0	0	0	0	0	0	0	0	0	0	0	0	0	0	0	0	0	0	0
21	386	3041	407520	0	0	VILLAGE	Ostapada	Rural	121	565	276	289	62	27	35	268	130	138	0	0	0	398	218	180	167	58	109	216	176	40	173	159	14	37	37	0	15	15	0	8	7	1	113	100	13	43	17	26	10	4	6	26	7	19	0	0	0	7	6	1	41	17	24	10	4	6	24	7	17	0	0	0	7	6	1	2	0	2	0	0	0	2	0	2	0	0	0	0	0	0	349	100	249
21	386	3041	407521	0	0	VILLAGE	Tangibanta	Rural	270	1349	691	658	112	51	61	391	186	205	1	1	0	1007	575	432	342	116	226	581	438	143	429	395	34	70	69	1	6	5	1	45	34	11	308	287	21	152	43	109	102	22	80	4	0	4	1	0	1	45	21	24	67	27	40	30	8	22	2	0	2	1	0	1	34	19	15	85	16	69	72	14	58	2	0	2	0	0	0	11	2	9	768	253	515
21	386	3041	407522	0	0	VILLAGE	Barimunda	Rural	544	2555	1322	1233	248	125	123	507	262	245	0	0	0	2081	1140	941	474	182	292	778	652	126	314	270	44	28	26	2	11	8	3	24	21	3	251	215	36	464	382	82	117	103	14	158	128	30	44	38	6	145	113	32	352	280	72	90	77	13	118	94	24	33	29	4	111	80	31	112	102	10	27	26	1	40	34	6	11	9	2	34	33	1	1777	670	1107
21	386	3041	407523	0	0	VILLAGE	Singada	Rural	69	410	209	201	58	30	28	38	19	19	0	0	0	297	162	135	113	47	66	130	124	6	91	88	3	22	22	0	0	0	0	0	0	0	69	66	3	39	36	3	10	10	0	0	0	0	2	1	1	27	25	2	34	32	2	9	9	0	0	0	0	2	1	1	23	22	1	5	4	1	1	1	0	0	0	0	0	0	0	4	3	1	280	85	195
21	386	3041	407524	0	0	VILLAGE	Krushnasaranpur	Rural	47	238	118	120	23	11	12	232	114	118	0	0	0	181	94	87	57	24	33	71	66	5	45	42	3	15	14	1	0	0	0	1	1	0	29	27	2	26	24	2	7	7	0	0	0	0	0	0	0	19	17	2	22	20	2	6	6	0	0	0	0	0	0	0	16	14	2	4	4	0	1	1	0	0	0	0	0	0	0	3	3	0	167	52	115
21	386	3042	0	0	0	SUB-DISTRICT	Balianta 	Total	19535	91728	46903	44825	9695	4926	4769	25470	12823	12647	1142	529	613	68977	38116	30861	22751	8787	13964	33705	27068	6637	26481	23231	3250	5412	5183	229	4008	2984	1024	1131	981	150	15930	14083	1847	7224	3837	3387	412	327	85	3311	1588	1723	895	438	457	2606	1484	1122	6445	3436	3009	372	293	79	3042	1481	1561	792	390	402	2239	1272	967	779	401	378	40	34	6	269	107	162	103	48	55	367	212	155	58023	19835	38188
21	386	3042	0	0	0	SUB-DISTRICT	Balianta 	Rural	16959	78898	40269	38629	8387	4256	4131	23542	11822	11720	993	463	530	58997	32627	26370	19901	7642	12259	29300	23256	6044	22377	19617	2760	5273	5051	222	3689	2793	896	816	707	109	12599	11066	1533	6923	3639	3284	407	323	84	3279	1575	1704	845	403	442	2392	1338	1054	6202	3270	2932	367	289	78	3019	1470	1549	759	365	394	2057	1146	911	721	369	352	40	34	6	260	105	155	86	38	48	335	192	143	49598	17013	32585
21	386	3042	0	0	0	SUB-DISTRICT	Balianta 	Urban	2576	12830	6634	6196	1308	670	638	1928	1001	927	149	66	83	9980	5489	4491	2850	1145	1705	4405	3812	593	4104	3614	490	139	132	7	319	191	128	315	274	41	3331	3017	314	301	198	103	5	4	1	32	13	19	50	35	15	214	146	68	243	166	77	5	4	1	23	11	12	33	25	8	182	126	56	58	32	26	0	0	0	9	2	7	17	10	7	32	20	12	8425	2822	5603
21	386	3042	407525	0	0	VILLAGE	Bhimpur	Rural	120	562	294	268	71	38	33	171	95	76	15	6	9	442	248	194	120	46	74	181	166	15	149	139	10	21	20	1	10	9	1	7	6	1	111	104	7	32	27	5	0	0	0	20	18	2	1	1	0	11	8	3	30	27	3	0	0	0	20	18	2	1	1	0	9	8	1	2	0	2	0	0	0	0	0	0	0	0	0	2	0	2	381	128	253
21	386	3042	407526	0	0	VILLAGE	Anantapur	Rural	156	927	491	436	80	33	47	85	41	44	1	1	0	739	435	304	188	56	132	243	190	53	237	188	49	43	40	3	8	7	1	6	6	0	180	135	45	6	2	4	1	1	0	0	0	0	1	0	1	4	1	3	2	2	0	1	1	0	0	0	0	0	0	0	1	1	0	4	0	4	0	0	0	0	0	0	1	0	1	3	0	3	684	301	383
21	386	3042	407527	0	0	VILLAGE	Jayarsasan	Rural	593	2760	1406	1354	342	163	179	406	202	204	72	30	42	2107	1175	932	653	231	422	863	777	86	778	723	55	53	46	7	66	61	5	21	19	2	638	597	41	85	54	31	4	1	3	20	6	14	0	0	0	61	47	14	72	46	26	3	0	3	18	6	12	0	0	0	51	40	11	13	8	5	1	1	0	2	0	2	0	0	0	10	7	3	1897	629	1268
21	386	3042	407528	0	0	VILLAGE	Jagannathpur	Rural	318	1581	794	787	203	116	87	666	332	334	5	3	2	1159	621	538	422	173	249	533	465	68	459	415	44	58	56	2	125	119	6	29	27	2	247	213	34	74	50	24	3	1	2	57	40	17	3	0	3	11	9	2	67	47	20	3	1	2	53	38	15	2	0	2	9	8	1	7	3	4	0	0	0	4	2	2	1	0	1	2	1	1	1048	329	719
21	386	3042	407529	0	0	VILLAGE	Gohal	Rural	183	955	483	472	108	65	43	549	280	269	0	0	0	647	341	306	308	142	166	387	282	105	314	265	49	41	39	2	126	96	30	7	7	0	140	123	17	73	17	56	0	0	0	67	15	52	1	1	0	5	1	4	68	17	51	0	0	0	62	15	47	1	1	0	5	1	4	5	0	5	0	0	0	5	0	5	0	0	0	0	0	0	568	201	367
21	386	3042	407530	0	0	VILLAGE	Saleswar	Rural	110	546	266	280	59	33	26	152	77	75	32	17	15	427	216	211	119	50	69	201	157	44	137	122	15	17	15	2	17	14	3	1	1	0	102	92	10	64	35	29	1	0	1	62	34	28	0	0	0	1	1	0	63	34	29	1	0	1	61	33	28	0	0	0	1	1	0	1	1	0	0	0	0	1	1	0	0	0	0	0	0	0	345	109	236
21	386	3042	407531	0	0	VILLAGE	Andilo	Rural	600	2764	1432	1332	310	159	151	1019	527	492	77	30	47	2041	1172	869	723	260	463	1044	810	234	905	725	180	15	11	4	66	34	32	33	32	1	791	648	143	139	85	54	10	5	5	15	4	11	7	3	4	107	73	34	87	53	34	7	4	3	9	2	7	2	2	0	69	45	24	52	32	20	3	1	2	6	2	4	5	1	4	38	28	10	1720	622	1098
21	386	3042	407532	0	0	VILLAGE	Atala	Rural	52	245	127	118	19	10	9	74	41	33	0	0	0	208	115	93	37	12	25	75	61	14	54	44	10	18	18	0	12	4	8	1	1	0	23	21	2	21	17	4	2	1	1	3	1	2	0	0	0	16	15	1	20	17	3	2	1	1	2	1	1	0	0	0	16	15	1	1	0	1	0	0	0	1	0	1	0	0	0	0	0	0	170	66	104
21	386	3042	407533	0	0	VILLAGE	Kotakana	Rural	69	259	139	120	30	17	13	111	54	57	0	0	0	204	116	88	55	23	32	95	68	27	54	35	19	8	7	1	25	10	15	0	0	0	21	18	3	41	33	8	5	3	2	16	13	3	0	0	0	20	17	3	34	27	7	5	3	2	14	11	3	0	0	0	15	13	2	7	6	1	0	0	0	2	2	0	0	0	0	5	4	1	164	71	93
21	386	3042	407534	0	0	VILLAGE	Baindol	Rural	25	126	68	58	13	7	6	116	63	53	0	0	0	98	59	39	28	9	19	49	35	14	36	24	12	6	5	1	19	9	10	0	0	0	11	10	1	13	11	2	1	1	0	4	3	1	0	0	0	8	7	1	11	9	2	1	1	0	4	3	1	0	0	0	6	5	1	2	2	0	0	0	0	0	0	0	0	0	0	2	2	0	77	33	44
21	386	3042	407535	0	0	VILLAGE	Tiranpada	Rural	80	406	216	190	37	24	13	271	137	134	4	3	1	318	188	130	88	28	60	171	115	56	131	89	42	14	13	1	55	27	28	0	0	0	62	49	13	40	26	14	1	0	1	16	7	9	0	0	0	23	19	4	39	25	14	1	0	1	16	7	9	0	0	0	22	18	4	1	1	0	0	0	0	0	0	0	0	0	0	1	1	0	235	101	134
21	386	3042	407536	0	0	VILLAGE	Balianta	Rural	728	3556	1816	1740	369	198	171	1159	579	580	17	9	8	2676	1462	1214	880	354	526	1115	979	136	867	804	63	73	67	6	27	23	4	50	47	3	717	667	50	248	175	73	12	8	4	79	50	29	14	4	10	143	113	30	234	168	66	12	8	4	76	50	26	13	3	10	133	107	26	14	7	7	0	0	0	3	0	3	1	1	0	10	6	4	2441	837	1604
21	386	3042	407537	0	0	VILLAGE	Kanchilo	Rural	90	427	211	216	61	27	34	19	10	9	0	0	0	268	159	109	159	52	107	159	125	34	34	29	5	17	16	1	1	1	0	2	2	0	14	10	4	125	96	29	5	3	2	40	33	7	0	0	0	80	60	20	122	95	27	4	3	1	39	33	6	0	0	0	79	59	20	3	1	2	1	0	1	1	0	1	0	0	0	1	1	0	268	86	182
21	386	3042	407538	0	0	VILLAGE	Dhamilo	Rural	111	510	260	250	51	28	23	245	127	118	7	5	2	395	216	179	115	44	71	138	125	13	135	125	10	29	27	2	56	53	3	5	5	0	45	40	5	3	0	3	0	0	0	1	0	1	0	0	0	2	0	2	1	0	1	0	0	0	1	0	1	0	0	0	0	0	0	2	0	2	0	0	0	0	0	0	0	0	0	2	0	2	372	135	237
21	386	3042	407539	0	0	VILLAGE	Ramachandrapur	Rural	528	2387	1214	1173	282	146	136	617	309	308	236	113	123	1702	949	753	685	265	420	912	684	228	741	567	174	145	144	1	87	71	16	0	0	0	509	352	157	171	117	54	3	1	2	95	59	36	1	0	1	72	57	15	159	109	50	3	1	2	88	55	33	1	0	1	67	53	14	12	8	4	0	0	0	7	4	3	0	0	0	5	4	1	1475	530	945
21	386	3042	407540	0	0	VILLAGE	Benupur	Rural	938	4111	2075	2036	440	223	217	1108	567	541	0	0	0	3178	1708	1470	933	367	566	1580	1249	331	1348	1144	204	215	200	15	180	119	61	51	21	30	902	804	98	232	105	127	6	3	3	138	54	84	25	3	22	63	45	18	215	91	124	6	3	3	133	49	84	22	2	20	54	37	17	17	14	3	0	0	0	5	5	0	3	1	2	9	8	1	2531	826	1705
21	386	3042	407541	0	0	VILLAGE	Bhubanpur	Rural	575	2466	1249	1217	405	198	207	940	483	457	487	226	261	1288	733	555	1178	516	662	1177	733	444	521	397	124	13	7	6	4	3	1	20	15	5	484	372	112	656	336	320	4	2	2	5	1	4	541	277	264	106	56	50	626	318	308	4	2	2	5	1	4	516	264	252	101	51	50	30	18	12	0	0	0	0	0	0	25	13	12	5	5	0	1289	516	773
21	386	3042	407542	0	0	VILLAGE	Dhabalahar	Rural	104	476	251	225	77	44	33	38	24	14	0	0	0	329	190	139	147	61	86	154	136	18	127	120	7	67	66	1	1	1	0	1	0	1	58	53	5	27	16	11	0	0	0	0	0	0	24	13	11	3	3	0	4	4	0	0	0	0	0	0	0	2	2	0	2	2	0	23	12	11	0	0	0	0	0	0	22	11	11	1	1	0	322	115	207
21	386	3042	407543	0	0	VILLAGE	Bhelurihat	Rural	178	867	443	424	93	47	46	270	130	140	0	0	0	605	348	257	262	95	167	277	243	34	233	216	17	38	37	1	24	21	3	5	5	0	166	153	13	44	27	17	1	1	0	32	18	14	1	0	1	10	8	2	38	23	15	1	1	0	30	18	12	1	0	1	6	4	2	6	4	2	0	0	0	2	0	2	0	0	0	4	4	0	590	200	390
21	386	3042	407544	0	0	VILLAGE	Bhainchua	Rural	851	4320	2235	2085	418	207	211	263	133	130	0	0	0	3334	1856	1478	986	379	607	1422	1326	96	1131	1091	40	170	166	4	32	31	1	59	57	2	870	837	33	291	235	56	17	17	0	88	59	29	24	21	3	162	138	24	248	202	46	15	15	0	86	57	29	22	20	2	125	110	15	43	33	10	2	2	0	2	2	0	2	1	1	37	28	9	2898	909	1989
21	386	3042	407545	0	0	VILLAGE	Endrapal	Rural	197	977	489	488	106	52	54	182	93	89	0	0	0	747	389	358	230	100	130	334	292	42	311	278	33	96	78	18	64	54	10	3	3	0	148	143	5	23	14	9	3	1	2	4	3	1	0	0	0	16	10	6	21	14	7	3	1	2	4	3	1	0	0	0	14	10	4	2	0	2	0	0	0	0	0	0	0	0	0	2	0	2	643	197	446
21	386	3042	407546	0	0	VILLAGE	Tandilo	Rural	17	101	55	46	11	6	5	0	0	0	0	0	0	84	47	37	17	8	9	35	35	0	34	34	0	16	16	0	1	1	0	1	1	0	16	16	0	1	1	0	0	0	0	0	0	0	0	0	0	1	1	0	1	1	0	0	0	0	0	0	0	0	0	0	1	1	0	0	0	0	0	0	0	0	0	0	0	0	0	0	0	0	66	20	46
21	386	3042	407547	0	0	VILLAGE	Gotalbindha	Rural	163	794	413	381	74	43	31	44	23	21	0	0	0	615	334	281	179	79	100	259	245	14	249	238	11	99	98	1	24	18	6	0	0	0	126	122	4	10	7	3	4	4	0	4	1	3	0	0	0	2	2	0	8	5	3	4	4	0	3	0	3	0	0	0	1	1	0	2	2	0	0	0	0	1	1	0	0	0	0	1	1	0	535	168	367
21	386	3042	407548	0	0	VILLAGE	Aringol	Rural	32	101	54	47	18	7	11	30	16	14	0	0	0	73	45	28	28	9	19	38	37	1	37	36	1	8	8	0	4	4	0	0	0	0	25	24	1	1	1	0	1	1	0	0	0	0	0	0	0	0	0	0	1	1	0	1	1	0	0	0	0	0	0	0	0	0	0	0	0	0	0	0	0	0	0	0	0	0	0	0	0	0	63	17	46
21	386	3042	407549	0	0	VILLAGE	Budhalo	Rural	43	184	101	83	14	11	3	22	13	9	0	0	0	144	86	58	40	15	25	59	58	1	58	57	1	32	32	0	14	13	1	0	0	0	12	12	0	1	1	0	0	0	0	0	0	0	0	0	0	1	1	0	1	1	0	0	0	0	0	0	0	0	0	0	1	1	0	0	0	0	0	0	0	0	0	0	0	0	0	0	0	0	125	43	82
21	386	3042	407550	0	0	VILLAGE	Chheliamal	Rural	0	0	0	0	0	0	0	0	0	0	0	0	0	0	0	0	0	0	0	0	0	0	0	0	0	0	0	0	0	0	0	0	0	0	0	0	0	0	0	0	0	0	0	0	0	0	0	0	0	0	0	0	0	0	0	0	0	0	0	0	0	0	0	0	0	0	0	0	0	0	0	0	0	0	0	0	0	0	0	0	0	0	0	0	0
21	386	3042	407551	0	0	VILLAGE	Subhalo	Rural	106	456	235	221	46	26	20	38	23	15	0	0	0	338	187	151	118	48	70	148	143	5	148	143	5	60	59	1	24	22	2	0	0	0	64	62	2	0	0	0	0	0	0	0	0	0	0	0	0	0	0	0	0	0	0	0	0	0	0	0	0	0	0	0	0	0	0	0	0	0	0	0	0	0	0	0	0	0	0	0	0	0	308	92	216
21	386	3042	407552	0	0	VILLAGE	Bhingarpur	Rural	994	4752	2424	2328	451	226	225	1131	578	553	35	17	18	3774	2074	1700	978	350	628	1713	1367	346	1597	1307	290	359	348	11	287	139	148	71	55	16	880	765	115	116	60	56	9	7	2	63	26	37	10	7	3	34	20	14	96	52	44	9	7	2	53	23	30	9	7	2	25	15	10	20	8	12	0	0	0	10	3	7	1	0	1	9	5	4	3039	1057	1982
21	386	3042	407553	0	0	VILLAGE	Dedhalo	Rural	55	272	144	128	26	11	15	69	40	29	0	0	0	216	127	89	56	17	39	82	77	5	67	64	3	31	30	1	2	2	0	6	6	0	28	26	2	15	13	2	2	1	1	3	3	0	1	1	0	9	8	1	15	13	2	2	1	1	3	3	0	1	1	0	9	8	1	0	0	0	0	0	0	0	0	0	0	0	0	0	0	0	190	67	123
21	386	3042	407554	0	0	VILLAGE	Bentapur	Rural	503	2372	1213	1159	211	103	108	768	390	378	0	0	0	1866	1021	845	506	192	314	891	718	173	716	637	79	86	83	3	151	132	19	33	32	1	446	390	56	175	81	94	22	11	11	69	13	56	4	3	1	80	54	26	160	77	83	20	10	10	61	12	49	4	3	1	75	52	23	15	4	11	2	1	1	8	1	7	0	0	0	5	2	3	1481	495	986
21	386	3042	407555	0	0	VILLAGE	Jitikarsuanlo	Rural	407	1903	960	943	212	102	110	1080	534	546	1	1	0	1412	773	639	491	187	304	745	571	174	655	510	145	129	114	15	203	115	88	29	22	7	294	259	35	90	61	29	8	4	4	37	19	18	4	4	0	41	34	7	87	59	28	8	4	4	37	19	18	3	3	0	39	33	6	3	2	1	0	0	0	0	0	0	1	1	0	2	1	1	1158	389	769
21	386	3042	407556	0	0	VILLAGE	Paribasudeipur	Rural	232	933	486	447	90	51	39	399	208	191	0	0	0	709	389	320	224	97	127	286	268	18	136	128	8	49	48	1	35	35	0	2	2	0	50	43	7	150	140	10	67	66	1	72	69	3	0	0	0	11	5	6	148	138	10	67	66	1	70	67	3	0	0	0	11	5	6	2	2	0	0	0	0	2	2	0	0	0	0	0	0	0	647	218	429
21	386	3042	407557	0	0	VILLAGE	Olarbindha	Rural	28	147	77	70	15	9	6	25	12	13	0	0	0	123	67	56	24	10	14	62	52	10	42	38	4	26	25	1	0	0	0	0	0	0	16	13	3	20	14	6	2	0	2	17	13	4	0	0	0	1	1	0	20	14	6	2	0	2	17	13	4	0	0	0	1	1	0	0	0	0	0	0	0	0	0	0	0	0	0	0	0	0	85	25	60
21	386	3042	407558	0	0	VILLAGE	Kantibarahi	Rural	34	120	63	57	12	5	7	76	38	38	0	0	0	90	55	35	30	8	22	61	43	18	19	19	0	12	12	0	0	0	0	0	0	0	7	7	0	42	24	18	2	1	1	40	23	17	0	0	0	0	0	0	42	24	18	2	1	1	40	23	17	0	0	0	0	0	0	0	0	0	0	0	0	0	0	0	0	0	0	0	0	0	59	20	39
21	386	3042	407559	0	0	VILLAGE	Paria patapur	Rural	204	974	486	488	96	45	51	209	101	108	0	0	0	776	412	364	198	74	124	266	236	30	229	211	18	121	115	6	7	6	1	10	10	0	91	80	11	37	25	12	10	10	0	19	8	11	1	1	0	7	6	1	37	25	12	10	10	0	19	8	11	1	1	0	7	6	1	0	0	0	0	0	0	0	0	0	0	0	0	0	0	0	708	250	458
21	386	3042	407560	0	0	VILLAGE	Balabhadrapur	Rural	92	353	181	172	27	11	16	212	109	103	0	0	0	275	158	117	78	23	55	138	114	24	99	90	9	39	37	2	33	30	3	10	10	0	17	13	4	39	24	15	9	6	3	20	12	8	0	0	0	10	6	4	38	23	15	9	6	3	20	12	8	0	0	0	9	5	4	1	1	0	0	0	0	0	0	0	0	0	0	1	1	0	215	67	148
21	386	3042	407561	0	0	VILLAGE	Raedpada	Rural	135	547	280	267	67	31	36	227	111	116	0	0	0	418	233	185	129	47	82	205	171	34	145	134	11	40	39	1	24	18	6	5	5	0	76	72	4	60	37	23	1	1	0	23	11	12	14	4	10	22	21	1	46	32	14	0	0	0	21	11	10	6	2	4	19	19	0	14	5	9	1	1	0	2	0	2	8	2	6	3	2	1	342	109	233
21	386	3042	407562	0	0	VILLAGE	Gandilo	Rural	202	876	440	436	92	47	45	383	190	193	0	0	0	575	321	254	301	119	182	420	262	158	283	243	40	75	75	0	139	111	28	0	0	0	69	57	12	137	19	118	0	0	0	136	19	117	0	0	0	1	0	1	137	19	118	0	0	0	136	19	117	0	0	0	1	0	1	0	0	0	0	0	0	0	0	0	0	0	0	0	0	0	456	178	278
21	386	3042	407563	0	0	VILLAGE	Panchalo	Rural	79	364	189	175	52	29	23	160	80	80	0	0	0	272	157	115	92	32	60	236	122	114	137	109	28	52	51	1	49	26	23	0	0	0	36	32	4	99	13	86	0	0	0	99	13	86	0	0	0	0	0	0	99	13	86	0	0	0	99	13	86	0	0	0	0	0	0	0	0	0	0	0	0	0	0	0	0	0	0	0	0	0	128	67	61
21	386	3042	407564	0	0	VILLAGE	Brahmansarangi	Rural	99	431	223	208	32	14	18	194	98	96	0	0	0	296	179	117	135	44	91	220	146	74	123	112	11	81	79	2	1	1	0	1	1	0	40	31	9	97	34	63	0	0	0	9	2	7	0	0	0	88	32	56	64	28	36	0	0	0	1	1	0	0	0	0	63	27	36	33	6	27	0	0	0	8	1	7	0	0	0	25	5	20	211	77	134
21	386	3042	407565	0	0	VILLAGE	Dandilo	Rural	156	680	349	331	68	33	35	127	64	63	0	0	0	519	287	232	161	62	99	219	202	17	213	201	12	59	57	2	8	8	0	15	15	0	131	121	10	6	1	5	0	0	0	0	0	0	0	0	0	6	1	5	6	1	5	0	0	0	0	0	0	0	0	0	6	1	5	0	0	0	0	0	0	0	0	0	0	0	0	0	0	0	461	147	314
21	386	3042	407566	0	0	VILLAGE	Deandhoti	Rural	80	310	167	143	23	11	12	90	51	39	0	0	0	245	148	97	65	19	46	154	107	47	84	84	0	49	49	0	0	0	0	5	5	0	30	30	0	70	23	47	1	0	1	1	1	0	0	0	0	68	22	46	24	13	11	0	0	0	1	1	0	0	0	0	23	12	11	46	10	36	1	0	1	0	0	0	0	0	0	45	10	35	156	60	96
21	386	3042	407567	0	0	VILLAGE	Sudhasarangi	Rural	121	479	259	220	49	27	22	101	56	45	0	0	0	383	215	168	96	44	52	166	131	35	129	113	16	83	75	8	32	27	5	2	1	1	12	10	2	37	18	19	3	3	0	31	13	18	2	1	1	1	1	0	37	18	19	3	3	0	31	13	18	2	1	1	1	1	0	0	0	0	0	0	0	0	0	0	0	0	0	0	0	0	313	128	185
21	386	3042	407568	0	0	VILLAGE	Brahmansuanlo	Rural	205	875	450	425	92	55	37	266	126	140	0	0	0	680	364	316	195	86	109	445	289	156	300	192	108	76	67	9	42	20	22	8	7	1	174	98	76	145	97	48	11	11	0	33	14	19	3	3	0	98	69	29	92	59	33	9	9	0	21	6	15	2	2	0	60	42	18	53	38	15	2	2	0	12	8	4	1	1	0	38	27	11	430	161	269
21	386	3042	407569	0	0	VILLAGE	Baligundi	Rural	140	619	303	316	77	31	46	372	182	190	0	0	0	405	232	173	214	71	143	325	179	146	288	157	131	19	18	1	227	106	121	2	1	1	40	32	8	37	22	15	2	2	0	23	12	11	4	3	1	8	5	3	33	19	14	2	2	0	21	10	11	3	3	0	7	4	3	4	3	1	0	0	0	2	2	0	1	0	1	1	1	0	294	124	170
21	386	3042	407570	0	0	VILLAGE	Chhandola	Rural	128	568	283	285	60	32	28	96	48	48	0	0	0	437	233	204	131	50	81	191	174	17	172	160	12	52	50	2	13	11	2	0	0	0	107	99	8	19	14	5	0	0	0	17	12	5	0	0	0	2	2	0	15	12	3	0	0	0	14	11	3	0	0	0	1	1	0	4	2	2	0	0	0	3	1	2	0	0	0	1	1	0	377	109	268
21	386	3042	407571	0	0	VILLAGE	Gotalagram	Rural	155	836	430	406	77	35	42	155	77	78	0	0	0	663	368	295	173	62	111	294	265	29	283	260	23	113	107	6	2	1	1	19	18	1	149	134	15	11	5	6	2	1	1	2	0	2	3	1	2	4	3	1	11	5	6	2	1	1	2	0	2	3	1	2	4	3	1	0	0	0	0	0	0	0	0	0	0	0	0	0	0	0	542	165	377
21	386	3042	407572	0	0	VILLAGE	Satyabhamapur	Rural	135	637	322	315	51	27	24	407	198	209	0	0	0	453	255	198	184	67	117	287	199	88	194	174	20	38	38	0	18	10	8	0	0	0	138	126	12	93	25	68	2	1	1	49	7	42	1	0	1	41	17	24	85	22	63	2	1	1	45	6	39	1	0	1	37	15	22	8	3	5	0	0	0	4	1	3	0	0	0	4	2	2	350	123	227
21	386	3042	407573	0	0	VILLAGE	Lenkudi	Rural	13	50	23	27	4	2	2	50	23	27	0	0	0	24	11	13	26	12	14	27	16	11	13	11	2	8	7	1	3	2	1	0	0	0	2	2	0	14	5	9	1	1	0	13	4	9	0	0	0	0	0	0	14	5	9	1	1	0	13	4	9	0	0	0	0	0	0	0	0	0	0	0	0	0	0	0	0	0	0	0	0	0	23	7	16
21	386	3042	407574	0	0	VILLAGE	Alarpur	Rural	166	907	434	473	111	51	60	490	229	261	0	0	0	628	336	292	279	98	181	349	263	86	289	249	40	82	77	5	13	10	3	39	30	9	155	132	23	60	14	46	1	1	0	48	13	35	10	0	10	1	0	1	57	11	46	1	1	0	45	10	35	10	0	10	1	0	1	3	3	0	0	0	0	3	3	0	0	0	0	0	0	0	558	171	387
21	386	3042	407575	0	0	VILLAGE	Umadeibrahmpur	Rural	176	830	414	416	86	43	43	266	138	128	0	0	0	629	330	299	201	84	117	279	235	44	227	210	17	6	5	1	49	46	3	1	1	0	171	158	13	52	25	27	0	0	0	46	20	26	0	0	0	6	5	1	51	24	27	0	0	0	46	20	26	0	0	0	5	4	1	1	1	0	0	0	0	0	0	0	0	0	0	1	1	0	551	179	372
21	386	3042	407576	0	0	VILLAGE	Rayatsrirampur	Rural	31	174	96	78	14	9	5	34	17	17	0	0	0	146	87	59	28	9	19	59	58	1	59	58	1	4	4	0	28	28	0	0	0	0	27	26	1	0	0	0	0	0	0	0	0	0	0	0	0	0	0	0	0	0	0	0	0	0	0	0	0	0	0	0	0	0	0	0	0	0	0	0	0	0	0	0	0	0	0	0	0	0	115	38	77
21	386	3042	407577	0	0	VILLAGE	Garasrirampur	Rural	114	595	308	287	56	29	27	229	121	108	0	0	0	397	229	168	198	79	119	260	196	64	130	126	4	33	33	0	27	26	1	11	11	0	59	56	3	130	70	60	5	4	1	77	29	48	4	4	0	44	33	11	82	54	28	2	1	1	44	22	22	4	4	0	32	27	5	48	16	32	3	3	0	33	7	26	0	0	0	12	6	6	335	112	223
21	386	3042	407578	0	0	VILLAGE	Hatajasuapur	Rural	0	0	0	0	0	0	0	0	0	0	0	0	0	0	0	0	0	0	0	0	0	0	0	0	0	0	0	0	0	0	0	0	0	0	0	0	0	0	0	0	0	0	0	0	0	0	0	0	0	0	0	0	0	0	0	0	0	0	0	0	0	0	0	0	0	0	0	0	0	0	0	0	0	0	0	0	0	0	0	0	0	0	0	0	0
21	386	3042	407579	0	0	VILLAGE	Hirapur	Rural	310	1608	809	799	151	68	83	506	247	259	0	0	0	1209	667	542	399	142	257	685	517	168	571	494	77	51	46	5	72	42	30	48	37	11	400	369	31	114	23	91	4	3	1	78	10	68	15	2	13	17	8	9	104	16	88	4	3	1	71	6	65	13	0	13	16	7	9	10	7	3	0	0	0	7	4	3	2	2	0	1	1	0	923	292	631
21	386	3042	407580	0	0	VILLAGE	Nagapursasan	Rural	157	810	413	397	83	45	38	280	146	134	0	0	0	600	326	274	210	87	123	229	214	15	228	214	14	114	113	1	34	28	6	1	1	0	79	72	7	1	0	1	0	0	0	0	0	0	0	0	0	1	0	1	1	0	1	0	0	0	0	0	0	0	0	0	1	0	1	0	0	0	0	0	0	0	0	0	0	0	0	0	0	0	581	199	382
21	386	3042	407581	0	0	VILLAGE	Rayagurubasudeipur	Rural	74	431	209	222	33	15	18	131	62	69	0	0	0	245	132	113	186	77	109	186	151	35	171	144	27	41	40	1	43	31	12	14	11	3	73	62	11	15	7	8	3	2	1	5	0	5	4	3	1	3	2	1	15	7	8	3	2	1	5	0	5	4	3	1	3	2	1	0	0	0	0	0	0	0	0	0	0	0	0	0	0	0	245	58	187
21	386	3042	407582	0	0	VILLAGE	Jashuapur	Rural	228	1072	567	505	122	74	48	334	171	163	4	2	2	808	452	356	264	115	149	396	282	114	293	256	37	69	68	1	69	68	1	13	13	0	142	107	35	103	26	77	3	2	1	78	13	65	10	0	10	12	11	1	95	23	72	3	2	1	71	11	60	10	0	10	11	10	1	8	3	5	0	0	0	7	2	5	0	0	0	1	1	0	676	285	391
21	386	3042	407583	0	0	VILLAGE	Sarakana	Rural	581	2571	1268	1303	292	136	156	1089	517	572	0	0	0	1897	1036	861	674	232	442	987	754	233	711	625	86	164	162	2	156	117	39	1	1	0	390	345	45	276	129	147	18	16	2	188	56	132	1	1	0	69	56	13	255	112	143	15	13	2	177	48	129	1	1	0	62	50	12	21	17	4	3	3	0	11	8	3	0	0	0	7	6	1	1584	514	1070
21	386	3042	407584	0	0	VILLAGE	Erakanta	Rural	79	325	174	151	39	21	18	225	119	106	0	0	0	218	133	85	107	41	66	149	100	49	68	65	3	6	6	0	22	21	1	0	0	0	40	38	2	81	35	46	0	0	0	70	26	44	0	0	0	11	9	2	43	28	15	0	0	0	33	20	13	0	0	0	10	8	2	38	7	31	0	0	0	37	6	31	0	0	0	1	1	0	176	74	102
21	386	3042	407585	0	0	VILLAGE	Puransasan	Rural	115	533	260	273	62	33	29	292	143	149	0	0	0	357	196	161	176	64	112	161	135	26	96	92	4	18	17	1	58	57	1	3	2	1	17	16	1	65	43	22	3	1	2	47	33	14	0	0	0	15	9	6	56	41	15	3	1	2	38	31	7	0	0	0	15	9	6	9	2	7	0	0	0	9	2	7	0	0	0	0	0	0	372	125	247
21	386	3042	407586	0	0	VILLAGE	Puranpadhan	Rural	107	544	282	262	51	29	22	92	44	48	0	0	0	395	212	183	149	70	79	184	165	19	124	119	5	52	50	2	0	0	0	3	3	0	69	66	3	60	46	14	1	1	0	44	34	10	0	0	0	15	11	4	57	43	14	1	1	0	42	32	10	0	0	0	14	10	4	3	3	0	0	0	0	2	2	0	0	0	0	1	1	0	360	117	243
21	386	3042	407587	0	0	VILLAGE	Budhipada	Rural	325	1570	796	774	139	65	74	95	48	47	0	0	0	1183	644	539	387	152	235	495	452	43	407	379	28	145	138	7	56	55	1	17	17	0	189	169	20	88	73	15	32	30	2	10	10	0	6	5	1	40	28	12	68	55	13	20	18	2	9	9	0	6	5	1	33	23	10	20	18	2	12	12	0	1	1	0	0	0	0	7	5	2	1075	344	731
21	386	3042	407588	0	0	VILLAGE	Luna	Rural	77	356	181	175	37	18	19	143	74	69	0	0	0	237	137	100	119	44	75	130	113	17	90	82	8	10	10	0	23	23	0	9	7	2	48	42	6	40	31	9	7	7	0	22	16	6	1	1	0	10	7	3	26	22	4	5	5	0	12	11	1	1	1	0	8	5	3	14	9	5	2	2	0	10	5	5	0	0	0	2	2	0	226	68	158
21	386	3042	407589	0	0	VILLAGE	Anjira	Rural	35	163	87	76	16	8	8	55	27	28	0	0	0	116	76	40	47	11	36	70	58	12	46	44	2	19	19	0	6	5	1	2	2	0	19	18	1	24	14	10	10	9	1	11	3	8	0	0	0	3	2	1	19	11	8	7	7	0	11	3	8	0	0	0	1	1	0	5	3	2	3	2	1	0	0	0	0	0	0	2	1	1	93	29	64
21	386	3042	407590	0	0	VILLAGE	Sisilo	Rural	161	726	367	359	81	35	46	321	161	160	0	0	0	567	312	255	159	55	104	312	230	82	209	198	11	139	134	5	17	16	1	0	0	0	53	48	5	103	32	71	4	4	0	88	21	67	0	0	0	11	7	4	97	29	68	4	4	0	85	19	66	0	0	0	8	6	2	6	3	3	0	0	0	3	2	1	0	0	0	3	1	2	414	137	277
21	386	3042	407591	0	0	VILLAGE	Kaijanga	Rural	175	820	419	401	89	44	45	236	122	114	0	0	0	659	354	305	161	65	96	257	232	25	187	176	11	45	45	0	41	40	1	11	11	0	90	80	10	70	56	14	2	1	1	51	39	12	4	4	0	13	12	1	61	48	13	2	1	1	43	32	11	4	4	0	12	11	1	9	8	1	0	0	0	8	7	1	0	0	0	1	1	0	563	187	376
21	386	3042	407592	0	0	VILLAGE	Gothasabalia	Rural	15	66	34	32	11	4	7	43	23	20	0	0	0	46	28	18	20	6	14	38	22	16	24	22	2	17	16	1	4	3	1	2	2	0	1	1	0	14	0	14	0	0	0	0	0	0	1	0	1	13	0	13	14	0	14	0	0	0	0	0	0	1	0	1	13	0	13	0	0	0	0	0	0	0	0	0	0	0	0	0	0	0	28	12	16
21	386	3042	407593	0	0	VILLAGE	Ranapur	Rural	144	678	362	316	74	43	31	203	104	99	0	0	0	539	303	236	139	59	80	353	218	135	199	192	7	133	131	2	28	24	4	0	0	0	38	37	1	154	26	128	9	4	5	24	8	16	5	0	5	116	14	102	151	26	125	9	4	5	21	8	13	5	0	5	116	14	102	3	0	3	0	0	0	3	0	3	0	0	0	0	0	0	325	144	181
21	386	3042	407594	0	0	VILLAGE	Kajipur	Rural	24	109	60	49	12	8	4	0	0	0	0	0	0	87	51	36	22	9	13	72	36	36	37	32	5	30	28	2	3	3	0	1	0	1	3	1	2	35	4	31	1	1	0	0	0	0	1	1	0	33	2	31	35	4	31	1	1	0	0	0	0	1	1	0	33	2	31	0	0	0	0	0	0	0	0	0	0	0	0	0	0	0	37	24	13
21	386	3042	407595	0	0	VILLAGE	Sathilo	Rural	161	652	334	318	71	37	34	253	128	125	0	0	0	507	276	231	145	58	87	448	231	217	231	224	7	142	140	2	48	47	1	0	0	0	41	37	4	217	7	210	3	2	1	3	1	2	3	1	2	208	3	205	217	7	210	3	2	1	3	1	2	3	1	2	208	3	205	0	0	0	0	0	0	0	0	0	0	0	0	0	0	0	204	103	101
21	386	3042	407596	0	0	VILLAGE	kakarudrapurmelaka	Rural	61	274	144	130	21	9	12	95	48	47	0	0	0	214	118	96	60	26	34	145	83	62	67	63	4	18	18	0	23	23	0	6	5	1	20	17	3	78	20	58	1	1	0	9	9	0	19	1	18	49	9	40	78	20	58	1	1	0	9	9	0	19	1	18	49	9	40	0	0	0	0	0	0	0	0	0	0	0	0	0	0	0	129	61	68
21	386	3042	407597	0	0	VILLAGE	Khamangasasan	Rural	171	806	415	391	72	38	34	180	89	91	0	0	0	625	341	284	181	74	107	292	245	47	181	165	16	60	58	2	31	31	0	15	13	2	75	63	12	111	80	31	26	26	0	45	24	21	17	12	5	23	18	5	93	66	27	24	24	0	33	16	17	15	10	5	21	16	5	18	14	4	2	2	0	12	8	4	2	2	0	2	2	0	514	170	344
21	386	3042	407598	0	0	VILLAGE	Bhailo	Rural	25	130	64	66	8	3	5	0	0	0	0	0	0	110	59	51	20	5	15	75	36	39	36	33	3	10	9	1	2	2	0	10	9	1	14	13	1	39	3	36	0	0	0	0	0	0	2	0	2	37	3	34	39	3	36	0	0	0	0	0	0	2	0	2	37	3	34	0	0	0	0	0	0	0	0	0	0	0	0	0	0	0	55	28	27
21	386	3042	407599	0	0	VILLAGE	Sadasimula	Rural	14	55	30	25	7	4	3	0	0	0	0	0	0	43	25	18	12	5	7	34	20	14	17	15	2	3	2	1	4	4	0	2	2	0	8	7	1	17	5	12	0	0	0	1	1	0	5	3	2	11	1	10	17	5	12	0	0	0	1	1	0	5	3	2	11	1	10	0	0	0	0	0	0	0	0	0	0	0	0	0	0	0	21	10	11
21	386	3042	407600	0	0	VILLAGE	Badachhelipatana	Rural	121	494	262	232	48	20	28	62	34	28	0	0	0	404	235	169	90	27	63	176	160	16	162	155	7	1	1	0	22	21	1	3	2	1	136	131	5	14	5	9	0	0	0	1	1	0	2	1	1	11	3	8	12	4	8	0	0	0	0	0	0	2	1	1	10	3	7	2	1	1	0	0	0	1	1	0	0	0	0	1	0	1	318	102	216
21	386	3042	407601	0	0	VILLAGE	Kakarudrapur	Rural	487	2193	1122	1071	210	111	99	269	130	139	0	0	0	1696	945	751	497	177	320	823	688	135	683	645	38	156	154	2	106	90	16	14	14	0	407	387	20	140	43	97	2	2	0	23	6	17	31	6	25	84	29	55	108	36	72	2	2	0	16	4	12	21	4	17	69	26	43	32	7	25	0	0	0	7	2	5	10	2	8	15	3	12	1370	434	936
21	386	3042	407602	0	0	VILLAGE	Jagannathpur	Rural	161	793	408	385	90	42	48	216	96	120	0	0	0	642	344	298	151	64	87	333	254	79	202	194	8	86	85	1	43	39	4	10	10	0	63	60	3	131	60	71	7	6	1	112	43	69	1	1	0	11	10	1	131	60	71	7	6	1	112	43	69	1	1	0	11	10	1	0	0	0	0	0	0	0	0	0	0	0	0	0	0	0	460	154	306
21	386	3042	407603	0	0	VILLAGE	Bisarpur	Rural	249	1038	516	522	94	50	44	521	259	262	0	0	0	783	425	358	255	91	164	353	284	69	316	274	42	84	81	3	95	69	26	4	3	1	133	121	12	37	10	27	3	1	2	22	4	18	1	0	1	11	5	6	31	10	21	3	1	2	18	4	14	1	0	1	9	5	4	6	0	6	0	0	0	4	0	4	0	0	0	2	0	2	685	232	453
21	386	3042	407604	0	0	VILLAGE	Anthuari	Rural	109	491	249	242	50	25	25	155	74	81	0	0	0	365	205	160	126	44	82	160	146	14	148	138	10	19	19	0	51	47	4	37	37	0	41	35	6	12	8	4	6	3	3	1	1	0	2	2	0	3	2	1	12	8	4	6	3	3	1	1	0	2	2	0	3	2	1	0	0	0	0	0	0	0	0	0	0	0	0	0	0	0	331	103	228
21	386	3042	407605	0	0	VILLAGE	Prataprudrapur	Rural	623	2755	1416	1339	257	134	123	736	368	368	0	0	0	2164	1201	963	591	215	376	998	813	185	577	536	41	282	276	6	117	111	6	16	15	1	162	134	28	421	277	144	12	10	2	386	254	132	3	0	3	20	13	7	415	273	142	11	9	2	382	252	130	3	0	3	19	12	7	6	4	2	1	1	0	4	2	2	0	0	0	1	1	0	1757	603	1154
21	386	3042	407606	0	0	VILLAGE	Kendubilwa	Rural	519	2367	1200	1167	279	140	139	799	390	409	0	0	0	1704	938	766	663	262	401	730	620	110	439	396	43	265	251	14	50	41	9	3	3	0	121	101	20	291	224	67	6	6	0	247	187	60	7	4	3	31	27	4	284	217	67	5	5	0	242	182	60	7	4	3	30	26	4	7	7	0	1	1	0	5	5	0	0	0	0	1	1	0	1637	580	1057
21	386	3042	407607	0	0	TOWN	Pratapsasan (CT)	Urban	2576	12830	6634	6196	1308	670	638	1928	1001	927	149	66	83	9980	5489	4491	2850	1145	1705	4405	3812	593	4104	3614	490	139	132	7	319	191	128	315	274	41	3331	3017	314	301	198	103	5	4	1	32	13	19	50	35	15	214	146	68	243	166	77	5	4	1	23	11	12	33	25	8	182	126	56	58	32	26	0	0	0	9	2	7	17	10	7	32	20	12	8425	2822	5603
21	386	3042	407607	1	0	WARD	Pratapsasan (CT) WARD NO.-0001	Urban	2576	12830	6634	6196	1308	670	638	1928	1001	927	149	66	83	9980	5489	4491	2850	1145	1705	4405	3812	593	4104	3614	490	139	132	7	319	191	128	315	274	41	3331	3017	314	301	198	103	5	4	1	32	13	19	50	35	15	214	146	68	243	166	77	5	4	1	23	11	12	33	25	8	182	126	56	58	32	26	0	0	0	9	2	7	17	10	7	32	20	12	8425	2822	5603
21	386	3043	0	0	0	SUB-DISTRICT	Balipatna	Total	29771	132796	67879	64917	13186	6825	6361	35439	17932	17507	204	123	81	101172	55616	45556	31624	12263	19361	50735	40128	10607	35776	31519	4257	10975	10522	453	7442	5743	1699	1345	1218	127	16014	14036	1978	14959	8609	6350	1610	982	628	8357	4599	3758	876	453	423	4116	2575	1541	13000	7466	5534	1380	847	533	7353	4025	3328	749	397	352	3518	2197	1321	1959	1143	816	230	135	95	1004	574	430	127	56	71	598	378	220	82061	27751	54310
21	386	3043	0	0	0	SUB-DISTRICT	Balipatna	Rural	25601	113650	58047	55603	11243	5782	5461	32472	16454	16018	197	119	78	86318	47455	38863	27332	10592	16740	44117	34526	9591	31297	27379	3918	10637	10190	447	6908	5295	1613	994	885	109	12758	11009	1749	12820	7147	5673	1558	938	620	7770	4213	3557	531	257	274	2961	1739	1222	11246	6285	4961	1336	810	526	6918	3766	3152	447	220	227	2545	1489	1056	1574	862	712	222	128	94	852	447	405	84	37	47	416	250	166	69533	23521	46012
21	386	3043	0	0	0	SUB-DISTRICT	Balipatna	Urban	4170	19146	9832	9314	1943	1043	900	2967	1478	1489	7	4	3	14854	8161	6693	4292	1671	2621	6618	5602	1016	4479	4140	339	338	332	6	534	448	86	351	333	18	3256	3027	229	2139	1462	677	52	44	8	587	386	201	345	196	149	1155	836	319	1754	1181	573	44	37	7	435	259	176	302	177	125	973	708	265	385	281	104	8	7	1	152	127	25	43	19	24	182	128	54	12528	4230	8298
21	386	3043	407608	0	0	VILLAGE	Chadheibar	Rural	168	766	400	366	104	55	49	316	157	159	115	66	49	454	264	190	312	136	176	311	229	82	296	221	75	37	36	1	11	4	7	7	4	3	241	177	64	15	8	7	4	4	0	0	0	0	1	0	1	10	4	6	14	7	7	4	4	0	0	0	0	1	0	1	9	3	6	1	1	0	0	0	0	0	0	0	0	0	0	1	1	0	455	171	284
21	386	3043	407609	0	0	VILLAGE	Bayanpada	Rural	160	655	334	321	79	37	42	247	126	121	0	0	0	455	253	202	200	81	119	325	230	95	214	205	9	144	140	4	5	5	0	0	0	0	65	60	5	111	25	86	2	1	1	104	21	83	0	0	0	5	3	2	110	24	86	2	1	1	104	21	83	0	0	0	4	2	2	1	1	0	0	0	0	0	0	0	0	0	0	1	1	0	330	104	226
21	386	3043	407610	0	0	VILLAGE	Singirisasan	Rural	198	920	445	475	83	34	49	145	68	77	0	0	0	700	375	325	220	70	150	284	251	33	272	240	32	94	93	1	82	58	24	0	0	0	96	89	7	12	11	1	0	0	0	3	2	1	0	0	0	9	9	0	10	9	1	0	0	0	3	2	1	0	0	0	7	7	0	2	2	0	0	0	0	0	0	0	0	0	0	2	2	0	636	194	442
21	386	3043	407611	0	0	VILLAGE	Panikata	Rural	202	976	472	504	101	44	57	228	100	128	0	0	0	750	396	354	226	76	150	242	226	16	160	152	8	96	94	2	6	6	0	2	1	1	56	51	5	82	74	8	31	29	2	28	27	1	1	1	0	22	17	5	78	72	6	31	29	2	27	26	1	0	0	0	20	17	3	4	2	2	0	0	0	1	1	0	1	1	0	2	0	2	734	246	488
21	386	3043	407612	0	0	VILLAGE	Bisuniapada	Rural	208	933	488	445	87	50	37	284	150	134	0	0	0	709	392	317	224	96	128	213	203	10	94	89	5	42	42	0	4	3	1	8	7	1	40	37	3	119	114	5	4	4	0	98	94	4	0	0	0	17	16	1	111	108	3	3	3	0	92	89	3	0	0	0	16	16	0	8	6	2	1	1	0	6	5	1	0	0	0	1	0	1	720	285	435
21	386	3043	407613	0	0	VILLAGE	Bodhakhandi	Rural	555	2460	1266	1194	233	119	114	569	297	272	0	0	0	1871	1048	823	589	218	371	915	779	136	686	632	54	328	313	15	82	71	11	12	11	1	264	237	27	229	147	82	8	4	4	83	33	50	17	16	1	121	94	27	223	141	82	6	2	4	83	33	50	17	16	1	117	90	27	6	6	0	2	2	0	0	0	0	0	0	0	4	4	0	1545	487	1058
21	386	3043	407614	0	0	VILLAGE	Barijanga	Rural	145	717	386	331	73	36	37	185	99	86	0	0	0	582	328	254	135	58	77	250	239	11	245	235	10	112	112	0	16	13	3	0	0	0	117	110	7	5	4	1	0	0	0	3	2	1	0	0	0	2	2	0	5	4	1	0	0	0	3	2	1	0	0	0	2	2	0	0	0	0	0	0	0	0	0	0	0	0	0	0	0	0	467	147	320
21	386	3043	407615	0	0	VILLAGE	Huikera	Rural	56	315	154	161	42	23	19	77	39	38	0	0	0	228	117	111	87	37	50	95	86	9	82	74	8	44	43	1	11	9	2	0	0	0	27	22	5	13	12	1	3	2	1	0	0	0	0	0	0	10	10	0	11	10	1	2	1	1	0	0	0	0	0	0	9	9	0	2	2	0	1	1	0	0	0	0	0	0	0	1	1	0	220	68	152
21	386	3043	407616	0	0	VILLAGE	Nuapara	Rural	175	821	412	409	70	39	31	88	44	44	0	0	0	690	358	332	131	54	77	292	259	33	231	220	11	89	86	3	32	32	0	5	5	0	105	97	8	61	39	22	4	3	1	13	11	2	0	0	0	44	25	19	52	35	17	3	2	1	12	10	2	0	0	0	37	23	14	9	4	5	1	1	0	1	1	0	0	0	0	7	2	5	529	153	376
21	386	3043	407617	0	0	VILLAGE	Pampalo	Rural	336	1538	782	756	167	78	89	737	371	366	0	0	0	1121	637	484	417	145	272	687	483	204	501	411	90	99	99	0	190	117	73	35	33	2	177	162	15	186	72	114	44	17	27	114	31	83	2	1	1	26	23	3	183	72	111	44	17	27	111	31	80	2	1	1	26	23	3	3	0	3	0	0	0	3	0	3	0	0	0	0	0	0	851	299	552
21	386	3043	407618	0	0	VILLAGE	Biswanathpur	Rural	455	2203	1140	1063	219	114	105	737	381	356	0	0	0	1661	935	726	542	205	337	742	660	82	455	422	33	169	164	5	61	60	1	4	4	0	221	194	27	287	238	49	14	12	2	125	94	31	6	6	0	142	126	16	202	167	35	13	11	2	87	61	26	6	6	0	96	89	7	85	71	14	1	1	0	38	33	5	0	0	0	46	37	9	1461	480	981
21	386	3043	407619	0	0	VILLAGE	Sathilochaka	Rural	0	0	0	0	0	0	0	0	0	0	0	0	0	0	0	0	0	0	0	0	0	0	0	0	0	0	0	0	0	0	0	0	0	0	0	0	0	0	0	0	0	0	0	0	0	0	0	0	0	0	0	0	0	0	0	0	0	0	0	0	0	0	0	0	0	0	0	0	0	0	0	0	0	0	0	0	0	0	0	0	0	0	0	0	0
21	386	3043	407620	0	0	VILLAGE	Kiajori	Rural	144	647	332	315	56	27	29	228	120	108	0	0	0	533	294	239	114	38	76	259	187	72	208	179	29	6	5	1	104	81	23	6	6	0	92	87	5	51	8	43	3	0	3	38	7	31	4	0	4	6	1	5	51	8	43	3	0	3	38	7	31	4	0	4	6	1	5	0	0	0	0	0	0	0	0	0	0	0	0	0	0	0	388	145	243
21	386	3043	407621	0	0	VILLAGE	Budhangadeuli	Rural	17	89	50	39	8	4	4	0	0	0	0	0	0	73	45	28	16	5	11	34	27	7	30	25	5	3	1	2	8	7	1	1	0	1	18	17	1	4	2	2	0	0	0	3	1	2	0	0	0	1	1	0	4	2	2	0	0	0	3	1	2	0	0	0	1	1	0	0	0	0	0	0	0	0	0	0	0	0	0	0	0	0	55	23	32
21	386	3043	407622	0	0	VILLAGE	Garedipanchan	Rural	749	3424	1788	1636	312	160	152	1114	585	529	0	0	0	2725	1511	1214	699	277	422	1236	1016	220	1099	915	184	212	198	14	296	203	93	68	58	10	523	456	67	137	101	36	12	10	2	69	50	19	6	5	1	50	36	14	122	90	32	10	8	2	62	45	17	4	3	1	46	34	12	15	11	4	2	2	0	7	5	2	2	2	0	4	2	2	2188	772	1416
21	386	3043	407623	0	0	VILLAGE	Sarat	Rural	507	2405	1197	1208	209	98	111	743	379	364	0	0	0	1918	1020	898	487	177	310	833	755	78	683	643	40	257	254	3	183	169	14	7	7	0	236	213	23	150	112	38	21	20	1	78	48	30	3	2	1	48	42	6	134	102	32	21	20	1	72	46	26	3	2	1	38	34	4	16	10	6	0	0	0	6	2	4	0	0	0	10	8	2	1572	442	1130
21	386	3043	407624	0	0	VILLAGE	Saripur	Rural	228	1106	563	543	111	64	47	244	123	121	3	2	1	925	489	436	181	74	107	393	325	68	364	316	48	79	73	6	35	29	6	4	4	0	246	210	36	29	9	20	3	1	2	13	3	10	4	1	3	9	4	5	27	9	18	2	1	1	12	3	9	4	1	3	9	4	5	2	0	2	1	0	1	1	0	1	0	0	0	0	0	0	713	238	475
21	386	3043	407625	0	0	VILLAGE	Giringo	Rural	340	1518	767	751	173	95	78	459	222	237	0	0	0	1102	604	498	416	163	253	489	392	97	192	178	14	45	45	0	25	22	3	61	58	3	61	53	8	297	214	83	0	0	0	276	196	80	15	14	1	6	4	2	168	120	48	0	0	0	148	103	45	15	14	1	5	3	2	129	94	35	0	0	0	128	93	35	0	0	0	1	1	0	1029	375	654
21	386	3043	407626	0	0	VILLAGE	Barilo	Rural	141	665	331	334	60	30	30	312	152	160	0	0	0	535	287	248	130	44	86	269	213	56	222	204	18	109	107	2	1	1	0	6	4	2	106	92	14	47	9	38	1	0	1	44	7	37	0	0	0	2	2	0	39	8	31	1	0	1	37	7	30	0	0	0	1	1	0	8	1	7	0	0	0	7	0	7	0	0	0	1	1	0	396	118	278
21	386	3043	407627	0	0	VILLAGE	Saheb nagar	Rural	387	1693	855	838	176	89	87	89	42	47	0	0	0	1297	682	615	396	173	223	905	579	326	483	400	83	133	116	17	210	165	45	19	16	3	121	103	18	422	179	243	75	32	43	271	112	159	22	6	16	54	29	25	386	157	229	66	28	38	253	98	155	19	6	13	48	25	23	36	22	14	9	4	5	18	14	4	3	0	3	6	4	2	788	276	512
21	386	3043	407628	0	0	VILLAGE	Mahukhanda	Rural	435	1900	958	942	180	99	81	276	138	138	0	0	0	1439	785	654	461	173	288	876	587	289	492	431	61	193	190	3	77	62	15	22	19	3	200	160	40	384	156	228	40	17	23	282	108	174	14	7	7	48	24	24	368	150	218	39	17	22	279	108	171	11	5	6	39	20	19	16	6	10	1	0	1	3	0	3	3	2	1	9	4	5	1024	371	653
21	386	3043	407629	0	0	VILLAGE	Athantar	Rural	370	1753	899	854	178	87	91	630	310	320	1	1	0	1331	731	600	422	168	254	645	507	138	525	469	56	27	26	1	112	108	4	24	18	6	362	317	45	120	38	82	11	6	5	59	15	44	11	6	5	39	11	28	89	35	54	11	6	5	35	13	22	9	6	3	34	10	24	31	3	28	0	0	0	24	2	22	2	0	2	5	1	4	1108	392	716
21	386	3043	407630	0	0	VILLAGE	Aitalanga	Rural	220	1008	510	498	106	50	56	360	174	186	0	0	0	757	411	346	251	99	152	367	293	74	241	226	15	56	56	0	39	37	2	16	16	0	130	117	13	126	67	59	19	17	2	80	40	40	1	0	1	26	10	16	81	58	23	19	17	2	38	32	6	1	0	1	23	9	14	45	9	36	0	0	0	42	8	34	0	0	0	3	1	2	641	217	424
21	386	3043	407631	0	0	VILLAGE	Nuagan	Rural	380	1609	810	799	149	73	76	232	117	115	0	0	0	1271	683	588	338	127	211	512	480	32	425	403	22	51	50	1	70	66	4	4	3	1	300	284	16	87	77	10	11	10	1	45	41	4	4	0	4	27	26	1	73	67	6	11	10	1	36	33	3	1	0	1	25	24	1	14	10	4	0	0	0	9	8	1	3	0	3	2	2	0	1097	330	767
21	386	3043	407632	0	0	VILLAGE	Dhanahara	Rural	289	1211	623	588	142	77	65	538	275	263	0	0	0	828	471	357	383	152	231	444	372	72	374	339	35	63	59	4	72	60	12	12	11	1	227	209	18	70	33	37	2	2	0	47	18	29	4	2	2	17	11	6	66	30	36	1	1	0	46	18	28	4	2	2	15	9	6	4	3	1	1	1	0	1	0	1	0	0	0	2	2	0	767	251	516
21	386	3043	407633	0	0	VILLAGE	Prataprudrapur-2	Rural	359	1442	746	696	132	73	59	396	194	202	0	0	0	1125	615	510	317	131	186	602	408	194	276	215	61	171	142	29	42	25	17	8	8	0	55	40	15	326	193	133	17	9	8	287	178	109	16	4	12	6	2	4	319	192	127	16	9	7	287	178	109	10	3	7	6	2	4	7	1	6	1	0	1	0	0	0	6	1	5	0	0	0	840	338	502
21	386	3043	407634	0	0	VILLAGE	Banamalipur	Rural	84	362	175	187	36	17	19	109	56	53	0	0	0	287	142	145	75	33	42	118	107	11	112	102	10	9	9	0	41	38	3	1	1	0	61	54	7	6	5	1	1	0	1	3	3	0	0	0	0	2	2	0	6	5	1	1	0	1	3	3	0	0	0	0	2	2	0	0	0	0	0	0	0	0	0	0	0	0	0	0	0	0	244	68	176
21	386	3043	407635	0	0	VILLAGE	Manikpur	Rural	62	240	125	115	18	8	10	87	45	42	0	0	0	186	110	76	54	15	39	140	80	60	55	46	9	13	13	0	16	11	5	16	14	2	10	8	2	85	34	51	5	4	1	72	26	46	7	4	3	1	0	1	70	28	42	5	4	1	62	23	39	3	1	2	0	0	0	15	6	9	0	0	0	10	3	7	4	3	1	1	0	1	100	45	55
21	386	3043	407636	0	0	VILLAGE	Arilo	Rural	143	542	275	267	66	47	19	451	229	222	0	0	0	359	200	159	183	75	108	334	168	166	130	114	16	53	53	0	56	43	13	10	10	0	11	8	3	204	54	150	1	0	1	200	51	149	0	0	0	3	3	0	189	53	136	0	0	0	186	50	136	0	0	0	3	3	0	15	1	14	1	0	1	14	1	13	0	0	0	0	0	0	208	107	101
21	386	3043	407637	0	0	VILLAGE	Tihuri	Rural	136	573	290	283	74	40	34	322	162	160	0	0	0	363	202	161	210	88	122	249	180	69	161	150	11	28	27	1	46	39	7	0	0	0	87	84	3	88	30	58	6	4	2	56	20	36	0	0	0	26	6	20	84	28	56	5	4	1	53	18	35	0	0	0	26	6	20	4	2	2	1	0	1	3	2	1	0	0	0	0	0	0	324	110	214
21	386	3043	407638	0	0	VILLAGE	Khulisa	Rural	225	928	481	447	80	36	44	644	337	307	0	0	0	713	413	300	215	68	147	497	318	179	480	310	170	206	133	73	203	120	83	10	10	0	61	47	14	17	8	9	10	5	5	3	2	1	2	1	1	2	0	2	16	7	9	9	4	5	3	2	1	2	1	1	2	0	2	1	1	0	1	1	0	0	0	0	0	0	0	0	0	0	431	163	268
21	386	3043	407639	0	0	VILLAGE	Amanakud	Rural	779	3134	1596	1538	280	139	141	633	319	314	4	3	1	2276	1277	999	858	319	539	1163	946	217	863	776	87	180	172	8	133	108	25	32	27	5	518	469	49	300	170	130	45	21	24	143	80	63	9	4	5	103	65	38	231	140	91	33	15	18	107	61	46	6	3	3	85	61	24	69	30	39	12	6	6	36	19	17	3	1	2	18	4	14	1971	650	1321
21	386	3043	407640	0	0	VILLAGE	Srirampur	Rural	426	1908	961	947	189	96	93	737	379	358	0	0	0	1361	746	615	547	215	332	761	547	214	547	507	40	94	91	3	276	254	22	16	16	0	161	146	15	214	40	174	34	9	25	160	27	133	2	0	2	18	4	14	210	36	174	33	8	25	157	24	133	2	0	2	18	4	14	4	4	0	1	1	0	3	3	0	0	0	0	0	0	0	1147	414	733
21	386	3043	407641	0	0	VILLAGE	Deulidharpur	Rural	296	1313	670	643	107	53	54	460	228	232	0	0	0	922	520	402	391	150	241	592	417	175	533	390	143	178	172	6	289	165	124	14	12	2	52	41	11	59	27	32	28	16	12	10	7	3	0	0	0	21	4	17	41	24	17	24	16	8	6	5	1	0	0	0	11	3	8	18	3	15	4	0	4	4	2	2	0	0	0	10	1	9	721	253	468
21	386	3043	407642	0	0	VILLAGE	Bhanranijigarh	Rural	222	938	480	458	73	36	37	93	49	44	0	0	0	788	423	365	150	57	93	307	270	37	165	145	20	15	14	1	7	7	0	3	2	1	140	122	18	142	125	17	72	68	4	14	14	0	3	1	2	53	42	11	134	117	17	67	63	4	12	12	0	3	1	2	52	41	11	8	8	0	5	5	0	2	2	0	0	0	0	1	1	0	631	210	421
21	386	3043	407643	0	0	VILLAGE	Marthapur	Rural	373	1569	780	789	188	103	85	709	339	370	0	0	0	1119	604	515	450	176	274	599	445	154	417	361	56	131	129	2	153	122	31	0	0	0	133	110	23	182	84	98	1	1	0	174	78	96	0	0	0	7	5	2	153	74	79	1	1	0	148	69	79	0	0	0	4	4	0	29	10	19	0	0	0	26	9	17	0	0	0	3	1	2	970	335	635
21	386	3043	407644	0	0	VILLAGE	Sumudi	Rural	221	978	497	481	98	44	54	485	239	246	0	0	0	655	378	277	323	119	204	373	259	114	218	197	21	48	46	2	131	117	14	13	11	2	26	23	3	155	62	93	1	1	0	144	55	89	2	1	1	8	5	3	127	57	70	1	1	0	119	52	67	1	1	0	6	3	3	28	5	23	0	0	0	25	3	22	1	0	1	2	2	0	605	238	367
21	386	3043	407645	0	0	VILLAGE	Raghuagorada	Rural	119	551	280	271	46	23	23	261	137	124	0	0	0	392	216	176	159	64	95	274	170	104	173	126	47	38	33	5	100	60	40	9	9	0	26	24	2	101	44	57	19	9	10	61	33	28	0	0	0	21	2	19	96	40	56	16	6	10	60	32	28	0	0	0	20	2	18	5	4	1	3	3	0	1	1	0	0	0	0	1	0	1	277	110	167
21	386	3043	407646	0	0	VILLAGE	Guapur	Rural	456	2111	1099	1012	238	125	113	1181	611	570	2	1	1	1521	862	659	590	237	353	934	608	326	501	474	27	208	206	2	58	53	5	8	8	0	227	207	20	433	134	299	11	3	8	249	111	138	30	2	28	143	18	125	399	131	268	9	3	6	246	111	135	29	2	27	115	15	100	34	3	31	2	0	2	3	0	3	1	0	1	28	3	25	1177	491	686
21	386	3043	407647	0	0	VILLAGE	Brahmankhandi	Rural	33	156	79	77	15	11	4	78	42	36	0	0	0	113	63	50	43	16	27	82	51	31	46	45	1	30	29	1	6	6	0	1	1	0	9	9	0	36	6	30	19	4	15	9	2	7	7	0	7	1	0	1	27	4	23	13	2	11	9	2	7	4	0	4	1	0	1	9	2	7	6	2	4	0	0	0	3	0	3	0	0	0	74	28	46
21	386	3043	407648	0	0	VILLAGE	Sidhakutila	Rural	45	188	92	96	20	7	13	0	0	0	0	0	0	141	77	64	47	15	32	86	68	18	53	52	1	42	42	0	3	3	0	0	0	0	8	7	1	33	16	17	2	2	0	27	11	16	1	0	1	3	3	0	25	15	10	2	2	0	19	10	9	1	0	1	3	3	0	8	1	7	0	0	0	8	1	7	0	0	0	0	0	0	102	24	78
21	386	3043	407649	0	0	VILLAGE	Pubagarh	Rural	350	1676	890	786	168	91	77	408	209	199	0	0	0	1310	737	573	366	153	213	650	525	125	499	464	35	213	208	5	187	168	19	21	18	3	78	70	8	151	61	90	71	10	61	67	47	20	4	0	4	9	4	5	141	56	85	67	9	58	61	43	18	4	0	4	9	4	5	10	5	5	4	1	3	6	4	2	0	0	0	0	0	0	1026	365	661
21	386	3043	407650	0	0	VILLAGE	Turintira	Rural	379	1714	874	840	164	85	79	415	215	200	18	10	8	1289	717	572	425	157	268	690	528	162	574	485	89	103	101	2	153	97	56	45	43	2	273	244	29	116	43	73	8	4	4	93	29	64	1	1	0	14	9	5	111	43	68	8	4	4	89	29	60	1	1	0	13	9	4	5	0	5	0	0	0	4	0	4	0	0	0	1	0	1	1024	346	678
21	386	3043	407651	0	0	VILLAGE	Narada	Rural	526	2252	1156	1096	234	126	108	819	423	396	0	0	0	1625	898	727	627	258	369	851	724	127	448	425	23	107	106	1	73	70	3	17	16	1	251	233	18	403	299	104	30	24	6	275	220	55	13	4	9	85	51	34	358	278	80	27	22	5	264	214	50	7	4	3	60	38	22	45	21	24	3	2	1	11	6	5	6	0	6	25	13	12	1401	432	969
21	386	3043	407652	0	0	VILLAGE	Dorabanga	Rural	161	701	344	357	61	27	34	183	87	96	0	0	0	580	304	276	121	40	81	233	202	31	195	180	15	69	68	1	27	24	3	17	15	2	82	73	9	38	22	16	3	2	1	30	16	14	2	2	0	3	2	1	35	19	16	3	2	1	30	16	14	1	1	0	1	0	1	3	3	0	0	0	0	0	0	0	1	1	0	2	2	0	468	142	326
21	386	3043	407653	0	0	VILLAGE	Taraboi	Rural	183	783	403	380	61	33	28	128	66	62	0	0	0	651	348	303	132	55	77	264	224	40	235	210	25	139	136	3	27	16	11	2	2	0	67	56	11	29	14	15	5	3	2	16	6	10	3	3	0	5	2	3	19	7	12	2	1	1	14	6	8	0	0	0	3	0	3	10	7	3	3	2	1	2	0	2	3	3	0	2	2	0	519	179	340
21	386	3043	407654	0	0	VILLAGE	Bagalpur	Rural	337	1467	758	709	140	69	71	562	291	271	0	0	0	1086	619	467	381	139	242	602	410	192	454	392	62	88	85	3	229	185	44	14	13	1	123	109	14	148	18	130	16	2	14	105	7	98	5	1	4	22	8	14	148	18	130	16	2	14	105	7	98	5	1	4	22	8	14	0	0	0	0	0	0	0	0	0	0	0	0	0	0	0	865	348	517
21	386	3043	407655	0	0	VILLAGE	Kulantirabagilo	Rural	40	193	101	92	12	6	6	53	28	25	0	0	0	159	91	68	34	10	24	74	65	9	67	65	2	41	41	0	1	1	0	0	0	0	25	23	2	7	0	7	1	0	1	6	0	6	0	0	0	0	0	0	7	0	7	1	0	1	6	0	6	0	0	0	0	0	0	0	0	0	0	0	0	0	0	0	0	0	0	0	0	0	119	36	83
21	386	3043	407656	0	0	VILLAGE	Kulantirasasan	Rural	105	531	274	257	47	23	24	251	132	119	0	0	0	421	230	191	110	44	66	210	158	52	157	149	8	73	73	0	8	6	2	3	3	0	73	67	6	53	9	44	0	0	0	42	2	40	1	1	0	10	6	4	52	8	44	0	0	0	42	2	40	1	1	0	9	5	4	1	1	0	0	0	0	0	0	0	0	0	0	1	1	0	321	116	205
21	386	3043	407657	0	0	VILLAGE	Kulantiragram	Rural	241	1112	560	552	112	60	52	919	469	450	0	0	0	725	402	323	387	158	229	455	327	128	332	257	75	56	51	5	128	76	52	27	25	2	121	105	16	123	70	53	12	10	2	67	20	47	2	0	2	42	40	2	45	38	7	8	8	0	14	11	3	2	0	2	21	19	2	78	32	46	4	2	2	53	9	44	0	0	0	21	21	0	657	233	424
21	386	3043	407658	0	0	VILLAGE	Darada	Rural	289	1432	716	716	153	68	85	569	278	291	0	0	0	1125	592	533	307	124	183	731	472	259	459	412	47	289	270	19	35	21	14	7	5	2	128	116	12	272	60	212	13	6	7	236	35	201	4	2	2	19	17	2	254	50	204	12	6	6	223	27	196	2	2	0	17	15	2	18	10	8	1	0	1	13	8	5	2	0	2	2	2	0	701	244	457
21	386	3043	407659	0	0	VILLAGE	Danapada	Rural	114	513	275	238	54	30	24	280	152	128	0	0	0	337	213	124	176	62	114	220	169	51	82	80	2	1	1	0	0	0	0	0	0	0	81	79	2	138	89	49	28	27	1	96	51	45	0	0	0	14	11	3	122	88	34	28	27	1	81	51	30	0	0	0	13	10	3	16	1	15	0	0	0	15	0	15	0	0	0	1	1	0	293	106	187
21	386	3043	407660	0	0	VILLAGE	Alisisahabad	Rural	1	5	2	3	0	0	0	0	0	0	0	0	0	5	2	3	0	0	0	1	1	0	1	1	0	1	1	0	0	0	0	0	0	0	0	0	0	0	0	0	0	0	0	0	0	0	0	0	0	0	0	0	0	0	0	0	0	0	0	0	0	0	0	0	0	0	0	0	0	0	0	0	0	0	0	0	0	0	0	0	0	0	4	1	3
21	386	3043	407661	0	0	VILLAGE	Alisibindha	Rural	52	255	133	122	24	13	11	41	23	18	1	1	0	158	93	65	97	40	57	93	86	7	35	34	1	0	0	0	0	0	0	0	0	0	35	34	1	58	52	6	34	34	0	22	17	5	0	0	0	2	1	1	52	49	3	32	32	0	18	16	2	0	0	0	2	1	1	6	3	3	2	2	0	4	1	3	0	0	0	0	0	0	162	47	115
21	386	3043	407662	0	0	VILLAGE	Alisisasan	Rural	229	1135	583	552	101	50	51	410	209	201	25	17	8	909	499	410	226	84	142	502	371	131	265	257	8	111	111	0	44	43	1	1	1	0	109	102	7	237	114	123	8	4	4	157	74	83	7	3	4	65	33	32	199	104	95	7	4	3	146	71	75	4	3	1	42	26	16	38	10	28	1	0	1	11	3	8	3	0	3	23	7	16	633	212	421
21	386	3043	407663	0	0	VILLAGE	Bindha	Rural	51	219	115	104	15	8	7	50	23	27	0	0	0	152	92	60	67	23	44	88	73	15	56	51	5	9	9	0	6	6	0	22	21	1	19	15	4	32	22	10	0	0	0	15	5	10	13	13	0	4	4	0	23	14	9	0	0	0	14	5	9	8	8	0	1	1	0	9	8	1	0	0	0	1	0	1	5	5	0	3	3	0	131	42	89
21	386	3043	407664	0	0	VILLAGE	Purohitpur	Rural	233	1110	584	526	96	49	47	238	123	115	0	0	0	868	504	364	242	80	162	373	354	19	371	352	19	200	197	3	6	4	2	0	0	0	165	151	14	2	2	0	0	0	0	0	0	0	0	0	0	2	2	0	2	2	0	0	0	0	0	0	0	0	0	0	2	2	0	0	0	0	0	0	0	0	0	0	0	0	0	0	0	0	737	230	507
21	386	3043	407665	0	0	VILLAGE	Jhintisasan	Rural	847	4366	2191	2175	439	215	224	805	407	398	0	0	0	3421	1827	1594	945	364	581	1467	1296	171	1334	1254	80	676	661	15	140	107	33	8	8	0	510	478	32	133	42	91	59	14	45	52	13	39	1	0	1	21	15	6	108	37	71	42	10	32	44	12	32	1	0	1	21	15	6	25	5	20	17	4	13	8	1	7	0	0	0	0	0	0	2899	895	2004
21	386	3043	407666	0	0	VILLAGE	Trahiachutya Nagar	Rural	435	1656	868	788	77	36	41	6	2	4	0	0	0	1559	822	737	97	46	51	629	541	88	619	539	80	13	8	5	10	9	1	33	33	0	563	489	74	10	2	8	0	0	0	0	0	0	8	0	8	2	2	0	10	2	8	0	0	0	0	0	0	8	0	8	2	2	0	0	0	0	0	0	0	0	0	0	0	0	0	0	0	0	1027	327	700
21	386	3043	407667	0	0	VILLAGE	Purunajhinti	Rural	70	335	171	164	50	24	26	249	127	122	0	0	0	210	130	80	125	41	84	166	105	61	70	66	4	12	12	0	18	17	1	0	0	0	40	37	3	96	39	57	1	0	1	78	22	56	0	0	0	17	17	0	91	38	53	1	0	1	73	21	52	0	0	0	17	17	0	5	1	4	0	0	0	5	1	4	0	0	0	0	0	0	169	66	103
21	386	3043	407668	0	0	VILLAGE	Dangua	Rural	26	97	51	46	5	2	3	18	10	8	0	0	0	91	48	43	6	3	3	48	36	12	41	31	10	28	22	6	0	0	0	0	0	0	13	9	4	7	5	2	2	1	1	0	0	0	0	0	0	5	4	1	7	5	2	2	1	1	0	0	0	0	0	0	5	4	1	0	0	0	0	0	0	0	0	0	0	0	0	0	0	0	49	15	34
21	386	3043	407669	0	0	VILLAGE	Achyutpur	Rural	129	555	280	275	52	26	26	160	76	84	0	0	0	442	240	202	113	40	73	208	167	41	160	141	19	36	35	1	13	10	3	12	10	2	99	86	13	48	26	22	0	0	0	20	8	12	3	1	2	25	17	8	37	18	19	0	0	0	16	5	11	1	0	1	20	13	7	11	8	3	0	0	0	4	3	1	2	1	1	5	4	1	347	113	234
21	386	3043	407670	0	0	VILLAGE	Adalabad	Rural	101	456	233	223	49	23	26	217	113	104	0	0	0	269	155	114	187	78	109	179	148	31	150	138	12	37	37	0	17	17	0	23	16	7	73	68	5	29	10	19	6	4	2	2	2	0	13	1	12	8	3	5	29	10	19	6	4	2	2	2	0	13	1	12	8	3	5	0	0	0	0	0	0	0	0	0	0	0	0	0	0	0	277	85	192
21	386	3043	407671	0	0	VILLAGE	Bhairpur	Rural	296	1334	671	663	138	68	70	92	51	41	0	0	0	1027	559	468	307	112	195	674	439	235	612	414	198	254	254	0	11	10	1	2	2	0	345	148	197	62	25	37	2	2	0	20	4	16	0	0	0	40	19	21	61	25	36	2	2	0	19	4	15	0	0	0	40	19	21	1	0	1	0	0	0	1	0	1	0	0	0	0	0	0	660	232	428
21	386	3043	407672	0	0	VILLAGE	Makundadaspur	Rural	781	3840	1998	1842	395	209	186	528	254	274	22	13	9	2927	1634	1293	913	364	549	1541	1153	388	838	794	44	116	102	14	32	32	0	67	63	4	623	597	26	703	359	344	48	16	32	79	64	15	127	83	44	449	196	253	670	341	329	47	15	32	71	59	12	124	81	43	428	186	242	33	18	15	1	1	0	8	5	3	3	2	1	21	10	11	2299	845	1454
21	386	3043	407673	0	0	VILLAGE	Somanasasan	Rural	239	970	484	486	123	65	58	202	104	98	1	1	0	617	318	299	353	166	187	310	251	59	94	85	9	4	3	1	0	0	0	3	3	0	87	79	8	216	166	50	14	12	2	32	30	2	8	6	2	162	118	44	170	125	45	14	12	2	28	27	1	7	6	1	121	80	41	46	41	5	0	0	0	4	3	1	1	0	1	41	38	3	660	233	427
21	386	3043	407674	0	0	VILLAGE	Chitalpur	Rural	157	780	405	375	63	36	27	144	78	66	0	0	0	636	348	288	144	57	87	227	211	16	223	210	13	51	51	0	34	30	4	3	3	0	135	126	9	4	1	3	1	0	1	2	1	1	0	0	0	1	0	1	4	1	3	1	0	1	2	1	1	0	0	0	1	0	1	0	0	0	0	0	0	0	0	0	0	0	0	0	0	0	553	194	359
21	386	3043	407675	0	0	VILLAGE	Somana Padhan	Rural	236	1093	567	526	129	72	57	59	27	32	0	0	0	825	454	371	268	113	155	327	322	5	274	271	3	100	100	0	69	68	1	0	0	0	105	103	2	53	51	2	15	15	0	30	28	2	0	0	0	8	8	0	50	48	2	15	15	0	27	25	2	0	0	0	8	8	0	3	3	0	0	0	0	3	3	0	0	0	0	0	0	0	766	245	521
21	386	3043	407676	0	0	VILLAGE	Biswal Pada	Rural	316	1277	657	620	134	71	63	307	152	155	0	0	0	991	540	451	286	117	169	454	400	54	350	328	22	184	183	1	72	64	8	6	4	2	88	77	11	104	72	32	6	1	5	83	62	21	3	1	2	12	8	4	101	70	31	6	1	5	82	61	21	2	1	1	11	7	4	3	2	1	0	0	0	1	1	0	1	0	1	1	1	0	823	257	566
21	386	3043	407677	0	0	VILLAGE	Baradapada	Rural	180	743	378	365	80	40	40	114	56	58	1	1	0	605	326	279	138	52	86	259	233	26	86	79	7	7	5	2	8	8	0	2	1	1	69	65	4	173	154	19	7	6	1	102	97	5	4	3	1	60	48	12	138	125	13	4	3	1	84	81	3	3	3	0	47	38	9	35	29	6	3	3	0	18	16	2	1	0	1	13	10	3	484	145	339
21	386	3043	407678	0	0	VILLAGE	Badalapara	Rural	91	351	180	171	43	18	25	42	23	19	0	0	0	296	156	140	55	24	31	123	106	17	114	103	11	77	73	4	13	6	7	0	0	0	24	24	0	9	3	6	0	0	0	7	1	6	0	0	0	2	2	0	9	3	6	0	0	0	7	1	6	0	0	0	2	2	0	0	0	0	0	0	0	0	0	0	0	0	0	0	0	0	228	74	154
21	386	3043	407679	0	0	VILLAGE	Rajas	Rural	1459	6255	3149	3106	606	298	308	1209	615	594	2	2	0	4992	2679	2313	1263	470	793	2087	1894	193	1788	1658	130	900	872	28	106	97	9	31	28	3	751	661	90	299	236	63	15	15	0	227	188	39	11	5	6	46	28	18	254	197	57	8	8	0	201	162	39	9	4	5	36	23	13	45	39	6	7	7	0	26	26	0	2	1	1	10	5	5	4168	1255	2913
21	386	3043	407680	0	0	VILLAGE	Rayadadeuli	Rural	135	585	298	287	61	33	28	111	54	57	0	0	0	436	244	192	149	54	95	191	180	11	146	140	6	60	60	0	26	26	0	2	2	0	58	52	6	45	40	5	3	3	0	37	32	5	1	1	0	4	4	0	43	38	5	2	2	0	37	32	5	0	0	0	4	4	0	2	2	0	1	1	0	0	0	0	1	1	0	0	0	0	394	118	276
21	386	3043	407681	0	0	VILLAGE	Palasahi	Rural	242	978	487	491	80	35	45	9	3	6	0	0	0	764	418	346	214	69	145	424	349	75	265	252	13	47	46	1	132	125	7	1	1	0	85	80	5	159	97	62	0	0	0	121	78	43	1	1	0	37	18	19	157	95	62	0	0	0	120	77	43	1	1	0	36	17	19	2	2	0	0	0	0	1	1	0	0	0	0	1	1	0	554	138	416
21	386	3043	407682	0	0	VILLAGE	Garia	Rural	156	641	340	301	56	37	19	78	40	38	0	0	0	520	289	231	121	51	70	271	226	45	191	181	10	133	129	4	33	31	2	1	1	0	24	20	4	80	45	35	6	5	1	60	28	32	1	1	0	13	11	2	63	29	34	5	4	1	47	16	31	1	1	0	10	8	2	17	16	1	1	1	0	13	12	1	0	0	0	3	3	0	370	114	256
21	386	3043	407683	0	0	VILLAGE	Sanamachhapur	Rural	151	602	314	288	67	33	34	185	93	92	0	0	0	476	264	212	126	50	76	264	185	79	202	161	41	97	92	5	65	44	21	8	4	4	32	21	11	62	24	38	47	13	34	10	7	3	2	2	0	3	2	1	55	17	38	45	11	34	8	5	3	1	1	0	1	0	1	7	7	0	2	2	0	2	2	0	1	1	0	2	2	0	338	129	209
21	386	3043	407684	0	0	VILLAGE	Dalakasoti	Rural	113	466	235	231	51	25	26	205	100	105	0	0	0	344	189	155	122	46	76	224	151	73	120	101	19	36	35	1	28	21	7	2	1	1	54	44	10	104	50	54	61	36	25	33	12	21	1	0	1	9	2	7	104	50	54	61	36	25	33	12	21	1	0	1	9	2	7	0	0	0	0	0	0	0	0	0	0	0	0	0	0	0	242	84	158
21	386	3043	407685	0	0	VILLAGE	Indolakusiari	Rural	94	435	227	208	47	26	21	71	35	36	0	0	0	343	184	159	92	43	49	204	148	56	91	88	3	71	71	0	2	2	0	6	6	0	12	9	3	113	60	53	7	2	5	95	52	43	1	1	0	10	5	5	109	58	51	7	2	5	93	51	42	0	0	0	9	5	4	4	2	2	0	0	0	2	1	1	1	1	0	1	0	1	231	79	152
21	386	3043	407686	0	0	VILLAGE	Ghasiandhoti	Rural	102	424	210	214	32	16	16	56	25	31	0	0	0	347	179	168	77	31	46	151	124	27	97	95	2	88	88	0	3	2	1	0	0	0	6	5	1	54	29	25	1	0	1	46	24	22	3	1	2	4	4	0	54	29	25	1	0	1	46	24	22	3	1	2	4	4	0	0	0	0	0	0	0	0	0	0	0	0	0	0	0	0	273	86	187
21	386	3043	407687	0	0	VILLAGE	Nischintpur	Rural	85	347	178	169	36	21	15	90	43	47	0	0	0	271	145	126	76	33	43	133	116	17	55	53	2	36	36	0	1	0	1	3	3	0	15	14	1	78	63	15	2	1	1	43	30	13	4	4	0	29	28	1	77	62	15	2	1	1	43	30	13	3	3	0	29	28	1	1	1	0	0	0	0	0	0	0	1	1	0	0	0	0	214	62	152
21	386	3043	407688	0	0	VILLAGE	Nischintpur-2	Rural	70	332	155	177	35	15	20	82	38	44	0	0	0	245	131	114	87	24	63	109	67	42	85	64	21	75	62	13	2	0	2	4	2	2	4	0	4	24	3	21	7	2	5	11	1	10	2	0	2	4	0	4	24	3	21	7	2	5	11	1	10	2	0	2	4	0	4	0	0	0	0	0	0	0	0	0	0	0	0	0	0	0	223	88	135
21	386	3043	407689	0	0	VILLAGE	Arapada	Rural	100	407	209	198	53	27	26	113	59	54	0	0	0	296	163	133	111	46	65	125	121	4	30	29	1	7	7	0	6	6	0	0	0	0	17	16	1	95	92	3	11	11	0	71	68	3	3	3	0	10	10	0	87	84	3	10	10	0	66	63	3	3	3	0	8	8	0	8	8	0	1	1	0	5	5	0	0	0	0	2	2	0	282	88	194
21	386	3043	407690	0	0	VILLAGE	Sodhua	Rural	60	248	123	125	36	19	17	174	87	87	0	0	0	164	88	76	84	35	49	83	82	1	8	7	1	1	1	0	3	3	0	0	0	0	4	3	1	75	75	0	2	2	0	73	73	0	0	0	0	0	0	0	63	63	0	2	2	0	61	61	0	0	0	0	0	0	0	12	12	0	0	0	0	12	12	0	0	0	0	0	0	0	165	41	124
21	386	3043	407691	0	0	VILLAGE	Odakhanda	Rural	170	757	379	378	82	38	44	161	82	79	0	0	0	591	313	278	166	66	100	354	242	112	327	237	90	132	126	6	42	22	20	1	1	0	152	88	64	27	5	22	14	4	10	1	0	1	0	0	0	12	1	11	23	4	19	12	3	9	1	0	1	0	0	0	10	1	9	4	1	3	2	1	1	0	0	0	0	0	0	2	0	2	403	137	266
21	386	3043	407692	0	0	VILLAGE	Kurunjipur	Rural	179	826	423	403	75	37	38	277	140	137	0	0	0	655	363	292	171	60	111	340	268	72	238	210	28	92	91	1	59	42	17	39	34	5	48	43	5	102	58	44	23	18	5	78	40	38	0	0	0	1	0	1	83	44	39	4	4	0	78	40	38	0	0	0	1	0	1	19	14	5	19	14	5	0	0	0	0	0	0	0	0	0	486	155	331
21	386	3043	407693	0	0	VILLAGE	Oriso	Rural	218	907	481	426	87	51	36	271	142	129	0	0	0	698	389	309	209	92	117	299	286	13	88	81	7	3	3	0	3	3	0	2	2	0	80	73	7	211	205	6	56	54	2	147	144	3	0	0	0	8	7	1	203	197	6	55	53	2	141	138	3	0	0	0	7	6	1	8	8	0	1	1	0	6	6	0	0	0	0	1	1	0	608	195	413
21	386	3043	407694	0	0	VILLAGE	Nagaseni	Rural	19	85	40	45	5	1	4	0	0	0	0	0	0	64	34	30	21	6	15	47	31	16	4	4	0	0	0	0	0	0	0	2	2	0	2	2	0	43	27	16	21	18	3	2	2	0	1	0	1	19	7	12	41	27	14	21	18	3	2	2	0	1	0	1	17	7	10	2	0	2	0	0	0	0	0	0	0	0	0	2	0	2	38	9	29
21	386	3043	407695	0	0	VILLAGE	Kotakana	Rural	19	74	35	39	2	1	1	22	8	14	0	0	0	59	30	29	15	5	10	48	28	20	4	3	1	2	2	0	0	0	0	0	0	0	2	1	1	44	25	19	16	15	1	4	3	1	3	0	3	21	7	14	43	24	19	15	14	1	4	3	1	3	0	3	21	7	14	1	1	0	1	1	0	0	0	0	0	0	0	0	0	0	26	7	19
21	386	3043	407696	0	0	VILLAGE	Badala Sasan	Rural	537	2470	1271	1199	246	129	117	600	301	299	0	0	0	1869	1063	806	601	208	393	1044	764	280	700	638	62	411	387	24	149	138	11	17	11	6	123	102	21	344	126	218	49	27	22	142	49	93	52	9	43	101	41	60	289	93	196	33	16	17	135	45	90	39	3	36	82	29	53	55	33	22	16	11	5	7	4	3	13	6	7	19	12	7	1426	507	919
21	386	3043	407697	0	0	VILLAGE	Badalapaschima Khanda	Rural	108	364	198	166	32	14	18	81	40	41	0	0	0	259	158	101	105	40	65	155	137	18	113	106	7	51	46	5	40	39	1	0	0	0	22	21	1	42	31	11	0	0	0	37	26	11	0	0	0	5	5	0	30	25	5	0	0	0	25	20	5	0	0	0	5	5	0	12	6	6	0	0	0	12	6	6	0	0	0	0	0	0	209	61	148
21	386	3043	407698	0	0	VILLAGE	padmapur	Rural	187	782	400	382	71	38	33	185	95	90	0	0	0	604	330	274	178	70	108	342	261	81	161	153	8	58	58	0	12	12	0	2	2	0	89	81	8	181	108	73	65	23	42	91	63	28	3	3	0	22	19	3	123	89	34	31	14	17	67	53	14	3	3	0	22	19	3	58	19	39	34	9	25	24	10	14	0	0	0	0	0	0	440	139	301
21	386	3043	407699	0	0	VILLAGE	Aloi	Rural	398	1660	844	816	177	106	71	487	249	238	0	0	0	1254	669	585	406	175	231	557	473	84	361	347	14	141	141	0	95	91	4	14	13	1	111	102	9	196	126	70	60	49	11	119	63	56	0	0	0	17	14	3	145	98	47	34	30	4	96	55	41	0	0	0	15	13	2	51	28	23	26	19	7	23	8	15	0	0	0	2	1	1	1103	371	732
21	386	3043	407700	0	0	VILLAGE	Abhaymukhi	Rural	778	3596	1831	1765	370	196	174	1287	648	639	0	0	0	2694	1475	1219	902	356	546	1395	1061	334	948	729	219	266	262	4	462	294	168	19	16	3	201	157	44	447	332	115	42	35	7	247	198	49	8	3	5	150	96	54	410	309	101	35	29	6	237	194	43	7	3	4	131	83	48	37	23	14	7	6	1	10	4	6	1	0	1	19	13	6	2201	770	1431
21	386	3043	407701	0	0	VILLAGE	Bhenkatarayapur	Rural	347	1451	789	662	150	78	72	280	156	124	0	0	0	1046	629	417	405	160	245	600	422	178	374	208	166	74	73	1	103	63	40	6	6	0	191	66	125	226	214	12	3	3	0	207	201	6	0	0	0	16	10	6	223	211	12	3	3	0	204	198	6	0	0	0	16	10	6	3	3	0	0	0	0	3	3	0	0	0	0	0	0	0	851	367	484
21	386	3043	407702	0	0	VILLAGE	Nariso	Rural	1035	4300	2187	2113	422	225	197	1527	778	749	1	1	0	3176	1763	1413	1124	424	700	1832	1337	495	1494	1157	337	414	409	5	664	431	233	10	9	1	406	308	98	338	180	158	13	7	6	236	123	113	7	6	1	82	44	38	245	123	122	10	5	5	153	72	81	5	4	1	77	42	35	93	57	36	3	2	1	83	51	32	2	2	0	5	2	3	2468	850	1618
21	386	3043	407703	0	0	VILLAGE	kantapara	Rural	164	717	375	342	71	39	32	257	126	131	0	0	0	546	310	236	171	65	106	367	232	135	208	148	60	24	24	0	112	54	58	2	2	0	70	68	2	159	84	75	18	18	0	136	63	73	0	0	0	5	3	2	155	81	74	18	18	0	132	60	72	0	0	0	5	3	2	4	3	1	0	0	0	4	3	1	0	0	0	0	0	0	350	143	207
21	386	3043	407704	0	0	VILLAGE	Jiginipur	Rural	0	0	0	0	0	0	0	0	0	0	0	0	0	0	0	0	0	0	0	0	0	0	0	0	0	0	0	0	0	0	0	0	0	0	0	0	0	0	0	0	0	0	0	0	0	0	0	0	0	0	0	0	0	0	0	0	0	0	0	0	0	0	0	0	0	0	0	0	0	0	0	0	0	0	0	0	0	0	0	0	0	0	0	0	0
21	386	3043	407705	0	0	VILLAGE	Khajuriapada	Rural	386	1547	778	769	169	92	77	559	282	277	1	0	1	1147	623	524	400	155	245	627	467	160	350	322	28	116	114	2	97	87	10	23	20	3	114	101	13	277	145	132	17	13	4	218	108	110	8	6	2	34	18	16	268	137	131	15	11	4	211	102	109	8	6	2	34	18	16	9	8	1	2	2	0	7	6	1	0	0	0	0	0	0	920	311	609
21	386	3043	407706	0	0	VILLAGE	Ambadiha	Rural	250	1178	601	577	127	69	58	342	172	170	0	0	0	866	471	395	312	130	182	466	357	109	350	301	49	275	238	37	10	8	2	0	0	0	65	55	10	116	56	60	25	20	5	56	17	39	3	2	1	32	17	15	88	40	48	22	18	4	46	12	34	1	0	1	19	10	9	28	16	12	3	2	1	10	5	5	2	2	0	13	7	6	712	244	468
21	386	3043	407707	0	0	TOWN	Majhihara (CT)  	Urban	1275	5598	2916	2682	593	335	258	884	444	440	0	0	0	4331	2389	1942	1267	527	740	1805	1598	207	1190	1135	55	35	34	1	109	101	8	153	145	8	893	855	38	615	463	152	20	19	1	265	208	57	74	43	31	256	193	63	427	291	136	13	12	1	153	100	53	53	29	24	208	150	58	188	172	16	7	7	0	112	108	4	21	14	7	48	43	5	3793	1318	2475
21	386	3043	407707	1	0	WARD	Majhihara (CT)   WARD NO.-0001	Urban	1275	5598	2916	2682	593	335	258	884	444	440	0	0	0	4331	2389	1942	1267	527	740	1805	1598	207	1190	1135	55	35	34	1	109	101	8	153	145	8	893	855	38	615	463	152	20	19	1	265	208	57	74	43	31	256	193	63	427	291	136	13	12	1	153	100	53	53	29	24	208	150	58	188	172	16	7	7	0	112	108	4	21	14	7	48	43	5	3793	1318	2475
21	386	3043	407708	0	0	TOWN	Bhakarsahi (CT)  	Urban	1606	7110	3643	3467	741	384	357	1427	707	720	4	3	1	5510	3010	2500	1600	633	967	2464	2041	423	1616	1490	126	185	181	4	240	194	46	107	104	3	1084	1011	73	848	551	297	15	11	4	274	158	116	182	99	83	377	283	94	773	522	251	14	11	3	239	144	95	168	97	71	352	270	82	75	29	46	1	0	1	35	14	21	14	2	12	25	13	12	4646	1602	3044
21	386	3043	407708	1	0	WARD	Bhakarsahi (CT)   WARD NO.-0001	Urban	1606	7110	3643	3467	741	384	357	1427	707	720	4	3	1	5510	3010	2500	1600	633	967	2464	2041	423	1616	1490	126	185	181	4	240	194	46	107	104	3	1084	1011	73	848	551	297	15	11	4	274	158	116	182	99	83	377	283	94	773	522	251	14	11	3	239	144	95	168	97	71	352	270	82	75	29	46	1	0	1	35	14	21	14	2	12	25	13	12	4646	1602	3044
21	386	3043	407709	0	0	TOWN	Bhapur (CT)  	Urban	1289	6438	3273	3165	609	324	285	656	327	329	3	1	2	5013	2762	2251	1425	511	914	2349	1963	386	1673	1515	158	118	117	1	185	153	32	91	84	7	1279	1161	118	676	448	228	17	14	3	48	20	28	89	54	35	522	360	162	554	368	186	17	14	3	43	15	28	81	51	30	413	288	125	122	80	42	0	0	0	5	5	0	8	3	5	109	72	37	4089	1310	2779
21	386	3043	407709	1	0	WARD	Bhapur (CT)   WARD NO.-0001	Urban	1289	6438	3273	3165	609	324	285	656	327	329	3	1	2	5013	2762	2251	1425	511	914	2349	1963	386	1673	1515	158	118	117	1	185	153	32	91	84	7	1279	1161	118	676	448	228	17	14	3	48	20	28	89	54	35	522	360	162	554	368	186	17	14	3	43	15	28	81	51	30	413	288	125	122	80	42	0	0	0	5	5	0	8	3	5	109	72	37	4089	1310	2779
21	386	3044	0	0	0	SUB-DISTRICT	Lingaraj	Total	30	189	100	89	24	11	13	0	0	0	0	0	0	160	87	73	29	13	16	48	42	6	38	35	3	2	1	1	1	0	1	12	12	0	23	22	1	10	7	3	0	0	0	0	0	0	0	0	0	10	7	3	10	7	3	0	0	0	0	0	0	0	0	0	10	7	3	0	0	0	0	0	0	0	0	0	0	0	0	0	0	0	141	58	83
21	386	3044	0	0	0	SUB-DISTRICT	Lingaraj	Rural	30	189	100	89	24	11	13	0	0	0	0	0	0	160	87	73	29	13	16	48	42	6	38	35	3	2	1	1	1	0	1	12	12	0	23	22	1	10	7	3	0	0	0	0	0	0	0	0	0	10	7	3	10	7	3	0	0	0	0	0	0	0	0	0	10	7	3	0	0	0	0	0	0	0	0	0	0	0	0	0	0	0	141	58	83
21	386	3044	0	0	0	SUB-DISTRICT	Lingaraj	Urban	0	0	0	0	0	0	0	0	0	0	0	0	0	0	0	0	0	0	0	0	0	0	0	0	0	0	0	0	0	0	0	0	0	0	0	0	0	0	0	0	0	0	0	0	0	0	0	0	0	0	0	0	0	0	0	0	0	0	0	0	0	0	0	0	0	0	0	0	0	0	0	0	0	0	0	0	0	0	0	0	0	0	0	0	0
21	386	3044	407710	0	0	VILLAGE	Kochilaput	Rural	30	189	100	89	24	11	13	0	0	0	0	0	0	160	87	73	29	13	16	48	42	6	38	35	3	2	1	1	1	0	1	12	12	0	23	22	1	10	7	3	0	0	0	0	0	0	0	0	0	10	7	3	10	7	3	0	0	0	0	0	0	0	0	0	10	7	3	0	0	0	0	0	0	0	0	0	0	0	0	0	0	0	141	58	83
21	386	3045	0	0	0	SUB-DISTRICT	Airfield (Kapila Prasad)	Total	2606	13445	6962	6483	1298	658	640	2827	1431	1396	97	82	15	10874	5890	4984	2571	1072	1499	4430	3964	466	3455	3208	247	858	831	27	548	499	49	99	93	6	1950	1785	165	975	756	219	138	122	16	362	262	100	17	10	7	458	362	96	707	547	160	127	111	16	279	218	61	13	9	4	288	209	79	268	209	59	11	11	0	83	44	39	4	1	3	170	153	17	9015	2998	6017
21	386	3045	0	0	0	SUB-DISTRICT	Airfield (Kapila Prasad)	Rural	2606	13445	6962	6483	1298	658	640	2827	1431	1396	97	82	15	10874	5890	4984	2571	1072	1499	4430	3964	466	3455	3208	247	858	831	27	548	499	49	99	93	6	1950	1785	165	975	756	219	138	122	16	362	262	100	17	10	7	458	362	96	707	547	160	127	111	16	279	218	61	13	9	4	288	209	79	268	209	59	11	11	0	83	44	39	4	1	3	170	153	17	9015	2998	6017
21	386	3045	0	0	0	SUB-DISTRICT	Airfield (Kapila Prasad)	Urban	0	0	0	0	0	0	0	0	0	0	0	0	0	0	0	0	0	0	0	0	0	0	0	0	0	0	0	0	0	0	0	0	0	0	0	0	0	0	0	0	0	0	0	0	0	0	0	0	0	0	0	0	0	0	0	0	0	0	0	0	0	0	0	0	0	0	0	0	0	0	0	0	0	0	0	0	0	0	0	0	0	0	0	0	0
21	386	3045	407711	0	0	VILLAGE	Botanda	Rural	85	428	224	204	46	22	24	143	77	66	20	11	9	340	188	152	88	36	52	130	117	13	128	115	13	1	1	0	35	34	1	1	0	1	91	80	11	2	2	0	1	1	0	0	0	0	0	0	0	1	1	0	2	2	0	1	1	0	0	0	0	0	0	0	1	1	0	0	0	0	0	0	0	0	0	0	0	0	0	0	0	0	298	107	191
21	386	3045	407712	0	0	VILLAGE	Kantilo	Rural	233	1008	548	460	108	56	52	29	16	13	23	22	1	816	457	359	192	91	101	333	300	33	313	284	29	31	28	3	64	60	4	8	8	0	210	188	22	20	16	4	2	2	0	4	4	0	2	1	1	12	9	3	15	13	2	2	2	0	3	3	0	1	1	0	9	7	2	5	3	2	0	0	0	1	1	0	1	0	1	3	2	1	675	248	427
21	386	3045	407713	0	0	VILLAGE	Orakal	Rural	70	385	193	192	37	17	20	180	90	90	0	0	0	243	130	113	142	63	79	121	104	17	121	104	17	8	8	0	58	45	13	0	0	0	55	51	4	0	0	0	0	0	0	0	0	0	0	0	0	0	0	0	0	0	0	0	0	0	0	0	0	0	0	0	0	0	0	0	0	0	0	0	0	0	0	0	0	0	0	0	0	0	264	89	175
21	386	3045	407714	0	0	VILLAGE	Madhipur	Rural	57	429	320	109	15	11	4	47	25	22	52	47	5	342	257	85	87	63	24	287	272	15	280	267	13	12	12	0	19	19	0	0	0	0	249	236	13	7	5	2	0	0	0	4	4	0	0	0	0	3	1	2	7	5	2	0	0	0	4	4	0	0	0	0	3	1	2	0	0	0	0	0	0	0	0	0	0	0	0	0	0	0	142	48	94
21	386	3045	407715	0	0	VILLAGE	Balabhadrapur	Rural	73	359	187	172	34	17	17	168	92	76	0	0	0	291	156	135	68	31	37	107	100	7	72	68	4	7	7	0	17	16	1	1	1	0	47	44	3	35	32	3	0	0	0	33	30	3	0	0	0	2	2	0	35	32	3	0	0	0	33	30	3	0	0	0	2	2	0	0	0	0	0	0	0	0	0	0	0	0	0	0	0	0	252	87	165
21	386	3045	407716	0	0	VILLAGE	Nandipur	Rural	0	0	0	0	0	0	0	0	0	0	0	0	0	0	0	0	0	0	0	0	0	0	0	0	0	0	0	0	0	0	0	0	0	0	0	0	0	0	0	0	0	0	0	0	0	0	0	0	0	0	0	0	0	0	0	0	0	0	0	0	0	0	0	0	0	0	0	0	0	0	0	0	0	0	0	0	0	0	0	0	0	0	0	0	0
21	386	3045	407717	0	0	VILLAGE	Kuha	Rural	138	740	392	348	45	27	18	69	33	36	0	0	0	669	356	313	71	36	35	209	195	14	158	144	14	1	1	0	0	0	0	0	0	0	157	143	14	51	51	0	30	30	0	18	18	0	0	0	0	3	3	0	49	49	0	30	30	0	17	17	0	0	0	0	2	2	0	2	2	0	0	0	0	1	1	0	0	0	0	1	1	0	531	197	334
21	386	3045	407718	0	0	VILLAGE	Kshetrapal	Rural	55	299	151	148	39	19	20	227	117	110	0	0	0	209	115	94	90	36	54	100	91	9	94	86	8	26	26	0	36	31	5	2	2	0	30	27	3	6	5	1	0	0	0	1	1	0	1	1	0	4	3	1	6	5	1	0	0	0	1	1	0	1	1	0	4	3	1	0	0	0	0	0	0	0	0	0	0	0	0	0	0	0	199	60	139
21	386	3045	407719	0	0	VILLAGE	Sahaspur	Rural	0	0	0	0	0	0	0	0	0	0	0	0	0	0	0	0	0	0	0	0	0	0	0	0	0	0	0	0	0	0	0	0	0	0	0	0	0	0	0	0	0	0	0	0	0	0	0	0	0	0	0	0	0	0	0	0	0	0	0	0	0	0	0	0	0	0	0	0	0	0	0	0	0	0	0	0	0	0	0	0	0	0	0	0	0
21	386	3045	407720	0	0	VILLAGE	Padhansahi	Rural	270	1367	715	652	124	71	53	159	90	69	0	0	0	1116	603	513	251	112	139	499	438	61	459	421	38	71	70	1	207	186	21	40	39	1	141	126	15	40	17	23	6	2	4	2	2	0	2	2	0	30	11	19	40	17	23	6	2	4	2	2	0	2	2	0	30	11	19	0	0	0	0	0	0	0	0	0	0	0	0	0	0	0	868	277	591
21	386	3045	407721	0	0	VILLAGE	Brahmakundal	Rural	127	651	337	314	58	28	30	90	45	45	0	0	0	506	283	223	145	54	91	180	174	6	22	21	1	1	0	1	1	1	0	0	0	0	20	20	0	158	153	5	7	7	0	12	11	1	0	0	0	139	135	4	18	17	1	3	3	0	2	2	0	0	0	0	13	12	1	140	136	4	4	4	0	10	9	1	0	0	0	126	123	3	471	163	308
21	386	3045	407722	0	0	VILLAGE	Jhinkharada	Rural	56	256	129	127	26	15	11	55	29	26	0	0	0	209	109	100	47	20	27	70	66	4	50	49	1	28	27	1	0	0	0	0	0	0	22	22	0	20	17	3	0	0	0	20	17	3	0	0	0	0	0	0	20	17	3	0	0	0	20	17	3	0	0	0	0	0	0	0	0	0	0	0	0	0	0	0	0	0	0	0	0	0	186	63	123
21	386	3045	407723	0	0	VILLAGE	Trutiapada	Rural	32	186	96	90	21	11	10	19	10	9	0	0	0	147	80	67	39	16	23	57	52	5	51	47	4	22	21	1	0	0	0	0	0	0	29	26	3	6	5	1	0	0	0	0	0	0	0	0	0	6	5	1	5	4	1	0	0	0	0	0	0	0	0	0	5	4	1	1	1	0	0	0	0	0	0	0	0	0	0	1	1	0	129	44	85
21	386	3045	407724	0	0	VILLAGE	Sananuagan	Rural	67	311	159	152	31	17	14	35	18	17	0	0	0	258	138	120	53	21	32	96	84	12	87	76	11	34	28	6	2	2	0	1	1	0	50	45	5	9	8	1	0	0	0	0	0	0	0	0	0	9	8	1	4	3	1	0	0	0	0	0	0	0	0	0	4	3	1	5	5	0	0	0	0	0	0	0	0	0	0	5	5	0	215	75	140
21	386	3045	407725	0	0	VILLAGE	Nabinapur	Rural	0	0	0	0	0	0	0	0	0	0	0	0	0	0	0	0	0	0	0	0	0	0	0	0	0	0	0	0	0	0	0	0	0	0	0	0	0	0	0	0	0	0	0	0	0	0	0	0	0	0	0	0	0	0	0	0	0	0	0	0	0	0	0	0	0	0	0	0	0	0	0	0	0	0	0	0	0	0	0	0	0	0	0	0	0
21	386	3045	407726	0	0	VILLAGE	Panchupali	Rural	225	1164	587	577	125	67	58	188	90	98	0	0	0	956	501	455	208	86	122	372	318	54	205	191	14	118	113	5	10	7	3	2	2	0	75	69	6	167	127	40	58	53	5	61	41	20	3	0	3	45	33	12	124	106	18	54	49	5	39	32	7	1	0	1	30	25	5	43	21	22	4	4	0	22	9	13	2	0	2	15	8	7	792	269	523
21	386	3045	407727	0	0	VILLAGE	Ashraypur	Rural	37	209	107	102	14	6	8	0	0	0	0	0	0	192	98	94	17	9	8	71	66	5	66	62	4	17	16	1	4	4	0	1	1	0	44	41	3	5	4	1	3	3	0	1	1	0	0	0	0	1	0	1	5	4	1	3	3	0	1	1	0	0	0	0	1	0	1	0	0	0	0	0	0	0	0	0	0	0	0	0	0	0	138	41	97
21	386	3045	407728	0	0	VILLAGE	Mundala	Rural	159	745	371	374	75	36	39	106	60	46	0	0	0	610	323	287	135	48	87	204	191	13	179	169	10	66	64	2	1	1	0	26	23	3	86	81	5	25	22	3	1	1	0	19	17	2	2	1	1	3	3	0	22	19	3	0	0	0	18	16	2	1	0	1	3	3	0	3	3	0	1	1	0	1	1	0	1	1	0	0	0	0	541	180	361
21	386	3045	407729	0	0	VILLAGE	Jamukoli	Rural	309	1644	838	806	139	65	74	179	91	88	0	0	0	1410	745	665	234	93	141	513	454	59	417	390	27	128	126	2	8	8	0	3	3	0	278	253	25	96	64	32	8	6	2	32	15	17	3	3	0	53	40	13	75	54	21	8	6	2	21	11	10	3	3	0	43	34	9	21	10	11	0	0	0	11	4	7	0	0	0	10	6	4	1131	384	747
21	386	3045	407730	0	0	VILLAGE	Barakuda	Rural	220	1139	570	569	133	67	66	454	229	225	0	0	0	879	470	409	260	100	160	397	345	52	301	281	20	86	84	2	32	32	0	2	2	0	181	163	18	96	64	32	10	9	1	8	6	2	0	0	0	78	49	29	94	63	31	9	8	1	7	6	1	0	0	0	78	49	29	2	1	1	1	1	0	1	0	1	0	0	0	0	0	0	742	225	517
21	386	3045	407731	0	0	VILLAGE	Panchagaon	Rural	393	2125	1038	1087	228	106	122	679	319	360	2	2	0	1681	881	800	444	157	287	684	597	87	452	433	19	201	199	2	54	53	1	12	11	1	185	170	15	232	164	68	12	8	4	147	95	52	4	2	2	69	59	10	186	137	49	11	7	4	111	76	35	4	2	2	60	52	8	46	27	19	1	1	0	36	19	17	0	0	0	9	7	2	1441	441	1000
21	386	3046	0	0	0	SUB-DISTRICT	Uttara P.S 	Total	2569	12941	6593	6348	1413	700	713	3232	1628	1604	15	7	8	9682	5347	4335	3259	1246	2013	4470	3812	658	3821	3378	443	877	829	48	556	398	158	122	113	9	2266	2038	228	649	434	215	24	20	4	217	121	96	58	27	31	350	266	84	553	364	189	22	18	4	189	105	84	49	21	28	293	220	73	96	70	26	2	2	0	28	16	12	9	6	3	57	46	11	8471	2781	5690
21	386	3046	0	0	0	SUB-DISTRICT	Uttara P.S 	Rural	2569	12941	6593	6348	1413	700	713	3232	1628	1604	15	7	8	9682	5347	4335	3259	1246	2013	4470	3812	658	3821	3378	443	877	829	48	556	398	158	122	113	9	2266	2038	228	649	434	215	24	20	4	217	121	96	58	27	31	350	266	84	553	364	189	22	18	4	189	105	84	49	21	28	293	220	73	96	70	26	2	2	0	28	16	12	9	6	3	57	46	11	8471	2781	5690
21	386	3046	0	0	0	SUB-DISTRICT	Uttara P.S 	Urban	0	0	0	0	0	0	0	0	0	0	0	0	0	0	0	0	0	0	0	0	0	0	0	0	0	0	0	0	0	0	0	0	0	0	0	0	0	0	0	0	0	0	0	0	0	0	0	0	0	0	0	0	0	0	0	0	0	0	0	0	0	0	0	0	0	0	0	0	0	0	0	0	0	0	0	0	0	0	0	0	0	0	0	0	0
21	386	3046	407732	0	0	VILLAGE	Jayapurpatna	Rural	150	725	386	339	74	46	28	4	3	1	0	0	0	460	272	188	265	114	151	255	244	11	255	244	11	139	133	6	55	54	1	0	0	0	61	57	4	0	0	0	0	0	0	0	0	0	0	0	0	0	0	0	0	0	0	0	0	0	0	0	0	0	0	0	0	0	0	0	0	0	0	0	0	0	0	0	0	0	0	0	0	0	470	142	328
21	386	3046	407733	0	0	VILLAGE	Jayapur	Rural	66	333	165	168	27	13	14	60	33	27	0	0	0	247	134	113	86	31	55	109	104	5	108	103	5	56	53	3	18	18	0	2	2	0	32	30	2	1	1	0	0	0	0	0	0	0	1	1	0	0	0	0	1	1	0	0	0	0	0	0	0	1	1	0	0	0	0	0	0	0	0	0	0	0	0	0	0	0	0	0	0	0	224	61	163
21	386	3046	407734	0	0	VILLAGE	Bikipur	Rural	72	384	194	190	38	20	18	28	13	15	0	0	0	286	157	129	98	37	61	134	122	12	116	110	6	24	22	2	8	8	0	4	4	0	80	76	4	18	12	6	1	1	0	5	4	1	2	1	1	10	6	4	17	11	6	1	1	0	5	4	1	2	1	1	9	5	4	1	1	0	0	0	0	0	0	0	0	0	0	1	1	0	250	72	178
21	386	3046	407735	0	0	VILLAGE	Dihapur	Rural	91	466	241	225	59	27	32	6	4	2	0	0	0	328	190	138	138	51	87	162	138	24	153	134	19	34	29	5	14	12	2	8	4	4	97	89	8	9	4	5	1	0	1	6	3	3	0	0	0	2	1	1	9	4	5	1	0	1	6	3	3	0	0	0	2	1	1	0	0	0	0	0	0	0	0	0	0	0	0	0	0	0	304	103	201
21	386	3046	407736	0	0	VILLAGE	Mohanpur	Rural	1	4	1	3	2	0	2	0	0	0	0	0	0	2	1	1	2	0	2	1	1	0	1	1	0	1	1	0	0	0	0	0	0	0	0	0	0	0	0	0	0	0	0	0	0	0	0	0	0	0	0	0	0	0	0	0	0	0	0	0	0	0	0	0	0	0	0	0	0	0	0	0	0	0	0	0	0	0	0	0	0	0	3	0	3
21	386	3046	407737	0	0	VILLAGE	Durgapurpatana	Rural	155	801	412	389	89	49	40	307	156	151	0	0	0	607	339	268	194	73	121	287	240	47	281	237	44	18	15	3	10	7	3	4	4	0	249	211	38	6	3	3	0	0	0	0	0	0	0	0	0	6	3	3	6	3	3	0	0	0	0	0	0	0	0	0	6	3	3	0	0	0	0	0	0	0	0	0	0	0	0	0	0	0	514	172	342
21	386	3046	407738	0	0	VILLAGE	Badadhanpur	Rural	0	0	0	0	0	0	0	0	0	0	0	0	0	0	0	0	0	0	0	0	0	0	0	0	0	0	0	0	0	0	0	0	0	0	0	0	0	0	0	0	0	0	0	0	0	0	0	0	0	0	0	0	0	0	0	0	0	0	0	0	0	0	0	0	0	0	0	0	0	0	0	0	0	0	0	0	0	0	0	0	0	0	0	0	0
21	386	3046	407739	0	0	VILLAGE	Saradeipurpatna	Rural	2	13	5	8	1	1	0	0	0	0	0	0	0	12	4	8	1	1	0	3	3	0	2	2	0	0	0	0	0	0	0	0	0	0	2	2	0	1	1	0	0	0	0	0	0	0	0	0	0	1	1	0	1	1	0	0	0	0	0	0	0	0	0	0	1	1	0	0	0	0	0	0	0	0	0	0	0	0	0	0	0	0	10	2	8
21	386	3046	407740	0	0	VILLAGE	Saradeipur	Rural	129	627	315	312	82	36	46	129	64	65	6	2	4	449	250	199	178	65	113	191	175	16	134	128	6	16	15	1	2	2	0	22	21	1	94	90	4	57	47	10	1	1	0	3	1	2	9	6	3	44	39	5	49	40	9	1	1	0	3	1	2	7	5	2	38	33	5	8	7	1	0	0	0	0	0	0	2	1	1	6	6	0	436	140	296
21	386	3046	407741	0	0	VILLAGE	Samantarapurpatna	Rural	104	590	303	287	56	31	25	289	143	146	0	0	0	423	245	178	167	58	109	247	182	65	238	178	60	33	30	3	70	37	33	1	0	1	134	111	23	9	4	5	0	0	0	3	1	2	2	0	2	4	3	1	9	4	5	0	0	0	3	1	2	2	0	2	4	3	1	0	0	0	0	0	0	0	0	0	0	0	0	0	0	0	343	121	222
21	386	3046	407742	0	0	VILLAGE	Gelapur	Rural	33	149	83	66	18	11	7	131	71	60	5	3	2	106	70	36	43	13	30	54	42	12	41	39	2	3	3	0	13	13	0	0	0	0	25	23	2	13	3	10	0	0	0	9	0	9	0	0	0	4	3	1	3	2	1	0	0	0	0	0	0	0	0	0	3	2	1	10	1	9	0	0	0	9	0	9	0	0	0	1	1	0	95	41	54
21	386	3046	407743	0	0	VILLAGE	Nakhaurpatna	Rural	54	260	132	128	30	13	17	168	86	82	0	0	0	189	106	83	71	26	45	101	74	27	99	73	26	3	2	1	29	16	13	2	2	0	65	53	12	2	1	1	0	0	0	2	1	1	0	0	0	0	0	0	2	1	1	0	0	0	2	1	1	0	0	0	0	0	0	0	0	0	0	0	0	0	0	0	0	0	0	0	0	0	159	58	101
21	386	3046	407744	0	0	VILLAGE	Gopinathpur	Rural	46	233	119	114	27	12	15	22	12	10	0	0	0	189	105	84	44	14	30	71	60	11	69	60	9	4	3	1	6	3	3	9	7	2	50	47	3	2	0	2	0	0	0	0	0	0	0	0	0	2	0	2	2	0	2	0	0	0	0	0	0	0	0	0	2	0	2	0	0	0	0	0	0	0	0	0	0	0	0	0	0	0	162	59	103
21	386	3046	407745	0	0	VILLAGE	Nakhaur	Rural	238	1174	585	589	139	63	76	321	158	163	0	0	0	889	478	411	285	107	178	372	339	33	363	332	31	87	85	2	9	9	0	2	2	0	265	236	29	9	7	2	2	2	0	0	0	0	0	0	0	7	5	2	9	7	2	2	2	0	0	0	0	0	0	0	7	5	2	0	0	0	0	0	0	0	0	0	0	0	0	0	0	0	802	246	556
21	386	3046	407746	0	0	VILLAGE	Krushnapur	Rural	10	60	33	27	9	4	5	24	12	12	0	0	0	42	25	17	18	8	10	14	14	0	12	12	0	0	0	0	2	2	0	0	0	0	10	10	0	2	2	0	1	1	0	0	0	0	0	0	0	1	1	0	2	2	0	1	1	0	0	0	0	0	0	0	1	1	0	0	0	0	0	0	0	0	0	0	0	0	0	0	0	0	46	19	27
21	386	3046	407747	0	0	VILLAGE	Jagannathpurpatna	Rural	80	477	264	213	42	32	10	50	27	23	0	0	0	398	224	174	79	40	39	144	140	4	142	139	3	39	39	0	0	0	0	0	0	0	103	100	3	2	1	1	0	0	0	0	0	0	0	0	0	2	1	1	2	1	1	0	0	0	0	0	0	0	0	0	2	1	1	0	0	0	0	0	0	0	0	0	0	0	0	0	0	0	333	124	209
21	386	3046	407748	0	0	VILLAGE	Dadhibamanpur	Rural	5	35	18	17	5	4	1	0	0	0	0	0	0	29	14	15	6	4	2	10	10	0	10	10	0	5	5	0	0	0	0	0	0	0	5	5	0	0	0	0	0	0	0	0	0	0	0	0	0	0	0	0	0	0	0	0	0	0	0	0	0	0	0	0	0	0	0	0	0	0	0	0	0	0	0	0	0	0	0	0	0	0	25	8	17
21	386	3046	407749	0	0	VILLAGE	Nistarinipur	Rural	26	121	66	55	10	6	4	0	0	0	0	0	0	106	60	46	15	6	9	36	35	1	36	35	1	14	14	0	8	8	0	0	0	0	14	13	1	0	0	0	0	0	0	0	0	0	0	0	0	0	0	0	0	0	0	0	0	0	0	0	0	0	0	0	0	0	0	0	0	0	0	0	0	0	0	0	0	0	0	0	0	0	85	31	54
21	386	3046	407750	0	0	VILLAGE	Itipur	Rural	65	358	187	171	30	17	13	47	25	22	0	0	0	256	147	109	102	40	62	117	113	4	117	113	4	37	37	0	35	33	2	0	0	0	45	43	2	0	0	0	0	0	0	0	0	0	0	0	0	0	0	0	0	0	0	0	0	0	0	0	0	0	0	0	0	0	0	0	0	0	0	0	0	0	0	0	0	0	0	0	0	0	241	74	167
21	386	3046	407751	0	0	VILLAGE	Radhamohanpur	Rural	85	532	255	277	59	22	37	20	11	9	0	0	0	430	226	204	102	29	73	167	158	9	167	158	9	97	94	3	26	26	0	7	7	0	37	31	6	0	0	0	0	0	0	0	0	0	0	0	0	0	0	0	0	0	0	0	0	0	0	0	0	0	0	0	0	0	0	0	0	0	0	0	0	0	0	0	0	0	0	0	0	0	365	97	268
21	386	3046	407752	0	0	VILLAGE	Gobardhanpur	Rural	89	514	253	261	58	25	33	93	46	47	0	0	0	402	211	191	112	42	70	143	140	3	126	124	2	18	18	0	0	0	0	26	26	0	82	80	2	17	16	1	0	0	0	2	2	0	1	1	0	14	13	1	16	15	1	0	0	0	2	2	0	1	1	0	13	12	1	1	1	0	0	0	0	0	0	0	0	0	0	1	1	0	371	113	258
21	386	3046	407753	0	0	VILLAGE	SarakariBadakalyanpur	Rural	0	0	0	0	0	0	0	0	0	0	0	0	0	0	0	0	0	0	0	0	0	0	0	0	0	0	0	0	0	0	0	0	0	0	0	0	0	0	0	0	0	0	0	0	0	0	0	0	0	0	0	0	0	0	0	0	0	0	0	0	0	0	0	0	0	0	0	0	0	0	0	0	0	0	0	0	0	0	0	0	0	0	0	0	0
21	386	3046	407754	0	0	VILLAGE	Kalyanpursasan	Rural	201	980	497	483	103	47	56	235	120	115	0	0	0	782	423	359	198	74	124	350	279	71	289	225	64	40	35	5	94	55	39	1	1	0	154	134	20	61	54	7	8	8	0	14	14	0	5	3	2	34	29	5	32	27	5	7	7	0	6	6	0	3	1	2	16	13	3	29	27	2	1	1	0	8	8	0	2	2	0	18	16	2	630	218	412
21	386	3046	407755	0	0	VILLAGE	Gangeswarpursasan	Rural	76	323	162	161	31	11	20	0	0	0	0	0	0	273	148	125	50	14	36	97	88	9	97	88	9	15	14	1	0	0	0	0	0	0	82	74	8	0	0	0	0	0	0	0	0	0	0	0	0	0	0	0	0	0	0	0	0	0	0	0	0	0	0	0	0	0	0	0	0	0	0	0	0	0	0	0	0	0	0	0	0	0	226	74	152
21	386	3046	407756	0	0	VILLAGE	Tikarpada	Rural	168	800	405	395	76	37	39	225	111	114	0	0	0	600	333	267	200	72	128	265	229	36	145	136	9	51	50	1	11	10	1	2	2	0	81	74	7	120	93	27	2	2	0	63	44	19	0	0	0	55	47	8	107	84	23	2	2	0	56	39	17	0	0	0	49	43	6	13	9	4	0	0	0	7	5	2	0	0	0	6	4	2	535	176	359
21	386	3046	407757	0	0	VILLAGE	Basantapur sasan	Rural	212	1125	563	562	131	66	65	418	203	215	0	0	0	782	418	364	343	145	198	442	322	120	224	201	23	58	51	7	18	17	1	22	22	0	126	111	15	218	121	97	6	3	3	105	46	59	31	11	20	76	61	15	206	116	90	6	3	3	102	44	58	30	11	19	68	58	10	12	5	7	0	0	0	3	2	1	1	0	1	8	3	5	683	241	442
21	386	3046	407758	0	0	VILLAGE	Palaspursasan	Rural	187	819	421	398	100	54	46	358	186	172	0	0	0	608	330	278	211	91	120	254	228	26	240	218	22	67	63	4	25	19	6	2	1	1	146	135	11	14	10	4	0	0	0	2	2	0	2	0	2	10	8	2	12	9	3	0	0	0	2	2	0	1	0	1	9	7	2	2	1	1	0	0	0	0	0	0	1	0	1	1	1	0	565	193	372
21	386	3046	407759	0	0	VILLAGE	Khatuapada	Rural	92	485	244	241	51	20	31	23	11	12	0	0	0	373	208	165	112	36	76	159	147	12	121	112	9	15	15	0	2	2	0	3	3	0	101	92	9	38	35	3	1	1	0	3	3	0	3	3	0	31	28	3	18	17	1	0	0	0	2	2	0	0	0	0	16	15	1	20	18	2	1	1	0	1	1	0	3	3	0	15	13	2	326	97	229
21	386	3046	407760	0	0	VILLAGE	Dhauli	Rural	52	234	114	120	41	17	24	212	101	111	0	0	0	132	82	50	102	32	70	139	79	60	135	78	57	0	0	0	101	47	54	5	5	0	29	26	3	4	1	3	0	0	0	0	0	0	2	1	1	2	0	2	4	1	3	0	0	0	0	0	0	2	1	1	2	0	2	0	0	0	0	0	0	0	0	0	0	0	0	0	0	0	95	35	60
21	386	3046	407761	0	0	VILLAGE	Kausalyaganga	Rural	80	319	170	149	25	16	9	62	32	30	4	2	2	282	147	135	37	23	14	146	106	40	100	88	12	3	3	0	0	0	0	0	0	0	97	85	12	46	18	28	1	1	0	0	0	0	0	0	0	45	17	28	46	18	28	1	1	0	0	0	0	0	0	0	45	17	28	0	0	0	0	0	0	0	0	0	0	0	0	0	0	0	173	64	109
21	386	3047	0	0	0	SUB-DISTRICT	Khandagiri 	Total	477	2572	1326	1246	288	153	135	667	335	332	9	5	4	2067	1104	963	505	222	283	820	694	126	444	385	59	53	49	4	7	6	1	11	11	0	373	319	54	376	309	67	40	37	3	50	40	10	10	8	2	276	224	52	307	255	52	37	34	3	43	35	8	8	6	2	219	180	39	69	54	15	3	3	0	7	5	2	2	2	0	57	44	13	1752	632	1120
21	386	3047	0	0	0	SUB-DISTRICT	Khandagiri 	Rural	477	2572	1326	1246	288	153	135	667	335	332	9	5	4	2067	1104	963	505	222	283	820	694	126	444	385	59	53	49	4	7	6	1	11	11	0	373	319	54	376	309	67	40	37	3	50	40	10	10	8	2	276	224	52	307	255	52	37	34	3	43	35	8	8	6	2	219	180	39	69	54	15	3	3	0	7	5	2	2	2	0	57	44	13	1752	632	1120
21	386	3047	0	0	0	SUB-DISTRICT	Khandagiri 	Urban	0	0	0	0	0	0	0	0	0	0	0	0	0	0	0	0	0	0	0	0	0	0	0	0	0	0	0	0	0	0	0	0	0	0	0	0	0	0	0	0	0	0	0	0	0	0	0	0	0	0	0	0	0	0	0	0	0	0	0	0	0	0	0	0	0	0	0	0	0	0	0	0	0	0	0	0	0	0	0	0	0	0	0	0	0
21	386	3047	407762	0	0	VILLAGE	Shankarpur	Rural	0	0	0	0	0	0	0	0	0	0	0	0	0	0	0	0	0	0	0	0	0	0	0	0	0	0	0	0	0	0	0	0	0	0	0	0	0	0	0	0	0	0	0	0	0	0	0	0	0	0	0	0	0	0	0	0	0	0	0	0	0	0	0	0	0	0	0	0	0	0	0	0	0	0	0	0	0	0	0	0	0	0	0	0	0
21	386	3047	407763	0	0	VILLAGE	Suanga	Rural	128	660	338	322	90	47	43	259	126	133	4	3	1	479	266	213	181	72	109	221	184	37	79	71	8	8	8	0	0	0	0	1	1	0	70	62	8	142	113	29	17	15	2	10	6	4	1	1	0	114	91	23	91	74	17	14	12	2	7	5	2	0	0	0	70	57	13	51	39	12	3	3	0	3	1	2	1	1	0	44	34	10	439	154	285
21	386	3047	407764	0	0	VILLAGE	Damodarpur	Rural	44	210	96	114	27	12	15	47	20	27	0	0	0	172	79	93	38	17	21	75	56	19	53	43	10	2	2	0	5	4	1	0	0	0	46	37	9	22	13	9	7	6	1	9	6	3	1	0	1	5	1	4	17	11	6	7	6	1	7	4	3	1	0	1	2	1	1	5	2	3	0	0	0	2	2	0	0	0	0	3	0	3	135	40	95
21	386	3047	407765	0	0	VILLAGE	Srinibaspur	Rural	0	0	0	0	0	0	0	0	0	0	0	0	0	0	0	0	0	0	0	0	0	0	0	0	0	0	0	0	0	0	0	0	0	0	0	0	0	0	0	0	0	0	0	0	0	0	0	0	0	0	0	0	0	0	0	0	0	0	0	0	0	0	0	0	0	0	0	0	0	0	0	0	0	0	0	0	0	0	0	0	0	0	0	0	0
21	386	3047	407766	0	0	VILLAGE	Chhotraiypur	Rural	143	770	399	371	84	42	42	172	94	78	5	2	3	625	337	288	145	62	83	250	222	28	193	168	25	39	37	2	2	2	0	8	8	0	144	121	23	57	54	3	1	1	0	30	27	3	6	6	0	20	20	0	48	45	3	1	1	0	28	25	3	5	5	0	14	14	0	9	9	0	0	0	0	2	2	0	1	1	0	6	6	0	520	177	343
21	386	3047	407767	0	0	VILLAGE	Hatasahi	Rural	162	932	493	439	87	52	35	189	95	94	0	0	0	791	422	369	141	71	70	274	232	42	119	103	16	4	2	2	0	0	0	2	2	0	113	99	14	155	129	26	15	15	0	1	1	0	2	1	1	137	112	25	151	125	26	15	15	0	1	1	0	2	1	1	133	108	25	4	4	0	0	0	0	0	0	0	0	0	0	4	4	0	658	261	397
21	386	3048	0	0	0	SUB-DISTRICT	Tamando 	Total	3447	16406	8398	8008	1712	904	808	1866	939	927	189	97	92	13354	7004	6350	3052	1394	1658	5571	4675	896	4882	4280	602	625	583	42	335	287	48	266	223	43	3656	3187	469	689	395	294	118	97	21	76	63	13	35	21	14	460	214	246	655	371	284	114	96	18	63	52	11	32	19	13	446	204	242	34	24	10	4	1	3	13	11	2	3	2	1	14	10	4	10835	3723	7112
21	386	3048	0	0	0	SUB-DISTRICT	Tamando 	Rural	3447	16406	8398	8008	1712	904	808	1866	939	927	189	97	92	13354	7004	6350	3052	1394	1658	5571	4675	896	4882	4280	602	625	583	42	335	287	48	266	223	43	3656	3187	469	689	395	294	118	97	21	76	63	13	35	21	14	460	214	246	655	371	284	114	96	18	63	52	11	32	19	13	446	204	242	34	24	10	4	1	3	13	11	2	3	2	1	14	10	4	10835	3723	7112
21	386	3048	0	0	0	SUB-DISTRICT	Tamando 	Urban	0	0	0	0	0	0	0	0	0	0	0	0	0	0	0	0	0	0	0	0	0	0	0	0	0	0	0	0	0	0	0	0	0	0	0	0	0	0	0	0	0	0	0	0	0	0	0	0	0	0	0	0	0	0	0	0	0	0	0	0	0	0	0	0	0	0	0	0	0	0	0	0	0	0	0	0	0	0	0	0	0	0	0	0	0
21	386	3048	407768	0	0	VILLAGE	Sijuput	Rural	202	1022	537	485	108	59	49	75	41	34	14	7	7	818	446	372	204	91	113	331	300	31	294	272	22	50	44	6	33	32	1	31	26	5	180	170	10	37	28	9	3	2	1	3	2	1	5	1	4	26	23	3	36	27	9	3	2	1	3	2	1	5	1	4	25	22	3	1	1	0	0	0	0	0	0	0	0	0	0	1	1	0	691	237	454
21	386	3048	407769	0	0	VILLAGE	Naragoda	Rural	147	789	403	386	69	33	36	248	127	121	0	0	0	645	349	296	144	54	90	260	230	30	256	228	28	29	27	2	48	39	9	3	3	0	176	159	17	4	2	2	1	0	1	0	0	0	0	0	0	3	2	1	4	2	2	1	0	1	0	0	0	0	0	0	3	2	1	0	0	0	0	0	0	0	0	0	0	0	0	0	0	0	529	173	356
21	386	3048	407770	0	0	VILLAGE	Sahajapur	Rural	33	169	90	79	24	14	10	1	1	0	0	0	0	130	69	61	39	21	18	45	41	4	40	38	2	0	0	0	0	0	0	0	0	0	40	38	2	5	3	2	1	0	1	1	1	0	0	0	0	3	2	1	5	3	2	1	0	1	1	1	0	0	0	0	3	2	1	0	0	0	0	0	0	0	0	0	0	0	0	0	0	0	124	49	75
21	386	3048	407771	0	0	VILLAGE	Tamando	Rural	359	1808	941	867	209	111	98	210	106	104	9	2	7	1427	771	656	381	170	211	555	493	62	492	444	48	18	14	4	3	3	0	26	22	4	445	405	40	63	49	14	3	3	0	5	5	0	15	13	2	40	28	12	59	45	14	3	3	0	4	4	0	13	11	2	39	27	12	4	4	0	0	0	0	1	1	0	2	2	0	1	1	0	1253	448	805
21	386	3048	407772	0	0	VILLAGE	Subudhipur	Rural	796	3384	1778	1606	342	193	149	189	94	95	136	73	63	2960	1552	1408	424	226	198	1351	1028	323	1086	923	163	99	89	10	11	9	2	114	97	17	862	728	134	265	105	160	14	7	7	6	2	4	10	5	5	235	91	144	259	104	155	12	7	5	5	1	4	9	5	4	233	91	142	6	1	5	2	0	2	1	1	0	1	0	1	2	0	2	2033	750	1283
21	386	3048	407773	0	0	VILLAGE	Bhagabanpur	Rural	648	2942	1492	1450	314	165	149	473	237	236	25	11	14	2412	1236	1176	530	256	274	982	818	164	903	782	121	36	28	8	62	60	2	19	17	2	786	677	109	79	36	43	6	4	2	10	6	4	1	1	0	62	25	37	71	31	40	5	4	1	9	5	4	1	1	0	56	21	35	8	5	3	1	0	1	1	1	0	0	0	0	6	4	2	1960	674	1286
21	386	3048	407774	0	0	VILLAGE	Bijipur	Rural	377	1834	930	904	211	111	100	219	112	107	5	4	1	1438	749	689	396	181	215	639	503	136	586	498	88	80	78	2	20	18	2	52	41	11	434	361	73	53	5	48	8	1	7	0	0	0	3	0	3	42	4	38	53	5	48	8	1	7	0	0	0	3	0	3	42	4	38	0	0	0	0	0	0	0	0	0	0	0	0	0	0	0	1195	427	768
21	386	3048	407775	0	0	VILLAGE	Dashabatia	Rural	6	43	20	23	5	2	3	0	0	0	0	0	0	36	17	19	7	3	4	14	10	4	11	8	3	0	0	0	0	0	0	0	0	0	11	8	3	3	2	1	0	0	0	1	1	0	0	0	0	2	1	1	3	2	1	0	0	0	1	1	0	0	0	0	2	1	1	0	0	0	0	0	0	0	0	0	0	0	0	0	0	0	29	10	19
21	386	3048	407776	0	0	VILLAGE	Balipada	Rural	101	500	252	248	51	30	21	25	11	14	0	0	0	358	181	177	142	71	71	152	136	16	152	136	16	66	66	0	19	13	6	6	6	0	61	51	10	0	0	0	0	0	0	0	0	0	0	0	0	0	0	0	0	0	0	0	0	0	0	0	0	0	0	0	0	0	0	0	0	0	0	0	0	0	0	0	0	0	0	0	0	0	348	116	232
21	386	3048	407777	0	0	VILLAGE	Kasipur	Rural	154	827	426	401	93	50	43	96	51	45	0	0	0	649	344	305	178	82	96	257	239	18	256	238	18	39	38	1	5	4	1	0	0	0	212	196	16	1	1	0	0	0	0	0	0	0	0	0	0	1	1	0	1	1	0	0	0	0	0	0	0	0	0	0	1	1	0	0	0	0	0	0	0	0	0	0	0	0	0	0	0	0	570	187	383
21	386	3048	407778	0	0	VILLAGE	Beguniabarahi	Rural	0	0	0	0	0	0	0	0	0	0	0	0	0	0	0	0	0	0	0	0	0	0	0	0	0	0	0	0	0	0	0	0	0	0	0	0	0	0	0	0	0	0	0	0	0	0	0	0	0	0	0	0	0	0	0	0	0	0	0	0	0	0	0	0	0	0	0	0	0	0	0	0	0	0	0	0	0	0	0	0	0	0	0	0	0
21	386	3048	407779	0	0	VILLAGE	Pandiapada	Rural	36	179	88	91	11	7	4	69	33	36	0	0	0	137	69	68	42	19	23	63	50	13	56	43	13	31	27	4	2	1	1	1	0	1	22	15	7	7	7	0	0	0	0	5	5	0	0	0	0	2	2	0	7	7	0	0	0	0	5	5	0	0	0	0	2	2	0	0	0	0	0	0	0	0	0	0	0	0	0	0	0	0	116	38	78
21	386	3048	407780	0	0	VILLAGE	Mahura	Rural	148	703	357	346	49	20	29	17	10	7	0	0	0	602	320	282	101	37	64	222	208	14	81	74	7	0	0	0	2	2	0	1	1	0	78	71	7	141	134	7	79	79	0	41	38	3	1	1	0	20	16	4	130	124	6	78	78	0	33	31	2	1	1	0	18	14	4	11	10	1	1	1	0	8	7	1	0	0	0	2	2	0	481	149	332
21	386	3048	407781	0	0	VILLAGE	Nanput	Rural	107	571	282	289	59	28	31	30	14	16	0	0	0	462	241	221	109	41	68	168	156	12	167	155	12	98	95	3	5	5	0	1	1	0	63	54	9	1	1	0	0	0	0	0	0	0	0	0	0	1	1	0	1	1	0	0	0	0	0	0	0	0	0	0	1	1	0	0	0	0	0	0	0	0	0	0	0	0	0	0	0	0	403	126	277
21	386	3048	407782	0	0	VILLAGE	Nandapur	Rural	52	274	136	138	32	16	16	54	25	29	0	0	0	214	112	102	60	24	36	98	82	16	98	82	16	13	13	0	37	28	9	4	4	0	44	37	7	0	0	0	0	0	0	0	0	0	0	0	0	0	0	0	0	0	0	0	0	0	0	0	0	0	0	0	0	0	0	0	0	0	0	0	0	0	0	0	0	0	0	0	0	0	176	54	122
21	386	3048	407783	0	0	VILLAGE	Narasinghpur	Rural	49	269	130	139	23	14	9	56	27	29	0	0	0	220	106	114	49	24	25	105	78	27	104	77	27	14	12	2	51	37	14	8	5	3	31	23	8	1	1	0	1	1	0	0	0	0	0	0	0	0	0	0	1	1	0	1	1	0	0	0	0	0	0	0	0	0	0	0	0	0	0	0	0	0	0	0	0	0	0	0	0	0	164	52	112
21	386	3048	407784	0	0	VILLAGE	Retanga	Rural	232	1092	536	556	112	51	61	104	50	54	0	0	0	846	442	404	246	94	152	329	303	26	300	282	18	52	52	0	37	36	1	0	0	0	211	194	17	29	21	8	2	0	2	4	3	1	0	0	0	23	18	5	25	18	7	2	0	2	2	2	0	0	0	0	21	16	5	4	3	1	0	0	0	2	1	1	0	0	0	2	2	0	763	233	530
21	386	3049	0	0	0	SUB-DISTRICT	Jatani	Total	26269	126405	64537	61868	13116	6785	6331	19719	9961	9758	4272	2152	2120	99501	53543	45958	26904	10994	15910	40998	34402	6596	32245	28285	3960	3451	3186	265	2682	2388	294	1242	996	246	24870	21715	3155	8753	6117	2636	600	448	152	2488	1615	873	782	408	374	4883	3646	1237	7293	5220	2073	511	381	130	1847	1280	567	594	335	259	4341	3224	1117	1460	897	563	89	67	22	641	335	306	188	73	115	542	422	120	85407	30135	55272
21	386	3049	0	0	0	SUB-DISTRICT	Jatani	Rural	12844	62708	31980	30728	6828	3504	3324	10762	5420	5342	3185	1603	1582	48064	26075	21989	14644	5905	8739	20572	17211	3361	15166	13641	1525	3286	3038	248	2128	1903	225	587	452	135	9165	8248	917	5406	3570	1836	465	371	94	2143	1351	792	497	175	322	2301	1673	628	4398	3042	1356	379	307	72	1572	1069	503	352	131	221	2095	1535	560	1008	528	480	86	64	22	571	282	289	145	44	101	206	138	68	42136	14769	27367
21	386	3049	0	0	0	SUB-DISTRICT	Jatani	Urban	13425	63697	32557	31140	6288	3281	3007	8957	4541	4416	1087	549	538	51437	27468	23969	12260	5089	7171	20426	17191	3235	17079	14644	2435	165	148	17	554	485	69	655	544	111	15705	13467	2238	3347	2547	800	135	77	58	345	264	81	285	233	52	2582	1973	609	2895	2178	717	132	74	58	275	211	64	242	204	38	2246	1689	557	452	369	83	3	3	0	70	53	17	43	29	14	336	284	52	43271	15366	27905
21	386	3049	407785	0	0	VILLAGE	Deuliapatna	Rural	313	1543	804	739	147	83	64	606	318	288	315	162	153	1206	674	532	337	130	207	787	491	296	601	395	206	178	105	73	211	180	31	91	36	55	121	74	47	186	96	90	25	18	7	18	13	5	23	5	18	120	60	60	161	89	72	20	15	5	16	13	3	12	3	9	113	58	55	25	7	18	5	3	2	2	0	2	11	2	9	7	2	5	756	313	443
21	386	3049	407786	0	0	VILLAGE	Jagasara	Rural	202	1022	475	547	115	49	66	212	92	120	366	171	195	719	370	349	303	105	198	386	262	124	180	155	25	30	30	0	2	2	0	9	8	1	139	115	24	206	107	99	7	4	3	165	82	83	7	3	4	27	18	9	124	71	53	4	2	2	94	51	43	6	2	4	20	16	4	82	36	46	3	2	1	71	31	40	1	1	0	7	2	5	636	213	423
21	386	3049	407787	0	0	VILLAGE	Kaimatiapatna	Rural	119	689	340	349	61	34	27	47	25	22	0	0	0	516	266	250	173	74	99	206	194	12	171	165	6	24	23	1	3	2	1	3	3	0	141	137	4	35	29	6	7	7	0	2	2	0	4	2	2	22	18	4	29	24	5	7	7	0	1	1	0	4	2	2	17	14	3	6	5	1	0	0	0	1	1	0	0	0	0	5	4	1	483	146	337
21	386	3049	407788	0	0	VILLAGE	Kaimatiabhoisahi	Rural	113	591	277	314	58	24	34	150	73	77	0	0	0	468	232	236	123	45	78	172	155	17	127	120	7	16	16	0	5	5	0	1	1	0	105	98	7	45	35	10	0	0	0	7	3	4	0	0	0	38	32	6	39	30	9	0	0	0	7	3	4	0	0	0	32	27	5	6	5	1	0	0	0	0	0	0	0	0	0	6	5	1	419	122	297
21	386	3049	407789	0	0	VILLAGE	Madanpur	Rural	241	1257	634	623	122	70	52	132	63	69	227	118	109	1015	530	485	242	104	138	484	352	132	363	300	63	46	39	7	42	23	19	20	19	1	255	219	36	121	52	69	3	2	1	51	21	30	8	3	5	59	26	33	117	51	66	3	2	1	49	20	29	8	3	5	57	26	31	4	1	3	0	0	0	2	1	1	0	0	0	2	0	2	773	282	491
21	386	3049	407790	0	0	VILLAGE	Badaraghunathpur	Rural	130	598	305	293	75	43	32	92	46	46	10	3	7	475	242	233	123	63	60	214	174	40	203	169	34	18	17	1	17	14	3	20	14	6	148	124	24	11	5	6	0	0	0	3	0	3	3	2	1	5	3	2	8	3	5	0	0	0	3	0	3	0	0	0	5	3	2	3	2	1	0	0	0	0	0	0	3	2	1	0	0	0	384	131	253
21	386	3049	407791	0	0	VILLAGE	Gadajagasora	Rural	0	0	0	0	0	0	0	0	0	0	0	0	0	0	0	0	0	0	0	0	0	0	0	0	0	0	0	0	0	0	0	0	0	0	0	0	0	0	0	0	0	0	0	0	0	0	0	0	0	0	0	0	0	0	0	0	0	0	0	0	0	0	0	0	0	0	0	0	0	0	0	0	0	0	0	0	0	0	0	0	0	0	0	0	0
21	386	3049	407792	0	0	VILLAGE	Jagasarapatna	Rural	90	481	254	227	50	25	25	17	8	9	0	0	0	383	211	172	98	43	55	133	125	8	63	58	5	14	13	1	4	4	0	0	0	0	45	41	4	70	67	3	5	5	0	27	26	1	0	0	0	38	36	2	41	39	2	3	3	0	20	20	0	0	0	0	18	16	2	29	28	1	2	2	0	7	6	1	0	0	0	20	20	0	348	129	219
21	386	3049	407793	0	0	VILLAGE	Chaitanyaprasad	Rural	1	6	3	3	1	1	0	0	0	0	0	0	0	5	2	3	1	1	0	2	2	0	2	2	0	2	2	0	0	0	0	0	0	0	0	0	0	0	0	0	0	0	0	0	0	0	0	0	0	0	0	0	0	0	0	0	0	0	0	0	0	0	0	0	0	0	0	0	0	0	0	0	0	0	0	0	0	0	0	0	0	0	4	1	3
21	386	3049	407794	0	0	VILLAGE	Harapur	Rural	72	365	188	177	39	19	20	0	0	0	0	0	0	238	140	98	127	48	79	139	107	32	13	11	2	1	1	0	0	0	0	0	0	0	12	10	2	126	96	30	53	42	11	71	52	19	0	0	0	2	2	0	12	12	0	5	5	0	7	7	0	0	0	0	0	0	0	114	84	30	48	37	11	64	45	19	0	0	0	2	2	0	226	81	145
21	386	3049	407795	0	0	VILLAGE	Durgapur	Rural	195	913	457	456	75	34	41	257	129	128	93	41	52	684	382	302	229	75	154	314	252	62	206	186	20	141	136	5	4	3	1	5	5	0	56	42	14	108	66	42	10	9	1	78	51	27	0	0	0	20	6	14	31	19	12	3	3	0	13	10	3	0	0	0	15	6	9	77	47	30	7	6	1	65	41	24	0	0	0	5	0	5	599	205	394
21	386	3049	407796	0	0	VILLAGE	Harekrushnapur	Rural	126	625	306	319	59	29	30	31	14	17	0	0	0	531	267	264	94	39	55	171	160	11	32	28	4	7	5	2	2	2	0	3	3	0	20	18	2	139	132	7	20	20	0	40	40	0	7	5	2	72	67	5	138	131	7	20	20	0	40	40	0	7	5	2	71	66	5	1	1	0	0	0	0	0	0	0	0	0	0	1	1	0	454	146	308
21	386	3049	407797	0	0	VILLAGE	Arisol	Rural	143	561	301	260	54	31	23	89	46	43	0	0	0	429	254	175	132	47	85	233	170	63	129	92	37	52	25	27	17	15	2	19	18	1	41	34	7	104	78	26	13	4	9	33	31	2	10	6	4	48	37	11	82	61	21	12	4	8	25	23	2	8	5	3	37	29	8	22	17	5	1	0	1	8	8	0	2	1	1	11	8	3	328	131	197
21	386	3049	407798	0	0	VILLAGE	Gaudakashipur	Rural	92	437	241	196	46	29	17	0	0	0	214	114	100	321	187	134	116	54	62	150	139	11	112	108	4	22	22	0	10	10	0	0	0	0	80	76	4	38	31	7	4	2	2	12	12	0	0	0	0	22	17	5	34	27	7	4	2	2	10	10	0	0	0	0	20	15	5	4	4	0	0	0	0	2	2	0	0	0	0	2	2	0	287	102	185
21	386	3049	407799	0	0	VILLAGE	Chandiheta	Rural	0	0	0	0	0	0	0	0	0	0	0	0	0	0	0	0	0	0	0	0	0	0	0	0	0	0	0	0	0	0	0	0	0	0	0	0	0	0	0	0	0	0	0	0	0	0	0	0	0	0	0	0	0	0	0	0	0	0	0	0	0	0	0	0	0	0	0	0	0	0	0	0	0	0	0	0	0	0	0	0	0	0	0	0	0
21	386	3049	407800	0	0	VILLAGE	Alakar	Rural	85	562	215	347	60	26	34	42	18	24	81	29	52	357	174	183	205	41	164	196	110	86	119	92	27	27	24	3	23	21	2	18	10	8	51	37	14	77	18	59	8	3	5	2	1	1	41	1	40	26	13	13	75	18	57	8	3	5	2	1	1	40	1	39	25	13	12	2	0	2	0	0	0	0	0	0	1	0	1	1	0	1	366	105	261
21	386	3049	407801	0	0	VILLAGE	Ogalapada	Rural	720	3341	1741	1600	392	202	190	844	440	404	745	376	369	2423	1355	1068	918	386	532	1102	892	210	758	655	103	84	75	9	86	78	8	54	43	11	534	459	75	344	237	107	18	14	4	47	22	25	43	9	34	236	192	44	305	210	95	18	14	4	39	18	21	36	7	29	212	171	41	39	27	12	0	0	0	8	4	4	7	2	5	24	21	3	2239	849	1390
21	386	3049	407802	0	0	VILLAGE	Janla	Rural	183	1008	528	480	95	44	51	152	72	80	0	0	0	836	454	382	172	74	98	316	288	28	301	280	21	58	56	2	16	14	2	11	9	2	216	201	15	15	8	7	1	0	1	6	3	3	2	0	2	6	5	1	13	6	7	1	0	1	6	3	3	2	0	2	4	3	1	2	2	0	0	0	0	0	0	0	0	0	0	2	2	0	692	240	452
21	386	3049	407803	0	0	VILLAGE	Santarapur	Rural	2	14	9	5	1	0	1	0	0	0	0	0	0	5	4	1	9	5	4	9	7	2	9	7	2	2	1	1	0	0	0	0	0	0	7	6	1	0	0	0	0	0	0	0	0	0	0	0	0	0	0	0	0	0	0	0	0	0	0	0	0	0	0	0	0	0	0	0	0	0	0	0	0	0	0	0	0	0	0	0	0	0	5	2	3
21	386	3049	407804	0	0	VILLAGE	Patasahanipur	Rural	6	27	14	13	3	2	1	12	5	7	1	1	0	15	8	7	12	6	6	10	6	4	10	6	4	3	3	0	0	0	0	0	0	0	7	3	4	0	0	0	0	0	0	0	0	0	0	0	0	0	0	0	0	0	0	0	0	0	0	0	0	0	0	0	0	0	0	0	0	0	0	0	0	0	0	0	0	0	0	0	0	0	17	8	9
21	386	3049	407805	0	0	VILLAGE	Sathuakera Gopalpur	Rural	0	0	0	0	0	0	0	0	0	0	0	0	0	0	0	0	0	0	0	0	0	0	0	0	0	0	0	0	0	0	0	0	0	0	0	0	0	0	0	0	0	0	0	0	0	0	0	0	0	0	0	0	0	0	0	0	0	0	0	0	0	0	0	0	0	0	0	0	0	0	0	0	0	0	0	0	0	0	0	0	0	0	0	0	0
21	386	3049	407806	0	0	VILLAGE	Uttarmundamuhan	Rural	375	1938	990	948	185	92	93	855	436	419	5	3	2	1607	841	766	331	149	182	747	568	179	466	371	95	182	152	30	48	35	13	9	5	4	227	179	48	281	197	84	26	15	11	20	13	7	1	0	1	234	169	65	274	196	78	24	15	9	17	12	5	1	0	1	232	169	63	7	1	6	2	0	2	3	1	2	0	0	0	2	0	2	1191	422	769
21	386	3049	407807	0	0	VILLAGE	Dakhinamundamuhan	Rural	320	1452	728	724	147	69	78	294	135	159	0	0	0	1138	610	528	314	118	196	516	409	107	448	399	49	111	105	6	27	25	2	17	16	1	293	253	40	68	10	58	4	2	2	43	0	43	4	1	3	17	7	10	27	9	18	3	2	1	5	0	5	4	1	3	15	6	9	41	1	40	1	0	1	38	0	38	0	0	0	2	1	1	936	319	617
21	386	3049	407808	0	0	VILLAGE	Gopalpur	Rural	75	335	164	171	33	17	16	141	66	75	0	0	0	272	137	135	63	27	36	144	103	41	79	70	9	1	0	1	0	0	0	1	1	0	77	69	8	65	33	32	1	0	1	55	26	29	2	1	1	7	6	1	56	28	28	0	0	0	47	21	26	2	1	1	7	6	1	9	5	4	1	0	1	8	5	3	0	0	0	0	0	0	191	61	130
21	386	3049	407809	0	0	VILLAGE	Chhelda	Rural	49	191	105	86	19	14	5	0	0	0	0	0	0	164	90	74	27	15	12	69	66	3	61	59	2	0	0	0	0	0	0	0	0	0	61	59	2	8	7	1	0	0	0	4	4	0	0	0	0	4	3	1	7	6	1	0	0	0	3	3	0	0	0	0	4	3	1	1	1	0	0	0	0	1	1	0	0	0	0	0	0	0	122	39	83
21	386	3049	407810	0	0	VILLAGE	Gobindapur	Rural	99	524	271	253	45	19	26	37	15	22	0	0	0	450	241	209	74	30	44	159	147	12	120	113	7	26	25	1	4	4	0	7	7	0	83	77	6	39	34	5	5	3	2	9	9	0	2	2	0	23	20	3	31	26	5	5	3	2	5	5	0	2	2	0	19	16	3	8	8	0	0	0	0	4	4	0	0	0	0	4	4	0	365	124	241
21	386	3049	407811	0	0	VILLAGE	Gangapada	Rural	394	1875	962	913	200	117	83	352	182	170	0	0	0	1362	722	640	513	240	273	589	517	72	452	402	50	57	54	3	13	8	5	7	6	1	375	334	41	137	115	22	2	1	1	96	79	17	4	3	1	35	32	3	113	93	20	1	1	0	78	62	16	4	3	1	30	27	3	24	22	2	1	0	1	18	17	1	0	0	0	5	5	0	1286	445	841
21	386	3049	407812	0	0	VILLAGE	Pitapalli	Rural	175	901	470	431	100	50	50	11	5	6	11	5	6	653	362	291	248	108	140	305	280	25	294	270	24	105	101	4	1	1	0	7	4	3	181	164	17	11	10	1	0	0	0	1	1	0	0	0	0	10	9	1	8	7	1	0	0	0	1	1	0	0	0	0	7	6	1	3	3	0	0	0	0	0	0	0	0	0	0	3	3	0	596	190	406
21	386	3049	407813	0	0	VILLAGE	Badatota	Rural	500	2387	1216	1171	280	134	146	400	203	197	103	49	54	1744	976	768	643	240	403	754	656	98	532	486	46	23	18	5	21	17	4	43	38	5	445	413	32	222	170	52	18	16	2	51	18	33	2	1	1	151	135	16	183	157	26	18	16	2	25	12	13	0	0	0	140	129	11	39	13	26	0	0	0	26	6	20	2	1	1	11	6	5	1633	560	1073
21	386	3049	407814	0	0	VILLAGE	Belapada	Rural	92	529	276	253	44	24	20	144	69	75	0	0	0	423	232	191	106	44	62	120	115	5	118	113	5	11	11	0	7	7	0	0	0	0	100	95	5	2	2	0	0	0	0	0	0	0	0	0	0	2	2	0	2	2	0	0	0	0	0	0	0	0	0	0	2	2	0	0	0	0	0	0	0	0	0	0	0	0	0	0	0	0	409	161	248
21	386	3049	407815	0	0	VILLAGE	Kholadwar	Rural	220	1154	575	579	126	53	73	104	51	53	0	0	0	903	490	413	251	85	166	382	341	41	360	330	30	56	55	1	11	11	0	2	0	2	291	264	27	22	11	11	2	1	1	6	1	5	0	0	0	14	9	5	10	5	5	2	1	1	0	0	0	0	0	0	8	4	4	12	6	6	0	0	0	6	1	5	0	0	0	6	5	1	772	234	538
21	386	3049	407816	0	0	VILLAGE	Padanpur	Rural	295	1481	779	702	157	94	63	533	273	260	17	15	2	1042	595	447	439	184	255	586	460	126	429	379	50	10	10	0	23	19	4	11	11	0	385	339	46	157	81	76	12	9	3	101	39	62	1	0	1	43	33	10	154	80	74	12	9	3	100	39	61	1	0	1	41	32	9	3	1	2	0	0	0	1	0	1	0	0	0	2	1	1	895	319	576
21	386	3049	407817	0	0	VILLAGE	Bhimapur	Rural	249	1135	578	557	141	77	64	276	138	138	3	2	1	829	440	389	306	138	168	324	229	95	136	132	4	1	1	0	19	19	0	3	3	0	113	109	4	188	97	91	7	5	2	7	5	2	4	4	0	170	83	87	187	96	91	6	4	2	7	5	2	4	4	0	170	83	87	1	1	0	1	1	0	0	0	0	0	0	0	0	0	0	811	349	462
21	386	3049	407818	0	0	VILLAGE	Uparbasta	Rural	428	1937	984	953	208	112	96	164	79	85	0	0	0	1515	800	715	422	184	238	550	512	38	473	440	33	273	253	20	1	1	0	2	1	1	197	185	12	77	72	5	4	2	2	4	4	0	3	3	0	66	63	3	73	68	5	3	1	2	4	4	0	2	2	0	64	61	3	4	4	0	1	1	0	0	0	0	1	1	0	2	2	0	1387	472	915
21	386	3049	407819	0	0	VILLAGE	Jagulaipadar	Rural	0	0	0	0	0	0	0	0	0	0	0	0	0	0	0	0	0	0	0	0	0	0	0	0	0	0	0	0	0	0	0	0	0	0	0	0	0	0	0	0	0	0	0	0	0	0	0	0	0	0	0	0	0	0	0	0	0	0	0	0	0	0	0	0	0	0	0	0	0	0	0	0	0	0	0	0	0	0	0	0	0	0	0	0	0
21	386	3049	407820	0	0	VILLAGE	Ogarsuan	Rural	120	607	304	303	58	29	29	131	70	61	0	0	0	496	264	232	111	40	71	200	176	24	129	124	5	71	69	2	0	0	0	0	0	0	58	55	3	71	52	19	0	0	0	69	50	19	0	0	0	2	2	0	69	51	18	0	0	0	67	49	18	0	0	0	2	2	0	2	1	1	0	0	0	2	1	1	0	0	0	0	0	0	407	128	279
21	386	3049	407821	0	0	VILLAGE	Beruan	Rural	57	220	117	103	24	10	14	0	0	0	0	0	0	171	97	74	49	20	29	63	59	4	60	57	3	0	0	0	60	57	3	0	0	0	0	0	0	3	2	1	0	0	0	2	1	1	0	0	0	1	1	0	3	2	1	0	0	0	2	1	1	0	0	0	1	1	0	0	0	0	0	0	0	0	0	0	0	0	0	0	0	0	157	58	99
21	386	3049	407822	0	0	VILLAGE	Bairang	Rural	41	206	98	108	21	10	11	40	19	21	0	0	0	157	78	79	49	20	29	43	38	5	41	37	4	2	2	0	38	35	3	0	0	0	1	0	1	2	1	1	1	1	0	0	0	0	0	0	0	1	0	1	2	1	1	1	1	0	0	0	0	0	0	0	1	0	1	0	0	0	0	0	0	0	0	0	0	0	0	0	0	0	163	60	103
21	386	3049	407823	0	0	VILLAGE	Niranjanpur	Rural	302	1449	730	719	145	70	75	189	94	95	0	0	0	1125	606	519	324	124	200	433	397	36	346	322	24	47	46	1	161	146	15	6	6	0	132	124	8	87	75	12	4	2	2	20	20	0	3	3	0	60	50	10	87	75	12	4	2	2	20	20	0	3	3	0	60	50	10	0	0	0	0	0	0	0	0	0	0	0	0	0	0	0	1016	333	683
21	386	3049	407824	0	0	VILLAGE	Budhapada	Rural	361	1482	750	732	159	90	69	524	265	259	82	42	40	1073	587	486	409	163	246	561	427	134	395	307	88	16	14	2	42	29	13	7	5	2	330	259	71	166	120	46	21	21	0	96	79	17	0	0	0	49	20	29	162	118	44	21	21	0	93	77	16	0	0	0	48	20	28	4	2	2	0	0	0	3	2	1	0	0	0	1	0	1	921	323	598
21	386	3049	407825	0	0	VILLAGE	Kantia	Rural	549	2621	1362	1259	242	130	112	376	195	181	0	0	0	2149	1152	997	472	210	262	816	718	98	598	551	47	122	117	5	49	49	0	28	19	9	399	366	33	218	167	51	50	47	3	16	13	3	11	7	4	141	100	41	200	158	42	45	42	3	14	12	2	6	5	1	135	99	36	18	9	9	5	5	0	2	1	1	5	2	3	6	1	5	1805	644	1161
21	386	3049	407826	0	0	VILLAGE	Rathipur	Rural	673	3398	1716	1682	419	196	223	431	216	215	0	0	0	2573	1414	1159	825	302	523	1080	974	106	953	911	42	100	98	2	191	186	5	29	28	1	633	599	34	127	63	64	18	12	6	57	21	36	7	3	4	45	27	18	104	55	49	17	11	6	44	18	26	3	1	2	40	25	15	23	8	15	1	1	0	13	3	10	4	2	2	5	2	3	2318	742	1576
21	386	3049	407827	0	0	VILLAGE	Khudupur	Rural	194	1115	582	533	119	58	61	140	76	64	0	0	0	920	501	419	195	81	114	434	298	136	226	206	20	13	12	1	1	1	0	2	2	0	210	191	19	208	92	116	2	2	0	126	58	68	72	25	47	8	7	1	38	27	11	1	1	0	18	16	2	12	4	8	7	6	1	170	65	105	1	1	0	108	42	66	60	21	39	1	1	0	681	284	397
21	386	3049	407828	0	0	VILLAGE	Kansapada	Rural	125	490	259	231	63	38	25	327	173	154	0	0	0	334	197	137	156	62	94	183	147	36	139	132	7	4	4	0	20	20	0	3	3	0	112	105	7	44	15	29	1	1	0	36	9	27	0	0	0	7	5	2	23	12	11	1	1	0	16	6	10	0	0	0	6	5	1	21	3	18	0	0	0	20	3	17	0	0	0	1	0	1	307	112	195
21	386	3049	407829	0	0	VILLAGE	Podapada	Rural	246	1037	533	504	136	71	65	27	13	14	367	182	185	698	398	300	339	135	204	381	291	90	258	253	5	84	84	0	93	90	3	7	7	0	74	72	2	123	38	85	6	5	1	115	31	84	0	0	0	2	2	0	112	37	75	6	5	1	104	30	74	0	0	0	2	2	0	11	1	10	0	0	0	11	1	10	0	0	0	0	0	0	656	242	414
21	386	3049	407830	0	0	VILLAGE	Haridamada	Rural	140	706	355	351	104	50	54	32	16	16	126	58	68	475	263	212	231	92	139	233	194	39	203	180	23	38	38	0	87	69	18	4	4	0	74	69	5	30	14	16	1	1	0	11	7	4	11	4	7	7	2	5	19	11	8	0	0	0	8	6	2	6	3	3	5	2	3	11	3	8	1	1	0	3	1	2	5	1	4	2	0	2	473	161	312
21	386	3049	407831	0	0	VILLAGE	Taraboi	Rural	516	2355	1191	1164	297	149	148	233	124	109	0	0	0	1819	967	852	536	224	312	891	686	205	579	534	45	218	208	10	161	155	6	37	28	9	163	143	20	312	152	160	7	5	2	65	58	7	171	48	123	69	41	28	270	143	127	7	5	2	57	53	4	144	46	98	62	39	23	42	9	33	0	0	0	8	5	3	27	2	25	7	2	5	1464	505	959
21	386	3049	407832	0	0	VILLAGE	Manipur	Rural	60	287	140	147	29	16	13	0	0	0	0	0	0	218	113	105	69	27	42	65	56	9	61	53	8	4	1	3	2	2	0	0	0	0	55	50	5	4	3	1	1	1	0	1	1	0	0	0	0	2	1	1	3	2	1	1	1	0	0	0	0	0	0	0	2	1	1	1	1	0	0	0	0	1	1	0	0	0	0	0	0	0	222	84	138
21	386	3049	407833	0	0	VILLAGE	Babaja	Rural	212	1125	599	526	127	73	54	0	0	0	0	0	0	897	491	406	228	108	120	348	322	26	343	318	25	71	70	1	24	21	3	2	2	0	246	225	21	5	4	1	1	1	0	1	0	1	0	0	0	3	3	0	4	3	1	1	1	0	1	0	1	0	0	0	2	2	0	1	1	0	0	0	0	0	0	0	0	0	0	1	1	0	777	277	500
21	386	3049	407834	0	0	VILLAGE	Koranga	Rural	225	1017	512	505	104	55	49	177	92	85	0	0	0	827	436	391	190	76	114	243	221	22	154	138	16	61	60	1	12	12	0	13	8	5	68	58	10	89	83	6	0	0	0	42	41	1	6	6	0	41	36	5	87	81	6	0	0	0	40	39	1	6	6	0	41	36	5	2	2	0	0	0	0	2	2	0	0	0	0	0	0	0	774	291	483
21	386	3049	407835	0	0	VILLAGE	Haripur	Rural	97	427	224	203	52	29	23	0	0	0	0	0	0	340	185	155	87	39	48	111	102	9	47	42	5	10	10	0	3	3	0	1	1	0	33	28	5	64	60	4	0	0	0	43	40	3	5	5	0	16	15	1	57	53	4	0	0	0	41	38	3	4	4	0	12	11	1	7	7	0	0	0	0	2	2	0	1	1	0	4	4	0	316	122	194
21	386	3049	407836	0	0	VILLAGE	Aragul	Rural	433	2070	1114	956	246	125	121	440	219	221	326	184	142	1525	905	620	545	209	336	693	574	119	475	403	72	27	22	5	165	122	43	11	11	0	272	248	24	218	171	47	3	3	0	90	77	13	8	5	3	117	86	31	199	162	37	3	3	0	85	74	11	5	5	0	106	80	26	19	9	10	0	0	0	5	3	2	3	0	3	11	6	5	1377	540	837
21	386	3049	407837	0	0	VILLAGE	Deulabasta	Rural	250	1150	602	548	100	55	45	73	42	31	85	44	41	994	538	456	156	64	92	334	316	18	319	304	15	53	51	2	54	52	2	0	0	0	212	201	11	15	12	3	1	1	0	1	1	0	0	0	0	13	10	3	15	12	3	1	1	0	1	1	0	0	0	0	13	10	3	0	0	0	0	0	0	0	0	0	0	0	0	0	0	0	816	286	530
21	386	3049	407838	0	0	VILLAGE	Mangarajpur	Rural	0	0	0	0	0	0	0	0	0	0	0	0	0	0	0	0	0	0	0	0	0	0	0	0	0	0	0	0	0	0	0	0	0	0	0	0	0	0	0	0	0	0	0	0	0	0	0	0	0	0	0	0	0	0	0	0	0	0	0	0	0	0	0	0	0	0	0	0	0	0	0	0	0	0	0	0	0	0	0	0	0	0	0	0	0
21	386	3049	407839	0	0	VILLAGE	Samapur	Rural	0	0	0	0	0	0	0	0	0	0	0	0	0	0	0	0	0	0	0	0	0	0	0	0	0	0	0	0	0	0	0	0	0	0	0	0	0	0	0	0	0	0	0	0	0	0	0	0	0	0	0	0	0	0	0	0	0	0	0	0	0	0	0	0	0	0	0	0	0	0	0	0	0	0	0	0	0	0	0	0	0	0	0	0	0
21	386	3049	407840	0	0	VILLAGE	Benapanjari	Rural	718	3618	1787	1831	442	220	222	105	50	55	0	0	0	2752	1442	1310	866	345	521	930	868	62	822	786	36	126	124	2	56	49	7	8	7	1	632	606	26	108	82	26	4	3	1	15	10	5	14	5	9	75	64	11	81	67	14	2	2	0	11	8	3	6	3	3	62	54	8	27	15	12	2	1	1	4	2	2	8	2	6	13	10	3	2688	919	1769
21	386	3049	407841	0	0	VILLAGE	Bisiapada	Rural	130	639	330	309	58	25	33	129	59	70	0	0	0	534	291	243	105	39	66	134	126	8	134	126	8	128	125	3	0	0	0	4	0	4	2	1	1	0	0	0	0	0	0	0	0	0	0	0	0	0	0	0	0	0	0	0	0	0	0	0	0	0	0	0	0	0	0	0	0	0	0	0	0	0	0	0	0	0	0	0	0	0	505	204	301
21	386	3049	407842	0	0	VILLAGE	Seulakhala	Rural	0	0	0	0	0	0	0	0	0	0	0	0	0	0	0	0	0	0	0	0	0	0	0	0	0	0	0	0	0	0	0	0	0	0	0	0	0	0	0	0	0	0	0	0	0	0	0	0	0	0	0	0	0	0	0	0	0	0	0	0	0	0	0	0	0	0	0	0	0	0	0	0	0	0	0	0	0	0	0	0	0	0	0	0	0
21	386	3049	407843	0	0	VILLAGE	Ambaata	Rural	0	0	0	0	0	0	0	0	0	0	0	0	0	0	0	0	0	0	0	0	0	0	0	0	0	0	0	0	0	0	0	0	0	0	0	0	0	0	0	0	0	0	0	0	0	0	0	0	0	0	0	0	0	0	0	0	0	0	0	0	0	0	0	0	0	0	0	0	0	0	0	0	0	0	0	0	0	0	0	0	0	0	0	0	0
21	386	3049	407844	0	0	VILLAGE	Ranipur	Rural	82	438	217	221	81	41	40	0	0	0	0	0	0	313	162	151	125	55	70	115	104	11	27	24	3	8	8	0	3	2	1	0	0	0	16	14	2	88	80	8	19	18	1	61	57	4	0	0	0	8	5	3	74	68	6	19	18	1	47	45	2	0	0	0	8	5	3	14	12	2	0	0	0	14	12	2	0	0	0	0	0	0	323	113	210
21	386	3049	407845	0	0	VILLAGE	Pandiabili	Rural	82	397	196	201	43	22	21	0	0	0	0	0	0	322	166	156	75	30	45	126	125	1	93	93	0	88	88	0	2	2	0	0	0	0	3	3	0	33	32	1	31	30	1	1	1	0	0	0	0	1	1	0	33	32	1	31	30	1	1	1	0	0	0	0	1	1	0	0	0	0	0	0	0	0	0	0	0	0	0	0	0	0	271	71	200
21	386	3049	407846	0	0	VILLAGE	Rayapurpatana	Rural	82	407	205	202	30	20	10	112	50	62	0	0	0	326	175	151	81	30	51	107	106	1	101	100	1	34	34	0	12	12	0	0	0	0	55	54	1	6	6	0	1	1	0	0	0	0	0	0	0	5	5	0	6	6	0	1	1	0	0	0	0	0	0	0	5	5	0	0	0	0	0	0	0	0	0	0	0	0	0	0	0	0	300	99	201
21	386	3049	407847	0	0	VILLAGE	Paschimadwarpatana	Rural	84	396	203	193	36	17	19	131	63	68	0	0	0	303	172	131	93	31	62	150	120	30	102	100	2	1	1	0	38	38	0	0	0	0	63	61	2	48	20	28	1	1	0	34	7	27	0	0	0	13	12	1	48	20	28	1	1	0	34	7	27	0	0	0	13	12	1	0	0	0	0	0	0	0	0	0	0	0	0	0	0	0	246	83	163
21	386	3049	407848	0	0	VILLAGE	Trimal	Rural	697	3862	1971	1891	402	204	198	833	408	425	8	4	4	3001	1630	1371	861	341	520	1230	1099	131	985	947	38	289	286	3	219	213	6	46	45	1	431	403	28	245	152	93	14	11	3	160	89	71	6	3	3	65	49	16	209	132	77	12	9	3	140	80	60	4	1	3	53	42	11	36	20	16	2	2	0	20	9	11	2	2	0	12	7	5	2632	872	1760
21	386	3049	407849	0	0	VILLAGE	Bijipur	Rural	0	0	0	0	0	0	0	0	0	0	0	0	0	0	0	0	0	0	0	0	0	0	0	0	0	0	0	0	0	0	0	0	0	0	0	0	0	0	0	0	0	0	0	0	0	0	0	0	0	0	0	0	0	0	0	0	0	0	0	0	0	0	0	0	0	0	0	0	0	0	0	0	0	0	0	0	0	0	0	0	0	0	0	0	0
21	386	3049	407850	0	0	VILLAGE	Gopiballavapur	Rural	0	0	0	0	0	0	0	0	0	0	0	0	0	0	0	0	0	0	0	0	0	0	0	0	0	0	0	0	0	0	0	0	0	0	0	0	0	0	0	0	0	0	0	0	0	0	0	0	0	0	0	0	0	0	0	0	0	0	0	0	0	0	0	0	0	0	0	0	0	0	0	0	0	0	0	0	0	0	0	0	0	0	0	0	0
21	386	3049	407851	0	0	VILLAGE	Purusottampur	Rural	0	0	0	0	0	0	0	0	0	0	0	0	0	0	0	0	0	0	0	0	0	0	0	0	0	0	0	0	0	0	0	0	0	0	0	0	0	0	0	0	0	0	0	0	0	0	0	0	0	0	0	0	0	0	0	0	0	0	0	0	0	0	0	0	0	0	0	0	0	0	0	0	0	0	0	0	0	0	0	0	0	0	0	0	0
21	386	3049	407852	0	0	VILLAGE	Budhanagar	Rural	264	1310	693	617	153	84	69	318	175	143	0	0	0	994	557	437	316	136	180	399	378	21	209	200	9	90	88	2	18	18	0	16	15	1	85	79	6	190	178	12	23	20	3	122	122	0	12	10	2	33	26	7	159	150	9	22	19	3	104	104	0	10	9	1	23	18	5	31	28	3	1	1	0	18	18	0	2	1	1	10	8	2	911	315	596
21	386	3049	801856	0	0	TOWN	Jatani (M + OG)	Urban	13425	63697	32557	31140	6288	3281	3007	8957	4541	4416	1087	549	538	51437	27468	23969	12260	5089	7171	20426	17191	3235	17079	14644	2435	165	148	17	554	485	69	655	544	111	15705	13467	2238	3347	2547	800	135	77	58	345	264	81	285	233	52	2582	1973	609	2895	2178	717	132	74	58	275	211	64	242	204	38	2246	1689	557	452	369	83	3	3	0	70	53	17	43	29	14	336	284	52	43271	15366	27905
21	386	3049	801856	0	0	TOWN	Jatani (M)	Urban	11781	55925	28590	27335	5493	2894	2599	7889	4022	3867	881	439	442	45267	24168	21099	10658	4422	6236	18179	15224	2955	15488	13219	2269	115	102	13	353	286	67	630	522	108	14390	12309	2081	2691	2005	686	76	39	37	127	90	37	254	205	49	2234	1671	563	2382	1775	607	75	38	37	103	82	21	221	186	35	1983	1469	514	309	230	79	1	1	0	24	8	16	33	19	14	251	202	49	37746	13366	24380
21	386	3049	801856	1	0	WARD	Jatani (M) WARD NO.-0001	Urban	458	1891	955	936	176	85	91	216	119	97	147	71	76	1637	843	794	254	112	142	556	503	53	483	449	34	1	1	0	2	2	0	7	5	2	473	441	32	73	54	19	2	0	2	0	0	0	11	6	5	60	48	12	70	52	18	2	0	2	0	0	0	10	6	4	58	46	12	3	2	1	0	0	0	0	0	0	1	0	1	2	2	0	1335	452	883
21	386	3049	801856	2	0	WARD	Jatani (M) WARD NO.-0002	Urban	357	1505	771	734	104	64	40	119	64	55	55	25	30	1345	686	659	160	85	75	458	404	54	412	366	46	0	0	0	6	5	1	39	35	4	367	326	41	46	38	8	4	3	1	5	5	0	18	13	5	19	17	2	39	34	5	3	2	1	5	5	0	14	12	2	17	15	2	7	4	3	1	1	0	0	0	0	4	1	3	2	2	0	1047	367	680
21	386	3049	801856	3	0	WARD	Jatani (M) WARD NO.-0003	Urban	675	2982	1535	1447	340	179	161	205	91	114	116	57	59	2296	1246	1050	686	289	397	975	843	132	874	779	95	8	8	0	3	3	0	33	32	1	830	736	94	101	64	37	3	1	2	4	2	2	5	5	0	89	56	33	84	55	29	3	1	2	3	2	1	5	5	0	73	47	26	17	9	8	0	0	0	1	0	1	0	0	0	16	9	7	2007	692	1315
21	386	3049	801856	4	0	WARD	Jatani (M) WARD NO.-0004	Urban	521	2547	1292	1255	289	148	141	91	42	49	0	0	0	1943	1039	904	604	253	351	824	694	130	610	539	71	5	5	0	1	1	0	36	34	2	568	499	69	214	155	59	3	1	2	1	0	1	39	34	5	171	120	51	210	153	57	3	1	2	1	0	1	37	33	4	169	119	50	4	2	2	0	0	0	0	0	0	2	1	1	2	1	1	1723	598	1125
21	386	3049	801856	5	0	WARD	Jatani (M) WARD NO.-0005	Urban	790	3459	1790	1669	349	191	158	224	118	106	57	28	29	2868	1537	1331	591	253	338	1061	906	155	794	703	91	6	5	1	5	4	1	28	24	4	755	670	85	267	203	64	3	1	2	5	3	2	2	0	2	257	199	58	247	187	60	3	1	2	5	3	2	2	0	2	237	183	54	20	16	4	0	0	0	0	0	0	0	0	0	20	16	4	2398	884	1514
21	386	3049	801856	6	0	WARD	Jatani (M) WARD NO.-0006	Urban	473	2229	1163	1066	232	119	113	453	237	216	39	19	20	1692	933	759	537	230	307	756	605	151	730	587	143	2	2	0	6	2	4	7	7	0	715	576	139	26	18	8	1	0	1	2	2	0	0	0	0	23	16	7	23	16	7	1	0	1	2	2	0	0	0	0	20	14	6	3	2	1	0	0	0	0	0	0	0	0	0	3	2	1	1473	558	915
21	386	3049	801856	7	0	WARD	Jatani (M) WARD NO.-0007	Urban	643	3043	1543	1500	350	193	157	337	157	180	42	26	16	2266	1207	1059	777	336	441	1056	837	219	1016	816	200	11	11	0	122	95	27	16	14	2	867	696	171	40	21	19	5	2	3	0	0	0	1	0	1	34	19	15	37	18	19	5	2	3	0	0	0	1	0	1	31	16	15	3	3	0	0	0	0	0	0	0	0	0	0	3	3	0	1987	706	1281
21	386	3049	801856	8	0	WARD	Jatani (M) WARD NO.-0008	Urban	711	3593	1864	1729	327	179	148	240	126	114	7	3	4	3121	1622	1499	472	242	230	1100	959	141	1064	937	127	2	0	2	6	5	1	25	22	3	1031	910	121	36	22	14	1	0	1	2	1	1	5	2	3	28	19	9	34	21	13	1	0	1	2	1	1	5	2	3	26	18	8	2	1	1	0	0	0	0	0	0	0	0	0	2	1	1	2493	905	1588
21	386	3049	801856	9	0	WARD	Jatani (M) WARD NO.-0009	Urban	585	2852	1470	1382	255	134	121	734	373	361	0	0	0	2279	1236	1043	573	234	339	974	821	153	922	794	128	18	18	0	7	7	0	62	47	15	835	722	113	52	27	25	1	1	0	24	7	17	3	1	2	24	18	6	33	21	12	1	1	0	11	5	6	1	0	1	20	15	5	19	6	13	0	0	0	13	2	11	2	1	1	4	3	1	1878	649	1229
21	386	3049	801856	10	0	WARD	Jatani (M) WARD NO.-0010	Urban	568	2989	1533	1456	292	148	144	99	51	48	6	2	4	2528	1352	1176	461	181	280	994	837	157	793	703	90	8	6	2	7	7	0	31	26	5	747	664	83	201	134	67	9	2	7	19	18	1	16	13	3	157	101	56	198	132	66	9	2	7	19	18	1	15	12	3	155	100	55	3	2	1	0	0	0	0	0	0	1	1	0	2	1	1	1995	696	1299
21	386	3049	801856	11	0	WARD	Jatani (M) WARD NO.-0011	Urban	521	2723	1378	1345	255	120	135	244	125	119	0	0	0	2257	1206	1051	466	172	294	889	754	135	708	619	89	10	10	0	1	1	0	96	80	16	601	528	73	181	135	46	1	1	0	0	0	0	6	2	4	174	132	42	171	129	42	1	1	0	0	0	0	3	2	1	167	126	41	10	6	4	0	0	0	0	0	0	3	0	3	7	6	1	1834	624	1210
21	386	3049	801856	12	0	WARD	Jatani (M) WARD NO.-0012	Urban	515	2531	1305	1226	253	139	114	91	49	42	27	14	13	2161	1145	1016	370	160	210	1051	765	286	896	694	202	9	3	6	6	2	4	92	75	17	789	614	175	155	71	84	5	1	4	1	1	0	7	4	3	142	65	77	150	67	83	5	1	4	0	0	0	6	3	3	139	63	76	5	4	1	0	0	0	1	1	0	1	1	0	3	2	1	1480	540	940
21	386	3049	801856	13	0	WARD	Jatani (M) WARD NO.-0013	Urban	495	2580	1313	1267	256	124	132	333	185	148	0	0	0	2063	1110	953	517	203	314	761	691	70	511	470	41	6	6	0	11	11	0	46	45	1	448	408	40	250	221	29	7	5	2	23	22	1	67	64	3	153	130	23	231	203	28	7	5	2	23	22	1	61	59	2	140	117	23	19	18	1	0	0	0	0	0	0	6	5	1	13	13	0	1819	622	1197
21	386	3049	801856	14	0	WARD	Jatani (M) WARD NO.-0014	Urban	648	3194	1580	1614	347	170	177	910	460	450	65	24	41	2608	1357	1251	586	223	363	983	826	157	761	634	127	2	1	1	0	0	0	2	2	0	757	631	126	222	192	30	3	0	3	1	1	0	5	4	1	213	187	26	137	118	19	3	0	3	0	0	0	5	4	1	129	114	15	85	74	11	0	0	0	1	1	0	0	0	0	84	73	11	2211	754	1457
21	386	3049	801856	15	0	WARD	Jatani (M) WARD NO.-0015	Urban	479	2213	1124	1089	189	89	100	332	170	162	4	3	1	1818	983	835	395	141	254	796	651	145	579	470	109	2	2	0	7	4	3	11	7	4	559	457	102	217	181	36	15	12	3	1	1	0	5	1	4	196	167	29	185	155	30	15	12	3	1	1	0	4	1	3	165	141	24	32	26	6	0	0	0	0	0	0	1	0	1	31	26	5	1417	473	944
21	386	3049	801856	16	0	WARD	Jatani (M) WARD NO.-0016	Urban	351	1387	689	698	119	57	62	177	83	94	38	18	20	1156	600	556	231	89	142	499	392	107	494	390	104	0	0	0	1	1	0	7	5	2	486	384	102	5	2	3	0	0	0	0	0	0	0	0	0	5	2	3	5	2	3	0	0	0	0	0	0	0	0	0	5	2	3	0	0	0	0	0	0	0	0	0	0	0	0	0	0	0	888	297	591
21	386	3049	801856	17	0	WARD	Jatani (M) WARD NO.-0017	Urban	290	1240	601	639	101	52	49	275	140	135	63	36	27	1053	531	522	187	70	117	523	349	174	520	348	172	1	0	1	0	0	0	0	0	0	519	348	171	3	1	2	1	0	1	1	1	0	0	0	0	1	0	1	3	1	2	1	0	1	1	1	0	0	0	0	1	0	1	0	0	0	0	0	0	0	0	0	0	0	0	0	0	0	717	252	465
21	386	3049	801856	18	0	WARD	Jatani (M) WARD NO.-0018	Urban	268	1167	583	584	102	60	42	516	252	264	17	9	8	892	464	428	275	119	156	375	283	92	357	276	81	0	0	0	0	0	0	2	2	0	355	274	81	18	7	11	1	0	1	0	0	0	1	0	1	16	7	9	17	7	10	1	0	1	0	0	0	1	0	1	15	7	8	1	0	1	0	0	0	0	0	0	0	0	0	1	0	1	792	300	492
21	386	3049	801856	19	0	WARD	Jatani (M) WARD NO.-0019	Urban	392	1691	854	837	150	83	67	378	191	187	21	12	9	1388	740	648	303	114	189	560	471	89	436	373	63	0	0	0	4	4	0	59	35	24	373	334	39	124	98	26	2	1	1	29	20	9	41	36	5	52	41	11	99	79	20	2	1	1	23	17	6	30	27	3	44	34	10	25	19	6	0	0	0	6	3	3	11	9	2	8	7	1	1131	383	748
21	386	3049	801856	20	0	WARD	Jatani (M) WARD NO.-0020	Urban	368	1659	855	804	194	105	89	435	216	219	138	72	66	1138	654	484	521	201	320	506	438	68	272	239	33	0	0	0	0	0	0	2	1	1	270	238	32	234	199	35	0	0	0	3	2	1	20	19	1	211	178	33	189	167	22	0	0	0	1	1	0	19	19	0	169	147	22	45	32	13	0	0	0	2	1	1	1	0	1	42	31	11	1153	417	736
21	386	3049	801856	21	0	WARD	Jatani (M) WARD NO.-0021	Urban	582	2819	1481	1338	283	157	126	666	359	307	35	18	17	2171	1221	950	648	260	388	953	802	151	814	708	106	3	3	0	5	5	0	3	3	0	803	697	106	139	94	45	2	1	1	1	1	0	0	0	0	136	92	44	137	92	45	2	1	1	1	1	0	0	0	0	134	90	44	2	2	0	0	0	0	0	0	0	0	0	0	2	2	0	1866	679	1187
21	386	3049	801856	22	0	WARD	Jatani (M) WARD NO.-0022	Urban	572	2910	1468	1442	280	149	131	148	72	76	4	2	2	2355	1238	1117	555	230	325	786	709	77	734	670	64	2	2	0	15	13	2	15	12	3	702	643	59	52	39	13	2	2	0	0	0	0	2	1	1	48	36	12	50	38	12	2	2	0	0	0	0	2	1	1	46	35	11	2	1	1	0	0	0	0	0	0	0	0	0	2	1	1	2124	759	1365
21	386	3049	801856	23	0	WARD	Jatani (M) WARD NO.-0023	Urban	519	2721	1443	1278	250	149	101	666	342	324	0	0	0	2232	1218	1014	489	225	264	743	684	59	708	655	53	19	19	0	138	114	24	11	9	2	540	513	27	35	29	6	5	5	0	5	3	2	0	0	0	25	21	4	33	28	5	5	5	0	5	3	2	0	0	0	23	20	3	2	1	1	0	0	0	0	0	0	0	0	0	2	1	1	1978	759	1219
21	386	3049	801856	24	0	WARD	Industrial & Colony Area (OG) (Ward 24) WARD NO.-0024 (Rural MDDS CODE:645604)	Urban	210	1034	534	500	108	59	49	11	4	7	122	64	58	803	431	372	231	103	128	307	272	35	246	236	10	10	8	2	54	54	0	3	3	0	179	171	8	61	36	25	10	5	5	5	5	0	1	0	1	45	26	19	59	34	25	10	5	5	3	3	0	1	0	1	45	26	19	2	2	0	0	0	0	2	2	0	0	0	0	0	0	0	727	262	465
21	386	3049	801856	25	0	WARD	Industrial & Colony Area (OG) (Ward 25) WARD NO.-0025 (Rural MDDS CODE:645604)	Urban	330	1450	746	704	161	75	86	7	3	4	0	0	0	1120	615	505	330	131	199	417	398	19	335	318	17	30	29	1	93	93	0	1	1	0	211	195	16	82	80	2	3	3	0	11	11	0	1	1	0	67	65	2	35	35	0	3	3	0	8	8	0	1	1	0	23	23	0	47	45	2	0	0	0	3	3	0	0	0	0	44	42	2	1033	348	685
21	386	3049	801856	26	0	WARD	Industrial & Colony Area (OG) (Ward 26) WARD NO.-0026 (Rural MDDS CODE:645604)	Urban	1104	5288	2687	2601	526	253	273	1050	512	538	84	46	38	4247	2254	1993	1041	433	608	1523	1297	226	1010	871	139	10	9	1	54	52	2	21	18	3	925	792	133	513	426	87	46	30	16	202	158	44	29	27	2	236	211	25	419	334	85	44	28	16	161	118	43	19	17	2	195	171	24	94	92	2	2	2	0	41	40	1	10	10	0	41	40	1	3765	1390	2375
21	386	3050	0	0	0	SUB-DISTRICT	Jankia 	Total	17327	84608	43224	41384	9305	4885	4420	7861	4012	3849	3554	1761	1793	62854	34396	28458	21754	8828	12926	27420	23578	3842	20130	18411	1719	5740	5599	141	4239	4040	199	1060	902	158	9091	7870	1221	7290	5167	2123	680	594	86	3054	2467	587	483	266	217	3073	1840	1233	6281	4548	1733	606	540	66	2712	2209	503	395	230	165	2568	1569	999	1009	619	390	74	54	20	342	258	84	88	36	52	505	271	234	57188	19646	37542
21	386	3050	0	0	0	SUB-DISTRICT	Jankia 	Rural	17327	84608	43224	41384	9305	4885	4420	7861	4012	3849	3554	1761	1793	62854	34396	28458	21754	8828	12926	27420	23578	3842	20130	18411	1719	5740	5599	141	4239	4040	199	1060	902	158	9091	7870	1221	7290	5167	2123	680	594	86	3054	2467	587	483	266	217	3073	1840	1233	6281	4548	1733	606	540	66	2712	2209	503	395	230	165	2568	1569	999	1009	619	390	74	54	20	342	258	84	88	36	52	505	271	234	57188	19646	37542
21	386	3050	0	0	0	SUB-DISTRICT	Jankia 	Urban	0	0	0	0	0	0	0	0	0	0	0	0	0	0	0	0	0	0	0	0	0	0	0	0	0	0	0	0	0	0	0	0	0	0	0	0	0	0	0	0	0	0	0	0	0	0	0	0	0	0	0	0	0	0	0	0	0	0	0	0	0	0	0	0	0	0	0	0	0	0	0	0	0	0	0	0	0	0	0	0	0	0	0	0	0
21	386	3050	407854	0	0	VILLAGE	Akhupadar	Rural	42	211	103	108	31	16	15	49	23	26	0	0	0	144	82	62	67	21	46	76	63	13	42	36	6	6	6	0	20	17	3	5	5	0	11	8	3	34	27	7	1	1	0	21	19	2	8	3	5	4	4	0	34	27	7	1	1	0	21	19	2	8	3	5	4	4	0	0	0	0	0	0	0	0	0	0	0	0	0	0	0	0	135	40	95
21	386	3050	407855	0	0	VILLAGE	Manikpurpatna	Rural	183	843	445	398	81	44	37	294	160	134	76	29	47	686	392	294	157	53	104	230	224	6	230	224	6	30	29	1	159	159	0	1	1	0	40	35	5	0	0	0	0	0	0	0	0	0	0	0	0	0	0	0	0	0	0	0	0	0	0	0	0	0	0	0	0	0	0	0	0	0	0	0	0	0	0	0	0	0	0	0	0	0	613	221	392
21	386	3050	407856	0	0	VILLAGE	Gaudapatna	Rural	140	675	349	326	71	36	35	21	10	11	192	101	91	501	290	211	174	59	115	261	197	64	187	176	11	31	29	2	105	100	5	11	11	0	40	36	4	74	21	53	0	0	0	67	18	49	0	0	0	7	3	4	74	21	53	0	0	0	67	18	49	0	0	0	7	3	4	0	0	0	0	0	0	0	0	0	0	0	0	0	0	0	414	152	262
21	386	3050	407857	0	0	VILLAGE	Khuntabandha	Rural	39	188	96	92	16	6	10	22	11	11	0	0	0	142	80	62	46	16	30	72	67	5	63	59	4	14	14	0	16	15	1	0	0	0	33	30	3	9	8	1	0	0	0	5	5	0	0	0	0	4	3	1	9	8	1	0	0	0	5	5	0	0	0	0	4	3	1	0	0	0	0	0	0	0	0	0	0	0	0	0	0	0	116	29	87
21	386	3050	407858	0	0	VILLAGE	Dobha	Rural	79	370	196	174	37	23	14	110	59	51	108	58	50	294	164	130	76	32	44	130	103	27	130	103	27	26	26	0	93	68	25	3	3	0	8	6	2	0	0	0	0	0	0	0	0	0	0	0	0	0	0	0	0	0	0	0	0	0	0	0	0	0	0	0	0	0	0	0	0	0	0	0	0	0	0	0	0	0	0	0	0	0	240	93	147
21	386	3050	407859	0	0	VILLAGE	Botalama	Rural	123	577	302	275	62	29	33	163	88	75	0	0	0	449	257	192	128	45	83	201	188	13	167	155	12	63	54	9	78	76	2	0	0	0	26	25	1	34	33	1	8	8	0	25	24	1	0	0	0	1	1	0	34	33	1	8	8	0	25	24	1	0	0	0	1	1	0	0	0	0	0	0	0	0	0	0	0	0	0	0	0	0	376	114	262
21	386	3050	407860	0	0	VILLAGE	Jalbhar	Rural	159	756	406	350	68	35	33	0	0	0	0	0	0	601	350	251	155	56	99	300	256	44	207	198	9	108	105	3	62	60	2	1	1	0	36	32	4	93	58	35	18	15	3	62	42	20	0	0	0	13	1	12	92	57	35	18	15	3	61	41	20	0	0	0	13	1	12	1	1	0	0	0	0	1	1	0	0	0	0	0	0	0	456	150	306
21	386	3050	407861	0	0	VILLAGE	Godikilo	Rural	108	546	272	274	70	43	27	23	13	10	128	61	67	366	208	158	180	64	116	186	144	42	166	135	31	36	36	0	48	44	4	8	2	6	74	53	21	20	9	11	2	1	1	10	5	5	2	0	2	6	3	3	18	9	9	2	1	1	9	5	4	1	0	1	6	3	3	2	0	2	0	0	0	1	0	1	1	0	1	0	0	0	360	128	232
21	386	3050	407862	0	0	VILLAGE	Radhamohanpur	Rural	161	803	408	395	103	53	50	99	51	48	120	59	61	620	339	281	183	69	114	242	203	39	166	137	29	18	18	0	24	21	3	4	3	1	120	95	25	76	66	10	1	1	0	43	36	7	4	4	0	28	25	3	75	66	9	1	1	0	42	36	6	4	4	0	28	25	3	1	0	1	0	0	0	1	0	1	0	0	0	0	0	0	561	205	356
21	386	3050	407863	0	0	VILLAGE	Raimulpatna	Rural	64	314	165	149	37	24	13	0	0	0	0	0	0	183	103	80	131	62	69	107	73	34	36	32	4	20	20	0	3	3	0	8	4	4	5	5	0	71	41	30	1	1	0	19	18	1	34	6	28	17	16	1	52	32	20	1	1	0	17	16	1	23	5	18	11	10	1	19	9	10	0	0	0	2	2	0	11	1	10	6	6	0	207	92	115
21	386	3050	407864	0	0	VILLAGE	Raimul 	Rural	84	368	187	181	45	21	24	34	21	13	39	21	18	249	142	107	119	45	74	116	98	18	46	44	2	22	22	0	6	6	0	0	0	0	18	16	2	70	54	16	7	6	1	13	13	0	18	4	14	32	31	1	63	50	13	7	6	1	11	11	0	15	4	11	30	29	1	7	4	3	0	0	0	2	2	0	3	0	3	2	2	0	252	89	163
21	386	3050	407865	0	0	VILLAGE	Indipur	Rural	99	539	288	251	54	37	17	0	0	0	1	1	0	431	230	201	108	58	50	174	157	17	133	117	16	44	43	1	14	14	0	2	2	0	73	58	15	41	40	1	2	2	0	33	33	0	5	5	0	1	0	1	39	39	0	2	2	0	32	32	0	5	5	0	0	0	0	2	1	1	0	0	0	1	1	0	0	0	0	1	0	1	365	131	234
21	386	3050	407866	0	0	VILLAGE	Goudiapada	Rural	77	345	182	163	34	15	19	5	3	2	0	0	0	264	152	112	81	30	51	132	111	21	126	108	18	26	26	0	34	34	0	16	6	10	50	42	8	6	3	3	0	0	0	0	0	0	2	0	2	4	3	1	6	3	3	0	0	0	0	0	0	2	0	2	4	3	1	0	0	0	0	0	0	0	0	0	0	0	0	0	0	0	213	71	142
21	386	3050	407867	0	0	VILLAGE	Lakhapada	Rural	119	579	292	287	57	22	35	0	0	0	0	0	0	438	242	196	141	50	91	229	179	50	209	165	44	69	69	0	17	17	0	32	6	26	91	73	18	20	14	6	3	3	0	11	11	0	6	0	6	0	0	0	19	13	6	2	2	0	11	11	0	6	0	6	0	0	0	1	1	0	1	1	0	0	0	0	0	0	0	0	0	0	350	113	237
21	386	3050	407868	0	0	VILLAGE	Chhima	Rural	164	708	363	345	66	34	32	9	3	6	0	0	0	589	314	275	119	49	70	251	218	33	136	121	15	34	34	0	18	18	0	5	2	3	79	67	12	115	97	18	24	24	0	45	45	0	13	1	12	33	27	6	84	75	9	21	21	0	33	33	0	5	1	4	25	20	5	31	22	9	3	3	0	12	12	0	8	0	8	8	7	1	457	145	312
21	386	3050	407869	0	0	VILLAGE	Sagadbhanga	Rural	221	1055	539	516	107	63	44	48	27	21	306	149	157	728	407	321	327	132	195	379	279	100	335	256	79	97	97	0	92	62	30	17	10	7	129	87	42	44	23	21	8	7	1	18	12	6	5	1	4	13	3	10	42	23	19	8	7	1	18	12	6	5	1	4	11	3	8	2	0	2	0	0	0	0	0	0	0	0	0	2	0	2	676	260	416
21	386	3050	407870	0	0	VILLAGE	Nandapurpatna	Rural	35	168	80	88	22	11	11	7	3	4	0	0	0	134	67	67	34	13	21	46	39	7	24	17	7	1	1	0	4	4	0	0	0	0	19	12	7	22	22	0	1	1	0	21	21	0	0	0	0	0	0	0	22	22	0	1	1	0	21	21	0	0	0	0	0	0	0	0	0	0	0	0	0	0	0	0	0	0	0	0	0	0	122	41	81
21	386	3050	407871	0	0	VILLAGE	Manpurpatna	Rural	57	246	133	113	30	19	11	0	0	0	0	0	0	189	106	83	57	27	30	84	80	4	78	74	4	16	16	0	28	28	0	0	0	0	34	30	4	6	6	0	1	1	0	3	3	0	0	0	0	2	2	0	6	6	0	1	1	0	3	3	0	0	0	0	2	2	0	0	0	0	0	0	0	0	0	0	0	0	0	0	0	0	162	53	109
21	386	3050	407872	0	0	VILLAGE	Betarjanga	Rural	92	450	227	223	55	29	26	0	0	0	96	49	47	316	171	145	134	56	78	168	137	31	168	137	31	52	48	4	40	26	14	3	1	2	73	62	11	0	0	0	0	0	0	0	0	0	0	0	0	0	0	0	0	0	0	0	0	0	0	0	0	0	0	0	0	0	0	0	0	0	0	0	0	0	0	0	0	0	0	0	0	0	282	90	192
21	386	3050	407873	0	0	VILLAGE	Khadipadar	Rural	126	639	320	319	76	41	35	0	0	0	0	0	0	485	257	228	154	63	91	190	183	7	190	183	7	98	98	0	11	11	0	0	0	0	81	74	7	0	0	0	0	0	0	0	0	0	0	0	0	0	0	0	0	0	0	0	0	0	0	0	0	0	0	0	0	0	0	0	0	0	0	0	0	0	0	0	0	0	0	0	0	0	449	137	312
21	386	3050	407874	0	0	VILLAGE	Siko	Rural	460	2404	1175	1229	267	137	130	340	157	183	4	2	2	1815	956	859	589	219	370	835	645	190	649	517	132	103	102	1	145	142	3	26	12	14	375	261	114	186	128	58	19	19	0	102	97	5	21	4	17	44	8	36	168	122	46	19	19	0	95	91	4	18	4	14	36	8	28	18	6	12	0	0	0	7	6	1	3	0	3	8	0	8	1569	530	1039
21	386	3050	407875	0	0	VILLAGE	Belapada	Rural	170	914	463	451	101	46	55	38	20	18	0	0	0	712	379	333	202	84	118	290	263	27	229	221	8	110	109	1	14	14	0	1	1	0	104	97	7	61	42	19	14	14	0	12	12	0	1	1	0	34	15	19	52	34	18	9	9	0	11	11	0	0	0	0	32	14	18	9	8	1	5	5	0	1	1	0	1	1	0	2	1	1	624	200	424
21	386	3050	407876	0	0	VILLAGE	Naragoda	Rural	75	392	211	181	41	24	17	0	0	0	0	0	0	338	183	155	54	28	26	131	125	6	131	125	6	36	35	1	5	5	0	1	1	0	89	84	5	0	0	0	0	0	0	0	0	0	0	0	0	0	0	0	0	0	0	0	0	0	0	0	0	0	0	0	0	0	0	0	0	0	0	0	0	0	0	0	0	0	0	0	0	0	261	86	175
21	386	3050	407877	0	0	VILLAGE	Nidhipur	Rural	281	1503	766	737	183	98	85	49	27	22	245	126	119	1082	583	499	421	183	238	455	406	49	232	221	11	63	63	0	100	100	0	2	0	2	67	58	9	223	185	38	85	81	4	88	67	21	3	1	2	47	36	11	222	184	38	85	81	4	87	66	21	3	1	2	47	36	11	1	1	0	0	0	0	1	1	0	0	0	0	0	0	0	1048	360	688
21	386	3050	407878	0	0	VILLAGE	Kalarajhar	Rural	244	1139	598	541	115	61	54	118	64	54	55	28	27	890	517	373	249	81	168	386	352	34	287	276	11	104	103	1	44	43	1	22	22	0	117	108	9	99	76	23	16	14	2	61	44	17	13	11	2	9	7	2	90	69	21	16	14	2	58	42	16	9	7	2	7	6	1	9	7	2	0	0	0	3	2	1	4	4	0	2	1	1	753	246	507
21	386	3050	407879	0	0	VILLAGE	Aranga	Rural	292	1319	689	630	156	80	76	86	48	38	316	156	160	961	547	414	358	142	216	517	388	129	297	242	55	28	28	0	32	31	1	26	26	0	211	157	54	220	146	74	21	20	1	34	31	3	14	13	1	151	82	69	179	116	63	17	16	1	21	19	2	13	12	1	128	69	59	41	30	11	4	4	0	13	12	1	1	1	0	23	13	10	802	301	501
21	386	3050	407880	0	0	VILLAGE	Nimeipur	Rural	311	1520	772	748	188	87	101	137	76	61	97	52	45	1129	628	501	391	144	247	436	392	44	137	123	14	28	27	1	12	11	1	12	11	1	85	74	11	299	269	30	14	13	1	182	176	6	25	18	7	78	62	16	255	240	15	13	12	1	162	159	3	20	15	5	60	54	6	44	29	15	1	1	0	20	17	3	5	3	2	18	8	10	1084	380	704
21	386	3050	407881	0	0	VILLAGE	Krushnanagar	Rural	41	194	91	103	24	11	13	34	14	20	0	0	0	150	76	74	44	15	29	53	51	2	5	5	0	3	3	0	0	0	0	0	0	0	2	2	0	48	46	2	1	1	0	33	33	0	5	5	0	9	7	2	43	42	1	1	1	0	32	32	0	5	5	0	5	4	1	5	4	1	0	0	0	1	1	0	0	0	0	4	3	1	141	40	101
21	386	3050	407882	0	0	VILLAGE	Purusotampur	Rural	67	325	165	160	36	18	18	72	43	29	0	0	0	270	144	126	55	21	34	84	77	7	63	56	7	4	4	0	6	6	0	7	7	0	46	39	7	21	21	0	1	1	0	6	6	0	0	0	0	14	14	0	18	18	0	0	0	0	5	5	0	0	0	0	13	13	0	3	3	0	1	1	0	1	1	0	0	0	0	1	1	0	241	88	153
21	386	3050	407883	0	0	VILLAGE	Bimalaprasadpatana	Rural	44	235	130	105	21	15	6	29	16	13	0	0	0	192	112	80	43	18	25	93	69	24	61	58	3	9	9	0	25	24	1	20	18	2	7	7	0	32	11	21	1	1	0	3	2	1	1	1	0	27	7	20	32	11	21	1	1	0	3	2	1	1	1	0	27	7	20	0	0	0	0	0	0	0	0	0	0	0	0	0	0	0	142	61	81
21	386	3050	407884	0	0	VILLAGE	Kamalaprasadpatana	Rural	90	468	238	230	42	17	25	0	0	0	0	0	0	384	215	169	84	23	61	230	142	88	127	123	4	17	17	0	16	16	0	67	66	1	27	24	3	103	19	84	1	0	1	0	0	0	1	0	1	101	19	82	103	19	84	1	0	1	0	0	0	1	0	1	101	19	82	0	0	0	0	0	0	0	0	0	0	0	0	0	0	0	238	96	142
21	386	3050	407885	0	0	VILLAGE	Jagannathprasadpatana	Rural	67	333	167	166	32	14	18	85	41	44	0	0	0	287	149	138	46	18	28	108	99	9	87	80	7	11	11	0	14	14	0	4	4	0	58	51	7	21	19	2	3	3	0	6	5	1	0	0	0	12	11	1	18	16	2	3	3	0	5	4	1	0	0	0	10	9	1	3	3	0	0	0	0	1	1	0	0	0	0	2	2	0	225	68	157
21	386	3050	407886	0	0	VILLAGE	Olasingha	Rural	413	1872	965	907	195	107	88	150	79	71	142	70	72	1323	746	577	549	219	330	702	524	178	343	325	18	36	34	2	156	148	8	59	57	2	92	86	6	359	199	160	18	13	5	102	83	19	29	5	24	210	98	112	329	184	145	17	12	5	95	79	16	20	4	16	197	89	108	30	15	15	1	1	0	7	4	3	9	1	8	13	9	4	1170	441	729
21	386	3050	407887	0	0	VILLAGE	Nayakot	Rural	26	143	81	62	22	15	7	0	0	0	0	0	0	85	50	35	58	31	27	45	39	6	41	36	5	10	9	1	27	23	4	0	0	0	4	4	0	4	3	1	0	0	0	2	2	0	0	0	0	2	1	1	4	3	1	0	0	0	2	2	0	0	0	0	2	1	1	0	0	0	0	0	0	0	0	0	0	0	0	0	0	0	98	42	56
21	386	3050	407888	0	0	VILLAGE	Gayabandha	Rural	226	1182	608	574	127	72	55	30	13	17	0	0	0	875	486	389	307	122	185	352	343	9	352	343	9	111	110	1	38	38	0	0	0	0	203	195	8	0	0	0	0	0	0	0	0	0	0	0	0	0	0	0	0	0	0	0	0	0	0	0	0	0	0	0	0	0	0	0	0	0	0	0	0	0	0	0	0	0	0	0	0	0	830	265	565
21	386	3050	407889	0	0	VILLAGE	Kuanrakalipatana	Rural	100	576	298	278	61	31	30	36	20	16	0	0	0	443	248	195	133	50	83	174	157	17	167	152	15	77	70	7	40	39	1	1	1	0	49	42	7	7	5	2	2	0	2	5	5	0	0	0	0	0	0	0	7	5	2	2	0	2	5	5	0	0	0	0	0	0	0	0	0	0	0	0	0	0	0	0	0	0	0	0	0	0	402	141	261
21	386	3050	407890	0	0	VILLAGE	Damanbhuin	Rural	414	2324	1174	1150	273	140	133	37	19	18	208	93	115	1639	867	772	685	307	378	691	622	69	577	545	32	241	237	4	131	123	8	36	34	2	169	151	18	114	77	37	4	4	0	11	11	0	10	7	3	89	55	34	110	74	36	4	4	0	10	10	0	10	7	3	86	53	33	4	3	1	0	0	0	1	1	0	0	0	0	3	2	1	1633	552	1081
21	386	3050	407891	0	0	VILLAGE	Lahanga	Rural	209	1173	602	571	143	76	67	86	49	37	0	0	0	795	449	346	378	153	225	322	307	15	305	292	13	47	45	2	163	161	2	28	24	4	67	62	5	17	15	2	3	2	1	9	9	0	0	0	0	5	4	1	14	13	1	2	2	0	7	7	0	0	0	0	5	4	1	3	2	1	1	0	1	2	2	0	0	0	0	0	0	0	851	295	556
21	386	3050	407892	0	0	VILLAGE	Khajuria	Rural	36	196	97	99	36	20	16	1	1	0	0	0	0	144	75	69	52	22	30	52	49	3	52	49	3	23	22	1	0	0	0	3	3	0	26	24	2	0	0	0	0	0	0	0	0	0	0	0	0	0	0	0	0	0	0	0	0	0	0	0	0	0	0	0	0	0	0	0	0	0	0	0	0	0	0	0	0	0	0	0	0	0	144	48	96
21	386	3050	407893	0	0	VILLAGE	Godipada	Rural	146	752	378	374	99	56	43	83	40	43	0	0	0	557	299	258	195	79	116	208	191	17	169	163	6	50	50	0	1	1	0	2	2	0	116	110	6	39	28	11	3	2	1	6	6	0	2	1	1	28	19	9	28	21	7	3	2	1	5	5	0	2	1	1	18	13	5	11	7	4	0	0	0	1	1	0	0	0	0	10	6	4	544	187	357
21	386	3050	407894	0	0	VILLAGE	Kanpur	Rural	888	4624	2330	2294	533	293	240	953	471	482	11	7	4	3121	1690	1431	1503	640	863	1351	1205	146	1044	950	94	184	179	5	105	102	3	88	80	8	667	589	78	307	255	52	83	80	3	39	37	2	18	13	5	167	125	42	285	239	46	83	80	3	38	36	2	12	8	4	152	115	37	22	16	6	0	0	0	1	1	0	6	5	1	15	10	5	3273	1125	2148
21	386	3050	407895	0	0	VILLAGE	Champajhar	Rural	248	1245	643	602	137	82	55	24	15	9	0	0	0	916	503	413	329	140	189	357	344	13	295	284	11	78	78	0	119	116	3	34	33	1	64	57	7	62	60	2	7	6	1	17	17	0	16	16	0	22	21	1	47	45	2	7	6	1	13	13	0	14	14	0	13	12	1	15	15	0	0	0	0	4	4	0	2	2	0	9	9	0	888	299	589
21	386	3050	407896	0	0	VILLAGE	Panichhatra	Rural	185	907	454	453	93	47	46	55	29	26	0	0	0	643	347	296	264	107	157	294	259	35	263	232	31	69	66	3	23	20	3	5	5	0	166	141	25	31	27	4	5	5	0	1	1	0	1	1	0	24	20	4	28	24	4	5	5	0	1	1	0	1	1	0	21	17	4	3	3	0	0	0	0	0	0	0	0	0	0	3	3	0	613	195	418
21	386	3050	407897	0	0	VILLAGE	Naranagarh	Rural	586	2650	1346	1304	257	132	125	630	316	314	39	20	19	1814	1001	813	836	345	491	803	693	110	600	539	61	134	131	3	17	16	1	14	14	0	435	378	57	203	154	49	6	4	2	114	76	38	2	1	1	81	73	8	158	138	20	6	4	2	73	64	9	2	1	1	77	69	8	45	16	29	0	0	0	41	12	29	0	0	0	4	4	0	1847	653	1194
21	386	3050	407898	0	0	VILLAGE	Bhagabanpur	Rural	0	0	0	0	0	0	0	0	0	0	0	0	0	0	0	0	0	0	0	0	0	0	0	0	0	0	0	0	0	0	0	0	0	0	0	0	0	0	0	0	0	0	0	0	0	0	0	0	0	0	0	0	0	0	0	0	0	0	0	0	0	0	0	0	0	0	0	0	0	0	0	0	0	0	0	0	0	0	0	0	0	0	0	0	0
21	386	3050	407899	0	0	VILLAGE	Kanchilo	Rural	63	336	173	163	28	14	14	71	35	36	0	0	0	289	155	134	47	18	29	105	104	1	103	102	1	28	28	0	3	3	0	0	0	0	72	71	1	2	2	0	1	1	0	0	0	0	0	0	0	1	1	0	1	1	0	0	0	0	0	0	0	0	0	0	1	1	0	1	1	0	1	1	0	0	0	0	0	0	0	0	0	0	231	69	162
21	386	3050	407900	0	0	VILLAGE	Mota	Rural	441	2086	1084	1002	216	122	94	17	7	10	220	110	110	1556	877	679	530	207	323	627	557	70	451	387	64	96	94	2	105	103	2	16	16	0	234	174	60	176	170	6	3	3	0	108	107	1	8	8	0	57	52	5	148	144	4	3	3	0	88	87	1	8	8	0	49	46	3	28	26	2	0	0	0	20	20	0	0	0	0	8	6	2	1459	527	932
21	386	3050	407901	0	0	VILLAGE	Kalibati	Rural	5	12	7	5	1	1	0	2	1	1	0	0	0	11	6	5	1	1	0	5	5	0	5	5	0	0	0	0	0	0	0	1	1	0	4	4	0	0	0	0	0	0	0	0	0	0	0	0	0	0	0	0	0	0	0	0	0	0	0	0	0	0	0	0	0	0	0	0	0	0	0	0	0	0	0	0	0	0	0	0	0	0	7	2	5
21	386	3050	407902	0	0	VILLAGE	Mundaamba	Rural	448	2232	1122	1110	245	122	123	33	19	14	283	146	137	1808	960	848	424	162	262	864	603	261	575	524	51	123	117	6	121	119	2	36	35	1	295	253	42	289	79	210	1	1	0	24	22	2	3	3	0	261	53	208	278	74	204	1	1	0	21	19	2	3	3	0	253	51	202	11	5	6	0	0	0	3	3	0	0	0	0	8	2	6	1368	519	849
21	386	3050	407903	0	0	VILLAGE	Jankia	Rural	269	1266	644	622	174	84	90	22	12	10	201	97	104	871	476	395	395	168	227	396	323	73	392	321	71	94	91	3	41	40	1	1	1	0	256	189	67	4	2	2	0	0	0	0	0	0	0	0	0	4	2	2	3	1	2	0	0	0	0	0	0	0	0	0	3	1	2	1	1	0	0	0	0	0	0	0	0	0	0	1	1	0	870	321	549
21	386	3050	407904	0	0	VILLAGE	Ambhabil	Rural	350	1822	917	905	222	104	118	7	4	3	0	0	0	1308	718	590	514	199	315	585	523	62	501	465	36	279	274	5	63	60	3	25	11	14	134	120	14	84	58	26	4	2	2	18	18	0	12	2	10	50	36	14	72	51	21	3	1	2	17	17	0	8	2	6	44	31	13	12	7	5	1	1	0	1	1	0	4	0	4	6	5	1	1237	394	843
21	386	3050	407905	0	0	VILLAGE	Hanumantapur	Rural	0	0	0	0	0	0	0	0	0	0	0	0	0	0	0	0	0	0	0	0	0	0	0	0	0	0	0	0	0	0	0	0	0	0	0	0	0	0	0	0	0	0	0	0	0	0	0	0	0	0	0	0	0	0	0	0	0	0	0	0	0	0	0	0	0	0	0	0	0	0	0	0	0	0	0	0	0	0	0	0	0	0	0	0	0
21	386	3050	407906	0	0	VILLAGE	Asurdhipa	Rural	0	0	0	0	0	0	0	0	0	0	0	0	0	0	0	0	0	0	0	0	0	0	0	0	0	0	0	0	0	0	0	0	0	0	0	0	0	0	0	0	0	0	0	0	0	0	0	0	0	0	0	0	0	0	0	0	0	0	0	0	0	0	0	0	0	0	0	0	0	0	0	0	0	0	0	0	0	0	0	0	0	0	0	0	0
21	386	3050	407907	0	0	VILLAGE	Routarapur	Rural	206	967	495	472	125	62	63	391	209	182	0	0	0	676	373	303	291	122	169	284	264	20	178	167	11	2	1	1	7	7	0	24	24	0	145	135	10	106	97	9	2	1	1	8	8	0	4	4	0	92	84	8	94	86	8	2	1	1	7	7	0	3	3	0	82	75	7	12	11	1	0	0	0	1	1	0	1	1	0	10	9	1	683	231	452
21	386	3050	407908	0	0	VILLAGE	Chhanagiri	Rural	309	1637	832	805	178	95	83	65	32	33	0	0	0	1263	685	578	374	147	227	503	466	37	354	332	22	30	29	1	48	48	0	24	17	7	252	238	14	149	134	15	16	13	3	48	48	0	20	14	6	65	59	6	145	130	15	15	12	3	46	46	0	20	14	6	64	58	6	4	4	0	1	1	0	2	2	0	0	0	0	1	1	0	1134	366	768
21	386	3050	407909	0	0	VILLAGE	Haj	Rural	489	2396	1240	1156	232	122	110	198	100	98	22	15	7	1801	1018	783	595	222	373	1062	725	337	443	414	29	107	106	1	47	46	1	56	53	3	233	209	24	619	311	308	61	41	20	474	220	254	39	27	12	45	23	22	561	290	271	43	36	7	441	209	232	38	26	12	39	19	20	58	21	37	18	5	13	33	11	22	1	1	0	6	4	2	1334	515	819
21	386	3050	407910	0	0	VILLAGE	Mardarajpur	Rural	0	0	0	0	0	0	0	0	0	0	0	0	0	0	0	0	0	0	0	0	0	0	0	0	0	0	0	0	0	0	0	0	0	0	0	0	0	0	0	0	0	0	0	0	0	0	0	0	0	0	0	0	0	0	0	0	0	0	0	0	0	0	0	0	0	0	0	0	0	0	0	0	0	0	0	0	0	0	0	0	0	0	0	0	0
21	386	3050	407911	0	0	VILLAGE	Tankol	Rural	348	1676	834	842	200	92	108	178	84	94	102	48	54	1226	661	565	450	173	277	543	474	69	193	186	7	78	77	1	12	12	0	15	15	0	88	82	6	350	288	62	30	27	3	183	171	12	12	11	1	125	79	46	299	251	48	28	25	3	166	154	12	9	9	0	96	63	33	51	37	14	2	2	0	17	17	0	3	2	1	29	16	13	1133	360	773
21	386	3050	407912	0	0	VILLAGE	Ekadalia	Rural	206	1083	551	532	111	53	58	36	21	15	0	0	0	820	458	362	263	93	170	322	296	26	220	202	18	81	80	1	12	12	0	0	0	0	127	110	17	102	94	8	8	8	0	68	67	1	0	0	0	26	19	7	95	89	6	5	5	0	66	66	0	0	0	0	24	18	6	7	5	2	3	3	0	2	1	1	0	0	0	2	1	1	761	255	506
21	386	3050	407913	0	0	VILLAGE	Chandrasekharpur	Rural	245	1234	637	597	134	63	71	0	0	0	0	0	0	896	495	401	338	142	196	404	367	37	359	328	31	50	49	1	66	66	0	6	4	2	237	209	28	45	39	6	1	1	0	13	13	0	0	0	0	31	25	6	43	37	6	1	1	0	13	13	0	0	0	0	29	23	6	2	2	0	0	0	0	0	0	0	0	0	0	2	2	0	830	270	560
21	386	3050	407914	0	0	VILLAGE	Borigaon	Rural	124	648	355	293	70	44	26	14	7	7	0	0	0	487	288	199	161	67	94	195	190	5	47	44	3	0	0	0	5	5	0	2	2	0	40	37	3	148	146	2	1	1	0	145	145	0	1	0	1	1	0	1	148	146	2	1	1	0	145	145	0	1	0	1	1	0	1	0	0	0	0	0	0	0	0	0	0	0	0	0	0	0	453	165	288
21	386	3050	407915	0	0	VILLAGE	Sahadaghai	Rural	0	0	0	0	0	0	0	0	0	0	0	0	0	0	0	0	0	0	0	0	0	0	0	0	0	0	0	0	0	0	0	0	0	0	0	0	0	0	0	0	0	0	0	0	0	0	0	0	0	0	0	0	0	0	0	0	0	0	0	0	0	0	0	0	0	0	0	0	0	0	0	0	0	0	0	0	0	0	0	0	0	0	0	0	0
21	386	3050	407916	0	0	VILLAGE	Gobara	Rural	4	25	14	11	4	2	2	0	0	0	0	0	0	18	11	7	7	3	4	7	6	1	6	5	1	1	1	0	2	1	1	1	1	0	2	2	0	1	1	0	0	0	0	1	1	0	0	0	0	0	0	0	1	1	0	0	0	0	1	1	0	0	0	0	0	0	0	0	0	0	0	0	0	0	0	0	0	0	0	0	0	0	18	8	10
21	386	3050	407917	0	0	VILLAGE	Paschimadwarpatana	Rural	202	930	486	444	94	46	48	0	0	0	0	0	0	654	368	286	276	118	158	284	276	8	251	248	3	21	21	0	128	128	0	10	10	0	92	89	3	33	28	5	2	1	1	18	17	1	0	0	0	13	10	3	28	24	4	2	1	1	15	14	1	0	0	0	11	9	2	5	4	1	0	0	0	3	3	0	0	0	0	2	1	1	646	210	436
21	386	3050	407918	0	0	VILLAGE	Sadasibapurpatana	Rural	114	570	297	273	66	40	26	16	7	9	0	0	0	399	218	181	171	79	92	176	171	5	170	165	5	62	61	1	41	41	0	0	0	0	67	63	4	6	6	0	3	3	0	0	0	0	0	0	0	3	3	0	3	3	0	2	2	0	0	0	0	0	0	0	1	1	0	3	3	0	1	1	0	0	0	0	0	0	0	2	2	0	394	126	268
21	386	3050	407919	0	0	VILLAGE	Debarchan	Rural	168	801	414	387	77	35	42	4	2	2	0	0	0	642	359	283	159	55	104	263	241	22	211	205	6	69	69	0	49	48	1	14	14	0	79	74	5	52	36	16	1	0	1	5	4	1	10	10	0	36	22	14	50	34	16	1	0	1	4	3	1	10	10	0	35	21	14	2	2	0	0	0	0	1	1	0	0	0	0	1	1	0	538	173	365
21	386	3050	407920	0	0	VILLAGE	Nuapatna	Rural	50	207	108	99	20	11	9	10	4	6	0	0	0	158	89	69	49	19	30	55	52	3	23	21	2	1	1	0	1	1	0	4	3	1	17	16	1	32	31	1	8	8	0	10	10	0	2	2	0	12	11	1	12	12	0	4	4	0	3	3	0	0	0	0	5	5	0	20	19	1	4	4	0	7	7	0	2	2	0	7	6	1	152	56	96
21	386	3050	407921	0	0	VILLAGE	Gobindaprasad	Rural	154	597	309	288	49	31	18	242	126	116	265	135	130	468	247	221	129	62	67	438	225	213	153	136	17	5	4	1	77	69	8	10	7	3	61	56	5	285	89	196	5	2	3	25	6	19	15	6	9	240	75	165	144	47	97	1	1	0	10	2	8	6	1	5	127	43	84	141	42	99	4	1	3	15	4	11	9	5	4	113	32	81	159	84	75
21	386	3050	407922	0	0	VILLAGE	Buxipatana	Rural	51	246	125	121	30	21	9	47	22	25	0	0	0	198	101	97	48	24	24	74	72	2	59	58	1	28	28	0	8	8	0	9	9	0	14	13	1	15	14	1	0	0	0	6	6	0	4	4	0	5	4	1	13	12	1	0	0	0	5	5	0	3	3	0	5	4	1	2	2	0	0	0	0	1	1	0	1	1	0	0	0	0	172	53	119
21	386	3050	407923	0	0	VILLAGE	Achutapurpatana	Rural	98	484	244	240	48	24	24	64	35	29	0	0	0	312	179	133	172	65	107	112	106	6	11	8	3	0	0	0	0	0	0	1	1	0	10	7	3	101	98	3	9	9	0	45	45	0	8	8	0	39	36	3	27	25	2	4	4	0	5	5	0	5	5	0	13	11	2	74	73	1	5	5	0	40	40	0	3	3	0	26	25	1	372	138	234
21	386	3050	407924	0	0	VILLAGE	Hemantapur	Rural	82	401	215	186	62	41	21	58	31	27	0	0	0	289	156	133	112	59	53	137	122	15	61	56	5	12	12	0	6	6	0	10	10	0	33	28	5	76	66	10	14	12	2	9	9	0	12	11	1	41	34	7	69	63	6	12	11	1	8	8	0	10	10	0	39	34	5	7	3	4	2	1	1	1	1	0	2	1	1	2	0	2	264	93	171
21	386	3050	407925	0	0	VILLAGE	Barapatana	Rural	30	130	68	62	9	7	2	94	49	45	0	0	0	109	59	50	21	9	12	43	37	6	10	9	1	0	0	0	0	0	0	0	0	0	10	9	1	33	28	5	6	6	0	7	7	0	0	0	0	20	15	5	32	27	5	5	5	0	7	7	0	0	0	0	20	15	5	1	1	0	1	1	0	0	0	0	0	0	0	0	0	0	87	31	56
21	386	3050	407926	0	0	VILLAGE	Mangarajpurpatana	Rural	74	328	174	154	31	15	16	29	13	16	0	0	0	272	156	116	56	18	38	97	89	8	83	76	7	33	33	0	16	16	0	6	6	0	28	21	7	14	13	1	0	0	0	4	4	0	6	5	1	4	4	0	13	12	1	0	0	0	3	3	0	6	5	1	4	4	0	1	1	0	0	0	0	1	1	0	0	0	0	0	0	0	231	85	146
21	386	3050	407927	0	0	VILLAGE	Madhusudanpur	Rural	0	0	0	0	0	0	0	0	0	0	0	0	0	0	0	0	0	0	0	0	0	0	0	0	0	0	0	0	0	0	0	0	0	0	0	0	0	0	0	0	0	0	0	0	0	0	0	0	0	0	0	0	0	0	0	0	0	0	0	0	0	0	0	0	0	0	0	0	0	0	0	0	0	0	0	0	0	0	0	0	0	0	0	0	0
21	386	3050	407928	0	0	VILLAGE	Achutapur	Rural	0	0	0	0	0	0	0	0	0	0	0	0	0	0	0	0	0	0	0	0	0	0	0	0	0	0	0	0	0	0	0	0	0	0	0	0	0	0	0	0	0	0	0	0	0	0	0	0	0	0	0	0	0	0	0	0	0	0	0	0	0	0	0	0	0	0	0	0	0	0	0	0	0	0	0	0	0	0	0	0	0	0	0	0	0
21	386	3050	407929	0	0	VILLAGE	Chandradhadi	Rural	0	0	0	0	0	0	0	0	0	0	0	0	0	0	0	0	0	0	0	0	0	0	0	0	0	0	0	0	0	0	0	0	0	0	0	0	0	0	0	0	0	0	0	0	0	0	0	0	0	0	0	0	0	0	0	0	0	0	0	0	0	0	0	0	0	0	0	0	0	0	0	0	0	0	0	0	0	0	0	0	0	0	0	0	0
21	386	3050	407930	0	0	VILLAGE	Sarapari	Rural	250	1227	611	616	135	68	67	294	138	156	0	0	0	1002	515	487	225	96	129	316	298	18	303	286	17	129	127	2	33	32	1	21	18	3	120	109	11	13	12	1	1	1	0	8	8	0	0	0	0	4	3	1	13	12	1	1	1	0	8	8	0	0	0	0	4	3	1	0	0	0	0	0	0	0	0	0	0	0	0	0	0	0	911	313	598
21	386	3050	407931	0	0	VILLAGE	Haribhaktapur	Rural	259	1314	680	634	168	93	75	17	11	6	0	0	0	1063	563	500	251	117	134	387	378	9	383	374	9	114	113	1	138	136	2	12	12	0	119	113	6	4	4	0	1	1	0	3	3	0	0	0	0	0	0	0	4	4	0	1	1	0	3	3	0	0	0	0	0	0	0	0	0	0	0	0	0	0	0	0	0	0	0	0	0	0	927	302	625
21	386	3050	407932	0	0	VILLAGE	Talabadhi	Rural	8	30	15	15	6	2	4	0	0	0	0	0	0	24	13	11	6	2	4	10	9	1	10	9	1	6	6	0	0	0	0	1	1	0	3	2	1	0	0	0	0	0	0	0	0	0	0	0	0	0	0	0	0	0	0	0	0	0	0	0	0	0	0	0	0	0	0	0	0	0	0	0	0	0	0	0	0	0	0	0	0	0	20	6	14
21	386	3050	407933	0	0	VILLAGE	Bhagabanpur	Rural	17	83	45	38	11	9	2	0	0	0	0	0	0	70	35	35	13	10	3	21	20	1	20	19	1	7	7	0	5	5	0	0	0	0	8	7	1	1	1	0	0	0	0	1	1	0	0	0	0	0	0	0	1	1	0	0	0	0	1	1	0	0	0	0	0	0	0	0	0	0	0	0	0	0	0	0	0	0	0	0	0	0	62	25	37
21	386	3050	407934	0	0	VILLAGE	Bambil	Rural	0	0	0	0	0	0	0	0	0	0	0	0	0	0	0	0	0	0	0	0	0	0	0	0	0	0	0	0	0	0	0	0	0	0	0	0	0	0	0	0	0	0	0	0	0	0	0	0	0	0	0	0	0	0	0	0	0	0	0	0	0	0	0	0	0	0	0	0	0	0	0	0	0	0	0	0	0	0	0	0	0	0	0	0	0
21	386	3050	407935	0	0	VILLAGE	Bagheiput	Rural	108	478	244	234	38	20	18	1	1	0	5	2	3	415	218	197	63	26	37	129	124	5	120	115	5	45	45	0	53	53	0	0	0	0	22	17	5	9	9	0	1	1	0	8	8	0	0	0	0	0	0	0	9	9	0	1	1	0	8	8	0	0	0	0	0	0	0	0	0	0	0	0	0	0	0	0	0	0	0	0	0	0	349	120	229
21	386	3050	407936	0	0	VILLAGE	Kaya	Rural	156	791	391	400	79	40	39	39	19	20	0	0	0	589	320	269	202	71	131	234	208	26	229	204	25	41	39	2	69	69	0	45	32	13	74	64	10	5	4	1	2	2	0	2	2	0	1	0	1	0	0	0	5	4	1	2	2	0	2	2	0	1	0	1	0	0	0	0	0	0	0	0	0	0	0	0	0	0	0	0	0	0	557	183	374
21	386	3050	407937	0	0	VILLAGE	Gunthuni	Rural	320	1697	891	806	176	100	76	83	39	44	0	0	0	1246	694	552	451	197	254	499	457	42	474	437	37	89	87	2	79	77	2	40	33	7	266	240	26	25	20	5	6	6	0	6	6	0	10	6	4	3	2	1	24	19	5	5	5	0	6	6	0	10	6	4	3	2	1	1	1	0	1	1	0	0	0	0	0	0	0	0	0	0	1198	434	764
21	386	3050	407938	0	0	VILLAGE	Chandramapatapursasan	Rural	137	658	325	333	77	38	39	243	115	128	0	0	0	456	239	217	202	86	116	267	198	69	60	50	10	2	2	0	2	1	1	0	0	0	56	47	9	207	148	59	9	8	1	89	82	7	16	3	13	93	55	38	153	111	42	6	5	1	73	68	5	15	3	12	59	35	24	54	37	17	3	3	0	16	14	2	1	0	1	34	20	14	391	127	264
21	386	3050	407939	0	0	VILLAGE	Golabaisasan	Rural	519	2534	1273	1261	262	128	134	575	286	289	0	0	0	1952	1044	908	582	229	353	668	596	72	589	539	50	60	55	5	251	240	11	26	24	2	252	220	32	79	57	22	6	0	6	46	43	3	7	3	4	20	11	9	49	33	16	5	0	5	24	23	1	6	2	4	14	8	6	30	24	6	1	0	1	22	20	2	1	1	0	6	3	3	1866	677	1189
21	386	3050	407940	0	0	VILLAGE	Nirashraya	Rural	0	0	0	0	0	0	0	0	0	0	0	0	0	0	0	0	0	0	0	0	0	0	0	0	0	0	0	0	0	0	0	0	0	0	0	0	0	0	0	0	0	0	0	0	0	0	0	0	0	0	0	0	0	0	0	0	0	0	0	0	0	0	0	0	0	0	0	0	0	0	0	0	0	0	0	0	0	0	0	0	0	0	0	0	0
21	386	3050	407941	0	0	VILLAGE	Bhogapur	Rural	115	656	311	345	80	41	39	0	0	0	0	0	0	482	241	241	174	70	104	182	171	11	162	154	8	38	37	1	0	0	0	1	1	0	123	116	7	20	17	3	1	0	1	0	0	0	0	0	0	19	17	2	19	16	3	1	0	1	0	0	0	0	0	0	18	16	2	1	1	0	0	0	0	0	0	0	0	0	0	1	1	0	474	140	334
21	386	3050	407942	0	0	VILLAGE	Hadapada	Rural	300	1361	694	667	168	88	80	531	274	257	0	0	0	911	505	406	450	189	261	398	364	34	317	301	16	104	100	4	2	2	0	1	1	0	210	198	12	81	63	18	2	1	1	8	2	6	2	0	2	69	60	9	80	63	17	2	1	1	8	2	6	1	0	1	69	60	9	1	0	1	0	0	0	0	0	0	1	0	1	0	0	0	963	330	633
21	386	3050	407943	0	0	VILLAGE	Balapur	Rural	205	1019	531	488	103	57	46	24	14	10	0	0	0	779	429	350	240	102	138	325	309	16	316	301	15	107	104	3	32	31	1	1	0	1	176	166	10	9	8	1	1	1	0	0	0	0	0	0	0	8	7	1	9	8	1	1	1	0	0	0	0	0	0	0	8	7	1	0	0	0	0	0	0	0	0	0	0	0	0	0	0	0	694	222	472
21	386	3050	407944	0	0	VILLAGE	Dhabalapur	Rural	47	243	121	122	29	16	13	0	0	0	0	0	0	193	100	93	50	21	29	67	62	5	64	60	4	30	29	1	0	0	0	0	0	0	34	31	3	3	2	1	1	1	0	0	0	0	0	0	0	2	1	1	3	2	1	1	1	0	0	0	0	0	0	0	2	1	1	0	0	0	0	0	0	0	0	0	0	0	0	0	0	0	176	59	117
21	386	3050	407945	0	0	VILLAGE	Kurumapada	Rural	218	1043	560	483	91	53	38	38	18	20	2	2	0	816	446	370	227	114	113	282	269	13	195	184	11	107	103	4	35	32	3	9	9	0	44	40	4	87	85	2	14	14	0	48	46	2	9	9	0	16	16	0	63	61	2	8	8	0	37	35	2	8	8	0	10	10	0	24	24	0	6	6	0	11	11	0	1	1	0	6	6	0	761	291	470
21	386	3050	407946	0	0	VILLAGE	Medin	Rural	1	7	3	4	0	0	0	0	0	0	0	0	0	7	3	4	0	0	0	1	1	0	1	1	0	0	0	0	0	0	0	0	0	0	1	1	0	0	0	0	0	0	0	0	0	0	0	0	0	0	0	0	0	0	0	0	0	0	0	0	0	0	0	0	0	0	0	0	0	0	0	0	0	0	0	0	0	0	0	0	0	0	6	2	4
21	386	3050	407947	0	0	VILLAGE	Orakula	Rural	0	0	0	0	0	0	0	0	0	0	0	0	0	0	0	0	0	0	0	0	0	0	0	0	0	0	0	0	0	0	0	0	0	0	0	0	0	0	0	0	0	0	0	0	0	0	0	0	0	0	0	0	0	0	0	0	0	0	0	0	0	0	0	0	0	0	0	0	0	0	0	0	0	0	0	0	0	0	0	0	0	0	0	0	0
21	386	3050	407948	0	0	VILLAGE	Hirimula	Rural	37	143	70	73	13	5	8	0	0	0	0	0	0	103	54	49	40	16	24	47	46	1	47	46	1	33	33	0	9	9	0	2	2	0	3	2	1	0	0	0	0	0	0	0	0	0	0	0	0	0	0	0	0	0	0	0	0	0	0	0	0	0	0	0	0	0	0	0	0	0	0	0	0	0	0	0	0	0	0	0	0	0	96	24	72
21	386	3050	407949	0	0	VILLAGE	Orabarasingh	Rural	516	2469	1288	1181	295	154	141	77	42	35	0	0	0	1927	1060	867	542	228	314	890	771	119	733	669	64	568	547	21	19	9	10	2	2	0	144	111	33	157	102	55	9	1	8	91	90	1	6	1	5	51	10	41	145	98	47	8	1	7	90	89	1	4	1	3	43	7	36	12	4	8	1	0	1	1	1	0	2	0	2	8	3	5	1579	517	1062
21	386	3050	407950	0	0	VILLAGE	Dihakhala	Rural	102	441	231	210	45	25	20	0	0	0	0	0	0	334	192	142	107	39	68	152	134	18	136	127	9	18	18	0	61	61	0	20	19	1	37	29	8	16	7	9	3	2	1	2	1	1	5	1	4	6	3	3	16	7	9	3	2	1	2	1	1	5	1	4	6	3	3	0	0	0	0	0	0	0	0	0	0	0	0	0	0	0	289	97	192
21	386	3050	407951	0	0	VILLAGE	Orimi	Rural	120	523	264	259	44	21	23	0	0	0	0	0	0	455	234	221	68	30	38	146	137	9	144	136	8	66	65	1	0	0	0	0	0	0	78	71	7	2	1	1	0	0	0	0	0	0	0	0	0	2	1	1	2	1	1	0	0	0	0	0	0	0	0	0	2	1	1	0	0	0	0	0	0	0	0	0	0	0	0	0	0	0	377	127	250
21	386	3050	407952	0	0	VILLAGE	Durgapur	Rural	34	148	77	71	14	5	9	0	0	0	0	0	0	121	69	52	27	8	19	54	49	5	50	45	5	6	6	0	11	11	0	0	0	0	33	28	5	4	4	0	0	0	0	4	4	0	0	0	0	0	0	0	4	4	0	0	0	0	4	4	0	0	0	0	0	0	0	0	0	0	0	0	0	0	0	0	0	0	0	0	0	0	94	28	66
21	386	3050	407953	0	0	VILLAGE	Ichhabana	Rural	0	0	0	0	0	0	0	0	0	0	0	0	0	0	0	0	0	0	0	0	0	0	0	0	0	0	0	0	0	0	0	0	0	0	0	0	0	0	0	0	0	0	0	0	0	0	0	0	0	0	0	0	0	0	0	0	0	0	0	0	0	0	0	0	0	0	0	0	0	0	0	0	0	0	0	0	0	0	0	0	0	0	0	0	0
21	386	3050	407954	0	0	VILLAGE	Sandhapur	Rural	12	53	30	23	3	2	1	0	0	0	0	0	0	47	26	21	6	4	2	17	17	0	17	17	0	3	3	0	0	0	0	0	0	0	14	14	0	0	0	0	0	0	0	0	0	0	0	0	0	0	0	0	0	0	0	0	0	0	0	0	0	0	0	0	0	0	0	0	0	0	0	0	0	0	0	0	0	0	0	0	0	0	36	13	23
21	386	3050	407955	0	0	VILLAGE	Ichhapur	Rural	41	198	105	93	32	18	14	0	0	0	0	0	0	123	68	55	75	37	38	50	50	0	50	50	0	18	18	0	13	13	0	1	1	0	18	18	0	0	0	0	0	0	0	0	0	0	0	0	0	0	0	0	0	0	0	0	0	0	0	0	0	0	0	0	0	0	0	0	0	0	0	0	0	0	0	0	0	0	0	0	0	0	148	55	93
21	386	3050	407956	0	0	VILLAGE	Ratamati	Rural	202	883	445	438	93	50	43	36	19	17	73	30	43	617	344	273	266	101	165	257	226	31	242	221	21	91	90	1	98	83	15	13	12	1	40	36	4	15	5	10	0	0	0	7	1	6	3	1	2	5	3	2	11	3	8	0	0	0	7	1	6	2	1	1	2	1	1	4	2	2	0	0	0	0	0	0	1	0	1	3	2	1	626	219	407
21	386	3050	407957	0	0	VILLAGE	Totapada	Rural	122	519	266	253	44	24	20	3	2	1	9	4	5	420	230	190	99	36	63	164	152	12	139	131	8	32	31	1	85	82	3	3	3	0	19	15	4	25	21	4	2	2	0	16	14	2	1	1	0	6	4	2	21	17	4	2	2	0	13	11	2	1	1	0	5	3	2	4	4	0	0	0	0	3	3	0	0	0	0	1	1	0	355	114	241
21	386	3050	407958	0	0	VILLAGE	Nalasingh	Rural	291	1236	584	652	158	77	81	20	9	11	0	0	0	776	418	358	460	166	294	353	333	20	349	332	17	145	144	1	150	149	1	5	3	2	49	36	13	4	1	3	0	0	0	1	0	1	1	1	0	2	0	2	4	1	3	0	0	0	1	0	1	1	1	0	2	0	2	0	0	0	0	0	0	0	0	0	0	0	0	0	0	0	883	251	632
21	386	3050	407959	0	0	VILLAGE	Kutunijhara	Rural	0	0	0	0	0	0	0	0	0	0	0	0	0	0	0	0	0	0	0	0	0	0	0	0	0	0	0	0	0	0	0	0	0	0	0	0	0	0	0	0	0	0	0	0	0	0	0	0	0	0	0	0	0	0	0	0	0	0	0	0	0	0	0	0	0	0	0	0	0	0	0	0	0	0	0	0	0	0	0	0	0	0	0	0	0
21	386	3050	407960	0	0	VILLAGE	Dudhiajhar	Rural	45	175	90	85	20	12	8	39	20	19	0	0	0	137	74	63	38	16	22	61	56	5	59	55	4	23	23	0	12	12	0	3	2	1	21	18	3	2	1	1	0	0	0	2	1	1	0	0	0	0	0	0	2	1	1	0	0	0	2	1	1	0	0	0	0	0	0	0	0	0	0	0	0	0	0	0	0	0	0	0	0	0	114	34	80
21	386	3050	407961	0	0	VILLAGE	Kamaguru	Rural	289	1359	692	667	133	65	68	128	73	55	1	1	0	1116	588	528	243	104	139	487	402	85	237	222	15	88	85	3	43	43	0	2	2	0	104	92	12	250	180	70	46	45	1	173	118	55	3	0	3	28	17	11	239	175	64	46	45	1	167	113	54	3	0	3	23	17	6	11	5	6	0	0	0	6	5	1	0	0	0	5	0	5	872	290	582
21	386	3050	407962	0	0	VILLAGE	Krupasindhupur	Rural	181	863	453	410	79	51	28	44	21	23	0	0	0	689	376	313	174	77	97	283	244	39	208	187	21	28	27	1	46	45	1	2	2	0	132	113	19	75	57	18	5	4	1	48	48	0	1	0	1	21	5	16	66	52	14	4	3	1	44	44	0	0	0	0	18	5	13	9	5	4	1	1	0	4	4	0	1	0	1	3	0	3	580	209	371
21	386	3050	407963	0	0	VILLAGE	Arisal	Rural	52	221	113	108	25	14	11	0	0	0	0	0	0	159	86	73	62	27	35	65	60	5	15	13	2	2	1	1	0	0	0	1	1	0	12	11	1	50	47	3	1	1	0	9	9	0	0	0	0	40	37	3	50	47	3	1	1	0	9	9	0	0	0	0	40	37	3	0	0	0	0	0	0	0	0	0	0	0	0	0	0	0	156	53	103
21	386	3050	407964	0	0	VILLAGE	Arisalpatana	Rural	91	399	208	191	45	24	21	49	27	22	0	0	0	263	144	119	136	64	72	110	107	3	25	23	2	2	2	0	0	0	0	1	1	0	22	20	2	85	84	1	1	1	0	2	2	0	1	1	0	81	80	1	85	84	1	1	1	0	2	2	0	1	1	0	81	80	1	0	0	0	0	0	0	0	0	0	0	0	0	0	0	0	289	101	188
21	386	3050	407965	0	0	VILLAGE	Trikathia	Rural	0	0	0	0	0	0	0	0	0	0	0	0	0	0	0	0	0	0	0	0	0	0	0	0	0	0	0	0	0	0	0	0	0	0	0	0	0	0	0	0	0	0	0	0	0	0	0	0	0	0	0	0	0	0	0	0	0	0	0	0	0	0	0	0	0	0	0	0	0	0	0	0	0	0	0	0	0	0	0	0	0	0	0	0	0
21	386	3050	407966	0	0	VILLAGE	Kumunda	Rural	3	7	3	4	1	0	1	0	0	0	0	0	0	3	3	0	4	0	4	3	3	0	3	3	0	3	3	0	0	0	0	0	0	0	0	0	0	0	0	0	0	0	0	0	0	0	0	0	0	0	0	0	0	0	0	0	0	0	0	0	0	0	0	0	0	0	0	0	0	0	0	0	0	0	0	0	0	0	0	0	0	0	4	0	4
21	386	3050	407967	0	0	VILLAGE	Belapada	Rural	130	589	296	293	72	38	34	12	7	5	188	89	99	405	217	188	184	79	105	255	183	72	109	95	14	76	70	6	4	4	0	2	2	0	27	19	8	146	88	58	8	8	0	31	24	7	2	2	0	105	54	51	65	53	12	7	7	0	25	23	2	2	2	0	31	21	10	81	35	46	1	1	0	6	1	5	0	0	0	74	33	41	334	113	221
21	386	3050	407968	0	0	VILLAGE	Atala	Rural	2	5	1	4	0	0	0	0	0	0	0	0	0	4	0	4	1	1	0	3	1	2	1	0	1	0	0	0	0	0	0	0	0	0	1	0	1	2	1	1	0	0	0	0	0	0	0	0	0	2	1	1	0	0	0	0	0	0	0	0	0	0	0	0	0	0	0	2	1	1	0	0	0	0	0	0	0	0	0	2	1	1	2	0	2
21	386	3050	407969	0	0	VILLAGE	Lekhanpur	Rural	76	352	174	178	36	16	20	53	27	26	0	0	0	245	132	113	107	42	65	113	108	5	112	107	5	72	70	2	26	26	0	1	1	0	13	10	3	1	1	0	0	0	0	1	1	0	0	0	0	0	0	0	1	1	0	0	0	0	1	1	0	0	0	0	0	0	0	0	0	0	0	0	0	0	0	0	0	0	0	0	0	0	239	66	173
21	386	3051	0	0	0	SUB-DISTRICT	Nirakarpur	Total	7467	37980	19517	18463	4130	2165	1965	3138	1589	1549	276	138	138	28972	15902	13070	9008	3615	5393	11936	10439	1497	9156	8446	710	2231	2158	73	1659	1564	95	475	441	34	4791	4283	508	2780	1993	787	364	281	83	1026	860	166	176	107	69	1214	745	469	2373	1693	680	327	246	81	841	700	141	138	84	54	1067	663	404	407	300	107	37	35	2	185	160	25	38	23	15	147	82	65	26044	9078	16966
21	386	3051	0	0	0	SUB-DISTRICT	Nirakarpur	Rural	7467	37980	19517	18463	4130	2165	1965	3138	1589	1549	276	138	138	28972	15902	13070	9008	3615	5393	11936	10439	1497	9156	8446	710	2231	2158	73	1659	1564	95	475	441	34	4791	4283	508	2780	1993	787	364	281	83	1026	860	166	176	107	69	1214	745	469	2373	1693	680	327	246	81	841	700	141	138	84	54	1067	663	404	407	300	107	37	35	2	185	160	25	38	23	15	147	82	65	26044	9078	16966
21	386	3051	0	0	0	SUB-DISTRICT	Nirakarpur	Urban	0	0	0	0	0	0	0	0	0	0	0	0	0	0	0	0	0	0	0	0	0	0	0	0	0	0	0	0	0	0	0	0	0	0	0	0	0	0	0	0	0	0	0	0	0	0	0	0	0	0	0	0	0	0	0	0	0	0	0	0	0	0	0	0	0	0	0	0	0	0	0	0	0	0	0	0	0	0	0	0	0	0	0	0	0
21	386	3051	407970	0	0	VILLAGE	Rameswar	Rural	36	189	96	93	17	8	9	13	7	6	15	8	7	153	81	72	36	15	21	59	53	6	54	49	5	5	4	1	9	8	1	4	4	0	36	33	3	5	4	1	0	0	0	0	0	0	0	0	0	5	4	1	5	4	1	0	0	0	0	0	0	0	0	0	5	4	1	0	0	0	0	0	0	0	0	0	0	0	0	0	0	0	130	43	87
21	386	3051	407971	0	0	VILLAGE	Langudikona	Rural	0	0	0	0	0	0	0	0	0	0	0	0	0	0	0	0	0	0	0	0	0	0	0	0	0	0	0	0	0	0	0	0	0	0	0	0	0	0	0	0	0	0	0	0	0	0	0	0	0	0	0	0	0	0	0	0	0	0	0	0	0	0	0	0	0	0	0	0	0	0	0	0	0	0	0	0	0	0	0	0	0	0	0	0	0
21	386	3051	407972	0	0	VILLAGE	Satamania	Rural	0	0	0	0	0	0	0	0	0	0	0	0	0	0	0	0	0	0	0	0	0	0	0	0	0	0	0	0	0	0	0	0	0	0	0	0	0	0	0	0	0	0	0	0	0	0	0	0	0	0	0	0	0	0	0	0	0	0	0	0	0	0	0	0	0	0	0	0	0	0	0	0	0	0	0	0	0	0	0	0	0	0	0	0	0
21	386	3051	407973	0	0	VILLAGE	Shridharapur	Rural	0	0	0	0	0	0	0	0	0	0	0	0	0	0	0	0	0	0	0	0	0	0	0	0	0	0	0	0	0	0	0	0	0	0	0	0	0	0	0	0	0	0	0	0	0	0	0	0	0	0	0	0	0	0	0	0	0	0	0	0	0	0	0	0	0	0	0	0	0	0	0	0	0	0	0	0	0	0	0	0	0	0	0	0	0
21	386	3051	407974	0	0	VILLAGE	Talapada	Rural	218	1283	650	633	148	78	70	29	17	12	0	0	0	986	543	443	297	107	190	434	378	56	401	375	26	284	270	14	6	6	0	29	28	1	82	71	11	33	3	30	5	0	5	1	0	1	15	0	15	12	3	9	20	3	17	5	0	5	0	0	0	3	0	3	12	3	9	13	0	13	0	0	0	1	0	1	12	0	12	0	0	0	849	272	577
21	386	3051	407975	0	0	VILLAGE	Gudabedi	Rural	95	479	246	233	55	28	27	0	0	0	5	4	1	366	195	171	113	51	62	292	155	137	240	147	93	72	71	1	62	10	52	2	1	1	104	65	39	52	8	44	5	2	3	1	0	1	1	0	1	45	6	39	52	8	44	5	2	3	1	0	1	1	0	1	45	6	39	0	0	0	0	0	0	0	0	0	0	0	0	0	0	0	187	91	96
21	386	3051	407976	0	0	VILLAGE	Badanuagaon	Rural	0	0	0	0	0	0	0	0	0	0	0	0	0	0	0	0	0	0	0	0	0	0	0	0	0	0	0	0	0	0	0	0	0	0	0	0	0	0	0	0	0	0	0	0	0	0	0	0	0	0	0	0	0	0	0	0	0	0	0	0	0	0	0	0	0	0	0	0	0	0	0	0	0	0	0	0	0	0	0	0	0	0	0	0	0
21	386	3051	407977	0	0	VILLAGE	Jagatpur	Rural	217	1197	616	581	111	58	53	80	43	37	3	2	1	971	511	460	226	105	121	343	306	37	277	246	31	22	21	1	63	61	2	38	37	1	154	127	27	66	60	6	3	2	1	12	11	1	2	2	0	49	45	4	65	59	6	3	2	1	12	11	1	1	1	0	49	45	4	1	1	0	0	0	0	0	0	0	1	1	0	0	0	0	854	310	544
21	386	3051	407978	0	0	VILLAGE	Balarampur	Rural	251	1264	653	611	128	74	54	136	60	76	0	0	0	1013	539	474	251	114	137	327	282	45	235	207	28	10	9	1	9	9	0	7	7	0	209	182	27	92	75	17	6	6	0	10	8	2	2	1	1	74	60	14	75	62	13	5	5	0	6	6	0	2	1	1	62	50	12	17	13	4	1	1	0	4	2	2	0	0	0	12	10	2	937	371	566
21	386	3051	407979	0	0	VILLAGE	Chakakamaguru	Rural	0	0	0	0	0	0	0	0	0	0	0	0	0	0	0	0	0	0	0	0	0	0	0	0	0	0	0	0	0	0	0	0	0	0	0	0	0	0	0	0	0	0	0	0	0	0	0	0	0	0	0	0	0	0	0	0	0	0	0	0	0	0	0	0	0	0	0	0	0	0	0	0	0	0	0	0	0	0	0	0	0	0	0	0	0
21	386	3051	407980	0	0	VILLAGE	Krushnapurpatna	Rural	42	201	110	91	23	13	10	0	0	0	0	0	0	146	86	60	55	24	31	71	63	8	37	33	4	7	6	1	7	7	0	0	0	0	23	20	3	34	30	4	5	5	0	14	13	1	9	8	1	6	4	2	32	29	3	5	5	0	13	12	1	9	8	1	5	4	1	2	1	1	0	0	0	1	1	0	0	0	0	1	0	1	130	47	83
21	386	3051	407981	0	0	VILLAGE	Budhanagarapatna	Rural	239	1114	566	548	114	60	54	201	99	102	0	0	0	881	477	404	233	89	144	327	299	28	239	228	11	42	41	1	53	50	3	48	45	3	96	92	4	88	71	17	6	5	1	10	8	2	13	12	1	59	46	13	81	65	16	5	4	1	8	6	2	11	10	1	57	45	12	7	6	1	1	1	0	2	2	0	2	2	0	2	1	1	787	267	520
21	386	3051	407982	0	0	VILLAGE	Kanthapurpatna	Rural	195	958	493	465	91	41	50	6	3	3	0	0	0	733	416	317	225	77	148	309	291	18	302	289	13	144	142	2	36	36	0	3	3	0	119	108	11	7	2	5	2	1	1	1	0	1	0	0	0	4	1	3	6	2	4	2	1	1	1	0	1	0	0	0	3	1	2	1	0	1	0	0	0	0	0	0	0	0	0	1	0	1	649	202	447
21	386	3051	407983	0	0	VILLAGE	Nayapatna	Rural	0	0	0	0	0	0	0	0	0	0	0	0	0	0	0	0	0	0	0	0	0	0	0	0	0	0	0	0	0	0	0	0	0	0	0	0	0	0	0	0	0	0	0	0	0	0	0	0	0	0	0	0	0	0	0	0	0	0	0	0	0	0	0	0	0	0	0	0	0	0	0	0	0	0	0	0	0	0	0	0	0	0	0	0	0
21	386	3051	407984	0	0	VILLAGE	Botanda	Rural	1	3	2	1	0	0	0	0	0	0	0	0	0	3	2	1	0	0	0	1	1	0	1	1	0	0	0	0	0	0	0	0	0	0	1	1	0	0	0	0	0	0	0	0	0	0	0	0	0	0	0	0	0	0	0	0	0	0	0	0	0	0	0	0	0	0	0	0	0	0	0	0	0	0	0	0	0	0	0	0	0	0	2	1	1
21	386	3051	407985	0	0	VILLAGE	Ichhabati	Rural	4	14	7	7	4	2	2	0	0	0	0	0	0	8	5	3	6	2	4	4	2	2	2	1	1	1	0	1	1	1	0	0	0	0	0	0	0	2	1	1	0	0	0	0	0	0	0	0	0	2	1	1	2	1	1	0	0	0	0	0	0	0	0	0	2	1	1	0	0	0	0	0	0	0	0	0	0	0	0	0	0	0	10	5	5
21	386	3051	407986	0	0	VILLAGE	Khajuripada	Rural	427	2395	1238	1157	267	151	116	131	73	58	0	0	0	1719	963	756	676	275	401	759	660	99	507	472	35	71	67	4	30	26	4	43	39	4	363	340	23	252	188	64	34	24	10	56	49	7	18	16	2	144	99	45	229	166	63	32	22	10	46	39	7	16	14	2	135	91	44	23	22	1	2	2	0	10	10	0	2	2	0	9	8	1	1636	578	1058
21	386	3051	407987	0	0	VILLAGE	Padmapurpatna	Rural	117	581	289	292	68	31	37	0	0	0	0	0	0	446	243	203	135	46	89	164	148	16	158	142	16	19	18	1	6	6	0	1	1	0	132	117	15	6	6	0	0	0	0	3	3	0	0	0	0	3	3	0	5	5	0	0	0	0	2	2	0	0	0	0	3	3	0	1	1	0	0	0	0	1	1	0	0	0	0	0	0	0	417	141	276
21	386	3051	407988	0	0	VILLAGE	Rengata	Rural	119	505	261	244	61	31	30	38	22	16	0	0	0	342	196	146	163	65	98	160	143	17	121	119	2	56	56	0	18	18	0	0	0	0	47	45	2	39	24	15	0	0	0	17	16	1	1	0	1	21	8	13	37	22	15	0	0	0	16	15	1	1	0	1	20	7	13	2	2	0	0	0	0	1	1	0	0	0	0	1	1	0	345	118	227
21	386	3051	407989	0	0	VILLAGE	Sansantarapur	Rural	79	386	197	189	37	27	10	19	10	9	0	0	0	296	159	137	90	38	52	126	115	11	123	113	10	23	23	0	54	51	3	8	8	0	38	31	7	3	2	1	0	0	0	0	0	0	0	0	0	3	2	1	2	1	1	0	0	0	0	0	0	0	0	0	2	1	1	1	1	0	0	0	0	0	0	0	0	0	0	1	1	0	260	82	178
21	386	3051	407990	0	0	VILLAGE	Kunia	Rural	58	282	139	143	29	12	17	0	0	0	0	0	0	213	119	94	69	20	49	94	93	1	92	91	1	22	22	0	41	41	0	0	0	0	29	28	1	2	2	0	2	2	0	0	0	0	0	0	0	0	0	0	2	2	0	2	2	0	0	0	0	0	0	0	0	0	0	0	0	0	0	0	0	0	0	0	0	0	0	0	0	0	188	46	142
21	386	3051	407991	0	0	VILLAGE	Bhagabatipada	Rural	188	888	458	430	110	61	49	228	123	105	0	0	0	556	312	244	332	146	186	289	251	38	208	198	10	11	8	3	159	155	4	4	4	0	34	31	3	81	53	28	3	2	1	64	38	26	1	1	0	13	12	1	69	51	18	3	2	1	52	36	16	1	1	0	13	12	1	12	2	10	0	0	0	12	2	10	0	0	0	0	0	0	599	207	392
21	386	3051	407992	0	0	VILLAGE	Jajapur	Rural	192	909	488	421	110	67	43	0	0	0	0	0	0	732	401	331	177	87	90	263	253	10	249	241	8	98	97	1	85	83	2	1	1	0	65	60	5	14	12	2	2	2	0	8	7	1	0	0	0	4	3	1	14	12	2	2	2	0	8	7	1	0	0	0	4	3	1	0	0	0	0	0	0	0	0	0	0	0	0	0	0	0	646	235	411
21	386	3051	407993	0	0	VILLAGE	Gopinathpur	Rural	257	1300	676	624	159	86	73	32	16	16	0	0	0	977	547	430	323	129	194	377	357	20	344	332	12	46	45	1	197	196	1	9	9	0	92	82	10	33	25	8	6	5	1	12	10	2	2	0	2	13	10	3	29	23	6	6	5	1	9	9	0	2	0	2	12	9	3	4	2	2	0	0	0	3	1	2	0	0	0	1	1	0	923	319	604
21	386	3051	407994	0	0	VILLAGE	Bhusanda	Rural	0	0	0	0	0	0	0	0	0	0	0	0	0	0	0	0	0	0	0	0	0	0	0	0	0	0	0	0	0	0	0	0	0	0	0	0	0	0	0	0	0	0	0	0	0	0	0	0	0	0	0	0	0	0	0	0	0	0	0	0	0	0	0	0	0	0	0	0	0	0	0	0	0	0	0	0	0	0	0	0	0	0	0	0	0
21	386	3051	407995	0	0	VILLAGE	Pandepatna	Rural	105	482	247	235	53	31	22	148	76	72	0	0	0	362	201	161	120	46	74	133	111	22	96	83	13	4	3	1	5	5	0	4	4	0	83	71	12	37	28	9	2	1	1	17	17	0	2	1	1	16	9	7	31	22	9	1	0	1	14	14	0	2	1	1	14	7	7	6	6	0	1	1	0	3	3	0	0	0	0	2	2	0	349	136	213
21	386	3051	407996	0	0	VILLAGE	Nirakarpurpatna	Rural	80	469	249	220	54	27	27	155	83	72	0	0	0	357	201	156	112	48	64	187	147	40	181	144	37	9	9	0	3	3	0	20	15	5	149	117	32	6	3	3	1	0	1	0	0	0	1	0	1	4	3	1	6	3	3	1	0	1	0	0	0	1	0	1	4	3	1	0	0	0	0	0	0	0	0	0	0	0	0	0	0	0	282	102	180
21	386	3051	407997	0	0	VILLAGE	Nanapada	Rural	634	3391	1755	1636	321	179	142	390	198	192	4	3	1	2661	1451	1210	730	304	426	1147	962	185	919	822	97	77	68	9	112	107	5	43	36	7	687	611	76	228	140	88	17	13	4	20	14	6	23	10	13	168	103	65	173	114	59	16	12	4	15	12	3	21	8	13	121	82	39	55	26	29	1	1	0	5	2	3	2	2	0	47	21	26	2244	793	1451
21	386	3051	407998	0	0	VILLAGE	Raulahaja	Rural	236	1149	568	581	136	62	74	153	75	78	76	39	37	914	480	434	235	88	147	347	300	47	257	222	35	9	9	0	3	3	0	3	1	2	242	209	33	90	78	12	1	1	0	9	9	0	3	3	0	77	65	12	90	78	12	1	1	0	9	9	0	3	3	0	77	65	12	0	0	0	0	0	0	0	0	0	0	0	0	0	0	0	802	268	534
21	386	3051	407999	0	0	VILLAGE	Chitrakut	Rural	0	0	0	0	0	0	0	0	0	0	0	0	0	0	0	0	0	0	0	0	0	0	0	0	0	0	0	0	0	0	0	0	0	0	0	0	0	0	0	0	0	0	0	0	0	0	0	0	0	0	0	0	0	0	0	0	0	0	0	0	0	0	0	0	0	0	0	0	0	0	0	0	0	0	0	0	0	0	0	0	0	0	0	0	0
21	386	3051	408000	0	0	VILLAGE	Patajoshipur	Rural	33	160	76	84	14	6	8	107	51	56	0	0	0	134	70	64	26	6	20	48	45	3	46	43	3	2	2	0	3	3	0	8	8	0	33	30	3	2	2	0	0	0	0	1	1	0	0	0	0	1	1	0	2	2	0	0	0	0	1	1	0	0	0	0	1	1	0	0	0	0	0	0	0	0	0	0	0	0	0	0	0	0	112	31	81
21	386	3051	408001	0	0	VILLAGE	Haripurpatana	Rural	99	520	265	255	49	26	23	56	28	28	0	0	0	352	201	151	168	64	104	182	159	23	104	97	7	20	19	1	9	9	0	4	4	0	71	65	6	78	62	16	22	21	1	10	9	1	3	2	1	43	30	13	66	53	13	19	18	1	7	6	1	1	1	0	39	28	11	12	9	3	3	3	0	3	3	0	2	1	1	4	2	2	338	106	232
21	386	3051	408002	0	0	VILLAGE	Brahmapadapatna	Rural	149	759	402	357	77	36	41	32	15	17	0	0	0	515	308	207	244	94	150	236	233	3	218	217	1	64	64	0	52	52	0	0	0	0	102	101	1	18	16	2	2	0	2	13	13	0	0	0	0	3	3	0	17	15	2	2	0	2	12	12	0	0	0	0	3	3	0	1	1	0	0	0	0	1	1	0	0	0	0	0	0	0	523	169	354
21	386	3051	408003	0	0	VILLAGE	Badapokharia	Rural	815	4267	2206	2061	469	256	213	357	182	175	173	82	91	3320	1817	1503	947	389	558	1337	1150	187	1144	1089	55	435	424	11	191	184	7	10	8	2	508	473	35	193	61	132	32	9	23	84	41	43	17	3	14	60	8	52	172	60	112	31	9	22	84	41	43	15	2	13	42	8	34	21	1	20	1	0	1	0	0	0	2	1	1	18	0	18	2930	1056	1874
21	386	3051	408004	0	0	VILLAGE	Brundabanpur	Rural	154	742	387	355	93	50	43	0	0	0	0	0	0	509	290	219	233	97	136	241	237	4	239	235	4	88	88	0	48	48	0	0	0	0	103	99	4	2	2	0	0	0	0	0	0	0	0	0	0	2	2	0	2	2	0	0	0	0	0	0	0	0	0	0	2	2	0	0	0	0	0	0	0	0	0	0	0	0	0	0	0	0	501	150	351
21	386	3051	408005	0	0	VILLAGE	Nuagarh	Rural	571	3074	1553	1521	333	156	177	202	100	102	0	0	0	2382	1288	1094	692	265	427	952	879	73	719	691	28	192	187	5	78	78	0	46	46	0	403	380	23	233	188	45	11	8	3	175	136	39	2	2	0	45	42	3	226	181	45	11	8	3	169	130	39	2	2	0	44	41	3	7	7	0	0	0	0	6	6	0	0	0	0	1	1	0	2122	674	1448
21	386	3051	408006	0	0	VILLAGE	Nuagarhpatana	Rural	60	345	200	145	31	22	9	6	1	5	0	0	0	267	162	105	78	38	40	109	107	2	77	76	1	27	27	0	11	11	0	2	2	0	37	36	1	32	31	1	2	2	0	5	5	0	1	0	1	24	24	0	24	23	1	1	1	0	5	5	0	1	0	1	17	17	0	8	8	0	1	1	0	0	0	0	0	0	0	7	7	0	236	93	143
21	386	3051	408007	0	0	VILLAGE	Mormorsinghapatna	Rural	49	230	124	106	19	11	8	0	0	0	0	0	0	191	109	82	39	15	24	59	58	1	25	24	1	0	0	0	0	0	0	0	0	0	25	24	1	34	34	0	32	32	0	1	1	0	0	0	0	1	1	0	27	27	0	25	25	0	1	1	0	0	0	0	1	1	0	7	7	0	7	7	0	0	0	0	0	0	0	0	0	0	171	66	105
21	386	3051	408008	0	0	VILLAGE	Mormorsingh	Rural	95	590	317	273	65	33	32	0	0	0	0	0	0	461	267	194	129	50	79	157	155	2	79	78	1	0	0	0	0	0	0	0	0	0	79	78	1	78	77	1	72	71	1	0	0	0	0	0	0	6	6	0	63	63	0	59	59	0	0	0	0	0	0	0	4	4	0	15	14	1	13	12	1	0	0	0	0	0	0	2	2	0	433	162	271
21	386	3051	408009	0	0	VILLAGE	Kashipur	Rural	70	324	167	157	32	21	11	82	40	42	0	0	0	262	142	120	62	25	37	99	87	12	67	60	7	2	2	0	15	15	0	21	20	1	29	23	6	32	27	5	2	2	0	17	15	2	6	6	0	7	4	3	30	25	5	2	2	0	15	13	2	6	6	0	7	4	3	2	2	0	0	0	0	2	2	0	0	0	0	0	0	0	225	80	145
21	386	3051	408010	0	0	VILLAGE	Gopinathpurpatna	Rural	71	397	215	182	46	24	22	67	38	29	0	0	0	316	183	133	81	32	49	132	121	11	124	115	9	23	23	0	14	14	0	11	10	1	76	68	8	8	6	2	0	0	0	4	3	1	3	3	0	1	0	1	5	3	2	0	0	0	3	2	1	1	1	0	1	0	1	3	3	0	0	0	0	1	1	0	2	2	0	0	0	0	265	94	171
21	386	3051	408011	0	0	VILLAGE	Gauratisahi	Rural	98	436	225	211	45	26	19	0	0	0	0	0	0	343	191	152	93	34	59	134	121	13	106	99	7	31	29	2	15	15	0	16	16	0	44	39	5	28	22	6	5	5	0	5	3	2	7	6	1	11	8	3	24	19	5	5	5	0	2	1	1	6	5	1	11	8	3	4	3	1	0	0	0	3	2	1	1	1	0	0	0	0	302	104	198
21	386	3051	408012	0	0	VILLAGE	Badapatna	Rural	169	710	357	353	100	49	51	90	42	48	0	0	0	481	259	222	229	98	131	172	164	8	19	16	3	1	1	0	0	0	0	0	0	0	18	15	3	153	148	5	0	0	0	143	141	2	1	1	0	9	6	3	69	69	0	0	0	0	64	64	0	0	0	0	5	5	0	84	79	5	0	0	0	79	77	2	1	1	0	4	1	3	538	193	345
21	386	3051	408013	0	0	VILLAGE	Dia	Rural	425	2066	1049	1017	207	100	107	207	105	102	0	0	0	1598	880	718	468	169	299	599	522	77	464	425	39	85	82	3	82	76	6	29	27	2	268	240	28	135	97	38	15	11	4	57	46	11	0	0	0	63	40	23	91	60	31	12	8	4	36	26	10	0	0	0	43	26	17	44	37	7	3	3	0	21	20	1	0	0	0	20	14	6	1467	527	940
21	386	3051	408014	0	0	VILLAGE	Lendo	Rural	297	1569	799	770	178	89	89	46	23	23	0	0	0	1178	648	530	391	151	240	504	430	74	229	214	15	34	30	4	68	68	0	25	24	1	102	92	10	275	216	59	43	29	14	141	137	4	20	13	7	71	37	34	260	203	57	40	26	14	135	132	3	18	12	6	67	33	34	15	13	2	3	3	0	6	5	1	2	1	1	4	4	0	1065	369	696
21	386	3051	408015	0	0	VILLAGE	Lalitapatapur	Rural	93	415	212	203	49	27	22	8	1	7	0	0	0	339	180	159	76	32	44	138	112	26	77	67	10	5	5	0	38	37	1	19	17	2	15	8	7	61	45	16	3	3	0	12	11	1	12	10	2	34	21	13	44	30	14	3	3	0	8	7	1	6	4	2	27	16	11	17	15	2	0	0	0	4	4	0	6	6	0	7	5	2	277	100	177
21	386	3051	408016	0	0	VILLAGE	Kapileswar	Rural	121	558	293	265	62	28	34	18	8	10	0	0	0	417	239	178	141	54	87	177	165	12	68	63	5	8	8	0	45	43	2	4	3	1	11	9	2	109	102	7	10	9	1	83	81	2	5	5	0	11	7	4	91	86	5	10	9	1	67	67	0	3	3	0	11	7	4	18	16	2	0	0	0	16	14	2	2	2	0	0	0	0	381	128	253
21	386	3051	408017	0	0	VILLAGE	Nalichatuanka	Rural	0	0	0	0	0	0	0	0	0	0	0	0	0	0	0	0	0	0	0	0	0	0	0	0	0	0	0	0	0	0	0	0	0	0	0	0	0	0	0	0	0	0	0	0	0	0	0	0	0	0	0	0	0	0	0	0	0	0	0	0	0	0	0	0	0	0	0	0	0	0	0	0	0	0	0	0	0	0	0	0	0	0	0	0	0
21	386	3051	408018	0	0	VILLAGE	Sutarang	Rural	0	0	0	0	0	0	0	0	0	0	0	0	0	0	0	0	0	0	0	0	0	0	0	0	0	0	0	0	0	0	0	0	0	0	0	0	0	0	0	0	0	0	0	0	0	0	0	0	0	0	0	0	0	0	0	0	0	0	0	0	0	0	0	0	0	0	0	0	0	0	0	0	0	0	0	0	0	0	0	0	0	0	0	0	0
21	386	3051	408019	0	0	VILLAGE	Aredi	Rural	53	236	129	107	27	17	10	0	0	0	0	0	0	204	110	94	32	19	13	87	75	12	78	73	5	66	64	2	3	1	2	0	0	0	9	8	1	9	2	7	0	0	0	0	0	0	0	0	0	9	2	7	8	2	6	0	0	0	0	0	0	0	0	0	8	2	6	1	0	1	0	0	0	0	0	0	0	0	0	1	0	1	149	54	95
21	386	3051	408020	0	0	VILLAGE	Sanachandrasekharpur	Rural	50	252	126	126	23	8	15	61	30	31	0	0	0	213	111	102	39	15	24	69	55	14	44	41	3	4	4	0	11	11	0	11	11	0	18	15	3	25	14	11	0	0	0	2	2	0	2	2	0	21	10	11	23	13	10	0	0	0	2	2	0	1	1	0	20	10	10	2	1	1	0	0	0	0	0	0	1	1	0	1	0	1	183	71	112
21	386	3051	408021	0	0	VILLAGE	Sanagobindapur	Rural	80	376	176	200	54	25	29	8	4	4	0	0	0	253	135	118	123	41	82	127	89	38	77	72	5	31	30	1	16	16	0	2	2	0	28	24	4	50	17	33	6	6	0	7	7	0	1	0	1	36	4	32	49	16	33	6	6	0	7	7	0	1	0	1	35	3	32	1	1	0	0	0	0	0	0	0	0	0	0	1	1	0	249	87	162
21	386	3051	408022	0	0	VILLAGE	Khandahata	Rural	65	264	113	151	38	21	17	32	16	16	0	0	0	217	88	129	47	25	22	72	50	22	47	45	2	46	45	1	0	0	0	0	0	0	1	0	1	25	5	20	4	1	3	9	3	6	3	0	3	9	1	8	25	5	20	4	1	3	9	3	6	3	0	3	9	1	8	0	0	0	0	0	0	0	0	0	0	0	0	0	0	0	192	63	129
21	386	3051	408023	0	0	VILLAGE	Bilua	Rural	0	0	0	0	0	0	0	0	0	0	0	0	0	0	0	0	0	0	0	0	0	0	0	0	0	0	0	0	0	0	0	0	0	0	0	0	0	0	0	0	0	0	0	0	0	0	0	0	0	0	0	0	0	0	0	0	0	0	0	0	0	0	0	0	0	0	0	0	0	0	0	0	0	0	0	0	0	0	0	0	0	0	0	0	0
21	386	3051	408024	0	0	VILLAGE	Aranchala	Rural	60	251	122	129	23	7	16	0	0	0	0	0	0	185	96	89	66	26	40	92	55	37	62	51	11	35	35	0	1	1	0	0	0	0	26	15	11	30	4	26	3	1	2	2	2	0	0	0	0	25	1	24	30	4	26	3	1	2	2	2	0	0	0	0	25	1	24	0	0	0	0	0	0	0	0	0	0	0	0	0	0	0	159	67	92
21	386	3051	408025	0	0	VILLAGE	Giridharipur	Rural	0	0	0	0	0	0	0	0	0	0	0	0	0	0	0	0	0	0	0	0	0	0	0	0	0	0	0	0	0	0	0	0	0	0	0	0	0	0	0	0	0	0	0	0	0	0	0	0	0	0	0	0	0	0	0	0	0	0	0	0	0	0	0	0	0	0	0	0	0	0	0	0	0	0	0	0	0	0	0	0	0	0	0	0	0
21	386	3052	0	0	0	SUB-DISTRICT	Tangi	Total	31410	152037	77659	74378	18638	9744	8894	38787	20048	18739	2582	1272	1310	104275	57546	46729	47762	20113	27649	45992	42054	3938	34548	32527	2021	7227	7048	179	5186	5071	115	880	826	54	21255	19582	1673	11444	9527	1917	846	706	140	3958	3579	379	439	339	100	6201	4903	1298	9627	8227	1400	754	622	132	3348	3096	252	369	289	80	5156	4220	936	1817	1300	517	92	84	8	610	483	127	70	50	20	1045	683	362	106045	35605	70440
21	386	3052	0	0	0	SUB-DISTRICT	Tangi	Rural	29103	140668	71806	68862	17277	9039	8238	33985	17552	16433	2573	1269	1304	96631	53314	43317	44037	18492	25545	42259	38705	3554	31548	29749	1799	7094	6919	175	5021	4908	113	709	663	46	18724	17259	1465	10711	8956	1755	806	676	130	3794	3462	332	323	244	79	5788	4574	1214	9021	7749	1272	715	593	122	3239	3016	223	262	202	60	4805	3938	867	1690	1207	483	91	83	8	555	446	109	61	42	19	983	636	347	98409	33101	65308
21	386	3052	0	0	0	SUB-DISTRICT	Tangi	Urban	2307	11369	5853	5516	1361	705	656	4802	2496	2306	9	3	6	7644	4232	3412	3725	1621	2104	3733	3349	384	3000	2778	222	133	129	4	165	163	2	171	163	8	2531	2323	208	733	571	162	40	30	10	164	117	47	116	95	21	413	329	84	606	478	128	39	29	10	109	80	29	107	87	20	351	282	69	127	93	34	1	1	0	55	37	18	9	8	1	62	47	15	7636	2504	5132
21	386	3052	408026	0	0	VILLAGE	Mundila	Rural	4	18	9	9	5	3	2	0	0	0	18	9	9	4	2	2	14	7	7	5	5	0	5	5	0	2	2	0	3	3	0	0	0	0	0	0	0	0	0	0	0	0	0	0	0	0	0	0	0	0	0	0	0	0	0	0	0	0	0	0	0	0	0	0	0	0	0	0	0	0	0	0	0	0	0	0	0	0	0	0	0	0	13	4	9
21	386	3052	408027	0	0	VILLAGE	Dhobadhobani	Rural	38	168	87	81	26	12	14	0	0	0	97	53	44	63	35	28	105	52	53	59	57	2	59	57	2	53	53	0	4	4	0	0	0	0	2	0	2	0	0	0	0	0	0	0	0	0	0	0	0	0	0	0	0	0	0	0	0	0	0	0	0	0	0	0	0	0	0	0	0	0	0	0	0	0	0	0	0	0	0	0	0	0	109	30	79
21	386	3052	408028	0	0	VILLAGE	Harinadihi	Rural	0	0	0	0	0	0	0	0	0	0	0	0	0	0	0	0	0	0	0	0	0	0	0	0	0	0	0	0	0	0	0	0	0	0	0	0	0	0	0	0	0	0	0	0	0	0	0	0	0	0	0	0	0	0	0	0	0	0	0	0	0	0	0	0	0	0	0	0	0	0	0	0	0	0	0	0	0	0	0	0	0	0	0	0	0
21	386	3052	408029	0	0	VILLAGE	Ambabili	Rural	0	0	0	0	0	0	0	0	0	0	0	0	0	0	0	0	0	0	0	0	0	0	0	0	0	0	0	0	0	0	0	0	0	0	0	0	0	0	0	0	0	0	0	0	0	0	0	0	0	0	0	0	0	0	0	0	0	0	0	0	0	0	0	0	0	0	0	0	0	0	0	0	0	0	0	0	0	0	0	0	0	0	0	0	0
21	386	3052	408030	0	0	VILLAGE	Chandanapata	Rural	0	0	0	0	0	0	0	0	0	0	0	0	0	0	0	0	0	0	0	0	0	0	0	0	0	0	0	0	0	0	0	0	0	0	0	0	0	0	0	0	0	0	0	0	0	0	0	0	0	0	0	0	0	0	0	0	0	0	0	0	0	0	0	0	0	0	0	0	0	0	0	0	0	0	0	0	0	0	0	0	0	0	0	0	0
21	386	3052	408031	0	0	VILLAGE	Naramanabi	Rural	193	1044	529	515	162	80	82	0	0	0	50	24	26	676	374	302	368	155	213	291	282	9	196	189	7	43	42	1	83	83	0	0	0	0	70	64	6	95	93	2	2	2	0	9	9	0	1	1	0	83	81	2	82	80	2	2	2	0	9	9	0	1	1	0	70	68	2	13	13	0	0	0	0	0	0	0	0	0	0	13	13	0	753	247	506
21	386	3052	408032	0	0	VILLAGE	Godipada	Rural	24	117	61	56	21	12	9	0	0	0	0	0	0	63	35	28	54	26	28	38	37	1	37	37	0	36	36	0	0	0	0	0	0	0	1	1	0	1	0	1	1	0	1	0	0	0	0	0	0	0	0	0	1	0	1	1	0	1	0	0	0	0	0	0	0	0	0	0	0	0	0	0	0	0	0	0	0	0	0	0	0	0	79	24	55
21	386	3052	408033	0	0	VILLAGE	Mahujhara	Rural	37	224	113	111	38	20	18	0	0	0	2	1	1	154	77	77	70	36	34	51	49	2	48	46	2	4	4	0	38	36	2	3	3	0	3	3	0	3	3	0	0	0	0	3	3	0	0	0	0	0	0	0	3	3	0	0	0	0	3	3	0	0	0	0	0	0	0	0	0	0	0	0	0	0	0	0	0	0	0	0	0	0	173	64	109
21	386	3052	408034	0	0	VILLAGE	kandagadia	Rural	99	488	256	232	67	38	29	0	0	0	0	0	0	358	192	166	130	64	66	122	115	7	108	102	6	25	24	1	68	64	4	8	8	0	7	6	1	14	13	1	2	2	0	7	6	1	0	0	0	5	5	0	14	13	1	2	2	0	7	6	1	0	0	0	5	5	0	0	0	0	0	0	0	0	0	0	0	0	0	0	0	0	366	141	225
21	386	3052	408035	0	0	VILLAGE	Singarama	Rural	309	1504	770	734	196	106	90	121	62	59	0	0	0	986	552	434	518	218	300	413	390	23	386	371	15	216	216	0	135	131	4	4	3	1	31	21	10	27	19	8	9	5	4	8	7	1	0	0	0	10	7	3	23	15	8	8	4	4	6	5	1	0	0	0	9	6	3	4	4	0	1	1	0	2	2	0	0	0	0	1	1	0	1091	380	711
21	386	3052	408036	0	0	VILLAGE	Bariko	Rural	254	1349	696	653	203	100	103	16	11	5	0	0	0	863	483	380	486	213	273	403	388	15	392	381	11	135	132	3	166	164	2	8	8	0	83	77	6	11	7	4	2	1	1	4	3	1	0	0	0	5	3	2	10	7	3	2	1	1	4	3	1	0	0	0	4	3	1	1	0	1	0	0	0	0	0	0	0	0	0	1	0	1	946	308	638
21	386	3052	408037	0	0	VILLAGE	Jaritapa	Rural	42	198	103	95	29	21	8	0	0	0	0	0	0	128	74	54	70	29	41	57	50	7	48	47	1	2	2	0	41	40	1	0	0	0	5	5	0	9	3	6	2	1	1	1	0	1	1	1	0	5	1	4	9	3	6	2	1	1	1	0	1	1	1	0	5	1	4	0	0	0	0	0	0	0	0	0	0	0	0	0	0	0	141	53	88
21	386	3052	408038	0	0	VILLAGE	Panaspur	Rural	107	562	296	266	78	44	34	0	0	0	0	0	0	366	206	160	196	90	106	172	162	10	159	157	2	70	69	1	67	67	0	1	1	0	21	20	1	13	5	8	1	0	1	0	0	0	0	0	0	12	5	7	13	5	8	1	0	1	0	0	0	0	0	0	12	5	7	0	0	0	0	0	0	0	0	0	0	0	0	0	0	0	390	134	256
21	386	3052	408039	0	0	VILLAGE	Ramachandrapur	Rural	364	1678	837	841	210	109	101	24	11	13	0	0	0	1190	647	543	488	190	298	518	468	50	435	400	35	113	109	4	172	172	0	0	0	0	150	119	31	83	68	15	20	18	2	31	31	0	0	0	0	32	19	13	58	47	11	11	9	2	26	26	0	0	0	0	21	12	9	25	21	4	9	9	0	5	5	0	0	0	0	11	7	4	1160	369	791
21	386	3052	408040	0	0	VILLAGE	Harichandanpur	Rural	122	665	337	328	80	37	43	10	3	7	0	0	0	467	263	204	198	74	124	209	197	12	143	134	9	66	66	0	33	33	0	8	8	0	36	27	9	66	63	3	5	5	0	32	32	0	0	0	0	29	26	3	66	63	3	5	5	0	32	32	0	0	0	0	29	26	3	0	0	0	0	0	0	0	0	0	0	0	0	0	0	0	456	140	316
21	386	3052	408041	0	0	VILLAGE	Bhobara	Rural	112	514	235	279	55	31	24	32	16	16	0	0	0	392	189	203	122	46	76	67	62	5	67	62	5	19	17	2	42	40	2	0	0	0	6	5	1	0	0	0	0	0	0	0	0	0	0	0	0	0	0	0	0	0	0	0	0	0	0	0	0	0	0	0	0	0	0	0	0	0	0	0	0	0	0	0	0	0	0	0	0	0	447	173	274
21	386	3052	408042	0	0	VILLAGE	Badapari	Rural	743	3623	1848	1775	359	170	189	357	182	175	131	61	70	2891	1536	1355	732	312	420	1066	970	96	911	863	48	424	413	11	231	225	6	19	18	1	237	207	30	155	107	48	30	20	10	98	63	35	7	6	1	20	18	2	152	104	48	30	20	10	98	63	35	7	6	1	17	15	2	3	3	0	0	0	0	0	0	0	0	0	0	3	3	0	2557	878	1679
21	386	3052	408043	0	0	VILLAGE	Nuagaon	Rural	99	437	215	222	73	37	36	0	0	0	246	117	129	245	144	101	192	71	121	188	126	62	135	117	18	6	6	0	49	49	0	5	5	0	75	57	18	53	9	44	2	1	1	3	1	2	3	2	1	45	5	40	52	8	44	2	1	1	3	1	2	2	1	1	45	5	40	1	1	0	0	0	0	0	0	0	1	1	0	0	0	0	249	89	160
21	386	3052	408044	0	0	VILLAGE	Ratanapurpatna	Rural	190	915	469	446	83	44	39	241	131	110	0	0	0	764	403	361	151	66	85	263	231	32	199	174	25	17	16	1	3	3	0	6	5	1	173	150	23	64	57	7	2	2	0	5	5	0	6	6	0	51	44	7	64	57	7	2	2	0	5	5	0	6	6	0	51	44	7	0	0	0	0	0	0	0	0	0	0	0	0	0	0	0	652	238	414
21	386	3052	408045	0	0	VILLAGE	Panaspurpatana	Rural	311	1506	781	725	167	90	77	268	131	137	5	3	2	1152	618	534	354	163	191	412	369	43	326	291	35	5	4	1	144	141	3	25	24	1	152	122	30	86	78	8	15	11	4	5	3	2	3	3	0	63	61	2	82	77	5	14	11	3	4	3	1	3	3	0	61	60	1	4	1	3	1	0	1	1	0	1	0	0	0	2	1	1	1094	412	682
21	386	3052	408046	0	0	VILLAGE	Godijharpatna	Rural	46	234	122	112	25	14	11	93	52	41	0	0	0	172	96	76	62	26	36	64	62	2	35	34	1	1	1	0	6	6	0	0	0	0	28	27	1	29	28	1	2	1	1	20	20	0	2	2	0	5	5	0	29	28	1	2	1	1	20	20	0	2	2	0	5	5	0	0	0	0	0	0	0	0	0	0	0	0	0	0	0	0	170	60	110
21	386	3052	408047	0	0	VILLAGE	Lokipur	Rural	0	0	0	0	0	0	0	0	0	0	0	0	0	0	0	0	0	0	0	0	0	0	0	0	0	0	0	0	0	0	0	0	0	0	0	0	0	0	0	0	0	0	0	0	0	0	0	0	0	0	0	0	0	0	0	0	0	0	0	0	0	0	0	0	0	0	0	0	0	0	0	0	0	0	0	0	0	0	0	0	0	0	0	0	0
21	386	3052	408048	0	0	VILLAGE	Nuapada	Rural	158	809	426	383	94	46	48	0	0	0	0	0	0	601	346	255	208	80	128	239	227	12	232	223	9	48	48	0	149	146	3	4	4	0	31	25	6	7	4	3	5	2	3	1	1	0	0	0	0	1	1	0	6	3	3	5	2	3	0	0	0	0	0	0	1	1	0	1	1	0	0	0	0	1	1	0	0	0	0	0	0	0	570	199	371
21	386	3052	408049	0	0	VILLAGE	Bhajagarh	Rural	166	760	390	370	83	45	38	0	0	0	0	0	0	530	304	226	230	86	144	220	211	9	179	171	8	94	92	2	2	2	0	0	0	0	83	77	6	41	40	1	3	3	0	28	28	0	0	0	0	10	9	1	40	39	1	3	3	0	27	27	0	0	0	0	10	9	1	1	1	0	0	0	0	1	1	0	0	0	0	0	0	0	540	179	361
21	386	3052	408050	0	0	VILLAGE	Sundarpur	Rural	1429	6593	3383	3210	796	413	383	504	249	255	0	0	0	4394	2487	1907	2199	896	1303	1939	1830	109	1511	1428	83	416	406	10	61	56	5	16	15	1	1018	951	67	428	402	26	67	62	5	206	198	8	10	9	1	145	133	12	398	381	17	62	58	4	199	194	5	9	9	0	128	120	8	30	21	9	5	4	1	7	4	3	1	0	1	17	13	4	4654	1553	3101
21	386	3052	408051	0	0	VILLAGE	Rasulpur	Rural	89	485	242	243	78	34	44	0	0	0	0	0	0	278	159	119	207	83	124	135	130	5	122	119	3	7	7	0	5	5	0	3	3	0	107	104	3	13	11	2	1	0	1	5	5	0	1	0	1	6	6	0	9	7	2	1	0	1	4	4	0	1	0	1	3	3	0	4	4	0	0	0	0	1	1	0	0	0	0	3	3	0	350	112	238
21	386	3052	408052	0	0	VILLAGE	Mulijhar	Rural	183	918	478	440	104	53	51	0	0	0	59	31	28	701	383	318	217	95	122	260	239	21	174	165	9	0	0	0	2	2	0	5	5	0	167	158	9	86	74	12	5	5	0	4	4	0	9	8	1	68	57	11	64	62	2	5	5	0	4	4	0	4	4	0	51	49	2	22	12	10	0	0	0	0	0	0	5	4	1	17	8	9	658	239	419
21	386	3052	408053	0	0	VILLAGE	Patrapada	Rural	27	141	74	67	14	3	11	0	0	0	139	72	67	67	49	18	74	25	49	71	49	22	34	33	1	0	0	0	1	1	0	0	0	0	33	32	1	37	16	21	1	1	0	0	0	0	1	1	0	35	14	21	26	13	13	1	1	0	0	0	0	1	1	0	24	11	13	11	3	8	0	0	0	0	0	0	0	0	0	11	3	8	70	25	45
21	386	3052	408054	0	0	VILLAGE	Kusumi	Rural	208	1174	599	575	134	75	59	43	20	23	81	40	41	860	471	389	314	128	186	314	302	12	200	191	9	17	17	0	1	1	0	1	1	0	181	172	9	114	111	3	4	4	0	86	86	0	0	0	0	24	21	3	113	111	2	4	4	0	86	86	0	0	0	0	23	21	2	1	0	1	0	0	0	0	0	0	0	0	0	1	0	1	860	297	563
21	386	3052	408055	0	0	VILLAGE	Kusumipatna	Rural	61	294	149	145	37	22	15	0	0	0	0	0	0	192	104	88	102	45	57	75	68	7	73	67	6	9	8	1	41	38	3	1	1	0	22	20	2	2	1	1	2	1	1	0	0	0	0	0	0	0	0	0	2	1	1	2	1	1	0	0	0	0	0	0	0	0	0	0	0	0	0	0	0	0	0	0	0	0	0	0	0	0	219	81	138
21	386	3052	408056	0	0	VILLAGE	Batisibatia	Rural	53	243	118	125	28	13	15	0	0	0	0	0	0	201	102	99	42	16	26	75	66	9	16	12	4	1	1	0	2	2	0	1	1	0	12	8	4	59	54	5	1	1	0	45	45	0	1	0	1	12	8	4	58	53	5	1	1	0	44	44	0	1	0	1	12	8	4	1	1	0	0	0	0	1	1	0	0	0	0	0	0	0	168	52	116
21	386	3052	408057	0	0	VILLAGE	Sanrautapada	Rural	316	1624	839	785	175	89	86	0	0	0	0	0	0	1216	677	539	408	162	246	475	461	14	352	339	13	110	106	4	28	28	0	4	2	2	210	203	7	123	122	1	35	35	0	30	29	1	2	2	0	56	56	0	88	87	1	22	22	0	16	15	1	2	2	0	48	48	0	35	35	0	13	13	0	14	14	0	0	0	0	8	8	0	1149	378	771
21	386	3052	408058	0	0	VILLAGE	Bhandarigadia	Rural	0	0	0	0	0	0	0	0	0	0	0	0	0	0	0	0	0	0	0	0	0	0	0	0	0	0	0	0	0	0	0	0	0	0	0	0	0	0	0	0	0	0	0	0	0	0	0	0	0	0	0	0	0	0	0	0	0	0	0	0	0	0	0	0	0	0	0	0	0	0	0	0	0	0	0	0	0	0	0	0	0	0	0	0	0
21	386	3052	408059	0	0	VILLAGE	Gopalipadar	Rural	0	0	0	0	0	0	0	0	0	0	0	0	0	0	0	0	0	0	0	0	0	0	0	0	0	0	0	0	0	0	0	0	0	0	0	0	0	0	0	0	0	0	0	0	0	0	0	0	0	0	0	0	0	0	0	0	0	0	0	0	0	0	0	0	0	0	0	0	0	0	0	0	0	0	0	0	0	0	0	0	0	0	0	0	0
21	386	3052	408060	0	0	VILLAGE	Abhayamukhi	Rural	85	433	219	214	63	37	26	103	51	52	0	0	0	308	171	137	125	48	77	217	129	88	116	111	5	69	67	2	3	2	1	4	4	0	40	38	2	101	18	83	3	0	3	84	8	76	0	0	0	14	10	4	97	17	80	3	0	3	81	7	74	0	0	0	13	10	3	4	1	3	0	0	0	3	1	2	0	0	0	1	0	1	216	90	126
21	386	3052	408061	0	0	VILLAGE	Shashimukhi	Rural	0	0	0	0	0	0	0	0	0	0	0	0	0	0	0	0	0	0	0	0	0	0	0	0	0	0	0	0	0	0	0	0	0	0	0	0	0	0	0	0	0	0	0	0	0	0	0	0	0	0	0	0	0	0	0	0	0	0	0	0	0	0	0	0	0	0	0	0	0	0	0	0	0	0	0	0	0	0	0	0	0	0	0	0	0
21	386	3052	408062	0	0	VILLAGE	Bidharpurpatna	Rural	210	1065	536	529	116	62	54	314	158	156	0	0	0	722	406	316	343	130	213	376	345	31	375	344	31	80	80	0	39	35	4	0	0	0	256	229	27	1	1	0	0	0	0	0	0	0	0	0	0	1	1	0	1	1	0	0	0	0	0	0	0	0	0	0	1	1	0	0	0	0	0	0	0	0	0	0	0	0	0	0	0	0	689	191	498
21	386	3052	408063	0	0	VILLAGE	Jaganathapurpatna	Rural	205	1066	557	509	164	86	78	1064	556	508	0	0	0	622	357	265	444	200	244	386	360	26	365	348	17	4	4	0	3	1	2	2	2	0	356	341	15	21	12	9	1	1	0	0	0	0	1	0	1	19	11	8	16	11	5	1	1	0	0	0	0	1	0	1	14	10	4	5	1	4	0	0	0	0	0	0	0	0	0	5	1	4	680	197	483
21	386	3052	408064	0	0	VILLAGE	Bhusandapursasan	Rural	595	2941	1547	1394	314	179	135	2208	1168	1040	0	0	0	2033	1163	870	908	384	524	1182	914	268	807	767	40	28	21	7	32	31	1	25	25	0	722	690	32	375	147	228	5	4	1	36	34	2	4	3	1	330	106	224	248	128	120	4	3	1	35	34	1	4	3	1	205	88	117	127	19	108	1	1	0	1	0	1	0	0	0	125	18	107	1759	633	1126
21	386	3052	408065	0	0	VILLAGE	Urumukhi	Rural	424	2139	1117	1022	260	137	123	791	426	365	0	0	0	1386	800	586	753	317	436	634	597	37	320	296	24	33	30	3	49	46	3	6	5	1	232	215	17	314	301	13	8	5	3	24	23	1	12	11	1	270	262	8	257	247	10	7	4	3	20	20	0	9	8	1	221	215	6	57	54	3	1	1	0	4	3	1	3	3	0	49	47	2	1505	520	985
21	386	3052	408066	0	0	VILLAGE	Jhatinuagaon	Rural	664	2874	1494	1380	344	161	183	2309	1197	1112	88	45	43	1691	988	703	1183	506	677	908	779	129	447	409	38	18	15	3	26	25	1	8	7	1	395	362	33	461	370	91	16	11	5	27	23	4	17	11	6	401	325	76	362	312	50	13	8	5	20	19	1	14	10	4	315	275	40	99	58	41	3	3	0	7	4	3	3	1	2	86	50	36	1966	715	1251
21	386	3052	408067	0	0	VILLAGE	Jhansipatna	Rural	205	961	495	466	135	68	67	0	0	0	0	0	0	717	390	327	244	105	139	288	282	6	275	269	6	164	162	2	51	50	1	1	1	0	59	56	3	13	13	0	0	0	0	13	13	0	0	0	0	0	0	0	13	13	0	0	0	0	13	13	0	0	0	0	0	0	0	0	0	0	0	0	0	0	0	0	0	0	0	0	0	0	673	213	460
21	386	3052	408068	0	0	VILLAGE	Gedeiswainpatna	Rural	92	465	241	224	66	35	31	0	0	0	0	0	0	316	176	140	149	65	84	133	126	7	94	90	4	28	28	0	37	37	0	5	5	0	24	20	4	39	36	3	3	2	1	34	32	2	2	2	0	0	0	0	33	32	1	3	2	1	28	28	0	2	2	0	0	0	0	6	4	2	0	0	0	6	4	2	0	0	0	0	0	0	332	115	217
21	386	3052	408069	0	0	VILLAGE	Gobardhanpurpatna	Rural	151	728	363	365	74	39	35	0	0	0	0	0	0	508	283	225	220	80	140	225	211	14	206	197	9	46	45	1	134	132	2	1	1	0	25	19	6	19	14	5	3	0	3	16	14	2	0	0	0	0	0	0	19	14	5	3	0	3	16	14	2	0	0	0	0	0	0	0	0	0	0	0	0	0	0	0	0	0	0	0	0	0	503	152	351
21	386	3052	408070	0	0	VILLAGE	Tentuliapada	Rural	114	602	303	299	80	38	42	0	0	0	0	0	0	400	220	180	202	83	119	173	161	12	171	159	12	103	97	6	35	33	2	1	1	0	32	28	4	2	2	0	0	0	0	2	2	0	0	0	0	0	0	0	2	2	0	0	0	0	2	2	0	0	0	0	0	0	0	0	0	0	0	0	0	0	0	0	0	0	0	0	0	0	429	142	287
21	386	3052	408071	0	0	VILLAGE	Gobardhanpur	Rural	542	2329	1168	1161	298	127	171	1010	501	509	7	4	3	1438	845	593	891	323	568	610	560	50	538	510	28	41	38	3	41	41	0	1	1	0	455	430	25	72	50	22	13	8	5	12	5	7	1	0	1	46	37	9	66	48	18	12	7	5	9	5	4	1	0	1	44	36	8	6	2	4	1	1	0	3	0	3	0	0	0	2	1	1	1719	608	1111
21	386	3052	408072	0	0	VILLAGE	Kantalabai	Rural	504	2304	1171	1133	282	145	137	313	160	153	0	0	0	1666	905	761	638	266	372	718	659	59	561	522	39	51	50	1	157	152	5	2	2	0	351	318	33	157	137	20	0	0	0	72	67	5	2	2	0	83	68	15	151	132	19	0	0	0	71	66	5	1	1	0	79	65	14	6	5	1	0	0	0	1	1	0	1	1	0	4	3	1	1586	512	1074
21	386	3052	408073	0	0	VILLAGE	Ujalagopinathpur	Rural	545	2590	1327	1263	285	153	132	0	0	0	0	0	0	1649	954	695	941	373	568	752	699	53	539	509	30	101	98	3	88	88	0	2	1	1	348	322	26	213	190	23	44	42	2	29	28	1	4	1	3	136	119	17	189	172	17	43	41	2	25	24	1	1	1	0	120	106	14	24	18	6	1	1	0	4	4	0	3	0	3	16	13	3	1838	628	1210
21	386	3052	408074	0	0	VILLAGE	Abhimanpur	Rural	232	1119	568	551	141	77	64	0	0	0	0	0	0	765	415	350	354	153	201	296	287	9	285	278	7	198	194	4	50	50	0	6	6	0	31	28	3	11	9	2	6	4	2	4	4	0	0	0	0	1	1	0	10	8	2	5	3	2	4	4	0	0	0	0	1	1	0	1	1	0	1	1	0	0	0	0	0	0	0	0	0	0	823	281	542
21	386	3052	408075	0	0	VILLAGE	Katilagothpatna	Rural	190	971	495	476	139	75	64	589	302	287	0	0	0	606	348	258	365	147	218	235	218	17	208	195	13	88	86	2	5	5	0	2	2	0	113	102	11	27	23	4	6	5	1	5	5	0	3	3	0	13	10	3	23	20	3	5	5	0	4	4	0	2	2	0	12	9	3	4	3	1	1	0	1	1	1	0	1	1	0	1	1	0	736	277	459
21	386	3052	408076	0	0	VILLAGE	Nuapatna	Rural	22	103	51	52	17	9	8	0	0	0	0	0	0	68	37	31	35	14	21	31	25	6	28	24	4	11	11	0	8	8	0	3	3	0	6	2	4	3	1	2	1	1	0	0	0	0	1	0	1	1	0	1	3	1	2	1	1	0	0	0	0	1	0	1	1	0	1	0	0	0	0	0	0	0	0	0	0	0	0	0	0	0	72	26	46
21	386	3052	408077	0	0	VILLAGE	Charighariapatna	Rural	144	692	358	334	71	39	32	0	0	0	0	0	0	449	259	190	243	99	144	213	195	18	123	115	8	48	48	0	35	34	1	19	18	1	21	15	6	90	80	10	11	7	4	27	25	2	40	37	3	12	11	1	63	55	8	9	5	4	19	17	2	29	27	2	6	6	0	27	25	2	2	2	0	8	8	0	11	10	1	6	5	1	479	163	316
21	386	3052	408078	0	0	VILLAGE	Tulasipurpatna	Rural	51	253	127	126	29	15	14	5	5	0	0	0	0	167	85	82	86	42	44	78	72	6	77	72	5	48	48	0	15	14	1	0	0	0	14	10	4	1	0	1	1	0	1	0	0	0	0	0	0	0	0	0	1	0	1	1	0	1	0	0	0	0	0	0	0	0	0	0	0	0	0	0	0	0	0	0	0	0	0	0	0	0	175	55	120
21	386	3052	408079	0	0	VILLAGE	Talapadapatna	Rural	98	521	266	255	66	40	26	0	0	0	0	0	0	350	185	165	171	81	90	131	122	9	121	114	7	14	13	1	15	15	0	1	1	0	91	85	6	10	8	2	0	0	0	5	3	2	0	0	0	5	5	0	10	8	2	0	0	0	5	3	2	0	0	0	5	5	0	0	0	0	0	0	0	0	0	0	0	0	0	0	0	0	390	144	246
21	386	3052	408080	0	0	VILLAGE	Penthapada	Rural	0	0	0	0	0	0	0	0	0	0	0	0	0	0	0	0	0	0	0	0	0	0	0	0	0	0	0	0	0	0	0	0	0	0	0	0	0	0	0	0	0	0	0	0	0	0	0	0	0	0	0	0	0	0	0	0	0	0	0	0	0	0	0	0	0	0	0	0	0	0	0	0	0	0	0	0	0	0	0	0	0	0	0	0	0
21	386	3052	408081	0	0	VILLAGE	Raulasahi	Rural	261	1211	619	592	145	73	72	184	99	85	0	0	0	861	485	376	350	134	216	355	327	28	258	243	15	56	49	7	18	16	2	23	23	0	161	155	6	97	84	13	37	33	4	9	7	2	6	5	1	45	39	6	89	76	13	36	32	4	6	4	2	5	4	1	42	36	6	8	8	0	1	1	0	3	3	0	1	1	0	3	3	0	856	292	564
21	386	3052	408082	0	0	VILLAGE	Siripur	Rural	0	0	0	0	0	0	0	0	0	0	0	0	0	0	0	0	0	0	0	0	0	0	0	0	0	0	0	0	0	0	0	0	0	0	0	0	0	0	0	0	0	0	0	0	0	0	0	0	0	0	0	0	0	0	0	0	0	0	0	0	0	0	0	0	0	0	0	0	0	0	0	0	0	0	0	0	0	0	0	0	0	0	0	0	0
21	386	3052	408083	0	0	VILLAGE	Balinasi	Rural	187	926	500	426	99	58	41	49	26	23	0	0	0	765	427	338	161	73	88	312	298	14	251	241	10	43	41	2	11	11	0	1	1	0	196	188	8	61	57	4	1	1	0	44	40	4	0	0	0	16	16	0	58	55	3	0	0	0	43	40	3	0	0	0	15	15	0	3	2	1	1	1	0	1	0	1	0	0	0	1	1	0	614	202	412
21	386	3052	408084	0	0	VILLAGE	Koradabasta	Rural	0	0	0	0	0	0	0	0	0	0	0	0	0	0	0	0	0	0	0	0	0	0	0	0	0	0	0	0	0	0	0	0	0	0	0	0	0	0	0	0	0	0	0	0	0	0	0	0	0	0	0	0	0	0	0	0	0	0	0	0	0	0	0	0	0	0	0	0	0	0	0	0	0	0	0	0	0	0	0	0	0	0	0	0	0
21	386	3052	408085	0	0	VILLAGE	Talapada	Rural	0	0	0	0	0	0	0	0	0	0	0	0	0	0	0	0	0	0	0	0	0	0	0	0	0	0	0	0	0	0	0	0	0	0	0	0	0	0	0	0	0	0	0	0	0	0	0	0	0	0	0	0	0	0	0	0	0	0	0	0	0	0	0	0	0	0	0	0	0	0	0	0	0	0	0	0	0	0	0	0	0	0	0	0	0
21	386	3052	408086	0	0	VILLAGE	Gopalpur	Rural	65	235	123	112	21	12	9	14	9	5	0	0	0	204	107	97	31	16	15	72	69	3	47	44	3	10	10	0	0	0	0	2	2	0	35	32	3	25	25	0	4	4	0	0	0	0	1	1	0	20	20	0	13	13	0	4	4	0	0	0	0	0	0	0	9	9	0	12	12	0	0	0	0	0	0	0	1	1	0	11	11	0	163	54	109
21	386	3052	408087	0	0	VILLAGE	Upimara	Rural	87	479	249	230	48	28	20	52	29	23	0	0	0	362	202	160	117	47	70	139	136	3	43	43	0	7	7	0	6	6	0	3	3	0	27	27	0	96	93	3	4	3	1	48	47	1	0	0	0	44	43	1	85	82	3	4	3	1	41	40	1	0	0	0	40	39	1	11	11	0	0	0	0	7	7	0	0	0	0	4	4	0	340	113	227
21	386	3052	408088	0	0	VILLAGE	Godipatna	Rural	134	697	348	349	63	34	29	0	0	0	0	0	0	541	292	249	156	56	100	192	174	18	73	66	7	13	12	1	0	0	0	11	10	1	49	44	5	119	108	11	1	1	0	15	10	5	3	2	1	100	95	5	118	107	11	1	1	0	14	9	5	3	2	1	100	95	5	1	1	0	0	0	0	1	1	0	0	0	0	0	0	0	505	174	331
21	386	3052	408089	0	0	VILLAGE	Barapatna	Rural	152	665	331	334	76	37	39	66	32	34	0	0	0	485	258	227	180	73	107	191	169	22	88	71	17	0	0	0	0	0	0	1	1	0	87	70	17	103	98	5	14	14	0	51	51	0	0	0	0	38	33	5	103	98	5	14	14	0	51	51	0	0	0	0	38	33	5	0	0	0	0	0	0	0	0	0	0	0	0	0	0	0	474	162	312
21	386	3052	408090	0	0	VILLAGE	Balungadihipatna	Rural	69	320	163	157	39	19	20	88	50	38	0	0	0	238	129	109	82	34	48	83	79	4	59	55	4	0	0	0	0	0	0	0	0	0	59	55	4	24	24	0	6	6	0	13	13	0	0	0	0	5	5	0	24	24	0	6	6	0	13	13	0	0	0	0	5	5	0	0	0	0	0	0	0	0	0	0	0	0	0	0	0	0	237	84	153
21	386	3052	408091	0	0	VILLAGE	Manpurpatna	Rural	160	739	370	369	60	35	25	77	34	43	0	0	0	501	271	230	238	99	139	207	187	20	201	184	17	27	26	1	71	68	3	7	3	4	96	87	9	6	3	3	0	0	0	2	2	0	1	0	1	3	1	2	5	2	3	0	0	0	1	1	0	1	0	1	3	1	2	1	1	0	0	0	0	1	1	0	0	0	0	0	0	0	532	183	349
21	386	3052	408092	0	0	VILLAGE	Godi	Rural	0	0	0	0	0	0	0	0	0	0	0	0	0	0	0	0	0	0	0	0	0	0	0	0	0	0	0	0	0	0	0	0	0	0	0	0	0	0	0	0	0	0	0	0	0	0	0	0	0	0	0	0	0	0	0	0	0	0	0	0	0	0	0	0	0	0	0	0	0	0	0	0	0	0	0	0	0	0	0	0	0	0	0	0	0
21	386	3052	408093	0	0	VILLAGE	Sahadapalli	Rural	1	4	3	1	0	0	0	0	0	0	0	0	0	2	2	0	2	1	1	1	1	0	1	1	0	0	0	0	0	0	0	0	0	0	1	1	0	0	0	0	0	0	0	0	0	0	0	0	0	0	0	0	0	0	0	0	0	0	0	0	0	0	0	0	0	0	0	0	0	0	0	0	0	0	0	0	0	0	0	0	0	0	3	2	1
21	386	3052	408094	0	0	VILLAGE	Balungadihi 	Rural	0	0	0	0	0	0	0	0	0	0	0	0	0	0	0	0	0	0	0	0	0	0	0	0	0	0	0	0	0	0	0	0	0	0	0	0	0	0	0	0	0	0	0	0	0	0	0	0	0	0	0	0	0	0	0	0	0	0	0	0	0	0	0	0	0	0	0	0	0	0	0	0	0	0	0	0	0	0	0	0	0	0	0	0	0
21	386	3052	408095	0	0	VILLAGE	Tarimi	Rural	231	1092	571	521	117	65	52	0	0	0	0	0	0	859	481	378	233	90	143	295	280	15	227	217	10	47	46	1	103	102	1	9	5	4	68	64	4	68	63	5	3	3	0	50	49	1	12	8	4	3	3	0	63	59	4	3	3	0	46	45	1	11	8	3	3	3	0	5	4	1	0	0	0	4	4	0	1	0	1	0	0	0	797	291	506
21	386	3052	408096	0	0	VILLAGE	Manapur	Rural	0	0	0	0	0	0	0	0	0	0	0	0	0	0	0	0	0	0	0	0	0	0	0	0	0	0	0	0	0	0	0	0	0	0	0	0	0	0	0	0	0	0	0	0	0	0	0	0	0	0	0	0	0	0	0	0	0	0	0	0	0	0	0	0	0	0	0	0	0	0	0	0	0	0	0	0	0	0	0	0	0	0	0	0	0
21	386	3052	408097	0	0	VILLAGE	Kalakaleswar	Rural	109	554	293	261	67	40	27	8	3	5	0	0	0	427	244	183	127	49	78	173	165	8	72	67	5	24	24	0	5	5	0	12	11	1	31	27	4	101	98	3	16	15	1	80	79	1	3	3	0	2	1	1	101	98	3	16	15	1	80	79	1	3	3	0	2	1	1	0	0	0	0	0	0	0	0	0	0	0	0	0	0	0	381	128	253
21	386	3052	408098	0	0	VILLAGE	Handiola	Rural	132	602	321	281	64	35	29	91	47	44	0	0	0	505	281	224	97	40	57	182	172	10	169	161	8	21	20	1	15	14	1	1	1	0	132	126	6	13	11	2	0	0	0	11	11	0	0	0	0	2	0	2	12	11	1	0	0	0	11	11	0	0	0	0	1	0	1	1	0	1	0	0	0	0	0	0	0	0	0	1	0	1	420	149	271
21	386	3052	408099	0	0	VILLAGE	Jaripada	Rural	83	373	186	187	38	17	21	132	63	69	0	0	0	286	156	130	87	30	57	112	95	17	109	94	15	6	6	0	1	1	0	3	2	1	99	85	14	3	1	2	0	0	0	1	1	0	1	0	1	1	0	1	2	1	1	0	0	0	1	1	0	1	0	1	0	0	0	1	0	1	0	0	0	0	0	0	0	0	0	1	0	1	261	91	170
21	386	3052	408100	0	0	VILLAGE	Fulagorada	Rural	121	649	348	301	71	39	32	2	2	0	0	0	0	499	280	219	150	68	82	194	181	13	165	155	10	21	20	1	17	17	0	3	3	0	124	115	9	29	26	3	13	12	1	2	2	0	1	0	1	13	12	1	28	25	3	13	12	1	2	2	0	1	0	1	12	11	1	1	1	0	0	0	0	0	0	0	0	0	0	1	1	0	455	167	288
21	386	3052	408101	0	0	VILLAGE	Rajendrapur	Rural	92	419	205	214	53	26	27	138	69	69	0	0	0	334	169	165	85	36	49	142	124	18	79	72	7	0	0	0	4	4	0	0	0	0	75	68	7	63	52	11	1	1	0	33	29	4	3	3	0	26	19	7	53	42	11	0	0	0	33	29	4	1	1	0	19	12	7	10	10	0	1	1	0	0	0	0	2	2	0	7	7	0	277	81	196
21	386	3052	408102	0	0	VILLAGE	Jogimara	Rural	0	0	0	0	0	0	0	0	0	0	0	0	0	0	0	0	0	0	0	0	0	0	0	0	0	0	0	0	0	0	0	0	0	0	0	0	0	0	0	0	0	0	0	0	0	0	0	0	0	0	0	0	0	0	0	0	0	0	0	0	0	0	0	0	0	0	0	0	0	0	0	0	0	0	0	0	0	0	0	0	0	0	0	0	0
21	386	3052	408103	0	0	VILLAGE	Nandapur	Rural	0	0	0	0	0	0	0	0	0	0	0	0	0	0	0	0	0	0	0	0	0	0	0	0	0	0	0	0	0	0	0	0	0	0	0	0	0	0	0	0	0	0	0	0	0	0	0	0	0	0	0	0	0	0	0	0	0	0	0	0	0	0	0	0	0	0	0	0	0	0	0	0	0	0	0	0	0	0	0	0	0	0	0	0	0
21	386	3052	408104	0	0	VILLAGE	Nachhipur	Rural	12	51	26	25	8	4	4	0	0	0	0	0	0	34	19	15	17	7	10	20	16	4	17	14	3	1	0	1	4	3	1	0	0	0	12	11	1	3	2	1	0	0	0	0	0	0	0	0	0	3	2	1	2	2	0	0	0	0	0	0	0	0	0	0	2	2	0	1	0	1	0	0	0	0	0	0	0	0	0	1	0	1	31	10	21
21	386	3052	408105	0	0	VILLAGE	Ahihara	Rural	55	282	141	141	31	15	16	0	0	0	0	0	0	211	114	97	71	27	44	88	76	12	69	66	3	2	2	0	12	12	0	11	11	0	44	41	3	19	10	9	1	1	0	3	2	1	2	0	2	13	7	6	15	7	8	0	0	0	3	2	1	2	0	2	10	5	5	4	3	1	1	1	0	0	0	0	0	0	0	3	2	1	194	65	129
21	386	3052	408106	0	0	VILLAGE	Brahmandihi	Rural	65	316	164	152	39	26	13	0	0	0	0	0	0	233	130	103	83	34	49	101	95	6	58	57	1	22	22	0	15	15	0	12	12	0	9	8	1	43	38	5	3	1	2	14	14	0	19	18	1	7	5	2	38	33	5	3	1	2	13	13	0	17	16	1	5	3	2	5	5	0	0	0	0	1	1	0	2	2	0	2	2	0	215	69	146
21	386	3052	408107	0	0	VILLAGE	Chandrapur	Rural	32	157	72	85	14	7	7	0	0	0	0	0	0	120	61	59	37	11	26	49	41	8	37	32	5	15	14	1	7	7	0	9	7	2	6	4	2	12	9	3	1	0	1	2	2	0	5	4	1	4	3	1	8	6	2	0	0	0	0	0	0	5	4	1	3	2	1	4	3	1	1	0	1	2	2	0	0	0	0	1	1	0	108	31	77
21	386	3052	408108	0	0	VILLAGE	Anladihi	Rural	23	134	68	66	13	7	6	0	0	0	0	0	0	118	60	58	16	8	8	52	46	6	34	34	0	4	4	0	3	3	0	0	0	0	27	27	0	18	12	6	0	0	0	8	8	0	0	0	0	10	4	6	17	11	6	0	0	0	8	8	0	0	0	0	9	3	6	1	1	0	0	0	0	0	0	0	0	0	0	1	1	0	82	22	60
21	386	3052	408109	0	0	VILLAGE	Chadeigan	Rural	88	463	247	216	41	24	17	0	0	0	0	0	0	401	220	181	62	27	35	114	107	7	86	80	6	21	21	0	3	3	0	23	21	2	39	35	4	28	27	1	2	1	1	23	23	0	2	2	0	1	1	0	27	26	1	2	1	1	23	23	0	1	1	0	1	1	0	1	1	0	0	0	0	0	0	0	1	1	0	0	0	0	349	140	209
21	386	3052	408110	0	0	VILLAGE	Baunsamula	Rural	75	434	228	206	56	30	26	0	0	0	0	0	0	377	198	179	57	30	27	124	115	9	10	5	5	0	0	0	0	0	0	0	0	0	10	5	5	114	110	4	13	13	0	5	5	0	5	5	0	91	87	4	107	105	2	13	13	0	4	4	0	5	5	0	85	83	2	7	5	2	0	0	0	1	1	0	0	0	0	6	4	2	310	113	197
21	386	3052	408111	0	0	VILLAGE	Junapada	Rural	12	52	30	22	2	0	2	0	0	0	0	0	0	35	22	13	17	8	9	13	13	0	6	6	0	5	5	0	0	0	0	0	0	0	1	1	0	7	7	0	1	1	0	6	6	0	0	0	0	0	0	0	7	7	0	1	1	0	6	6	0	0	0	0	0	0	0	0	0	0	0	0	0	0	0	0	0	0	0	0	0	0	39	17	22
21	386	3052	408112	0	0	VILLAGE	Putana	Rural	37	164	93	71	7	5	2	0	0	0	0	0	0	154	86	68	10	7	3	44	40	4	12	10	2	0	0	0	0	0	0	0	0	0	12	10	2	32	30	2	1	1	0	2	2	0	0	0	0	29	27	2	32	30	2	1	1	0	2	2	0	0	0	0	29	27	2	0	0	0	0	0	0	0	0	0	0	0	0	0	0	0	120	53	67
21	386	3052	408113	0	0	VILLAGE	Mundala	Rural	78	359	177	182	32	18	14	7	2	5	0	0	0	276	142	134	83	35	48	90	85	5	50	48	2	21	21	0	1	1	0	6	6	0	22	20	2	40	37	3	10	9	1	8	8	0	2	2	0	20	18	2	14	12	2	6	5	1	1	1	0	0	0	0	7	6	1	26	25	1	4	4	0	7	7	0	2	2	0	13	12	1	269	92	177
21	386	3052	408114	0	0	VILLAGE	Badakusumi	Rural	41	185	101	84	18	9	9	0	0	0	0	0	0	145	88	57	40	13	27	45	45	0	22	22	0	9	9	0	2	2	0	2	2	0	9	9	0	23	23	0	0	0	0	22	22	0	0	0	0	1	1	0	23	23	0	0	0	0	22	22	0	0	0	0	1	1	0	0	0	0	0	0	0	0	0	0	0	0	0	0	0	0	140	56	84
21	386	3052	408115	0	0	VILLAGE	Badapokhariapatna	Rural	97	413	196	217	59	28	31	0	0	0	0	0	0	295	159	136	118	37	81	146	133	13	134	128	6	45	41	4	48	48	0	1	1	0	40	38	2	12	5	7	0	0	0	4	3	1	0	0	0	8	2	6	10	5	5	0	0	0	3	3	0	0	0	0	7	2	5	2	0	2	0	0	0	1	0	1	0	0	0	1	0	1	267	63	204
21	386	3052	408116	0	0	VILLAGE	Sanakusumi	Rural	178	946	486	460	113	60	53	127	65	62	0	0	0	689	372	317	257	114	143	270	254	16	158	151	7	117	113	4	5	5	0	7	7	0	29	26	3	112	103	9	2	1	1	79	74	5	6	6	0	25	22	3	112	103	9	2	1	1	79	74	5	6	6	0	25	22	3	0	0	0	0	0	0	0	0	0	0	0	0	0	0	0	676	232	444
21	386	3052	408117	0	0	VILLAGE	Darugaon	Rural	110	585	282	303	90	43	47	224	106	118	0	0	0	422	224	198	163	58	105	176	167	9	150	143	7	49	49	0	30	30	0	0	0	0	71	64	7	26	24	2	5	4	1	16	15	1	0	0	0	5	5	0	24	23	1	5	4	1	14	14	0	0	0	0	5	5	0	2	1	1	0	0	0	2	1	1	0	0	0	0	0	0	409	115	294
21	386	3052	408118	0	0	VILLAGE	Orada	Rural	123	701	360	341	75	39	36	0	0	0	0	0	0	571	300	271	130	60	70	187	177	10	183	176	7	110	107	3	9	9	0	34	34	0	30	26	4	4	1	3	2	0	2	0	0	0	0	0	0	2	1	1	4	1	3	2	0	2	0	0	0	0	0	0	2	1	1	0	0	0	0	0	0	0	0	0	0	0	0	0	0	0	514	183	331
21	386	3052	408119	0	0	VILLAGE	Pariorada	Rural	482	2402	1141	1261	279	140	139	483	212	271	38	20	18	1626	847	779	776	294	482	598	559	39	439	410	29	151	147	4	81	80	1	24	22	2	183	161	22	159	149	10	59	58	1	44	41	3	6	4	2	50	46	4	127	118	9	47	46	1	39	36	3	4	3	1	37	33	4	32	31	1	12	12	0	5	5	0	2	1	1	13	13	0	1804	582	1222
21	386	3052	408120	0	0	VILLAGE	Tutumbarapalli	Rural	71	360	196	164	33	15	18	0	0	0	0	0	0	244	139	105	116	57	59	100	95	5	97	92	5	1	0	1	65	64	1	15	13	2	16	15	1	3	3	0	0	0	0	1	1	0	0	0	0	2	2	0	3	3	0	0	0	0	1	1	0	0	0	0	2	2	0	0	0	0	0	0	0	0	0	0	0	0	0	0	0	0	260	101	159
21	386	3052	408121	0	0	VILLAGE	Talagadakuhudi	Rural	77	310	157	153	55	30	25	44	19	25	0	0	0	173	92	81	137	65	72	76	74	2	74	72	2	13	13	0	50	48	2	0	0	0	11	11	0	2	2	0	0	0	0	1	1	0	0	0	0	1	1	0	1	1	0	0	0	0	0	0	0	0	0	0	1	1	0	1	1	0	0	0	0	1	1	0	0	0	0	0	0	0	234	83	151
21	386	3052	408122	0	0	VILLAGE	Chandeswar	Rural	752	3278	1627	1651	411	204	207	323	170	153	577	293	284	2179	1225	954	1099	402	697	1063	946	117	521	484	37	162	158	4	40	39	1	4	3	1	315	284	31	542	462	80	18	17	1	383	318	65	2	2	0	139	125	14	173	167	6	6	6	0	113	110	3	1	1	0	53	50	3	369	295	74	12	11	1	270	208	62	1	1	0	86	75	11	2215	681	1534
21	386	3052	408123	0	0	VILLAGE	Krushnaprasad	Rural	8	37	20	17	3	1	2	0	0	0	0	0	0	29	18	11	8	2	6	9	9	0	9	9	0	4	4	0	0	0	0	0	0	0	5	5	0	0	0	0	0	0	0	0	0	0	0	0	0	0	0	0	0	0	0	0	0	0	0	0	0	0	0	0	0	0	0	0	0	0	0	0	0	0	0	0	0	0	0	0	0	0	28	11	17
21	386	3052	408124	0	0	VILLAGE	Nizgarhkuhudi	Rural	874	4220	2082	2138	509	264	245	366	184	182	342	156	186	2908	1510	1398	1312	572	740	1184	1083	101	829	752	77	253	248	5	103	97	6	23	22	1	450	385	65	355	331	24	16	14	2	273	263	10	9	8	1	57	46	11	330	308	22	15	13	2	255	245	10	8	7	1	52	43	9	25	23	2	1	1	0	18	18	0	1	1	0	5	3	2	3036	999	2037
21	386	3052	408125	0	0	VILLAGE	Dikhitipada	Rural	363	1852	964	888	244	132	112	8	5	3	0	0	0	1182	691	491	670	273	397	492	465	27	413	391	22	259	252	7	80	76	4	5	4	1	69	59	10	79	74	5	4	4	0	50	47	3	1	1	0	24	22	2	76	73	3	4	4	0	49	47	2	1	1	0	22	21	1	3	1	2	0	0	0	1	0	1	0	0	0	2	1	1	1360	499	861
21	386	3052	408126	0	0	VILLAGE	Brushabandha	Rural	47	196	93	103	17	10	7	11	5	6	0	0	0	134	68	66	62	25	37	46	43	3	43	41	2	8	8	0	18	17	1	3	3	0	14	13	1	3	2	1	0	0	0	2	1	1	0	0	0	1	1	0	3	2	1	0	0	0	2	1	1	0	0	0	1	1	0	0	0	0	0	0	0	0	0	0	0	0	0	0	0	0	150	50	100
21	386	3052	408127	0	0	VILLAGE	Adiapada	Rural	170	930	489	441	125	68	57	3	1	2	0	0	0	658	383	275	272	106	166	262	243	19	85	75	10	50	48	2	4	4	0	11	10	1	20	13	7	177	168	9	2	2	0	6	6	0	27	26	1	142	134	8	162	155	7	2	2	0	4	4	0	26	25	1	130	124	6	15	13	2	0	0	0	2	2	0	1	1	0	12	10	2	668	246	422
21	386	3052	408128	0	0	VILLAGE	Kunjuri	Rural	56	232	121	111	30	17	13	0	0	0	196	102	94	142	80	62	90	41	49	71	68	3	70	67	3	1	1	0	53	51	2	0	0	0	16	15	1	1	1	0	0	0	0	0	0	0	0	0	0	1	1	0	1	1	0	0	0	0	0	0	0	0	0	0	1	1	0	0	0	0	0	0	0	0	0	0	0	0	0	0	0	0	161	53	108
21	386	3052	408129	0	0	VILLAGE	Khairapalli	Rural	0	0	0	0	0	0	0	0	0	0	0	0	0	0	0	0	0	0	0	0	0	0	0	0	0	0	0	0	0	0	0	0	0	0	0	0	0	0	0	0	0	0	0	0	0	0	0	0	0	0	0	0	0	0	0	0	0	0	0	0	0	0	0	0	0	0	0	0	0	0	0	0	0	0	0	0	0	0	0	0	0	0	0	0	0
21	386	3052	408130	0	0	VILLAGE	Malakadia	Rural	10	50	27	23	8	4	4	0	0	0	50	27	23	13	11	2	37	16	21	19	19	0	17	17	0	17	17	0	0	0	0	0	0	0	0	0	0	2	2	0	1	1	0	0	0	0	0	0	0	1	1	0	2	2	0	1	1	0	0	0	0	0	0	0	1	1	0	0	0	0	0	0	0	0	0	0	0	0	0	0	0	0	31	8	23
21	386	3052	408131	0	0	VILLAGE	Akasapalli	Rural	20	90	47	43	15	7	8	0	0	0	76	37	39	30	20	10	60	27	33	29	29	0	28	28	0	18	18	0	10	10	0	0	0	0	0	0	0	1	1	0	1	1	0	0	0	0	0	0	0	0	0	0	1	1	0	1	1	0	0	0	0	0	0	0	0	0	0	0	0	0	0	0	0	0	0	0	0	0	0	0	0	0	61	18	43
21	386	3052	408132	0	0	VILLAGE	Belapada	Rural	4	25	10	15	9	4	5	0	0	0	18	7	11	6	3	3	19	7	12	4	4	0	4	4	0	3	3	0	1	1	0	0	0	0	0	0	0	0	0	0	0	0	0	0	0	0	0	0	0	0	0	0	0	0	0	0	0	0	0	0	0	0	0	0	0	0	0	0	0	0	0	0	0	0	0	0	0	0	0	0	0	0	21	6	15
21	386	3052	408133	0	0	VILLAGE	Jayamangalapur	Rural	203	1101	568	533	125	61	64	0	0	0	0	0	0	776	425	351	325	143	182	318	306	12	302	290	12	101	98	3	24	24	0	0	0	0	177	168	9	16	16	0	2	2	0	5	5	0	0	0	0	9	9	0	15	15	0	2	2	0	5	5	0	0	0	0	8	8	0	1	1	0	0	0	0	0	0	0	0	0	0	1	1	0	783	262	521
21	386	3052	408134	0	0	VILLAGE	Jariput	Rural	49	239	120	119	32	17	15	0	0	0	0	0	0	127	71	56	112	49	63	80	75	5	80	75	5	51	51	0	15	15	0	1	1	0	13	8	5	0	0	0	0	0	0	0	0	0	0	0	0	0	0	0	0	0	0	0	0	0	0	0	0	0	0	0	0	0	0	0	0	0	0	0	0	0	0	0	0	0	0	0	0	0	159	45	114
21	386	3052	408135	0	0	VILLAGE	Kaithapalla	Rural	458	2174	1071	1103	269	139	130	12	4	8	0	0	0	1514	815	699	660	256	404	579	559	20	519	503	16	163	162	1	160	159	1	2	2	0	194	180	14	60	56	4	15	15	0	23	23	0	0	0	0	22	18	4	56	52	4	15	15	0	23	23	0	0	0	0	18	14	4	4	4	0	0	0	0	0	0	0	0	0	0	4	4	0	1595	512	1083
21	386	3052	408136	0	0	VILLAGE	Haripur	Rural	537	2422	1231	1191	265	159	106	91	47	44	0	0	0	1935	1010	925	487	221	266	710	686	24	618	598	20	206	206	0	144	143	1	7	7	0	261	242	19	92	88	4	4	3	1	50	49	1	8	7	1	30	29	1	72	70	2	3	3	0	41	40	1	6	5	1	22	22	0	20	18	2	1	0	1	9	9	0	2	2	0	8	7	1	1712	545	1167
21	386	3052	408137	0	0	VILLAGE	Athabatia	Rural	0	0	0	0	0	0	0	0	0	0	0	0	0	0	0	0	0	0	0	0	0	0	0	0	0	0	0	0	0	0	0	0	0	0	0	0	0	0	0	0	0	0	0	0	0	0	0	0	0	0	0	0	0	0	0	0	0	0	0	0	0	0	0	0	0	0	0	0	0	0	0	0	0	0	0	0	0	0	0	0	0	0	0	0	0
21	386	3052	408138	0	0	VILLAGE	Nimuna	Rural	101	572	322	250	77	51	26	52	31	21	0	0	0	440	245	195	132	77	55	137	131	6	127	121	6	1	0	1	64	62	2	0	0	0	62	59	3	10	10	0	0	0	0	0	0	0	0	0	0	10	10	0	10	10	0	0	0	0	0	0	0	0	0	0	10	10	0	0	0	0	0	0	0	0	0	0	0	0	0	0	0	0	435	191	244
21	386	3052	408139	0	0	VILLAGE	Amaraoli	Rural	42	182	102	80	19	8	11	16	7	9	0	0	0	146	90	56	36	12	24	58	44	14	56	42	14	0	0	0	27	22	5	1	0	1	28	20	8	2	2	0	0	0	0	1	1	0	0	0	0	1	1	0	1	1	0	0	0	0	0	0	0	0	0	0	1	1	0	1	1	0	0	0	0	1	1	0	0	0	0	0	0	0	124	58	66
21	386	3052	408140	0	0	VILLAGE	Balia	Rural	113	551	289	262	88	47	41	65	38	27	0	0	0	409	227	182	142	62	80	170	163	7	141	140	1	30	30	0	12	11	1	3	3	0	96	96	0	29	23	6	7	7	0	5	4	1	1	1	0	16	11	5	24	20	4	6	6	0	4	3	1	0	0	0	14	11	3	5	3	2	1	1	0	1	1	0	1	1	0	2	0	2	381	126	255
21	386	3052	408141	0	0	VILLAGE	Begunia	Rural	183	818	404	414	108	52	56	62	36	26	0	0	0	543	302	241	275	102	173	251	238	13	186	178	8	130	130	0	10	10	0	0	0	0	46	38	8	65	60	5	1	1	0	34	34	0	2	0	2	28	25	3	38	37	1	1	1	0	24	24	0	0	0	0	13	12	1	27	23	4	0	0	0	10	10	0	2	0	2	15	13	2	567	166	401
21	386	3052	408142	0	0	VILLAGE	Parabala	Rural	221	1061	535	526	118	61	57	121	54	67	0	0	0	724	410	314	337	125	212	296	287	9	222	216	6	100	100	0	61	60	1	0	0	0	61	56	5	74	71	3	3	3	0	49	49	0	1	1	0	21	18	3	52	52	0	1	1	0	38	38	0	1	1	0	12	12	0	22	19	3	2	2	0	11	11	0	0	0	0	9	6	3	765	248	517
21	386	3052	408143	0	0	VILLAGE	Baradihi	Rural	563	2741	1409	1332	358	184	174	1147	603	544	1	1	0	1885	1084	801	856	325	531	980	852	128	703	675	28	60	60	0	47	47	0	10	9	1	586	559	27	277	177	100	19	16	3	35	34	1	5	1	4	218	126	92	183	145	38	19	16	3	33	32	1	3	1	2	128	96	32	94	32	62	0	0	0	2	2	0	2	0	2	90	30	60	1761	557	1204
21	386	3052	408144	0	0	VILLAGE	Biribadi	Rural	767	3458	1702	1756	452	237	215	95	43	52	239	112	127	2420	1292	1128	1038	410	628	1007	898	109	630	591	39	347	347	0	48	48	0	22	22	0	213	174	39	377	307	70	5	4	1	267	236	31	4	1	3	101	66	35	340	289	51	5	4	1	236	220	16	3	1	2	96	64	32	37	18	19	0	0	0	31	16	15	1	0	1	5	2	3	2451	804	1647
21	386	3052	408145	0	0	VILLAGE	Gopalprasad	Rural	938	4575	2325	2250	519	279	240	981	472	509	3	1	2	3176	1739	1437	1399	586	813	1354	1169	185	949	866	83	191	185	6	78	77	1	8	6	2	672	598	74	405	303	102	11	5	6	158	152	6	6	3	3	230	143	87	365	273	92	9	5	4	148	143	5	6	3	3	202	122	80	40	30	10	2	0	2	10	9	1	0	0	0	28	21	7	3221	1156	2065
21	386	3052	408146	0	0	VILLAGE	Gainada	Rural	790	3755	1925	1830	530	287	243	2092	1093	999	3	1	2	2655	1463	1192	1100	462	638	1219	1065	154	877	821	56	15	15	0	95	93	2	9	9	0	758	704	54	342	244	98	11	7	4	20	20	0	3	0	3	308	217	91	323	232	91	11	7	4	17	17	0	3	0	3	292	208	84	19	12	7	0	0	0	3	3	0	0	0	0	16	9	7	2536	860	1676
21	386	3052	408147	0	0	VILLAGE	Tarapi	Rural	205	963	498	465	98	47	51	7	3	4	0	0	0	784	434	350	179	64	115	268	260	8	264	256	8	67	67	0	84	84	0	1	1	0	112	104	8	4	4	0	1	1	0	2	2	0	0	0	0	1	1	0	4	4	0	1	1	0	2	2	0	0	0	0	1	1	0	0	0	0	0	0	0	0	0	0	0	0	0	0	0	0	695	238	457
21	386	3052	408148	0	0	VILLAGE	Taladihi	Rural	363	1950	999	951	206	96	110	601	309	292	103	51	52	1460	814	646	490	185	305	572	539	33	480	456	24	63	59	4	42	41	1	8	8	0	367	348	19	92	83	9	9	8	1	46	45	1	0	0	0	37	30	7	82	74	8	7	6	1	45	44	1	0	0	0	30	24	6	10	9	1	2	2	0	1	1	0	0	0	0	7	6	1	1378	460	918
21	386	3052	408149	0	0	VILLAGE	Ratanpur	Rural	750	3945	2046	1899	463	243	220	1091	565	526	0	0	0	2580	1456	1124	1365	590	775	1137	1022	115	956	898	58	91	83	8	372	361	11	29	28	1	464	426	38	181	124	57	21	12	9	36	29	7	8	3	5	116	80	36	160	106	54	20	11	9	31	26	5	8	3	5	101	66	35	21	18	3	1	1	0	5	3	2	0	0	0	15	14	1	2808	1024	1784
21	386	3052	408150	0	0	VILLAGE	Bhagabatipur	Rural	1172	5408	2720	2688	691	376	315	711	367	344	1	1	0	3723	1992	1731	1685	728	957	1570	1456	114	1031	978	53	193	190	3	126	124	2	16	16	0	696	648	48	539	478	61	38	36	2	114	114	0	5	0	5	382	328	54	511	457	54	35	33	2	105	105	0	5	0	5	366	319	47	28	21	7	3	3	0	9	9	0	0	0	0	16	9	7	3838	1264	2574
21	386	3052	408151	0	0	VILLAGE	Sorana	Rural	849	3648	1822	1826	454	249	205	1369	709	660	0	0	0	2454	1292	1162	1194	530	664	1073	1003	70	773	737	36	158	155	3	30	30	0	1	1	0	584	551	33	300	266	34	9	8	1	127	120	7	3	3	0	161	135	26	273	252	21	9	8	1	118	115	3	3	3	0	143	126	17	27	14	13	0	0	0	9	5	4	0	0	0	18	9	9	2575	819	1756
21	386	3052	408152	0	0	VILLAGE	Mansinghpur	Rural	1273	6388	3356	3032	922	498	424	4805	2532	2273	2	0	2	3995	2223	1772	2393	1133	1260	2144	1999	145	1884	1810	74	216	207	9	24	24	0	42	41	1	1602	1538	64	260	189	71	29	19	10	8	8	0	19	9	10	204	153	51	223	171	52	27	17	10	7	7	0	13	6	7	176	141	35	37	18	19	2	2	0	1	1	0	6	3	3	28	12	16	4244	1357	2887
21	386	3052	408153	0	0	VILLAGE	Katilagotha	Rural	69	333	173	160	33	12	21	78	38	40	0	0	0	235	142	93	98	31	67	109	106	3	6	4	2	1	0	1	0	0	0	0	0	0	5	4	1	103	102	1	0	0	0	8	7	1	0	0	0	95	95	0	2	2	0	0	0	0	0	0	0	0	0	0	2	2	0	101	100	1	0	0	0	8	7	1	0	0	0	93	93	0	224	67	157
21	386	3052	408154	0	0	VILLAGE	Matiapada	Rural	229	1074	555	519	108	52	56	130	72	58	0	0	0	788	437	351	286	118	168	315	307	8	139	132	7	27	26	1	1	1	0	0	0	0	111	105	6	176	175	1	9	9	0	103	103	0	2	1	1	62	62	0	174	174	0	9	9	0	102	102	0	1	1	0	62	62	0	2	1	1	0	0	0	1	1	0	1	0	1	0	0	0	759	248	511
21	386	3052	408155	0	0	VILLAGE	Jatiapatna	Rural	137	560	275	285	64	29	35	128	66	62	0	0	0	419	214	205	141	61	80	179	170	9	8	7	1	0	0	0	0	0	0	1	1	0	7	6	1	171	163	8	13	13	0	133	126	7	0	0	0	25	24	1	166	159	7	13	13	0	128	122	6	0	0	0	25	24	1	5	4	1	0	0	0	5	4	1	0	0	0	0	0	0	381	105	276
21	386	3052	408156	0	0	VILLAGE	Radhamohanpur	Rural	169	791	397	394	66	34	32	48	23	25	0	0	0	638	331	307	153	66	87	198	189	9	190	181	9	9	8	1	3	3	0	2	2	0	176	168	8	8	8	0	0	0	0	1	1	0	0	0	0	7	7	0	5	5	0	0	0	0	0	0	0	0	0	0	5	5	0	3	3	0	0	0	0	1	1	0	0	0	0	2	2	0	593	208	385
21	386	3052	408157	0	0	VILLAGE	Naligadia	Rural	135	700	351	349	76	37	39	0	0	0	0	0	0	562	299	263	138	52	86	206	194	12	195	187	8	17	17	0	142	142	0	5	2	3	31	26	5	11	7	4	1	1	0	2	2	0	0	0	0	8	4	4	10	6	4	1	1	0	2	2	0	0	0	0	7	3	4	1	1	0	0	0	0	0	0	0	0	0	0	1	1	0	494	157	337
21	386	3052	408158	0	0	VILLAGE	Jaganathpurpatana	Rural	187	998	529	469	168	89	79	977	517	460	0	0	0	504	295	209	494	234	260	380	332	48	113	100	13	0	0	0	25	25	0	0	0	0	88	75	13	267	232	35	2	0	2	0	0	0	1	0	1	264	232	32	238	211	27	2	0	2	0	0	0	1	0	1	235	211	24	29	21	8	0	0	0	0	0	0	0	0	0	29	21	8	618	197	421
21	386	3052	408159	0	0	VILLAGE	Dadhibabanpur	Rural	680	3475	1768	1707	464	243	221	2356	1198	1158	0	0	0	1967	1074	893	1508	694	814	1095	1029	66	936	900	36	17	17	0	9	9	0	5	5	0	905	869	36	159	129	30	2	2	0	31	30	1	3	2	1	123	95	28	141	115	26	2	2	0	27	27	0	2	1	1	110	85	25	18	14	4	0	0	0	4	3	1	1	1	0	13	10	3	2380	739	1641
21	386	3052	408160	0	0	VILLAGE	Panchupatia	Rural	103	470	243	227	57	28	29	149	78	71	0	0	0	378	206	172	92	37	55	134	128	6	47	43	4	0	0	0	0	0	0	12	12	0	35	31	4	87	85	2	3	3	0	65	65	0	0	0	0	19	17	2	77	77	0	3	3	0	57	57	0	0	0	0	17	17	0	10	8	2	0	0	0	8	8	0	0	0	0	2	0	2	336	115	221
21	386	3052	408161	0	0	VILLAGE	Raghunathpur	Rural	52	290	143	147	36	19	17	0	0	0	0	0	0	220	112	108	70	31	39	83	80	3	35	32	3	31	29	2	1	1	0	0	0	0	3	2	1	48	48	0	2	2	0	42	42	0	0	0	0	4	4	0	46	46	0	1	1	0	41	41	0	0	0	0	4	4	0	2	2	0	1	1	0	1	1	0	0	0	0	0	0	0	207	63	144
21	386	3052	408162	0	0	VILLAGE	Khadipadar	Rural	59	255	123	132	20	9	11	0	0	0	0	0	0	190	105	85	65	18	47	66	62	4	32	30	2	6	6	0	8	8	0	5	5	0	13	11	2	34	32	2	1	1	0	30	28	2	1	1	0	2	2	0	5	5	0	0	0	0	5	5	0	0	0	0	0	0	0	29	27	2	1	1	0	25	23	2	1	1	0	2	2	0	189	61	128
21	386	3052	408163	0	0	VILLAGE	Nathpur	Rural	0	0	0	0	0	0	0	0	0	0	0	0	0	0	0	0	0	0	0	0	0	0	0	0	0	0	0	0	0	0	0	0	0	0	0	0	0	0	0	0	0	0	0	0	0	0	0	0	0	0	0	0	0	0	0	0	0	0	0	0	0	0	0	0	0	0	0	0	0	0	0	0	0	0	0	0	0	0	0	0	0	0	0	0	0
21	386	3052	408164	0	0	VILLAGE	Karatiasahi	Rural	181	861	455	406	123	68	55	841	445	396	0	0	0	372	219	153	489	236	253	263	249	14	205	197	8	0	0	0	0	0	0	0	0	0	205	197	8	58	52	6	0	0	0	0	0	0	0	0	0	58	52	6	57	51	6	0	0	0	0	0	0	0	0	0	57	51	6	1	1	0	0	0	0	0	0	0	0	0	0	1	1	0	598	206	392
21	386	3052	408165	0	0	VILLAGE	Mangalajodi	Rural	780	3972	2051	1921	553	293	260	2741	1419	1322	1	0	1	2291	1309	982	1681	742	939	1292	1163	129	1005	920	85	49	49	0	74	74	0	40	37	3	842	760	82	287	243	44	6	3	3	67	65	2	0	0	0	214	175	39	266	229	37	5	2	3	67	65	2	0	0	0	194	162	32	21	14	7	1	1	0	0	0	0	0	0	0	20	13	7	2680	888	1792
21	386	3052	408166	0	0	VILLAGE	Sitarampur	Rural	0	0	0	0	0	0	0	0	0	0	0	0	0	0	0	0	0	0	0	0	0	0	0	0	0	0	0	0	0	0	0	0	0	0	0	0	0	0	0	0	0	0	0	0	0	0	0	0	0	0	0	0	0	0	0	0	0	0	0	0	0	0	0	0	0	0	0	0	0	0	0	0	0	0	0	0	0	0	0	0	0	0	0	0	0
21	386	3052	408167	0	0	VILLAGE	Jaganathpur	Rural	0	0	0	0	0	0	0	0	0	0	0	0	0	0	0	0	0	0	0	0	0	0	0	0	0	0	0	0	0	0	0	0	0	0	0	0	0	0	0	0	0	0	0	0	0	0	0	0	0	0	0	0	0	0	0	0	0	0	0	0	0	0	0	0	0	0	0	0	0	0	0	0	0	0	0	0	0	0	0	0	0	0	0	0	0
21	386	3052	408168	0	0	VILLAGE	Subhadrapur	Rural	44	308	159	149	54	23	31	307	159	148	0	0	0	212	126	86	96	33	63	107	96	11	104	93	11	6	4	2	0	0	0	2	2	0	96	87	9	3	3	0	0	0	0	0	0	0	0	0	0	3	3	0	3	3	0	0	0	0	0	0	0	0	0	0	3	3	0	0	0	0	0	0	0	0	0	0	0	0	0	0	0	0	201	63	138
21	386	3052	408169	0	0	TOWN	Tangi (CT)   	Urban	909	4471	2287	2184	443	246	197	602	310	292	3	3	0	3520	1872	1648	951	415	536	1442	1237	205	1086	949	137	36	34	2	149	149	0	152	144	8	749	622	127	356	288	68	17	8	9	70	70	0	107	90	17	162	120	42	301	236	65	16	7	9	44	44	0	98	82	16	143	103	40	55	52	3	1	1	0	26	26	0	9	8	1	19	17	2	3029	1050	1979
21	386	3052	408169	1	0	WARD	Tangi (CT)    WARD NO.-0001	Urban	909	4471	2287	2184	443	246	197	602	310	292	3	3	0	3520	1872	1648	951	415	536	1442	1237	205	1086	949	137	36	34	2	149	149	0	152	144	8	749	622	127	356	288	68	17	8	9	70	70	0	107	90	17	162	120	42	301	236	65	16	7	9	44	44	0	98	82	16	143	103	40	55	52	3	1	1	0	26	26	0	9	8	1	19	17	2	3029	1050	1979
21	386	3052	408170	0	0	TOWN	Balipatapur (CT)  	Urban	1398	6898	3566	3332	918	459	459	4200	2186	2014	6	0	6	4124	2360	1764	2774	1206	1568	2291	2112	179	1914	1829	85	97	95	2	16	14	2	19	19	0	1782	1701	81	377	283	94	23	22	1	94	47	47	9	5	4	251	209	42	305	242	63	23	22	1	65	36	29	9	5	4	208	179	29	72	41	31	0	0	0	29	11	18	0	0	0	43	30	13	4607	1454	3153
21	386	3052	408170	1	0	WARD	Balipatapur (CT)   WARD NO.-0001	Urban	1398	6898	3566	3332	918	459	459	4200	2186	2014	6	0	6	4124	2360	1764	2774	1206	1568	2291	2112	179	1914	1829	85	97	95	2	16	14	2	19	19	0	1782	1701	81	377	283	94	23	22	1	94	47	47	9	5	4	251	209	42	305	242	63	23	22	1	65	36	29	9	5	4	208	179	29	72	41	31	0	0	0	29	11	18	0	0	0	43	30	13	4607	1454	3153
21	386	3053	0	0	0	SUB-DISTRICT	Balugaon	Total	24051	113758	58559	55199	13038	6953	6085	20621	10413	10208	559	275	284	81895	45674	36221	31863	12885	18978	38986	33038	5948	30651	27686	2965	6545	6237	308	3326	3195	131	857	694	163	19923	17560	2363	8335	5352	2983	1017	607	410	2527	1822	705	549	242	307	4242	2681	1561	6506	4504	2002	583	476	107	2117	1599	518	431	200	231	3375	2229	1146	1829	848	981	434	131	303	410	223	187	118	42	76	867	452	415	74772	25521	49251
21	386	3053	0	0	0	SUB-DISTRICT	Balugaon	Rural	19265	89842	45120	44722	10620	5658	4962	15654	7829	7825	352	169	183	63675	34630	29045	26167	10490	15677	29173	24519	4654	22362	20156	2206	6349	6046	303	3190	3080	110	680	558	122	12143	10472	1671	6811	4363	2448	963	584	379	2268	1622	646	427	208	219	3153	1949	1204	5143	3604	1539	531	455	76	1870	1408	462	327	170	157	2415	1571	844	1668	759	909	432	129	303	398	214	184	100	38	62	738	378	360	60669	20601	40068
21	386	3053	0	0	0	SUB-DISTRICT	Balugaon	Urban	4786	23916	13439	10477	2418	1295	1123	4967	2584	2383	207	106	101	18220	11044	7176	5696	2395	3301	9813	8519	1294	8289	7530	759	196	191	5	136	115	21	177	136	41	7780	7088	692	1524	989	535	54	23	31	259	200	59	122	34	88	1089	732	357	1363	900	463	52	21	31	247	191	56	104	30	74	960	658	302	161	89	72	2	2	0	12	9	3	18	4	14	129	74	55	14103	4920	9183
21	386	3053	408171	0	0	VILLAGE	Dinabandhupur (Thekuapalli)	Rural	144	711	392	319	83	44	39	211	109	102	0	0	0	447	279	168	264	113	151	335	221	114	224	210	14	162	159	3	51	44	7	1	0	1	10	7	3	111	11	100	1	0	1	106	8	98	0	0	0	4	3	1	111	11	100	1	0	1	106	8	98	0	0	0	4	3	1	0	0	0	0	0	0	0	0	0	0	0	0	0	0	0	376	171	205
21	386	3053	408172	0	0	VILLAGE	Gotapalli	Rural	169	743	339	404	116	55	61	0	0	0	0	0	0	482	243	239	261	96	165	183	166	17	161	155	6	110	110	0	9	9	0	3	3	0	39	33	6	22	11	11	1	1	0	3	3	0	0	0	0	18	7	11	17	7	10	0	0	0	1	1	0	0	0	0	16	6	10	5	4	1	1	1	0	2	2	0	0	0	0	2	1	1	560	173	387
21	386	3053	408173	0	0	VILLAGE	Kulei	Rural	217	1027	512	515	118	66	52	45	24	21	0	0	0	782	410	372	245	102	143	499	330	169	491	325	166	375	265	110	25	20	5	29	13	16	62	27	35	8	5	3	4	3	1	2	1	1	1	0	1	1	1	0	8	5	3	4	3	1	2	1	1	1	0	1	1	1	0	0	0	0	0	0	0	0	0	0	0	0	0	0	0	0	528	182	346
21	386	3053	408174	0	0	VILLAGE	Manei	Rural	39	220	114	106	30	11	19	21	11	10	6	2	4	165	92	73	55	22	33	84	79	5	77	75	2	37	36	1	1	1	0	1	1	0	38	37	1	7	4	3	3	2	1	3	1	2	1	1	0	0	0	0	7	4	3	3	2	1	3	1	2	1	1	0	0	0	0	0	0	0	0	0	0	0	0	0	0	0	0	0	0	0	136	35	101
21	386	3053	408175	0	0	VILLAGE	Salapadihi	Rural	273	1308	691	617	174	95	79	0	0	0	0	0	0	940	522	418	368	169	199	423	396	27	397	380	17	169	163	6	103	101	2	12	11	1	113	105	8	26	16	10	5	1	4	11	10	1	1	1	0	9	4	5	23	13	10	5	1	4	8	7	1	1	1	0	9	4	5	3	3	0	0	0	0	3	3	0	0	0	0	0	0	0	885	295	590
21	386	3053	408176	0	0	VILLAGE	Paikarapur	Rural	40	209	112	97	14	8	6	0	0	0	0	0	0	165	95	70	44	17	27	61	53	8	35	29	6	2	2	0	1	1	0	0	0	0	32	26	6	26	24	2	6	5	1	15	15	0	0	0	0	5	4	1	25	24	1	6	5	1	15	15	0	0	0	0	4	4	0	1	0	1	0	0	0	0	0	0	0	0	0	1	0	1	148	59	89
21	386	3053	408177	0	0	VILLAGE	Kandhaambajhar	Rural	218	1054	551	503	145	80	65	0	0	0	0	0	0	707	403	304	347	148	199	338	316	22	89	78	11	7	7	0	7	6	1	2	2	0	73	63	10	249	238	11	32	32	0	45	44	1	0	0	0	172	162	10	245	237	8	32	32	0	45	44	1	0	0	0	168	161	7	4	1	3	0	0	0	0	0	0	0	0	0	4	1	3	716	235	481
21	386	3053	408178	0	0	VILLAGE	Goradajhari	Rural	433	2160	1106	1054	267	144	123	212	104	108	295	146	149	1386	781	605	774	325	449	758	622	136	410	360	50	61	60	1	197	191	6	51	30	21	101	79	22	348	262	86	49	47	2	219	166	53	33	17	16	47	32	15	312	229	83	46	44	2	195	144	51	29	14	15	42	27	15	36	33	3	3	3	0	24	22	2	4	3	1	5	5	0	1402	484	918
21	386	3053	408179	0	0	VILLAGE	Jagabandhupursasan	Rural	105	537	269	268	73	37	36	41	22	19	0	0	0	374	208	166	163	61	102	173	150	23	166	145	21	26	26	0	12	12	0	3	3	0	125	104	21	7	5	2	0	0	0	2	2	0	1	1	0	4	2	2	5	4	1	0	0	0	1	1	0	1	1	0	3	2	1	2	1	1	0	0	0	1	1	0	0	0	0	1	0	1	364	119	245
21	386	3053	408180	0	0	VILLAGE	Nayakot	Rural	164	837	432	405	94	49	45	0	0	0	0	0	0	609	333	276	228	99	129	276	259	17	221	207	14	50	48	2	52	51	1	0	0	0	119	108	11	55	52	3	5	4	1	45	44	1	0	0	0	5	4	1	53	50	3	5	4	1	43	42	1	0	0	0	5	4	1	2	2	0	0	0	0	2	2	0	0	0	0	0	0	0	561	173	388
21	386	3053	408181	0	0	VILLAGE	Nilakanthapur	Rural	0	0	0	0	0	0	0	0	0	0	0	0	0	0	0	0	0	0	0	0	0	0	0	0	0	0	0	0	0	0	0	0	0	0	0	0	0	0	0	0	0	0	0	0	0	0	0	0	0	0	0	0	0	0	0	0	0	0	0	0	0	0	0	0	0	0	0	0	0	0	0	0	0	0	0	0	0	0	0	0	0	0	0	0	0
21	386	3053	408182	0	0	VILLAGE	Jibandeipur	Rural	141	755	390	365	79	42	37	10	5	5	0	0	0	511	295	216	244	95	149	251	235	16	216	202	14	84	81	3	14	13	1	44	40	4	74	68	6	35	33	2	5	5	0	13	13	0	10	10	0	7	5	2	33	32	1	4	4	0	13	13	0	10	10	0	6	5	1	2	1	1	1	1	0	0	0	0	0	0	0	1	0	1	504	155	349
21	386	3053	408183	0	0	VILLAGE	Harikunda	Rural	7	31	15	16	8	5	3	0	0	0	0	0	0	16	9	7	15	6	9	7	6	1	2	2	0	0	0	0	2	2	0	0	0	0	0	0	0	5	4	1	0	0	0	5	4	1	0	0	0	0	0	0	5	4	1	0	0	0	5	4	1	0	0	0	0	0	0	0	0	0	0	0	0	0	0	0	0	0	0	0	0	0	24	9	15
21	386	3053	408184	0	0	VILLAGE	Patajoshipursasan	Rural	59	259	130	129	32	11	21	8	1	7	0	0	0	199	113	86	60	17	43	66	57	9	54	48	6	11	11	0	37	34	3	0	0	0	6	3	3	12	9	3	0	0	0	10	9	1	0	0	0	2	0	2	11	9	2	0	0	0	10	9	1	0	0	0	1	0	1	1	0	1	0	0	0	0	0	0	0	0	0	1	0	1	193	73	120
21	386	3053	408185	0	0	VILLAGE	Baratangi	Rural	0	0	0	0	0	0	0	0	0	0	0	0	0	0	0	0	0	0	0	0	0	0	0	0	0	0	0	0	0	0	0	0	0	0	0	0	0	0	0	0	0	0	0	0	0	0	0	0	0	0	0	0	0	0	0	0	0	0	0	0	0	0	0	0	0	0	0	0	0	0	0	0	0	0	0	0	0	0	0	0	0	0	0	0	0
21	386	3053	408186	0	0	VILLAGE	Baradihi	Rural	388	1875	972	903	204	108	96	0	0	0	0	0	0	1430	813	617	445	159	286	529	506	23	469	458	11	211	206	5	169	167	2	2	2	0	87	83	4	60	48	12	2	1	1	42	34	8	6	4	2	10	9	1	49	42	7	2	1	1	34	30	4	5	3	2	8	8	0	11	6	5	0	0	0	8	4	4	1	1	0	2	1	1	1346	466	880
21	386	3053	408187	0	0	VILLAGE	Dattapur	Rural	29	171	82	89	17	10	7	0	0	0	0	0	0	141	70	71	30	12	18	59	51	8	25	25	0	8	8	0	5	5	0	2	2	0	10	10	0	34	26	8	1	1	0	19	18	1	3	0	3	11	7	4	27	23	4	1	1	0	17	17	0	1	0	1	8	5	3	7	3	4	0	0	0	2	1	1	2	0	2	3	2	1	112	31	81
21	386	3053	408188	0	0	VILLAGE	kanheipur	Rural	277	1388	682	706	149	80	69	382	188	194	0	0	0	1046	564	482	342	118	224	448	378	70	316	298	18	97	96	1	49	48	1	4	4	0	166	150	16	132	80	52	2	2	0	56	43	13	10	3	7	64	32	32	109	73	36	2	2	0	43	37	6	9	3	6	55	31	24	23	7	16	0	0	0	13	6	7	1	0	1	9	1	8	940	304	636
21	386	3053	408189	0	0	VILLAGE	Sunakhala	Rural	244	1232	615	617	139	61	78	33	12	21	0	0	0	828	447	381	404	168	236	370	345	25	337	318	19	95	94	1	50	49	1	36	35	1	156	140	16	33	27	6	5	3	2	5	5	0	4	4	0	19	15	4	29	24	5	4	2	2	5	5	0	3	3	0	17	14	3	4	3	1	1	1	0	0	0	0	1	1	0	2	1	1	862	270	592
21	386	3053	408190	0	0	VILLAGE	Badapadar	Rural	349	1690	854	836	216	118	98	183	86	97	0	0	0	1202	657	545	488	197	291	535	452	83	386	352	34	71	70	1	35	34	1	39	34	5	241	214	27	149	100	49	12	12	0	40	37	3	30	8	22	67	43	24	137	96	41	12	12	0	38	35	3	24	7	17	63	42	21	12	4	8	0	0	0	2	2	0	6	1	5	4	1	3	1155	402	753
21	386	3053	408191	0	0	VILLAGE	Nachuni	Rural	446	2118	1117	1001	211	125	86	37	21	16	4	1	3	1693	907	786	425	210	215	594	534	60	438	395	43	152	149	3	5	5	0	48	38	10	233	203	30	156	139	17	13	9	4	3	3	0	14	14	0	126	113	13	91	77	14	7	5	2	3	3	0	6	6	0	75	63	12	65	62	3	6	4	2	0	0	0	8	8	0	51	50	1	1524	583	941
21	386	3053	408192	0	0	VILLAGE	Bhabanipur	Rural	39	189	103	86	25	14	11	18	10	8	0	0	0	137	80	57	52	23	29	59	44	15	33	30	3	2	2	0	3	3	0	7	6	1	21	19	2	26	14	12	3	2	1	3	3	0	10	1	9	10	8	2	15	9	6	1	1	0	2	2	0	6	1	5	6	5	1	11	5	6	2	1	1	1	1	0	4	0	4	4	3	1	130	59	71
21	386	3053	408193	0	0	VILLAGE	Lokipur	Rural	69	351	169	182	43	18	25	101	43	58	0	0	0	246	131	115	105	38	67	100	96	4	22	19	3	1	1	0	0	0	0	0	0	0	21	18	3	78	77	1	7	7	0	41	41	0	0	0	0	30	29	1	59	58	1	7	7	0	34	34	0	0	0	0	18	17	1	19	19	0	0	0	0	7	7	0	0	0	0	12	12	0	251	73	178
21	386	3053	408194	0	0	VILLAGE	Gangadharpursasan	Rural	186	816	422	394	74	40	34	43	22	21	0	0	0	644	358	286	172	64	108	159	139	20	124	111	13	8	7	1	0	0	0	9	8	1	107	96	11	35	28	7	6	6	0	1	1	0	2	2	0	26	19	7	24	19	5	6	6	0	1	1	0	1	1	0	16	11	5	11	9	2	0	0	0	0	0	0	1	1	0	10	8	2	657	283	374
21	386	3053	408195	0	0	VILLAGE	Singipursasan	Rural	96	501	256	245	55	33	22	58	31	27	0	0	0	373	201	172	128	55	73	169	144	25	154	136	18	55	54	1	16	16	0	2	1	1	81	65	16	15	8	7	1	1	0	3	3	0	1	1	0	10	3	7	9	7	2	0	0	0	3	3	0	1	1	0	5	3	2	6	1	5	1	1	0	0	0	0	0	0	0	5	0	5	332	112	220
21	386	3053	408196	0	0	VILLAGE	Chhotarapursasan	Rural	208	975	504	471	97	53	44	26	10	16	0	0	0	767	411	356	208	93	115	291	265	26	281	258	23	44	44	0	19	19	0	7	3	4	211	192	19	10	7	3	1	0	1	1	1	0	0	0	0	8	6	2	6	4	2	1	0	1	1	1	0	0	0	0	4	3	1	4	3	1	0	0	0	0	0	0	0	0	0	4	3	1	684	239	445
21	386	3053	408197	0	0	VILLAGE	Baulabandha	Rural	1430	6660	3401	3259	846	453	393	1903	1007	896	6	1	5	4387	2468	1919	2273	933	1340	2046	1919	127	1561	1496	65	439	431	8	73	69	4	15	12	3	1034	984	50	485	423	62	25	24	1	330	323	7	15	11	4	115	65	50	465	406	59	24	23	1	321	315	6	13	9	4	107	59	48	20	17	3	1	1	0	9	8	1	2	2	0	8	6	2	4614	1482	3132
21	386	3053	408198	0	0	VILLAGE	Badanairi	Rural	207	987	483	504	132	57	75	143	63	80	0	0	0	592	332	260	395	151	244	271	264	7	266	261	5	99	98	1	32	32	0	2	2	0	133	129	4	5	3	2	1	0	1	1	1	0	0	0	0	3	2	1	5	3	2	1	0	1	1	1	0	0	0	0	3	2	1	0	0	0	0	0	0	0	0	0	0	0	0	0	0	0	716	219	497
21	386	3053	408199	0	0	VILLAGE	Sananairi	Rural	1011	4410	2236	2174	587	315	272	2611	1326	1285	0	0	0	2489	1443	1046	1921	793	1128	1510	1271	239	1000	901	99	37	35	2	26	26	0	7	7	0	930	833	97	510	370	140	4	4	0	37	34	3	2	1	1	467	331	136	313	219	94	3	3	0	29	27	2	2	1	1	279	188	91	197	151	46	1	1	0	8	7	1	0	0	0	188	143	45	2900	965	1935
21	386	3053	408200	0	0	VILLAGE	Hariharpur	Rural	184	931	478	453	88	50	38	196	91	105	0	0	0	622	341	281	309	137	172	280	263	17	185	180	5	16	15	1	9	9	0	2	2	0	158	154	4	95	83	12	30	29	1	15	13	2	0	0	0	50	41	9	91	83	8	30	29	1	13	13	0	0	0	0	48	41	7	4	0	4	0	0	0	2	0	2	0	0	0	2	0	2	651	215	436
21	386	3053	408201	0	0	VILLAGE	Charibatia	Rural	4	24	13	11	3	1	2	0	0	0	0	0	0	11	7	4	13	6	7	7	6	1	3	3	0	1	1	0	0	0	0	0	0	0	2	2	0	4	3	1	3	3	0	0	0	0	0	0	0	1	0	1	4	3	1	3	3	0	0	0	0	0	0	0	1	0	1	0	0	0	0	0	0	0	0	0	0	0	0	0	0	0	17	7	10
21	386	3053	408202	0	0	VILLAGE	Santarapur	Rural	92	443	232	211	70	36	34	0	0	0	0	0	0	334	190	144	109	42	67	157	151	6	136	134	2	2	2	0	0	0	0	9	9	0	125	123	2	21	17	4	0	0	0	1	1	0	0	0	0	20	16	4	15	15	0	0	0	0	1	1	0	0	0	0	14	14	0	6	2	4	0	0	0	0	0	0	0	0	0	6	2	4	286	81	205
21	386	3053	408203	0	0	VILLAGE	Kumandala patna	Rural	216	993	477	516	148	83	65	500	245	255	0	0	0	717	368	349	276	109	167	369	242	127	285	218	67	57	55	2	3	3	0	1	1	0	224	159	65	84	24	60	0	0	0	7	4	3	0	0	0	77	20	57	37	15	22	0	0	0	3	1	2	0	0	0	34	14	20	47	9	38	0	0	0	4	3	1	0	0	0	43	6	37	624	235	389
21	386	3053	408204	0	0	VILLAGE	Patharakata	Rural	126	541	255	286	60	26	34	29	15	14	0	0	0	402	207	195	139	48	91	166	143	23	126	117	9	48	47	1	12	12	0	1	1	0	65	57	8	40	26	14	2	2	0	5	5	0	2	1	1	31	18	13	31	22	9	2	2	0	5	5	0	1	0	1	23	15	8	9	4	5	0	0	0	0	0	0	1	1	0	8	3	5	375	112	263
21	386	3053	408205	0	0	VILLAGE	Saralasinghi	Rural	185	809	407	402	95	58	37	24	13	11	0	0	0	571	295	276	238	112	126	277	206	71	219	194	25	96	79	17	30	29	1	36	34	2	57	52	5	58	12	46	2	1	1	3	3	0	2	1	1	51	7	44	53	9	44	2	1	1	1	1	0	1	0	1	49	7	42	5	3	2	0	0	0	2	2	0	1	1	0	2	0	2	532	201	331
21	386	3053	408206	0	0	VILLAGE	Pranadeipur	Rural	63	300	149	151	37	22	15	0	0	0	0	0	0	222	114	108	78	35	43	107	87	20	105	86	19	51	40	11	6	6	0	0	0	0	48	40	8	2	1	1	0	0	0	0	0	0	0	0	0	2	1	1	1	1	0	0	0	0	0	0	0	0	0	0	1	1	0	1	0	1	0	0	0	0	0	0	0	0	0	1	0	1	193	62	131
21	386	3053	408207	0	0	VILLAGE	Gamei	Rural	36	192	92	100	23	16	7	0	0	0	0	0	0	153	73	80	39	19	20	43	38	5	18	16	2	13	13	0	0	0	0	0	0	0	5	3	2	25	22	3	14	14	0	3	1	2	6	6	0	2	1	1	21	18	3	12	12	0	2	0	2	5	5	0	2	1	1	4	4	0	2	2	0	1	1	0	1	1	0	0	0	0	149	54	95
21	386	3053	408208	0	0	VILLAGE	Haripur	Rural	0	0	0	0	0	0	0	0	0	0	0	0	0	0	0	0	0	0	0	0	0	0	0	0	0	0	0	0	0	0	0	0	0	0	0	0	0	0	0	0	0	0	0	0	0	0	0	0	0	0	0	0	0	0	0	0	0	0	0	0	0	0	0	0	0	0	0	0	0	0	0	0	0	0	0	0	0	0	0	0	0	0	0	0	0
21	386	3053	408209	0	0	VILLAGE	Samantasingharpur	Rural	148	702	362	340	84	45	39	41	21	20	0	0	0	523	294	229	179	68	111	174	162	12	159	153	6	7	7	0	124	123	1	0	0	0	28	23	5	15	9	6	0	0	0	4	4	0	0	0	0	11	5	6	15	9	6	0	0	0	4	4	0	0	0	0	11	5	6	0	0	0	0	0	0	0	0	0	0	0	0	0	0	0	528	200	328
21	386	3053	408210	0	0	VILLAGE	Mardarajpur	Rural	11	51	27	24	1	1	0	0	0	0	0	0	0	38	21	17	13	6	7	16	16	0	0	0	0	0	0	0	0	0	0	0	0	0	0	0	0	16	16	0	0	0	0	13	13	0	3	3	0	0	0	0	16	16	0	0	0	0	13	13	0	3	3	0	0	0	0	0	0	0	0	0	0	0	0	0	0	0	0	0	0	0	35	11	24
21	386	3053	408211	0	0	VILLAGE	Karadi	Rural	51	267	143	124	0	0	0	0	0	0	0	0	0	221	123	98	46	20	26	75	72	3	9	6	3	0	0	0	0	0	0	3	3	0	6	3	3	66	66	0	23	23	0	14	14	0	28	28	0	1	1	0	66	66	0	23	23	0	14	14	0	28	28	0	1	1	0	0	0	0	0	0	0	0	0	0	0	0	0	0	0	0	192	71	121
21	386	3053	408212	0	0	VILLAGE	Ransinghapur	Rural	93	475	241	234	58	33	25	0	0	0	0	0	0	380	198	182	95	43	52	143	135	8	107	101	6	71	69	2	5	4	1	1	1	0	30	27	3	36	34	2	3	3	0	24	24	0	0	0	0	9	7	2	36	34	2	3	3	0	24	24	0	0	0	0	9	7	2	0	0	0	0	0	0	0	0	0	0	0	0	0	0	0	332	106	226
21	386	3053	408213	0	0	VILLAGE	Nidhipur	Rural	47	227	118	109	30	22	8	14	8	6	0	0	0	143	76	67	84	42	42	116	61	55	109	57	52	45	19	26	9	6	3	1	0	1	54	32	22	7	4	3	0	0	0	1	0	1	3	3	0	3	1	2	7	4	3	0	0	0	1	0	1	3	3	0	3	1	2	0	0	0	0	0	0	0	0	0	0	0	0	0	0	0	111	57	54
21	386	3053	408214	0	0	VILLAGE	Kaluri	Rural	67	332	158	174	41	22	19	0	0	0	0	0	0	192	111	81	140	47	93	86	81	5	81	77	4	74	74	0	1	1	0	0	0	0	6	2	4	5	4	1	0	0	0	4	4	0	1	0	1	0	0	0	4	3	1	0	0	0	3	3	0	1	0	1	0	0	0	1	1	0	0	0	0	1	1	0	0	0	0	0	0	0	246	77	169
21	386	3053	408215	0	0	VILLAGE	Kumandola	Rural	36	224	104	120	30	14	16	0	0	0	0	0	0	136	70	66	88	34	54	50	48	2	50	48	2	27	27	0	0	0	0	0	0	0	23	21	2	0	0	0	0	0	0	0	0	0	0	0	0	0	0	0	0	0	0	0	0	0	0	0	0	0	0	0	0	0	0	0	0	0	0	0	0	0	0	0	0	0	0	0	0	0	174	56	118
21	386	3053	408216	0	0	VILLAGE	Harapur	Rural	72	303	141	162	33	20	13	0	0	0	0	0	0	185	89	96	118	52	66	118	73	45	68	65	3	28	27	1	22	22	0	2	2	0	16	14	2	50	8	42	0	0	0	4	4	0	5	1	4	41	3	38	31	7	24	0	0	0	4	4	0	5	1	4	22	2	20	19	1	18	0	0	0	0	0	0	0	0	0	19	1	18	185	68	117
21	386	3053	408217	0	0	VILLAGE	Champatipur	Rural	86	422	215	207	36	22	14	0	0	0	0	0	0	301	176	125	121	39	82	130	101	29	90	87	3	40	39	1	41	40	1	2	2	0	7	6	1	40	14	26	1	1	0	15	13	2	21	0	21	3	0	3	21	13	8	0	0	0	15	13	2	6	0	6	0	0	0	19	1	18	1	1	0	0	0	0	15	0	15	3	0	3	292	114	178
21	386	3053	408218	0	0	VILLAGE	Rahanabelli	Rural	101	440	224	216	46	23	23	0	0	0	0	0	0	313	181	132	127	43	84	153	113	40	111	107	4	84	84	0	0	0	0	1	1	0	26	22	4	42	6	36	0	0	0	0	0	0	0	0	0	42	6	36	1	1	0	0	0	0	0	0	0	0	0	0	1	1	0	41	5	36	0	0	0	0	0	0	0	0	0	41	5	36	287	111	176
21	386	3053	408219	0	0	VILLAGE	Durgapur	Rural	68	341	182	159	44	20	24	19	10	9	0	0	0	243	140	103	98	42	56	160	111	49	110	102	8	38	38	0	23	23	0	0	0	0	49	41	8	50	9	41	0	0	0	13	3	10	0	0	0	37	6	31	48	8	40	0	0	0	13	3	10	0	0	0	35	5	30	2	1	1	0	0	0	0	0	0	0	0	0	2	1	1	181	71	110
21	386	3053	408220	0	0	VILLAGE	Khetrapala	Rural	57	275	142	133	28	14	14	0	0	0	0	0	0	217	124	93	58	18	40	129	91	38	88	83	5	33	33	0	16	16	0	0	0	0	39	34	5	41	8	33	2	1	1	7	1	6	2	0	2	30	6	24	37	8	29	2	1	1	6	1	5	2	0	2	27	6	21	4	0	4	0	0	0	1	0	1	0	0	0	3	0	3	146	51	95
21	386	3053	408221	0	0	VILLAGE	Brahmanakusadiha	Rural	202	870	428	442	93	50	43	372	174	198	0	0	0	573	318	255	297	110	187	309	218	91	122	107	15	14	14	0	12	12	0	4	4	0	92	77	15	187	111	76	5	3	2	94	67	27	0	0	0	88	41	47	180	105	75	4	2	2	90	63	27	0	0	0	86	40	46	7	6	1	1	1	0	4	4	0	0	0	0	2	1	1	561	210	351
21	386	3053	408222	0	0	VILLAGE	Dangua	Rural	32	165	83	82	21	11	10	0	0	0	0	0	0	119	65	54	46	18	28	61	45	16	35	35	0	28	28	0	5	5	0	0	0	0	2	2	0	26	10	16	2	2	0	7	7	0	0	0	0	17	1	16	13	9	4	2	2	0	6	6	0	0	0	0	5	1	4	13	1	12	0	0	0	1	1	0	0	0	0	12	0	12	104	38	66
21	386	3053	408223	0	0	VILLAGE	Srikrushnapur	Rural	53	248	131	117	26	18	8	0	0	0	0	0	0	202	110	92	46	21	25	81	63	18	71	61	10	34	34	0	7	7	0	0	0	0	30	20	10	10	2	8	0	0	0	1	1	0	5	0	5	4	1	3	3	2	1	0	0	0	1	1	0	1	0	1	1	1	0	7	0	7	0	0	0	0	0	0	4	0	4	3	0	3	167	68	99
21	386	3053	408224	0	0	VILLAGE	Srichandanpur	Rural	0	0	0	0	0	0	0	0	0	0	0	0	0	0	0	0	0	0	0	0	0	0	0	0	0	0	0	0	0	0	0	0	0	0	0	0	0	0	0	0	0	0	0	0	0	0	0	0	0	0	0	0	0	0	0	0	0	0	0	0	0	0	0	0	0	0	0	0	0	0	0	0	0	0	0	0	0	0	0	0	0	0	0	0	0
21	386	3053	408225	0	0	VILLAGE	Lambodarpur	Rural	138	570	240	330	80	35	45	0	0	0	0	0	0	405	195	210	165	45	120	221	139	82	142	127	15	70	70	0	24	21	3	5	3	2	43	33	10	79	12	67	1	0	1	71	10	61	1	0	1	6	2	4	21	10	11	0	0	0	15	9	6	1	0	1	5	1	4	58	2	56	1	0	1	56	1	55	0	0	0	1	1	0	349	101	248
21	386	3053	408226	0	0	VILLAGE	Sikharapadar	Rural	71	339	182	157	34	21	13	0	0	0	0	0	0	292	159	133	47	23	24	116	104	12	111	103	8	29	28	1	62	59	3	0	0	0	20	16	4	5	1	4	0	0	0	0	0	0	4	0	4	1	1	0	0	0	0	0	0	0	0	0	0	0	0	0	0	0	0	5	1	4	0	0	0	0	0	0	4	0	4	1	1	0	223	78	145
21	386	3053	408227	0	0	VILLAGE	Kimbhiripada	Rural	171	794	396	398	74	45	29	3	1	2	0	0	0	620	323	297	174	73	101	193	179	14	171	165	6	85	84	1	34	33	1	1	1	0	51	47	4	22	14	8	1	0	1	5	3	2	2	2	0	14	9	5	18	10	8	1	0	1	3	1	2	2	2	0	12	7	5	4	4	0	0	0	0	2	2	0	0	0	0	2	2	0	601	217	384
21	386	3053	408228	0	0	VILLAGE	Harekrushnapur	Rural	53	225	107	118	30	17	13	225	107	118	0	0	0	152	78	74	73	29	44	115	60	55	115	60	55	2	2	0	0	0	0	0	0	0	113	58	55	0	0	0	0	0	0	0	0	0	0	0	0	0	0	0	0	0	0	0	0	0	0	0	0	0	0	0	0	0	0	0	0	0	0	0	0	0	0	0	0	0	0	0	0	0	110	47	63
21	386	3053	408229	0	0	VILLAGE	Bankiapalli	Rural	62	216	93	123	31	14	17	216	93	123	0	0	0	143	74	69	73	19	54	112	49	63	112	49	63	1	1	0	0	0	0	0	0	0	111	48	63	0	0	0	0	0	0	0	0	0	0	0	0	0	0	0	0	0	0	0	0	0	0	0	0	0	0	0	0	0	0	0	0	0	0	0	0	0	0	0	0	0	0	0	0	0	104	44	60
21	386	3053	408230	0	0	VILLAGE	Ankula	Rural	129	567	269	298	79	51	28	72	35	37	0	0	0	344	176	168	223	93	130	186	128	58	105	96	9	19	18	1	29	28	1	1	1	0	56	49	7	81	32	49	1	1	0	39	17	22	3	0	3	38	14	24	74	31	43	1	1	0	34	16	18	2	0	2	37	14	23	7	1	6	0	0	0	5	1	4	1	0	1	1	0	1	381	141	240
21	386	3053	408231	0	0	VILLAGE	Paikakusadiha	Rural	88	402	203	199	30	19	11	0	0	0	0	0	0	362	183	179	40	20	20	107	93	14	85	79	6	3	2	1	68	64	4	2	2	0	12	11	1	22	14	8	2	0	2	13	11	2	2	2	0	5	1	4	7	2	5	0	0	0	1	0	1	1	1	0	5	1	4	15	12	3	2	0	2	12	11	1	1	1	0	0	0	0	295	110	185
21	386	3053	408232	0	0	VILLAGE	Damodarpur	Rural	12	46	21	25	6	3	3	0	0	0	0	0	0	36	18	18	10	3	7	13	13	0	13	13	0	0	0	0	11	11	0	0	0	0	2	2	0	0	0	0	0	0	0	0	0	0	0	0	0	0	0	0	0	0	0	0	0	0	0	0	0	0	0	0	0	0	0	0	0	0	0	0	0	0	0	0	0	0	0	0	0	0	33	8	25
21	386	3053	408233	0	0	VILLAGE	Purusotampur	Rural	121	617	328	289	76	41	35	0	0	0	0	0	0	403	236	167	214	92	122	197	178	19	140	133	7	71	71	0	0	0	0	2	0	2	67	62	5	57	45	12	15	13	2	34	24	10	0	0	0	8	8	0	46	38	8	15	13	2	23	17	6	0	0	0	8	8	0	11	7	4	0	0	0	11	7	4	0	0	0	0	0	0	420	150	270
21	386	3053	408234	0	0	VILLAGE	Ambapada	Rural	86	372	170	202	54	23	31	5	2	3	0	0	0	219	116	103	153	54	99	94	86	8	80	76	4	4	4	0	28	28	0	1	1	0	47	43	4	14	10	4	1	0	1	5	5	0	0	0	0	8	5	3	11	8	3	1	0	1	5	5	0	0	0	0	5	3	2	3	2	1	0	0	0	0	0	0	0	0	0	3	2	1	278	84	194
21	386	3053	408235	0	0	VILLAGE	Gobardhanpur	Rural	320	1435	690	745	179	98	81	326	161	165	0	0	0	983	507	476	452	183	269	553	368	185	401	336	65	57	54	3	76	72	4	6	4	2	262	206	56	152	32	120	8	1	7	108	12	96	0	0	0	36	19	17	143	30	113	6	1	5	105	11	94	0	0	0	32	18	14	9	2	7	2	0	2	3	1	2	0	0	0	4	1	3	882	322	560
21	386	3053	408236	0	0	VILLAGE	Kotari	Rural	189	895	478	417	113	69	44	0	0	0	0	0	0	648	382	266	247	96	151	282	268	14	219	210	9	32	32	0	46	45	1	31	30	1	110	103	7	63	58	5	4	4	0	19	19	0	6	6	0	34	29	5	48	47	1	4	4	0	16	16	0	1	1	0	27	26	1	15	11	4	0	0	0	3	3	0	5	5	0	7	3	4	613	210	403
21	386	3053	408237	0	0	VILLAGE	Parikansari	Rural	118	664	337	327	94	49	45	0	0	0	0	0	0	482	259	223	182	78	104	203	191	12	174	165	9	117	111	6	28	28	0	14	12	2	15	14	1	29	26	3	5	5	0	14	14	0	8	7	1	2	0	2	28	25	3	5	5	0	13	13	0	8	7	1	2	0	2	1	1	0	0	0	0	1	1	0	0	0	0	0	0	0	461	146	315
21	386	3053	408238	0	0	VILLAGE	Dikhitipada	Rural	148	682	346	336	58	32	26	0	0	0	0	0	0	623	314	309	59	32	27	195	183	12	175	164	11	94	93	1	18	17	1	4	4	0	59	50	9	20	19	1	2	2	0	7	6	1	2	2	0	9	9	0	20	19	1	2	2	0	7	6	1	2	2	0	9	9	0	0	0	0	0	0	0	0	0	0	0	0	0	0	0	0	487	163	324
21	386	3053	408239	0	0	VILLAGE	Basudeipur	Rural	121	555	262	293	59	28	31	0	0	0	0	0	0	429	221	208	126	41	85	162	152	10	122	117	5	56	56	0	7	7	0	2	2	0	57	52	5	40	35	5	2	2	0	4	1	3	0	0	0	34	32	2	28	27	1	2	2	0	1	1	0	0	0	0	25	24	1	12	8	4	0	0	0	3	0	3	0	0	0	9	8	1	393	110	283
21	386	3053	408240	0	0	VILLAGE	Khanata	Rural	217	894	430	464	100	46	54	10	5	5	0	0	0	666	361	305	228	69	159	292	216	76	129	115	14	27	25	2	35	28	7	3	2	1	64	60	4	163	101	62	28	6	22	62	30	32	9	6	3	64	59	5	97	82	15	1	1	0	33	25	8	8	5	3	55	51	4	66	19	47	27	5	22	29	5	24	1	1	0	9	8	1	602	214	388
21	386	3053	408241	0	0	VILLAGE	Bisundihi	Rural	279	1223	585	638	145	82	63	81	37	44	0	0	0	930	470	460	293	115	178	404	294	110	376	279	97	122	103	19	20	14	6	5	5	0	229	157	72	28	15	13	5	2	3	5	2	3	1	0	1	17	11	6	25	13	12	5	2	3	4	1	3	1	0	1	15	10	5	3	2	1	0	0	0	1	1	0	0	0	0	2	1	1	819	291	528
21	386	3053	408242	0	0	VILLAGE	Tentulidihi	Rural	109	498	252	246	62	37	25	11	5	6	0	0	0	367	195	172	131	57	74	123	113	10	114	106	8	28	27	1	24	24	0	0	0	0	62	55	7	9	7	2	4	3	1	2	1	1	0	0	0	3	3	0	7	6	1	3	2	1	1	1	0	0	0	0	3	3	0	2	1	1	1	1	0	1	0	1	0	0	0	0	0	0	375	139	236
21	386	3053	408243	0	0	VILLAGE	Aleidihapatana	Rural	154	689	355	334	62	29	33	0	0	0	0	0	0	592	318	274	97	37	60	239	224	15	171	168	3	17	17	0	35	35	0	6	6	0	113	110	3	68	56	12	4	4	0	17	16	1	1	1	0	46	35	11	66	54	12	3	3	0	17	16	1	1	1	0	45	34	11	2	2	0	1	1	0	0	0	0	0	0	0	1	1	0	450	131	319
21	386	3053	408244	0	0	VILLAGE	Nandapur	Rural	429	2015	1028	987	197	102	95	13	6	7	11	5	6	1631	875	756	384	153	231	589	539	50	546	509	37	72	71	1	40	38	2	28	27	1	406	373	33	43	30	13	2	0	2	3	3	0	4	3	1	34	24	10	40	27	13	2	0	2	2	2	0	3	2	1	33	23	10	3	3	0	0	0	0	1	1	0	1	1	0	1	1	0	1426	489	937
21	386	3053	408245	0	0	VILLAGE	Mangarajpur	Rural	115	552	290	262	50	33	17	5	2	3	0	0	0	434	240	194	118	50	68	147	134	13	144	132	12	57	54	3	4	4	0	2	2	0	81	72	9	3	2	1	0	0	0	0	0	0	1	1	0	2	1	1	3	2	1	0	0	0	0	0	0	1	1	0	2	1	1	0	0	0	0	0	0	0	0	0	0	0	0	0	0	0	405	156	249
21	386	3053	408246	0	0	VILLAGE	Damodarpur	Rural	119	549	295	254	59	27	32	0	0	0	0	0	0	409	246	163	140	49	91	193	177	16	188	176	12	21	21	0	43	42	1	0	0	0	124	113	11	5	1	4	0	0	0	1	1	0	2	0	2	2	0	2	5	1	4	0	0	0	1	1	0	2	0	2	2	0	2	0	0	0	0	0	0	0	0	0	0	0	0	0	0	0	356	118	238
21	386	3053	408247	0	0	VILLAGE	Dolamundei	Rural	116	635	328	307	74	37	37	0	0	0	0	0	0	448	261	187	187	67	120	183	180	3	179	177	2	77	76	1	75	74	1	0	0	0	27	27	0	4	3	1	3	2	1	1	1	0	0	0	0	0	0	0	4	3	1	3	2	1	1	1	0	0	0	0	0	0	0	0	0	0	0	0	0	0	0	0	0	0	0	0	0	0	452	148	304
21	386	3053	408248	0	0	VILLAGE	Mangalapursasan	Rural	186	905	469	436	109	56	53	0	0	0	0	0	0	637	366	271	268	103	165	302	294	8	106	99	7	69	68	1	0	0	0	0	0	0	37	31	6	196	195	1	1	0	1	133	133	0	0	0	0	62	62	0	155	155	0	0	0	0	93	93	0	0	0	0	62	62	0	41	40	1	1	0	1	40	40	0	0	0	0	0	0	0	603	175	428
21	386	3053	408249	0	0	VILLAGE	Chasangara	Rural	165	645	287	358	87	45	42	3	2	1	3	1	2	492	227	265	153	60	93	148	142	6	129	124	5	89	88	1	4	4	0	0	0	0	36	32	4	19	18	1	12	12	0	4	4	0	0	0	0	3	2	1	19	18	1	12	12	0	4	4	0	0	0	0	3	2	1	0	0	0	0	0	0	0	0	0	0	0	0	0	0	0	497	145	352
21	386	3053	408250	0	0	VILLAGE	Ostapalli	Rural	103	433	226	207	60	31	29	3	2	1	0	0	0	325	192	133	108	34	74	128	124	4	125	121	4	109	106	3	1	1	0	1	1	0	14	13	1	3	3	0	1	1	0	1	1	0	1	1	0	0	0	0	3	3	0	1	1	0	1	1	0	1	1	0	0	0	0	0	0	0	0	0	0	0	0	0	0	0	0	0	0	0	305	102	203
21	386	3053	408251	0	0	VILLAGE	Ankula	Rural	125	546	274	272	75	42	33	2	1	1	0	0	0	417	220	197	129	54	75	134	132	2	134	132	2	90	90	0	30	30	0	0	0	0	14	12	2	0	0	0	0	0	0	0	0	0	0	0	0	0	0	0	0	0	0	0	0	0	0	0	0	0	0	0	0	0	0	0	0	0	0	0	0	0	0	0	0	0	0	0	0	0	412	142	270
21	386	3053	408252	0	0	VILLAGE	Kuanrpur	Rural	17	82	41	41	13	9	4	0	0	0	0	0	0	58	29	29	24	12	12	22	22	0	21	21	0	3	3	0	3	3	0	0	0	0	15	15	0	1	1	0	0	0	0	1	1	0	0	0	0	0	0	0	1	1	0	0	0	0	1	1	0	0	0	0	0	0	0	0	0	0	0	0	0	0	0	0	0	0	0	0	0	0	60	19	41
21	386	3053	408253	0	0	VILLAGE	Manitri	Rural	42	235	130	105	34	19	15	0	0	0	0	0	0	158	99	59	77	31	46	67	66	1	65	64	1	4	4	0	4	4	0	3	3	0	54	53	1	2	2	0	0	0	0	0	0	0	0	0	0	2	2	0	2	2	0	0	0	0	0	0	0	0	0	0	2	2	0	0	0	0	0	0	0	0	0	0	0	0	0	0	0	0	168	64	104
21	386	3053	408254	0	0	VILLAGE	Kuanrkalipatna	Rural	44	245	122	123	40	15	25	0	0	0	0	0	0	139	83	56	106	39	67	61	58	3	60	57	3	0	0	0	1	1	0	0	0	0	59	56	3	1	1	0	0	0	0	0	0	0	0	0	0	1	1	0	0	0	0	0	0	0	0	0	0	0	0	0	0	0	0	1	1	0	0	0	0	0	0	0	0	0	0	1	1	0	184	64	120
21	386	3053	408255	0	0	VILLAGE	Saranai	Rural	124	580	311	269	80	42	38	0	0	0	0	0	0	418	250	168	162	61	101	190	182	8	181	175	6	54	53	1	43	43	0	5	5	0	79	74	5	9	7	2	1	1	0	4	3	1	0	0	0	4	3	1	7	6	1	0	0	0	4	3	1	0	0	0	3	3	0	2	1	1	1	1	0	0	0	0	0	0	0	1	0	1	390	129	261
21	386	3053	408256	0	0	VILLAGE	Ranasinghprasad	Rural	70	297	143	154	21	12	9	0	0	0	0	0	0	234	116	118	63	27	36	86	83	3	86	83	3	40	40	0	30	29	1	0	0	0	16	14	2	0	0	0	0	0	0	0	0	0	0	0	0	0	0	0	0	0	0	0	0	0	0	0	0	0	0	0	0	0	0	0	0	0	0	0	0	0	0	0	0	0	0	0	0	0	211	60	151
21	386	3053	408257	0	0	VILLAGE	Nimikheta	Rural	220	1058	523	535	99	57	42	35	21	14	0	0	0	846	439	407	212	84	128	344	296	48	293	261	32	67	65	2	51	49	2	3	2	1	172	145	27	51	35	16	0	0	0	9	9	0	1	1	0	41	25	16	44	28	16	0	0	0	8	8	0	1	1	0	35	19	16	7	7	0	0	0	0	1	1	0	0	0	0	6	6	0	714	227	487
21	386	3053	408258	0	0	VILLAGE	Belapada	Rural	102	401	188	213	48	28	20	7	2	5	0	0	0	301	150	151	100	38	62	116	109	7	112	106	6	33	32	1	42	41	1	8	8	0	29	25	4	4	3	1	1	0	1	3	3	0	0	0	0	0	0	0	4	3	1	1	0	1	3	3	0	0	0	0	0	0	0	0	0	0	0	0	0	0	0	0	0	0	0	0	0	0	285	79	206
21	386	3053	408259	0	0	VILLAGE	Ranchoda	Rural	15	66	36	30	12	7	5	0	0	0	0	0	0	48	28	20	18	8	10	18	18	0	17	17	0	5	5	0	1	1	0	0	0	0	11	11	0	1	1	0	1	1	0	0	0	0	0	0	0	0	0	0	0	0	0	0	0	0	0	0	0	0	0	0	0	0	0	1	1	0	1	1	0	0	0	0	0	0	0	0	0	0	48	18	30
21	386	3053	408260	0	0	VILLAGE	Bheseri	Rural	108	502	262	240	59	38	21	29	17	12	0	0	0	390	211	179	112	51	61	141	140	1	87	87	0	63	63	0	2	2	0	0	0	0	22	22	0	54	53	1	0	0	0	43	42	1	0	0	0	11	11	0	43	43	0	0	0	0	32	32	0	0	0	0	11	11	0	11	10	1	0	0	0	11	10	1	0	0	0	0	0	0	361	122	239
21	386	3053	408261	0	0	VILLAGE	Shyamasundarpur	Rural	50	210	109	101	27	13	14	3	1	2	0	0	0	154	85	69	56	24	32	59	52	7	33	33	0	30	30	0	3	3	0	0	0	0	0	0	0	26	19	7	6	4	2	11	9	2	1	1	0	8	5	3	25	18	7	6	4	2	11	9	2	0	0	0	8	5	3	1	1	0	0	0	0	0	0	0	1	1	0	0	0	0	151	57	94
21	386	3053	408262	0	0	VILLAGE	Bandhamundei	Rural	156	675	311	364	69	32	37	9	3	6	0	0	0	533	260	273	142	51	91	179	168	11	171	160	11	9	7	2	124	120	4	10	10	0	28	23	5	8	8	0	0	0	0	0	0	0	0	0	0	8	8	0	8	8	0	0	0	0	0	0	0	0	0	0	8	8	0	0	0	0	0	0	0	0	0	0	0	0	0	0	0	0	496	143	353
21	386	3053	408263	0	0	VILLAGE	Naranadihi	Rural	67	319	162	157	28	11	17	0	0	0	0	0	0	260	139	121	59	23	36	106	96	10	70	66	4	5	5	0	2	2	0	0	0	0	63	59	4	36	30	6	2	2	0	6	6	0	1	0	1	27	22	5	26	22	4	2	2	0	3	3	0	1	0	1	20	17	3	10	8	2	0	0	0	3	3	0	0	0	0	7	5	2	213	66	147
21	386	3053	408264	0	0	VILLAGE	Gopikantapur	Rural	92	421	200	221	46	23	23	0	0	0	0	0	0	343	172	171	78	28	50	122	111	11	94	87	7	18	18	0	7	7	0	0	0	0	69	62	7	28	24	4	2	2	0	8	8	0	1	1	0	17	13	4	17	15	2	0	0	0	4	4	0	1	1	0	12	10	2	11	9	2	2	2	0	4	4	0	0	0	0	5	3	2	299	89	210
21	386	3053	408265	0	0	VILLAGE	Padanpur	Rural	121	513	261	252	51	27	24	31	16	15	0	0	0	428	223	205	85	38	47	178	147	31	169	145	24	6	6	0	1	1	0	17	8	9	145	130	15	9	2	7	1	0	1	1	1	0	6	0	6	1	1	0	8	2	6	1	0	1	1	1	0	5	0	5	1	1	0	1	0	1	0	0	0	0	0	0	1	0	1	0	0	0	335	114	221
21	386	3053	408266	0	0	VILLAGE	Gopinathpur	Rural	287	1376	706	670	128	61	67	44	24	20	18	9	9	1156	618	538	220	88	132	455	408	47	358	328	30	86	83	3	33	31	2	18	18	0	221	196	25	97	80	17	2	2	0	5	3	2	20	15	5	70	60	10	86	71	15	0	0	0	4	3	1	18	14	4	64	54	10	11	9	2	2	2	0	1	0	1	2	1	1	6	6	0	921	298	623
21	386	3053	408267	0	0	VILLAGE	Dhuanla	Rural	217	952	422	530	121	57	64	439	214	225	0	0	0	533	280	253	419	142	277	319	229	90	244	194	50	36	36	0	18	17	1	2	0	2	188	141	47	75	35	40	3	3	0	20	10	10	1	0	1	51	22	29	50	30	20	3	3	0	8	6	2	0	0	0	39	21	18	25	5	20	0	0	0	12	4	8	1	0	1	12	1	11	633	193	440
21	386	3053	408268	0	0	VILLAGE	Singeswar	Rural	314	1495	750	745	147	85	62	226	119	107	0	0	0	1102	589	513	393	161	232	531	401	130	364	337	27	39	38	1	40	37	3	13	11	2	272	251	21	167	64	103	7	6	1	74	13	61	25	8	17	61	37	24	103	55	48	7	6	1	18	7	11	18	6	12	60	36	24	64	9	55	0	0	0	56	6	50	7	2	5	1	1	0	964	349	615
21	386	3053	408269	0	0	VILLAGE	Jayapur	Rural	82	391	178	213	54	28	26	155	75	80	0	0	0	242	122	120	149	56	93	130	96	34	122	93	29	38	27	11	23	22	1	3	3	0	58	41	17	8	3	5	0	0	0	0	0	0	0	0	0	8	3	5	6	1	5	0	0	0	0	0	0	0	0	0	6	1	5	2	2	0	0	0	0	0	0	0	0	0	0	2	2	0	261	82	179
21	386	3053	408270	0	0	VILLAGE	Khandualkot	Rural	25	108	50	58	9	1	8	0	0	0	0	0	0	90	48	42	18	2	16	34	28	6	29	26	3	8	7	1	4	3	1	3	3	0	14	13	1	5	2	3	0	0	0	0	0	0	0	0	0	5	2	3	1	1	0	0	0	0	0	0	0	0	0	0	1	1	0	4	1	3	0	0	0	0	0	0	0	0	0	4	1	3	74	22	52
21	386	3053	408271	0	0	VILLAGE	Ghiakhala	Rural	166	709	335	374	77	43	34	0	0	0	0	0	0	465	235	230	244	100	144	269	189	80	129	110	19	63	63	0	6	6	0	2	2	0	58	39	19	140	79	61	77	34	43	19	17	2	1	0	1	43	28	15	66	43	23	24	15	9	9	8	1	0	0	0	33	20	13	74	36	38	53	19	34	10	9	1	1	0	1	10	8	2	440	146	294
21	386	3053	408272	0	0	VILLAGE	Patasanipur	Rural	193	819	361	458	88	53	35	6	2	4	0	0	0	554	263	291	265	98	167	419	211	208	182	166	16	67	66	1	22	22	0	0	0	0	93	78	15	237	45	192	211	40	171	4	2	2	1	0	1	21	3	18	12	4	8	5	4	1	0	0	0	0	0	0	7	0	7	225	41	184	206	36	170	4	2	2	1	0	1	14	3	11	400	150	250
21	386	3053	408273	0	0	VILLAGE	(Koduapur)	Rural	179	886	436	450	119	60	59	234	113	121	0	0	0	597	336	261	289	100	189	333	244	89	242	219	23	49	49	0	7	7	0	0	0	0	186	163	23	91	25	66	3	1	2	55	8	47	1	0	1	32	16	16	78	18	60	3	1	2	51	6	45	1	0	1	23	11	12	13	7	6	0	0	0	4	2	2	0	0	0	9	5	4	553	192	361
21	386	3053	408274	0	0	VILLAGE	Raghunathpur	Rural	175	896	437	459	103	50	53	517	259	258	0	0	0	479	259	220	417	178	239	292	246	46	286	243	43	20	20	0	17	17	0	5	3	2	244	203	41	6	3	3	0	0	0	2	2	0	0	0	0	4	1	3	4	1	3	0	0	0	0	0	0	0	0	0	4	1	3	2	2	0	0	0	0	2	2	0	0	0	0	0	0	0	604	191	413
21	386	3053	408275	0	0	VILLAGE	Bheleri	Rural	88	449	225	224	54	29	25	37	16	21	0	0	0	372	189	183	77	36	41	131	116	15	126	112	14	21	21	0	24	24	0	16	13	3	65	54	11	5	4	1	0	0	0	0	0	0	0	0	0	5	4	1	5	4	1	0	0	0	0	0	0	0	0	0	5	4	1	0	0	0	0	0	0	0	0	0	0	0	0	0	0	0	318	109	209
21	386	3053	408276	0	0	VILLAGE	Banamalipur	Rural	0	0	0	0	0	0	0	0	0	0	0	0	0	0	0	0	0	0	0	0	0	0	0	0	0	0	0	0	0	0	0	0	0	0	0	0	0	0	0	0	0	0	0	0	0	0	0	0	0	0	0	0	0	0	0	0	0	0	0	0	0	0	0	0	0	0	0	0	0	0	0	0	0	0	0	0	0	0	0	0	0	0	0	0	0
21	386	3053	408277	0	0	VILLAGE	Injanapur	Rural	74	374	176	198	37	15	22	10	4	6	0	0	0	306	155	151	68	21	47	113	99	14	99	87	12	7	7	0	30	30	0	2	1	1	60	49	11	14	12	2	3	2	1	4	4	0	0	0	0	7	6	1	11	9	2	2	1	1	3	3	0	0	0	0	6	5	1	3	3	0	1	1	0	1	1	0	0	0	0	1	1	0	261	77	184
21	386	3053	408278	0	0	VILLAGE	Gabapadar	Rural	211	954	466	488	115	62	53	618	303	315	0	0	0	696	359	337	258	107	151	376	257	119	306	236	70	18	16	2	15	14	1	1	0	1	272	206	66	70	21	49	3	2	1	4	0	4	16	2	14	47	17	30	32	8	24	2	1	1	3	0	3	5	0	5	22	7	15	38	13	25	1	1	0	1	0	1	11	2	9	25	10	15	578	209	369
21	386	3053	408279	0	0	VILLAGE	Bidharpur	Rural	110	473	236	237	53	24	29	123	60	63	0	0	0	391	202	189	82	34	48	157	141	16	153	137	16	28	28	0	7	6	1	14	12	2	104	91	13	4	4	0	0	0	0	3	3	0	1	1	0	0	0	0	2	2	0	0	0	0	1	1	0	1	1	0	0	0	0	2	2	0	0	0	0	2	2	0	0	0	0	0	0	0	316	95	221
21	386	3053	408280	0	0	VILLAGE	Chhedapadar	Rural	132	635	300	335	69	31	38	566	270	296	0	0	0	484	242	242	151	58	93	181	159	22	181	159	22	15	13	2	0	0	0	0	0	0	166	146	20	0	0	0	0	0	0	0	0	0	0	0	0	0	0	0	0	0	0	0	0	0	0	0	0	0	0	0	0	0	0	0	0	0	0	0	0	0	0	0	0	0	0	0	0	0	454	141	313
21	386	3053	408281	0	0	VILLAGE	Atharbatia	Rural	478	2174	1072	1102	305	157	148	2168	1069	1099	0	0	0	1136	594	542	1038	478	560	921	633	288	739	583	156	4	2	2	2	1	1	1	1	0	732	579	153	182	50	132	1	0	1	1	0	1	1	1	0	179	49	130	116	35	81	1	0	1	0	0	0	1	1	0	114	34	80	66	15	51	0	0	0	1	0	1	0	0	0	65	15	50	1253	439	814
21	386	3053	408282	0	0	VILLAGE	Aswaripatana	Rural	299	1422	735	687	184	101	83	675	369	306	2	0	2	1051	585	466	371	150	221	438	385	53	403	369	34	57	55	2	58	58	0	5	4	1	283	252	31	35	16	19	2	1	1	3	2	1	2	0	2	28	13	15	31	15	16	2	1	1	3	2	1	0	0	0	26	12	14	4	1	3	0	0	0	0	0	0	2	0	2	2	1	1	984	350	634
21	386	3053	408283	0	0	VILLAGE	Barakul	Rural	318	1448	735	713	158	87	71	526	260	266	5	3	2	1066	586	480	382	149	233	471	392	79	376	355	21	33	31	2	130	129	1	4	2	2	209	193	16	95	37	58	9	1	8	13	8	5	6	0	6	67	28	39	81	33	48	3	1	2	13	8	5	5	0	5	60	24	36	14	4	10	6	0	6	0	0	0	1	0	1	7	4	3	977	343	634
21	386	3053	408284	0	0	VILLAGE	Subudhipatna	Rural	97	457	231	226	36	14	22	18	11	7	0	0	0	304	173	131	153	58	95	174	151	23	76	62	14	11	11	0	2	2	0	23	20	3	40	29	11	98	89	9	51	51	0	12	12	0	22	17	5	13	9	4	55	49	6	23	23	0	6	6	0	17	13	4	9	7	2	43	40	3	28	28	0	6	6	0	5	4	1	4	2	2	283	80	203
21	386	3053	408285	0	0	VILLAGE	Ganapatipatna	Rural	10	48	26	22	7	3	4	10	7	3	0	0	0	30	18	12	18	8	10	17	14	3	15	13	2	7	7	0	3	3	0	0	0	0	5	3	2	2	1	1	0	0	0	0	0	0	0	0	0	2	1	1	2	1	1	0	0	0	0	0	0	0	0	0	2	1	1	0	0	0	0	0	0	0	0	0	0	0	0	0	0	0	31	12	19
21	386	3053	408286	0	0	VILLAGE	Totapada	Rural	114	498	215	283	58	35	23	0	0	0	0	0	0	357	161	196	141	54	87	114	102	12	96	87	9	69	66	3	10	8	2	1	1	0	16	12	4	18	15	3	9	8	1	4	4	0	0	0	0	5	3	2	16	13	3	9	8	1	3	3	0	0	0	0	4	2	2	2	2	0	0	0	0	1	1	0	0	0	0	1	1	0	384	113	271
21	386	3053	408287	0	0	VILLAGE	Khadikapalli	Rural	92	429	203	226	50	30	20	10	6	4	0	0	0	310	152	158	119	51	68	113	109	4	112	109	3	71	71	0	19	18	1	0	0	0	22	20	2	1	0	1	0	0	0	0	0	0	0	0	0	1	0	1	1	0	1	0	0	0	0	0	0	0	0	0	1	0	1	0	0	0	0	0	0	0	0	0	0	0	0	0	0	0	316	94	222
21	386	3053	408288	0	0	VILLAGE	Rayagurupur	Rural	69	314	151	163	39	16	23	0	0	0	0	0	0	218	116	102	96	35	61	95	92	3	95	92	3	40	40	0	34	34	0	0	0	0	21	18	3	0	0	0	0	0	0	0	0	0	0	0	0	0	0	0	0	0	0	0	0	0	0	0	0	0	0	0	0	0	0	0	0	0	0	0	0	0	0	0	0	0	0	0	0	0	219	59	160
21	386	3053	408289	0	0	VILLAGE	Rautarapalli	Rural	116	594	301	293	78	35	43	0	0	0	0	0	0	403	225	178	191	76	115	166	157	9	161	155	6	133	130	3	0	0	0	0	0	0	28	25	3	5	2	3	1	0	1	0	0	0	2	2	0	2	0	2	5	2	3	1	0	1	0	0	0	2	2	0	2	0	2	0	0	0	0	0	0	0	0	0	0	0	0	0	0	0	428	144	284
21	386	3053	408290	0	0	VILLAGE	Nimeimalla	Rural	231	921	442	479	119	68	51	218	115	103	0	0	0	662	348	314	259	94	165	276	212	64	172	158	14	74	74	0	53	53	0	11	2	9	34	29	5	104	54	50	2	1	1	49	46	3	47	4	43	6	3	3	100	53	47	2	1	1	48	45	3	45	4	41	5	3	2	4	1	3	0	0	0	1	1	0	2	0	2	1	0	1	645	230	415
21	386	3053	408291	0	0	VILLAGE	Hatibari	Rural	55	245	136	109	23	15	8	87	51	36	0	0	0	178	102	76	67	34	33	89	78	11	27	25	2	8	6	2	16	16	0	0	0	0	3	3	0	62	53	9	25	25	0	26	20	6	0	0	0	11	8	3	62	53	9	25	25	0	26	20	6	0	0	0	11	8	3	0	0	0	0	0	0	0	0	0	0	0	0	0	0	0	156	58	98
21	386	3053	408292	0	0	VILLAGE	Boriasahi	Rural	76	384	204	180	35	19	16	0	0	0	0	0	0	312	175	137	72	29	43	119	112	7	58	58	0	50	50	0	3	3	0	1	1	0	4	4	0	61	54	7	49	46	3	2	2	0	0	0	0	10	6	4	61	54	7	49	46	3	2	2	0	0	0	0	10	6	4	0	0	0	0	0	0	0	0	0	0	0	0	0	0	0	265	92	173
21	386	3053	408293	0	0	VILLAGE	Ashwari 	Rural	1	5	2	3	0	0	0	5	2	3	0	0	0	0	0	0	5	2	3	0	0	0	0	0	0	0	0	0	0	0	0	0	0	0	0	0	0	0	0	0	0	0	0	0	0	0	0	0	0	0	0	0	0	0	0	0	0	0	0	0	0	0	0	0	0	0	0	0	0	0	0	0	0	0	0	0	0	0	0	0	0	0	5	2	3
21	386	3053	408294	0	0	VILLAGE	Nuagada	Rural	372	1685	856	829	233	141	92	498	244	254	0	0	0	1193	662	531	492	194	298	616	471	145	356	334	22	171	168	3	51	46	5	0	0	0	134	120	14	260	137	123	105	37	68	35	18	17	1	1	0	119	81	38	128	101	27	31	25	6	24	10	14	1	1	0	72	65	7	132	36	96	74	12	62	11	8	3	0	0	0	47	16	31	1069	385	684
21	386	3053	408295	0	0	VILLAGE	Pathara	Rural	142	685	370	315	84	47	37	9	5	4	0	0	0	503	308	195	182	62	120	193	189	4	153	149	4	57	56	1	8	8	0	0	0	0	88	85	3	40	40	0	0	0	0	1	1	0	1	1	0	38	38	0	40	40	0	0	0	0	1	1	0	1	1	0	38	38	0	0	0	0	0	0	0	0	0	0	0	0	0	0	0	0	492	181	311
21	386	3053	408296	0	0	VILLAGE	Kharibandha	Rural	147	720	387	333	70	39	31	0	0	0	0	0	0	497	325	172	223	62	161	209	201	8	205	198	7	13	13	0	177	172	5	4	4	0	11	9	2	4	3	1	2	2	0	0	0	0	0	0	0	2	1	1	2	2	0	1	1	0	0	0	0	0	0	0	1	1	0	2	1	1	1	1	0	0	0	0	0	0	0	1	0	1	511	186	325
21	386	3053	408297	0	0	VILLAGE	Akhupokhara	Rural	70	264	132	132	51	24	27	85	40	45	2	1	1	128	70	58	136	62	74	108	76	32	101	73	28	1	1	0	0	0	0	0	0	0	100	72	28	7	3	4	1	0	1	0	0	0	0	0	0	6	3	3	6	3	3	1	0	1	0	0	0	0	0	0	5	3	2	1	0	1	0	0	0	0	0	0	0	0	0	1	0	1	156	56	100
21	386	3053	408298	0	0	VILLAGE	Gadadwar	Rural	135	676	353	323	89	44	45	0	0	0	0	0	0	485	281	204	191	72	119	193	189	4	189	185	4	80	80	0	4	4	0	2	1	1	103	100	3	4	4	0	0	0	0	2	2	0	0	0	0	2	2	0	4	4	0	0	0	0	2	2	0	0	0	0	2	2	0	0	0	0	0	0	0	0	0	0	0	0	0	0	0	0	483	164	319
21	386	3053	801857	0	0	TOWN	Balugaon (NAC)	Urban	3735	17645	9150	8495	1956	1044	912	4543	2346	2197	68	38	30	12823	7130	5693	4822	2020	2802	6078	5099	979	4928	4321	607	83	83	0	90	76	14	154	121	33	4601	4041	560	1150	778	372	13	11	2	189	172	17	118	31	87	830	564	266	1009	702	307	11	9	2	180	166	14	100	27	73	718	500	218	141	76	65	2	2	0	9	6	3	18	4	14	112	64	48	11567	4051	7516
21	386	3053	801857	1	0	WARD	Balugaon (NAC) WARD NO.-0001	Urban	424	1864	1015	849	188	105	83	215	113	102	8	6	2	1433	807	626	431	208	223	676	562	114	586	509	77	2	2	0	1	1	0	15	10	5	568	496	72	90	53	37	1	1	0	3	3	0	7	2	5	79	47	32	83	48	35	0	0	0	3	3	0	7	2	5	73	43	30	7	5	2	1	1	0	0	0	0	0	0	0	6	4	2	1188	453	735
21	386	3053	801857	2	0	WARD	Balugaon (NAC) WARD NO.-0002	Urban	474	2211	1167	1044	257	135	122	498	269	229	11	7	4	1604	910	694	607	257	350	742	629	113	581	523	58	11	11	0	13	11	2	14	13	1	543	488	55	161	106	55	2	2	0	18	15	3	13	6	7	128	83	45	127	94	33	1	1	0	15	13	2	9	4	5	102	76	26	34	12	22	1	1	0	3	2	1	4	2	2	26	7	19	1469	538	931
21	386	3053	801857	3	0	WARD	Balugaon (NAC) WARD NO.-0003	Urban	319	1683	863	820	210	102	108	327	165	162	3	3	0	1101	643	458	582	220	362	665	527	138	311	282	29	1	1	0	2	2	0	9	9	0	299	270	29	354	245	109	1	0	1	17	8	9	11	5	6	325	232	93	286	200	86	1	0	1	12	5	7	8	5	3	265	190	75	68	45	23	0	0	0	5	3	2	3	0	3	60	42	18	1018	336	682
21	386	3053	801857	4	0	WARD	Balugaon (NAC) WARD NO.-0004	Urban	279	1285	669	616	124	67	57	246	132	114	4	2	2	1019	557	462	266	112	154	432	382	50	385	350	35	7	7	0	1	1	0	7	5	2	370	337	33	47	32	15	1	1	0	1	0	1	6	1	5	39	30	9	47	32	15	1	1	0	1	0	1	6	1	5	39	30	9	0	0	0	0	0	0	0	0	0	0	0	0	0	0	0	853	287	566
21	386	3053	801857	5	0	WARD	Balugaon (NAC) WARD NO.-0005	Urban	430	2023	1047	976	226	117	109	1436	725	711	0	0	0	1286	752	534	737	295	442	709	561	148	616	486	130	6	6	0	8	4	4	11	10	1	591	466	125	93	75	18	0	0	0	3	2	1	6	3	3	84	70	14	86	69	17	0	0	0	3	2	1	5	2	3	78	65	13	7	6	1	0	0	0	0	0	0	1	1	0	6	5	1	1314	486	828
21	386	3053	801857	6	0	WARD	Balugaon (NAC) WARD NO.-0006	Urban	406	2019	1054	965	236	130	106	1147	592	555	0	0	0	1310	754	556	709	300	409	743	605	138	698	584	114	5	5	0	26	21	5	13	6	7	654	552	102	45	21	24	0	0	0	8	5	3	5	1	4	32	15	17	36	18	18	0	0	0	8	5	3	3	0	3	25	13	12	9	3	6	0	0	0	0	0	0	2	1	1	7	2	5	1276	449	827
21	386	3053	801857	7	0	WARD	Balugaon (NAC) WARD NO.-0007	Urban	231	1108	549	559	107	56	51	256	136	120	10	5	5	856	453	403	252	96	156	434	330	104	370	320	50	1	1	0	1	1	0	23	10	13	345	308	37	64	10	54	0	0	0	0	0	0	49	0	49	15	10	5	52	7	45	0	0	0	0	0	0	41	0	41	11	7	4	12	3	9	0	0	0	0	0	0	8	0	8	4	3	1	674	219	455
21	386	3053	801857	8	0	WARD	Balugaon (NAC) WARD NO.-0008	Urban	273	1330	696	634	136	75	61	110	54	56	17	10	7	949	531	418	381	165	216	476	411	65	354	314	40	2	2	0	16	15	1	35	33	2	301	264	37	122	97	25	2	2	0	54	54	0	19	12	7	47	29	18	120	97	23	2	2	0	54	54	0	19	12	7	45	29	16	2	0	2	0	0	0	0	0	0	0	0	0	2	0	2	854	285	569
21	386	3053	801857	9	0	WARD	Balugaon (NAC) WARD NO.-0009	Urban	368	1707	856	851	185	106	79	174	89	85	15	5	10	1354	702	652	353	154	199	528	462	66	471	428	43	4	4	0	15	14	1	15	15	0	437	395	42	57	34	23	4	4	0	1	1	0	2	1	1	50	28	22	55	32	23	4	4	0	0	0	0	2	1	1	49	27	22	2	2	0	0	0	0	1	1	0	0	0	0	1	1	0	1179	394	785
21	386	3053	801857	10	0	WARD	Balugaon (NAC) WARD NO.-0010	Urban	250	1054	551	503	105	55	50	42	22	20	0	0	0	871	475	396	183	76	107	300	286	14	297	285	12	3	3	0	3	3	0	5	4	1	286	275	11	3	1	2	1	0	1	0	0	0	0	0	0	2	1	1	3	1	2	1	0	1	0	0	0	0	0	0	2	1	1	0	0	0	0	0	0	0	0	0	0	0	0	0	0	0	754	265	489
21	386	3053	801857	11	0	WARD	Balugaon (NAC) WARD NO.-0011	Urban	281	1361	683	678	182	96	86	92	49	43	0	0	0	1040	546	494	321	137	184	373	344	29	259	240	19	41	41	0	4	3	1	7	6	1	207	190	17	114	104	10	1	1	0	84	84	0	0	0	0	29	19	10	114	104	10	1	1	0	84	84	0	0	0	0	29	19	10	0	0	0	0	0	0	0	0	0	0	0	0	0	0	0	988	339	649
21	386	3053	408299	0	0	TOWN	Dungamal (CT)	Urban	1051	6271	4289	1982	462	251	211	424	238	186	139	68	71	5397	3914	1483	874	375	499	3735	3420	315	3361	3209	152	113	108	5	46	39	7	23	15	8	3179	3047	132	374	211	163	41	12	29	70	28	42	4	3	1	259	168	91	354	198	156	41	12	29	67	25	42	4	3	1	242	158	84	20	13	7	0	0	0	3	3	0	0	0	0	17	10	7	2536	869	1667
21	386	3053	408299	1	0	WARD	Dungamal (CT) WARD NO.-0001	Urban	1051	6271	4289	1982	462	251	211	424	238	186	139	68	71	5397	3914	1483	874	375	499	3735	3420	315	3361	3209	152	113	108	5	46	39	7	23	15	8	3179	3047	132	374	211	163	41	12	29	70	28	42	4	3	1	259	168	91	354	198	156	41	12	29	67	25	42	4	3	1	242	158	84	20	13	7	0	0	0	3	3	0	0	0	0	17	10	7	2536	869	1667
21	386	3054	0	0	0	SUB-DISTRICT	Banapur	Total	23388	113212	56788	56424	13737	7205	6532	10748	5209	5539	10839	5301	5538	77541	42393	35148	35671	14395	21276	38567	31249	7318	28807	25286	3521	10664	10265	399	7088	5357	1731	730	616	114	10325	9048	1277	9760	5963	3797	1756	1071	685	4015	2525	1490	582	217	365	3407	2150	1257	8368	5229	3139	1559	953	606	3385	2204	1181	511	199	312	2913	1873	1040	1392	734	658	197	118	79	630	321	309	71	18	53	494	277	217	74645	25539	49106
21	386	3054	0	0	0	SUB-DISTRICT	Banapur	Rural	19963	95934	48081	47853	11926	6266	5660	9029	4386	4643	10592	5185	5407	64277	35258	29019	31657	12823	18834	33298	26570	6728	24839	21636	3203	10415	10023	392	6603	4886	1717	571	477	94	7250	6250	1000	8459	4934	3525	1730	1055	675	3793	2336	1457	445	128	317	2491	1415	1076	7241	4333	2908	1535	939	596	3185	2027	1158	384	114	270	2137	1253	884	1218	601	617	195	116	79	608	309	299	61	14	47	354	162	192	62636	21511	41125
21	386	3054	0	0	0	SUB-DISTRICT	Banapur	Urban	3425	17278	8707	8571	1811	939	872	1719	823	896	247	116	131	13264	7135	6129	4014	1572	2442	5269	4679	590	3968	3650	318	249	242	7	485	471	14	159	139	20	3075	2798	277	1301	1029	272	26	16	10	222	189	33	137	89	48	916	735	181	1127	896	231	24	14	10	200	177	23	127	85	42	776	620	156	174	133	41	2	2	0	22	12	10	10	4	6	140	115	25	12009	4028	7981
21	386	3054	408300	0	0	VILLAGE	Dariamal	Rural	0	0	0	0	0	0	0	0	0	0	0	0	0	0	0	0	0	0	0	0	0	0	0	0	0	0	0	0	0	0	0	0	0	0	0	0	0	0	0	0	0	0	0	0	0	0	0	0	0	0	0	0	0	0	0	0	0	0	0	0	0	0	0	0	0	0	0	0	0	0	0	0	0	0	0	0	0	0	0	0	0	0	0	0	0
21	386	3054	408301	0	0	VILLAGE	Baladiabari	Rural	0	0	0	0	0	0	0	0	0	0	0	0	0	0	0	0	0	0	0	0	0	0	0	0	0	0	0	0	0	0	0	0	0	0	0	0	0	0	0	0	0	0	0	0	0	0	0	0	0	0	0	0	0	0	0	0	0	0	0	0	0	0	0	0	0	0	0	0	0	0	0	0	0	0	0	0	0	0	0	0	0	0	0	0	0
21	386	3054	408302	0	0	VILLAGE	Bahadaput	Rural	0	0	0	0	0	0	0	0	0	0	0	0	0	0	0	0	0	0	0	0	0	0	0	0	0	0	0	0	0	0	0	0	0	0	0	0	0	0	0	0	0	0	0	0	0	0	0	0	0	0	0	0	0	0	0	0	0	0	0	0	0	0	0	0	0	0	0	0	0	0	0	0	0	0	0	0	0	0	0	0	0	0	0	0	0
21	386	3054	408303	0	0	VILLAGE	Phasipada	Rural	0	0	0	0	0	0	0	0	0	0	0	0	0	0	0	0	0	0	0	0	0	0	0	0	0	0	0	0	0	0	0	0	0	0	0	0	0	0	0	0	0	0	0	0	0	0	0	0	0	0	0	0	0	0	0	0	0	0	0	0	0	0	0	0	0	0	0	0	0	0	0	0	0	0	0	0	0	0	0	0	0	0	0	0	0
21	386	3054	408304	0	0	VILLAGE	Nuagaon	Rural	6	34	19	15	3	1	2	0	0	0	34	19	15	21	16	5	13	3	10	23	11	12	21	11	10	9	9	0	12	2	10	0	0	0	0	0	0	2	0	2	0	0	0	2	0	2	0	0	0	0	0	0	2	0	2	0	0	0	2	0	2	0	0	0	0	0	0	0	0	0	0	0	0	0	0	0	0	0	0	0	0	0	11	8	3
21	386	3054	408305	0	0	VILLAGE	Jiripada	Rural	55	235	121	114	29	14	15	0	0	0	233	119	114	112	76	36	123	45	78	163	85	78	140	73	67	58	56	2	78	14	64	0	0	0	4	3	1	23	12	11	0	0	0	22	12	10	0	0	0	1	0	1	22	12	10	0	0	0	21	12	9	0	0	0	1	0	1	1	0	1	0	0	0	1	0	1	0	0	0	0	0	0	72	36	36
21	386	3054	408306	0	0	VILLAGE	Barikata	Rural	0	0	0	0	0	0	0	0	0	0	0	0	0	0	0	0	0	0	0	0	0	0	0	0	0	0	0	0	0	0	0	0	0	0	0	0	0	0	0	0	0	0	0	0	0	0	0	0	0	0	0	0	0	0	0	0	0	0	0	0	0	0	0	0	0	0	0	0	0	0	0	0	0	0	0	0	0	0	0	0	0	0	0	0	0
21	386	3054	408307	0	0	VILLAGE	Krushnatara	Rural	10	47	24	23	2	2	0	0	0	0	0	0	0	43	22	21	4	2	2	36	19	17	31	18	13	11	11	0	17	4	13	0	0	0	3	3	0	5	1	4	0	0	0	4	0	4	0	0	0	1	1	0	5	1	4	0	0	0	4	0	4	0	0	0	1	1	0	0	0	0	0	0	0	0	0	0	0	0	0	0	0	0	11	5	6
21	386	3054	408308	0	0	VILLAGE	Katurikata	Rural	83	347	168	179	49	22	27	0	0	0	257	123	134	145	87	58	202	81	121	123	119	4	123	119	4	82	81	1	34	34	0	0	0	0	7	4	3	0	0	0	0	0	0	0	0	0	0	0	0	0	0	0	0	0	0	0	0	0	0	0	0	0	0	0	0	0	0	0	0	0	0	0	0	0	0	0	0	0	0	0	0	0	224	49	175
21	386	3054	408309	0	0	VILLAGE	Brahmapada	Rural	60	262	134	128	21	10	11	1	0	1	244	124	120	86	65	21	176	69	107	92	92	0	92	92	0	34	34	0	53	53	0	0	0	0	5	5	0	0	0	0	0	0	0	0	0	0	0	0	0	0	0	0	0	0	0	0	0	0	0	0	0	0	0	0	0	0	0	0	0	0	0	0	0	0	0	0	0	0	0	0	0	0	170	42	128
21	386	3054	408310	0	0	VILLAGE	Niladriprasad	Rural	291	1250	608	642	256	131	125	47	22	25	1060	511	549	477	281	196	773	327	446	472	280	192	348	276	72	241	210	31	27	4	23	2	2	0	78	60	18	124	4	120	85	2	83	27	1	26	1	0	1	11	1	10	118	4	114	85	2	83	26	1	25	1	0	1	6	1	5	6	0	6	0	0	0	1	0	1	0	0	0	5	0	5	778	328	450
21	386	3054	408311	0	0	VILLAGE	Raipada	Rural	54	187	92	95	30	11	19	0	0	0	182	88	94	69	50	19	118	42	76	121	61	60	53	41	12	39	36	3	11	4	7	0	0	0	3	1	2	68	20	48	2	2	0	62	15	47	0	0	0	4	3	1	62	14	48	2	2	0	59	12	47	0	0	0	1	0	1	6	6	0	0	0	0	3	3	0	0	0	0	3	3	0	66	31	35
21	386	3054	408312	0	0	VILLAGE	Dumudumi	Rural	0	0	0	0	0	0	0	0	0	0	0	0	0	0	0	0	0	0	0	0	0	0	0	0	0	0	0	0	0	0	0	0	0	0	0	0	0	0	0	0	0	0	0	0	0	0	0	0	0	0	0	0	0	0	0	0	0	0	0	0	0	0	0	0	0	0	0	0	0	0	0	0	0	0	0	0	0	0	0	0	0	0	0	0	0
21	386	3054	408313	0	0	VILLAGE	Silingipada	Rural	27	133	68	65	23	14	9	0	0	0	132	67	65	53	36	17	80	32	48	79	41	38	38	37	1	35	35	0	1	1	0	0	0	0	2	1	1	41	4	37	1	0	1	40	4	36	0	0	0	0	0	0	36	2	34	0	0	0	36	2	34	0	0	0	0	0	0	5	2	3	1	0	1	4	2	2	0	0	0	0	0	0	54	27	27
21	386	3054	408314	0	0	VILLAGE	Nathapur	Rural	0	0	0	0	0	0	0	0	0	0	0	0	0	0	0	0	0	0	0	0	0	0	0	0	0	0	0	0	0	0	0	0	0	0	0	0	0	0	0	0	0	0	0	0	0	0	0	0	0	0	0	0	0	0	0	0	0	0	0	0	0	0	0	0	0	0	0	0	0	0	0	0	0	0	0	0	0	0	0	0	0	0	0	0	0
21	386	3054	408315	0	0	VILLAGE	Kundakhai	Rural	0	0	0	0	0	0	0	0	0	0	0	0	0	0	0	0	0	0	0	0	0	0	0	0	0	0	0	0	0	0	0	0	0	0	0	0	0	0	0	0	0	0	0	0	0	0	0	0	0	0	0	0	0	0	0	0	0	0	0	0	0	0	0	0	0	0	0	0	0	0	0	0	0	0	0	0	0	0	0	0	0	0	0	0	0
21	386	3054	408316	0	0	VILLAGE	Dhuanali	Rural	48	216	119	97	23	12	11	1	1	0	164	91	73	113	79	34	103	40	63	138	79	59	74	68	6	59	59	0	11	8	3	0	0	0	4	1	3	64	11	53	1	0	1	62	11	51	0	0	0	1	0	1	64	11	53	1	0	1	62	11	51	0	0	0	1	0	1	0	0	0	0	0	0	0	0	0	0	0	0	0	0	0	78	40	38
21	386	3054	408317	0	0	VILLAGE	Sandhamala	Rural	0	0	0	0	0	0	0	0	0	0	0	0	0	0	0	0	0	0	0	0	0	0	0	0	0	0	0	0	0	0	0	0	0	0	0	0	0	0	0	0	0	0	0	0	0	0	0	0	0	0	0	0	0	0	0	0	0	0	0	0	0	0	0	0	0	0	0	0	0	0	0	0	0	0	0	0	0	0	0	0	0	0	0	0	0
21	386	3054	408318	0	0	VILLAGE	Beruanbadi	Rural	0	0	0	0	0	0	0	0	0	0	0	0	0	0	0	0	0	0	0	0	0	0	0	0	0	0	0	0	0	0	0	0	0	0	0	0	0	0	0	0	0	0	0	0	0	0	0	0	0	0	0	0	0	0	0	0	0	0	0	0	0	0	0	0	0	0	0	0	0	0	0	0	0	0	0	0	0	0	0	0	0	0	0	0	0
21	386	3054	408319	0	0	VILLAGE	Khumulamala	Rural	0	0	0	0	0	0	0	0	0	0	0	0	0	0	0	0	0	0	0	0	0	0	0	0	0	0	0	0	0	0	0	0	0	0	0	0	0	0	0	0	0	0	0	0	0	0	0	0	0	0	0	0	0	0	0	0	0	0	0	0	0	0	0	0	0	0	0	0	0	0	0	0	0	0	0	0	0	0	0	0	0	0	0	0	0
21	386	3054	408320	0	0	VILLAGE	Raeipada	Rural	0	0	0	0	0	0	0	0	0	0	0	0	0	0	0	0	0	0	0	0	0	0	0	0	0	0	0	0	0	0	0	0	0	0	0	0	0	0	0	0	0	0	0	0	0	0	0	0	0	0	0	0	0	0	0	0	0	0	0	0	0	0	0	0	0	0	0	0	0	0	0	0	0	0	0	0	0	0	0	0	0	0	0	0	0
21	386	3054	408321	0	0	VILLAGE	Shuliapali	Rural	2	2	0	2	0	0	0	0	0	0	0	0	0	1	0	1	1	0	1	1	0	1	1	0	1	0	0	0	0	0	0	0	0	0	1	0	1	0	0	0	0	0	0	0	0	0	0	0	0	0	0	0	0	0	0	0	0	0	0	0	0	0	0	0	0	0	0	0	0	0	0	0	0	0	0	0	0	0	0	0	0	0	1	0	1
21	386	3054	408322	0	0	VILLAGE	Moramori	Rural	439	2092	1043	1049	307	174	133	389	192	197	0	0	0	1346	716	630	746	327	419	748	523	225	237	212	25	41	40	1	49	47	2	9	9	0	138	116	22	511	311	200	34	33	1	377	194	183	10	10	0	90	74	16	430	240	190	25	24	1	331	149	182	9	9	0	65	58	7	81	71	10	9	9	0	46	45	1	1	1	0	25	16	9	1344	520	824
21	386	3054	408323	0	0	VILLAGE	Gamei	Rural	75	378	179	199	55	31	24	37	16	21	0	0	0	264	132	132	114	47	67	80	77	3	27	26	1	13	13	0	4	4	0	3	3	0	7	6	1	53	51	2	7	5	2	36	36	0	10	10	0	0	0	0	46	44	2	7	5	2	29	29	0	10	10	0	0	0	0	7	7	0	0	0	0	7	7	0	0	0	0	0	0	0	298	102	196
21	386	3054	408324	0	0	VILLAGE	Harichandanpur	Rural	511	2391	1153	1238	308	163	145	314	125	189	0	0	0	1667	842	825	724	311	413	771	625	146	549	468	81	118	117	1	124	117	7	43	20	23	264	214	50	222	157	65	107	105	2	47	9	38	13	2	11	55	41	14	217	156	61	107	105	2	47	9	38	10	2	8	53	40	13	5	1	4	0	0	0	0	0	0	3	0	3	2	1	1	1620	528	1092
21	386	3054	408325	0	0	VILLAGE	Binjhala	Rural	335	1682	745	937	210	94	116	453	185	268	70	0	70	1191	571	620	491	174	317	351	333	18	172	166	6	86	85	1	15	15	0	4	4	0	67	62	5	179	167	12	12	12	0	56	56	0	9	9	0	102	90	12	168	158	10	11	11	0	54	54	0	8	8	0	95	85	10	11	9	2	1	1	0	2	2	0	1	1	0	7	5	2	1331	412	919
21	386	3054	408326	0	0	VILLAGE	Godijhar	Rural	195	974	510	464	131	76	55	76	42	34	0	0	0	692	386	306	282	124	158	333	289	44	290	264	26	77	77	0	118	110	8	7	7	0	88	70	18	43	25	18	11	11	0	18	10	8	3	0	3	11	4	7	43	25	18	11	11	0	18	10	8	3	0	3	11	4	7	0	0	0	0	0	0	0	0	0	0	0	0	0	0	0	641	221	420
21	386	3054	408327	0	0	VILLAGE	Kaluniari	Rural	67	336	176	160	58	26	32	0	0	0	0	0	0	108	80	28	228	96	132	189	105	84	170	92	78	0	0	0	127	53	74	1	0	1	42	39	3	19	13	6	0	0	0	8	6	2	0	0	0	11	7	4	16	12	4	0	0	0	6	5	1	0	0	0	10	7	3	3	1	2	0	0	0	2	1	1	0	0	0	1	0	1	147	71	76
21	386	3054	408328	0	0	VILLAGE	Karadapalli	Rural	114	654	334	320	99	59	40	5	3	2	0	0	0	457	234	223	197	100	97	201	188	13	192	181	11	104	103	1	28	26	2	0	0	0	60	52	8	9	7	2	2	1	1	4	4	0	0	0	0	3	2	1	9	7	2	2	1	1	4	4	0	0	0	0	3	2	1	0	0	0	0	0	0	0	0	0	0	0	0	0	0	0	453	146	307
21	386	3054	408329	0	0	VILLAGE	Chakadapathar	Rural	0	0	0	0	0	0	0	0	0	0	0	0	0	0	0	0	0	0	0	0	0	0	0	0	0	0	0	0	0	0	0	0	0	0	0	0	0	0	0	0	0	0	0	0	0	0	0	0	0	0	0	0	0	0	0	0	0	0	0	0	0	0	0	0	0	0	0	0	0	0	0	0	0	0	0	0	0	0	0	0	0	0	0	0	0
21	386	3054	408330	0	0	VILLAGE	Gopinathapur	Rural	85	441	208	233	65	34	31	0	0	0	0	0	0	292	154	138	149	54	95	117	113	4	99	95	4	46	45	1	27	27	0	1	1	0	25	22	3	18	18	0	0	0	0	18	18	0	0	0	0	0	0	0	18	18	0	0	0	0	18	18	0	0	0	0	0	0	0	0	0	0	0	0	0	0	0	0	0	0	0	0	0	0	324	95	229
21	386	3054	408331	0	0	VILLAGE	Khelamunda	Rural	0	0	0	0	0	0	0	0	0	0	0	0	0	0	0	0	0	0	0	0	0	0	0	0	0	0	0	0	0	0	0	0	0	0	0	0	0	0	0	0	0	0	0	0	0	0	0	0	0	0	0	0	0	0	0	0	0	0	0	0	0	0	0	0	0	0	0	0	0	0	0	0	0	0	0	0	0	0	0	0	0	0	0	0	0
21	386	3054	408332	0	0	VILLAGE	Pankal	Rural	88	410	190	220	57	29	28	0	0	0	11	7	4	302	145	157	108	45	63	109	104	5	92	89	3	34	34	0	28	28	0	1	1	0	29	26	3	17	15	2	0	0	0	16	14	2	0	0	0	1	1	0	16	14	2	0	0	0	15	13	2	0	0	0	1	1	0	1	1	0	0	0	0	1	1	0	0	0	0	0	0	0	301	86	215
21	386	3054	408333	0	0	VILLAGE	Mahatapalla	Rural	87	417	192	225	54	23	31	132	58	74	0	0	0	302	156	146	115	36	79	124	117	7	119	115	4	64	63	1	39	38	1	1	1	0	15	13	2	5	2	3	0	0	0	1	1	0	0	0	0	4	1	3	3	1	2	0	0	0	1	1	0	0	0	0	2	0	2	2	1	1	0	0	0	0	0	0	0	0	0	2	1	1	293	75	218
21	386	3054	408334	0	0	VILLAGE	Khajuria	Rural	245	1279	642	637	141	66	75	139	70	69	0	0	0	1027	543	484	252	99	153	648	422	226	313	304	9	187	184	3	76	75	1	8	8	0	42	37	5	335	118	217	31	29	2	36	35	1	15	5	10	253	49	204	292	92	200	30	28	2	27	26	1	10	1	9	225	37	188	43	26	17	1	1	0	9	9	0	5	4	1	28	12	16	631	220	411
21	386	3054	408335	0	0	VILLAGE	Mohanpur	Rural	185	831	381	450	101	51	50	303	139	164	0	0	0	600	299	301	231	82	149	178	165	13	70	63	7	17	15	2	13	11	2	5	5	0	35	32	3	108	102	6	49	47	2	6	6	0	1	0	1	52	49	3	100	96	4	47	45	2	5	5	0	0	0	0	48	46	2	8	6	2	2	2	0	1	1	0	1	0	1	4	3	1	653	216	437
21	386	3054	408336	0	0	VILLAGE	Biharipur	Rural	0	0	0	0	0	0	0	0	0	0	0	0	0	0	0	0	0	0	0	0	0	0	0	0	0	0	0	0	0	0	0	0	0	0	0	0	0	0	0	0	0	0	0	0	0	0	0	0	0	0	0	0	0	0	0	0	0	0	0	0	0	0	0	0	0	0	0	0	0	0	0	0	0	0	0	0	0	0	0	0	0	0	0	0	0
21	386	3054	408337	0	0	VILLAGE	Tota	Rural	119	513	238	275	69	38	31	7	3	4	0	0	0	329	171	158	184	67	117	140	125	15	113	102	11	37	33	4	33	30	3	3	2	1	40	37	3	27	23	4	2	2	0	4	3	1	3	3	0	18	15	3	22	19	3	2	2	0	2	1	1	2	2	0	16	14	2	5	4	1	0	0	0	2	2	0	1	1	0	2	1	1	373	113	260
21	386	3054	408338	0	0	VILLAGE	Bharatapur	Rural	94	439	205	234	66	33	33	39	19	20	0	0	0	290	148	142	149	57	92	108	98	10	63	56	7	32	32	0	11	9	2	1	1	0	19	14	5	45	42	3	0	0	0	3	3	0	1	1	0	41	38	3	37	35	2	0	0	0	2	2	0	1	1	0	34	32	2	8	7	1	0	0	0	1	1	0	0	0	0	7	6	1	331	107	224
21	386	3054	408339	0	0	VILLAGE	Ghasedihi	Rural	354	1855	948	907	268	145	123	388	203	185	0	0	0	1215	661	554	640	287	353	519	498	21	500	484	16	188	188	0	74	72	2	6	6	0	232	218	14	19	14	5	3	2	1	10	9	1	0	0	0	6	3	3	16	13	3	3	2	1	10	9	1	0	0	0	3	2	1	3	1	2	0	0	0	0	0	0	0	0	0	3	1	2	1336	450	886
21	386	3054	408340	0	0	VILLAGE	Padmapurpatana	Rural	50	303	162	141	40	26	14	5	3	2	0	0	0	232	131	101	71	31	40	115	91	24	115	91	24	1	1	0	0	0	0	23	7	16	91	83	8	0	0	0	0	0	0	0	0	0	0	0	0	0	0	0	0	0	0	0	0	0	0	0	0	0	0	0	0	0	0	0	0	0	0	0	0	0	0	0	0	0	0	0	0	0	188	71	117
21	386	3054	408341	0	0	VILLAGE	Barapatana	Rural	99	495	247	248	31	15	16	0	0	0	0	0	0	366	198	168	129	49	80	154	152	2	2	2	0	2	2	0	0	0	0	0	0	0	0	0	0	152	150	2	152	150	2	0	0	0	0	0	0	0	0	0	148	147	1	148	147	1	0	0	0	0	0	0	0	0	0	4	3	1	4	3	1	0	0	0	0	0	0	0	0	0	341	95	246
21	386	3054	408342	0	0	VILLAGE	Jadupur	Rural	15	71	33	38	9	3	6	0	0	0	0	0	0	46	25	21	25	8	17	22	22	0	22	22	0	0	0	0	0	0	0	0	0	0	22	22	0	0	0	0	0	0	0	0	0	0	0	0	0	0	0	0	0	0	0	0	0	0	0	0	0	0	0	0	0	0	0	0	0	0	0	0	0	0	0	0	0	0	0	0	0	0	49	11	38
21	386	3054	408343	0	0	VILLAGE	Odagan	Rural	326	1601	770	831	171	93	78	29	14	15	0	0	0	1247	633	614	354	137	217	596	408	188	393	367	26	182	172	10	43	41	2	14	14	0	154	140	14	203	41	162	170	15	155	8	4	4	6	5	1	19	17	2	151	31	120	124	9	115	6	4	2	5	4	1	16	14	2	52	10	42	46	6	40	2	0	2	1	1	0	3	3	0	1005	362	643
21	386	3054	408344	0	0	VILLAGE	Deogan	Rural	190	909	412	497	101	56	45	10	3	7	0	0	0	708	345	363	201	67	134	235	211	24	191	174	17	78	77	1	27	26	1	8	7	1	78	64	14	44	37	7	15	13	2	10	9	1	3	2	1	16	13	3	29	25	4	10	9	1	7	6	1	2	1	1	10	9	1	15	12	3	5	4	1	3	3	0	1	1	0	6	4	2	674	201	473
21	386	3054	408345	0	0	VILLAGE	Gopinathapur	Rural	126	636	284	352	110	55	55	11	6	5	0	0	0	449	216	233	187	68	119	270	137	133	135	125	10	108	100	8	2	2	0	0	0	0	25	23	2	135	12	123	131	10	121	0	0	0	0	0	0	4	2	2	134	11	123	130	9	121	0	0	0	0	0	0	4	2	2	1	1	0	1	1	0	0	0	0	0	0	0	0	0	0	366	147	219
21	386	3054	408346	0	0	VILLAGE	Paladhuapali	Rural	171	674	293	381	93	45	48	94	41	53	0	0	0	458	214	244	216	79	137	382	153	229	105	94	11	95	87	8	1	0	1	2	1	1	7	6	1	277	59	218	10	4	6	17	13	4	211	14	197	39	28	11	241	57	184	9	4	5	16	12	4	180	13	167	36	28	8	36	2	34	1	0	1	1	1	0	31	1	30	3	0	3	292	140	152
21	386	3054	408347	0	0	VILLAGE	Ayatapur	Rural	413	2159	1112	1047	248	130	118	355	183	172	26	17	9	1566	854	712	593	258	335	619	596	23	572	557	15	114	114	0	224	220	4	8	8	0	226	215	11	47	39	8	3	1	2	18	17	1	1	1	0	25	20	5	41	33	8	3	1	2	17	16	1	0	0	0	21	16	5	6	6	0	0	0	0	1	1	0	1	1	0	4	4	0	1540	516	1024
21	386	3054	408348	0	0	VILLAGE	Baledihi	Rural	216	964	450	514	125	68	57	111	50	61	11	5	6	712	336	376	252	114	138	252	228	24	196	185	11	53	52	1	124	119	5	4	3	1	15	11	4	56	43	13	28	26	2	20	16	4	2	1	1	6	0	6	50	39	11	28	26	2	14	12	2	2	1	1	6	0	6	6	4	2	0	0	0	6	4	2	0	0	0	0	0	0	712	222	490
21	386	3054	408349	0	0	VILLAGE	Dayanajhari	Rural	0	0	0	0	0	0	0	0	0	0	0	0	0	0	0	0	0	0	0	0	0	0	0	0	0	0	0	0	0	0	0	0	0	0	0	0	0	0	0	0	0	0	0	0	0	0	0	0	0	0	0	0	0	0	0	0	0	0	0	0	0	0	0	0	0	0	0	0	0	0	0	0	0	0	0	0	0	0	0	0	0	0	0	0	0
21	386	3054	408350	0	0	VILLAGE	Baramula	Rural	0	0	0	0	0	0	0	0	0	0	0	0	0	0	0	0	0	0	0	0	0	0	0	0	0	0	0	0	0	0	0	0	0	0	0	0	0	0	0	0	0	0	0	0	0	0	0	0	0	0	0	0	0	0	0	0	0	0	0	0	0	0	0	0	0	0	0	0	0	0	0	0	0	0	0	0	0	0	0	0	0	0	0	0	0
21	386	3054	408351	0	0	VILLAGE	Patrapur	Rural	88	399	190	209	43	20	23	144	73	71	0	0	0	264	145	119	135	45	90	101	98	3	70	68	2	37	37	0	20	20	0	0	0	0	13	11	2	31	30	1	1	1	0	29	28	1	0	0	0	1	1	0	31	30	1	1	1	0	29	28	1	0	0	0	1	1	0	0	0	0	0	0	0	0	0	0	0	0	0	0	0	0	298	92	206
21	386	3054	408352	0	0	VILLAGE	Badasireipurdorabada	Rural	210	1079	567	512	142	77	65	61	33	28	11	6	5	776	442	334	303	125	178	405	355	50	364	318	46	268	266	2	42	42	0	3	3	0	51	7	44	41	37	4	34	34	0	0	0	0	0	0	0	7	3	4	41	37	4	34	34	0	0	0	0	0	0	0	7	3	4	0	0	0	0	0	0	0	0	0	0	0	0	0	0	0	674	212	462
21	386	3054	408353	0	0	VILLAGE	Badabandhapali	Rural	0	0	0	0	0	0	0	0	0	0	0	0	0	0	0	0	0	0	0	0	0	0	0	0	0	0	0	0	0	0	0	0	0	0	0	0	0	0	0	0	0	0	0	0	0	0	0	0	0	0	0	0	0	0	0	0	0	0	0	0	0	0	0	0	0	0	0	0	0	0	0	0	0	0	0	0	0	0	0	0	0	0	0	0	0
21	386	3054	408354	0	0	VILLAGE	Badasireipurorabada	Rural	48	227	117	110	31	16	15	0	0	0	0	0	0	155	87	68	72	30	42	87	76	11	79	75	4	78	74	4	0	0	0	0	0	0	1	1	0	8	1	7	4	1	3	0	0	0	3	0	3	1	0	1	7	0	7	3	0	3	0	0	0	3	0	3	1	0	1	1	1	0	1	1	0	0	0	0	0	0	0	0	0	0	140	41	99
21	386	3054	408355	0	0	VILLAGE	Beruanbari	Rural	226	1536	789	747	157	83	74	112	55	57	0	0	0	960	540	420	576	249	327	544	483	61	245	223	22	222	209	13	5	4	1	4	1	3	14	9	5	299	260	39	14	9	5	191	186	5	20	19	1	74	46	28	297	259	38	13	9	4	191	186	5	20	19	1	73	45	28	2	1	1	1	0	1	0	0	0	0	0	0	1	1	0	992	306	686
21	386	3054	408356	0	0	VILLAGE	Trilochanpur	Rural	207	1031	539	492	128	61	67	48	18	30	0	0	0	690	403	287	341	136	205	329	297	32	310	293	17	130	126	4	161	150	11	6	6	0	13	11	2	19	4	15	1	1	0	17	3	14	0	0	0	1	0	1	19	4	15	1	1	0	17	3	14	0	0	0	1	0	1	0	0	0	0	0	0	0	0	0	0	0	0	0	0	0	702	242	460
21	386	3054	408357	0	0	VILLAGE	Jualiamba	Rural	30	92	46	46	10	8	2	0	0	0	66	33	33	67	35	32	25	11	14	71	35	36	44	34	10	7	7	0	33	27	6	0	0	0	4	0	4	27	1	26	3	1	2	5	0	5	1	0	1	18	0	18	27	1	26	3	1	2	5	0	5	1	0	1	18	0	18	0	0	0	0	0	0	0	0	0	0	0	0	0	0	0	21	11	10
21	386	3054	408358	0	0	VILLAGE	Aranga	Rural	261	1008	537	471	126	70	56	478	246	232	156	74	82	703	415	288	305	122	183	641	340	301	293	262	31	65	64	1	183	180	3	2	2	0	43	16	27	348	78	270	6	3	3	64	54	10	1	1	0	277	20	257	346	77	269	6	3	3	63	53	10	1	1	0	276	20	256	2	1	1	0	0	0	1	1	0	0	0	0	1	0	1	367	197	170
21	386	3054	408359	0	0	VILLAGE	Kiagorada	Rural	41	210	115	95	33	20	13	28	15	13	12	7	5	101	68	33	109	47	62	120	66	54	62	61	1	58	58	0	3	3	0	0	0	0	1	0	1	58	5	53	0	0	0	58	5	53	0	0	0	0	0	0	58	5	53	0	0	0	58	5	53	0	0	0	0	0	0	0	0	0	0	0	0	0	0	0	0	0	0	0	0	0	90	49	41
21	386	3054	408360	0	0	VILLAGE	Bhaliapada	Rural	14	53	26	27	5	1	4	0	0	0	13	6	7	31	22	9	22	4	18	35	22	13	20	20	0	16	16	0	0	0	0	1	1	0	3	3	0	15	2	13	0	0	0	14	1	13	1	1	0	0	0	0	15	2	13	0	0	0	14	1	13	1	1	0	0	0	0	0	0	0	0	0	0	0	0	0	0	0	0	0	0	0	18	4	14
21	386	3054	408361	0	0	VILLAGE	Bankadagada	Rural	0	0	0	0	0	0	0	0	0	0	0	0	0	0	0	0	0	0	0	0	0	0	0	0	0	0	0	0	0	0	0	0	0	0	0	0	0	0	0	0	0	0	0	0	0	0	0	0	0	0	0	0	0	0	0	0	0	0	0	0	0	0	0	0	0	0	0	0	0	0	0	0	0	0	0	0	0	0	0	0	0	0	0	0	0
21	386	3054	408362	0	0	VILLAGE	Nilapalli	Rural	55	273	128	145	57	31	26	0	0	0	269	125	144	64	36	28	209	92	117	138	66	72	66	61	5	63	60	3	2	1	1	1	0	1	0	0	0	72	5	67	1	0	1	70	4	66	0	0	0	1	1	0	72	5	67	1	0	1	70	4	66	0	0	0	1	1	0	0	0	0	0	0	0	0	0	0	0	0	0	0	0	0	135	62	73
21	386	3054	408363	0	0	VILLAGE	Kasipada	Rural	57	296	158	138	55	31	24	0	0	0	291	155	136	107	75	32	189	83	106	206	109	97	200	107	93	81	75	6	86	13	73	0	0	0	33	19	14	6	2	4	1	0	1	5	2	3	0	0	0	0	0	0	5	2	3	1	0	1	4	2	2	0	0	0	0	0	0	1	0	1	0	0	0	1	0	1	0	0	0	0	0	0	90	49	41
21	386	3054	408364	0	0	VILLAGE	Rigidisima	Rural	13	57	29	28	8	3	5	0	0	0	57	29	28	17	16	1	40	13	27	28	12	16	21	12	9	15	12	3	6	0	6	0	0	0	0	0	0	7	0	7	2	0	2	5	0	5	0	0	0	0	0	0	7	0	7	2	0	2	5	0	5	0	0	0	0	0	0	0	0	0	0	0	0	0	0	0	0	0	0	0	0	0	29	17	12
21	386	3054	408365	0	0	VILLAGE	Tabhadihi	Rural	0	0	0	0	0	0	0	0	0	0	0	0	0	0	0	0	0	0	0	0	0	0	0	0	0	0	0	0	0	0	0	0	0	0	0	0	0	0	0	0	0	0	0	0	0	0	0	0	0	0	0	0	0	0	0	0	0	0	0	0	0	0	0	0	0	0	0	0	0	0	0	0	0	0	0	0	0	0	0	0	0	0	0	0	0
21	386	3054	408366	0	0	VILLAGE	Punjiama	Rural	71	349	176	173	57	28	29	1	0	1	348	176	172	163	93	70	186	83	103	216	114	102	216	114	102	112	103	9	98	7	91	0	0	0	6	4	2	0	0	0	0	0	0	0	0	0	0	0	0	0	0	0	0	0	0	0	0	0	0	0	0	0	0	0	0	0	0	0	0	0	0	0	0	0	0	0	0	0	0	0	0	0	133	62	71
21	386	3054	408367	0	0	VILLAGE	Khariapali	Rural	96	431	211	220	78	44	34	9	5	4	414	201	213	220	126	94	211	85	126	271	129	142	271	129	142	123	105	18	133	15	118	0	0	0	15	9	6	0	0	0	0	0	0	0	0	0	0	0	0	0	0	0	0	0	0	0	0	0	0	0	0	0	0	0	0	0	0	0	0	0	0	0	0	0	0	0	0	0	0	0	0	0	160	82	78
21	386	3054	408368	0	0	VILLAGE	Bighnaput	Rural	63	281	146	135	33	26	7	0	0	0	271	141	130	66	45	21	215	101	114	171	86	85	171	86	85	78	77	1	86	5	81	0	0	0	7	4	3	0	0	0	0	0	0	0	0	0	0	0	0	0	0	0	0	0	0	0	0	0	0	0	0	0	0	0	0	0	0	0	0	0	0	0	0	0	0	0	0	0	0	0	0	0	110	60	50
21	386	3054	408369	0	0	VILLAGE	Barakoli	Rural	65	286	144	142	57	31	26	6	5	1	275	137	138	27	21	6	259	123	136	174	85	89	174	85	89	82	80	2	87	2	85	0	0	0	5	3	2	0	0	0	0	0	0	0	0	0	0	0	0	0	0	0	0	0	0	0	0	0	0	0	0	0	0	0	0	0	0	0	0	0	0	0	0	0	0	0	0	0	0	0	0	0	112	59	53
21	386	3054	408370	0	0	VILLAGE	Bankiapali	Rural	104	493	256	237	85	48	37	0	0	0	493	256	237	293	181	112	200	75	125	327	159	168	296	151	145	100	99	1	170	49	121	0	0	0	26	3	23	31	8	23	1	0	1	10	5	5	0	0	0	20	3	17	28	8	20	1	0	1	8	5	3	0	0	0	19	3	16	3	0	3	0	0	0	2	0	2	0	0	0	1	0	1	166	97	69
21	386	3054	408371	0	0	VILLAGE	Talaborei	Rural	199	762	354	408	104	48	56	0	0	0	762	354	408	495	256	239	267	98	169	269	175	94	202	166	36	147	129	18	30	22	8	3	1	2	22	14	8	67	9	58	4	0	4	40	8	32	7	0	7	16	1	15	67	9	58	4	0	4	40	8	32	7	0	7	16	1	15	0	0	0	0	0	0	0	0	0	0	0	0	0	0	0	493	179	314
21	386	3054	408372	0	0	VILLAGE	Sananuagaon	Rural	0	0	0	0	0	0	0	0	0	0	0	0	0	0	0	0	0	0	0	0	0	0	0	0	0	0	0	0	0	0	0	0	0	0	0	0	0	0	0	0	0	0	0	0	0	0	0	0	0	0	0	0	0	0	0	0	0	0	0	0	0	0	0	0	0	0	0	0	0	0	0	0	0	0	0	0	0	0	0	0	0	0	0	0	0
21	386	3054	408373	0	0	VILLAGE	Katuala	Rural	58	285	135	150	47	20	27	0	0	0	283	134	149	133	96	37	152	39	113	180	87	93	180	87	93	24	23	1	153	63	90	0	0	0	3	1	2	0	0	0	0	0	0	0	0	0	0	0	0	0	0	0	0	0	0	0	0	0	0	0	0	0	0	0	0	0	0	0	0	0	0	0	0	0	0	0	0	0	0	0	0	0	105	48	57
21	386	3054	408374	0	0	VILLAGE	Bhujiabarabara	Rural	31	177	94	83	38	20	18	0	0	0	177	94	83	50	43	7	127	51	76	94	50	44	93	49	44	7	7	0	82	40	42	0	0	0	4	2	2	1	1	0	0	0	0	0	0	0	0	0	0	1	1	0	1	1	0	0	0	0	0	0	0	0	0	0	1	1	0	0	0	0	0	0	0	0	0	0	0	0	0	0	0	0	83	44	39
21	386	3054	408375	0	0	VILLAGE	Mandar	Rural	27	125	61	64	20	11	9	0	0	0	125	61	64	50	29	21	75	32	43	72	35	37	72	35	37	27	27	0	45	8	37	0	0	0	0	0	0	0	0	0	0	0	0	0	0	0	0	0	0	0	0	0	0	0	0	0	0	0	0	0	0	0	0	0	0	0	0	0	0	0	0	0	0	0	0	0	0	0	0	0	0	0	53	26	27
21	386	3054	408376	0	0	VILLAGE	Mandar	Rural	11	51	26	25	6	3	3	0	0	0	51	26	25	31	15	16	20	11	9	30	16	14	25	15	10	7	7	0	18	8	10	0	0	0	0	0	0	5	1	4	0	0	0	3	1	2	0	0	0	2	0	2	5	1	4	0	0	0	3	1	2	0	0	0	2	0	2	0	0	0	0	0	0	0	0	0	0	0	0	0	0	0	21	10	11
21	386	3054	408377	0	0	VILLAGE	Sibida	Rural	16	58	30	28	6	2	4	0	0	0	57	29	28	27	18	9	31	12	19	43	21	22	43	21	22	15	15	0	28	6	22	0	0	0	0	0	0	0	0	0	0	0	0	0	0	0	0	0	0	0	0	0	0	0	0	0	0	0	0	0	0	0	0	0	0	0	0	0	0	0	0	0	0	0	0	0	0	0	0	0	0	0	15	9	6
21	386	3054	408378	0	0	VILLAGE	Mahulia	Rural	34	146	74	72	24	11	13	0	0	0	145	74	71	77	50	27	69	24	45	101	51	50	101	51	50	39	34	5	62	17	45	0	0	0	0	0	0	0	0	0	0	0	0	0	0	0	0	0	0	0	0	0	0	0	0	0	0	0	0	0	0	0	0	0	0	0	0	0	0	0	0	0	0	0	0	0	0	0	0	0	0	0	45	23	22
21	386	3054	408379	0	0	VILLAGE	Landur	Rural	6	29	16	13	8	4	4	0	0	0	29	16	13	13	11	2	16	5	11	19	11	8	19	11	8	5	5	0	14	6	8	0	0	0	0	0	0	0	0	0	0	0	0	0	0	0	0	0	0	0	0	0	0	0	0	0	0	0	0	0	0	0	0	0	0	0	0	0	0	0	0	0	0	0	0	0	0	0	0	0	0	0	10	5	5
21	386	3054	408380	0	0	VILLAGE	Burupada	Rural	0	0	0	0	0	0	0	0	0	0	0	0	0	0	0	0	0	0	0	0	0	0	0	0	0	0	0	0	0	0	0	0	0	0	0	0	0	0	0	0	0	0	0	0	0	0	0	0	0	0	0	0	0	0	0	0	0	0	0	0	0	0	0	0	0	0	0	0	0	0	0	0	0	0	0	0	0	0	0	0	0	0	0	0	0
21	386	3054	408381	0	0	VILLAGE	Beruabadi	Rural	0	0	0	0	0	0	0	0	0	0	0	0	0	0	0	0	0	0	0	0	0	0	0	0	0	0	0	0	0	0	0	0	0	0	0	0	0	0	0	0	0	0	0	0	0	0	0	0	0	0	0	0	0	0	0	0	0	0	0	0	0	0	0	0	0	0	0	0	0	0	0	0	0	0	0	0	0	0	0	0	0	0	0	0	0
21	386	3054	408382	0	0	VILLAGE	Baguda	Rural	46	177	91	86	11	4	7	0	0	0	177	91	86	102	71	31	75	20	55	146	76	70	0	0	0	0	0	0	0	0	0	0	0	0	0	0	0	146	76	70	146	76	70	0	0	0	0	0	0	0	0	0	146	76	70	146	76	70	0	0	0	0	0	0	0	0	0	0	0	0	0	0	0	0	0	0	0	0	0	0	0	0	31	15	16
21	386	3054	408383	0	0	VILLAGE	Mayurjhara	Rural	0	0	0	0	0	0	0	0	0	0	0	0	0	0	0	0	0	0	0	0	0	0	0	0	0	0	0	0	0	0	0	0	0	0	0	0	0	0	0	0	0	0	0	0	0	0	0	0	0	0	0	0	0	0	0	0	0	0	0	0	0	0	0	0	0	0	0	0	0	0	0	0	0	0	0	0	0	0	0	0	0	0	0	0	0
21	386	3054	408384	0	0	VILLAGE	Gambharisihali	Rural	0	0	0	0	0	0	0	0	0	0	0	0	0	0	0	0	0	0	0	0	0	0	0	0	0	0	0	0	0	0	0	0	0	0	0	0	0	0	0	0	0	0	0	0	0	0	0	0	0	0	0	0	0	0	0	0	0	0	0	0	0	0	0	0	0	0	0	0	0	0	0	0	0	0	0	0	0	0	0	0	0	0	0	0	0
21	386	3054	408385	0	0	VILLAGE	Damiabarabara	Rural	42	211	99	112	17	8	9	0	0	0	203	95	108	146	83	63	65	16	49	148	70	78	1	1	0	0	0	0	0	0	0	0	0	0	1	1	0	147	69	78	140	67	73	7	2	5	0	0	0	0	0	0	147	69	78	140	67	73	7	2	5	0	0	0	0	0	0	0	0	0	0	0	0	0	0	0	0	0	0	0	0	0	63	29	34
21	386	3054	408386	0	0	VILLAGE	Andhari	Rural	0	0	0	0	0	0	0	0	0	0	0	0	0	0	0	0	0	0	0	0	0	0	0	0	0	0	0	0	0	0	0	0	0	0	0	0	0	0	0	0	0	0	0	0	0	0	0	0	0	0	0	0	0	0	0	0	0	0	0	0	0	0	0	0	0	0	0	0	0	0	0	0	0	0	0	0	0	0	0	0	0	0	0	0	0
21	386	3054	408387	0	0	VILLAGE	Kusapalli	Rural	8	35	19	16	4	2	2	0	0	0	35	19	16	22	16	6	13	3	10	23	12	11	1	1	0	1	1	0	0	0	0	0	0	0	0	0	0	22	11	11	22	11	11	0	0	0	0	0	0	0	0	0	22	11	11	22	11	11	0	0	0	0	0	0	0	0	0	0	0	0	0	0	0	0	0	0	0	0	0	0	0	0	12	7	5
21	386	3054	408388	0	0	VILLAGE	Tanku	Rural	0	0	0	0	0	0	0	0	0	0	0	0	0	0	0	0	0	0	0	0	0	0	0	0	0	0	0	0	0	0	0	0	0	0	0	0	0	0	0	0	0	0	0	0	0	0	0	0	0	0	0	0	0	0	0	0	0	0	0	0	0	0	0	0	0	0	0	0	0	0	0	0	0	0	0	0	0	0	0	0	0	0	0	0	0
21	386	3054	408389	0	0	VILLAGE	Balikania	Rural	13	74	38	36	20	9	11	0	0	0	73	37	36	41	27	14	33	11	22	27	12	15	27	12	15	0	0	0	27	12	15	0	0	0	0	0	0	0	0	0	0	0	0	0	0	0	0	0	0	0	0	0	0	0	0	0	0	0	0	0	0	0	0	0	0	0	0	0	0	0	0	0	0	0	0	0	0	0	0	0	0	0	47	26	21
21	386	3054	408390	0	0	VILLAGE	Bhatapada	Rural	47	214	103	111	24	9	15	12	8	4	191	90	101	154	83	71	60	20	40	155	83	72	155	83	72	2	2	0	151	80	71	0	0	0	2	1	1	0	0	0	0	0	0	0	0	0	0	0	0	0	0	0	0	0	0	0	0	0	0	0	0	0	0	0	0	0	0	0	0	0	0	0	0	0	0	0	0	0	0	0	0	0	59	20	39
21	386	3054	408391	0	0	VILLAGE	Badasula	Rural	80	342	177	165	50	30	20	49	24	25	269	138	131	194	119	75	148	58	90	214	110	104	211	109	102	0	0	0	209	109	100	2	0	2	0	0	0	3	1	2	0	0	0	3	1	2	0	0	0	0	0	0	3	1	2	0	0	0	3	1	2	0	0	0	0	0	0	0	0	0	0	0	0	0	0	0	0	0	0	0	0	0	128	67	61
21	386	3054	408392	0	0	VILLAGE	Krushnapalli	Rural	0	0	0	0	0	0	0	0	0	0	0	0	0	0	0	0	0	0	0	0	0	0	0	0	0	0	0	0	0	0	0	0	0	0	0	0	0	0	0	0	0	0	0	0	0	0	0	0	0	0	0	0	0	0	0	0	0	0	0	0	0	0	0	0	0	0	0	0	0	0	0	0	0	0	0	0	0	0	0	0	0	0	0	0	0
21	386	3054	408393	0	0	VILLAGE	Mardabadi	Rural	0	0	0	0	0	0	0	0	0	0	0	0	0	0	0	0	0	0	0	0	0	0	0	0	0	0	0	0	0	0	0	0	0	0	0	0	0	0	0	0	0	0	0	0	0	0	0	0	0	0	0	0	0	0	0	0	0	0	0	0	0	0	0	0	0	0	0	0	0	0	0	0	0	0	0	0	0	0	0	0	0	0	0	0	0
21	386	3054	408394	0	0	VILLAGE	Bodhakapalli	Rural	0	0	0	0	0	0	0	0	0	0	0	0	0	0	0	0	0	0	0	0	0	0	0	0	0	0	0	0	0	0	0	0	0	0	0	0	0	0	0	0	0	0	0	0	0	0	0	0	0	0	0	0	0	0	0	0	0	0	0	0	0	0	0	0	0	0	0	0	0	0	0	0	0	0	0	0	0	0	0	0	0	0	0	0	0
21	386	3054	408395	0	0	VILLAGE	Nakitutha	Rural	0	0	0	0	0	0	0	0	0	0	0	0	0	0	0	0	0	0	0	0	0	0	0	0	0	0	0	0	0	0	0	0	0	0	0	0	0	0	0	0	0	0	0	0	0	0	0	0	0	0	0	0	0	0	0	0	0	0	0	0	0	0	0	0	0	0	0	0	0	0	0	0	0	0	0	0	0	0	0	0	0	0	0	0	0
21	386	3054	408396	0	0	VILLAGE	Janteswar	Rural	12	41	17	24	5	3	2	0	0	0	41	17	24	19	14	5	22	3	19	32	12	20	22	11	11	9	9	0	13	2	11	0	0	0	0	0	0	10	1	9	1	1	0	9	0	9	0	0	0	0	0	0	10	1	9	1	1	0	9	0	9	0	0	0	0	0	0	0	0	0	0	0	0	0	0	0	0	0	0	0	0	0	9	5	4
21	386	3054	408397	0	0	VILLAGE	Champagada	Rural	0	0	0	0	0	0	0	0	0	0	0	0	0	0	0	0	0	0	0	0	0	0	0	0	0	0	0	0	0	0	0	0	0	0	0	0	0	0	0	0	0	0	0	0	0	0	0	0	0	0	0	0	0	0	0	0	0	0	0	0	0	0	0	0	0	0	0	0	0	0	0	0	0	0	0	0	0	0	0	0	0	0	0	0	0
21	386	3054	408398	0	0	VILLAGE	Panasadihi	Rural	88	349	172	177	54	29	25	5	2	3	318	154	164	208	125	83	141	47	94	250	122	128	212	116	96	101	90	11	82	15	67	0	0	0	29	11	18	38	6	32	2	1	1	31	3	28	1	0	1	4	2	2	38	6	32	2	1	1	31	3	28	1	0	1	4	2	2	0	0	0	0	0	0	0	0	0	0	0	0	0	0	0	99	50	49
21	386	3054	408399	0	0	VILLAGE	Sundaria	Rural	0	0	0	0	0	0	0	0	0	0	0	0	0	0	0	0	0	0	0	0	0	0	0	0	0	0	0	0	0	0	0	0	0	0	0	0	0	0	0	0	0	0	0	0	0	0	0	0	0	0	0	0	0	0	0	0	0	0	0	0	0	0	0	0	0	0	0	0	0	0	0	0	0	0	0	0	0	0	0	0	0	0	0	0	0
21	386	3054	408400	0	0	VILLAGE	Haradama	Rural	0	0	0	0	0	0	0	0	0	0	0	0	0	0	0	0	0	0	0	0	0	0	0	0	0	0	0	0	0	0	0	0	0	0	0	0	0	0	0	0	0	0	0	0	0	0	0	0	0	0	0	0	0	0	0	0	0	0	0	0	0	0	0	0	0	0	0	0	0	0	0	0	0	0	0	0	0	0	0	0	0	0	0	0	0
21	386	3054	408401	0	0	VILLAGE	Chandrama	Rural	3	15	6	9	1	1	0	0	0	0	15	6	9	3	3	0	12	3	9	8	5	3	6	5	1	6	5	1	0	0	0	0	0	0	0	0	0	2	0	2	0	0	0	0	0	0	0	0	0	2	0	2	2	0	2	0	0	0	0	0	0	0	0	0	2	0	2	0	0	0	0	0	0	0	0	0	0	0	0	0	0	0	7	1	6
21	386	3054	408402	0	0	VILLAGE	Kalapata	Rural	20	95	51	44	10	7	3	0	0	0	94	50	44	20	12	8	75	39	36	52	30	22	17	17	0	17	17	0	0	0	0	0	0	0	0	0	0	35	13	22	0	0	0	0	0	0	0	0	0	35	13	22	35	13	22	0	0	0	0	0	0	0	0	0	35	13	22	0	0	0	0	0	0	0	0	0	0	0	0	0	0	0	43	21	22
21	386	3054	408403	0	0	VILLAGE	Karanjapalli	Rural	9	48	26	22	5	2	3	0	0	0	48	26	22	1	1	0	47	25	22	24	19	5	15	15	0	15	15	0	0	0	0	0	0	0	0	0	0	9	4	5	0	0	0	2	2	0	0	0	0	7	2	5	9	4	5	0	0	0	2	2	0	0	0	0	7	2	5	0	0	0	0	0	0	0	0	0	0	0	0	0	0	0	24	7	17
21	386	3054	408404	0	0	VILLAGE	Nakulapalli	Rural	6	27	12	15	7	1	6	0	0	0	27	12	15	0	0	0	27	12	15	6	5	1	2	2	0	2	2	0	0	0	0	0	0	0	0	0	0	4	3	1	0	0	0	0	0	0	0	0	0	4	3	1	4	3	1	0	0	0	0	0	0	0	0	0	4	3	1	0	0	0	0	0	0	0	0	0	0	0	0	0	0	0	21	7	14
21	386	3054	408405	0	0	VILLAGE	Podakhai	Rural	11	69	34	35	16	8	8	0	0	0	69	34	35	1	1	0	68	33	35	34	23	11	19	19	0	14	14	0	4	4	0	0	0	0	1	1	0	15	4	11	0	0	0	1	1	0	0	0	0	14	3	11	15	4	11	0	0	0	1	1	0	0	0	0	14	3	11	0	0	0	0	0	0	0	0	0	0	0	0	0	0	0	35	11	24
21	386	3054	408406	0	0	VILLAGE	Gurupada	Rural	155	556	255	301	80	44	36	2	1	1	552	253	299	309	188	121	247	67	180	400	165	235	339	154	185	91	89	2	208	41	167	4	1	3	36	23	13	61	11	50	6	1	5	52	9	43	0	0	0	3	1	2	47	8	39	6	1	5	40	7	33	0	0	0	1	0	1	14	3	11	0	0	0	12	2	10	0	0	0	2	1	1	156	90	66
21	386	3054	408407	0	0	VILLAGE	Nuagaon Sanamala	Rural	18	69	34	35	8	6	2	0	0	0	68	33	35	28	20	8	41	14	27	37	19	18	1	1	0	0	0	0	0	0	0	0	0	0	1	1	0	36	18	18	0	0	0	34	18	16	0	0	0	2	0	2	18	13	5	0	0	0	17	13	4	0	0	0	1	0	1	18	5	13	0	0	0	17	5	12	0	0	0	1	0	1	32	15	17
21	386	3054	408408	0	0	VILLAGE	Nipania	Rural	7	27	14	13	6	6	0	0	0	0	27	14	13	5	4	1	22	10	12	8	6	2	3	3	0	1	1	0	1	1	0	1	1	0	0	0	0	5	3	2	0	0	0	4	2	2	1	1	0	0	0	0	3	3	0	0	0	0	2	2	0	1	1	0	0	0	0	2	0	2	0	0	0	2	0	2	0	0	0	0	0	0	19	8	11
21	386	3054	408409	0	0	VILLAGE	Baurigan	Rural	0	0	0	0	0	0	0	0	0	0	0	0	0	0	0	0	0	0	0	0	0	0	0	0	0	0	0	0	0	0	0	0	0	0	0	0	0	0	0	0	0	0	0	0	0	0	0	0	0	0	0	0	0	0	0	0	0	0	0	0	0	0	0	0	0	0	0	0	0	0	0	0	0	0	0	0	0	0	0	0	0	0	0	0	0
21	386	3054	408410	0	0	VILLAGE	Lodhabhuin	Rural	51	218	110	108	29	14	15	0	0	0	211	107	104	98	64	34	120	46	74	120	66	54	6	5	1	2	1	1	3	3	0	0	0	0	1	1	0	114	61	53	0	0	0	112	61	51	1	0	1	1	0	1	66	50	16	0	0	0	64	50	14	1	0	1	1	0	1	48	11	37	0	0	0	48	11	37	0	0	0	0	0	0	98	44	54
21	386	3054	408411	0	0	VILLAGE	Kusarada	Rural	123	416	206	210	92	48	44	0	0	0	416	206	210	45	31	14	371	175	196	204	92	112	20	14	6	17	13	4	1	1	0	0	0	0	2	0	2	184	78	106	0	0	0	184	78	106	0	0	0	0	0	0	184	78	106	0	0	0	184	78	106	0	0	0	0	0	0	0	0	0	0	0	0	0	0	0	0	0	0	0	0	0	212	114	98
21	386	3054	408412	0	0	VILLAGE	Bamadebapur	Rural	0	0	0	0	0	0	0	0	0	0	0	0	0	0	0	0	0	0	0	0	0	0	0	0	0	0	0	0	0	0	0	0	0	0	0	0	0	0	0	0	0	0	0	0	0	0	0	0	0	0	0	0	0	0	0	0	0	0	0	0	0	0	0	0	0	0	0	0	0	0	0	0	0	0	0	0	0	0	0	0	0	0	0	0	0
21	386	3054	408413	0	0	VILLAGE	Bankadapalli	Rural	0	0	0	0	0	0	0	0	0	0	0	0	0	0	0	0	0	0	0	0	0	0	0	0	0	0	0	0	0	0	0	0	0	0	0	0	0	0	0	0	0	0	0	0	0	0	0	0	0	0	0	0	0	0	0	0	0	0	0	0	0	0	0	0	0	0	0	0	0	0	0	0	0	0	0	0	0	0	0	0	0	0	0	0	0
21	386	3054	408414	0	0	VILLAGE	Raghunathpur	Rural	0	0	0	0	0	0	0	0	0	0	0	0	0	0	0	0	0	0	0	0	0	0	0	0	0	0	0	0	0	0	0	0	0	0	0	0	0	0	0	0	0	0	0	0	0	0	0	0	0	0	0	0	0	0	0	0	0	0	0	0	0	0	0	0	0	0	0	0	0	0	0	0	0	0	0	0	0	0	0	0	0	0	0	0	0
21	386	3054	408415	0	0	VILLAGE	Baunsmula	Rural	0	0	0	0	0	0	0	0	0	0	0	0	0	0	0	0	0	0	0	0	0	0	0	0	0	0	0	0	0	0	0	0	0	0	0	0	0	0	0	0	0	0	0	0	0	0	0	0	0	0	0	0	0	0	0	0	0	0	0	0	0	0	0	0	0	0	0	0	0	0	0	0	0	0	0	0	0	0	0	0	0	0	0	0	0
21	386	3054	408416	0	0	VILLAGE	Totapada	Rural	0	0	0	0	0	0	0	0	0	0	0	0	0	0	0	0	0	0	0	0	0	0	0	0	0	0	0	0	0	0	0	0	0	0	0	0	0	0	0	0	0	0	0	0	0	0	0	0	0	0	0	0	0	0	0	0	0	0	0	0	0	0	0	0	0	0	0	0	0	0	0	0	0	0	0	0	0	0	0	0	0	0	0	0	0
21	386	3054	408417	0	0	VILLAGE	Sansireipur	Rural	89	410	218	192	45	24	21	0	0	0	0	0	0	309	172	137	101	46	55	105	102	3	97	95	2	43	43	0	43	42	1	5	5	0	6	5	1	8	7	1	1	1	0	4	4	0	1	1	0	2	1	1	6	5	1	0	0	0	3	3	0	1	1	0	2	1	1	2	2	0	1	1	0	1	1	0	0	0	0	0	0	0	305	116	189
21	386	3054	408418	0	0	VILLAGE	Bhapur	Rural	153	567	252	315	70	34	36	230	91	139	0	0	0	397	193	204	170	59	111	111	104	7	108	103	5	47	46	1	30	30	0	10	10	0	21	17	4	3	1	2	0	0	0	3	1	2	0	0	0	0	0	0	1	0	1	0	0	0	1	0	1	0	0	0	0	0	0	2	1	1	0	0	0	2	1	1	0	0	0	0	0	0	456	148	308
21	386	3054	408419	0	0	VILLAGE	Madhiapali	Rural	0	0	0	0	0	0	0	0	0	0	0	0	0	0	0	0	0	0	0	0	0	0	0	0	0	0	0	0	0	0	0	0	0	0	0	0	0	0	0	0	0	0	0	0	0	0	0	0	0	0	0	0	0	0	0	0	0	0	0	0	0	0	0	0	0	0	0	0	0	0	0	0	0	0	0	0	0	0	0	0	0	0	0	0	0
21	386	3054	408420	0	0	VILLAGE	Arakhadihi	Rural	134	631	318	313	80	33	47	0	0	0	0	0	0	467	263	204	164	55	109	225	207	18	183	171	12	166	158	8	12	11	1	0	0	0	5	2	3	42	36	6	22	20	2	20	16	4	0	0	0	0	0	0	30	27	3	17	16	1	13	11	2	0	0	0	0	0	0	12	9	3	5	4	1	7	5	2	0	0	0	0	0	0	406	111	295
21	386	3054	408421	0	0	VILLAGE	Pendurapalli	Rural	102	504	240	264	70	30	40	0	0	0	0	0	0	330	178	152	174	62	112	130	123	7	130	123	7	36	36	0	44	39	5	0	0	0	50	48	2	0	0	0	0	0	0	0	0	0	0	0	0	0	0	0	0	0	0	0	0	0	0	0	0	0	0	0	0	0	0	0	0	0	0	0	0	0	0	0	0	0	0	0	0	0	374	117	257
21	386	3054	408422	0	0	VILLAGE	Brundabanpur	Rural	210	1019	513	506	110	60	50	0	0	0	0	0	0	801	436	365	218	77	141	270	260	10	266	257	9	144	141	3	52	52	0	10	10	0	60	54	6	4	3	1	1	1	0	1	0	1	0	0	0	2	2	0	4	3	1	1	1	0	1	0	1	0	0	0	2	2	0	0	0	0	0	0	0	0	0	0	0	0	0	0	0	0	749	253	496
21	386	3054	408423	0	0	VILLAGE	Kurunjipur	Rural	128	658	347	311	88	46	42	0	0	0	0	0	0	490	276	214	168	71	97	200	196	4	198	194	4	136	134	2	5	5	0	0	0	0	57	55	2	2	2	0	0	0	0	0	0	0	0	0	0	2	2	0	2	2	0	0	0	0	0	0	0	0	0	0	2	2	0	0	0	0	0	0	0	0	0	0	0	0	0	0	0	0	458	151	307
21	386	3054	408424	0	0	VILLAGE	Banloei	Rural	292	1486	812	674	132	79	53	4	3	1	0	0	0	1148	677	471	338	135	203	487	475	12	456	446	10	235	233	2	78	78	0	4	4	0	139	131	8	31	29	2	6	5	1	14	14	0	0	0	0	11	10	1	22	20	2	5	4	1	7	7	0	0	0	0	10	9	1	9	9	0	1	1	0	7	7	0	0	0	0	1	1	0	999	337	662
21	386	3054	408425	0	0	VILLAGE	Sahasapur	Rural	199	989	519	470	125	67	58	103	51	52	0	0	0	707	404	303	282	115	167	268	255	13	258	249	9	224	218	6	25	22	3	1	1	0	8	8	0	10	6	4	4	3	1	1	0	1	0	0	0	5	3	2	10	6	4	4	3	1	1	0	1	0	0	0	5	3	2	0	0	0	0	0	0	0	0	0	0	0	0	0	0	0	721	264	457
21	386	3054	408426	0	0	VILLAGE	Gangadharapur	Rural	46	252	130	122	31	15	16	0	0	0	0	0	0	165	95	70	87	35	52	62	61	1	59	58	1	25	25	0	29	29	0	3	3	0	2	1	1	3	3	0	1	1	0	2	2	0	0	0	0	0	0	0	3	3	0	1	1	0	2	2	0	0	0	0	0	0	0	0	0	0	0	0	0	0	0	0	0	0	0	0	0	0	190	69	121
21	386	3054	408427	0	0	VILLAGE	Champajharpalli	Rural	0	0	0	0	0	0	0	0	0	0	0	0	0	0	0	0	0	0	0	0	0	0	0	0	0	0	0	0	0	0	0	0	0	0	0	0	0	0	0	0	0	0	0	0	0	0	0	0	0	0	0	0	0	0	0	0	0	0	0	0	0	0	0	0	0	0	0	0	0	0	0	0	0	0	0	0	0	0	0	0	0	0	0	0	0
21	386	3054	408428	0	0	VILLAGE	Gateswarpur	Rural	56	314	167	147	35	16	19	0	0	0	0	0	0	233	140	93	81	27	54	84	81	3	83	80	3	66	64	2	11	11	0	1	1	0	5	4	1	1	1	0	0	0	0	1	1	0	0	0	0	0	0	0	1	1	0	0	0	0	1	1	0	0	0	0	0	0	0	0	0	0	0	0	0	0	0	0	0	0	0	0	0	0	230	86	144
21	386	3054	408429	0	0	VILLAGE	Laxmiprasad	Rural	114	541	275	266	63	36	27	0	0	0	0	0	0	366	196	170	175	79	96	169	143	26	19	17	2	8	8	0	0	0	0	0	0	0	11	9	2	150	126	24	9	9	0	139	115	24	0	0	0	2	2	0	89	85	4	8	8	0	80	76	4	0	0	0	1	1	0	61	41	20	1	1	0	59	39	20	0	0	0	1	1	0	372	132	240
21	386	3054	408430	0	0	VILLAGE	Bahadakhola	Rural	4	22	13	9	8	6	2	0	0	0	0	0	0	4	4	0	18	9	9	5	5	0	0	0	0	0	0	0	0	0	0	0	0	0	0	0	0	5	5	0	3	3	0	1	1	0	0	0	0	1	1	0	4	4	0	3	3	0	0	0	0	0	0	0	1	1	0	1	1	0	0	0	0	1	1	0	0	0	0	0	0	0	17	8	9
21	386	3054	408431	0	0	VILLAGE	Guhiapahada	Rural	0	0	0	0	0	0	0	0	0	0	0	0	0	0	0	0	0	0	0	0	0	0	0	0	0	0	0	0	0	0	0	0	0	0	0	0	0	0	0	0	0	0	0	0	0	0	0	0	0	0	0	0	0	0	0	0	0	0	0	0	0	0	0	0	0	0	0	0	0	0	0	0	0	0	0	0	0	0	0	0	0	0	0	0	0
21	386	3054	408432	0	0	VILLAGE	Bengarajapalli	Rural	255	1460	727	733	211	103	108	63	25	38	779	387	392	424	228	196	1036	499	537	372	350	22	361	344	17	282	273	9	25	20	5	22	22	0	32	29	3	11	6	5	0	0	0	2	2	0	5	1	4	4	3	1	11	6	5	0	0	0	2	2	0	5	1	4	4	3	1	0	0	0	0	0	0	0	0	0	0	0	0	0	0	0	1088	377	711
21	386	3054	408433	0	0	VILLAGE	Gadadharpur	Rural	65	255	123	132	39	18	21	174	80	94	42	24	18	148	86	62	107	37	70	84	73	11	76	72	4	0	0	0	73	70	3	0	0	0	3	2	1	8	1	7	0	0	0	7	0	7	0	0	0	1	1	0	4	1	3	0	0	0	3	0	3	0	0	0	1	1	0	4	0	4	0	0	0	4	0	4	0	0	0	0	0	0	171	50	121
21	386	3054	408434	0	0	VILLAGE	Naranpur	Rural	57	268	138	130	35	21	14	61	31	30	0	0	0	175	97	78	93	41	52	77	76	1	77	76	1	0	0	0	77	76	1	0	0	0	0	0	0	0	0	0	0	0	0	0	0	0	0	0	0	0	0	0	0	0	0	0	0	0	0	0	0	0	0	0	0	0	0	0	0	0	0	0	0	0	0	0	0	0	0	0	0	0	191	62	129
21	386	3054	408435	0	0	VILLAGE	Bhabanipur	Rural	246	1283	667	616	159	78	81	21	10	11	0	0	0	945	546	399	338	121	217	494	378	116	376	366	10	274	271	3	48	46	2	8	8	0	46	41	5	118	12	106	1	1	0	110	9	101	2	0	2	5	2	3	14	9	5	0	0	0	7	7	0	2	0	2	5	2	3	104	3	101	1	1	0	103	2	101	0	0	0	0	0	0	789	289	500
21	386	3054	408436	0	0	VILLAGE	Bhuskapada	Rural	147	657	329	328	100	46	54	26	12	14	0	0	0	365	219	146	292	110	182	200	194	6	185	182	3	48	48	0	95	95	0	15	15	0	27	24	3	15	12	3	0	0	0	15	12	3	0	0	0	0	0	0	14	11	3	0	0	0	14	11	3	0	0	0	0	0	0	1	1	0	0	0	0	1	1	0	0	0	0	0	0	0	457	135	322
21	386	3054	408437	0	0	VILLAGE	Baledihi	Rural	155	691	372	319	73	41	32	280	147	133	0	0	0	443	265	178	248	107	141	305	218	87	299	215	84	42	41	1	217	140	77	15	12	3	25	22	3	6	3	3	0	0	0	6	3	3	0	0	0	0	0	0	4	3	1	0	0	0	4	3	1	0	0	0	0	0	0	2	0	2	0	0	0	2	0	2	0	0	0	0	0	0	386	154	232
21	386	3054	408438	0	0	VILLAGE	Ghantashila	Rural	5	19	10	9	2	0	2	18	9	9	0	0	0	9	6	3	10	4	6	8	7	1	8	7	1	0	0	0	4	4	0	0	0	0	4	3	1	0	0	0	0	0	0	0	0	0	0	0	0	0	0	0	0	0	0	0	0	0	0	0	0	0	0	0	0	0	0	0	0	0	0	0	0	0	0	0	0	0	0	0	0	0	11	3	8
21	386	3054	408439	0	0	VILLAGE	Dasnuagaon	Rural	0	0	0	0	0	0	0	0	0	0	0	0	0	0	0	0	0	0	0	0	0	0	0	0	0	0	0	0	0	0	0	0	0	0	0	0	0	0	0	0	0	0	0	0	0	0	0	0	0	0	0	0	0	0	0	0	0	0	0	0	0	0	0	0	0	0	0	0	0	0	0	0	0	0	0	0	0	0	0	0	0	0	0	0	0
21	386	3054	408440	0	0	VILLAGE	Betuli	Rural	147	629	280	349	72	41	31	0	0	0	0	0	0	453	209	244	176	71	105	118	112	6	118	112	6	93	93	0	17	17	0	0	0	0	8	2	6	0	0	0	0	0	0	0	0	0	0	0	0	0	0	0	0	0	0	0	0	0	0	0	0	0	0	0	0	0	0	0	0	0	0	0	0	0	0	0	0	0	0	0	0	0	511	168	343
21	386	3054	408441	0	0	VILLAGE	Borigaon	Rural	214	1205	605	600	147	77	70	13	5	8	0	0	0	852	449	403	353	156	197	248	232	16	247	232	15	241	227	14	2	2	0	2	2	0	2	1	1	1	0	1	0	0	0	0	0	0	0	0	0	1	0	1	0	0	0	0	0	0	0	0	0	0	0	0	0	0	0	1	0	1	0	0	0	0	0	0	0	0	0	1	0	1	957	373	584
21	386	3054	408442	0	0	VILLAGE	Bheteswar	Rural	427	2034	1005	1029	211	113	98	51	28	23	0	0	0	1568	815	753	466	190	276	609	591	18	517	504	13	335	327	8	105	104	1	11	10	1	66	63	3	92	87	5	84	83	1	7	3	4	0	0	0	1	1	0	28	23	5	21	20	1	6	2	4	0	0	0	1	1	0	64	64	0	63	63	0	1	1	0	0	0	0	0	0	0	1425	414	1011
21	386	3054	408443	0	0	VILLAGE	Jaganathapur	Rural	49	239	122	117	29	15	14	0	0	0	0	0	0	126	71	55	113	51	62	76	72	4	74	70	4	20	20	0	39	39	0	11	8	3	4	3	1	2	2	0	1	1	0	1	1	0	0	0	0	0	0	0	1	1	0	0	0	0	1	1	0	0	0	0	0	0	0	1	1	0	1	1	0	0	0	0	0	0	0	0	0	0	163	50	113
21	386	3054	408444	0	0	VILLAGE	Halanda	Rural	369	1913	975	938	276	148	128	572	284	288	0	0	0	1328	774	554	585	201	384	634	581	53	558	535	23	261	257	4	36	35	1	19	11	8	242	232	10	76	46	30	4	3	1	15	11	4	29	6	23	28	26	2	76	46	30	4	3	1	15	11	4	29	6	23	28	26	2	0	0	0	0	0	0	0	0	0	0	0	0	0	0	0	1279	394	885
21	386	3054	408445	0	0	VILLAGE	Bhagirathipur	Rural	27	136	65	71	21	7	14	136	65	71	0	0	0	50	30	20	86	35	51	48	40	8	41	36	5	0	0	0	32	28	4	0	0	0	9	8	1	7	4	3	0	0	0	6	3	3	0	0	0	1	1	0	6	4	2	0	0	0	5	3	2	0	0	0	1	1	0	1	0	1	0	0	0	1	0	1	0	0	0	0	0	0	88	25	63
21	386	3054	408446	0	0	VILLAGE	Rajendrapur	Rural	69	342	183	159	29	13	16	0	0	0	0	0	0	244	142	102	98	41	57	109	103	6	101	98	3	42	41	1	20	20	0	11	11	0	28	26	2	8	5	3	1	0	1	0	0	0	2	1	1	5	4	1	7	5	2	0	0	0	0	0	0	2	1	1	5	4	1	1	0	1	1	0	1	0	0	0	0	0	0	0	0	0	233	80	153
21	386	3054	408447	0	0	VILLAGE	Saluni	Rural	67	335	165	170	42	20	22	0	0	0	0	0	0	261	133	128	74	32	42	106	104	2	82	80	2	69	68	1	4	3	1	0	0	0	9	9	0	24	24	0	2	2	0	15	15	0	1	1	0	6	6	0	24	24	0	2	2	0	15	15	0	1	1	0	6	6	0	0	0	0	0	0	0	0	0	0	0	0	0	0	0	0	229	61	168
21	386	3054	408448	0	0	VILLAGE	Krushnapur	Rural	114	602	305	297	54	28	26	0	0	0	0	0	0	465	251	214	137	54	83	180	172	8	179	171	8	31	30	1	70	69	1	1	1	0	77	71	6	1	1	0	0	0	0	0	0	0	0	0	0	1	1	0	1	1	0	0	0	0	0	0	0	0	0	0	1	1	0	0	0	0	0	0	0	0	0	0	0	0	0	0	0	0	422	133	289
21	386	3054	408449	0	0	VILLAGE	Matiapokhari	Rural	168	835	394	441	97	47	50	55	28	27	0	0	0	636	326	310	199	68	131	248	230	18	221	207	14	62	62	0	12	12	0	17	14	3	130	119	11	27	23	4	6	6	0	10	8	2	4	3	1	7	6	1	27	23	4	6	6	0	10	8	2	4	3	1	7	6	1	0	0	0	0	0	0	0	0	0	0	0	0	0	0	0	587	164	423
21	386	3054	408450	0	0	VILLAGE	Shyamasundarpur	Rural	61	283	123	160	28	14	14	23	11	12	0	0	0	203	98	105	80	25	55	69	62	7	55	50	5	8	8	0	9	9	0	1	0	1	37	33	4	14	12	2	0	0	0	8	7	1	1	0	1	5	5	0	10	8	2	0	0	0	6	5	1	1	0	1	3	3	0	4	4	0	0	0	0	2	2	0	0	0	0	2	2	0	214	61	153
21	386	3054	408451	0	0	VILLAGE	Sanahantuad	Rural	275	1363	682	681	145	86	59	0	0	0	0	0	0	1051	545	506	312	137	175	402	369	33	295	285	10	134	131	3	18	18	0	14	13	1	129	123	6	107	84	23	3	2	1	62	58	4	0	0	0	42	24	18	107	84	23	3	2	1	62	58	4	0	0	0	42	24	18	0	0	0	0	0	0	0	0	0	0	0	0	0	0	0	961	313	648
21	386	3054	408452	0	0	VILLAGE	Sanadamodarpur	Rural	288	1516	785	731	153	88	65	0	0	0	0	0	0	1126	626	500	390	159	231	413	393	20	375	356	19	114	108	6	50	50	0	30	28	2	181	170	11	38	37	1	0	0	0	20	20	0	1	1	0	17	16	1	38	37	1	0	0	0	20	20	0	1	1	0	17	16	1	0	0	0	0	0	0	0	0	0	0	0	0	0	0	0	1103	392	711
21	386	3054	408453	0	0	VILLAGE	Narendrapur	Rural	167	899	473	426	116	65	51	0	0	0	0	0	0	689	374	315	210	99	111	269	247	22	226	219	7	148	148	0	4	4	0	4	3	1	70	64	6	43	28	15	1	1	0	15	14	1	3	0	3	24	13	11	42	28	14	1	1	0	15	14	1	3	0	3	23	13	10	1	0	1	0	0	0	0	0	0	0	0	0	1	0	1	630	226	404
21	386	3054	408454	0	0	VILLAGE	Samapur	Rural	70	338	187	151	38	26	12	0	0	0	0	0	0	266	152	114	72	35	37	128	117	11	100	97	3	67	66	1	14	14	0	0	0	0	19	17	2	28	20	8	1	1	0	3	3	0	0	0	0	24	16	8	28	20	8	1	1	0	3	3	0	0	0	0	24	16	8	0	0	0	0	0	0	0	0	0	0	0	0	0	0	0	210	70	140
21	386	3054	408455	0	0	VILLAGE	Kolathadihi	Rural	54	290	155	135	32	20	12	22	11	11	0	0	0	210	124	86	80	31	49	82	76	6	43	41	2	25	25	0	7	6	1	1	1	0	10	9	1	39	35	4	6	5	1	10	9	1	2	2	0	21	19	2	39	35	4	6	5	1	10	9	1	2	2	0	21	19	2	0	0	0	0	0	0	0	0	0	0	0	0	0	0	0	208	79	129
21	386	3054	408456	0	0	VILLAGE	Shuliapali	Rural	43	253	120	133	33	18	15	48	22	26	0	0	0	166	84	82	87	36	51	67	55	12	18	11	7	13	8	5	1	0	1	0	0	0	4	3	1	49	44	5	6	6	0	12	12	0	0	0	0	31	26	5	44	43	1	6	6	0	12	12	0	0	0	0	26	25	1	5	1	4	0	0	0	0	0	0	0	0	0	5	1	4	186	65	121
21	386	3054	408457	0	0	VILLAGE	Torasingha	Rural	130	620	325	295	49	33	16	0	0	0	0	0	0	493	271	222	127	54	73	191	180	11	166	156	10	46	46	0	29	28	1	2	2	0	89	80	9	25	24	1	3	3	0	15	15	0	0	0	0	7	6	1	24	23	1	3	3	0	15	15	0	0	0	0	6	5	1	1	1	0	0	0	0	0	0	0	0	0	0	1	1	0	429	145	284
21	386	3054	408458	0	0	VILLAGE	Ankulapadar	Rural	102	460	209	251	54	27	27	0	0	0	0	0	0	352	165	187	108	44	64	119	114	5	114	112	2	107	106	1	1	1	0	1	1	0	5	4	1	5	2	3	3	1	2	0	0	0	1	1	0	1	0	1	4	2	2	2	1	1	0	0	0	1	1	0	1	0	1	1	0	1	1	0	1	0	0	0	0	0	0	0	0	0	341	95	246
21	386	3054	408459	0	0	VILLAGE	Jhadeswar	Rural	0	0	0	0	0	0	0	0	0	0	0	0	0	0	0	0	0	0	0	0	0	0	0	0	0	0	0	0	0	0	0	0	0	0	0	0	0	0	0	0	0	0	0	0	0	0	0	0	0	0	0	0	0	0	0	0	0	0	0	0	0	0	0	0	0	0	0	0	0	0	0	0	0	0	0	0	0	0	0	0	0	0	0	0	0
21	386	3054	408460	0	0	VILLAGE	Birudi	Rural	74	369	202	167	34	18	16	0	0	0	0	0	0	328	180	148	41	22	19	103	94	9	37	30	7	11	10	1	17	16	1	1	1	0	8	3	5	66	64	2	2	2	0	62	61	1	0	0	0	2	1	1	55	53	2	2	2	0	51	50	1	0	0	0	2	1	1	11	11	0	0	0	0	11	11	0	0	0	0	0	0	0	266	108	158
21	386	3054	408461	0	0	VILLAGE	Samal	Rural	0	0	0	0	0	0	0	0	0	0	0	0	0	0	0	0	0	0	0	0	0	0	0	0	0	0	0	0	0	0	0	0	0	0	0	0	0	0	0	0	0	0	0	0	0	0	0	0	0	0	0	0	0	0	0	0	0	0	0	0	0	0	0	0	0	0	0	0	0	0	0	0	0	0	0	0	0	0	0	0	0	0	0	0	0
21	386	3054	408462	0	0	VILLAGE	Ramachandrapur	Rural	50	265	139	126	27	12	15	0	0	0	0	0	0	235	125	110	30	14	16	72	67	5	6	6	0	2	2	0	3	3	0	0	0	0	1	1	0	66	61	5	3	3	0	57	54	3	1	0	1	5	4	1	56	52	4	3	3	0	51	48	3	1	0	1	1	1	0	10	9	1	0	0	0	6	6	0	0	0	0	4	3	1	193	72	121
21	386	3054	408463	0	0	VILLAGE	Thekuapalli	Rural	40	163	73	90	15	7	8	0	0	0	0	0	0	119	61	58	44	12	32	31	29	2	26	25	1	11	11	0	10	10	0	0	0	0	5	4	1	5	4	1	0	0	0	4	3	1	0	0	0	1	1	0	2	1	1	0	0	0	1	0	1	0	0	0	1	1	0	3	3	0	0	0	0	3	3	0	0	0	0	0	0	0	132	44	88
21	386	3054	408464	0	0	VILLAGE	Nachhipur	Rural	71	332	168	164	40	22	18	41	24	17	0	0	0	239	123	116	93	45	48	94	88	6	75	72	3	34	33	1	23	23	0	0	0	0	18	16	2	19	16	3	0	0	0	7	7	0	0	0	0	12	9	3	17	15	2	0	0	0	6	6	0	0	0	0	11	9	2	2	1	1	0	0	0	1	1	0	0	0	0	1	0	1	238	80	158
21	386	3054	408465	0	0	VILLAGE	Panchugaon	Rural	262	1047	444	603	107	55	52	0	0	0	0	0	0	697	318	379	350	126	224	148	139	9	147	138	9	71	69	2	13	13	0	4	3	1	59	53	6	1	1	0	1	1	0	0	0	0	0	0	0	0	0	0	1	1	0	1	1	0	0	0	0	0	0	0	0	0	0	0	0	0	0	0	0	0	0	0	0	0	0	0	0	0	899	305	594
21	386	3054	408466	0	0	VILLAGE	Lahangadihi	Rural	54	271	138	133	29	14	15	0	0	0	0	0	0	188	108	80	83	30	53	105	95	10	73	69	4	38	38	0	12	12	0	0	0	0	23	19	4	32	26	6	12	11	1	6	5	1	3	0	3	11	10	1	32	26	6	12	11	1	6	5	1	3	0	3	11	10	1	0	0	0	0	0	0	0	0	0	0	0	0	0	0	0	166	43	123
21	386	3054	408467	0	0	VILLAGE	Gambharimunda	Rural	45	215	111	104	30	17	13	0	0	0	0	0	0	162	90	72	53	21	32	63	59	4	51	49	2	20	20	0	9	9	0	1	1	0	21	19	2	12	10	2	3	3	0	3	3	0	0	0	0	6	4	2	12	10	2	3	3	0	3	3	0	0	0	0	6	4	2	0	0	0	0	0	0	0	0	0	0	0	0	0	0	0	152	52	100
21	386	3054	408468	0	0	VILLAGE	Bhatapada	Rural	595	3110	1547	1563	366	178	188	84	35	49	1	1	0	2102	1165	937	1008	382	626	922	836	86	754	721	33	297	290	7	72	71	1	31	30	1	354	330	24	168	115	53	34	31	3	20	11	9	3	2	1	111	71	40	122	106	16	30	28	2	9	8	1	3	2	1	80	68	12	46	9	37	4	3	1	11	3	8	0	0	0	31	3	28	2188	711	1477
21	386	3054	408469	0	0	VILLAGE	Solaripahada	Rural	0	0	0	0	0	0	0	0	0	0	0	0	0	0	0	0	0	0	0	0	0	0	0	0	0	0	0	0	0	0	0	0	0	0	0	0	0	0	0	0	0	0	0	0	0	0	0	0	0	0	0	0	0	0	0	0	0	0	0	0	0	0	0	0	0	0	0	0	0	0	0	0	0	0	0	0	0	0	0	0	0	0	0	0	0
21	386	3054	408470	0	0	VILLAGE	Arjunapur	Rural	0	0	0	0	0	0	0	0	0	0	0	0	0	0	0	0	0	0	0	0	0	0	0	0	0	0	0	0	0	0	0	0	0	0	0	0	0	0	0	0	0	0	0	0	0	0	0	0	0	0	0	0	0	0	0	0	0	0	0	0	0	0	0	0	0	0	0	0	0	0	0	0	0	0	0	0	0	0	0	0	0	0	0	0	0
21	386	3054	408471	0	0	VILLAGE	Mansinghpur	Rural	75	306	121	185	45	24	21	58	25	33	0	0	0	172	65	107	134	56	78	45	43	2	43	41	2	11	11	0	16	16	0	2	2	0	14	12	2	2	2	0	0	0	0	1	1	0	0	0	0	1	1	0	2	2	0	0	0	0	1	1	0	0	0	0	1	1	0	0	0	0	0	0	0	0	0	0	0	0	0	0	0	0	261	78	183
21	386	3054	408472	0	0	VILLAGE	Madhusudanpur	Rural	0	0	0	0	0	0	0	0	0	0	0	0	0	0	0	0	0	0	0	0	0	0	0	0	0	0	0	0	0	0	0	0	0	0	0	0	0	0	0	0	0	0	0	0	0	0	0	0	0	0	0	0	0	0	0	0	0	0	0	0	0	0	0	0	0	0	0	0	0	0	0	0	0	0	0	0	0	0	0	0	0	0	0	0	0
21	386	3054	408473	0	0	VILLAGE	Hadakhai	Rural	7	30	15	15	4	1	3	0	0	0	0	0	0	9	4	5	21	11	10	10	10	0	10	10	0	0	0	0	6	6	0	0	0	0	4	4	0	0	0	0	0	0	0	0	0	0	0	0	0	0	0	0	0	0	0	0	0	0	0	0	0	0	0	0	0	0	0	0	0	0	0	0	0	0	0	0	0	0	0	0	0	0	20	5	15
21	386	3054	408474	0	0	VILLAGE	Agadiapalli	Rural	0	0	0	0	0	0	0	0	0	0	0	0	0	0	0	0	0	0	0	0	0	0	0	0	0	0	0	0	0	0	0	0	0	0	0	0	0	0	0	0	0	0	0	0	0	0	0	0	0	0	0	0	0	0	0	0	0	0	0	0	0	0	0	0	0	0	0	0	0	0	0	0	0	0	0	0	0	0	0	0	0	0	0	0	0
21	386	3054	408475	0	0	VILLAGE	Sadasibapur	Rural	0	0	0	0	0	0	0	0	0	0	0	0	0	0	0	0	0	0	0	0	0	0	0	0	0	0	0	0	0	0	0	0	0	0	0	0	0	0	0	0	0	0	0	0	0	0	0	0	0	0	0	0	0	0	0	0	0	0	0	0	0	0	0	0	0	0	0	0	0	0	0	0	0	0	0	0	0	0	0	0	0	0	0	0	0
21	386	3054	408476	0	0	VILLAGE	Mahukuri	Rural	0	0	0	0	0	0	0	0	0	0	0	0	0	0	0	0	0	0	0	0	0	0	0	0	0	0	0	0	0	0	0	0	0	0	0	0	0	0	0	0	0	0	0	0	0	0	0	0	0	0	0	0	0	0	0	0	0	0	0	0	0	0	0	0	0	0	0	0	0	0	0	0	0	0	0	0	0	0	0	0	0	0	0	0	0
21	386	3054	408477	0	0	VILLAGE	Brahmanadeipur	Rural	134	583	265	318	60	28	32	0	0	0	0	0	0	464	224	240	119	41	78	216	148	68	44	37	7	14	14	0	1	0	1	2	2	0	27	21	6	172	111	61	30	28	2	22	21	1	9	6	3	111	56	55	79	74	5	24	23	1	10	10	0	4	4	0	41	37	4	93	37	56	6	5	1	12	11	1	5	2	3	70	19	51	367	117	250
21	386	3054	408478	0	0	VILLAGE	Muktapur	Rural	0	0	0	0	0	0	0	0	0	0	0	0	0	0	0	0	0	0	0	0	0	0	0	0	0	0	0	0	0	0	0	0	0	0	0	0	0	0	0	0	0	0	0	0	0	0	0	0	0	0	0	0	0	0	0	0	0	0	0	0	0	0	0	0	0	0	0	0	0	0	0	0	0	0	0	0	0	0	0	0	0	0	0	0	0
21	386	3054	408479	0	0	VILLAGE	Bikramapur shasan	Rural	0	0	0	0	0	0	0	0	0	0	0	0	0	0	0	0	0	0	0	0	0	0	0	0	0	0	0	0	0	0	0	0	0	0	0	0	0	0	0	0	0	0	0	0	0	0	0	0	0	0	0	0	0	0	0	0	0	0	0	0	0	0	0	0	0	0	0	0	0	0	0	0	0	0	0	0	0	0	0	0	0	0	0	0	0
21	386	3054	408480	0	0	VILLAGE	Santarapursasan	Rural	77	398	210	188	28	15	13	0	0	0	0	0	0	315	175	140	83	35	48	132	114	18	125	109	16	11	11	0	25	23	2	0	0	0	89	75	14	7	5	2	0	0	0	2	1	1	0	0	0	5	4	1	7	5	2	0	0	0	2	1	1	0	0	0	5	4	1	0	0	0	0	0	0	0	0	0	0	0	0	0	0	0	266	96	170
21	386	3054	408481	0	0	VILLAGE	Naraharipursasan	Rural	76	300	144	156	21	10	11	0	0	0	0	0	0	237	123	114	63	21	42	60	59	1	33	32	1	25	25	0	0	0	0	0	0	0	8	7	1	27	27	0	1	1	0	23	23	0	0	0	0	3	3	0	27	27	0	1	1	0	23	23	0	0	0	0	3	3	0	0	0	0	0	0	0	0	0	0	0	0	0	0	0	0	240	85	155
21	386	3054	408482	0	0	VILLAGE	Chandiprasad	Rural	15	92	50	42	13	9	4	0	0	0	0	0	0	61	39	22	31	11	20	29	29	0	26	26	0	7	7	0	8	8	0	0	0	0	11	11	0	3	3	0	0	0	0	1	1	0	0	0	0	2	2	0	3	3	0	0	0	0	1	1	0	0	0	0	2	2	0	0	0	0	0	0	0	0	0	0	0	0	0	0	0	0	63	21	42
21	386	3054	408483	0	0	VILLAGE	Akhumundapatna	Rural	59	311	157	154	37	15	22	7	1	6	2	1	1	219	126	93	92	31	61	102	99	3	101	98	3	27	27	0	43	43	0	0	0	0	31	28	3	1	1	0	0	0	0	1	1	0	0	0	0	0	0	0	0	0	0	0	0	0	0	0	0	0	0	0	0	0	0	1	1	0	0	0	0	1	1	0	0	0	0	0	0	0	209	58	151
21	386	3054	408484	0	0	VILLAGE	Surekhadeipurpatna	Rural	14	68	34	34	5	2	3	6	4	2	0	0	0	54	32	22	14	2	12	25	22	3	23	22	1	1	1	0	5	5	0	0	0	0	17	16	1	2	0	2	0	0	0	0	0	0	2	0	2	0	0	0	2	0	2	0	0	0	0	0	0	2	0	2	0	0	0	0	0	0	0	0	0	0	0	0	0	0	0	0	0	0	43	12	31
21	386	3054	408485	0	0	VILLAGE	Galua	Rural	955	4718	2485	2233	518	259	259	429	229	200	0	0	0	3648	2067	1581	1070	418	652	1516	1411	105	1442	1351	91	166	164	2	157	154	3	22	17	5	1097	1016	81	74	60	14	5	4	1	41	36	5	4	0	4	24	20	4	65	54	11	5	4	1	37	33	4	4	0	4	19	17	2	9	6	3	0	0	0	4	3	1	0	0	0	5	3	2	3202	1074	2128
21	386	3054	408486	0	0	VILLAGE	Manipur	Rural	36	167	73	94	17	11	6	0	0	0	0	0	0	128	60	68	39	13	26	69	38	31	50	34	16	21	20	1	2	0	2	0	0	0	27	14	13	19	4	15	0	0	0	1	0	1	0	0	0	18	4	14	17	4	13	0	0	0	0	0	0	0	0	0	17	4	13	2	0	2	0	0	0	1	0	1	0	0	0	1	0	1	98	35	63
21	386	3054	408487	0	0	VILLAGE	Sunakera	Rural	245	1253	669	584	144	78	66	44	21	23	0	0	0	934	544	390	319	125	194	406	394	12	84	78	6	21	21	0	2	2	0	6	6	0	55	49	6	322	316	6	88	86	2	47	47	0	4	4	0	183	179	4	287	282	5	85	84	1	45	45	0	4	4	0	153	149	4	35	34	1	3	2	1	2	2	0	0	0	0	30	30	0	847	275	572
21	386	3054	408488	0	0	VILLAGE	Gadadharpur	Rural	85	385	178	207	42	25	17	0	0	0	0	0	0	238	113	125	147	65	82	63	57	6	35	29	6	4	4	0	2	2	0	1	1	0	28	22	6	28	28	0	0	0	0	16	16	0	0	0	0	12	12	0	25	25	0	0	0	0	15	15	0	0	0	0	10	10	0	3	3	0	0	0	0	1	1	0	0	0	0	2	2	0	322	121	201
21	386	3054	408489	0	0	VILLAGE	Parinuagaon	Rural	21	117	61	56	9	3	6	0	0	0	0	0	0	100	56	44	17	5	12	49	35	14	43	33	10	13	12	1	1	1	0	0	0	0	29	20	9	6	2	4	0	0	0	3	2	1	0	0	0	3	0	3	5	2	3	0	0	0	3	2	1	0	0	0	2	0	2	1	0	1	0	0	0	0	0	0	0	0	0	1	0	1	68	26	42
21	386	3054	408490	0	0	VILLAGE	Narayanpur	Rural	35	147	84	63	22	15	7	0	0	0	0	0	0	95	60	35	52	24	28	77	48	29	54	38	16	11	10	1	7	6	1	0	0	0	36	22	14	23	10	13	0	0	0	5	3	2	0	0	0	18	7	11	22	9	13	0	0	0	5	3	2	0	0	0	17	6	11	1	1	0	0	0	0	0	0	0	0	0	0	1	1	0	70	36	34
21	386	3054	408491	0	0	VILLAGE	Gobindapur	Rural	312	1600	811	789	169	99	70	33	15	18	0	0	0	1165	638	527	435	173	262	537	494	43	412	389	23	139	137	2	130	125	5	21	20	1	122	107	15	125	105	20	5	1	4	100	96	4	2	0	2	18	8	10	93	73	20	5	1	4	68	64	4	2	0	2	18	8	10	32	32	0	0	0	0	32	32	0	0	0	0	0	0	0	1063	317	746
21	386	3054	408492	0	0	VILLAGE	Dulanisasan	Rural	177	871	452	419	98	53	45	139	69	70	0	0	0	604	328	276	267	124	143	287	268	19	239	234	5	25	25	0	158	158	0	0	0	0	56	51	5	48	34	14	3	3	0	45	31	14	0	0	0	0	0	0	32	25	7	2	2	0	30	23	7	0	0	0	0	0	0	16	9	7	1	1	0	15	8	7	0	0	0	0	0	0	584	184	400
21	386	3054	408493	0	0	VILLAGE	Ekadalia	Rural	217	1000	500	500	121	67	54	10	5	5	0	0	0	690	377	313	310	123	187	249	224	25	236	214	22	45	45	0	70	70	0	7	6	1	114	93	21	13	10	3	1	1	0	3	3	0	1	1	0	8	5	3	8	5	3	1	1	0	2	2	0	0	0	0	5	2	3	5	5	0	0	0	0	1	1	0	1	1	0	3	3	0	751	276	475
21	386	3054	408494	0	0	VILLAGE	Kumurangasasan	Rural	165	692	326	366	81	47	34	31	13	18	0	0	0	454	225	229	238	101	137	227	168	59	185	136	49	32	31	1	12	8	4	1	0	1	140	97	43	42	32	10	2	2	0	1	1	0	2	0	2	37	29	8	39	29	10	2	2	0	1	1	0	2	0	2	34	26	8	3	3	0	0	0	0	0	0	0	0	0	0	3	3	0	465	158	307
21	386	3054	408495	0	0	VILLAGE	Punjiamasasan	Rural	147	608	314	294	62	30	32	25	12	13	0	0	0	444	250	194	164	64	100	181	160	21	162	142	20	24	22	2	38	38	0	4	4	0	96	78	18	19	18	1	3	3	0	5	5	0	2	2	0	9	8	1	19	18	1	3	3	0	5	5	0	2	2	0	9	8	1	0	0	0	0	0	0	0	0	0	0	0	0	0	0	0	427	154	273
21	386	3054	408496	0	0	VILLAGE	Champadeipurpatana	Rural	157	732	384	348	83	41	42	325	173	152	0	0	0	550	311	239	182	73	109	253	226	27	95	87	8	3	3	0	47	46	1	2	1	1	43	37	6	158	139	19	0	0	0	92	88	4	2	1	1	64	50	14	158	139	19	0	0	0	92	88	4	2	1	1	64	50	14	0	0	0	0	0	0	0	0	0	0	0	0	0	0	0	479	158	321
21	386	3054	408497	0	0	VILLAGE	Ranipada	Rural	629	3004	1549	1455	363	199	164	746	369	377	0	0	0	1756	1029	727	1248	520	728	1115	917	198	937	835	102	412	406	6	102	94	8	30	25	5	393	310	83	178	82	96	18	15	3	44	21	23	21	1	20	95	45	50	132	69	63	16	13	3	34	19	15	13	1	12	69	36	33	46	13	33	2	2	0	10	2	8	8	0	8	26	9	17	1889	632	1257
21	386	3054	408498	0	0	VILLAGE	Tumuraputsasan	Rural	128	641	307	334	69	32	37	83	39	44	0	0	0	463	242	221	178	65	113	179	169	10	170	162	8	0	0	0	107	104	3	31	31	0	32	27	5	9	7	2	0	0	0	6	4	2	2	2	0	1	1	0	8	6	2	0	0	0	6	4	2	2	2	0	0	0	0	1	1	0	0	0	0	0	0	0	0	0	0	1	1	0	462	138	324
21	386	3054	408499	0	0	VILLAGE	Manikpur	Rural	260	1152	604	548	163	91	72	135	69	66	0	0	0	672	382	290	480	222	258	400	352	48	251	244	7	208	205	3	2	1	1	0	0	0	41	38	3	149	108	41	2	2	0	59	43	16	2	1	1	86	62	24	148	108	40	2	2	0	59	43	16	1	1	0	86	62	24	1	0	1	0	0	0	0	0	0	1	0	1	0	0	0	752	252	500
21	386	3054	408500	0	0	VILLAGE	Parimanikapur	Rural	0	0	0	0	0	0	0	0	0	0	0	0	0	0	0	0	0	0	0	0	0	0	0	0	0	0	0	0	0	0	0	0	0	0	0	0	0	0	0	0	0	0	0	0	0	0	0	0	0	0	0	0	0	0	0	0	0	0	0	0	0	0	0	0	0	0	0	0	0	0	0	0	0	0	0	0	0	0	0	0	0	0	0	0	0
21	386	3054	408501	0	0	VILLAGE	Pratapa	Rural	380	1726	883	843	221	105	116	287	144	143	4	2	2	1041	621	420	685	262	423	730	555	175	404	386	18	214	211	3	69	64	5	1	1	0	120	110	10	326	169	157	21	17	4	204	99	105	2	2	0	99	51	48	193	133	60	20	17	3	121	78	43	2	2	0	50	36	14	133	36	97	1	0	1	83	21	62	0	0	0	49	15	34	996	328	668
21	386	3054	408502	0	0	VILLAGE	Jarigada	Rural	1	6	4	2	1	1	0	0	0	0	0	0	0	2	1	1	4	3	1	5	3	2	3	3	0	1	1	0	2	2	0	0	0	0	0	0	0	2	0	2	0	0	0	2	0	2	0	0	0	0	0	0	2	0	2	0	0	0	2	0	2	0	0	0	0	0	0	0	0	0	0	0	0	0	0	0	0	0	0	0	0	0	1	1	0
21	386	3054	408503	0	0	VILLAGE	Kasipokhara	Rural	0	0	0	0	0	0	0	0	0	0	0	0	0	0	0	0	0	0	0	0	0	0	0	0	0	0	0	0	0	0	0	0	0	0	0	0	0	0	0	0	0	0	0	0	0	0	0	0	0	0	0	0	0	0	0	0	0	0	0	0	0	0	0	0	0	0	0	0	0	0	0	0	0	0	0	0	0	0	0	0	0	0	0	0	0
21	386	3054	408504	0	0	VILLAGE	Maskabari	Rural	46	164	67	97	31	9	22	0	0	0	164	67	97	58	32	26	106	35	71	101	48	53	49	43	6	7	6	1	42	37	5	0	0	0	0	0	0	52	5	47	0	0	0	52	5	47	0	0	0	0	0	0	52	5	47	0	0	0	52	5	47	0	0	0	0	0	0	0	0	0	0	0	0	0	0	0	0	0	0	0	0	0	63	19	44
21	386	3054	408505	0	0	VILLAGE	Ghodasalia	Rural	7	28	13	15	6	1	5	0	0	0	28	13	15	6	4	2	22	9	13	16	9	7	8	6	2	2	2	0	6	4	2	0	0	0	0	0	0	8	3	5	0	0	0	8	3	5	0	0	0	0	0	0	8	3	5	0	0	0	8	3	5	0	0	0	0	0	0	0	0	0	0	0	0	0	0	0	0	0	0	0	0	0	12	4	8
21	386	3054	408506	0	0	VILLAGE	Nathipada	Rural	106	383	196	187	57	32	25	305	157	148	8	3	5	179	112	67	204	84	120	253	133	120	112	108	4	22	22	0	79	75	4	0	0	0	11	11	0	141	25	116	0	0	0	141	25	116	0	0	0	0	0	0	141	25	116	0	0	0	141	25	116	0	0	0	0	0	0	0	0	0	0	0	0	0	0	0	0	0	0	0	0	0	130	63	67
21	386	3054	408507	0	0	VILLAGE	Kiajhari	Rural	24	105	51	54	21	9	12	105	51	54	0	0	0	44	30	14	61	21	40	55	28	27	45	22	23	20	10	10	25	12	13	0	0	0	0	0	0	10	6	4	0	0	0	10	6	4	0	0	0	0	0	0	9	6	3	0	0	0	9	6	3	0	0	0	0	0	0	1	0	1	0	0	0	1	0	1	0	0	0	0	0	0	50	23	27
21	386	3054	408508	0	0	VILLAGE	Kandhapunjiama	Rural	29	121	53	68	16	7	9	119	53	66	1	0	1	49	25	24	72	28	44	66	32	34	61	32	29	52	30	22	8	2	6	0	0	0	1	0	1	5	0	5	0	0	0	5	0	5	0	0	0	0	0	0	5	0	5	0	0	0	5	0	5	0	0	0	0	0	0	0	0	0	0	0	0	0	0	0	0	0	0	0	0	0	55	21	34
21	386	3054	408509	0	0	VILLAGE	Jhintikapalli	Rural	116	542	280	262	56	31	25	42	22	20	0	0	0	343	189	154	199	91	108	176	164	12	165	160	5	19	19	0	139	137	2	0	0	0	7	4	3	11	4	7	1	1	0	2	2	0	0	0	0	8	1	7	10	4	6	1	1	0	2	2	0	0	0	0	7	1	6	1	0	1	0	0	0	0	0	0	0	0	0	1	0	1	366	116	250
21	386	3054	408510	0	0	VILLAGE	Keshapur	Rural	71	341	189	152	45	28	17	0	0	0	0	0	0	220	136	84	121	53	68	119	106	13	116	104	12	49	43	6	41	38	3	0	0	0	26	23	3	3	2	1	1	0	1	1	1	0	0	0	0	1	1	0	1	0	1	1	0	1	0	0	0	0	0	0	0	0	0	2	2	0	0	0	0	1	1	0	0	0	0	1	1	0	222	83	139
21	386	3054	408511	0	0	VILLAGE	Birakesapur	Rural	138	687	369	318	74	44	30	28	15	13	0	0	0	515	298	217	172	71	101	349	222	127	257	214	43	80	50	30	36	30	6	0	0	0	141	134	7	92	8	84	79	4	75	8	1	7	0	0	0	5	3	2	57	5	52	49	1	48	3	1	2	0	0	0	5	3	2	35	3	32	30	3	27	5	0	5	0	0	0	0	0	0	338	147	191
21	386	3054	408512	0	0	VILLAGE	Kandhadulani	Rural	30	157	76	81	10	6	4	0	0	0	0	0	0	117	61	56	40	15	25	49	47	2	47	45	2	40	39	1	6	6	0	0	0	0	1	0	1	2	2	0	0	0	0	2	2	0	0	0	0	0	0	0	2	2	0	0	0	0	2	2	0	0	0	0	0	0	0	0	0	0	0	0	0	0	0	0	0	0	0	0	0	0	108	29	79
21	386	3054	408513	0	0	VILLAGE	Dandigadia	Rural	148	770	398	372	109	59	50	0	0	0	0	0	0	585	322	263	185	76	109	246	238	8	43	40	3	31	31	0	0	0	0	0	0	0	12	9	3	203	198	5	0	0	0	203	198	5	0	0	0	0	0	0	168	163	5	0	0	0	168	163	5	0	0	0	0	0	0	35	35	0	0	0	0	35	35	0	0	0	0	0	0	0	524	160	364
21	386	3054	408514	0	0	VILLAGE	Khuntapalli	Rural	80	423	214	209	41	19	22	0	0	0	0	0	0	330	187	143	93	27	66	108	105	3	58	57	1	30	30	0	12	12	0	4	4	0	12	11	1	50	48	2	0	0	0	44	43	1	3	3	0	3	2	1	45	43	2	0	0	0	39	38	1	3	3	0	3	2	1	5	5	0	0	0	0	5	5	0	0	0	0	0	0	0	315	109	206
21	386	3054	408515	0	0	VILLAGE	Haripur	Rural	25	136	76	60	23	17	6	0	0	0	0	0	0	79	46	33	57	30	27	43	37	6	31	29	2	23	23	0	5	5	0	0	0	0	3	1	2	12	8	4	1	1	0	7	6	1	2	0	2	2	1	1	12	8	4	1	1	0	7	6	1	2	0	2	2	1	1	0	0	0	0	0	0	0	0	0	0	0	0	0	0	0	93	39	54
21	386	3054	408516	0	0	VILLAGE	Chingudia	Rural	11	57	36	21	6	5	1	0	0	0	0	0	0	42	30	12	15	6	9	18	18	0	5	5	0	5	5	0	0	0	0	0	0	0	0	0	0	13	13	0	0	0	0	12	12	0	0	0	0	1	1	0	13	13	0	0	0	0	12	12	0	0	0	0	1	1	0	0	0	0	0	0	0	0	0	0	0	0	0	0	0	0	39	18	21
21	386	3054	408517	0	0	VILLAGE	Kandhachingudia	Rural	0	0	0	0	0	0	0	0	0	0	0	0	0	0	0	0	0	0	0	0	0	0	0	0	0	0	0	0	0	0	0	0	0	0	0	0	0	0	0	0	0	0	0	0	0	0	0	0	0	0	0	0	0	0	0	0	0	0	0	0	0	0	0	0	0	0	0	0	0	0	0	0	0	0	0	0	0	0	0	0	0	0	0	0	0
21	386	3054	408518	0	0	VILLAGE	Rajapalla	Rural	65	262	122	140	36	28	8	0	0	0	0	0	0	158	77	81	104	45	59	67	52	15	57	44	13	36	25	11	4	3	1	0	0	0	17	16	1	10	8	2	0	0	0	7	5	2	0	0	0	3	3	0	9	7	2	0	0	0	7	5	2	0	0	0	2	2	0	1	1	0	0	0	0	0	0	0	0	0	0	1	1	0	195	70	125
21	386	3054	408519	0	0	VILLAGE	Birapatana	Rural	39	146	65	81	30	15	15	146	65	81	0	0	0	47	24	23	99	41	58	66	33	33	65	33	32	4	2	2	0	0	0	0	0	0	61	31	30	1	0	1	0	0	0	0	0	0	0	0	0	1	0	1	1	0	1	0	0	0	0	0	0	0	0	0	1	0	1	0	0	0	0	0	0	0	0	0	0	0	0	0	0	0	80	32	48
21	386	3054	408520	0	0	VILLAGE	Dibyasinghapur	Rural	127	681	358	323	69	36	33	0	0	0	0	0	0	493	271	222	188	87	101	225	218	7	223	216	7	155	151	4	14	13	1	0	0	0	54	52	2	2	2	0	0	0	0	1	1	0	1	1	0	0	0	0	2	2	0	0	0	0	1	1	0	1	1	0	0	0	0	0	0	0	0	0	0	0	0	0	0	0	0	0	0	0	456	140	316
21	386	3054	801858	0	0	TOWN	Banapur (NAC)	Urban	3425	17278	8707	8571	1811	939	872	1719	823	896	247	116	131	13264	7135	6129	4014	1572	2442	5269	4679	590	3968	3650	318	249	242	7	485	471	14	159	139	20	3075	2798	277	1301	1029	272	26	16	10	222	189	33	137	89	48	916	735	181	1127	896	231	24	14	10	200	177	23	127	85	42	776	620	156	174	133	41	2	2	0	22	12	10	10	4	6	140	115	25	12009	4028	7981
21	386	3054	801858	1	0	WARD	Banapur (NAC) WARD NO.-0001	Urban	333	1548	780	768	128	72	56	106	52	54	0	0	0	1272	673	599	276	107	169	425	364	61	351	307	44	77	75	2	76	74	2	5	5	0	193	153	40	74	57	17	3	2	1	17	12	5	9	4	5	45	39	6	72	57	15	3	2	1	15	12	3	9	4	5	45	39	6	2	0	2	0	0	0	2	0	2	0	0	0	0	0	0	1123	416	707
21	386	3054	801858	2	0	WARD	Banapur (NAC) WARD NO.-0002	Urban	250	1175	575	600	152	76	76	254	130	124	5	2	3	782	415	367	393	160	233	396	324	72	242	217	25	1	1	0	19	17	2	14	5	9	208	194	14	154	107	47	0	0	0	30	21	9	40	28	12	84	58	26	151	106	45	0	0	0	30	21	9	40	28	12	81	57	24	3	1	2	0	0	0	0	0	0	0	0	0	3	1	2	779	251	528
21	386	3054	801858	3	0	WARD	Banapur (NAC) WARD NO.-0003	Urban	202	1068	553	515	110	67	43	0	0	0	0	0	0	818	432	386	250	121	129	330	297	33	303	285	18	30	29	1	120	119	1	30	28	2	123	109	14	27	12	15	0	0	0	1	0	1	3	2	1	23	10	13	27	12	15	0	0	0	1	0	1	3	2	1	23	10	13	0	0	0	0	0	0	0	0	0	0	0	0	0	0	0	738	256	482
21	386	3054	801858	4	0	WARD	Banapur (NAC) WARD NO.-0004	Urban	184	845	451	394	74	37	37	4	2	2	0	0	0	699	402	297	146	49	97	289	264	25	261	242	19	27	26	1	37	37	0	11	9	2	186	170	16	28	22	6	0	0	0	2	1	1	3	1	2	23	20	3	24	19	5	0	0	0	2	1	1	2	0	2	20	18	2	4	3	1	0	0	0	0	0	0	1	1	0	3	2	1	556	187	369
21	386	3054	801858	5	0	WARD	Banapur (NAC) WARD NO.-0005	Urban	219	1076	548	528	120	47	73	77	45	32	0	0	0	885	489	396	191	59	132	362	336	26	309	295	14	14	14	0	8	8	0	4	4	0	283	269	14	53	41	12	0	0	0	3	3	0	2	2	0	48	36	12	51	40	11	0	0	0	3	3	0	2	2	0	46	35	11	2	1	1	0	0	0	0	0	0	0	0	0	2	1	1	714	212	502
21	386	3054	801858	6	0	WARD	Banapur (NAC) WARD NO.-0006	Urban	277	1425	721	704	171	96	75	1	1	0	3	2	1	928	512	416	497	209	288	453	416	37	258	245	13	11	11	0	1	1	0	0	0	0	246	233	13	195	171	24	2	0	2	35	31	4	1	1	0	157	139	18	181	157	24	2	0	2	34	30	4	1	1	0	144	126	18	14	14	0	0	0	0	1	1	0	0	0	0	13	13	0	972	305	667
21	386	3054	801858	7	0	WARD	Banapur (NAC) WARD NO.-0007	Urban	176	904	463	441	102	51	51	289	136	153	0	0	0	671	381	290	233	82	151	293	255	38	124	112	12	10	10	0	0	0	0	0	0	0	114	102	12	169	143	26	2	0	2	7	6	1	5	3	2	155	134	21	116	95	21	2	0	2	7	6	1	4	2	2	103	87	16	53	48	5	0	0	0	0	0	0	1	1	0	52	47	5	611	208	403
21	386	3054	801858	8	0	WARD	Banapur (NAC) WARD NO.-0008	Urban	178	861	450	411	79	50	29	4	2	2	0	0	0	778	397	381	83	53	30	296	253	43	251	227	24	1	1	0	0	0	0	2	2	0	248	224	24	45	26	19	0	0	0	0	0	0	0	0	0	45	26	19	44	25	19	0	0	0	0	0	0	0	0	0	44	25	19	1	1	0	0	0	0	0	0	0	0	0	0	1	1	0	565	197	368
21	386	3054	801858	9	0	WARD	Banapur (NAC) WARD NO.-0009	Urban	227	1284	656	628	128	66	62	22	11	11	0	0	0	1023	556	467	261	100	161	394	359	35	338	312	26	0	0	0	4	4	0	6	5	1	328	303	25	56	47	9	0	0	0	5	4	1	1	0	1	50	43	7	38	32	6	0	0	0	5	4	1	1	0	1	32	28	4	18	15	3	0	0	0	0	0	0	0	0	0	18	15	3	890	297	593
21	386	3054	801858	10	0	WARD	Banapur (NAC) WARD NO.-0010	Urban	187	819	424	395	78	45	33	34	18	16	0	0	0	659	347	312	160	77	83	290	245	45	186	165	21	0	0	0	2	2	0	10	9	1	174	154	20	104	80	24	0	0	0	12	12	0	7	3	4	85	65	20	80	60	20	0	0	0	10	10	0	6	3	3	64	47	17	24	20	4	0	0	0	2	2	0	1	0	1	21	18	3	529	179	350
21	386	3054	801858	11	0	WARD	Banapur (NAC) WARD NO.-0011	Urban	219	951	437	514	116	56	60	433	175	258	0	0	0	616	326	290	335	111	224	244	227	17	200	193	7	9	8	1	28	28	0	4	3	1	159	154	5	44	34	10	3	1	2	17	15	2	3	1	2	21	17	4	39	31	8	3	1	2	15	14	1	3	1	2	18	15	3	5	3	2	0	0	0	2	1	1	0	0	0	3	2	1	707	210	497
21	386	3054	801858	12	0	WARD	Banapur (NAC) WARD NO.-0012	Urban	371	1990	1043	947	226	124	102	99	53	46	12	10	2	1482	841	641	508	202	306	589	546	43	363	339	24	18	16	2	6	5	1	16	13	3	323	305	18	226	207	19	6	3	3	65	64	1	43	42	1	112	98	14	209	191	18	5	2	3	62	61	1	41	40	1	101	88	13	17	16	1	1	1	0	3	3	0	2	2	0	11	10	1	1401	497	904
21	386	3054	801858	13	0	WARD	Banapur (NAC) WARD NO.-0013	Urban	253	1188	582	606	108	55	53	126	55	71	15	6	9	947	489	458	241	93	148	361	329	32	321	301	20	28	28	0	38	37	1	3	3	0	252	233	19	40	28	12	2	2	0	5	5	0	1	1	0	32	20	12	29	20	9	1	1	0	3	3	0	1	1	0	24	15	9	11	8	3	1	1	0	2	2	0	0	0	0	8	5	3	827	253	574
21	386	3054	801858	14	0	WARD	Banapur (NAC) WARD NO.-0014	Urban	185	1438	685	753	159	73	86	270	143	127	212	96	116	1098	568	530	340	117	223	334	281	53	300	275	25	17	17	0	144	137	7	39	39	0	100	82	18	34	6	28	0	0	0	13	5	8	14	0	14	7	1	6	17	4	13	0	0	0	4	3	1	11	0	11	2	1	1	17	2	15	0	0	0	9	2	7	3	0	3	5	0	5	1104	404	700
21	386	3054	801858	15	0	WARD	Banapur (NAC) WARD NO.-0015	Urban	164	706	339	367	60	24	36	0	0	0	0	0	0	606	307	299	100	32	68	213	183	30	161	135	26	6	6	0	2	2	0	15	14	1	138	113	25	52	48	4	8	8	0	10	10	0	5	1	4	29	29	0	49	47	2	8	8	0	9	9	0	3	1	2	29	29	0	3	1	2	0	0	0	1	1	0	2	0	2	0	0	0	493	156	337
21	386	3055	0	0	0	SUB-DISTRICT	Bhubaneswar (M.Corp.)	Total	206014	885363	468043	417320	86401	45327	41074	76770	39798	36972	44016	23668	20348	732886	399804	333082	152477	68239	84238	325733	256389	69344	286046	233352	52694	2386	1954	432	3486	2546	940	15509	12773	2736	264665	216079	48586	39687	23037	16650	977	553	424	1984	1247	737	2616	1622	994	34110	19615	14495	35948	20659	15289	948	529	419	1457	936	521	2241	1410	831	31302	17784	13518	3739	2378	1361	29	24	5	527	311	216	375	212	163	2808	1831	977	559630	211654	347976
21	386	3055	0	0	0	SUB-DISTRICT	Bhubaneswar (M.Corp.)	Rural	0	0	0	0	0	0	0	0	0	0	0	0	0	0	0	0	0	0	0	0	0	0	0	0	0	0	0	0	0	0	0	0	0	0	0	0	0	0	0	0	0	0	0	0	0	0	0	0	0	0	0	0	0	0	0	0	0	0	0	0	0	0	0	0	0	0	0	0	0	0	0	0	0	0	0	0	0	0	0	0	0	0	0	0	0
21	386	3055	0	0	0	SUB-DISTRICT	Bhubaneswar (M.Corp.)	Urban	206014	885363	468043	417320	86401	45327	41074	76770	39798	36972	44016	23668	20348	732886	399804	333082	152477	68239	84238	325733	256389	69344	286046	233352	52694	2386	1954	432	3486	2546	940	15509	12773	2736	264665	216079	48586	39687	23037	16650	977	553	424	1984	1247	737	2616	1622	994	34110	19615	14495	35948	20659	15289	948	529	419	1457	936	521	2241	1410	831	31302	17784	13518	3739	2378	1361	29	24	5	527	311	216	375	212	163	2808	1831	977	559630	211654	347976
21	386	3055	801859	0	0	TOWN	Bhubaneswar (M Corp. + OG)	Urban	206014	885363	468043	417320	86401	45327	41074	76770	39798	36972	44016	23668	20348	732886	399804	333082	152477	68239	84238	325733	256389	69344	286046	233352	52694	2386	1954	432	3486	2546	940	15509	12773	2736	264665	216079	48586	39687	23037	16650	977	553	424	1984	1247	737	2616	1622	994	34110	19615	14495	35948	20659	15289	948	529	419	1457	936	521	2241	1410	831	31302	17784	13518	3739	2378	1361	29	24	5	527	311	216	375	212	163	2808	1831	977	559630	211654	347976
21	386	3055	801859	0	0	TOWN	Bhubaneswar (M Corp.)	Urban	196988	843402	446204	397198	81847	42997	38850	70230	36463	33767	42389	22913	19476	699610	381665	317945	143792	64539	79253	310464	244248	66216	274533	223667	50866	1761	1349	412	2972	2144	828	14895	12244	2651	254905	207930	46975	35931	20581	15350	867	463	404	1271	746	525	2420	1473	947	31373	17899	13474	32722	18585	14137	856	456	400	919	550	369	2077	1281	796	28870	16298	12572	3209	1996	1213	11	7	4	352	196	156	343	192	151	2503	1601	902	532938	201956	330982
21	386	3055	801859	1	0	WARD	Bhubaneswar (M Corp.) WARD NO.-0001	Urban	7338	47574	26604	20970	3677	2008	1669	1980	997	983	11044	6683	4361	40599	23314	17285	6975	3290	3685	12149	8829	3320	10764	8172	2592	25	12	13	50	34	16	808	548	260	9881	7578	2303	1385	657	728	56	41	15	10	5	5	57	37	20	1262	574	688	1346	635	711	55	40	15	10	5	5	51	37	14	1230	553	677	39	22	17	1	1	0	0	0	0	6	0	6	32	21	11	35425	17775	17650
21	386	3055	801859	2	0	WARD	Bhubaneswar (M Corp.) WARD NO.-0002	Urban	2967	13110	7004	6106	1398	760	638	649	345	304	606	323	283	11137	6095	5042	1973	909	1064	4943	3999	944	4351	3599	752	68	60	8	30	27	3	110	85	25	4143	3427	716	592	400	192	20	15	5	29	18	11	17	8	9	526	359	167	554	374	180	20	15	5	26	15	11	15	7	8	493	337	156	38	26	12	0	0	0	3	3	0	2	1	1	33	22	11	8167	3005	5162
21	386	3055	801859	3	0	WARD	Bhubaneswar (M Corp.) WARD NO.-0003	Urban	3957	16504	8804	7700	1879	977	902	1541	779	762	712	357	355	13473	7405	6068	3031	1399	1632	6013	4980	1033	5389	4606	783	110	99	11	26	17	9	340	310	30	4913	4180	733	624	374	250	17	7	10	23	7	16	42	24	18	542	336	206	589	351	238	17	7	10	22	6	16	35	21	14	515	317	198	35	23	12	0	0	0	1	1	0	7	3	4	27	19	8	10491	3824	6667
21	386	3055	801859	4	0	WARD	Bhubaneswar (M Corp.) WARD NO.-0004	Urban	3403	16185	8183	8002	1770	868	902	3422	1735	1687	282	87	195	12876	6952	5924	3309	1231	2078	5301	4585	716	4375	3912	463	196	188	8	235	204	31	344	319	25	3600	3201	399	926	673	253	14	14	0	308	202	106	50	39	11	554	418	136	664	488	176	13	13	0	154	96	58	39	32	7	458	347	111	262	185	77	1	1	0	154	106	48	11	7	4	96	71	25	10884	3598	7286
21	386	3055	801859	5	0	WARD	Bhubaneswar (M Corp.) WARD NO.-0005	Urban	5573	23446	12522	10924	2336	1196	1140	1614	850	764	451	227	224	19592	10721	8871	3854	1801	2053	8449	6889	1560	7295	6164	1131	40	35	5	36	30	6	428	366	62	6791	5733	1058	1154	725	429	12	7	5	25	16	9	25	21	4	1092	681	411	1126	710	416	12	7	5	25	16	9	24	20	4	1065	667	398	28	15	13	0	0	0	0	0	0	1	1	0	27	14	13	14997	5633	9364
21	386	3055	801859	6	0	WARD	Bhubaneswar (M Corp.) WARD NO.-0006	Urban	3645	14060	7710	6350	1438	756	682	1563	807	756	967	509	458	11233	6398	4835	2827	1312	1515	5520	4357	1163	5057	4053	1004	12	12	0	26	22	4	322	255	67	4697	3764	933	463	304	159	13	6	7	12	9	3	50	35	15	388	254	134	448	295	153	13	6	7	10	7	3	46	33	13	379	249	130	15	9	6	0	0	0	2	2	0	4	2	2	9	5	4	8540	3353	5187
21	386	3055	801859	7	0	WARD	Bhubaneswar (M Corp.) WARD NO.-0007	Urban	3321	13932	7302	6630	1494	780	714	1128	561	567	1529	779	750	11236	6176	5060	2696	1126	1570	5085	4177	908	4115	3562	553	29	24	5	49	35	14	398	311	87	3639	3192	447	970	615	355	10	6	4	8	4	4	23	18	5	929	587	342	903	565	338	10	6	4	7	3	4	16	13	3	870	543	327	67	50	17	0	0	0	1	1	0	7	5	2	59	44	15	8847	3125	5722
21	386	3055	801859	8	0	WARD	Bhubaneswar (M Corp.) WARD NO.-0008	Urban	2966	11344	6033	5311	1085	553	532	581	301	280	734	387	347	9681	5273	4408	1663	760	903	4306	3413	893	3909	3222	687	29	20	9	9	8	1	221	181	40	3650	3013	637	397	191	206	10	4	6	6	1	5	28	10	18	353	176	177	373	175	198	10	4	6	6	1	5	24	7	17	333	163	170	24	16	8	0	0	0	0	0	0	4	3	1	20	13	7	7038	2620	4418
21	386	3055	801859	9	0	WARD	Bhubaneswar (M Corp.) WARD NO.-0009	Urban	5514	21744	11335	10409	1967	1021	946	1636	863	773	1127	567	560	18244	9876	8368	3500	1459	2041	8729	6501	2228	7738	6010	1728	28	19	9	18	15	3	592	474	118	7100	5502	1598	991	491	500	14	7	7	3	2	1	70	34	36	904	448	456	956	474	482	14	7	7	3	2	1	66	32	34	873	433	440	35	17	18	0	0	0	0	0	0	4	2	2	31	15	16	13015	4834	8181
21	386	3055	801859	10	0	WARD	Bhubaneswar (M Corp.) WARD NO.-0010	Urban	2588	10491	5755	4736	991	527	464	1159	670	489	718	385	333	8858	4996	3862	1633	759	874	4034	3375	659	3629	3081	548	21	17	4	10	9	1	116	96	20	3482	2959	523	405	294	111	13	4	9	13	10	3	110	99	11	269	181	88	380	272	108	13	4	9	13	10	3	104	93	11	250	165	85	25	22	3	0	0	0	0	0	0	6	6	0	19	16	3	6457	2380	4077
21	386	3055	801859	11	0	WARD	Bhubaneswar (M Corp.) WARD NO.-0011	Urban	3377	12781	6721	6060	1088	573	515	1174	651	523	941	470	471	11264	6019	5245	1517	702	815	4668	3802	866	4367	3640	727	16	8	8	29	22	7	156	128	28	4166	3482	684	301	162	139	11	5	6	1	1	0	29	12	17	260	144	116	289	156	133	11	5	6	1	1	0	26	12	14	251	138	113	12	6	6	0	0	0	0	0	0	3	0	3	9	6	3	8113	2919	5194
21	386	3055	801859	12	0	WARD	Bhubaneswar (M Corp.) WARD NO.-0012	Urban	3876	15806	8768	7038	1351	717	634	1929	1048	881	1586	836	750	13574	7785	5789	2232	983	1249	6087	4836	1251	5188	4313	875	11	7	4	22	15	7	105	87	18	5050	4204	846	899	523	376	18	11	7	75	59	16	92	71	21	714	382	332	877	510	367	18	11	7	75	59	16	90	71	19	694	369	325	22	13	9	0	0	0	0	0	0	2	0	2	20	13	7	9719	3932	5787
21	386	3055	801859	13	0	WARD	Bhubaneswar (M Corp.) WARD NO.-0013	Urban	2627	10711	5674	5037	1042	565	477	658	363	295	718	356	362	9071	4914	4157	1640	760	880	4040	3143	897	3702	2975	727	11	7	4	8	7	1	184	153	31	3499	2808	691	338	168	170	8	5	3	1	0	1	27	16	11	302	147	155	323	160	163	8	5	3	1	0	1	25	14	11	289	141	148	15	8	7	0	0	0	0	0	0	2	2	0	13	6	7	6671	2531	4140
21	386	3055	801859	14	0	WARD	Bhubaneswar (M Corp.) WARD NO.-0014	Urban	2408	10798	5581	5217	900	459	441	1788	962	826	812	424	388	8963	4754	4209	1835	827	1008	3518	2846	672	2838	2345	493	12	5	7	6	2	4	71	59	12	2749	2279	470	680	501	179	8	4	4	2	1	1	19	10	9	651	486	165	555	395	160	8	4	4	2	1	1	16	8	8	529	382	147	125	106	19	0	0	0	0	0	0	3	2	1	122	104	18	7280	2735	4545
21	386	3055	801859	15	0	WARD	Bhubaneswar (M Corp.) WARD NO.-0015	Urban	7209	25825	13692	12133	3623	1932	1691	2492	1335	1157	4034	2048	1986	18521	10392	8129	7304	3300	4004	10219	7622	2597	8251	6535	1716	40	21	19	211	169	42	342	293	49	7658	6052	1606	1968	1087	881	29	15	14	49	30	19	158	92	66	1732	950	782	1421	739	682	28	15	13	45	27	18	131	77	54	1217	620	597	547	348	199	1	0	1	4	3	1	27	15	12	515	330	185	15606	6070	9536
21	386	3055	801859	16	0	WARD	Bhubaneswar (M Corp.) WARD NO.-0016	Urban	5828	20230	10754	9476	2922	1544	1378	2209	1174	1035	2467	1270	1197	14443	8184	6259	5787	2570	3217	8364	6379	1985	7263	5759	1504	84	28	56	50	40	10	234	159	75	6895	5532	1363	1101	620	481	22	9	13	78	60	18	44	29	15	957	522	435	899	481	418	22	9	13	19	16	3	27	18	9	831	438	393	202	139	63	0	0	0	59	44	15	17	11	6	126	84	42	11866	4375	7491
21	386	3055	801859	17	0	WARD	Bhubaneswar (M Corp.) WARD NO.-0017	Urban	3781	17607	8896	8711	2002	1017	985	3465	1727	1738	587	310	277	12969	7021	5948	4638	1875	2763	6858	4921	1937	5842	4404	1438	69	56	13	61	31	30	79	65	14	5633	4252	1381	1016	517	499	14	8	6	20	10	10	83	44	39	899	455	444	958	485	473	14	8	6	19	10	9	62	31	31	863	436	427	58	32	26	0	0	0	1	0	1	21	13	8	36	19	17	10749	3975	6774
21	386	3055	801859	18	0	WARD	Bhubaneswar (M Corp.) WARD NO.-0018	Urban	3628	14951	7830	7121	1249	633	616	621	311	310	515	274	241	13105	6990	6115	1846	840	1006	5594	4311	1283	5145	4152	993	10	8	2	34	24	10	303	271	32	4798	3849	949	449	159	290	13	7	6	7	5	2	40	19	21	389	128	261	425	143	282	13	7	6	7	5	2	35	16	19	370	115	255	24	16	8	0	0	0	0	0	0	5	3	2	19	13	6	9357	3519	5838
21	386	3055	801859	19	0	WARD	Bhubaneswar (M Corp.) WARD NO.-0019	Urban	3118	13508	7068	6440	1265	669	596	569	306	263	322	172	150	11810	6252	5558	1698	816	882	4895	3757	1138	4584	3580	1004	14	6	8	35	22	13	359	296	63	4176	3256	920	311	177	134	8	3	5	4	2	2	31	20	11	268	152	116	295	170	125	8	3	5	2	1	1	30	19	11	255	147	108	16	7	9	0	0	0	2	1	1	1	1	0	13	5	8	8613	3311	5302
21	386	3055	801859	20	0	WARD	Bhubaneswar (M Corp.) WARD NO.-0020	Urban	3290	13589	7193	6396	1297	669	628	867	451	416	312	150	162	10801	5949	4852	2788	1244	1544	5769	4101	1668	4997	3708	1289	15	10	5	230	118	112	220	181	39	4532	3399	1133	772	393	379	7	4	3	3	3	0	25	19	6	737	367	370	567	293	274	7	4	3	3	3	0	22	18	4	535	268	267	205	100	105	0	0	0	0	0	0	3	1	2	202	99	103	7820	3092	4728
21	386	3055	801859	21	0	WARD	Bhubaneswar (M Corp.) WARD NO.-0021	Urban	3945	15427	8323	7104	1576	842	734	872	456	416	190	102	88	12989	7165	5824	2438	1158	1280	6033	4871	1162	5451	4528	923	13	9	4	14	12	2	207	164	43	5217	4343	874	582	343	239	12	6	6	3	2	1	22	13	9	545	322	223	556	326	230	12	6	6	3	2	1	21	12	9	520	306	214	26	17	9	0	0	0	0	0	0	1	1	0	25	16	9	9394	3452	5942
21	386	3055	801859	22	0	WARD	Bhubaneswar (M Corp.) WARD NO.-0022	Urban	2274	9869	5160	4709	765	385	380	400	213	187	326	160	166	8745	4658	4087	1124	502	622	3709	2824	885	3314	2580	734	20	13	7	10	7	3	210	173	37	3074	2387	687	395	244	151	22	20	2	2	1	1	13	7	6	358	216	142	387	243	144	22	20	2	2	1	1	13	7	6	350	215	135	8	1	7	0	0	0	0	0	0	0	0	0	8	1	7	6160	2336	3824
21	386	3055	801859	23	0	WARD	Bhubaneswar (M Corp.) WARD NO.-0023	Urban	2701	11003	5834	5169	792	412	380	1152	613	539	430	217	213	9659	5255	4404	1344	579	765	4240	3283	957	3767	3008	759	5	4	1	10	7	3	153	130	23	3599	2867	732	473	275	198	9	3	6	5	4	1	85	55	30	374	213	161	453	260	193	9	3	6	5	4	1	81	52	29	358	201	157	20	15	5	0	0	0	0	0	0	4	3	1	16	12	4	6763	2551	4212
21	386	3055	801859	24	0	WARD	Bhubaneswar (M Corp.) WARD NO.-0024	Urban	2449	11195	5836	5359	933	472	461	1000	545	455	1646	879	767	9738	5216	4522	1457	620	837	4465	3522	943	3636	2996	640	29	20	9	28	21	7	254	207	47	3325	2748	577	829	526	303	26	15	11	6	4	2	67	61	6	730	446	284	799	503	296	26	15	11	6	4	2	65	59	6	702	425	277	30	23	7	0	0	0	0	0	0	2	2	0	28	21	7	6730	2314	4416
21	386	3055	801859	25	0	WARD	Bhubaneswar (M Corp.) WARD NO.-0025	Urban	3666	14797	7693	7104	1262	637	625	895	450	445	489	255	234	13070	6926	6144	1727	767	960	5467	4329	1138	4798	4034	764	54	42	12	35	27	8	380	324	56	4329	3641	688	669	295	374	14	9	5	46	20	26	44	23	21	565	243	322	649	285	364	14	9	5	46	20	26	36	21	15	553	235	318	20	10	10	0	0	0	0	0	0	8	2	6	12	8	4	9330	3364	5966
21	386	3055	801859	26	0	WARD	Bhubaneswar (M Corp.) WARD NO.-0026	Urban	2638	11117	5681	5436	971	505	466	682	342	340	108	52	56	9670	5033	4637	1447	648	799	3970	3164	806	3402	2826	576	31	22	9	20	16	4	199	164	35	3152	2624	528	568	338	230	15	7	8	3	2	1	36	19	17	514	310	204	534	314	220	14	7	7	2	1	1	25	8	17	493	298	195	34	24	10	1	0	1	1	1	0	11	11	0	21	12	9	7147	2517	4630
21	386	3055	801859	27	0	WARD	Bhubaneswar (M Corp.) WARD NO.-0027	Urban	3089	13244	7044	6200	1386	728	658	1088	575	513	479	245	234	10928	6021	4907	2316	1023	1293	4993	3960	1033	4297	3545	752	34	25	9	33	22	11	493	429	64	3737	3069	668	696	415	281	15	12	3	9	7	2	56	49	7	616	347	269	677	404	273	15	12	3	9	7	2	55	48	7	598	337	261	19	11	8	0	0	0	0	0	0	1	1	0	18	10	8	8251	3084	5167
21	386	3055	801859	28	0	WARD	Bhubaneswar (M Corp.) WARD NO.-0028	Urban	4233	19491	10530	8961	1928	1040	888	1518	785	733	1214	747	467	16343	9113	7230	3148	1417	1731	6946	5411	1535	6036	4908	1128	136	111	25	533	365	168	421	368	53	4946	4064	882	910	503	407	26	13	13	142	64	78	46	29	17	696	397	299	866	482	384	26	13	13	126	61	65	44	29	15	670	379	291	44	21	23	0	0	0	16	3	13	2	0	2	26	18	8	12545	5119	7426
21	386	3055	801859	29	0	WARD	Bhubaneswar (M Corp.) WARD NO.-0029	Urban	3860	18295	9637	8658	1661	899	762	1334	599	735	617	315	302	15851	8461	7390	2444	1176	1268	6682	4897	1785	5928	4408	1520	50	37	13	77	57	20	581	409	172	5220	3905	1315	754	489	265	11	5	6	30	26	4	62	48	14	651	410	241	723	470	253	11	5	6	30	26	4	54	43	11	628	396	232	31	19	12	0	0	0	0	0	0	8	5	3	23	14	9	11613	4740	6873
21	386	3055	801859	30	0	WARD	Bhubaneswar (M Corp.) WARD NO.-0030	Urban	5064	21009	10970	10039	2182	1154	1028	1662	869	793	413	207	206	17353	9301	8052	3656	1669	1987	7949	6126	1823	6330	5195	1135	41	27	14	33	24	9	284	227	57	5972	4917	1055	1619	931	688	38	17	21	12	6	6	49	26	23	1520	882	638	1505	853	652	38	17	21	11	6	5	40	20	20	1416	810	606	114	78	36	0	0	0	1	0	1	9	6	3	104	72	32	13060	4844	8216
21	386	3055	801859	31	0	WARD	Bhubaneswar (M Corp.) WARD NO.-0031	Urban	3416	14581	7850	6731	1332	706	626	1149	602	547	700	360	340	12491	6935	5556	2090	915	1175	5066	4229	837	4626	3950	676	13	9	4	52	25	27	292	261	31	4269	3655	614	440	279	161	12	4	8	10	4	6	29	14	15	389	257	132	420	267	153	12	4	8	10	4	6	22	11	11	376	248	128	20	12	8	0	0	0	0	0	0	7	3	4	13	9	4	9515	3621	5894
21	386	3055	801859	32	0	WARD	Bhubaneswar (M Corp.) WARD NO.-0032	Urban	1816	7840	3991	3849	503	289	214	682	372	310	208	116	92	6985	3606	3379	855	385	470	2834	2265	569	2532	2069	463	6	4	2	4	4	0	26	21	5	2496	2040	456	302	196	106	9	4	5	6	4	2	31	26	5	256	162	94	297	193	104	9	4	5	6	4	2	31	26	5	251	159	92	5	3	2	0	0	0	0	0	0	0	0	0	5	3	2	5006	1726	3280
21	386	3055	801859	33	0	WARD	Bhubaneswar (M Corp.) WARD NO.-0033	Urban	2849	11638	6174	5464	872	475	397	1092	575	517	499	245	254	10278	5545	4733	1360	629	731	4162	3410	752	3909	3259	650	18	15	3	13	9	4	174	158	16	3704	3077	627	253	151	102	2	1	1	3	0	3	21	11	10	227	139	88	235	137	98	2	1	1	3	0	3	16	7	9	214	129	85	18	14	4	0	0	0	0	0	0	5	4	1	13	10	3	7476	2764	4712
21	386	3055	801859	34	0	WARD	Bhubaneswar (M Corp.) WARD NO.-0034	Urban	2565	10397	5557	4840	925	487	438	441	240	201	168	88	80	9160	4958	4202	1237	599	638	3771	3089	682	3548	2982	566	3	3	0	8	7	1	145	126	19	3392	2846	546	223	107	116	5	3	2	2	1	1	8	4	4	208	99	109	212	99	113	5	3	2	2	1	1	8	4	4	197	91	106	11	8	3	0	0	0	0	0	0	0	0	0	11	8	3	6626	2468	4158
21	386	3055	801859	35	0	WARD	Bhubaneswar (M Corp.) WARD NO.-0035	Urban	2191	9259	4880	4379	644	331	313	1127	601	526	763	393	370	8231	4406	3825	1028	474	554	3328	2710	618	2960	2492	468	5	2	3	18	13	5	73	58	15	2864	2419	445	368	218	150	11	4	7	0	0	0	28	18	10	329	196	133	320	178	142	10	3	7	0	0	0	25	17	8	285	158	127	48	40	8	1	1	0	0	0	0	3	1	2	44	38	6	5931	2170	3761
21	386	3055	801859	36	0	WARD	Bhubaneswar (M Corp.) WARD NO.-0036	Urban	2671	10924	5791	5133	873	458	415	1248	661	587	185	101	84	9622	5169	4453	1302	622	680	3930	3182	748	3641	3028	613	5	5	0	16	14	2	222	191	31	3398	2818	580	289	154	135	5	2	3	3	3	0	19	12	7	262	137	125	275	145	130	5	2	3	3	3	0	14	8	6	253	132	121	14	9	5	0	0	0	0	0	0	5	4	1	9	5	4	6994	2609	4385
21	386	3055	801859	37	0	WARD	Bhubaneswar (M Corp.) WARD NO.-0037	Urban	2496	10078	5280	4798	1023	530	493	832	437	395	378	183	195	8179	4452	3727	1899	828	1071	4034	3037	997	3617	2791	826	16	11	5	45	35	10	292	245	47	3264	2500	764	417	246	171	19	9	10	13	13	0	18	9	9	367	215	152	398	231	167	19	9	10	11	11	0	15	6	9	353	205	148	19	15	4	0	0	0	2	2	0	3	3	0	14	10	4	6044	2243	3801
21	386	3055	801859	38	0	WARD	Bhubaneswar (M Corp.) WARD NO.-0038	Urban	2313	9616	5178	4438	995	541	454	666	342	324	124	67	57	7482	4179	3303	2134	999	1135	3665	3012	653	3345	2843	502	2	2	0	6	5	1	121	103	18	3216	2733	483	320	169	151	5	3	2	3	0	3	9	5	4	303	161	142	306	161	145	5	3	2	3	0	3	7	5	2	291	153	138	14	8	6	0	0	0	0	0	0	2	0	2	12	8	4	5951	2166	3785
21	386	3055	801859	39	0	WARD	Bhubaneswar (M Corp.) WARD NO.-0039	Urban	3212	13375	7216	6159	1305	660	645	804	446	358	154	90	64	10929	6108	4821	2446	1108	1338	5065	4047	1018	4521	3784	737	14	7	7	7	5	2	227	194	33	4273	3578	695	544	263	281	10	3	7	5	3	2	26	19	7	503	238	265	527	252	275	10	3	7	5	3	2	22	16	6	490	230	260	17	11	6	0	0	0	0	0	0	4	3	1	13	8	5	8310	3169	5141
21	386	3055	801859	40	0	WARD	Bhubaneswar (M Corp.) WARD NO.-0040	Urban	2942	13320	6970	6350	1333	685	648	725	341	384	41	22	19	11074	5962	5112	2246	1008	1238	5027	4127	900	4341	3759	582	37	33	4	18	13	5	164	151	13	4122	3562	560	686	368	318	43	17	26	8	6	2	17	13	4	618	332	286	670	360	310	43	17	26	8	6	2	14	10	4	605	327	278	16	8	8	0	0	0	0	0	0	3	3	0	13	5	8	8293	2843	5450
21	386	3055	801859	41	0	WARD	Bhubaneswar (M Corp.) WARD NO.-0041	Urban	2389	9786	5369	4417	1076	577	499	871	468	403	29	16	13	8247	4657	3590	1539	712	827	3656	3226	430	3448	3103	345	19	17	2	41	28	13	294	256	38	3094	2802	292	208	123	85	10	5	5	9	5	4	28	13	15	161	100	61	189	108	81	10	5	5	9	5	4	26	12	14	144	86	58	19	15	4	0	0	0	0	0	0	2	1	1	17	14	3	6130	2143	3987
21	386	3055	801859	42	0	WARD	Bhubaneswar (M Corp.) WARD NO.-0042	Urban	3805	16539	8739	7800	1659	875	784	844	432	412	139	69	70	14050	7586	6464	2489	1153	1336	6064	5119	945	5501	4791	710	29	26	3	35	27	8	214	182	32	5223	4556	667	563	328	235	14	9	5	6	2	4	25	8	17	518	309	209	544	317	227	13	9	4	3	2	1	25	8	17	503	298	205	19	11	8	1	0	1	3	0	3	0	0	0	15	11	4	10475	3620	6855
21	386	3055	801859	43	0	WARD	Bhubaneswar (M Corp.) WARD NO.-0043	Urban	2102	9195	4808	4387	1141	622	519	739	367	372	97	54	43	6396	3520	2876	2799	1288	1511	3419	2650	769	2970	2391	579	16	11	5	53	43	10	250	222	28	2651	2115	536	449	259	190	5	2	3	21	15	6	62	38	24	361	204	157	383	235	148	5	2	3	21	15	6	61	38	23	296	180	116	66	24	42	0	0	0	0	0	0	1	0	1	65	24	41	5776	2158	3618
21	386	3055	801859	44	0	WARD	Bhubaneswar (M Corp.) WARD NO.-0044	Urban	2138	10011	5178	4833	676	355	321	697	365	332	414	174	240	8760	4637	4123	1251	541	710	3854	2915	939	3570	2740	830	14	8	6	18	13	5	255	193	62	3283	2526	757	284	175	109	9	3	6	0	0	0	21	10	11	254	162	92	276	168	108	9	3	6	0	0	0	20	9	11	247	156	91	8	7	1	0	0	0	0	0	0	1	1	0	7	6	1	6157	2263	3894
21	386	3055	801859	45	0	WARD	Bhubaneswar (M Corp.) WARD NO.-0045	Urban	2567	10871	5608	5263	1037	548	489	1329	691	638	241	118	123	8921	4727	4194	1950	881	1069	4220	3164	1056	4027	3080	947	7	5	2	9	8	1	254	230	24	3757	2837	920	193	84	109	2	1	1	0	0	0	9	2	7	182	81	101	190	82	108	2	1	1	0	0	0	9	2	7	179	79	100	3	2	1	0	0	0	0	0	0	0	0	0	3	2	1	6651	2444	4207
21	386	3055	801859	46	0	WARD	Bhubaneswar (M Corp.) WARD NO.-0046	Urban	2221	9439	5168	4271	746	391	355	2067	1086	981	314	226	88	8006	4517	3489	1433	651	782	3597	2798	799	3385	2654	731	2	1	1	15	13	2	119	72	47	3249	2568	681	212	144	68	10	8	2	3	3	0	36	17	19	163	116	47	186	127	59	10	8	2	2	2	0	28	14	14	146	103	43	26	17	9	0	0	0	1	1	0	8	3	5	17	13	4	5842	2370	3472
21	386	3055	801859	47	0	WARD	Bhubaneswar (M Corp.) WARD NO.-0047	Urban	3277	13923	7155	6768	1406	741	665	2992	1493	1499	147	71	76	11000	5923	5077	2923	1232	1691	5417	4004	1413	4871	3672	1199	19	15	4	22	16	6	93	81	12	4737	3560	1177	546	332	214	23	12	11	5	2	3	17	8	9	501	310	191	517	313	204	23	12	11	5	2	3	11	4	7	478	295	183	29	19	10	0	0	0	0	0	0	6	4	2	23	15	8	8506	3151	5355
21	386	3055	801859	48	0	WARD	Bhubaneswar (M Corp.) WARD NO.-0048	Urban	2143	8643	4503	4140	1009	526	483	1221	597	624	20	14	6	5437	3105	2332	3206	1398	1808	3766	2703	1063	3272	2417	855	6	3	3	10	6	4	148	109	39	3108	2299	809	494	286	208	3	2	1	7	6	1	81	47	34	403	231	172	394	231	163	3	2	1	5	4	1	62	38	24	324	187	137	100	55	45	0	0	0	2	2	0	19	9	10	79	44	35	4877	1800	3077
21	386	3055	801859	49	0	WARD	Bhubaneswar (M Corp.) WARD NO.-0049	Urban	2289	9352	4953	4399	808	429	379	361	193	168	247	125	122	8135	4373	3762	1217	580	637	3324	2749	575	3180	2665	515	6	6	0	23	20	3	85	75	10	3066	2564	502	144	84	60	7	4	3	2	1	1	2	1	1	133	78	55	135	79	56	7	4	3	2	1	1	1	0	1	125	74	51	9	5	4	0	0	0	0	0	0	1	1	0	8	4	4	6028	2204	3824
21	386	3055	801859	50	0	WARD	Bhubaneswar (M Corp.) WARD NO.-0050	Urban	3371	13630	7189	6441	1275	660	615	585	320	265	107	64	43	11732	6264	5468	1898	925	973	4854	4005	849	4534	3800	734	26	20	6	21	18	3	173	150	23	4314	3612	702	320	205	115	7	4	3	9	5	4	16	9	7	288	187	101	308	196	112	7	4	3	9	5	4	16	9	7	276	178	98	12	9	3	0	0	0	0	0	0	0	0	0	12	9	3	8776	3184	5592
21	386	3055	801859	51	0	WARD	Bhubaneswar (M Corp.) WARD NO.-0051	Urban	2830	11228	5853	5375	1003	504	499	856	447	409	373	158	215	8792	4861	3931	2436	992	1444	4702	3339	1363	4317	3172	1145	16	8	8	11	9	2	119	69	50	4171	3086	1085	385	167	218	10	4	6	4	3	1	41	17	24	330	143	187	357	158	199	10	4	6	3	2	1	34	16	18	310	136	174	28	9	19	0	0	0	1	1	0	7	1	6	20	7	13	6526	2514	4012
21	386	3055	801859	52	0	WARD	Bhubaneswar (M Corp.) WARD NO.-0052	Urban	2157	8492	4356	4136	626	342	284	541	271	270	152	111	41	7648	3944	3704	844	412	432	3203	2489	714	2977	2370	607	7	4	3	18	10	8	160	129	31	2792	2227	565	226	119	107	16	11	5	3	2	1	20	13	7	187	93	94	218	112	106	16	11	5	3	2	1	16	9	7	183	90	93	8	7	1	0	0	0	0	0	0	4	4	0	4	3	1	5289	1867	3422
21	386	3055	801859	53	0	WARD	Bhubaneswar (M Corp.) WARD NO.-0053	Urban	3006	13687	7222	6465	1270	672	598	556	291	265	51	24	27	11663	6292	5371	2024	930	1094	5354	4387	967	4489	3896	593	11	9	2	31	20	11	227	194	33	4220	3673	547	865	491	374	16	8	8	14	8	6	26	14	12	809	461	348	838	472	366	16	8	8	14	8	6	24	12	12	784	444	340	27	19	8	0	0	0	0	0	0	2	2	0	25	17	8	8333	2835	5498
21	386	3055	801859	54	0	WARD	Bhubaneswar (M Corp.) WARD NO.-0054	Urban	3840	15955	8386	7569	1543	848	695	614	323	291	91	47	44	13637	7257	6380	2318	1129	1189	6166	4788	1378	5272	4330	942	20	8	12	38	29	9	441	378	63	4773	3915	858	894	458	436	31	10	21	23	12	11	100	54	46	740	382	358	750	389	361	29	8	21	13	7	6	53	36	17	655	338	317	144	69	75	2	2	0	10	5	5	47	18	29	85	44	41	9789	3598	6191
21	386	3055	801859	55	0	WARD	Bhubaneswar (M Corp.) WARD NO.-0055	Urban	2819	12249	6323	5926	1135	588	547	309	160	149	40	18	22	10660	5595	5065	1589	728	861	4263	3537	726	3946	3310	636	3	2	1	28	24	4	319	286	33	3596	2998	598	317	227	90	9	5	4	9	7	2	16	14	2	283	201	82	303	215	88	8	4	4	9	7	2	14	12	2	272	192	80	14	12	2	1	1	0	0	0	0	2	2	0	11	9	2	7986	2786	5200
21	386	3055	801859	56	0	WARD	Bhubaneswar (M Corp.) WARD NO.-0056	Urban	2223	10679	5517	5162	1033	517	516	261	129	132	6	5	1	8730	4717	4013	1949	800	1149	3947	3108	839	3475	2846	629	50	45	5	27	19	8	248	211	37	3150	2571	579	472	262	210	10	6	4	14	8	6	60	29	31	388	219	169	438	244	194	9	6	3	13	7	6	53	25	28	363	206	157	34	18	16	1	0	1	1	1	0	7	4	3	25	13	12	6732	2409	4323
21	386	3055	801859	57	0	WARD	Bhubaneswar (M Corp.) WARD NO.-0057	Urban	2283	10724	5615	5109	1147	631	516	1287	663	624	124	65	59	8697	4707	3990	2027	908	1119	3922	3144	778	3337	2860	477	33	26	7	58	55	3	268	221	47	2978	2558	420	585	284	301	13	8	5	30	12	18	34	21	13	508	243	265	540	261	279	13	8	5	26	12	14	32	20	12	469	221	248	45	23	22	0	0	0	4	0	4	2	1	1	39	22	17	6802	2471	4331
21	386	3055	801859	58	0	WARD	Bhubaneswar (M Corp.) WARD NO.-0058	Urban	3446	14736	7636	7100	1405	744	661	1071	545	526	59	24	35	12720	6684	6036	2016	952	1064	5138	4206	932	4796	4007	789	9	7	2	42	36	6	205	170	35	4540	3794	746	342	199	143	8	5	3	3	3	0	22	7	15	309	184	125	315	181	134	7	4	3	1	1	0	19	6	13	288	170	118	27	18	9	1	1	0	2	2	0	3	1	2	21	14	7	9598	3430	6168
21	386	3055	801859	59	0	WARD	Bhubaneswar (M Corp.) WARD NO.-0059	Urban	3405	16515	8522	7993	2151	1100	1051	1218	624	594	79	41	38	11776	6519	5257	4739	2003	2736	5778	4687	1091	5257	4376	881	16	11	5	32	22	10	168	113	55	5041	4230	811	521	311	210	10	5	5	9	5	4	61	12	49	441	289	152	437	269	168	10	5	5	9	5	4	54	12	42	364	247	117	84	42	42	0	0	0	0	0	0	7	0	7	77	42	35	10737	3835	6902
21	386	3055	801859	60	0	WARD	Bhubaneswar (M Corp.) WARD NO.-0060	Urban	3381	14509	7682	6827	1444	769	675	688	344	344	48	25	23	12381	6675	5706	2128	1007	1121	5046	4237	809	4370	3798	572	11	7	4	6	5	1	180	139	41	4173	3647	526	676	439	237	25	10	15	12	7	5	35	20	15	604	402	202	573	349	224	25	10	15	10	5	5	25	10	15	513	324	189	103	90	13	0	0	0	2	2	0	10	10	0	91	78	13	9463	3445	6018
21	386	3055	801859	61	0	WARD	Industrial & Colony Area (OG) (Ward 61) WARD NO.-0061 (Rural MDDS CODE:408534)	Urban	162	820	404	416	72	38	34	177	88	89	0	0	0	622	324	298	198	80	118	273	217	56	269	215	54	38	38	0	61	29	32	4	4	0	166	144	22	4	2	2	0	0	0	0	0	0	0	0	0	4	2	2	4	2	2	0	0	0	0	0	0	0	0	0	4	2	2	0	0	0	0	0	0	0	0	0	0	0	0	0	0	0	547	187	360
21	386	3055	801859	62	0	WARD	Industrial & Colony Area (OG) (Ward 62) WARD NO.-0062 (Rural MDDS CODE:408534)	Urban	174	741	374	367	71	31	40	7	5	2	4	2	2	654	337	317	87	37	50	358	236	122	231	210	21	0	0	0	0	0	0	16	13	3	215	197	18	127	26	101	0	0	0	0	0	0	1	1	0	126	25	101	127	26	101	0	0	0	0	0	0	1	1	0	126	25	101	0	0	0	0	0	0	0	0	0	0	0	0	0	0	0	383	138	245
21	386	3055	801859	63	0	WARD	Industrial & Colony Area (OG) (Ward 63) WARD NO.-0063 (Rural MDDS CODE:408534)	Urban	819	3850	2000	1850	391	206	185	1053	539	514	12	6	6	3096	1693	1403	754	307	447	1459	1104	355	776	675	101	25	20	5	9	7	2	60	53	7	682	595	87	683	429	254	14	8	6	203	149	54	75	66	9	391	206	185	671	421	250	13	7	6	203	149	54	73	65	8	382	200	182	12	8	4	1	1	0	0	0	0	2	1	1	9	6	3	2391	896	1495
21	386	3055	801859	64	0	WARD	Industrial & Colony Area (OG) (Ward 64) WARD NO.-0064 (Rural MDDS CODE:408534)	Urban	646	2946	1564	1382	270	141	129	129	66	63	8	6	2	2545	1367	1178	401	197	204	1049	868	181	979	832	147	4	4	0	3	3	0	69	56	13	903	769	134	70	36	34	0	0	0	2	1	1	6	4	2	62	31	31	64	31	33	0	0	0	2	1	1	4	2	2	58	28	30	6	5	1	0	0	0	0	0	0	2	2	0	4	3	1	1897	696	1201
21	386	3055	801859	65	0	WARD	Industrial & Colony Area (OG) (Ward 65) WARD NO.-0065 (Rural MDDS CODE:408534)	Urban	301	1208	603	605	114	58	56	169	86	83	0	0	0	1044	528	516	164	75	89	410	343	67	338	283	55	0	0	0	0	0	0	39	30	9	299	253	46	72	60	12	6	6	0	21	17	4	5	2	3	40	35	5	72	60	12	6	6	0	21	17	4	5	2	3	40	35	5	0	0	0	0	0	0	0	0	0	0	0	0	0	0	0	798	260	538
21	386	3055	801859	66	0	WARD	Industrial & Colony Area (OG) (Ward 66) WARD NO.-0066 (Rural MDDS CODE:408534)	Urban	1224	5843	3078	2765	540	285	255	488	241	247	18	9	9	4934	2672	2262	909	406	503	2022	1636	386	1610	1306	304	84	80	4	69	60	9	124	102	22	1333	1064	269	412	330	82	18	17	1	20	16	4	18	10	8	356	287	69	329	254	75	18	17	1	14	10	4	17	9	8	280	218	62	83	76	7	0	0	0	6	6	0	1	1	0	76	69	7	3821	1442	2379
21	386	3055	801859	67	0	WARD	Industrial & Colony Area (OG) (Ward 67) WARD NO.-0067 (Rural MDDS CODE:408534)	Urban	71	313	167	146	32	12	20	3	2	1	0	0	0	252	146	106	61	21	40	129	108	21	81	70	11	14	14	0	15	15	0	0	0	0	52	41	11	48	38	10	13	12	1	0	0	0	1	1	0	34	25	9	26	16	10	3	2	1	0	0	0	0	0	0	23	14	9	22	22	0	10	10	0	0	0	0	1	1	0	11	11	0	184	59	125
21	386	3055	801859	68	0	WARD	Industrial & Colony Area (OG) (Ward 68) WARD NO.-0068 (Rural MDDS CODE:408534)	Urban	455	2274	1129	1145	276	131	145	424	213	211	770	362	408	1487	855	632	787	274	513	801	623	178	498	432	66	104	102	2	171	132	39	4	4	0	219	194	25	303	191	112	2	2	0	145	64	81	1	1	0	155	124	31	227	159	68	2	2	0	95	46	49	1	1	0	129	110	19	76	32	44	0	0	0	50	18	32	0	0	0	26	14	12	1473	506	967
21	386	3055	801859	69	0	WARD	Patrapada (OG) WARD NO.-0069 (Rural MDDS CODE:408521)	Urban	1182	5573	2839	2734	665	327	338	555	281	274	330	163	167	4384	2326	2058	1189	513	676	1969	1578	391	1717	1427	290	72	69	3	31	27	4	76	61	15	1538	1270	268	252	151	101	4	1	3	22	16	6	4	2	2	222	132	90	225	130	95	3	1	2	20	14	6	4	2	2	198	113	85	27	21	6	1	0	1	2	2	0	0	0	0	24	19	5	3604	1261	2343
21	386	3055	801859	70	0	WARD	Sijuan (OG) WARD NO.-0070 (Rural MDDS CODE:408522)	Urban	176	1348	883	465	85	40	45	20	19	1	3	3	0	1151	779	372	197	104	93	586	551	35	527	503	24	19	19	0	8	7	1	10	9	1	490	468	22	59	48	11	2	1	1	0	0	0	2	1	1	55	46	9	53	45	8	2	1	1	0	0	0	1	1	0	50	43	7	6	3	3	0	0	0	0	0	0	1	0	1	5	3	2	762	332	430
21	386	3055	801859	71	0	WARD	Ranasinghapur (OG) WARD NO.-0071 (Rural MDDS CODE:408523)	Urban	252	1413	817	596	154	73	81	200	104	96	29	18	11	1180	724	456	233	93	140	557	400	157	357	314	43	12	12	0	25	22	3	17	17	0	303	263	40	200	86	114	4	3	1	5	2	3	8	7	1	183	74	109	195	83	112	4	3	1	5	2	3	6	6	0	180	72	108	5	3	2	0	0	0	0	0	0	2	1	1	3	2	1	856	417	439
21	386	3055	801859	72	0	WARD	Sarakantara (OG) WARD NO.-0072 (Rural MDDS CODE:408524)	Urban	195	904	460	444	91	46	45	239	116	123	0	0	0	689	378	311	215	82	133	365	278	87	276	232	44	5	4	1	18	9	9	24	24	0	229	195	34	89	46	43	2	1	1	18	12	6	1	0	1	68	33	35	87	44	43	2	1	1	18	12	6	1	0	1	66	31	35	2	2	0	0	0	0	0	0	0	0	0	0	2	2	0	539	182	357
21	386	3055	801859	73	0	WARD	Bahadalpur (OG) WARD NO.-0073 (Rural MDDS CODE:408525)	Urban	264	1220	604	616	124	57	67	153	77	76	0	0	0	963	503	460	257	101	156	428	370	58	331	291	40	1	1	0	18	18	0	6	4	2	306	268	38	97	79	18	2	1	1	12	12	0	10	4	6	73	62	11	60	51	9	2	1	1	6	6	0	2	1	1	50	43	7	37	28	9	0	0	0	6	6	0	8	3	5	23	19	4	792	234	558
21	386	3055	801859	74	0	WARD	Ebranga (OG) WARD NO.-0074 (Rural MDDS CODE:408526)	Urban	60	257	132	125	24	13	11	18	10	8	0	0	0	226	118	108	31	14	17	102	86	16	92	81	11	3	3	0	4	4	0	20	18	2	65	56	9	10	5	5	0	0	0	2	1	1	0	0	0	8	4	4	10	5	5	0	0	0	2	1	1	0	0	0	8	4	4	0	0	0	0	0	0	0	0	0	0	0	0	0	0	0	155	46	109
21	386	3055	801859	75	0	WARD	Raghunathpur Jalli (OG) WARD NO.-0075 (Rural MDDS CODE:408527)	Urban	77	351	185	166	31	18	13	1	1	0	7	5	2	295	160	135	56	25	31	125	98	27	115	91	24	1	1	0	0	0	0	16	14	2	98	76	22	10	7	3	1	0	1	0	0	0	2	2	0	7	5	2	10	7	3	1	0	1	0	0	0	2	2	0	7	5	2	0	0	0	0	0	0	0	0	0	0	0	0	0	0	0	226	87	139
21	386	3055	801859	76	0	WARD	Kalarahanga (OG) WARD NO.-0076 (Rural MDDS CODE:408528)	Urban	1280	5608	2824	2784	639	329	310	1189	611	578	147	29	118	4473	2342	2131	1135	482	653	1870	1508	362	1290	1062	228	24	23	1	31	29	2	25	24	1	1210	986	224	580	446	134	19	18	1	215	187	28	17	16	1	329	225	104	430	332	98	13	12	1	107	104	3	15	14	1	295	202	93	150	114	36	6	6	0	108	83	25	2	2	0	34	23	11	3738	1316	2422
21	386	3055	801859	77	0	WARD	Injana (OG) WARD NO.-0077 (Rural MDDS CODE:408529)	Urban	609	2555	1317	1238	351	192	159	1132	569	563	3	1	2	1779	976	803	776	341	435	1028	744	284	484	403	81	54	54	0	15	14	1	18	17	1	397	318	79	544	341	203	8	7	1	26	13	13	31	19	12	479	302	177	450	280	170	8	7	1	24	13	11	18	10	8	400	250	150	94	61	33	0	0	0	2	0	2	13	9	4	79	52	27	1527	573	954
21	386	3055	801859	78	0	WARD	Rokat (OG) WARD NO.-0078 (Rural MDDS CODE:408530)	Urban	70	372	190	182	44	24	20	44	25	19	0	0	0	299	163	136	73	27	46	109	105	4	93	90	3	48	48	0	5	5	0	14	14	0	26	23	3	16	15	1	2	2	0	1	1	0	5	5	0	8	7	1	15	14	1	2	2	0	1	1	0	5	5	0	7	6	1	1	1	0	0	0	0	0	0	0	0	0	0	1	1	0	263	85	178
21	386	3055	801859	79	0	WARD	Kesura (OG) WARD NO.-0079 (Rural MDDS CODE:408531)	Urban	608	2405	1234	1171	307	151	156	155	82	73	159	77	82	1829	978	851	576	256	320	877	718	159	753	628	125	60	56	4	14	8	6	47	40	7	632	524	108	124	90	34	4	4	0	10	6	4	8	7	1	102	73	29	116	85	31	4	4	0	9	6	3	8	7	1	95	68	27	8	5	3	0	0	0	1	0	1	0	0	0	7	5	2	1528	516	1012
21	386	3055	801859	80	0	WARD	Koradakanta (OG) WARD NO.-0080 (Rural MDDS CODE:408532)	Urban	401	1960	1035	925	273	158	115	384	200	184	137	74	63	1374	770	604	586	265	321	752	570	182	696	540	156	57	57	0	17	13	4	25	25	0	597	445	152	56	30	26	9	7	2	11	4	7	1	1	0	35	18	17	55	29	26	9	7	2	11	4	7	1	1	0	34	17	17	1	1	0	0	0	0	0	0	0	0	0	0	1	1	0	1208	465	743
21	386	3055	801859	81	0	WARD	Bankual (OG) WARD NO.-0081 (Rural MDDS CODE:408533)	Urban	492	2568	1398	1170	222	98	124	709	354	355	15	6	9	1995	1170	825	573	228	345	897	675	222	741	612	129	69	67	2	279	184	95	25	24	1	368	337	31	156	63	93	3	2	1	100	25	75	2	1	1	51	35	16	74	45	29	3	2	1	21	10	11	2	1	1	48	32	16	82	18	64	0	0	0	79	15	64	0	0	0	3	3	0	1671	723	948