district,population_2011_est,centroid_lat,centroid_lon,timestamp,temperature_c,relative_humidity_pct,wind_speed_ms,solar_radiation_wm2,apparent_temp_c
Ganjam,3116853,19.5608,84.5585,2026-09-13T00:00,24.4,94,1.1,0.0,29.9
Ganjam,3116853,19.5608,84.5585,2026-09-13T01:00,24.2,94,0.7,0.0,29.6
Ganjam,3116853,19.5608,84.5585,2026-09-13T02:00,24.0,94,0.9,0.0,29.4
Ganjam,3116853,19.5608,84.5585,2026-09-13T03:00,23.9,94,1.1,0.0,29.2
Ganjam,3116853,19.5608,84.5585,2026-09-13T04:00,23.7,95,1.5,0.0,28.8
Ganjam,3116853,19.5608,84.5585,2026-09-13T05:00,24.1,97,0.6,0.0,29.9
Ganjam,3116853,19.5608,84.5585,2026-09-13T06:00,24.4,99,2.7,37.0,30.1
Ganjam,3116853,19.5608,84.5585,2026-09-13T07:00,25.9,95,2.7,212.0,32.2
Ganjam,3116853,19.5608,84.5585,2026-09-13T08:00,27.3,88,3.1,428.0,33.6
Ganjam,3116853,19.5608,84.5585,2026-09-13T09:00,28.8,79,2.2,624.0,35.6
Ganjam,3116853,19.5608,84.5585,2026-09-13T10:00,29.8,74,3.8,735.0,37.0
Ganjam,3116853,19.5608,84.5585,2026-09-13T11:00,29.2,73,4.7,688.0,35.3
Ganjam,3116853,19.5608,84.5585,2026-09-13T12:00,25.4,94,7.3,532.0,30.7
Ganjam,3116853,19.5608,84.5585,2026-09-13T13:00,26.6,90,5.5,557.0,32.4
Ganjam,3116853,19.5608,84.5585,2026-09-13T14:00,28.4,80,5.6,615.0,34.5
Ganjam,3116853,19.5608,84.5585,2026-09-13T15:00,28.7,79,2.6,500.0,34.8
Ganjam,3116853,19.5608,84.5585,2026-09-13T16:00,27.3,88,6.4,275.0,33.1
Ganjam,3116853,19.5608,84.5585,2026-09-13T17:00,27.0,91,3.8,73.0,33.4
Ganjam,3116853,19.5608,84.5585,2026-09-13T18:00,26.2,96,1.3,6.0,33.1
Ganjam,3116853,19.5608,84.5585,2026-09-13T19:00,25.8,98,0.5,0.0,32.8
Ganjam,3116853,19.5608,84.5585,2026-09-13T20:00,25.6,99,2.9,0.0,32.1
Ganjam,3116853,19.5608,84.5585,2026-09-13T21:00,25.6,98,2.9,0.0,32.0
Ganjam,3116853,19.5608,84.5585,2026-09-13T22:00,25.5,98,2.8,0.0,31.9
Ganjam,3116853,19.5608,84.5585,2026-09-13T23:00,25.3,98,2.2,0.0,31.7
Ganjam,3116853,19.5608,84.5585,2026-09-14T00:00,25.2,98,1.5,0.0,31.7
Ganjam,3116853,19.5608,84.5585,2026-09-14T01:00,25.1,98,0.4,0.0,31.5
Ganjam,3116853,19.5608,84.5585,2026-09-14T02:00,25.1,98,0.7,0.0,31.5
Ganjam,3116853,19.5608,84.5585,2026-09-14T03:00,25.1,97,1.0,0.0,31.4
Ganjam,3116853,19.5608,84.5585,2026-09-14T04:00,24.8,94,2.3,0.0,30.3
Ganjam,3116853,19.5608,84.5585,2026-09-14T05:00,24.5,96,2.6,0.0,30.1
Ganjam,3116853,19.5608,84.5585,2026-09-14T06:00,25.0,97,2.9,32.0,31.0
Ganjam,3116853,19.5608,84.5585,2026-09-14T07:00,25.9,95,1.6,141.0,32.4
Ganjam,3116853,19.5608,84.5585,2026-09-14T08:00,26.5,90,1.5,185.0,32.9
Ganjam,3116853,19.5608,84.5585,2026-09-14T09:00,27.4,89,1.6,338.0,34.1
Ganjam,3116853,19.5608,84.5585,2026-09-14T10:00,28.3,88,3.1,532.0,35.3
Ganjam,3116853,19.5608,84.5585,2026-09-14T11:00,29.0,89,4.3,768.0,37.8
Ganjam,3116853,19.5608,84.5585,2026-09-14T12:00,29.0,90,3.3,681.0,37.5
Ganjam,3116853,19.5608,84.5585,2026-09-14T13:00,27.1,91,8.4,684.0,33.7
Ganjam,3116853,19.5608,84.5585,2026-09-14T14:00,27.3,90,0.6,390.0,34.2
Ganjam,3116853,19.5608,84.5585,2026-09-14T15:00,27.7,90,4.2,407.0,34.5
Ganjam,3116853,19.5608,84.5585,2026-09-14T16:00,27.7,91,1.9,303.0,34.9
Ganjam,3116853,19.5608,84.5585,2026-09-14T17:00,26.7,93,2.8,99.0,33.3
Ganjam,3116853,19.5608,84.5585,2026-09-14T18:00,26.1,97,2.7,5.0,32.8
Ganjam,3116853,19.5608,84.5585,2026-09-14T19:00,25.8,97,1.4,0.0,32.5
Ganjam,3116853,19.5608,84.5585,2026-09-14T20:00,25.6,97,1.2,0.0,32.2
Ganjam,3116853,19.5608,84.5585,2026-09-14T21:00,25.4,98,0.5,0.0,32.0
Ganjam,3116853,19.5608,84.5585,2026-09-14T22:00,25.0,99,1.6,0.0,31.3
Ganjam,3116853,19.5608,84.5585,2026-09-14T23:00,24.8,98,1.7,0.0,31.0
Ganjam,3116853,19.5608,84.5585,2026-09-15T00:00,24.6,98,1.6,0.0,30.6
Ganjam,3116853,19.5608,84.5585,2026-09-15T01:00,24.4,99,1.1,0.0,30.3
Ganjam,3116853,19.5608,84.5585,2026-09-15T02:00,24.1,99,1.3,0.0,29.9
Ganjam,3116853,19.5608,84.5585,2026-09-15T03:00,23.9,100,1.3,0.0,29.7
Ganjam,3116853,19.5608,84.5585,2026-09-15T04:00,23.9,100,2.8,0.0,29.5
Ganjam,3116853,19.5608,84.5585,2026-09-15T05:00,23.9,100,3.0,0.0,29.5
Ganjam,3116853,19.5608,84.5585,2026-09-15T06:00,24.4,98,3.9,33.0,30.0
Ganjam,3116853,19.5608,84.5585,2026-09-15T07:00,25.9,94,2.6,201.0,32.1
Ganjam,3116853,19.5608,84.5585,2026-09-15T08:00,27.5,88,2.2,425.0,34.0
Ganjam,3116853,19.5608,84.5585,2026-09-15T09:00,28.9,81,2.7,637.0,36.0
Ganjam,3116853,19.5608,84.5585,2026-09-15T10:00,30.0,77,3.5,785.0,38.0
Ganjam,3116853,19.5608,84.5585,2026-09-15T11:00,30.9,72,3.4,867.0,39.3
Ganjam,3116853,19.5608,84.5585,2026-09-15T12:00,31.1,71,6.0,867.0,39.0
Ganjam,3116853,19.5608,84.5585,2026-09-15T13:00,30.9,72,2.9,837.0,39.3
Ganjam,3116853,19.5608,84.5585,2026-09-15T14:00,28.1,85,9.2,587.0,33.9
Ganjam,3116853,19.5608,84.5585,2026-09-15T15:00,27.2,89,2.5,350.0,33.6
Ganjam,3116853,19.5608,84.5585,2026-09-15T16:00,27.3,88,1.1,288.0,33.9
Ganjam,3116853,19.5608,84.5585,2026-09-15T17:00,26.9,93,1.7,105.0,33.8
Ganjam,3116853,19.5608,84.5585,2026-09-15T18:00,26.2,98,0.6,6.0,33.3
Ganjam,3116853,19.5608,84.5585,2026-09-15T19:00,26.0,98,1.3,0.0,33.0
Ganjam,3116853,19.5608,84.5585,2026-09-15T20:00,25.9,97,1.1,0.0,32.8
Ganjam,3116853,19.5608,84.5585,2026-09-15T21:00,25.7,98,1.8,0.0,32.3
Ganjam,3116853,19.5608,84.5585,2026-09-15T22:00,25.5,97,1.2,0.0,32.0
Ganjam,3116853,19.5608,84.5585,2026-09-15T23:00,25.2,98,1.0,0.0,31.7
Ganjam,3116853,19.5608,84.5585,2026-09-16T00:00,24.9,98,1.3,0.0,31.2
Ganjam,3116853,19.5608,84.5585,2026-09-16T01:00,24.7,98,1.7,0.0,30.7
Ganjam,3116853,19.5608,84.5585,2026-09-16T02:00,24.4,98,1.7,0.0,30.3
Ganjam,3116853,19.5608,84.5585,2026-09-16T03:00,24.2,99,1.7,0.0,30.0
Ganjam,3116853,19.5608,84.5585,2026-09-16T04:00,24.0,99,0.9,0.0,29.9
Ganjam,3116853,19.5608,84.5585,2026-09-16T05:00,23.9,99,1.9,0.0,29.6
Ganjam,3116853,19.5608,84.5585,2026-09-16T06:00,24.6,99,2.3,34.0,30.6
Ganjam,3116853,19.5608,84.5585,2026-09-16T07:00,26.8,93,2.2,205.0,33.5
Ganjam,3116853,19.5608,84.5585,2026-09-16T08:00,28.1,88,2.8,411.0,34.9
Ganjam,3116853,19.5608,84.5585,2026-09-16T09:00,29.4,83,1.8,615.0,37.1
Ganjam,3116853,19.5608,84.5585,2026-09-16T10:00,30.5,79,2.3,768.0,39.3
Ganjam,3116853,19.5608,84.5585,2026-09-16T11:00,30.9,76,4.4,817.0,39.5
Ganjam,3116853,19.5608,84.5585,2026-09-16T12:00,31.2,75,6.1,773.0,39.3
Ganjam,3116853,19.5608,84.5585,2026-09-16T13:00,26.9,88,11.4,651.0,32.4
Ganjam,3116853,19.5608,84.5585,2026-09-16T14:00,25.8,96,5.2,306.0,31.7
Ganjam,3116853,19.5608,84.5585,2026-09-16T15:00,26.6,95,3.7,337.0,33.2
Ganjam,3116853,19.5608,84.5585,2026-09-16T16:00,27.3,92,1.8,256.0,34.3
Ganjam,3116853,19.5608,84.5585,2026-09-16T17:00,27.0,94,1.4,92.0,34.1
Ganjam,3116853,19.5608,84.5585,2026-09-16T18:00,26.3,98,1.7,5.0,33.4
Ganjam,3116853,19.5608,84.5585,2026-09-16T19:00,26.2,97,0.2,0.0,33.4
Ganjam,3116853,19.5608,84.5585,2026-09-16T20:00,26.1,98,1.8,0.0,33.0
Ganjam,3116853,19.5608,84.5585,2026-09-16T21:00,25.8,98,1.8,0.0,32.5
Ganjam,3116853,19.5608,84.5585,2026-09-16T22:00,25.5,99,2.4,0.0,32.0
Ganjam,3116853,19.5608,84.5585,2026-09-16T23:00,25.2,99,2.1,0.0,31.6
Ganjam,3116853,19.5608,84.5585,2026-09-17T00:00,25.0,99,1.5,0.0,31.4
Ganjam,3116853,19.5608,84.5585,2026-09-17T01:00,24.8,99,1.4,0.0,31.1
Ganjam,3116853,19.5608,84.5585,2026-09-17T02:00,24.7,99,2.3,0.0,30.7
Ganjam,3116853,19.5608,84.5585,2026-09-17T03:00,24.5,99,3.8,0.0,30.3
Ganjam,3116853,19.5608,84.5585,2026-09-17T04:00,24.3,100,1.6,0.0,30.2
Ganjam,3116853,19.5608,84.5585,2026-09-17T05:00,24.2,100,3.3,0.0,29.8
Ganjam,3116853,19.5608,84.5585,2026-09-17T06:00,24.8,99,5.3,30.0,30.5
Ganjam,3116853,19.5608,84.5585,2026-09-17T07:00,26.7,94,2.7,172.0,33.5
Ganjam,3116853,19.5608,84.5585,2026-09-17T08:00,28.6,87,0.6,406.0,36.0
Ganjam,3116853,19.5608,84.5585,2026-09-17T09:00,30.1,80,1.4,615.0,37.9
Ganjam,3116853,19.5608,84.5585,2026-09-17T10:00,31.1,74,1.5,782.0,39.7
Ganjam,3116853,19.5608,84.5585,2026-09-17T11:00,31.7,74,3.0,837.0,40.7
Ganjam,3116853,19.5608,84.5585,2026-09-17T12:00,32.0,72,2.9,845.0,41.1
Ganjam,3116853,19.5608,84.5585,2026-09-17T13:00,32.0,72,4.9,774.0,40.3
Ganjam,3116853,19.5608,84.5585,2026-09-17T14:00,31.6,73,6.3,643.0,38.8
Ganjam,3116853,19.5608,84.5585,2026-09-17T15:00,30.5,78,4.9,452.0,37.3
Ganjam,3116853,19.5608,84.5585,2026-09-17T16:00,29.0,85,4.1,286.0,35.9
Ganjam,3116853,19.5608,84.5585,2026-09-17T17:00,27.7,92,5.6,114.0,34.5
Ganjam,3116853,19.5608,84.5585,2026-09-17T18:00,27.0,95,6.2,3.0,33.6
Ganjam,3116853,19.5608,84.5585,2026-09-17T19:00,26.5,97,6.0,0.0,33.0
Ganjam,3116853,19.5608,84.5585,2026-09-17T20:00,26.2,98,5.3,0.0,32.6
Ganjam,3116853,19.5608,84.5585,2026-09-17T21:00,25.9,99,4.5,0.0,32.5
Ganjam,3116853,19.5608,84.5585,2026-09-17T22:00,25.8,99,3.6,0.0,32.4
Ganjam,3116853,19.5608,84.5585,2026-09-17T23:00,25.6,100,3.1,0.0,32.3
Cuttack,2547409,20.42,85.7386,2026-09-13T00:00,26.2,88,8.2,0.0,31.2
Cuttack,2547409,20.42,85.7386,2026-09-13T01:00,25.8,90,6.2,0.0,31.0
Cuttack,2547409,20.42,85.7386,2026-09-13T02:00,25.6,91,5.9,0.0,30.8
Cuttack,2547409,20.42,85.7386,2026-09-13T03:00,25.5,92,4.8,0.0,30.9
Cuttack,2547409,20.42,85.7386,2026-09-13T04:00,25.4,93,4.7,0.0,30.8
Cuttack,2547409,20.42,85.7386,2026-09-13T05:00,25.8,93,4.8,0.0,31.5
Cuttack,2547409,20.42,85.7386,2026-09-13T06:00,26.5,91,6.5,40.0,32.1
Cuttack,2547409,20.42,85.7386,2026-09-13T07:00,27.6,86,4.9,212.0,33.5
Cuttack,2547409,20.42,85.7386,2026-09-13T08:00,29.0,80,6.5,427.0,35.0
Cuttack,2547409,20.42,85.7386,2026-09-13T09:00,30.0,76,7.6,600.0,36.2
Cuttack,2547409,20.42,85.7386,2026-09-13T10:00,30.5,75,8.7,675.0,37.0
Cuttack,2547409,20.42,85.7386,2026-09-13T11:00,29.8,75,10.9,318.0,34.8
Cuttack,2547409,20.42,85.7386,2026-09-13T12:00,27.5,88,11.7,618.0,33.1
Cuttack,2547409,20.42,85.7386,2026-09-13T13:00,29.1,81,7.4,768.0,36.4
Cuttack,2547409,20.42,85.7386,2026-09-13T14:00,29.6,77,8.4,629.0,35.6
Cuttack,2547409,20.42,85.7386,2026-09-13T15:00,30.0,73,7.2,492.0,35.4
Cuttack,2547409,20.42,85.7386,2026-09-13T16:00,29.0,76,8.6,276.0,34.1
Cuttack,2547409,20.42,85.7386,2026-09-13T17:00,26.7,93,11.7,58.0,32.0
Cuttack,2547409,20.42,85.7386,2026-09-13T18:00,26.0,95,5.6,2.0,32.0
Cuttack,2547409,20.42,85.7386,2026-09-13T19:00,25.8,97,4.5,0.0,32.0
Cuttack,2547409,20.42,85.7386,2026-09-13T20:00,25.9,97,2.8,0.0,32.4
Cuttack,2547409,20.42,85.7386,2026-09-13T21:00,26.1,94,2.2,0.0,32.5
Cuttack,2547409,20.42,85.7386,2026-09-13T22:00,26.2,93,1.1,0.0,32.7
Cuttack,2547409,20.42,85.7386,2026-09-13T23:00,26.2,93,1.7,0.0,32.7
Cuttack,2547409,20.42,85.7386,2026-09-14T00:00,26.4,90,0.4,0.0,32.8
Cuttack,2547409,20.42,85.7386,2026-09-14T01:00,26.3,91,0.3,0.0,32.7
Cuttack,2547409,20.42,85.7386,2026-09-14T02:00,26.1,93,1.0,0.0,32.7
Cuttack,2547409,20.42,85.7386,2026-09-14T03:00,26.1,94,1.3,0.0,32.7
Cuttack,2547409,20.42,85.7386,2026-09-14T04:00,25.8,95,2.6,0.0,32.2
Cuttack,2547409,20.42,85.7386,2026-09-14T05:00,25.7,96,2.7,0.0,32.0
Cuttack,2547409,20.42,85.7386,2026-09-14T06:00,25.8,96,4.6,22.0,31.9
Cuttack,2547409,20.42,85.7386,2026-09-14T07:00,26.7,92,3.9,189.0,33.0
Cuttack,2547409,20.42,85.7386,2026-09-14T08:00,27.9,88,4.1,404.0,34.4
Cuttack,2547409,20.42,85.7386,2026-09-14T09:00,29.1,83,4.3,579.0,36.0
Cuttack,2547409,20.42,85.7386,2026-09-14T10:00,30.1,77,3.5,746.0,38.0
Cuttack,2547409,20.42,85.7386,2026-09-14T11:00,30.4,76,2.3,748.0,38.5
Cuttack,2547409,20.42,85.7386,2026-09-14T12:00,30.4,76,3.1,565.0,37.2
Cuttack,2547409,20.42,85.7386,2026-09-14T13:00,28.5,84,5.5,455.0,34.7
Cuttack,2547409,20.42,85.7386,2026-09-14T14:00,27.4,92,10.9,497.0,33.1
Cuttack,2547409,20.42,85.7386,2026-09-14T15:00,27.6,91,4.7,371.0,34.2
Cuttack,2547409,20.42,85.7386,2026-09-14T16:00,26.8,92,4.4,207.0,33.1
Cuttack,2547409,20.42,85.7386,2026-09-14T17:00,26.8,92,1.2,79.0,33.6
Cuttack,2547409,20.42,85.7386,2026-09-14T18:00,26.5,95,0.4,3.0,33.6
Cuttack,2547409,20.42,85.7386,2026-09-14T19:00,26.6,93,0.5,0.0,33.5
Cuttack,2547409,20.42,85.7386,2026-09-14T20:00,26.4,94,2.8,0.0,33.0
Cuttack,2547409,20.42,85.7386,2026-09-14T21:00,26.2,95,4.2,0.0,32.5
Cuttack,2547409,20.42,85.7386,2026-09-14T22:00,25.9,97,4.4,0.0,32.3
Cuttack,2547409,20.42,85.7386,2026-09-14T23:00,25.7,98,5.0,0.0,31.9
Cuttack,2547409,20.42,85.7386,2026-09-15T00:00,25.6,98,4.6,0.0,31.9
Cuttack,2547409,20.42,85.7386,2026-09-15T01:00,25.6,98,4.5,0.0,31.9
Cuttack,2547409,20.42,85.7386,2026-09-15T02:00,25.5,99,5.5,0.0,31.5
Cuttack,2547409,20.42,85.7386,2026-09-15T03:00,25.4,99,5.2,0.0,31.5
Cuttack,2547409,20.42,85.7386,2026-09-15T04:00,25.3,99,3.5,0.0,31.6
Cuttack,2547409,20.42,85.7386,2026-09-15T05:00,25.2,99,3.6,0.0,31.4
Cuttack,2547409,20.42,85.7386,2026-09-15T06:00,25.8,97,5.7,42.0,31.8
Cuttack,2547409,20.42,85.7386,2026-09-15T07:00,26.9,91,6.0,212.0,32.9
Cuttack,2547409,20.42,85.7386,2026-09-15T08:00,27.9,86,6.0,335.0,34.0
Cuttack,2547409,20.42,85.7386,2026-09-15T09:00,29.3,78,6.3,570.0,35.2
Cuttack,2547409,20.42,85.7386,2026-09-15T10:00,30.4,74,6.2,754.0,37.6
Cuttack,2547409,20.42,85.7386,2026-09-15T11:00,31.2,73,5.4,834.0,39.3
Cuttack,2547409,20.42,85.7386,2026-09-15T12:00,31.5,71,5.9,843.0,39.7
Cuttack,2547409,20.42,85.7386,2026-09-15T13:00,31.5,72,3.8,760.0,39.5
Cuttack,2547409,20.42,85.7386,2026-09-15T14:00,31.7,72,3.7,662.0,39.3
Cuttack,2547409,20.42,85.7386,2026-09-15T15:00,28.1,88,12.0,399.0,33.6
Cuttack,2547409,20.42,85.7386,2026-09-15T16:00,27.8,91,8.0,275.0,34.1
Cuttack,2547409,20.42,85.7386,2026-09-15T17:00,26.6,92,5.8,98.0,32.5
Cuttack,2547409,20.42,85.7386,2026-09-15T18:00,24.8,99,4.8,3.0,30.6
Cuttack,2547409,20.42,85.7386,2026-09-15T19:00,25.4,97,7.9,0.0,30.8
Cuttack,2547409,20.42,85.7386,2026-09-15T20:00,25.6,96,6.0,0.0,31.4
Cuttack,2547409,20.42,85.7386,2026-09-15T21:00,25.7,96,5.6,0.0,31.6
Cuttack,2547409,20.42,85.7386,2026-09-15T22:00,25.7,96,6.0,0.0,31.5
Cuttack,2547409,20.42,85.7386,2026-09-15T23:00,25.6,97,5.3,0.0,31.6
Cuttack,2547409,20.42,85.7386,2026-09-16T00:00,25.6,97,5.3,0.0,31.7
Cuttack,2547409,20.42,85.7386,2026-09-16T01:00,25.7,98,5.1,0.0,31.8
Cuttack,2547409,20.42,85.7386,2026-09-16T02:00,25.7,98,5.9,0.0,31.8
Cuttack,2547409,20.42,85.7386,2026-09-16T03:00,25.6,98,6.6,0.0,31.5
Cuttack,2547409,20.42,85.7386,2026-09-16T04:00,25.5,98,6.0,0.0,31.5
Cuttack,2547409,20.42,85.7386,2026-09-16T05:00,25.5,98,6.0,0.0,31.5
Cuttack,2547409,20.42,85.7386,2026-09-16T06:00,26.1,96,8.2,41.0,31.8
Cuttack,2547409,20.42,85.7386,2026-09-16T07:00,27.0,94,4.9,201.0,33.6
Cuttack,2547409,20.42,85.7386,2026-09-16T08:00,28.4,87,6.2,420.0,34.9
Cuttack,2547409,20.42,85.7386,2026-09-16T09:00,29.8,79,6.4,612.0,36.6
Cuttack,2547409,20.42,85.7386,2026-09-16T10:00,31.1,74,6.3,749.0,38.6
Cuttack,2547409,20.42,85.7386,2026-09-16T11:00,31.7,72,4.7,847.0,40.3
Cuttack,2547409,20.42,85.7386,2026-09-16T12:00,32.1,71,4.0,852.0,40.9
Cuttack,2547409,20.42,85.7386,2026-09-16T13:00,32.2,71,3.5,744.0,40.4
Cuttack,2547409,20.42,85.7386,2026-09-16T14:00,27.9,92,14.2,508.0,33.6
Cuttack,2547409,20.42,85.7386,2026-09-16T15:00,27.9,92,4.5,327.0,35.0
Cuttack,2547409,20.42,85.7386,2026-09-16T16:00,28.7,87,9.2,261.0,34.9
Cuttack,2547409,20.42,85.7386,2026-09-16T17:00,28.0,90,8.1,93.0,34.3
Cuttack,2547409,20.42,85.7386,2026-09-16T18:00,27.2,94,4.8,3.0,34.0
Cuttack,2547409,20.42,85.7386,2026-09-16T19:00,27.1,93,4.9,0.0,33.7
Cuttack,2547409,20.42,85.7386,2026-09-16T20:00,26.9,94,4.5,0.0,33.5
Cuttack,2547409,20.42,85.7386,2026-09-16T21:00,26.6,95,6.0,0.0,33.0
Cuttack,2547409,20.42,85.7386,2026-09-16T22:00,26.4,95,7.3,0.0,32.4
Cuttack,2547409,20.42,85.7386,2026-09-16T23:00,26.2,95,7.5,0.0,32.1
Cuttack,2547409,20.42,85.7386,2026-09-17T00:00,26.1,95,7.9,0.0,31.9
Cuttack,2547409,20.42,85.7386,2026-09-17T01:00,26.0,96,8.7,0.0,31.7
Cuttack,2547409,20.42,85.7386,2026-09-17T02:00,25.9,97,8.3,0.0,31.6
Cuttack,2547409,20.42,85.7386,2026-09-17T03:00,25.8,97,7.0,0.0,31.6
Cuttack,2547409,20.42,85.7386,2026-09-17T04:00,25.6,97,4.7,0.0,31.7
Cuttack,2547409,20.42,85.7386,2026-09-17T05:00,25.6,97,4.4,0.0,31.7
Cuttack,2547409,20.42,85.7386,2026-09-17T06:00,26.3,95,7.9,41.0,32.1
Cuttack,2547409,20.42,85.7386,2026-09-17T07:00,27.5,89,7.5,208.0,33.5
Cuttack,2547409,20.42,85.7386,2026-09-17T08:00,28.7,84,7.4,403.0,34.8
Cuttack,2547409,20.42,85.7386,2026-09-17T09:00,30.0,79,8.9,596.0,36.3
Cuttack,2547409,20.42,85.7386,2026-09-17T10:00,31.1,75,11.3,749.0,38.0
Cuttack,2547409,20.42,85.7386,2026-09-17T11:00,31.7,73,9.6,804.0,39.3
Cuttack,2547409,20.42,85.7386,2026-09-17T12:00,32.2,72,8.5,865.0,40.5
Cuttack,2547409,20.42,85.7386,2026-09-17T13:00,32.3,73,6.9,779.0,40.6
Cuttack,2547409,20.42,85.7386,2026-09-17T14:00,31.7,76,6.1,622.0,39.3
Cuttack,2547409,20.42,85.7386,2026-09-17T15:00,30.1,82,7.8,390.0,36.7
Cuttack,2547409,20.42,85.7386,2026-09-17T16:00,27.8,90,10.6,235.0,33.7
Cuttack,2547409,20.42,85.7386,2026-09-17T17:00,26.1,97,11.4,85.0,31.6
Cuttack,2547409,20.42,85.7386,2026-09-17T18:00,25.7,99,7.9,1.0,31.6
Cuttack,2547409,20.42,85.7386,2026-09-17T19:00,25.8,99,2.3,0.0,32.5
Cuttack,2547409,20.42,85.7386,2026-09-17T20:00,25.9,98,3.2,0.0,32.4
Cuttack,2547409,20.42,85.7386,2026-09-17T21:00,25.7,99,6.1,0.0,31.8
Cuttack,2547409,20.42,85.7386,2026-09-17T22:00,25.5,99,8.5,0.0,31.1
Cuttack,2547409,20.42,85.7386,2026-09-17T23:00,25.3,99,8.9,0.0,30.8
Mayurbhanj,2443716,21.8439,86.4234,2026-09-13T00:00,20.7,100,12.1,0.0,23.2
Mayurbhanj,2443716,21.8439,86.4234,2026-09-13T01:00,20.4,100,12.4,0.0,22.6
Mayurbhanj,2443716,21.8439,86.4234,2026-09-13T02:00,20.4,99,11.7,0.0,22.6
Mayurbhanj,2443716,21.8439,86.4234,2026-09-13T03:00,20.3,99,11.9,0.0,22.5
Mayurbhanj,2443716,21.8439,86.4234,2026-09-13T04:00,20.2,99,10.7,0.0,22.5
Mayurbhanj,2443716,21.8439,86.4234,2026-09-13T05:00,20.6,98,10.5,0.0,23.1
Mayurbhanj,2443716,21.8439,86.4234,2026-09-13T06:00,21.4,97,9.6,55.0,24.2
Mayurbhanj,2443716,21.8439,86.4234,2026-09-13T07:00,22.7,91,8.3,247.0,25.9
Mayurbhanj,2443716,21.8439,86.4234,2026-09-13T08:00,23.9,81,9.3,467.0,26.6
Mayurbhanj,2443716,21.8439,86.4234,2026-09-13T09:00,24.6,74,11.5,633.0,27.1
Mayurbhanj,2443716,21.8439,86.4234,2026-09-13T10:00,23.9,86,10.4,601.0,27.2
Mayurbhanj,2443716,21.8439,86.4234,2026-09-13T11:00,25.7,68,11.4,524.0,27.6
Mayurbhanj,2443716,21.8439,86.4234,2026-09-13T12:00,24.3,79,8.7,790.0,28.5
Mayurbhanj,2443716,21.8439,86.4234,2026-09-13T13:00,23.4,91,6.5,596.0,27.5
Mayurbhanj,2443716,21.8439,86.4234,2026-09-13T14:00,24.2,91,5.1,512.0,28.6
Mayurbhanj,2443716,21.8439,86.4234,2026-09-13T15:00,23.4,87,8.3,357.0,26.6
Mayurbhanj,2443716,21.8439,86.4234,2026-09-13T16:00,22.5,93,8.7,240.0,25.7
Mayurbhanj,2443716,21.8439,86.4234,2026-09-13T17:00,21.9,99,8.7,75.0,25.4
Mayurbhanj,2443716,21.8439,86.4234,2026-09-13T18:00,21.5,99,7.6,3.0,24.9
Mayurbhanj,2443716,21.8439,86.4234,2026-09-13T19:00,21.3,99,4.9,0.0,25.0
Mayurbhanj,2443716,21.8439,86.4234,2026-09-13T20:00,21.1,99,3.9,0.0,24.9
Mayurbhanj,2443716,21.8439,86.4234,2026-09-13T21:00,21.0,99,3.2,0.0,24.7
Mayurbhanj,2443716,21.8439,86.4234,2026-09-13T22:00,20.4,100,2.5,0.0,24.1
Mayurbhanj,2443716,21.8439,86.4234,2026-09-13T23:00,20.1,99,1.0,0.0,23.8
Mayurbhanj,2443716,21.8439,86.4234,2026-09-14T00:00,20.0,99,2.3,0.0,23.5
Mayurbhanj,2443716,21.8439,86.4234,2026-09-14T01:00,20.0,98,3.1,0.0,23.2
Mayurbhanj,2443716,21.8439,86.4234,2026-09-14T02:00,20.1,95,1.7,0.0,23.4
Mayurbhanj,2443716,21.8439,86.4234,2026-09-14T03:00,20.4,92,0.8,0.0,23.6
Mayurbhanj,2443716,21.8439,86.4234,2026-09-14T04:00,20.6,90,0.3,0.0,23.8
Mayurbhanj,2443716,21.8439,86.4234,2026-09-14T05:00,20.2,91,1.7,0.0,23.2
Mayurbhanj,2443716,21.8439,86.4234,2026-09-14T06:00,20.8,95,3.8,49.0,24.1
Mayurbhanj,2443716,21.8439,86.4234,2026-09-14T07:00,22.3,97,1.3,228.0,26.8
Mayurbhanj,2443716,21.8439,86.4234,2026-09-14T08:00,23.7,88,4.4,457.0,27.8
Mayurbhanj,2443716,21.8439,86.4234,2026-09-14T09:00,25.1,79,6.0,644.0,29.3
Mayurbhanj,2443716,21.8439,86.4234,2026-09-14T10:00,25.8,79,7.4,758.0,30.9
Mayurbhanj,2443716,21.8439,86.4234,2026-09-14T11:00,25.8,78,9.4,697.0,30.0
Mayurbhanj,2443716,21.8439,86.4234,2026-09-14T12:00,23.8,94,5.6,590.0,28.6
Mayurbhanj,2443716,21.8439,86.4234,2026-09-14T13:00,23.0,97,5.2,539.0,27.4
Mayurbhanj,2443716,21.8439,86.4234,2026-09-14T14:00,23.7,93,2.2,572.0,28.7
Mayurbhanj,2443716,21.8439,86.4234,2026-09-14T15:00,23.9,92,2.8,357.0,28.6
Mayurbhanj,2443716,21.8439,86.4234,2026-09-14T16:00,22.9,94,2.3,258.0,27.3
Mayurbhanj,2443716,21.8439,86.4234,2026-09-14T17:00,22.4,97,1.5,76.0,27.0
Mayurbhanj,2443716,21.8439,86.4234,2026-09-14T18:00,21.4,100,1.1,3.0,25.8
Mayurbhanj,2443716,21.8439,86.4234,2026-09-14T19:00,21.2,100,1.4,0.0,25.4
Mayurbhanj,2443716,21.8439,86.4234,2026-09-14T20:00,20.8,100,1.2,0.0,24.9
Mayurbhanj,2443716,21.8439,86.4234,2026-09-14T21:00,20.6,100,2.2,0.0,24.4
Mayurbhanj,2443716,21.8439,86.4234,2026-09-14T22:00,20.4,100,2.7,0.0,24.0
Mayurbhanj,2443716,21.8439,86.4234,2026-09-14T23:00,20.2,99,2.8,0.0,23.6
Mayurbhanj,2443716,21.8439,86.4234,2026-09-15T00:00,20.1,99,3.1,0.0,23.4
Mayurbhanj,2443716,21.8439,86.4234,2026-09-15T01:00,20.1,98,1.9,0.0,23.5
Mayurbhanj,2443716,21.8439,86.4234,2026-09-15T02:00,20.2,96,0.8,0.0,23.7
Mayurbhanj,2443716,21.8439,86.4234,2026-09-15T03:00,20.3,95,1.1,0.0,23.7
Mayurbhanj,2443716,21.8439,86.4234,2026-09-15T04:00,20.0,96,2.0,0.0,23.2
Mayurbhanj,2443716,21.8439,86.4234,2026-09-15T05:00,19.7,98,2.0,0.0,22.9
Mayurbhanj,2443716,21.8439,86.4234,2026-09-15T06:00,20.9,98,4.0,54.0,24.5
Mayurbhanj,2443716,21.8439,86.4234,2026-09-15T07:00,23.0,92,2.5,247.0,27.4
Mayurbhanj,2443716,21.8439,86.4234,2026-09-15T08:00,25.1,78,1.5,468.0,29.2
Mayurbhanj,2443716,21.8439,86.4234,2026-09-15T09:00,26.3,70,0.7,651.0,30.9
Mayurbhanj,2443716,21.8439,86.4234,2026-09-15T10:00,26.4,71,1.3,680.0,31.3
Mayurbhanj,2443716,21.8439,86.4234,2026-09-15T11:00,24.9,79,3.8,543.0,28.7
Mayurbhanj,2443716,21.8439,86.4234,2026-09-15T12:00,24.2,84,4.1,380.0,28.2
Mayurbhanj,2443716,21.8439,86.4234,2026-09-15T13:00,25.3,84,1.0,559.0,30.4
Mayurbhanj,2443716,21.8439,86.4234,2026-09-15T14:00,23.9,89,5.9,459.0,28.0
Mayurbhanj,2443716,21.8439,86.4234,2026-09-15T15:00,24.1,89,2.9,442.0,28.6
Mayurbhanj,2443716,21.8439,86.4234,2026-09-15T16:00,24.1,87,1.7,305.0,28.6
Mayurbhanj,2443716,21.8439,86.4234,2026-09-15T17:00,22.8,95,3.3,94.0,27.2
Mayurbhanj,2443716,21.8439,86.4234,2026-09-15T18:00,21.8,100,2.2,2.0,26.2
Mayurbhanj,2443716,21.8439,86.4234,2026-09-15T19:00,21.7,99,1.5,0.0,26.1
Mayurbhanj,2443716,21.8439,86.4234,2026-09-15T20:00,21.4,98,1.2,0.0,25.6
Mayurbhanj,2443716,21.8439,86.4234,2026-09-15T21:00,21.3,97,2.3,0.0,25.2
Mayurbhanj,2443716,21.8439,86.4234,2026-09-15T22:00,21.3,95,2.2,0.0,25.1
Mayurbhanj,2443716,21.8439,86.4234,2026-09-15T23:00,21.2,95,2.7,0.0,24.8
Mayurbhanj,2443716,21.8439,86.4234,2026-09-16T00:00,21.0,95,3.4,0.0,24.5
Mayurbhanj,2443716,21.8439,86.4234,2026-09-16T01:00,20.8,96,4.0,0.0,24.2
Mayurbhanj,2443716,21.8439,86.4234,2026-09-16T02:00,20.6,97,2.8,0.0,24.0
Mayurbhanj,2443716,21.8439,86.4234,2026-09-16T03:00,20.4,98,3.8,0.0,23.7
Mayurbhanj,2443716,21.8439,86.4234,2026-09-16T04:00,20.2,99,4.0,0.0,23.5
Mayurbhanj,2443716,21.8439,86.4234,2026-09-16T05:00,20.2,99,4.3,0.0,23.4
Mayurbhanj,2443716,21.8439,86.4234,2026-09-16T06:00,21.6,98,5.6,53.0,25.2
Mayurbhanj,2443716,21.8439,86.4234,2026-09-16T07:00,23.7,88,4.4,245.0,27.7
Mayurbhanj,2443716,21.8439,86.4234,2026-09-16T08:00,24.7,83,4.4,456.0,28.8
Mayurbhanj,2443716,21.8439,86.4234,2026-09-16T09:00,25.7,77,4.2,601.0,30.0
Mayurbhanj,2443716,21.8439,86.4234,2026-09-16T10:00,25.6,78,3.3,475.0,29.6
Mayurbhanj,2443716,21.8439,86.4234,2026-09-16T11:00,25.3,82,4.3,488.0,29.6
Mayurbhanj,2443716,21.8439,86.4234,2026-09-16T12:00,26.1,81,2.6,552.0,30.9
Mayurbhanj,2443716,21.8439,86.4234,2026-09-16T13:00,26.1,75,1.2,547.0,30.5
Mayurbhanj,2443716,21.8439,86.4234,2026-09-16T14:00,24.5,83,2.1,514.0,28.8
Mayurbhanj,2443716,21.8439,86.4234,2026-09-16T15:00,25.7,83,1.5,379.0,30.7
Mayurbhanj,2443716,21.8439,86.4234,2026-09-16T16:00,24.3,87,8.3,251.0,27.9
Mayurbhanj,2443716,21.8439,86.4234,2026-09-16T17:00,23.3,93,7.4,96.0,27.1
Mayurbhanj,2443716,21.8439,86.4234,2026-09-16T18:00,22.2,98,6.0,2.0,26.2
Mayurbhanj,2443716,21.8439,86.4234,2026-09-16T19:00,21.7,98,7.3,0.0,25.3
Mayurbhanj,2443716,21.8439,86.4234,2026-09-16T20:00,21.6,98,6.0,0.0,25.2
Mayurbhanj,2443716,21.8439,86.4234,2026-09-16T21:00,21.2,99,4.7,0.0,24.9
Mayurbhanj,2443716,21.8439,86.4234,2026-09-16T22:00,21.1,99,4.9,0.0,24.8
Mayurbhanj,2443716,21.8439,86.4234,2026-09-16T23:00,21.1,99,5.6,0.0,24.6
Mayurbhanj,2443716,21.8439,86.4234,2026-09-17T00:00,21.0,100,6.3,0.0,24.4
Mayurbhanj,2443716,21.8439,86.4234,2026-09-17T01:00,21.0,99,6.2,0.0,24.4
Mayurbhanj,2443716,21.8439,86.4234,2026-09-17T02:00,21.1,100,7.3,0.0,24.4
Mayurbhanj,2443716,21.8439,86.4234,2026-09-17T03:00,21.0,100,8.9,0.0,24.1
Mayurbhanj,2443716,21.8439,86.4234,2026-09-17T04:00,21.0,100,7.3,0.0,24.3
Mayurbhanj,2443716,21.8439,86.4234,2026-09-17T05:00,20.6,100,5.8,0.0,23.9
Mayurbhanj,2443716,21.8439,86.4234,2026-09-17T06:00,21.6,98,5.5,50.0,25.3
Mayurbhanj,2443716,21.8439,86.4234,2026-09-17T07:00,23.3,92,6.8,220.0,27.1
Mayurbhanj,2443716,21.8439,86.4234,2026-09-17T08:00,24.6,85,8.0,420.0,28.2
Mayurbhanj,2443716,21.8439,86.4234,2026-09-17T09:00,25.9,76,9.0,582.0,29.3
Mayurbhanj,2443716,21.8439,86.4234,2026-09-17T10:00,26.8,73,7.1,708.0,31.4
Mayurbhanj,2443716,21.8439,86.4234,2026-09-17T11:00,27.0,72,5.6,728.0,32.0
Mayurbhanj,2443716,21.8439,86.4234,2026-09-17T12:00,26.3,77,3.6,604.0,30.9
Mayurbhanj,2443716,21.8439,86.4234,2026-09-17T13:00,24.9,86,1.7,499.0,29.8
Mayurbhanj,2443716,21.8439,86.4234,2026-09-17T14:00,23.7,94,1.6,376.0,28.8
Mayurbhanj,2443716,21.8439,86.4234,2026-09-17T15:00,23.1,98,0.4,226.0,28.3
Mayurbhanj,2443716,21.8439,86.4234,2026-09-17T16:00,22.7,98,3.1,131.0,27.3
Mayurbhanj,2443716,21.8439,86.4234,2026-09-17T17:00,22.3,99,5.3,45.0,26.4
Mayurbhanj,2443716,21.8439,86.4234,2026-09-17T18:00,21.9,99,6.0,0.0,25.7
Mayurbhanj,2443716,21.8439,86.4234,2026-09-17T19:00,21.6,98,6.3,0.0,25.2
Mayurbhanj,2443716,21.8439,86.4234,2026-09-17T20:00,21.3,98,6.5,0.0,24.7
Mayurbhanj,2443716,21.8439,86.4234,2026-09-17T21:00,21.2,98,5.9,0.0,24.6
Mayurbhanj,2443716,21.8439,86.4234,2026-09-17T22:00,21.1,98,4.7,0.0,24.7
Mayurbhanj,2443716,21.8439,86.4234,2026-09-17T23:00,21.0,98,3.9,0.0,24.7
Baleshwar,2211609,21.5376,86.9072,2026-09-13T00:00,26.7,90,5.0,0.0,32.7
Baleshwar,2211609,21.5376,86.9072,2026-09-13T01:00,26.5,92,4.3,0.0,32.7
Baleshwar,2211609,21.5376,86.9072,2026-09-13T02:00,26.3,94,2.2,0.0,32.9
Baleshwar,2211609,21.5376,86.9072,2026-09-13T03:00,26.0,94,4.0,0.0,32.1
Baleshwar,2211609,21.5376,86.9072,2026-09-13T04:00,26.1,95,3.6,0.0,32.3
Baleshwar,2211609,21.5376,86.9072,2026-09-13T05:00,26.3,93,1.6,0.0,32.9
Baleshwar,2211609,21.5376,86.9072,2026-09-13T06:00,27.3,91,1.1,54.0,34.2
Baleshwar,2211609,21.5376,86.9072,2026-09-13T07:00,28.6,83,4.4,229.0,35.0
Baleshwar,2211609,21.5376,86.9072,2026-09-13T08:00,28.5,84,9.0,380.0,34.2
Baleshwar,2211609,21.5376,86.9072,2026-09-13T09:00,28.1,84,13.0,514.0,33.0
Baleshwar,2211609,21.5376,86.9072,2026-09-13T10:00,28.0,86,11.9,410.0,33.2
Baleshwar,2211609,21.5376,86.9072,2026-09-13T11:00,30.2,76,11.2,625.0,36.0
Baleshwar,2211609,21.5376,86.9072,2026-09-13T12:00,30.6,75,6.7,853.0,38.7
Baleshwar,2211609,21.5376,86.9072,2026-09-13T13:00,30.7,75,4.0,636.0,38.0
Baleshwar,2211609,21.5376,86.9072,2026-09-13T14:00,28.8,80,9.7,519.0,34.1
Baleshwar,2211609,21.5376,86.9072,2026-09-13T15:00,28.0,86,6.1,276.0,34.2
Baleshwar,2211609,21.5376,86.9072,2026-09-13T16:00,27.9,87,8.3,127.0,33.7
Baleshwar,2211609,21.5376,86.9072,2026-09-13T17:00,28.6,86,7.0,72.0,34.9
Baleshwar,2211609,21.5376,86.9072,2026-09-13T18:00,27.8,89,4.8,1.0,34.4
Baleshwar,2211609,21.5376,86.9072,2026-09-13T19:00,27.5,90,4.3,0.0,34.1
Baleshwar,2211609,21.5376,86.9072,2026-09-13T20:00,27.1,93,4.0,0.0,33.7
Baleshwar,2211609,21.5376,86.9072,2026-09-13T21:00,26.7,95,2.7,0.0,33.5
Baleshwar,2211609,21.5376,86.9072,2026-09-13T22:00,26.4,96,2.2,0.0,33.3
Baleshwar,2211609,21.5376,86.9072,2026-09-13T23:00,26.1,97,3.1,0.0,32.8
Baleshwar,2211609,21.5376,86.9072,2026-09-14T00:00,26.0,97,2.6,0.0,32.6
Baleshwar,2211609,21.5376,86.9072,2026-09-14T01:00,25.8,97,0.2,0.0,32.7
Baleshwar,2211609,21.5376,86.9072,2026-09-14T02:00,25.6,99,0.7,0.0,32.4
Baleshwar,2211609,21.5376,86.9072,2026-09-14T03:00,25.4,100,2.3,0.0,32.0
Baleshwar,2211609,21.5376,86.9072,2026-09-14T04:00,25.3,99,1.2,0.0,31.9
Baleshwar,2211609,21.5376,86.9072,2026-09-14T05:00,25.3,97,4.0,0.0,31.3
Baleshwar,2211609,21.5376,86.9072,2026-09-14T06:00,25.8,96,3.5,41.0,32.1
Baleshwar,2211609,21.5376,86.9072,2026-09-14T07:00,27.2,90,1.7,218.0,34.0
Baleshwar,2211609,21.5376,86.9072,2026-09-14T08:00,28.7,81,2.3,436.0,35.1
Baleshwar,2211609,21.5376,86.9072,2026-09-14T09:00,29.9,76,4.1,619.0,36.6
Baleshwar,2211609,21.5376,86.9072,2026-09-14T10:00,30.1,77,7.7,713.0,37.1
Baleshwar,2211609,21.5376,86.9072,2026-09-14T11:00,30.4,76,8.9,827.0,38.0
Baleshwar,2211609,21.5376,86.9072,2026-09-14T12:00,30.6,77,7.4,854.0,38.9
Baleshwar,2211609,21.5376,86.9072,2026-09-14T13:00,30.9,76,8.2,768.0,38.4
Baleshwar,2211609,21.5376,86.9072,2026-09-14T14:00,30.8,74,9.0,644.0,37.1
Baleshwar,2211609,21.5376,86.9072,2026-09-14T15:00,30.5,71,8.5,515.0,35.8
Baleshwar,2211609,21.5376,86.9072,2026-09-14T16:00,29.9,73,6.3,267.0,35.4
Baleshwar,2211609,21.5376,86.9072,2026-09-14T17:00,28.8,83,2.8,87.0,35.5
Baleshwar,2211609,21.5376,86.9072,2026-09-14T18:00,27.8,88,2.1,2.0,34.6
Baleshwar,2211609,21.5376,86.9072,2026-09-14T19:00,27.0,92,3.2,0.0,33.7
Baleshwar,2211609,21.5376,86.9072,2026-09-14T20:00,26.6,94,2.4,0.0,33.4
Baleshwar,2211609,21.5376,86.9072,2026-09-14T21:00,26.2,96,2.8,0.0,32.9
Baleshwar,2211609,21.5376,86.9072,2026-09-14T22:00,26.0,97,1.7,0.0,32.7
Baleshwar,2211609,21.5376,86.9072,2026-09-14T23:00,25.7,97,1.0,0.0,32.5
Baleshwar,2211609,21.5376,86.9072,2026-09-15T00:00,25.5,96,4.9,0.0,31.5
Baleshwar,2211609,21.5376,86.9072,2026-09-15T01:00,25.3,94,6.0,0.0,30.6
Baleshwar,2211609,21.5376,86.9072,2026-09-15T02:00,25.2,93,6.2,0.0,30.3
Baleshwar,2211609,21.5376,86.9072,2026-09-15T03:00,25.0,95,5.1,0.0,30.3
Baleshwar,2211609,21.5376,86.9072,2026-09-15T04:00,24.9,96,5.0,0.0,30.4
Baleshwar,2211609,21.5376,86.9072,2026-09-15T05:00,24.9,96,4.7,0.0,30.5
Baleshwar,2211609,21.5376,86.9072,2026-09-15T06:00,26.1,93,6.1,53.0,31.7
Baleshwar,2211609,21.5376,86.9072,2026-09-15T07:00,27.8,87,4.8,238.0,34.1
Baleshwar,2211609,21.5376,86.9072,2026-09-15T08:00,29.4,79,6.5,454.0,35.4
Baleshwar,2211609,21.5376,86.9072,2026-09-15T09:00,30.5,73,6.0,629.0,36.8
Baleshwar,2211609,21.5376,86.9072,2026-09-15T10:00,31.2,69,4.8,747.0,38.4
Baleshwar,2211609,21.5376,86.9072,2026-09-15T11:00,31.8,67,4.5,799.0,39.3
Baleshwar,2211609,21.5376,86.9072,2026-09-15T12:00,32.2,66,4.7,815.0,39.8
Baleshwar,2211609,21.5376,86.9072,2026-09-15T13:00,31.9,68,5.9,732.0,39.1
Baleshwar,2211609,21.5376,86.9072,2026-09-15T14:00,29.8,78,8.6,641.0,36.1
Baleshwar,2211609,21.5376,86.9072,2026-09-15T15:00,29.5,79,8.0,368.0,35.3
Baleshwar,2211609,21.5376,86.9072,2026-09-15T16:00,29.2,80,9.2,275.0,34.8
Baleshwar,2211609,21.5376,86.9072,2026-09-15T17:00,28.3,85,6.8,85.0,34.4
Baleshwar,2211609,21.5376,86.9072,2026-09-15T18:00,27.5,89,6.8,2.0,33.5
Baleshwar,2211609,21.5376,86.9072,2026-09-15T19:00,27.1,90,5.5,0.0,33.2
Baleshwar,2211609,21.5376,86.9072,2026-09-15T20:00,26.8,90,7.3,0.0,32.5
Baleshwar,2211609,21.5376,86.9072,2026-09-15T21:00,26.7,89,7.9,0.0,32.0
Baleshwar,2211609,21.5376,86.9072,2026-09-15T22:00,26.4,89,8.0,0.0,31.6
Baleshwar,2211609,21.5376,86.9072,2026-09-15T23:00,26.2,89,7.9,0.0,31.2
Baleshwar,2211609,21.5376,86.9072,2026-09-16T00:00,26.0,90,7.3,0.0,31.1
Baleshwar,2211609,21.5376,86.9072,2026-09-16T01:00,25.7,91,7.2,0.0,30.8
Baleshwar,2211609,21.5376,86.9072,2026-09-16T02:00,25.6,92,7.9,0.0,30.6
Baleshwar,2211609,21.5376,86.9072,2026-09-16T03:00,25.6,93,6.5,0.0,30.9
Baleshwar,2211609,21.5376,86.9072,2026-09-16T04:00,25.4,94,5.5,0.0,31.0
Baleshwar,2211609,21.5376,86.9072,2026-09-16T05:00,25.4,94,6.1,0.0,30.9
Baleshwar,2211609,21.5376,86.9072,2026-09-16T06:00,26.4,91,5.0,52.0,32.3
Baleshwar,2211609,21.5376,86.9072,2026-09-16T07:00,28.1,86,5.2,229.0,34.4
Baleshwar,2211609,21.5376,86.9072,2026-09-16T08:00,29.8,81,5.8,440.0,36.4
Baleshwar,2211609,21.5376,86.9072,2026-09-16T09:00,31.1,75,4.6,633.0,38.4
Baleshwar,2211609,21.5376,86.9072,2026-09-16T10:00,31.8,73,2.5,749.0,40.3
Baleshwar,2211609,21.5376,86.9072,2026-09-16T11:00,32.1,74,0.4,811.0,41.8
Baleshwar,2211609,21.5376,86.9072,2026-09-16T12:00,32.3,74,2.3,778.0,41.5
Baleshwar,2211609,21.5376,86.9072,2026-09-16T13:00,27.9,88,8.6,378.0,33.9
Baleshwar,2211609,21.5376,86.9072,2026-09-16T14:00,26.9,93,8.2,320.0,32.8
Baleshwar,2211609,21.5376,86.9072,2026-09-16T15:00,25.7,91,10.5,199.0,30.3
Baleshwar,2211609,21.5376,86.9072,2026-09-16T16:00,26.0,95,8.1,109.0,31.6
Baleshwar,2211609,21.5376,86.9072,2026-09-16T17:00,26.4,96,6.8,57.0,32.5
Baleshwar,2211609,21.5376,86.9072,2026-09-16T18:00,26.3,95,7.3,1.0,32.1
Baleshwar,2211609,21.5376,86.9072,2026-09-16T19:00,26.2,93,8.5,0.0,31.7
Baleshwar,2211609,21.5376,86.9072,2026-09-16T20:00,26.2,93,4.9,0.0,32.3
Baleshwar,2211609,21.5376,86.9072,2026-09-16T21:00,26.1,95,4.9,0.0,32.1
Baleshwar,2211609,21.5376,86.9072,2026-09-16T22:00,26.1,95,4.8,0.0,32.2
Baleshwar,2211609,21.5376,86.9072,2026-09-16T23:00,25.9,96,4.8,0.0,32.1
Baleshwar,2211609,21.5376,86.9072,2026-09-17T00:00,26.0,95,5.4,0.0,32.0
Baleshwar,2211609,21.5376,86.9072,2026-09-17T01:00,25.8,96,5.0,0.0,31.9
Baleshwar,2211609,21.5376,86.9072,2026-09-17T02:00,25.9,97,4.6,0.0,32.1
Baleshwar,2211609,21.5376,86.9072,2026-09-17T03:00,25.9,97,4.1,0.0,32.2
Baleshwar,2211609,21.5376,86.9072,2026-09-17T04:00,25.9,97,2.4,0.0,32.5
Baleshwar,2211609,21.5376,86.9072,2026-09-17T05:00,25.9,97,0.6,0.0,32.8
Baleshwar,2211609,21.5376,86.9072,2026-09-17T06:00,26.6,96,4.0,44.0,33.3
Baleshwar,2211609,21.5376,86.9072,2026-09-17T07:00,27.6,92,1.9,172.0,34.8
Baleshwar,2211609,21.5376,86.9072,2026-09-17T08:00,29.2,83,2.8,389.0,36.1
Baleshwar,2211609,21.5376,86.9072,2026-09-17T09:00,30.2,78,3.9,529.0,37.0
Baleshwar,2211609,21.5376,86.9072,2026-09-17T10:00,31.1,75,4.0,707.0,39.1
Baleshwar,2211609,21.5376,86.9072,2026-09-17T11:00,31.5,76,5.9,800.0,40.0
Baleshwar,2211609,21.5376,86.9072,2026-09-17T12:00,30.5,79,4.0,608.0,38.0
Baleshwar,2211609,21.5376,86.9072,2026-09-17T13:00,28.7,86,3.6,512.0,35.7
Baleshwar,2211609,21.5376,86.9072,2026-09-17T14:00,27.5,91,5.1,397.0,34.0
Baleshwar,2211609,21.5376,86.9072,2026-09-17T15:00,27.3,92,4.4,257.0,33.8
Baleshwar,2211609,21.5376,86.9072,2026-09-17T16:00,27.6,90,2.5,152.0,34.5
Baleshwar,2211609,21.5376,86.9072,2026-09-17T17:00,27.7,90,1.3,51.0,34.8
Baleshwar,2211609,21.5376,86.9072,2026-09-17T18:00,27.5,92,0.7,0.0,34.7
Baleshwar,2211609,21.5376,86.9072,2026-09-17T19:00,27.1,95,0.4,0.0,34.5
Baleshwar,2211609,21.5376,86.9072,2026-09-17T20:00,26.7,97,0.5,0.0,34.2
Baleshwar,2211609,21.5376,86.9072,2026-09-17T21:00,26.6,98,2.4,0.0,33.7
Baleshwar,2211609,21.5376,86.9072,2026-09-17T22:00,26.5,98,4.6,0.0,33.3
Baleshwar,2211609,21.5376,86.9072,2026-09-17T23:00,26.4,98,5.7,0.0,32.9
Khordha,2049345,20.1031,85.6031,2026-09-13T00:00,26.7,86,9.4,0.0,31.5
Khordha,2049345,20.1031,85.6031,2026-09-13T01:00,26.5,88,8.1,0.0,31.5
Khordha,2049345,20.1031,85.6031,2026-09-13T02:00,26.2,90,6.3,0.0,31.6
Khordha,2049345,20.1031,85.6031,2026-09-13T03:00,26.1,90,5.6,0.0,31.6
Khordha,2049345,20.1031,85.6031,2026-09-13T04:00,25.3,94,7.0,0.0,30.6
Khordha,2049345,20.1031,85.6031,2026-09-13T05:00,25.0,95,7.0,0.0,30.1
Khordha,2049345,20.1031,85.6031,2026-09-13T06:00,25.5,96,4.7,41.0,31.4
Khordha,2049345,20.1031,85.6031,2026-09-13T07:00,27.6,90,4.5,192.0,34.2
Khordha,2049345,20.1031,85.6031,2026-09-13T08:00,29.2,82,7.9,407.0,35.3
Khordha,2049345,20.1031,85.6031,2026-09-13T09:00,30.5,79,7.1,582.0,37.2
Khordha,2049345,20.1031,85.6031,2026-09-13T10:00,31.3,74,8.1,723.0,38.7
Khordha,2049345,20.1031,85.6031,2026-09-13T11:00,30.6,73,7.6,562.0,36.5
Khordha,2049345,20.1031,85.6031,2026-09-13T12:00,26.3,93,7.9,593.0,32.2
Khordha,2049345,20.1031,85.6031,2026-09-13T13:00,29.0,83,3.3,663.0,36.6
Khordha,2049345,20.1031,85.6031,2026-09-13T14:00,30.7,71,6.9,604.0,36.6
Khordha,2049345,20.1031,85.6031,2026-09-13T15:00,30.9,67,11.0,456.0,35.3
Khordha,2049345,20.1031,85.6031,2026-09-13T16:00,28.6,80,6.8,157.0,34.2
Khordha,2049345,20.1031,85.6031,2026-09-13T17:00,26.5,91,13.2,78.0,31.3
Khordha,2049345,20.1031,85.6031,2026-09-13T18:00,26.1,94,6.2,2.0,31.9
Khordha,2049345,20.1031,85.6031,2026-09-13T19:00,26.4,95,4.0,0.0,32.8
Khordha,2049345,20.1031,85.6031,2026-09-13T20:00,26.6,95,2.3,0.0,33.4
Khordha,2049345,20.1031,85.6031,2026-09-13T21:00,26.6,95,0.6,0.0,33.6
Khordha,2049345,20.1031,85.6031,2026-09-13T22:00,26.6,94,0.9,0.0,33.5
Khordha,2049345,20.1031,85.6031,2026-09-13T23:00,26.4,95,1.0,0.0,33.4
Khordha,2049345,20.1031,85.6031,2026-09-14T00:00,26.5,95,0.8,0.0,33.5
Khordha,2049345,20.1031,85.6031,2026-09-14T01:00,25.7,95,4.2,0.0,31.7
Khordha,2049345,20.1031,85.6031,2026-09-14T02:00,25.5,96,4.2,0.0,31.4
Khordha,2049345,20.1031,85.6031,2026-09-14T03:00,25.2,96,4.0,0.0,31.1
Khordha,2049345,20.1031,85.6031,2026-09-14T04:00,25.3,95,1.5,0.0,31.4
Khordha,2049345,20.1031,85.6031,2026-09-14T05:00,25.3,95,2.2,0.0,31.3
Khordha,2049345,20.1031,85.6031,2026-09-14T06:00,25.6,93,1.9,23.0,31.6
Khordha,2049345,20.1031,85.6031,2026-09-14T07:00,26.5,89,2.6,164.0,32.6
Khordha,2049345,20.1031,85.6031,2026-09-14T08:00,28.1,84,3.9,418.0,34.3
Khordha,2049345,20.1031,85.6031,2026-09-14T09:00,29.5,79,3.3,597.0,36.4
Khordha,2049345,20.1031,85.6031,2026-09-14T10:00,30.5,75,2.0,760.0,38.6
Khordha,2049345,20.1031,85.6031,2026-09-14T11:00,31.2,72,0.5,793.0,40.0
Khordha,2049345,20.1031,85.6031,2026-09-14T12:00,30.0,78,6.4,732.0,37.4
Khordha,2049345,20.1031,85.6031,2026-09-14T13:00,27.1,88,9.3,704.0,33.3
Khordha,2049345,20.1031,85.6031,2026-09-14T14:00,27.6,90,3.3,504.0,34.4
Khordha,2049345,20.1031,85.6031,2026-09-14T15:00,28.2,87,6.9,319.0,34.5
Khordha,2049345,20.1031,85.6031,2026-09-14T16:00,27.5,87,4.0,234.0,33.8
Khordha,2049345,20.1031,85.6031,2026-09-14T17:00,27.1,89,5.2,80.0,33.1
Khordha,2049345,20.1031,85.6031,2026-09-14T18:00,26.6,93,1.3,4.0,33.4
Khordha,2049345,20.1031,85.6031,2026-09-14T19:00,26.5,95,0.5,0.0,33.4
Khordha,2049345,20.1031,85.6031,2026-09-14T20:00,26.3,95,2.3,0.0,33.0
Khordha,2049345,20.1031,85.6031,2026-09-14T21:00,26.2,96,2.7,0.0,32.8
Khordha,2049345,20.1031,85.6031,2026-09-14T22:00,26.1,94,4.4,0.0,32.3
Khordha,2049345,20.1031,85.6031,2026-09-14T23:00,26.0,95,5.3,0.0,32.0
Khordha,2049345,20.1031,85.6031,2026-09-15T00:00,25.8,96,4.6,0.0,32.0
Khordha,2049345,20.1031,85.6031,2026-09-15T01:00,25.7,96,3.6,0.0,31.9
Khordha,2049345,20.1031,85.6031,2026-09-15T02:00,25.7,96,3.7,0.0,31.8
Khordha,2049345,20.1031,85.6031,2026-09-15T03:00,25.6,96,4.8,0.0,31.6
Khordha,2049345,20.1031,85.6031,2026-09-15T04:00,25.4,97,3.7,0.0,31.5
Khordha,2049345,20.1031,85.6031,2026-09-15T05:00,25.2,97,2.6,0.0,31.4
Khordha,2049345,20.1031,85.6031,2026-09-15T06:00,26.0,95,2.4,42.0,32.5
Khordha,2049345,20.1031,85.6031,2026-09-15T07:00,27.5,89,3.1,221.0,34.1
Khordha,2049345,20.1031,85.6031,2026-09-15T08:00,28.6,83,4.8,401.0,34.9
Khordha,2049345,20.1031,85.6031,2026-09-15T09:00,29.8,77,5.4,592.0,36.3
Khordha,2049345,20.1031,85.6031,2026-09-15T10:00,30.8,75,4.9,748.0,38.6
Khordha,2049345,20.1031,85.6031,2026-09-15T11:00,31.3,73,4.0,817.0,39.7
Khordha,2049345,20.1031,85.6031,2026-09-15T12:00,31.9,70,6.1,790.0,39.8
Khordha,2049345,20.1031,85.6031,2026-09-15T13:00,30.0,77,7.5,732.0,37.1
Khordha,2049345,20.1031,85.6031,2026-09-15T14:00,26.6,91,9.3,476.0,31.9
Khordha,2049345,20.1031,85.6031,2026-09-15T15:00,28.3,85,4.8,413.0,34.7
Khordha,2049345,20.1031,85.6031,2026-09-15T16:00,29.3,82,4.0,274.0,36.1
Khordha,2049345,20.1031,85.6031,2026-09-15T17:00,28.7,84,4.0,98.0,35.2
Khordha,2049345,20.1031,85.6031,2026-09-15T18:00,27.9,89,5.2,3.0,34.5
Khordha,2049345,20.1031,85.6031,2026-09-15T19:00,27.2,93,3.2,0.0,34.0
Khordha,2049345,20.1031,85.6031,2026-09-15T20:00,27.1,94,0.5,0.0,34.3
Khordha,2049345,20.1031,85.6031,2026-09-15T21:00,26.8,95,2.4,0.0,33.8
Khordha,2049345,20.1031,85.6031,2026-09-15T22:00,26.7,95,3.3,0.0,33.5
Khordha,2049345,20.1031,85.6031,2026-09-15T23:00,26.6,95,5.6,0.0,33.1
Khordha,2049345,20.1031,85.6031,2026-09-16T00:00,26.4,96,5.6,0.0,32.8
Khordha,2049345,20.1031,85.6031,2026-09-16T01:00,26.2,96,4.9,0.0,32.5
Khordha,2049345,20.1031,85.6031,2026-09-16T02:00,25.9,97,5.1,0.0,32.1
Khordha,2049345,20.1031,85.6031,2026-09-16T03:00,25.8,96,4.9,0.0,31.9
Khordha,2049345,20.1031,85.6031,2026-09-16T04:00,25.6,96,5.1,0.0,31.5
Khordha,2049345,20.1031,85.6031,2026-09-16T05:00,25.5,95,5.8,0.0,31.1
Khordha,2049345,20.1031,85.6031,2026-09-16T06:00,26.2,93,5.2,40.0,32.1
Khordha,2049345,20.1031,85.6031,2026-09-16T07:00,27.9,88,4.9,203.0,34.4
Khordha,2049345,20.1031,85.6031,2026-09-16T08:00,29.3,82,5.2,399.0,35.9
Khordha,2049345,20.1031,85.6031,2026-09-16T09:00,30.6,77,6.1,594.0,37.3
Khordha,2049345,20.1031,85.6031,2026-09-16T10:00,31.5,73,5.1,730.0,39.2
Khordha,2049345,20.1031,85.6031,2026-09-16T11:00,32.0,72,4.9,807.0,40.5
Khordha,2049345,20.1031,85.6031,2026-09-16T12:00,32.3,72,4.9,827.0,41.0
Khordha,2049345,20.1031,85.6031,2026-09-16T13:00,32.4,69,3.5,681.0,40.1
Khordha,2049345,20.1031,85.6031,2026-09-16T14:00,30.2,80,15.0,568.0,35.6
Khordha,2049345,20.1031,85.6031,2026-09-16T15:00,28.7,89,6.6,293.0,35.5
Khordha,2049345,20.1031,85.6031,2026-09-16T16:00,28.4,88,11.9,225.0,34.2
Khordha,2049345,20.1031,85.6031,2026-09-16T17:00,28.0,89,6.5,88.0,34.4
Khordha,2049345,20.1031,85.6031,2026-09-16T18:00,27.5,93,3.3,3.0,34.5
Khordha,2049345,20.1031,85.6031,2026-09-16T19:00,27.2,93,4.3,0.0,33.9
Khordha,2049345,20.1031,85.6031,2026-09-16T20:00,26.9,95,2.3,0.0,33.9
Khordha,2049345,20.1031,85.6031,2026-09-16T21:00,26.6,95,3.5,0.0,33.3
Khordha,2049345,20.1031,85.6031,2026-09-16T22:00,26.3,95,4.6,0.0,32.7
Khordha,2049345,20.1031,85.6031,2026-09-16T23:00,26.2,95,5.5,0.0,32.3
Khordha,2049345,20.1031,85.6031,2026-09-17T00:00,26.2,96,4.7,0.0,32.5
Khordha,2049345,20.1031,85.6031,2026-09-17T01:00,26.2,97,5.9,0.0,32.5
Khordha,2049345,20.1031,85.6031,2026-09-17T02:00,26.3,97,6.5,0.0,32.5
Khordha,2049345,20.1031,85.6031,2026-09-17T03:00,26.1,97,5.9,0.0,32.3
Khordha,2049345,20.1031,85.6031,2026-09-17T04:00,25.8,97,3.4,0.0,32.3
Khordha,2049345,20.1031,85.6031,2026-09-17T05:00,25.6,97,4.7,0.0,31.8
Khordha,2049345,20.1031,85.6031,2026-09-17T06:00,26.4,93,8.8,41.0,31.8
Khordha,2049345,20.1031,85.6031,2026-09-17T07:00,27.6,90,5.3,201.0,34.1
Khordha,2049345,20.1031,85.6031,2026-09-17T08:00,29.1,85,3.8,408.0,36.2
Khordha,2049345,20.1031,85.6031,2026-09-17T09:00,30.5,78,5.7,589.0,37.4
Khordha,2049345,20.1031,85.6031,2026-09-17T10:00,31.5,73,9.6,713.0,38.5
Khordha,2049345,20.1031,85.6031,2026-09-17T11:00,32.3,69,9.4,766.0,39.5
Khordha,2049345,20.1031,85.6031,2026-09-17T12:00,32.8,68,8.5,867.0,40.9
Khordha,2049345,20.1031,85.6031,2026-09-17T13:00,32.9,69,6.6,780.0,41.1
Khordha,2049345,20.1031,85.6031,2026-09-17T14:00,32.5,72,5.4,615.0,40.0
Khordha,2049345,20.1031,85.6031,2026-09-17T15:00,31.2,77,5.7,370.0,38.3
Khordha,2049345,20.1031,85.6031,2026-09-17T16:00,29.4,85,6.5,221.0,36.3
Khordha,2049345,20.1031,85.6031,2026-09-17T17:00,28.0,92,6.7,81.0,34.8
Khordha,2049345,20.1031,85.6031,2026-09-17T18:00,27.3,95,5.8,1.0,34.2
Khordha,2049345,20.1031,85.6031,2026-09-17T19:00,27.1,96,4.8,0.0,34.0
Khordha,2049345,20.1031,85.6031,2026-09-17T20:00,26.9,96,4.0,0.0,33.8
Khordha,2049345,20.1031,85.6031,2026-09-17T21:00,26.7,97,3.8,0.0,33.6
Khordha,2049345,20.1031,85.6031,2026-09-17T22:00,26.5,97,4.1,0.0,33.3
Khordha,2049345,20.1031,85.6031,2026-09-17T23:00,26.3,98,3.5,0.0,33.1
Sundargarh,1908310,22.0499,84.4576,2026-09-13T00:00,24.7,91,11.4,0.0,28.5
Sundargarh,1908310,22.0499,84.4576,2026-09-13T01:00,24.6,91,11.5,0.0,28.4
Sundargarh,1908310,22.0499,84.4576,2026-09-13T02:00,24.5,92,11.7,0.0,28.3
Sundargarh,1908310,22.0499,84.4576,2026-09-13T03:00,24.3,92,11.0,0.0,28.2
Sundargarh,1908310,22.0499,84.4576,2026-09-13T04:00,24.2,93,10.4,0.0,28.1
Sundargarh,1908310,22.0499,84.4576,2026-09-13T05:00,24.5,93,10.0,0.0,28.7
Sundargarh,1908310,22.0499,84.4576,2026-09-13T06:00,25.0,91,11.0,34.0,29.1
Sundargarh,1908310,22.0499,84.4576,2026-09-13T07:00,26.5,84,10.5,193.0,30.8
Sundargarh,1908310,22.0499,84.4576,2026-09-13T08:00,27.7,77,11.1,389.0,31.7
Sundargarh,1908310,22.0499,84.4576,2026-09-13T09:00,28.9,69,11.8,608.0,32.7
Sundargarh,1908310,22.0499,84.4576,2026-09-13T10:00,29.5,66,12.0,752.0,34.1
Sundargarh,1908310,22.0499,84.4576,2026-09-13T11:00,30.5,58,11.8,793.0,34.7
Sundargarh,1908310,22.0499,84.4576,2026-09-13T12:00,29.5,65,12.0,831.0,34.3
Sundargarh,1908310,22.0499,84.4576,2026-09-13T13:00,28.7,77,7.4,655.0,34.5
Sundargarh,1908310,22.0499,84.4576,2026-09-13T14:00,29.7,70,7.6,642.0,34.9
Sundargarh,1908310,22.0499,84.4576,2026-09-13T15:00,29.3,71,8.1,512.0,33.9
Sundargarh,1908310,22.0499,84.4576,2026-09-13T16:00,27.2,83,9.2,253.0,32.0
Sundargarh,1908310,22.0499,84.4576,2026-09-13T17:00,27.5,84,6.0,71.0,33.0
Sundargarh,1908310,22.0499,84.4576,2026-09-13T18:00,26.0,89,8.2,7.0,30.9
Sundargarh,1908310,22.0499,84.4576,2026-09-13T19:00,25.8,88,11.1,0.0,30.1
Sundargarh,1908310,22.0499,84.4576,2026-09-13T20:00,24.7,88,6.9,0.0,29.0
Sundargarh,1908310,22.0499,84.4576,2026-09-13T21:00,24.1,92,3.1,0.0,29.0
Sundargarh,1908310,22.0499,84.4576,2026-09-13T22:00,23.7,95,3.5,0.0,28.6
Sundargarh,1908310,22.0499,84.4576,2026-09-13T23:00,23.5,97,5.6,0.0,28.2
Sundargarh,1908310,22.0499,84.4576,2026-09-14T00:00,23.6,97,6.0,0.0,28.2
Sundargarh,1908310,22.0499,84.4576,2026-09-14T01:00,23.5,97,5.8,0.0,28.2
Sundargarh,1908310,22.0499,84.4576,2026-09-14T02:00,23.3,98,4.3,0.0,28.2
Sundargarh,1908310,22.0499,84.4576,2026-09-14T03:00,23.2,98,3.8,0.0,28.1
Sundargarh,1908310,22.0499,84.4576,2026-09-14T04:00,23.1,99,2.2,0.0,28.1
Sundargarh,1908310,22.0499,84.4576,2026-09-14T05:00,23.0,100,0.5,0.0,28.3
Sundargarh,1908310,22.0499,84.4576,2026-09-14T06:00,23.8,97,1.3,31.0,29.3
Sundargarh,1908310,22.0499,84.4576,2026-09-14T07:00,25.6,88,1.4,175.0,31.1
Sundargarh,1908310,22.0499,84.4576,2026-09-14T08:00,26.8,85,2.3,363.0,32.6
Sundargarh,1908310,22.0499,84.4576,2026-09-14T09:00,27.9,80,2.7,514.0,33.6
Sundargarh,1908310,22.0499,84.4576,2026-09-14T10:00,29.3,73,3.2,702.0,36.0
Sundargarh,1908310,22.0499,84.4576,2026-09-14T11:00,29.7,72,4.2,779.0,36.7
Sundargarh,1908310,22.0499,84.4576,2026-09-14T12:00,29.6,73,7.0,778.0,36.2
Sundargarh,1908310,22.0499,84.4576,2026-09-14T13:00,30.0,71,6.2,744.0,36.6
Sundargarh,1908310,22.0499,84.4576,2026-09-14T14:00,26.4,91,7.8,457.0,31.9
Sundargarh,1908310,22.0499,84.4576,2026-09-14T15:00,24.7,100,12.2,208.0,29.4
Sundargarh,1908310,22.0499,84.4576,2026-09-14T16:00,25.8,98,8.2,221.0,31.6
Sundargarh,1908310,22.0499,84.4576,2026-09-14T17:00,25.9,99,4.7,81.0,32.3
Sundargarh,1908310,22.0499,84.4576,2026-09-14T18:00,25.2,100,2.3,6.0,31.6
Sundargarh,1908310,22.0499,84.4576,2026-09-14T19:00,24.9,100,3.0,0.0,31.1
Sundargarh,1908310,22.0499,84.4576,2026-09-14T20:00,24.6,100,2.3,0.0,30.7
Sundargarh,1908310,22.0499,84.4576,2026-09-14T21:00,24.3,100,3.1,0.0,30.1
Sundargarh,1908310,22.0499,84.4576,2026-09-14T22:00,24.0,100,2.1,0.0,29.8
Sundargarh,1908310,22.0499,84.4576,2026-09-14T23:00,23.8,100,1.9,0.0,29.4
Sundargarh,1908310,22.0499,84.4576,2026-09-15T00:00,23.7,100,1.9,0.0,29.3
Sundargarh,1908310,22.0499,84.4576,2026-09-15T01:00,23.7,100,3.6,0.0,29.1
Sundargarh,1908310,22.0499,84.4576,2026-09-15T02:00,23.6,100,4.1,0.0,28.7
Sundargarh,1908310,22.0499,84.4576,2026-09-15T03:00,23.4,100,3.9,0.0,28.5
Sundargarh,1908310,22.0499,84.4576,2026-09-15T04:00,23.1,99,3.3,0.0,28.1
Sundargarh,1908310,22.0499,84.4576,2026-09-15T05:00,23.1,99,3.7,0.0,27.9
Sundargarh,1908310,22.0499,84.4576,2026-09-15T06:00,23.5,99,3.8,32.0,28.6
Sundargarh,1908310,22.0499,84.4576,2026-09-15T07:00,24.8,94,3.8,188.0,30.1
Sundargarh,1908310,22.0499,84.4576,2026-09-15T08:00,26.6,87,4.2,373.0,32.1
Sundargarh,1908310,22.0499,84.4576,2026-09-15T09:00,27.5,83,5.6,463.0,33.0
Sundargarh,1908310,22.0499,84.4576,2026-09-15T10:00,28.9,76,5.9,710.0,35.3
Sundargarh,1908310,22.0499,84.4576,2026-09-15T11:00,29.9,71,6.2,824.0,36.7
Sundargarh,1908310,22.0499,84.4576,2026-09-15T12:00,30.0,69,6.3,661.0,35.7
Sundargarh,1908310,22.0499,84.4576,2026-09-15T13:00,30.0,69,7.5,649.0,35.4
Sundargarh,1908310,22.0499,84.4576,2026-09-15T14:00,29.6,72,7.3,651.0,35.2
Sundargarh,1908310,22.0499,84.4576,2026-09-15T15:00,29.5,72,4.4,518.0,34.9
Sundargarh,1908310,22.0499,84.4576,2026-09-15T16:00,28.7,79,4.7,295.0,34.5
Sundargarh,1908310,22.0499,84.4576,2026-09-15T17:00,27.4,88,2.5,101.0,33.8
Sundargarh,1908310,22.0499,84.4576,2026-09-15T18:00,26.2,91,2.1,6.0,32.3
Sundargarh,1908310,22.0499,84.4576,2026-09-15T19:00,25.6,93,2.3,0.0,31.6
Sundargarh,1908310,22.0499,84.4576,2026-09-15T20:00,25.3,94,2.5,0.0,31.3
Sundargarh,1908310,22.0499,84.4576,2026-09-15T21:00,25.1,95,4.1,0.0,30.8
Sundargarh,1908310,22.0499,84.4576,2026-09-15T22:00,24.9,96,4.2,0.0,30.5
Sundargarh,1908310,22.0499,84.4576,2026-09-15T23:00,24.7,96,5.8,0.0,29.9
Sundargarh,1908310,22.0499,84.4576,2026-09-16T00:00,24.6,95,6.8,0.0,29.5
Sundargarh,1908310,22.0499,84.4576,2026-09-16T01:00,24.5,95,7.7,0.0,29.2
Sundargarh,1908310,22.0499,84.4576,2026-09-16T02:00,24.4,94,7.8,0.0,28.9
Sundargarh,1908310,22.0499,84.4576,2026-09-16T03:00,24.2,93,8.7,0.0,28.5
Sundargarh,1908310,22.0499,84.4576,2026-09-16T04:00,23.4,95,1.6,0.0,28.3
Sundargarh,1908310,22.0499,84.4576,2026-09-16T05:00,23.3,98,4.7,0.0,28.1
Sundargarh,1908310,22.0499,84.4576,2026-09-16T06:00,23.5,99,7.9,28.0,28.0
Sundargarh,1908310,22.0499,84.4576,2026-09-16T07:00,24.5,95,6.5,188.0,29.4
Sundargarh,1908310,22.0499,84.4576,2026-09-16T08:00,26.1,89,7.1,369.0,31.1
Sundargarh,1908310,22.0499,84.4576,2026-09-16T09:00,27.2,83,8.1,437.0,32.1
Sundargarh,1908310,22.0499,84.4576,2026-09-16T10:00,28.7,79,7.9,672.0,34.7
Sundargarh,1908310,22.0499,84.4576,2026-09-16T11:00,29.8,75,7.7,815.0,36.8
Sundargarh,1908310,22.0499,84.4576,2026-09-16T12:00,30.5,71,8.0,825.0,37.4
Sundargarh,1908310,22.0499,84.4576,2026-09-16T13:00,29.2,75,10.1,651.0,34.6
Sundargarh,1908310,22.0499,84.4576,2026-09-16T14:00,28.9,80,11.1,575.0,34.2
Sundargarh,1908310,22.0499,84.4576,2026-09-16T15:00,26.3,93,11.3,442.0,31.5
Sundargarh,1908310,22.0499,84.4576,2026-09-16T16:00,25.8,97,1.7,181.0,32.4
Sundargarh,1908310,22.0499,84.4576,2026-09-16T17:00,25.8,99,2.6,87.0,32.4
Sundargarh,1908310,22.0499,84.4576,2026-09-16T18:00,25.7,97,0.5,5.0,32.4
Sundargarh,1908310,22.0499,84.4576,2026-09-16T19:00,25.6,96,0.5,0.0,32.2
Sundargarh,1908310,22.0499,84.4576,2026-09-16T20:00,25.2,97,2.2,0.0,31.5
Sundargarh,1908310,22.0499,84.4576,2026-09-16T21:00,24.9,98,5.5,0.0,30.5
Sundargarh,1908310,22.0499,84.4576,2026-09-16T22:00,24.9,98,7.2,0.0,30.2
Sundargarh,1908310,22.0499,84.4576,2026-09-16T23:00,24.7,99,6.7,0.0,30.2
Sundargarh,1908310,22.0499,84.4576,2026-09-17T00:00,24.6,100,7.8,0.0,29.9
Sundargarh,1908310,22.0499,84.4576,2026-09-17T01:00,24.4,100,8.2,0.0,29.6
Sundargarh,1908310,22.0499,84.4576,2026-09-17T02:00,24.2,100,9.4,0.0,29.1
Sundargarh,1908310,22.0499,84.4576,2026-09-17T03:00,24.1,99,8.5,0.0,29.0
Sundargarh,1908310,22.0499,84.4576,2026-09-17T04:00,24.0,99,8.7,0.0,28.7
Sundargarh,1908310,22.0499,84.4576,2026-09-17T05:00,23.7,100,7.0,0.0,28.6
Sundargarh,1908310,22.0499,84.4576,2026-09-17T06:00,24.1,98,8.5,26.0,28.8
Sundargarh,1908310,22.0499,84.4576,2026-09-17T07:00,25.0,94,9.8,127.0,29.6
Sundargarh,1908310,22.0499,84.4576,2026-09-17T08:00,26.3,89,9.3,259.0,31.2
Sundargarh,1908310,22.0499,84.4576,2026-09-17T09:00,27.3,82,9.6,377.0,31.9
Sundargarh,1908310,22.0499,84.4576,2026-09-17T10:00,28.8,75,10.1,718.0,34.3
Sundargarh,1908310,22.0499,84.4576,2026-09-17T11:00,29.7,71,10.8,810.0,35.6
Sundargarh,1908310,22.0499,84.4576,2026-09-17T12:00,30.0,70,11.3,857.0,36.1
Sundargarh,1908310,22.0499,84.4576,2026-09-17T13:00,29.9,72,11.7,754.0,35.6
Sundargarh,1908310,22.0499,84.4576,2026-09-17T14:00,29.5,75,10.7,561.0,34.3
Sundargarh,1908310,22.0499,84.4576,2026-09-17T15:00,28.4,81,6.8,280.0,34.0
Sundargarh,1908310,22.0499,84.4576,2026-09-17T16:00,27.0,90,2.7,159.0,33.5
Sundargarh,1908310,22.0499,84.4576,2026-09-17T17:00,25.8,98,3.3,61.0,32.3
Sundargarh,1908310,22.0499,84.4576,2026-09-17T18:00,25.3,100,3.2,2.0,31.7
Sundargarh,1908310,22.0499,84.4576,2026-09-17T19:00,25.1,99,3.3,0.0,31.2
Sundargarh,1908310,22.0499,84.4576,2026-09-17T20:00,24.9,97,4.7,0.0,30.6
Sundargarh,1908310,22.0499,84.4576,2026-09-17T21:00,24.7,97,5.4,0.0,30.1
Sundargarh,1908310,22.0499,84.4576,2026-09-17T22:00,24.6,97,5.7,0.0,29.8
Sundargarh,1908310,22.0499,84.4576,2026-09-17T23:00,24.4,97,6.2,0.0,29.5
Jajapur,1692095,20.8764,86.1931,2026-09-13T00:00,26.5,90,5.5,0.0,32.2
Jajapur,1692095,20.8764,86.1931,2026-09-13T01:00,26.3,91,5.1,0.0,32.0
Jajapur,1692095,20.8764,86.1931,2026-09-13T02:00,26.0,92,4.7,0.0,31.8
Jajapur,1692095,20.8764,86.1931,2026-09-13T03:00,25.9,92,4.4,0.0,31.6
Jajapur,1692095,20.8764,86.1931,2026-09-13T04:00,25.8,93,3.5,0.0,31.7
Jajapur,1692095,20.8764,86.1931,2026-09-13T05:00,26.2,92,4.5,0.0,32.1
Jajapur,1692095,20.8764,86.1931,2026-09-13T06:00,27.1,90,4.7,48.0,33.2
Jajapur,1692095,20.8764,86.1931,2026-09-13T07:00,28.7,84,3.7,223.0,35.4
Jajapur,1692095,20.8764,86.1931,2026-09-13T08:00,30.0,78,6.6,431.0,36.3
Jajapur,1692095,20.8764,86.1931,2026-09-13T09:00,30.8,76,7.3,607.0,37.5
Jajapur,1692095,20.8764,86.1931,2026-09-13T10:00,25.8,91,17.3,435.0,29.6
Jajapur,1692095,20.8764,86.1931,2026-09-13T11:00,28.2,82,4.9,411.0,34.1
Jajapur,1692095,20.8764,86.1931,2026-09-13T12:00,30.9,73,6.2,842.0,38.9
Jajapur,1692095,20.8764,86.1931,2026-09-13T13:00,31.6,67,7.0,700.0,37.9
Jajapur,1692095,20.8764,86.1931,2026-09-13T14:00,31.2,67,7.0,553.0,36.5
Jajapur,1692095,20.8764,86.1931,2026-09-13T15:00,31.0,69,4.5,461.0,36.8
Jajapur,1692095,20.8764,86.1931,2026-09-13T16:00,25.7,94,9.4,127.0,30.8
Jajapur,1692095,20.8764,86.1931,2026-09-13T17:00,26.3,92,8.5,33.0,31.6
Jajapur,1692095,20.8764,86.1931,2026-09-13T18:00,26.0,94,3.8,2.0,32.1
Jajapur,1692095,20.8764,86.1931,2026-09-13T19:00,26.1,93,2.0,0.0,32.5
Jajapur,1692095,20.8764,86.1931,2026-09-13T20:00,26.2,94,1.3,0.0,32.8
Jajapur,1692095,20.8764,86.1931,2026-09-13T21:00,26.2,95,1.0,0.0,33.0
Jajapur,1692095,20.8764,86.1931,2026-09-13T22:00,26.1,96,1.9,0.0,32.9
Jajapur,1692095,20.8764,86.1931,2026-09-13T23:00,26.0,97,0.6,0.0,32.9
Jajapur,1692095,20.8764,86.1931,2026-09-14T00:00,25.9,97,1.7,0.0,32.7
Jajapur,1692095,20.8764,86.1931,2026-09-14T01:00,25.8,98,1.0,0.0,32.7
Jajapur,1692095,20.8764,86.1931,2026-09-14T02:00,25.8,98,0.8,0.0,32.7
Jajapur,1692095,20.8764,86.1931,2026-09-14T03:00,25.8,98,1.0,0.0,32.6
Jajapur,1692095,20.8764,86.1931,2026-09-14T04:00,25.6,99,1.1,0.0,32.4
Jajapur,1692095,20.8764,86.1931,2026-09-14T05:00,25.5,99,3.1,0.0,31.9
Jajapur,1692095,20.8764,86.1931,2026-09-14T06:00,26.1,97,2.9,44.0,32.7
Jajapur,1692095,20.8764,86.1931,2026-09-14T07:00,27.2,89,4.1,197.0,33.4
Jajapur,1692095,20.8764,86.1931,2026-09-14T08:00,28.6,80,3.1,408.0,34.8
Jajapur,1692095,20.8764,86.1931,2026-09-14T09:00,29.9,75,3.3,584.0,36.3
Jajapur,1692095,20.8764,86.1931,2026-09-14T10:00,30.7,73,4.4,714.0,38.1
Jajapur,1692095,20.8764,86.1931,2026-09-14T11:00,31.3,71,5.0,836.0,39.4
Jajapur,1692095,20.8764,86.1931,2026-09-14T12:00,31.3,71,4.2,792.0,39.2
Jajapur,1692095,20.8764,86.1931,2026-09-14T13:00,31.6,70,3.2,650.0,38.8
Jajapur,1692095,20.8764,86.1931,2026-09-14T14:00,26.4,93,16.3,388.0,30.8
Jajapur,1692095,20.8764,86.1931,2026-09-14T15:00,27.7,90,10.3,361.0,33.5
Jajapur,1692095,20.8764,86.1931,2026-09-14T16:00,28.5,83,1.3,253.0,35.3
Jajapur,1692095,20.8764,86.1931,2026-09-14T17:00,28.0,85,3.5,91.0,34.4
Jajapur,1692095,20.8764,86.1931,2026-09-14T18:00,27.1,91,3.3,3.0,33.6
Jajapur,1692095,20.8764,86.1931,2026-09-14T19:00,26.8,93,3.3,0.0,33.5
Jajapur,1692095,20.8764,86.1931,2026-09-14T20:00,26.7,94,2.6,0.0,33.4
Jajapur,1692095,20.8764,86.1931,2026-09-14T21:00,26.3,96,3.0,0.0,33.0
Jajapur,1692095,20.8764,86.1931,2026-09-14T22:00,26.1,97,2.9,0.0,32.8
Jajapur,1692095,20.8764,86.1931,2026-09-14T23:00,25.9,98,3.8,0.0,32.5
Jajapur,1692095,20.8764,86.1931,2026-09-15T00:00,25.8,99,4.9,0.0,32.1
Jajapur,1692095,20.8764,86.1931,2026-09-15T01:00,25.7,98,3.6,0.0,32.2
Jajapur,1692095,20.8764,86.1931,2026-09-15T02:00,25.6,98,2.8,0.0,32.1
Jajapur,1692095,20.8764,86.1931,2026-09-15T03:00,25.5,99,2.2,0.0,32.1
Jajapur,1692095,20.8764,86.1931,2026-09-15T04:00,25.4,99,2.3,0.0,31.9
Jajapur,1692095,20.8764,86.1931,2026-09-15T05:00,25.3,99,3.1,0.0,31.6
Jajapur,1692095,20.8764,86.1931,2026-09-15T06:00,26.0,96,6.1,44.0,32.0
Jajapur,1692095,20.8764,86.1931,2026-09-15T07:00,27.5,88,6.9,217.0,33.3
Jajapur,1692095,20.8764,86.1931,2026-09-15T08:00,28.7,82,7.6,393.0,34.6
Jajapur,1692095,20.8764,86.1931,2026-09-15T09:00,30.0,75,7.4,571.0,35.8
Jajapur,1692095,20.8764,86.1931,2026-09-15T10:00,31.0,72,8.0,733.0,37.8
Jajapur,1692095,20.8764,86.1931,2026-09-15T11:00,31.7,71,7.6,826.0,39.5
Jajapur,1692095,20.8764,86.1931,2026-09-15T12:00,32.2,69,7.7,843.0,40.0
Jajapur,1692095,20.8764,86.1931,2026-09-15T13:00,32.2,69,7.1,740.0,39.5
Jajapur,1692095,20.8764,86.1931,2026-09-15T14:00,31.9,71,7.9,634.0,38.5
Jajapur,1692095,20.8764,86.1931,2026-09-15T15:00,30.9,70,5.1,456.0,36.8
Jajapur,1692095,20.8764,86.1931,2026-09-15T16:00,26.6,91,13.9,214.0,31.3
Jajapur,1692095,20.8764,86.1931,2026-09-15T17:00,26.6,92,6.3,68.0,32.6
Jajapur,1692095,20.8764,86.1931,2026-09-15T18:00,26.5,94,3.4,3.0,33.0
Jajapur,1692095,20.8764,86.1931,2026-09-15T19:00,26.6,95,3.2,0.0,33.3
Jajapur,1692095,20.8764,86.1931,2026-09-15T20:00,26.5,96,4.0,0.0,33.2
Jajapur,1692095,20.8764,86.1931,2026-09-15T21:00,26.4,96,5.3,0.0,32.8
Jajapur,1692095,20.8764,86.1931,2026-09-15T22:00,26.2,95,4.7,0.0,32.5
Jajapur,1692095,20.8764,86.1931,2026-09-15T23:00,25.9,95,5.7,0.0,31.8
Jajapur,1692095,20.8764,86.1931,2026-09-16T00:00,25.7,95,5.1,0.0,31.6
Jajapur,1692095,20.8764,86.1931,2026-09-16T01:00,25.6,96,4.0,0.0,31.7
Jajapur,1692095,20.8764,86.1931,2026-09-16T02:00,25.6,96,3.4,0.0,31.8
Jajapur,1692095,20.8764,86.1931,2026-09-16T03:00,25.6,96,2.7,0.0,31.8
Jajapur,1692095,20.8764,86.1931,2026-09-16T04:00,25.5,97,3.6,0.0,31.6
Jajapur,1692095,20.8764,86.1931,2026-09-16T05:00,25.4,98,3.5,0.0,31.6
Jajapur,1692095,20.8764,86.1931,2026-09-16T06:00,26.3,94,6.5,46.0,32.3
Jajapur,1692095,20.8764,86.1931,2026-09-16T07:00,27.7,89,6.1,218.0,34.0
Jajapur,1692095,20.8764,86.1931,2026-09-16T08:00,29.1,84,7.5,433.0,35.6
Jajapur,1692095,20.8764,86.1931,2026-09-16T09:00,30.6,79,8.1,623.0,37.6
Jajapur,1692095,20.8764,86.1931,2026-09-16T10:00,31.7,74,8.8,754.0,39.4
Jajapur,1692095,20.8764,86.1931,2026-09-16T11:00,32.4,71,8.1,831.0,40.5
Jajapur,1692095,20.8764,86.1931,2026-09-16T12:00,32.8,69,8.1,830.0,40.9
Jajapur,1692095,20.8764,86.1931,2026-09-16T13:00,32.5,70,7.6,729.0,40.0
Jajapur,1692095,20.8764,86.1931,2026-09-16T14:00,32.1,73,7.4,515.0,38.7
Jajapur,1692095,20.8764,86.1931,2026-09-16T15:00,30.6,80,6.4,414.0,37.5
Jajapur,1692095,20.8764,86.1931,2026-09-16T16:00,28.0,89,10.3,159.0,33.9
Jajapur,1692095,20.8764,86.1931,2026-09-16T17:00,27.8,93,6.1,60.0,34.6
Jajapur,1692095,20.8764,86.1931,2026-09-16T18:00,27.3,96,6.6,2.0,34.1
Jajapur,1692095,20.8764,86.1931,2026-09-16T19:00,27.6,94,2.6,0.0,35.0
Jajapur,1692095,20.8764,86.1931,2026-09-16T20:00,27.5,94,6.4,0.0,34.2
Jajapur,1692095,20.8764,86.1931,2026-09-16T21:00,27.3,95,4.9,0.0,34.2
Jajapur,1692095,20.8764,86.1931,2026-09-16T22:00,27.0,96,7.1,0.0,33.5
Jajapur,1692095,20.8764,86.1931,2026-09-16T23:00,26.7,96,7.8,0.0,33.0
Jajapur,1692095,20.8764,86.1931,2026-09-17T00:00,26.6,96,7.7,0.0,32.8
Jajapur,1692095,20.8764,86.1931,2026-09-17T01:00,26.3,97,7.5,0.0,32.4
Jajapur,1692095,20.8764,86.1931,2026-09-17T02:00,26.2,96,7.3,0.0,32.1
Jajapur,1692095,20.8764,86.1931,2026-09-17T03:00,26.0,95,8.2,0.0,31.7
Jajapur,1692095,20.8764,86.1931,2026-09-17T04:00,25.9,96,6.2,0.0,31.8
Jajapur,1692095,20.8764,86.1931,2026-09-17T05:00,25.9,96,7.7,0.0,31.6
Jajapur,1692095,20.8764,86.1931,2026-09-17T06:00,26.6,94,10.6,43.0,32.1
Jajapur,1692095,20.8764,86.1931,2026-09-17T07:00,27.7,88,9.4,191.0,33.4
Jajapur,1692095,20.8764,86.1931,2026-09-17T08:00,29.2,82,11.0,409.0,34.8
Jajapur,1692095,20.8764,86.1931,2026-09-17T09:00,30.8,75,15.4,601.0,36.0
Jajapur,1692095,20.8764,86.1931,2026-09-17T10:00,31.9,69,15.5,741.0,37.7
Jajapur,1692095,20.8764,86.1931,2026-09-17T11:00,32.6,67,13.7,846.0,39.4
Jajapur,1692095,20.8764,86.1931,2026-09-17T12:00,32.3,67,12.6,901.0,39.4
Jajapur,1692095,20.8764,86.1931,2026-09-17T13:00,31.5,69,11.4,792.0,38.1
Jajapur,1692095,20.8764,86.1931,2026-09-17T14:00,30.7,72,10.5,604.0,36.2
Jajapur,1692095,20.8764,86.1931,2026-09-17T15:00,29.9,77,9.3,335.0,35.5
Jajapur,1692095,20.8764,86.1931,2026-09-17T16:00,29.1,83,7.8,192.0,35.3
Jajapur,1692095,20.8764,86.1931,2026-09-17T17:00,28.4,89,5.9,67.0,35.1
Jajapur,1692095,20.8764,86.1931,2026-09-17T18:00,27.9,92,3.6,1.0,35.2
Jajapur,1692095,20.8764,86.1931,2026-09-17T19:00,27.6,94,0.9,0.0,35.3
Jajapur,1692095,20.8764,86.1931,2026-09-17T20:00,27.3,96,1.4,0.0,34.9
Jajapur,1692095,20.8764,86.1931,2026-09-17T21:00,27.0,97,3.4,0.0,34.1
Jajapur,1692095,20.8764,86.1931,2026-09-17T22:00,26.6,97,5.2,0.0,33.2
Jajapur,1692095,20.8764,86.1931,2026-09-17T23:00,26.3,97,6.4,0.0,32.5
Puri,1634826,19.9914,85.7324,2026-09-13T00:00,26.7,85,8.3,0.0,31.5
Puri,1634826,19.9914,85.7324,2026-09-13T01:00,26.6,86,7.5,0.0,31.6
Puri,1634826,19.9914,85.7324,2026-09-13T02:00,26.4,88,5.5,0.0,31.8
Puri,1634826,19.9914,85.7324,2026-09-13T03:00,26.1,90,4.9,0.0,31.6
Puri,1634826,19.9914,85.7324,2026-09-13T04:00,26.1,91,4.5,0.0,31.7
Puri,1634826,19.9914,85.7324,2026-09-13T05:00,26.2,90,5.5,0.0,31.7
Puri,1634826,19.9914,85.7324,2026-09-13T06:00,26.8,90,4.7,42.0,32.7
Puri,1634826,19.9914,85.7324,2026-09-13T07:00,27.8,84,8.0,192.0,33.2
Puri,1634826,19.9914,85.7324,2026-09-13T08:00,29.3,78,7.3,411.0,34.9
Puri,1634826,19.9914,85.7324,2026-09-13T09:00,30.5,76,9.5,576.0,36.5
Puri,1634826,19.9914,85.7324,2026-09-13T10:00,31.1,74,10.0,672.0,37.7
Puri,1634826,19.9914,85.7324,2026-09-13T11:00,28.3,82,13.6,514.0,33.0
Puri,1634826,19.9914,85.7324,2026-09-13T12:00,28.9,80,3.3,483.0,35.2
Puri,1634826,19.9914,85.7324,2026-09-13T13:00,30.8,71,8.2,741.0,37.4
Puri,1634826,19.9914,85.7324,2026-09-13T14:00,30.7,70,9.8,551.0,35.7
Puri,1634826,19.9914,85.7324,2026-09-13T15:00,29.0,80,13.0,412.0,33.9
Puri,1634826,19.9914,85.7324,2026-09-13T16:00,28.0,83,11.5,163.0,32.9
Puri,1634826,19.9914,85.7324,2026-09-13T17:00,26.1,94,3.0,72.0,32.4
Puri,1634826,19.9914,85.7324,2026-09-13T18:00,26.5,93,5.1,2.0,32.6
Puri,1634826,19.9914,85.7324,2026-09-13T19:00,26.6,93,2.4,0.0,33.2
Puri,1634826,19.9914,85.7324,2026-09-13T20:00,26.5,93,2.3,0.0,33.0
Puri,1634826,19.9914,85.7324,2026-09-13T21:00,26.3,93,1.5,0.0,32.8
Puri,1634826,19.9914,85.7324,2026-09-13T22:00,26.1,95,1.8,0.0,32.6
Puri,1634826,19.9914,85.7324,2026-09-13T23:00,25.8,96,1.8,0.0,32.3
Puri,1634826,19.9914,85.7324,2026-09-14T00:00,25.9,97,0.6,0.0,32.7
Puri,1634826,19.9914,85.7324,2026-09-14T01:00,25.7,97,7.5,0.0,31.4
Puri,1634826,19.9914,85.7324,2026-09-14T02:00,25.2,96,6.9,0.0,30.5
Puri,1634826,19.9914,85.7324,2026-09-14T03:00,24.8,96,5.5,0.0,30.1
Puri,1634826,19.9914,85.7324,2026-09-14T04:00,24.8,95,1.9,0.0,30.6
Puri,1634826,19.9914,85.7324,2026-09-14T05:00,24.8,96,1.6,0.0,30.7
Puri,1634826,19.9914,85.7324,2026-09-14T06:00,25.3,95,2.5,35.0,31.3
Puri,1634826,19.9914,85.7324,2026-09-14T07:00,26.8,89,2.2,219.0,33.1
Puri,1634826,19.9914,85.7324,2026-09-14T08:00,28.2,85,5.3,433.0,34.5
Puri,1634826,19.9914,85.7324,2026-09-14T09:00,29.4,82,4.6,594.0,36.4
Puri,1634826,19.9914,85.7324,2026-09-14T10:00,30.3,79,3.6,775.0,38.9
Puri,1634826,19.9914,85.7324,2026-09-14T11:00,30.3,78,6.1,711.0,37.9
Puri,1634826,19.9914,85.7324,2026-09-14T12:00,29.3,82,6.9,614.0,36.1
Puri,1634826,19.9914,85.7324,2026-09-14T13:00,29.8,81,7.0,673.0,36.9
Puri,1634826,19.9914,85.7324,2026-09-14T14:00,29.2,83,5.8,614.0,36.1
Puri,1634826,19.9914,85.7324,2026-09-14T15:00,27.2,89,8.7,368.0,32.8
Puri,1634826,19.9914,85.7324,2026-09-14T16:00,27.1,89,4.9,194.0,33.1
Puri,1634826,19.9914,85.7324,2026-09-14T17:00,26.9,92,3.4,99.0,33.5
Puri,1634826,19.9914,85.7324,2026-09-14T18:00,26.7,95,2.0,4.0,33.6
Puri,1634826,19.9914,85.7324,2026-09-14T19:00,26.8,93,0.2,0.0,33.8
Puri,1634826,19.9914,85.7324,2026-09-14T20:00,26.8,92,0.2,0.0,33.7
Puri,1634826,19.9914,85.7324,2026-09-14T21:00,26.7,92,0.9,0.0,33.5
Puri,1634826,19.9914,85.7324,2026-09-14T22:00,26.3,95,3.3,0.0,32.8
Puri,1634826,19.9914,85.7324,2026-09-14T23:00,26.1,95,4.2,0.0,32.3
Puri,1634826,19.9914,85.7324,2026-09-15T00:00,25.9,96,4.4,0.0,32.1
Puri,1634826,19.9914,85.7324,2026-09-15T01:00,25.8,97,4.0,0.0,32.0
Puri,1634826,19.9914,85.7324,2026-09-15T02:00,25.6,97,3.6,0.0,31.8
Puri,1634826,19.9914,85.7324,2026-09-15T03:00,25.4,97,3.5,0.0,31.5
Puri,1634826,19.9914,85.7324,2026-09-15T04:00,25.2,98,3.2,0.0,31.3
Puri,1634826,19.9914,85.7324,2026-09-15T05:00,25.4,95,0.6,0.0,31.7
Puri,1634826,19.9914,85.7324,2026-09-15T06:00,26.0,94,2.7,43.0,32.3
Puri,1634826,19.9914,85.7324,2026-09-15T07:00,27.3,89,1.9,221.0,34.0
Puri,1634826,19.9914,85.7324,2026-09-15T08:00,28.8,81,4.0,442.0,35.2
Puri,1634826,19.9914,85.7324,2026-09-15T09:00,29.9,76,3.8,601.0,36.4
Puri,1634826,19.9914,85.7324,2026-09-15T10:00,30.7,74,4.9,739.0,38.2
Puri,1634826,19.9914,85.7324,2026-09-15T11:00,31.2,72,3.4,741.0,39.1
Puri,1634826,19.9914,85.7324,2026-09-15T12:00,30.6,74,4.3,633.0,37.6
Puri,1634826,19.9914,85.7324,2026-09-15T13:00,25.0,98,15.3,567.0,29.3
Puri,1634826,19.9914,85.7324,2026-09-15T14:00,26.4,89,1.8,412.0,32.5
Puri,1634826,19.9914,85.7324,2026-09-15T15:00,28.2,80,4.6,470.0,33.8
Puri,1634826,19.9914,85.7324,2026-09-15T16:00,28.8,81,5.0,292.0,35.0
Puri,1634826,19.9914,85.7324,2026-09-15T17:00,28.4,88,3.5,103.0,35.4
Puri,1634826,19.9914,85.7324,2026-09-15T18:00,27.6,89,7.1,3.0,33.7
Puri,1634826,19.9914,85.7324,2026-09-15T19:00,27.3,91,1.8,0.0,34.2
Puri,1634826,19.9914,85.7324,2026-09-15T20:00,27.0,92,2.7,0.0,33.7
Puri,1634826,19.9914,85.7324,2026-09-15T21:00,26.8,93,3.8,0.0,33.3
Puri,1634826,19.9914,85.7324,2026-09-15T22:00,26.7,93,4.5,0.0,33.0
Puri,1634826,19.9914,85.7324,2026-09-15T23:00,26.4,95,5.8,0.0,32.6
Puri,1634826,19.9914,85.7324,2026-09-16T00:00,26.4,95,6.1,0.0,32.6
Puri,1634826,19.9914,85.7324,2026-09-16T01:00,26.3,96,6.0,0.0,32.6
Puri,1634826,19.9914,85.7324,2026-09-16T02:00,26.1,96,5.1,0.0,32.3
Puri,1634826,19.9914,85.7324,2026-09-16T03:00,25.8,96,4.0,0.0,32.1
Puri,1634826,19.9914,85.7324,2026-09-16T04:00,25.9,97,4.6,0.0,32.1
Puri,1634826,19.9914,85.7324,2026-09-16T05:00,25.8,97,5.0,0.0,32.0
Puri,1634826,19.9914,85.7324,2026-09-16T06:00,26.8,94,4.6,38.0,33.3
Puri,1634826,19.9914,85.7324,2026-09-16T07:00,28.3,88,7.3,186.0,34.7
Puri,1634826,19.9914,85.7324,2026-09-16T08:00,29.4,83,7.7,368.0,35.8
Puri,1634826,19.9914,85.7324,2026-09-16T09:00,30.7,78,8.6,572.0,37.2
Puri,1634826,19.9914,85.7324,2026-09-16T10:00,31.6,74,6.6,726.0,39.3
Puri,1634826,19.9914,85.7324,2026-09-16T11:00,32.1,72,5.4,796.0,40.5
Puri,1634826,19.9914,85.7324,2026-09-16T12:00,32.4,70,5.2,757.0,40.5
Puri,1634826,19.9914,85.7324,2026-09-16T13:00,29.9,78,9.7,528.0,35.6
Puri,1634826,19.9914,85.7324,2026-09-16T14:00,29.4,85,9.8,478.0,35.8
Puri,1634826,19.9914,85.7324,2026-09-16T15:00,29.7,82,8.0,366.0,36.1
Puri,1634826,19.9914,85.7324,2026-09-16T16:00,29.4,81,10.0,244.0,35.2
Puri,1634826,19.9914,85.7324,2026-09-16T17:00,28.3,86,9.2,87.0,34.2
Puri,1634826,19.9914,85.7324,2026-09-16T18:00,27.4,91,6.1,3.0,33.7
Puri,1634826,19.9914,85.7324,2026-09-16T19:00,27.0,92,4.6,0.0,33.4
Puri,1634826,19.9914,85.7324,2026-09-16T20:00,26.7,93,3.2,0.0,33.3
Puri,1634826,19.9914,85.7324,2026-09-16T21:00,26.4,93,4.9,0.0,32.5
Puri,1634826,19.9914,85.7324,2026-09-16T22:00,26.2,93,5.6,0.0,32.1
Puri,1634826,19.9914,85.7324,2026-09-16T23:00,26.2,93,6.4,0.0,31.9
Puri,1634826,19.9914,85.7324,2026-09-17T00:00,26.2,95,5.6,0.0,32.4
Puri,1634826,19.9914,85.7324,2026-09-17T01:00,26.3,97,5.7,0.0,32.7
Puri,1634826,19.9914,85.7324,2026-09-17T02:00,26.4,97,6.4,0.0,32.8
Puri,1634826,19.9914,85.7324,2026-09-17T03:00,26.4,98,6.8,0.0,32.8
Puri,1634826,19.9914,85.7324,2026-09-17T04:00,26.3,98,5.6,0.0,32.8
Puri,1634826,19.9914,85.7324,2026-09-17T05:00,26.0,98,3.9,0.0,32.5
Puri,1634826,19.9914,85.7324,2026-09-17T06:00,26.7,95,5.6,40.0,33.2
Puri,1634826,19.9914,85.7324,2026-09-17T07:00,27.8,89,5.7,192.0,34.3
Puri,1634826,19.9914,85.7324,2026-09-17T08:00,29.2,84,2.7,398.0,36.3
Puri,1634826,19.9914,85.7324,2026-09-17T09:00,30.6,76,6.7,582.0,37.2
Puri,1634826,19.9914,85.7324,2026-09-17T10:00,31.6,71,9.5,720.0,38.4
Puri,1634826,19.9914,85.7324,2026-09-17T11:00,32.2,70,10.0,782.0,39.4
Puri,1634826,19.9914,85.7324,2026-09-17T12:00,32.6,68,8.7,804.0,40.2
Puri,1634826,19.9914,85.7324,2026-09-17T13:00,32.6,69,6.4,714.0,40.1
Puri,1634826,19.9914,85.7324,2026-09-17T14:00,32.2,71,5.3,563.0,39.0
Puri,1634826,19.9914,85.7324,2026-09-17T15:00,30.9,77,5.8,347.0,37.8
Puri,1634826,19.9914,85.7324,2026-09-17T16:00,29.2,87,7.0,208.0,36.1
Puri,1634826,19.9914,85.7324,2026-09-17T17:00,27.8,95,7.4,75.0,34.7
Puri,1634826,19.9914,85.7324,2026-09-17T18:00,27.1,98,5.2,1.0,34.2
Puri,1634826,19.9914,85.7324,2026-09-17T19:00,26.8,97,2.2,0.0,34.0
Puri,1634826,19.9914,85.7324,2026-09-17T20:00,26.5,97,1.5,0.0,33.7
Puri,1634826,19.9914,85.7324,2026-09-17T21:00,26.4,97,2.3,0.0,33.3
Puri,1634826,19.9914,85.7324,2026-09-17T22:00,26.3,97,2.5,0.0,33.1
Puri,1634826,19.9914,85.7324,2026-09-17T23:00,26.2,97,1.9,0.0,33.1
Kendujhar,1548674,21.5062,85.7619,2026-09-13T00:00,23.7,99,8.8,0.0,28.2
Kendujhar,1548674,21.5062,85.7619,2026-09-13T01:00,23.6,100,8.3,0.0,28.1
Kendujhar,1548674,21.5062,85.7619,2026-09-13T02:00,23.6,100,7.1,0.0,28.3
Kendujhar,1548674,21.5062,85.7619,2026-09-13T03:00,23.6,100,7.2,0.0,28.3
Kendujhar,1548674,21.5062,85.7619,2026-09-13T04:00,23.6,100,7.2,0.0,28.3
Kendujhar,1548674,21.5062,85.7619,2026-09-13T05:00,23.8,100,8.3,0.0,28.5
Kendujhar,1548674,21.5062,85.7619,2026-09-13T06:00,24.0,99,9.2,37.0,28.6
Kendujhar,1548674,21.5062,85.7619,2026-09-13T07:00,25.6,90,10.9,195.0,30.0
Kendujhar,1548674,21.5062,85.7619,2026-09-13T08:00,27.1,85,11.5,405.0,31.7
Kendujhar,1548674,21.5062,85.7619,2026-09-13T09:00,28.4,79,13.6,641.0,33.2
Kendujhar,1548674,21.5062,85.7619,2026-09-13T10:00,29.4,71,13.9,746.0,34.2
Kendujhar,1548674,21.5062,85.7619,2026-09-13T11:00,27.3,75,14.9,432.0,30.4
Kendujhar,1548674,21.5062,85.7619,2026-09-13T12:00,27.8,78,13.6,738.0,32.7
Kendujhar,1548674,21.5062,85.7619,2026-09-13T13:00,27.1,84,14.1,660.0,31.7
Kendujhar,1548674,21.5062,85.7619,2026-09-13T14:00,27.4,86,12.2,466.0,32.2
Kendujhar,1548674,21.5062,85.7619,2026-09-13T15:00,27.6,81,9.7,404.0,32.2
Kendujhar,1548674,21.5062,85.7619,2026-09-13T16:00,26.8,83,11.7,241.0,31.0
Kendujhar,1548674,21.5062,85.7619,2026-09-13T17:00,25.7,92,12.4,62.0,30.1
Kendujhar,1548674,21.5062,85.7619,2026-09-13T18:00,25.0,95,8.2,4.0,29.9
Kendujhar,1548674,21.5062,85.7619,2026-09-13T19:00,24.7,96,4.2,0.0,30.2
Kendujhar,1548674,21.5062,85.7619,2026-09-13T20:00,24.6,96,3.1,0.0,30.2
Kendujhar,1548674,21.5062,85.7619,2026-09-13T21:00,24.3,98,2.7,0.0,29.9
Kendujhar,1548674,21.5062,85.7619,2026-09-13T22:00,24.2,99,1.9,0.0,30.1
Kendujhar,1548674,21.5062,85.7619,2026-09-13T23:00,24.2,99,2.0,0.0,30.0
Kendujhar,1548674,21.5062,85.7619,2026-09-14T00:00,24.2,99,0.7,0.0,30.1
Kendujhar,1548674,21.5062,85.7619,2026-09-14T01:00,23.9,99,0.5,0.0,29.8
Kendujhar,1548674,21.5062,85.7619,2026-09-14T02:00,23.9,99,1.7,0.0,29.5
Kendujhar,1548674,21.5062,85.7619,2026-09-14T03:00,23.8,99,1.8,0.0,29.3
Kendujhar,1548674,21.5062,85.7619,2026-09-14T04:00,23.9,97,1.2,0.0,29.5
Kendujhar,1548674,21.5062,85.7619,2026-09-14T05:00,23.5,99,0.6,0.0,29.0
Kendujhar,1548674,21.5062,85.7619,2026-09-14T06:00,24.2,97,1.5,43.0,29.9
Kendujhar,1548674,21.5062,85.7619,2026-09-14T07:00,25.7,89,1.3,212.0,31.4
Kendujhar,1548674,21.5062,85.7619,2026-09-14T08:00,27.4,79,0.9,439.0,33.0
Kendujhar,1548674,21.5062,85.7619,2026-09-14T09:00,28.6,72,2.0,623.0,34.3
Kendujhar,1548674,21.5062,85.7619,2026-09-14T10:00,29.5,71,4.8,747.0,35.8
Kendujhar,1548674,21.5062,85.7619,2026-09-14T11:00,30.0,69,6.2,836.0,36.6
Kendujhar,1548674,21.5062,85.7619,2026-09-14T12:00,29.4,71,12.4,735.0,34.4
Kendujhar,1548674,21.5062,85.7619,2026-09-14T13:00,26.9,83,4.8,531.0,32.1
Kendujhar,1548674,21.5062,85.7619,2026-09-14T14:00,26.6,85,5.3,585.0,32.1
Kendujhar,1548674,21.5062,85.7619,2026-09-14T15:00,26.9,84,2.5,310.0,32.5
Kendujhar,1548674,21.5062,85.7619,2026-09-14T16:00,27.2,82,2.1,237.0,32.8
Kendujhar,1548674,21.5062,85.7619,2026-09-14T17:00,26.2,89,0.6,98.0,32.4
Kendujhar,1548674,21.5062,85.7619,2026-09-14T18:00,25.0,95,2.9,4.0,30.7
Kendujhar,1548674,21.5062,85.7619,2026-09-14T19:00,24.7,97,4.0,0.0,30.3
Kendujhar,1548674,21.5062,85.7619,2026-09-14T20:00,24.3,98,4.1,0.0,29.8
Kendujhar,1548674,21.5062,85.7619,2026-09-14T21:00,24.1,98,3.5,0.0,29.5
Kendujhar,1548674,21.5062,85.7619,2026-09-14T22:00,23.8,98,2.3,0.0,29.1
Kendujhar,1548674,21.5062,85.7619,2026-09-14T23:00,23.5,99,2.7,0.0,28.7
Kendujhar,1548674,21.5062,85.7619,2026-09-15T00:00,23.3,99,5.9,0.0,28.0
Kendujhar,1548674,21.5062,85.7619,2026-09-15T01:00,23.2,98,6.1,0.0,27.7
Kendujhar,1548674,21.5062,85.7619,2026-09-15T02:00,23.2,97,6.2,0.0,27.5
Kendujhar,1548674,21.5062,85.7619,2026-09-15T03:00,22.9,99,5.0,0.0,27.4
Kendujhar,1548674,21.5062,85.7619,2026-09-15T04:00,22.8,100,4.5,0.0,27.4
Kendujhar,1548674,21.5062,85.7619,2026-09-15T05:00,22.7,100,3.2,0.0,27.5
Kendujhar,1548674,21.5062,85.7619,2026-09-15T06:00,23.3,98,4.2,37.0,28.1
Kendujhar,1548674,21.5062,85.7619,2026-09-15T07:00,25.3,90,3.2,196.0,30.5
Kendujhar,1548674,21.5062,85.7619,2026-09-15T08:00,27.3,78,4.1,401.0,32.2
Kendujhar,1548674,21.5062,85.7619,2026-09-15T09:00,28.6,74,3.5,611.0,34.2
Kendujhar,1548674,21.5062,85.7619,2026-09-15T10:00,29.4,72,4.0,751.0,36.1
Kendujhar,1548674,21.5062,85.7619,2026-09-15T11:00,30.3,68,4.0,839.0,37.5
Kendujhar,1548674,21.5062,85.7619,2026-09-15T12:00,30.5,66,3.3,649.0,36.4
Kendujhar,1548674,21.5062,85.7619,2026-09-15T13:00,23.9,95,22.1,495.0,26.1
Kendujhar,1548674,21.5062,85.7619,2026-09-15T14:00,25.4,94,8.6,425.0,30.5
Kendujhar,1548674,21.5062,85.7619,2026-09-15T15:00,27.5,83,2.9,414.0,33.4
Kendujhar,1548674,21.5062,85.7619,2026-09-15T16:00,27.8,81,4.4,278.0,33.3
Kendujhar,1548674,21.5062,85.7619,2026-09-15T17:00,27.0,88,2.4,89.0,33.2
Kendujhar,1548674,21.5062,85.7619,2026-09-15T18:00,25.7,92,5.5,3.0,31.1
Kendujhar,1548674,21.5062,85.7619,2026-09-15T19:00,25.1,95,5.6,0.0,30.5
Kendujhar,1548674,21.5062,85.7619,2026-09-15T20:00,24.7,97,4.7,0.0,30.2
Kendujhar,1548674,21.5062,85.7619,2026-09-15T21:00,24.4,97,3.5,0.0,29.9
Kendujhar,1548674,21.5062,85.7619,2026-09-15T22:00,24.3,97,4.6,0.0,29.6
Kendujhar,1548674,21.5062,85.7619,2026-09-15T23:00,24.2,98,4.8,0.0,29.5
Kendujhar,1548674,21.5062,85.7619,2026-09-16T00:00,23.9,99,3.6,0.0,29.2
Kendujhar,1548674,21.5062,85.7619,2026-09-16T01:00,23.8,100,4.1,0.0,29.1
Kendujhar,1548674,21.5062,85.7619,2026-09-16T02:00,23.7,100,5.6,0.0,28.8
Kendujhar,1548674,21.5062,85.7619,2026-09-16T03:00,23.5,100,5.2,0.0,28.5
Kendujhar,1548674,21.5062,85.7619,2026-09-16T04:00,23.3,99,4.3,0.0,28.3
Kendujhar,1548674,21.5062,85.7619,2026-09-16T05:00,23.2,99,5.6,0.0,27.8
Kendujhar,1548674,21.5062,85.7619,2026-09-16T06:00,24.0,96,4.3,39.0,29.1
Kendujhar,1548674,21.5062,85.7619,2026-09-16T07:00,26.1,89,3.9,204.0,31.7
Kendujhar,1548674,21.5062,85.7619,2026-09-16T08:00,28.0,81,3.1,425.0,33.8
Kendujhar,1548674,21.5062,85.7619,2026-09-16T09:00,29.4,75,3.0,622.0,35.7
Kendujhar,1548674,21.5062,85.7619,2026-09-16T10:00,30.3,69,1.7,754.0,37.6
Kendujhar,1548674,21.5062,85.7619,2026-09-16T11:00,30.6,68,1.2,746.0,37.9
Kendujhar,1548674,21.5062,85.7619,2026-09-16T12:00,29.5,75,1.7,456.0,35.7
Kendujhar,1548674,21.5062,85.7619,2026-09-16T13:00,25.2,92,2.5,327.0,30.8
Kendujhar,1548674,21.5062,85.7619,2026-09-16T14:00,26.1,91,3.5,334.0,32.1
Kendujhar,1548674,21.5062,85.7619,2026-09-16T15:00,26.8,89,3.9,278.0,32.8
Kendujhar,1548674,21.5062,85.7619,2026-09-16T16:00,27.2,88,1.4,212.0,33.7
Kendujhar,1548674,21.5062,85.7619,2026-09-16T17:00,26.7,93,0.5,70.0,33.7
Kendujhar,1548674,21.5062,85.7619,2026-09-16T18:00,25.8,96,2.2,3.0,32.3
Kendujhar,1548674,21.5062,85.7619,2026-09-16T19:00,25.5,95,4.3,0.0,31.3
Kendujhar,1548674,21.5062,85.7619,2026-09-16T20:00,25.2,95,5.0,0.0,30.7
Kendujhar,1548674,21.5062,85.7619,2026-09-16T21:00,24.8,96,4.3,0.0,30.3
Kendujhar,1548674,21.5062,85.7619,2026-09-16T22:00,24.6,96,5.2,0.0,29.9
Kendujhar,1548674,21.5062,85.7619,2026-09-16T23:00,24.4,97,7.3,0.0,29.4
Kendujhar,1548674,21.5062,85.7619,2026-09-17T00:00,24.3,97,7.4,0.0,29.1
Kendujhar,1548674,21.5062,85.7619,2026-09-17T01:00,24.3,98,9.9,0.0,28.9
Kendujhar,1548674,21.5062,85.7619,2026-09-17T02:00,24.2,99,10.0,0.0,28.7
Kendujhar,1548674,21.5062,85.7619,2026-09-17T03:00,24.3,98,6.8,0.0,29.3
Kendujhar,1548674,21.5062,85.7619,2026-09-17T04:00,23.9,98,1.1,0.0,29.5
Kendujhar,1548674,21.5062,85.7619,2026-09-17T05:00,23.6,99,1.5,0.0,29.1
Kendujhar,1548674,21.5062,85.7619,2026-09-17T06:00,24.4,97,1.5,40.0,30.2
Kendujhar,1548674,21.5062,85.7619,2026-09-17T07:00,25.8,91,3.8,191.0,31.5
Kendujhar,1548674,21.5062,85.7619,2026-09-17T08:00,27.7,81,6.7,385.0,32.9
Kendujhar,1548674,21.5062,85.7619,2026-09-17T09:00,29.3,72,8.5,605.0,34.3
Kendujhar,1548674,21.5062,85.7619,2026-09-17T10:00,30.3,66,8.1,724.0,35.9
Kendujhar,1548674,21.5062,85.7619,2026-09-17T11:00,31.0,66,6.0,844.0,37.8
Kendujhar,1548674,21.5062,85.7619,2026-09-17T12:00,30.0,70,5.0,778.0,36.7
Kendujhar,1548674,21.5062,85.7619,2026-09-17T13:00,28.3,78,7.6,648.0,33.9
Kendujhar,1548674,21.5062,85.7619,2026-09-17T14:00,26.8,86,9.7,466.0,31.6
Kendujhar,1548674,21.5062,85.7619,2026-09-17T15:00,26.2,90,7.2,229.0,31.4
Kendujhar,1548674,21.5062,85.7619,2026-09-17T16:00,25.9,92,3.2,126.0,31.8
Kendujhar,1548674,21.5062,85.7619,2026-09-17T17:00,25.6,94,3.2,44.0,31.5
Kendujhar,1548674,21.5062,85.7619,2026-09-17T18:00,25.2,94,3.2,1.0,30.9
Kendujhar,1548674,21.5062,85.7619,2026-09-17T19:00,24.8,95,2.1,0.0,30.5
Kendujhar,1548674,21.5062,85.7619,2026-09-17T20:00,24.5,95,0.8,0.0,30.2
Kendujhar,1548674,21.5062,85.7619,2026-09-17T21:00,24.3,96,0.8,0.0,30.0
Kendujhar,1548674,21.5062,85.7619,2026-09-17T22:00,24.1,98,2.5,0.0,29.7
Kendujhar,1548674,21.5062,85.7619,2026-09-17T23:00,24.0,99,3.7,0.0,29.4
Kalahandi,1454882,19.8113,83.1469,2026-09-13T00:00,24.7,94,6.6,0.0,29.7
Kalahandi,1454882,19.8113,83.1469,2026-09-13T01:00,24.7,94,5.2,0.0,29.8
Kalahandi,1454882,19.8113,83.1469,2026-09-13T02:00,24.6,94,3.7,0.0,29.9
Kalahandi,1454882,19.8113,83.1469,2026-09-13T03:00,24.7,94,2.2,0.0,30.2
Kalahandi,1454882,19.8113,83.1469,2026-09-13T04:00,24.5,95,3.1,0.0,30.0
Kalahandi,1454882,19.8113,83.1469,2026-09-13T05:00,24.4,93,7.2,0.0,29.0
Kalahandi,1454882,19.8113,83.1469,2026-09-13T06:00,24.8,92,6.6,17.0,29.6
Kalahandi,1454882,19.8113,83.1469,2026-09-13T07:00,25.8,90,3.5,80.0,31.4
Kalahandi,1454882,19.8113,83.1469,2026-09-13T08:00,27.1,86,2.6,214.0,33.2
Kalahandi,1454882,19.8113,83.1469,2026-09-13T09:00,27.7,81,3.6,322.0,33.5
Kalahandi,1454882,19.8113,83.1469,2026-09-13T10:00,29.6,71,2.8,638.0,35.7
Kalahandi,1454882,19.8113,83.1469,2026-09-13T11:00,30.3,66,2.7,669.0,36.4
Kalahandi,1454882,19.8113,83.1469,2026-09-13T12:00,30.9,64,5.0,776.0,37.2
Kalahandi,1454882,19.8113,83.1469,2026-09-13T13:00,30.8,59,6.8,755.0,36.0
Kalahandi,1454882,19.8113,83.1469,2026-09-13T14:00,30.9,59,5.4,654.0,35.6
Kalahandi,1454882,19.8113,83.1469,2026-09-13T15:00,27.2,85,14.6,504.0,31.5
Kalahandi,1454882,19.8113,83.1469,2026-09-13T16:00,24.7,96,8.7,104.0,29.6
Kalahandi,1454882,19.8113,83.1469,2026-09-13T17:00,26.5,90,6.5,89.0,32.2
Kalahandi,1454882,19.8113,83.1469,2026-09-13T18:00,26.1,91,6.3,8.0,31.5
Kalahandi,1454882,19.8113,83.1469,2026-09-13T19:00,25.8,91,5.0,0.0,31.4
Kalahandi,1454882,19.8113,83.1469,2026-09-13T20:00,25.1,93,5.0,0.0,30.4
Kalahandi,1454882,19.8113,83.1469,2026-09-13T21:00,24.6,94,7.2,0.0,29.4
Kalahandi,1454882,19.8113,83.1469,2026-09-13T22:00,24.5,94,8.9,0.0,28.9
Kalahandi,1454882,19.8113,83.1469,2026-09-13T23:00,24.3,94,8.8,0.0,28.7
Kalahandi,1454882,19.8113,83.1469,2026-09-14T00:00,24.0,95,7.9,0.0,28.5
Kalahandi,1454882,19.8113,83.1469,2026-09-14T01:00,23.9,96,6.4,0.0,28.5
Kalahandi,1454882,19.8113,83.1469,2026-09-14T02:00,23.7,96,5.6,0.0,28.4
Kalahandi,1454882,19.8113,83.1469,2026-09-14T03:00,23.6,96,6.3,0.0,28.1
Kalahandi,1454882,19.8113,83.1469,2026-09-14T04:00,23.3,96,5.9,0.0,27.8
Kalahandi,1454882,19.8113,83.1469,2026-09-14T05:00,23.0,96,4.6,0.0,27.5
Kalahandi,1454882,19.8113,83.1469,2026-09-14T06:00,23.5,95,5.3,26.0,28.0
Kalahandi,1454882,19.8113,83.1469,2026-09-14T07:00,25.1,92,1.5,157.0,30.8
Kalahandi,1454882,19.8113,83.1469,2026-09-14T08:00,26.7,84,2.3,328.0,32.3
Kalahandi,1454882,19.8113,83.1469,2026-09-14T09:00,28.4,77,2.4,582.0,34.3
Kalahandi,1454882,19.8113,83.1469,2026-09-14T10:00,29.4,72,4.0,671.0,35.6
Kalahandi,1454882,19.8113,83.1469,2026-09-14T11:00,30.6,65,4.9,842.0,37.4
Kalahandi,1454882,19.8113,83.1469,2026-09-14T12:00,31.3,61,5.6,894.0,38.1
Kalahandi,1454882,19.8113,83.1469,2026-09-14T13:00,31.7,60,5.6,861.0,38.2
Kalahandi,1454882,19.8113,83.1469,2026-09-14T14:00,31.5,60,5.1,748.0,37.4
Kalahandi,1454882,19.8113,83.1469,2026-09-14T15:00,31.4,59,5.7,549.0,35.8
Kalahandi,1454882,19.8113,83.1469,2026-09-14T16:00,30.3,75,4.7,333.0,36.6
Kalahandi,1454882,19.8113,83.1469,2026-09-14T17:00,28.0,85,6.7,129.0,33.9
Kalahandi,1454882,19.8113,83.1469,2026-09-14T18:00,26.6,89,8.4,10.0,31.8
Kalahandi,1454882,19.8113,83.1469,2026-09-14T19:00,25.9,91,5.9,0.0,31.3
Kalahandi,1454882,19.8113,83.1469,2026-09-14T20:00,25.4,91,5.9,0.0,30.6
Kalahandi,1454882,19.8113,83.1469,2026-09-14T21:00,24.6,95,6.8,0.0,29.5
Kalahandi,1454882,19.8113,83.1469,2026-09-14T22:00,24.2,97,5.2,0.0,29.3
Kalahandi,1454882,19.8113,83.1469,2026-09-14T23:00,24.1,96,2.2,0.0,29.6
Kalahandi,1454882,19.8113,83.1469,2026-09-15T00:00,24.0,97,1.5,0.0,29.6
Kalahandi,1454882,19.8113,83.1469,2026-09-15T01:00,23.8,98,1.3,0.0,29.3
Kalahandi,1454882,19.8113,83.1469,2026-09-15T02:00,23.7,97,0.5,0.0,29.2
Kalahandi,1454882,19.8113,83.1469,2026-09-15T03:00,23.5,98,0.8,0.0,28.9
Kalahandi,1454882,19.8113,83.1469,2026-09-15T04:00,23.5,97,0.6,0.0,28.9
Kalahandi,1454882,19.8113,83.1469,2026-09-15T05:00,23.3,97,0.7,0.0,28.5
Kalahandi,1454882,19.8113,83.1469,2026-09-15T06:00,23.9,96,0.7,26.0,29.5
Kalahandi,1454882,19.8113,83.1469,2026-09-15T07:00,25.5,91,2.2,189.0,31.3
Kalahandi,1454882,19.8113,83.1469,2026-09-15T08:00,27.1,85,7.7,407.0,32.3
Kalahandi,1454882,19.8113,83.1469,2026-09-15T09:00,28.4,80,10.2,595.0,33.6
Kalahandi,1454882,19.8113,83.1469,2026-09-15T10:00,29.5,75,9.4,748.0,35.8
Kalahandi,1454882,19.8113,83.1469,2026-09-15T11:00,30.2,73,8.1,846.0,37.4
Kalahandi,1454882,19.8113,83.1469,2026-09-15T12:00,30.6,71,6.7,864.0,38.2
Kalahandi,1454882,19.8113,83.1469,2026-09-15T13:00,31.1,68,4.2,823.0,38.6
Kalahandi,1454882,19.8113,83.1469,2026-09-15T14:00,31.2,65,3.2,695.0,37.7
Kalahandi,1454882,19.8113,83.1469,2026-09-15T15:00,30.3,68,7.3,496.0,35.2
Kalahandi,1454882,19.8113,83.1469,2026-09-15T16:00,28.2,83,6.8,272.0,34.1
Kalahandi,1454882,19.8113,83.1469,2026-09-15T17:00,27.7,88,3.0,132.0,34.3
Kalahandi,1454882,19.8113,83.1469,2026-09-15T18:00,26.7,92,1.6,10.0,33.4
Kalahandi,1454882,19.8113,83.1469,2026-09-15T19:00,26.4,92,0.4,0.0,33.1
Kalahandi,1454882,19.8113,83.1469,2026-09-15T20:00,26.1,92,1.2,0.0,32.5
Kalahandi,1454882,19.8113,83.1469,2026-09-15T21:00,25.7,93,2.6,0.0,31.6
Kalahandi,1454882,19.8113,83.1469,2026-09-15T22:00,25.3,93,2.2,0.0,31.2
Kalahandi,1454882,19.8113,83.1469,2026-09-15T23:00,25.0,94,1.9,0.0,30.7
Kalahandi,1454882,19.8113,83.1469,2026-09-16T00:00,24.6,94,1.6,0.0,30.3
Kalahandi,1454882,19.8113,83.1469,2026-09-16T01:00,24.3,95,1.9,0.0,29.8
Kalahandi,1454882,19.8113,83.1469,2026-09-16T02:00,24.0,96,1.9,0.0,29.4
Kalahandi,1454882,19.8113,83.1469,2026-09-16T03:00,24.0,94,1.9,0.0,29.3
Kalahandi,1454882,19.8113,83.1469,2026-09-16T04:00,24.2,92,2.2,0.0,29.3
Kalahandi,1454882,19.8113,83.1469,2026-09-16T05:00,24.2,91,2.7,0.0,29.2
Kalahandi,1454882,19.8113,83.1469,2026-09-16T06:00,25.0,89,4.4,26.0,30.0
Kalahandi,1454882,19.8113,83.1469,2026-09-16T07:00,26.7,85,2.7,187.0,32.4
Kalahandi,1454882,19.8113,83.1469,2026-09-16T08:00,28.2,79,8.2,408.0,33.3
Kalahandi,1454882,19.8113,83.1469,2026-09-16T09:00,29.3,75,8.9,603.0,34.6
Kalahandi,1454882,19.8113,83.1469,2026-09-16T10:00,29.9,72,8.1,777.0,36.4
Kalahandi,1454882,19.8113,83.1469,2026-09-16T11:00,30.5,70,7.6,844.0,37.5
Kalahandi,1454882,19.8113,83.1469,2026-09-16T12:00,30.9,71,7.2,792.0,38.0
Kalahandi,1454882,19.8113,83.1469,2026-09-16T13:00,31.0,72,8.2,793.0,38.3
Kalahandi,1454882,19.8113,83.1469,2026-09-16T14:00,31.0,72,6.8,728.0,38.1
Kalahandi,1454882,19.8113,83.1469,2026-09-16T15:00,31.0,69,6.9,551.0,36.6
Kalahandi,1454882,19.8113,83.1469,2026-09-16T16:00,28.9,78,10.8,315.0,33.9
Kalahandi,1454882,19.8113,83.1469,2026-09-16T17:00,28.3,85,3.3,108.0,34.9
Kalahandi,1454882,19.8113,83.1469,2026-09-16T18:00,26.6,93,5.2,9.0,32.9
Kalahandi,1454882,19.8113,83.1469,2026-09-16T19:00,26.0,92,7.8,0.0,31.3
Kalahandi,1454882,19.8113,83.1469,2026-09-16T20:00,25.5,93,7.0,0.0,30.8
Kalahandi,1454882,19.8113,83.1469,2026-09-16T21:00,25.4,93,5.4,0.0,30.8
Kalahandi,1454882,19.8113,83.1469,2026-09-16T22:00,25.1,93,5.0,0.0,30.5
Kalahandi,1454882,19.8113,83.1469,2026-09-16T23:00,24.9,93,4.1,0.0,30.3
Kalahandi,1454882,19.8113,83.1469,2026-09-17T00:00,24.8,94,3.6,0.0,30.2
Kalahandi,1454882,19.8113,83.1469,2026-09-17T01:00,24.8,93,3.6,0.0,30.1
Kalahandi,1454882,19.8113,83.1469,2026-09-17T02:00,24.6,92,4.6,0.0,29.6
Kalahandi,1454882,19.8113,83.1469,2026-09-17T03:00,24.6,91,4.5,0.0,29.5
Kalahandi,1454882,19.8113,83.1469,2026-09-17T04:00,24.4,92,4.7,0.0,29.2
Kalahandi,1454882,19.8113,83.1469,2026-09-17T05:00,24.1,93,5.1,0.0,28.9
Kalahandi,1454882,19.8113,83.1469,2026-09-17T06:00,24.9,92,6.4,26.0,29.8
Kalahandi,1454882,19.8113,83.1469,2026-09-17T07:00,25.8,89,15.1,171.0,29.7
Kalahandi,1454882,19.8113,83.1469,2026-09-17T08:00,26.2,87,11.9,332.0,30.4
Kalahandi,1454882,19.8113,83.1469,2026-09-17T09:00,28.0,79,10.1,584.0,32.8
Kalahandi,1454882,19.8113,83.1469,2026-09-17T10:00,29.2,76,10.3,729.0,35.1
Kalahandi,1454882,19.8113,83.1469,2026-09-17T11:00,30.2,76,10.1,832.0,37.4
Kalahandi,1454882,19.8113,83.1469,2026-09-17T12:00,31.0,73,9.5,895.0,38.7
Kalahandi,1454882,19.8113,83.1469,2026-09-17T13:00,31.6,70,8.8,837.0,39.0
Kalahandi,1454882,19.8113,83.1469,2026-09-17T14:00,31.5,70,7.2,705.0,38.4
Kalahandi,1454882,19.8113,83.1469,2026-09-17T15:00,30.3,76,4.4,495.0,36.8
Kalahandi,1454882,19.8113,83.1469,2026-09-17T16:00,28.5,86,3.8,321.0,35.3
Kalahandi,1454882,19.8113,83.1469,2026-09-17T17:00,27.1,94,6.1,138.0,33.6
Kalahandi,1454882,19.8113,83.1469,2026-09-17T18:00,26.5,96,6.3,7.0,32.8
Kalahandi,1454882,19.8113,83.1469,2026-09-17T19:00,26.3,94,5.5,0.0,32.4
Kalahandi,1454882,19.8113,83.1469,2026-09-17T20:00,26.1,93,4.7,0.0,32.1
Kalahandi,1454882,19.8113,83.1469,2026-09-17T21:00,25.9,92,4.5,0.0,31.7
Kalahandi,1454882,19.8113,83.1469,2026-09-17T22:00,25.8,91,4.4,0.0,31.5
Kalahandi,1454882,19.8113,83.1469,2026-09-17T23:00,25.7,91,4.2,0.0,31.2
Balangir,1451616,20.5853,83.2302,2026-09-13T00:00,24.1,98,8.9,0.0,28.7
Balangir,1451616,20.5853,83.2302,2026-09-13T01:00,24.0,98,9.6,0.0,28.5
Balangir,1451616,20.5853,83.2302,2026-09-13T02:00,23.9,97,10.6,0.0,28.1
Balangir,1451616,20.5853,83.2302,2026-09-13T03:00,23.7,97,12.6,0.0,27.4
Balangir,1451616,20.5853,83.2302,2026-09-13T04:00,23.6,96,12.1,0.0,27.3
Balangir,1451616,20.5853,83.2302,2026-09-13T05:00,24.1,94,9.2,0.0,28.3
Balangir,1451616,20.5853,83.2302,2026-09-13T06:00,24.4,93,9.3,23.0,28.6
Balangir,1451616,20.5853,83.2302,2026-09-13T07:00,25.6,88,7.6,165.0,30.3
Balangir,1451616,20.5853,83.2302,2026-09-13T08:00,27.1,83,7.6,400.0,32.0
Balangir,1451616,20.5853,83.2302,2026-09-13T09:00,28.6,73,9.9,600.0,33.1
Balangir,1451616,20.5853,83.2302,2026-09-13T10:00,29.8,67,11.1,750.0,34.8
Balangir,1451616,20.5853,83.2302,2026-09-13T11:00,30.8,59,11.1,829.0,35.5
Balangir,1451616,20.5853,83.2302,2026-09-13T12:00,30.9,60,9.7,831.0,36.1
Balangir,1451616,20.5853,83.2302,2026-09-13T13:00,31.1,61,9.7,831.0,36.6
Balangir,1451616,20.5853,83.2302,2026-09-13T14:00,31.1,62,7.4,690.0,36.2
Balangir,1451616,20.5853,83.2302,2026-09-13T15:00,30.2,64,7.7,436.0,34.4
Balangir,1451616,20.5853,83.2302,2026-09-13T16:00,28.8,76,4.9,249.0,34.2
Balangir,1451616,20.5853,83.2302,2026-09-13T17:00,28.3,72,9.6,115.0,32.3
Balangir,1451616,20.5853,83.2302,2026-09-13T18:00,26.1,79,10.4,10.0,29.5
Balangir,1451616,20.5853,83.2302,2026-09-13T19:00,25.2,82,5.7,0.0,29.2
Balangir,1451616,20.5853,83.2302,2026-09-13T20:00,24.8,86,3.8,0.0,29.3
Balangir,1451616,20.5853,83.2302,2026-09-13T21:00,24.8,87,4.6,0.0,29.4
Balangir,1451616,20.5853,83.2302,2026-09-13T22:00,24.7,90,7.2,0.0,29.1
Balangir,1451616,20.5853,83.2302,2026-09-13T23:00,24.6,91,8.3,0.0,28.9
Balangir,1451616,20.5853,83.2302,2026-09-14T00:00,24.5,91,7.5,0.0,28.9
Balangir,1451616,20.5853,83.2302,2026-09-14T01:00,24.1,94,6.0,0.0,28.7
Balangir,1451616,20.5853,83.2302,2026-09-14T02:00,23.8,95,5.1,0.0,28.6
Balangir,1451616,20.5853,83.2302,2026-09-14T03:00,23.6,96,5.7,0.0,28.3
Balangir,1451616,20.5853,83.2302,2026-09-14T04:00,23.5,96,4.3,0.0,28.3
Balangir,1451616,20.5853,83.2302,2026-09-14T05:00,23.3,97,3.5,0.0,28.1
Balangir,1451616,20.5853,83.2302,2026-09-14T06:00,24.1,94,4.6,27.0,29.0
Balangir,1451616,20.5853,83.2302,2026-09-14T07:00,25.6,88,4.5,181.0,30.7
Balangir,1451616,20.5853,83.2302,2026-09-14T08:00,26.7,84,5.2,285.0,31.9
Balangir,1451616,20.5853,83.2302,2026-09-14T09:00,28.0,79,5.5,443.0,33.2
Balangir,1451616,20.5853,83.2302,2026-09-14T10:00,29.4,73,4.0,712.0,35.9
Balangir,1451616,20.5853,83.2302,2026-09-14T11:00,30.4,66,3.5,832.0,37.4
Balangir,1451616,20.5853,83.2302,2026-09-14T12:00,31.0,63,2.9,844.0,38.1
Balangir,1451616,20.5853,83.2302,2026-09-14T13:00,31.3,62,2.4,807.0,38.1
Balangir,1451616,20.5853,83.2302,2026-09-14T14:00,31.3,62,2.2,717.0,37.6
Balangir,1451616,20.5853,83.2302,2026-09-14T15:00,31.0,64,3.6,536.0,36.1
Balangir,1451616,20.5853,83.2302,2026-09-14T16:00,30.3,69,6.3,334.0,35.3
Balangir,1451616,20.5853,83.2302,2026-09-14T17:00,28.9,79,5.9,109.0,34.6
Balangir,1451616,20.5853,83.2302,2026-09-14T18:00,27.6,81,5.3,10.0,32.9
Balangir,1451616,20.5853,83.2302,2026-09-14T19:00,27.0,84,5.1,0.0,32.3
Balangir,1451616,20.5853,83.2302,2026-09-14T20:00,26.4,87,6.7,0.0,31.6
Balangir,1451616,20.5853,83.2302,2026-09-14T21:00,26.1,87,11.9,0.0,30.3
Balangir,1451616,20.5853,83.2302,2026-09-14T22:00,25.5,86,10.2,0.0,29.4
Balangir,1451616,20.5853,83.2302,2026-09-14T23:00,24.9,89,7.3,0.0,29.3
Balangir,1451616,20.5853,83.2302,2026-09-15T00:00,24.5,92,6.2,0.0,29.1
Balangir,1451616,20.5853,83.2302,2026-09-15T01:00,24.1,94,5.4,0.0,28.8
Balangir,1451616,20.5853,83.2302,2026-09-15T02:00,23.7,94,5.5,0.0,28.1
Balangir,1451616,20.5853,83.2302,2026-09-15T03:00,23.4,94,6.7,0.0,27.5
Balangir,1451616,20.5853,83.2302,2026-09-15T04:00,23.0,95,5.1,0.0,27.2
Balangir,1451616,20.5853,83.2302,2026-09-15T05:00,22.9,96,3.7,0.0,27.4
Balangir,1451616,20.5853,83.2302,2026-09-15T06:00,23.5,93,5.8,26.0,27.7
Balangir,1451616,20.5853,83.2302,2026-09-15T07:00,25.3,86,5.4,184.0,29.9
Balangir,1451616,20.5853,83.2302,2026-09-15T08:00,27.1,81,7.4,400.0,31.8
Balangir,1451616,20.5853,83.2302,2026-09-15T09:00,28.5,77,8.6,602.0,33.6
Balangir,1451616,20.5853,83.2302,2026-09-15T10:00,29.7,73,8.2,742.0,35.8
Balangir,1451616,20.5853,83.2302,2026-09-15T11:00,30.5,70,7.8,841.0,37.4
Balangir,1451616,20.5853,83.2302,2026-09-15T12:00,31.0,68,7.2,860.0,38.2
Balangir,1451616,20.5853,83.2302,2026-09-15T13:00,31.2,67,6.7,825.0,38.2
Balangir,1451616,20.5853,83.2302,2026-09-15T14:00,30.8,69,5.6,677.0,37.2
Balangir,1451616,20.5853,83.2302,2026-09-15T15:00,27.7,86,13.3,452.0,32.5
Balangir,1451616,20.5853,83.2302,2026-09-15T16:00,27.8,86,1.9,261.0,34.4
Balangir,1451616,20.5853,83.2302,2026-09-15T17:00,27.4,92,2.3,124.0,34.3
Balangir,1451616,20.5853,83.2302,2026-09-15T18:00,26.6,97,1.9,9.0,33.8
Balangir,1451616,20.5853,83.2302,2026-09-15T19:00,26.4,97,1.3,0.0,33.5
Balangir,1451616,20.5853,83.2302,2026-09-15T20:00,25.9,99,2.8,0.0,32.7
Balangir,1451616,20.5853,83.2302,2026-09-15T21:00,25.7,99,4.3,0.0,32.1
Balangir,1451616,20.5853,83.2302,2026-09-15T22:00,25.5,99,5.1,0.0,31.6
Balangir,1451616,20.5853,83.2302,2026-09-15T23:00,25.3,98,5.4,0.0,31.2
Balangir,1451616,20.5853,83.2302,2026-09-16T00:00,25.1,98,4.7,0.0,30.9
Balangir,1451616,20.5853,83.2302,2026-09-16T01:00,25.0,98,5.2,0.0,30.6
Balangir,1451616,20.5853,83.2302,2026-09-16T02:00,24.8,98,4.5,0.0,30.4
Balangir,1451616,20.5853,83.2302,2026-09-16T03:00,24.6,98,4.6,0.0,30.1
Balangir,1451616,20.5853,83.2302,2026-09-16T04:00,24.5,98,6.1,0.0,29.8
Balangir,1451616,20.5853,83.2302,2026-09-16T05:00,24.5,98,7.2,0.0,29.7
Balangir,1451616,20.5853,83.2302,2026-09-16T06:00,25.1,96,6.6,26.0,30.4
Balangir,1451616,20.5853,83.2302,2026-09-16T07:00,26.5,91,3.6,183.0,32.6
Balangir,1451616,20.5853,83.2302,2026-09-16T08:00,28.2,84,4.2,397.0,34.4
Balangir,1451616,20.5853,83.2302,2026-09-16T09:00,29.7,76,5.4,599.0,35.9
Balangir,1451616,20.5853,83.2302,2026-09-16T10:00,30.6,71,6.7,744.0,37.3
Balangir,1451616,20.5853,83.2302,2026-09-16T11:00,31.3,68,6.4,840.0,38.7
Balangir,1451616,20.5853,83.2302,2026-09-16T12:00,31.8,67,6.4,864.0,39.3
Balangir,1451616,20.5853,83.2302,2026-09-16T13:00,32.0,65,6.6,741.0,38.6
Balangir,1451616,20.5853,83.2302,2026-09-16T14:00,28.7,82,8.8,711.0,35.2
Balangir,1451616,20.5853,83.2302,2026-09-16T15:00,26.9,93,9.1,307.0,32.7
Balangir,1451616,20.5853,83.2302,2026-09-16T16:00,26.8,93,6.7,234.0,32.8
Balangir,1451616,20.5853,83.2302,2026-09-16T17:00,26.7,93,5.9,105.0,32.9
Balangir,1451616,20.5853,83.2302,2026-09-16T18:00,26.3,94,2.1,9.0,32.8
Balangir,1451616,20.5853,83.2302,2026-09-16T19:00,26.2,94,0.8,0.0,32.8
Balangir,1451616,20.5853,83.2302,2026-09-16T20:00,25.6,96,3.1,0.0,31.8
Balangir,1451616,20.5853,83.2302,2026-09-16T21:00,25.3,98,6.3,0.0,31.0
Balangir,1451616,20.5853,83.2302,2026-09-16T22:00,25.1,99,7.5,0.0,30.6
Balangir,1451616,20.5853,83.2302,2026-09-16T23:00,24.9,99,8.5,0.0,30.2
Balangir,1451616,20.5853,83.2302,2026-09-17T00:00,24.7,98,9.4,0.0,29.7
Balangir,1451616,20.5853,83.2302,2026-09-17T01:00,24.6,98,9.4,0.0,29.4
Balangir,1451616,20.5853,83.2302,2026-09-17T02:00,24.4,98,4.0,0.0,29.8
Balangir,1451616,20.5853,83.2302,2026-09-17T03:00,24.1,98,3.0,0.0,29.6
Balangir,1451616,20.5853,83.2302,2026-09-17T04:00,24.1,99,0.7,0.0,30.0
Balangir,1451616,20.5853,83.2302,2026-09-17T05:00,23.9,99,5.1,0.0,29.0
Balangir,1451616,20.5853,83.2302,2026-09-17T06:00,24.5,98,6.5,25.0,29.7
Balangir,1451616,20.5853,83.2302,2026-09-17T07:00,25.9,95,6.0,163.0,31.7
Balangir,1451616,20.5853,83.2302,2026-09-17T08:00,27.7,86,7.6,378.0,33.4
Balangir,1451616,20.5853,83.2302,2026-09-17T09:00,29.1,79,8.9,570.0,34.7
Balangir,1451616,20.5853,83.2302,2026-09-17T10:00,30.1,75,9.0,691.0,36.4
Balangir,1451616,20.5853,83.2302,2026-09-17T11:00,31.1,70,9.0,845.0,38.2
Balangir,1451616,20.5853,83.2302,2026-09-17T12:00,31.5,68,10.2,760.0,37.8
Balangir,1451616,20.5853,83.2302,2026-09-17T13:00,31.6,67,11.4,697.0,37.3
Balangir,1451616,20.5853,83.2302,2026-09-17T14:00,31.3,68,11.4,589.0,36.5
Balangir,1451616,20.5853,83.2302,2026-09-17T15:00,30.7,73,9.4,434.0,36.2
Balangir,1451616,20.5853,83.2302,2026-09-17T16:00,29.8,79,7.0,284.0,36.0
Balangir,1451616,20.5853,83.2302,2026-09-17T17:00,28.8,85,5.5,122.0,35.5
Balangir,1451616,20.5853,83.2302,2026-09-17T18:00,27.8,90,2.9,6.0,34.8
Balangir,1451616,20.5853,83.2302,2026-09-17T19:00,26.7,95,1.0,0.0,33.8
Balangir,1451616,20.5853,83.2302,2026-09-17T20:00,25.9,99,3.6,0.0,32.5
Balangir,1451616,20.5853,83.2302,2026-09-17T21:00,25.6,100,4.5,0.0,32.0
Balangir,1451616,20.5853,83.2302,2026-09-17T22:00,25.6,99,4.6,0.0,32.0
Balangir,1451616,20.5853,83.2302,2026-09-17T23:00,25.5,99,4.7,0.0,31.8
Bhadrak,1427962,21.0076,86.5326,2026-09-13T00:00,26.7,90,5.5,0.0,32.6
Bhadrak,1427962,21.0076,86.5326,2026-09-13T01:00,26.4,91,4.6,0.0,32.4
Bhadrak,1427962,21.0076,86.5326,2026-09-13T02:00,26.2,92,4.2,0.0,32.2
Bhadrak,1427962,21.0076,86.5326,2026-09-13T03:00,26.2,92,3.3,0.0,32.3
Bhadrak,1427962,21.0076,86.5326,2026-09-13T04:00,26.1,93,2.8,0.0,32.2
Bhadrak,1427962,21.0076,86.5326,2026-09-13T05:00,26.2,93,3.5,0.0,32.4
Bhadrak,1427962,21.0076,86.5326,2026-09-13T06:00,27.2,90,4.1,49.0,33.5
Bhadrak,1427962,21.0076,86.5326,2026-09-13T07:00,29.0,83,4.0,229.0,35.6
Bhadrak,1427962,21.0076,86.5326,2026-09-13T08:00,30.2,77,7.3,421.0,36.3
Bhadrak,1427962,21.0076,86.5326,2026-09-13T09:00,27.8,86,12.1,518.0,32.9
Bhadrak,1427962,21.0076,86.5326,2026-09-13T10:00,28.8,85,10.0,653.0,35.2
Bhadrak,1427962,21.0076,86.5326,2026-09-13T11:00,30.0,78,10.2,765.0,37.0
Bhadrak,1427962,21.0076,86.5326,2026-09-13T12:00,30.6,76,9.0,817.0,38.1
Bhadrak,1427962,21.0076,86.5326,2026-09-13T13:00,30.9,73,7.1,745.0,38.1
Bhadrak,1427962,21.0076,86.5326,2026-09-13T14:00,31.0,74,7.6,627.0,37.6
Bhadrak,1427962,21.0076,86.5326,2026-09-13T15:00,26.8,88,14.5,288.0,31.2
Bhadrak,1427962,21.0076,86.5326,2026-09-13T16:00,26.1,91,1.5,72.0,32.3
Bhadrak,1427962,21.0076,86.5326,2026-09-13T17:00,26.8,91,9.2,69.0,32.2
Bhadrak,1427962,21.0076,86.5326,2026-09-13T18:00,26.0,95,7.7,3.0,31.6
Bhadrak,1427962,21.0076,86.5326,2026-09-13T19:00,25.9,95,4.1,0.0,32.1
Bhadrak,1427962,21.0076,86.5326,2026-09-13T20:00,26.0,96,2.6,0.0,32.4
Bhadrak,1427962,21.0076,86.5326,2026-09-13T21:00,26.0,96,2.4,0.0,32.5
Bhadrak,1427962,21.0076,86.5326,2026-09-13T22:00,25.7,97,2.9,0.0,32.1
Bhadrak,1427962,21.0076,86.5326,2026-09-13T23:00,25.6,96,2.2,0.0,32.0
Bhadrak,1427962,21.0076,86.5326,2026-09-14T00:00,25.4,97,3.1,0.0,31.6
Bhadrak,1427962,21.0076,86.5326,2026-09-14T01:00,25.4,97,3.9,0.0,31.4
Bhadrak,1427962,21.0076,86.5326,2026-09-14T02:00,25.3,97,3.5,0.0,31.4
Bhadrak,1427962,21.0076,86.5326,2026-09-14T03:00,25.3,96,3.2,0.0,31.4
Bhadrak,1427962,21.0076,86.5326,2026-09-14T04:00,25.3,96,2.1,0.0,31.5
Bhadrak,1427962,21.0076,86.5326,2026-09-14T05:00,25.3,97,3.2,0.0,31.4
Bhadrak,1427962,21.0076,86.5326,2026-09-14T06:00,26.0,94,2.7,37.0,32.3
Bhadrak,1427962,21.0076,86.5326,2026-09-14T07:00,27.0,90,5.0,221.0,33.2
Bhadrak,1427962,21.0076,86.5326,2026-09-14T08:00,28.3,83,4.8,437.0,34.3
Bhadrak,1427962,21.0076,86.5326,2026-09-14T09:00,29.3,79,3.8,553.0,35.6
Bhadrak,1427962,21.0076,86.5326,2026-09-14T10:00,30.2,76,4.0,711.0,37.7
Bhadrak,1427962,21.0076,86.5326,2026-09-14T11:00,30.7,75,4.0,849.0,39.3
Bhadrak,1427962,21.0076,86.5326,2026-09-14T12:00,31.0,74,2.7,803.0,39.5
Bhadrak,1427962,21.0076,86.5326,2026-09-14T13:00,31.4,72,4.3,685.0,38.8
Bhadrak,1427962,21.0076,86.5326,2026-09-14T14:00,28.6,81,9.4,479.0,33.9
Bhadrak,1427962,21.0076,86.5326,2026-09-14T15:00,28.5,83,4.0,354.0,34.8
Bhadrak,1427962,21.0076,86.5326,2026-09-14T16:00,28.5,82,1.9,283.0,35.1
Bhadrak,1427962,21.0076,86.5326,2026-09-14T17:00,27.8,86,3.2,98.0,34.1
Bhadrak,1427962,21.0076,86.5326,2026-09-14T18:00,27.0,92,0.8,3.0,33.9
Bhadrak,1427962,21.0076,86.5326,2026-09-14T19:00,26.7,95,2.3,0.0,33.6
Bhadrak,1427962,21.0076,86.5326,2026-09-14T20:00,26.6,95,3.4,0.0,33.3
Bhadrak,1427962,21.0076,86.5326,2026-09-14T21:00,26.5,95,4.7,0.0,32.9
Bhadrak,1427962,21.0076,86.5326,2026-09-14T22:00,26.2,96,4.6,0.0,32.5
Bhadrak,1427962,21.0076,86.5326,2026-09-14T23:00,25.9,96,4.1,0.0,32.1
Bhadrak,1427962,21.0076,86.5326,2026-09-15T00:00,25.7,96,4.2,0.0,31.8
Bhadrak,1427962,21.0076,86.5326,2026-09-15T01:00,25.5,97,4.2,0.0,31.6
Bhadrak,1427962,21.0076,86.5326,2026-09-15T02:00,25.4,98,3.6,0.0,31.6
Bhadrak,1427962,21.0076,86.5326,2026-09-15T03:00,25.2,98,3.6,0.0,31.4
Bhadrak,1427962,21.0076,86.5326,2026-09-15T04:00,25.2,99,3.7,0.0,31.3
Bhadrak,1427962,21.0076,86.5326,2026-09-15T05:00,25.1,99,3.8,0.0,31.2
Bhadrak,1427962,21.0076,86.5326,2026-09-15T06:00,26.0,96,6.9,49.0,31.9
Bhadrak,1427962,21.0076,86.5326,2026-09-15T07:00,27.4,88,8.7,226.0,32.9
Bhadrak,1427962,21.0076,86.5326,2026-09-15T08:00,28.7,82,9.0,409.0,34.3
Bhadrak,1427962,21.0076,86.5326,2026-09-15T09:00,29.9,76,7.8,571.0,35.7
Bhadrak,1427962,21.0076,86.5326,2026-09-15T10:00,30.9,71,6.5,731.0,37.7
Bhadrak,1427962,21.0076,86.5326,2026-09-15T11:00,31.3,70,6.7,811.0,38.7
Bhadrak,1427962,21.0076,86.5326,2026-09-15T12:00,31.4,72,7.3,803.0,39.1
Bhadrak,1427962,21.0076,86.5326,2026-09-15T13:00,31.9,70,6.5,732.0,39.2
Bhadrak,1427962,21.0076,86.5326,2026-09-15T14:00,31.8,70,6.9,658.0,38.6
Bhadrak,1427962,21.0076,86.5326,2026-09-15T15:00,29.1,80,11.5,466.0,34.2
Bhadrak,1427962,21.0076,86.5326,2026-09-15T16:00,28.2,84,6.1,212.0,34.2
Bhadrak,1427962,21.0076,86.5326,2026-09-15T17:00,27.4,89,6.6,88.0,33.4
Bhadrak,1427962,21.0076,86.5326,2026-09-15T18:00,26.7,92,6.1,2.0,32.8
Bhadrak,1427962,21.0076,86.5326,2026-09-15T19:00,26.4,93,3.2,0.0,32.7
Bhadrak,1427962,21.0076,86.5326,2026-09-15T20:00,26.3,94,5.2,0.0,32.3
Bhadrak,1427962,21.0076,86.5326,2026-09-15T21:00,26.4,94,7.0,0.0,32.3
Bhadrak,1427962,21.0076,86.5326,2026-09-15T22:00,26.4,94,7.1,0.0,32.3
Bhadrak,1427962,21.0076,86.5326,2026-09-15T23:00,26.1,95,7.3,0.0,31.9
Bhadrak,1427962,21.0076,86.5326,2026-09-16T00:00,25.9,96,7.6,0.0,31.6
Bhadrak,1427962,21.0076,86.5326,2026-09-16T01:00,25.7,95,7.0,0.0,31.3
Bhadrak,1427962,21.0076,86.5326,2026-09-16T02:00,25.5,96,5.2,0.0,31.3
Bhadrak,1427962,21.0076,86.5326,2026-09-16T03:00,25.4,96,5.1,0.0,31.2
Bhadrak,1427962,21.0076,86.5326,2026-09-16T04:00,25.3,97,5.4,0.0,31.1
Bhadrak,1427962,21.0076,86.5326,2026-09-16T05:00,25.3,97,5.0,0.0,31.2
Bhadrak,1427962,21.0076,86.5326,2026-09-16T06:00,26.0,96,6.2,47.0,32.0
Bhadrak,1427962,21.0076,86.5326,2026-09-16T07:00,27.7,88,9.3,217.0,33.3
Bhadrak,1427962,21.0076,86.5326,2026-09-16T08:00,29.2,81,10.8,406.0,34.8
Bhadrak,1427962,21.0076,86.5326,2026-09-16T09:00,30.2,80,9.2,591.0,36.7
Bhadrak,1427962,21.0076,86.5326,2026-09-16T10:00,31.0,79,7.1,742.0,39.2
Bhadrak,1427962,21.0076,86.5326,2026-09-16T11:00,31.5,79,7.6,828.0,40.5
Bhadrak,1427962,21.0076,86.5326,2026-09-16T12:00,31.8,77,7.1,792.0,40.6
Bhadrak,1427962,21.0076,86.5326,2026-09-16T13:00,32.1,75,7.4,724.0,40.2
Bhadrak,1427962,21.0076,86.5326,2026-09-16T14:00,31.9,73,7.3,543.0,38.6
Bhadrak,1427962,21.0076,86.5326,2026-09-16T15:00,30.8,74,7.2,447.0,36.8
Bhadrak,1427962,21.0076,86.5326,2026-09-16T16:00,28.8,82,4.8,196.0,35.1
Bhadrak,1427962,21.0076,86.5326,2026-09-16T17:00,26.9,92,13.4,31.0,32.0
Bhadrak,1427962,21.0076,86.5326,2026-09-16T18:00,26.5,94,5.8,1.0,32.6
Bhadrak,1427962,21.0076,86.5326,2026-09-16T19:00,26.5,94,5.3,0.0,32.8
Bhadrak,1427962,21.0076,86.5326,2026-09-16T20:00,26.6,93,6.6,0.0,32.6
Bhadrak,1427962,21.0076,86.5326,2026-09-16T21:00,26.6,94,6.2,0.0,32.8
Bhadrak,1427962,21.0076,86.5326,2026-09-16T22:00,26.6,95,6.5,0.0,32.9
Bhadrak,1427962,21.0076,86.5326,2026-09-16T23:00,26.7,96,8.4,0.0,32.8
Bhadrak,1427962,21.0076,86.5326,2026-09-17T00:00,26.6,97,8.9,0.0,32.7
Bhadrak,1427962,21.0076,86.5326,2026-09-17T01:00,26.5,97,9.3,0.0,32.5
Bhadrak,1427962,21.0076,86.5326,2026-09-17T02:00,26.3,97,10.2,0.0,32.0
Bhadrak,1427962,21.0076,86.5326,2026-09-17T03:00,26.2,97,9.3,0.0,31.9
Bhadrak,1427962,21.0076,86.5326,2026-09-17T04:00,26.0,97,5.6,0.0,32.2
Bhadrak,1427962,21.0076,86.5326,2026-09-17T05:00,25.8,97,7.3,0.0,31.7
Bhadrak,1427962,21.0076,86.5326,2026-09-17T06:00,26.5,95,8.3,43.0,32.4
Bhadrak,1427962,21.0076,86.5326,2026-09-17T07:00,27.6,90,9.7,192.0,33.5
Bhadrak,1427962,21.0076,86.5326,2026-09-17T08:00,29.2,82,10.0,371.0,35.1
Bhadrak,1427962,21.0076,86.5326,2026-09-17T09:00,30.6,76,9.4,616.0,37.0
Bhadrak,1427962,21.0076,86.5326,2026-09-17T10:00,31.6,72,8.9,743.0,38.8
Bhadrak,1427962,21.0076,86.5326,2026-09-17T11:00,32.2,71,8.4,812.0,40.1
Bhadrak,1427962,21.0076,86.5326,2026-09-17T12:00,31.4,74,6.5,869.0,40.0
Bhadrak,1427962,21.0076,86.5326,2026-09-17T13:00,29.9,81,8.8,744.0,37.2
Bhadrak,1427962,21.0076,86.5326,2026-09-17T14:00,28.7,86,11.8,544.0,34.4
Bhadrak,1427962,21.0076,86.5326,2026-09-17T15:00,28.2,88,10.9,270.0,34.1
Bhadrak,1427962,21.0076,86.5326,2026-09-17T16:00,28.1,89,8.1,148.0,34.4
Bhadrak,1427962,21.0076,86.5326,2026-09-17T17:00,27.9,89,6.3,49.0,34.4
Bhadrak,1427962,21.0076,86.5326,2026-09-17T18:00,27.5,91,5.0,0.0,34.0
Bhadrak,1427962,21.0076,86.5326,2026-09-17T19:00,27.0,93,3.7,0.0,33.6
Bhadrak,1427962,21.0076,86.5326,2026-09-17T20:00,26.6,95,3.6,0.0,33.2
Bhadrak,1427962,21.0076,86.5326,2026-09-17T21:00,26.4,96,5.0,0.0,32.8
Bhadrak,1427962,21.0076,86.5326,2026-09-17T22:00,26.3,97,6.7,0.0,32.6
Bhadrak,1427962,21.0076,86.5326,2026-09-17T23:00,26.3,98,7.8,0.0,32.4
Kendrapara,1356827,20.5807,86.5624,2026-09-13T00:00,26.9,87,5.5,0.0,32.5
Kendrapara,1356827,20.5807,86.5624,2026-09-13T01:00,26.5,89,4.9,0.0,32.3
Kendrapara,1356827,20.5807,86.5624,2026-09-13T02:00,26.4,90,5.1,0.0,32.2
Kendrapara,1356827,20.5807,86.5624,2026-09-13T03:00,26.1,92,3.2,0.0,32.2
Kendrapara,1356827,20.5807,86.5624,2026-09-13T04:00,26.2,92,2.0,0.0,32.5
Kendrapara,1356827,20.5807,86.5624,2026-09-13T05:00,26.2,93,3.3,0.0,32.4
Kendrapara,1356827,20.5807,86.5624,2026-09-13T06:00,27.4,90,5.3,51.0,33.6
Kendrapara,1356827,20.5807,86.5624,2026-09-13T07:00,29.3,82,4.8,225.0,35.8
Kendrapara,1356827,20.5807,86.5624,2026-09-13T08:00,30.4,76,8.7,419.0,36.3
Kendrapara,1356827,20.5807,86.5624,2026-09-13T09:00,27.4,86,11.3,371.0,32.3
Kendrapara,1356827,20.5807,86.5624,2026-09-13T10:00,28.9,83,9.8,593.0,34.9
Kendrapara,1356827,20.5807,86.5624,2026-09-13T11:00,29.7,78,12.0,742.0,36.1
Kendrapara,1356827,20.5807,86.5624,2026-09-13T12:00,29.9,81,8.2,805.0,37.8
Kendrapara,1356827,20.5807,86.5624,2026-09-13T13:00,30.5,81,8.0,774.0,38.7
Kendrapara,1356827,20.5807,86.5624,2026-09-13T14:00,30.2,82,8.9,645.0,37.3
Kendrapara,1356827,20.5807,86.5624,2026-09-13T15:00,28.3,86,3.9,363.0,34.9
Kendrapara,1356827,20.5807,86.5624,2026-09-13T16:00,27.7,87,2.7,56.0,34.2
Kendrapara,1356827,20.5807,86.5624,2026-09-13T17:00,26.8,92,3.2,57.0,33.4
Kendrapara,1356827,20.5807,86.5624,2026-09-13T18:00,26.6,95,4.0,2.0,33.3
Kendrapara,1356827,20.5807,86.5624,2026-09-13T19:00,26.7,95,2.5,0.0,33.6
Kendrapara,1356827,20.5807,86.5624,2026-09-13T20:00,26.8,94,1.7,0.0,33.8
Kendrapara,1356827,20.5807,86.5624,2026-09-13T21:00,26.5,95,1.5,0.0,33.3
Kendrapara,1356827,20.5807,86.5624,2026-09-13T22:00,26.2,98,2.5,0.0,33.1
Kendrapara,1356827,20.5807,86.5624,2026-09-13T23:00,26.0,98,3.0,0.0,32.8
Kendrapara,1356827,20.5807,86.5624,2026-09-14T00:00,25.8,98,3.5,0.0,32.4
Kendrapara,1356827,20.5807,86.5624,2026-09-14T01:00,25.6,98,3.6,0.0,32.0
Kendrapara,1356827,20.5807,86.5624,2026-09-14T02:00,25.5,98,3.6,0.0,31.7
Kendrapara,1356827,20.5807,86.5624,2026-09-14T03:00,25.4,98,2.2,0.0,31.8
Kendrapara,1356827,20.5807,86.5624,2026-09-14T04:00,25.5,97,2.1,0.0,31.9
Kendrapara,1356827,20.5807,86.5624,2026-09-14T05:00,25.3,98,6.4,0.0,31.1
Kendrapara,1356827,20.5807,86.5624,2026-09-14T06:00,25.6,97,7.6,43.0,31.3
Kendrapara,1356827,20.5807,86.5624,2026-09-14T07:00,26.8,90,5.8,216.0,32.6
Kendrapara,1356827,20.5807,86.5624,2026-09-14T08:00,28.1,84,4.6,408.0,34.1
Kendrapara,1356827,20.5807,86.5624,2026-09-14T09:00,29.2,81,6.0,561.0,35.4
Kendrapara,1356827,20.5807,86.5624,2026-09-14T10:00,30.0,78,4.9,746.0,37.7
Kendrapara,1356827,20.5807,86.5624,2026-09-14T11:00,29.8,78,5.1,503.0,36.2
Kendrapara,1356827,20.5807,86.5624,2026-09-14T12:00,30.0,77,5.2,421.0,36.3
Kendrapara,1356827,20.5807,86.5624,2026-09-14T13:00,30.4,76,8.3,440.0,36.3
Kendrapara,1356827,20.5807,86.5624,2026-09-14T14:00,28.9,83,6.2,450.0,35.1
Kendrapara,1356827,20.5807,86.5624,2026-09-14T15:00,29.6,78,1.9,382.0,36.3
Kendrapara,1356827,20.5807,86.5624,2026-09-14T16:00,28.8,81,2.2,253.0,35.3
Kendrapara,1356827,20.5807,86.5624,2026-09-14T17:00,27.3,89,4.5,78.0,33.6
Kendrapara,1356827,20.5807,86.5624,2026-09-14T18:00,26.7,93,5.6,2.0,32.9
Kendrapara,1356827,20.5807,86.5624,2026-09-14T19:00,26.3,95,3.6,0.0,32.8
Kendrapara,1356827,20.5807,86.5624,2026-09-14T20:00,26.3,95,2.4,0.0,32.9
Kendrapara,1356827,20.5807,86.5624,2026-09-14T21:00,26.2,95,3.7,0.0,32.6
Kendrapara,1356827,20.5807,86.5624,2026-09-14T22:00,26.1,96,4.5,0.0,32.4
Kendrapara,1356827,20.5807,86.5624,2026-09-14T23:00,26.1,96,4.9,0.0,32.3
Kendrapara,1356827,20.5807,86.5624,2026-09-15T00:00,25.9,97,4.4,0.0,32.2
Kendrapara,1356827,20.5807,86.5624,2026-09-15T01:00,25.8,97,3.9,0.0,32.1
Kendrapara,1356827,20.5807,86.5624,2026-09-15T02:00,25.7,97,3.6,0.0,32.0
Kendrapara,1356827,20.5807,86.5624,2026-09-15T03:00,25.6,97,4.0,0.0,31.7
Kendrapara,1356827,20.5807,86.5624,2026-09-15T04:00,25.4,97,6.4,0.0,31.1
Kendrapara,1356827,20.5807,86.5624,2026-09-15T05:00,25.1,97,4.0,0.0,30.9
Kendrapara,1356827,20.5807,86.5624,2026-09-15T06:00,25.8,95,5.6,51.0,31.7
Kendrapara,1356827,20.5807,86.5624,2026-09-15T07:00,27.3,89,6.5,230.0,33.3
Kendrapara,1356827,20.5807,86.5624,2026-09-15T08:00,28.6,83,7.4,435.0,34.4
Kendrapara,1356827,20.5807,86.5624,2026-09-15T09:00,29.7,77,7.2,627.0,36.1
Kendrapara,1356827,20.5807,86.5624,2026-09-15T10:00,30.2,77,7.1,719.0,37.3
Kendrapara,1356827,20.5807,86.5624,2026-09-15T11:00,31.0,76,6.0,808.0,39.2
Kendrapara,1356827,20.5807,86.5624,2026-09-15T12:00,31.8,73,7.6,863.0,40.2
Kendrapara,1356827,20.5807,86.5624,2026-09-15T13:00,28.8,81,9.0,736.0,35.4
Kendrapara,1356827,20.5807,86.5624,2026-09-15T14:00,25.8,94,13.4,248.0,30.4
Kendrapara,1356827,20.5807,86.5624,2026-09-15T15:00,28.3,84,8.6,482.0,34.0
Kendrapara,1356827,20.5807,86.5624,2026-09-15T16:00,28.5,83,9.1,288.0,34.1
Kendrapara,1356827,20.5807,86.5624,2026-09-15T17:00,27.9,88,4.5,94.0,34.4
Kendrapara,1356827,20.5807,86.5624,2026-09-15T18:00,27.1,92,3.4,2.0,33.8
Kendrapara,1356827,20.5807,86.5624,2026-09-15T19:00,26.9,93,4.1,0.0,33.4
Kendrapara,1356827,20.5807,86.5624,2026-09-15T20:00,26.7,93,5.3,0.0,33.0
Kendrapara,1356827,20.5807,86.5624,2026-09-15T21:00,26.7,93,6.7,0.0,32.7
Kendrapara,1356827,20.5807,86.5624,2026-09-15T22:00,26.5,94,7.3,0.0,32.4
Kendrapara,1356827,20.5807,86.5624,2026-09-15T23:00,26.4,95,6.5,0.0,32.4
Kendrapara,1356827,20.5807,86.5624,2026-09-16T00:00,26.4,94,7.5,0.0,32.3
Kendrapara,1356827,20.5807,86.5624,2026-09-16T01:00,26.4,95,6.7,0.0,32.4
Kendrapara,1356827,20.5807,86.5624,2026-09-16T02:00,26.1,96,5.6,0.0,32.2
Kendrapara,1356827,20.5807,86.5624,2026-09-16T03:00,26.1,96,6.7,0.0,32.0
Kendrapara,1356827,20.5807,86.5624,2026-09-16T04:00,26.0,96,6.0,0.0,32.0
Kendrapara,1356827,20.5807,86.5624,2026-09-16T05:00,25.9,96,6.0,0.0,31.8
Kendrapara,1356827,20.5807,86.5624,2026-09-16T06:00,26.7,94,8.0,47.0,32.6
Kendrapara,1356827,20.5807,86.5624,2026-09-16T07:00,28.2,88,10.9,213.0,33.9
Kendrapara,1356827,20.5807,86.5624,2026-09-16T08:00,29.2,84,12.2,379.0,35.0
Kendrapara,1356827,20.5807,86.5624,2026-09-16T09:00,30.2,80,10.8,586.0,36.6
Kendrapara,1356827,20.5807,86.5624,2026-09-16T10:00,30.9,78,9.1,702.0,38.2
Kendrapara,1356827,20.5807,86.5624,2026-09-16T11:00,31.3,77,9.1,783.0,39.3
Kendrapara,1356827,20.5807,86.5624,2026-09-16T12:00,31.3,77,9.3,671.0,38.6
Kendrapara,1356827,20.5807,86.5624,2026-09-16T13:00,31.1,77,10.5,694.0,38.3
Kendrapara,1356827,20.5807,86.5624,2026-09-16T14:00,31.7,73,7.0,600.0,38.4
Kendrapara,1356827,20.5807,86.5624,2026-09-16T15:00,28.8,85,16.8,366.0,33.7
Kendrapara,1356827,20.5807,86.5624,2026-09-16T16:00,28.6,88,10.5,235.0,34.8
Kendrapara,1356827,20.5807,86.5624,2026-09-16T17:00,27.9,91,9.6,78.0,34.0
Kendrapara,1356827,20.5807,86.5624,2026-09-16T18:00,27.2,93,4.7,1.0,33.9
Kendrapara,1356827,20.5807,86.5624,2026-09-16T19:00,27.3,95,2.4,0.0,34.5
Kendrapara,1356827,20.5807,86.5624,2026-09-16T20:00,27.2,95,5.0,0.0,34.1
Kendrapara,1356827,20.5807,86.5624,2026-09-16T21:00,27.1,95,5.1,0.0,34.0
Kendrapara,1356827,20.5807,86.5624,2026-09-16T22:00,27.1,96,7.6,0.0,33.6
Kendrapara,1356827,20.5807,86.5624,2026-09-16T23:00,26.9,96,9.0,0.0,33.1
Kendrapara,1356827,20.5807,86.5624,2026-09-17T00:00,26.7,96,10.1,0.0,32.5
Kendrapara,1356827,20.5807,86.5624,2026-09-17T01:00,26.5,95,10.4,0.0,32.1
Kendrapara,1356827,20.5807,86.5624,2026-09-17T02:00,26.2,95,10.4,0.0,31.6
Kendrapara,1356827,20.5807,86.5624,2026-09-17T03:00,26.1,95,9.6,0.0,31.5
Kendrapara,1356827,20.5807,86.5624,2026-09-17T04:00,25.9,96,6.7,0.0,31.8
Kendrapara,1356827,20.5807,86.5624,2026-09-17T05:00,25.8,96,7.1,0.0,31.6
Kendrapara,1356827,20.5807,86.5624,2026-09-17T06:00,26.5,95,6.6,40.0,32.6
Kendrapara,1356827,20.5807,86.5624,2026-09-17T07:00,27.7,90,9.0,213.0,33.8
Kendrapara,1356827,20.5807,86.5624,2026-09-17T08:00,29.1,85,11.9,429.0,34.9
Kendrapara,1356827,20.5807,86.5624,2026-09-17T09:00,30.4,79,11.8,610.0,36.6
Kendrapara,1356827,20.5807,86.5624,2026-09-17T10:00,31.5,72,13.0,754.0,38.1
Kendrapara,1356827,20.5807,86.5624,2026-09-17T11:00,32.2,70,11.5,761.0,39.2
Kendrapara,1356827,20.5807,86.5624,2026-09-17T12:00,32.7,70,10.0,907.0,40.9
Kendrapara,1356827,20.5807,86.5624,2026-09-17T13:00,32.8,71,7.7,795.0,41.1
Kendrapara,1356827,20.5807,86.5624,2026-09-17T14:00,32.3,74,5.6,596.0,39.9
Kendrapara,1356827,20.5807,86.5624,2026-09-17T15:00,30.6,80,3.0,312.0,38.1
Kendrapara,1356827,20.5807,86.5624,2026-09-17T16:00,28.4,88,1.5,175.0,35.6
Kendrapara,1356827,20.5807,86.5624,2026-09-17T17:00,26.7,94,2.8,59.0,33.4
Kendrapara,1356827,20.5807,86.5624,2026-09-17T18:00,26.0,97,3.0,0.0,32.6
Kendrapara,1356827,20.5807,86.5624,2026-09-17T19:00,25.9,97,2.7,0.0,32.5
Kendrapara,1356827,20.5807,86.5624,2026-09-17T20:00,25.9,98,3.5,0.0,32.5
Kendrapara,1356827,20.5807,86.5624,2026-09-17T21:00,26.0,97,5.8,0.0,32.3
Kendrapara,1356827,20.5807,86.5624,2026-09-17T22:00,26.2,96,8.6,0.0,32.1
Kendrapara,1356827,20.5807,86.5624,2026-09-17T23:00,26.3,96,10.2,0.0,31.8
Bargarh,1331145,21.2162,83.2389,2026-09-13T00:00,24.1,99,8.6,0.0,28.9
Bargarh,1331145,21.2162,83.2389,2026-09-13T01:00,23.9,99,9.0,0.0,28.4
Bargarh,1331145,21.2162,83.2389,2026-09-13T02:00,23.8,99,8.4,0.0,28.5
Bargarh,1331145,21.2162,83.2389,2026-09-13T03:00,23.7,100,8.0,0.0,28.3
Bargarh,1331145,21.2162,83.2389,2026-09-13T04:00,23.5,98,8.4,0.0,27.8
Bargarh,1331145,21.2162,83.2389,2026-09-13T05:00,23.7,99,7.9,0.0,28.3
Bargarh,1331145,21.2162,83.2389,2026-09-13T06:00,23.9,98,8.5,23.0,28.5
Bargarh,1331145,21.2162,83.2389,2026-09-13T07:00,24.9,94,9.1,171.0,29.5
Bargarh,1331145,21.2162,83.2389,2026-09-13T08:00,26.0,89,9.3,361.0,30.7
Bargarh,1331145,21.2162,83.2389,2026-09-13T09:00,27.5,82,11.0,584.0,32.3
Bargarh,1331145,21.2162,83.2389,2026-09-13T10:00,28.8,74,12.3,742.0,34.1
Bargarh,1331145,21.2162,83.2389,2026-09-13T11:00,29.7,67,12.9,810.0,34.6
Bargarh,1331145,21.2162,83.2389,2026-09-13T12:00,29.7,68,10.9,851.0,35.4
Bargarh,1331145,21.2162,83.2389,2026-09-13T13:00,30.0,67,8.6,804.0,35.9
Bargarh,1331145,21.2162,83.2389,2026-09-13T14:00,30.0,68,7.5,682.0,35.4
Bargarh,1331145,21.2162,83.2389,2026-09-13T15:00,29.7,68,5.0,524.0,34.5
Bargarh,1331145,21.2162,83.2389,2026-09-13T16:00,29.0,73,3.4,288.0,34.4
Bargarh,1331145,21.2162,83.2389,2026-09-13T17:00,28.1,74,8.8,118.0,32.3
Bargarh,1331145,21.2162,83.2389,2026-09-13T18:00,27.0,74,8.2,11.0,30.7
Bargarh,1331145,21.2162,83.2389,2026-09-13T19:00,26.6,73,6.8,0.0,30.2
Bargarh,1331145,21.2162,83.2389,2026-09-13T20:00,26.1,78,4.2,0.0,30.3
Bargarh,1331145,21.2162,83.2389,2026-09-13T21:00,25.3,83,4.4,0.0,29.7
Bargarh,1331145,21.2162,83.2389,2026-09-13T22:00,24.8,87,4.2,0.0,29.3
Bargarh,1331145,21.2162,83.2389,2026-09-13T23:00,24.4,89,4.9,0.0,28.8
Bargarh,1331145,21.2162,83.2389,2026-09-14T00:00,24.0,91,4.0,0.0,28.6
Bargarh,1331145,21.2162,83.2389,2026-09-14T01:00,24.3,89,3.3,0.0,28.9
Bargarh,1331145,21.2162,83.2389,2026-09-14T02:00,24.2,89,3.9,0.0,28.6
Bargarh,1331145,21.2162,83.2389,2026-09-14T03:00,23.5,93,4.5,0.0,27.8
Bargarh,1331145,21.2162,83.2389,2026-09-14T04:00,23.2,95,4.1,0.0,27.6
Bargarh,1331145,21.2162,83.2389,2026-09-14T05:00,23.0,96,4.0,0.0,27.5
Bargarh,1331145,21.2162,83.2389,2026-09-14T06:00,24.0,93,5.7,26.0,28.5
Bargarh,1331145,21.2162,83.2389,2026-09-14T07:00,25.6,88,5.3,177.0,30.6
Bargarh,1331145,21.2162,83.2389,2026-09-14T08:00,26.9,84,6.8,375.0,31.9
Bargarh,1331145,21.2162,83.2389,2026-09-14T09:00,27.9,80,7.4,565.0,33.1
Bargarh,1331145,21.2162,83.2389,2026-09-14T10:00,28.9,77,6.9,728.0,35.2
Bargarh,1331145,21.2162,83.2389,2026-09-14T11:00,29.5,75,5.6,816.0,36.8
Bargarh,1331145,21.2162,83.2389,2026-09-14T12:00,29.8,72,3.9,837.0,37.3
Bargarh,1331145,21.2162,83.2389,2026-09-14T13:00,30.0,71,2.3,787.0,37.5
Bargarh,1331145,21.2162,83.2389,2026-09-14T14:00,30.4,70,1.8,693.0,37.3
Bargarh,1331145,21.2162,83.2389,2026-09-14T15:00,30.1,71,3.8,540.0,35.8
Bargarh,1331145,21.2162,83.2389,2026-09-14T16:00,29.4,70,7.6,341.0,34.0
Bargarh,1331145,21.2162,83.2389,2026-09-14T17:00,27.8,83,6.6,101.0,33.2
Bargarh,1331145,21.2162,83.2389,2026-09-14T18:00,26.6,87,4.3,10.0,32.2
Bargarh,1331145,21.2162,83.2389,2026-09-14T19:00,26.3,87,2.9,0.0,31.9
Bargarh,1331145,21.2162,83.2389,2026-09-14T20:00,26.4,85,2.4,0.0,31.8
Bargarh,1331145,21.2162,83.2389,2026-09-14T21:00,26.1,85,4.5,0.0,31.1
Bargarh,1331145,21.2162,83.2389,2026-09-14T22:00,24.7,91,10.4,0.0,28.8
Bargarh,1331145,21.2162,83.2389,2026-09-14T23:00,24.3,96,3.8,0.0,29.6
Bargarh,1331145,21.2162,83.2389,2026-09-15T00:00,24.2,97,5.6,0.0,29.2
Bargarh,1331145,21.2162,83.2389,2026-09-15T01:00,24.1,97,2.8,0.0,29.6
Bargarh,1331145,21.2162,83.2389,2026-09-15T02:00,23.8,99,2.5,0.0,29.3
Bargarh,1331145,21.2162,83.2389,2026-09-15T03:00,23.7,99,1.7,0.0,29.2
Bargarh,1331145,21.2162,83.2389,2026-09-15T04:00,23.5,100,1.0,0.0,29.1
Bargarh,1331145,21.2162,83.2389,2026-09-15T05:00,23.4,100,1.0,0.0,29.0
Bargarh,1331145,21.2162,83.2389,2026-09-15T06:00,24.0,100,0.4,25.0,29.9
Bargarh,1331145,21.2162,83.2389,2026-09-15T07:00,25.3,93,1.4,181.0,31.1
Bargarh,1331145,21.2162,83.2389,2026-09-15T08:00,26.6,86,2.3,384.0,32.3
Bargarh,1331145,21.2162,83.2389,2026-09-15T09:00,27.9,80,3.6,594.0,33.8
Bargarh,1331145,21.2162,83.2389,2026-09-15T10:00,29.0,75,3.7,750.0,35.9
Bargarh,1331145,21.2162,83.2389,2026-09-15T11:00,29.7,73,4.6,828.0,37.1
Bargarh,1331145,21.2162,83.2389,2026-09-15T12:00,30.1,70,6.1,848.0,37.1
Bargarh,1331145,21.2162,83.2389,2026-09-15T13:00,30.0,70,7.3,711.0,35.9
Bargarh,1331145,21.2162,83.2389,2026-09-15T14:00,29.6,70,7.1,530.0,34.3
Bargarh,1331145,21.2162,83.2389,2026-09-15T15:00,30.1,67,4.8,421.0,35.0
Bargarh,1331145,21.2162,83.2389,2026-09-15T16:00,28.2,78,10.4,299.0,32.8
Bargarh,1331145,21.2162,83.2389,2026-09-15T17:00,27.2,87,4.8,113.0,33.1
Bargarh,1331145,21.2162,83.2389,2026-09-15T18:00,26.2,92,2.4,9.0,32.4
Bargarh,1331145,21.2162,83.2389,2026-09-15T19:00,25.7,94,4.2,0.0,31.5
Bargarh,1331145,21.2162,83.2389,2026-09-15T20:00,25.2,95,4.2,0.0,30.9
Bargarh,1331145,21.2162,83.2389,2026-09-15T21:00,25.0,95,3.1,0.0,30.7
Bargarh,1331145,21.2162,83.2389,2026-09-15T22:00,24.8,95,2.9,0.0,30.5
Bargarh,1331145,21.2162,83.2389,2026-09-15T23:00,24.8,94,4.0,0.0,30.2
Bargarh,1331145,21.2162,83.2389,2026-09-16T00:00,24.8,94,5.2,0.0,29.9
Bargarh,1331145,21.2162,83.2389,2026-09-16T01:00,24.8,94,5.6,0.0,29.9
Bargarh,1331145,21.2162,83.2389,2026-09-16T02:00,24.7,95,5.9,0.0,29.8
Bargarh,1331145,21.2162,83.2389,2026-09-16T03:00,24.6,96,5.5,0.0,29.9
Bargarh,1331145,21.2162,83.2389,2026-09-16T04:00,24.5,97,6.2,0.0,29.7
Bargarh,1331145,21.2162,83.2389,2026-09-16T05:00,24.4,96,6.2,0.0,29.5
Bargarh,1331145,21.2162,83.2389,2026-09-16T06:00,25.0,94,6.7,26.0,30.2
Bargarh,1331145,21.2162,83.2389,2026-09-16T07:00,26.8,88,6.2,179.0,32.3
Bargarh,1331145,21.2162,83.2389,2026-09-16T08:00,27.5,86,8.3,373.0,32.9
Bargarh,1331145,21.2162,83.2389,2026-09-16T09:00,28.2,83,8.3,521.0,33.7
Bargarh,1331145,21.2162,83.2389,2026-09-16T10:00,29.4,79,9.4,711.0,35.9
Bargarh,1331145,21.2162,83.2389,2026-09-16T11:00,30.1,75,9.5,808.0,36.9
Bargarh,1331145,21.2162,83.2389,2026-09-16T12:00,30.3,74,9.4,823.0,37.3
Bargarh,1331145,21.2162,83.2389,2026-09-16T13:00,30.7,71,9.8,762.0,37.1
Bargarh,1331145,21.2162,83.2389,2026-09-16T14:00,28.1,81,12.0,603.0,32.9
Bargarh,1331145,21.2162,83.2389,2026-09-16T15:00,27.2,85,4.8,303.0,32.8
Bargarh,1331145,21.2162,83.2389,2026-09-16T16:00,26.9,88,5.8,202.0,32.6
Bargarh,1331145,21.2162,83.2389,2026-09-16T17:00,26.8,91,4.5,102.0,33.0
Bargarh,1331145,21.2162,83.2389,2026-09-16T18:00,26.1,94,3.6,7.0,32.4
Bargarh,1331145,21.2162,83.2389,2026-09-16T19:00,25.6,96,4.7,0.0,31.7
Bargarh,1331145,21.2162,83.2389,2026-09-16T20:00,25.4,97,3.3,0.0,31.5
Bargarh,1331145,21.2162,83.2389,2026-09-16T21:00,25.3,97,3.9,0.0,31.3
Bargarh,1331145,21.2162,83.2389,2026-09-16T22:00,25.3,96,4.8,0.0,31.0
Bargarh,1331145,21.2162,83.2389,2026-09-16T23:00,25.1,96,6.4,0.0,30.5
Bargarh,1331145,21.2162,83.2389,2026-09-17T00:00,24.2,99,2.1,0.0,29.9
Bargarh,1331145,21.2162,83.2389,2026-09-17T01:00,24.3,99,5.9,0.0,29.5
Bargarh,1331145,21.2162,83.2389,2026-09-17T02:00,24.2,99,6.7,0.0,29.2
Bargarh,1331145,21.2162,83.2389,2026-09-17T03:00,24.0,99,7.3,0.0,28.8
Bargarh,1331145,21.2162,83.2389,2026-09-17T04:00,23.9,99,6.2,0.0,28.8
Bargarh,1331145,21.2162,83.2389,2026-09-17T05:00,23.7,99,7.5,0.0,28.4
Bargarh,1331145,21.2162,83.2389,2026-09-17T06:00,24.1,98,9.1,25.0,28.8
Bargarh,1331145,21.2162,83.2389,2026-09-17T07:00,25.3,96,8.9,167.0,30.5
Bargarh,1331145,21.2162,83.2389,2026-09-17T08:00,26.7,90,11.8,379.0,31.7
Bargarh,1331145,21.2162,83.2389,2026-09-17T09:00,27.8,87,10.4,468.0,33.3
Bargarh,1331145,21.2162,83.2389,2026-09-17T10:00,29.2,81,11.3,717.0,35.6
Bargarh,1331145,21.2162,83.2389,2026-09-17T11:00,30.1,76,12.8,839.0,36.8
Bargarh,1331145,21.2162,83.2389,2026-09-17T12:00,29.9,78,12.3,761.0,36.4
Bargarh,1331145,21.2162,83.2389,2026-09-17T13:00,29.0,84,11.5,674.0,35.5
Bargarh,1331145,21.2162,83.2389,2026-09-17T14:00,28.2,89,10.0,534.0,34.4
Bargarh,1331145,21.2162,83.2389,2026-09-17T15:00,27.7,92,7.2,333.0,34.1
Bargarh,1331145,21.2162,83.2389,2026-09-17T16:00,27.1,93,4.1,207.0,33.8
Bargarh,1331145,21.2162,83.2389,2026-09-17T17:00,26.6,94,3.7,87.0,33.1
Bargarh,1331145,21.2162,83.2389,2026-09-17T18:00,26.2,95,4.5,5.0,32.4
Bargarh,1331145,21.2162,83.2389,2026-09-17T19:00,25.8,96,6.2,0.0,31.6
Bargarh,1331145,21.2162,83.2389,2026-09-17T20:00,25.4,97,7.7,0.0,30.9
Bargarh,1331145,21.2162,83.2389,2026-09-17T21:00,25.1,97,8.3,0.0,30.3
Bargarh,1331145,21.2162,83.2389,2026-09-17T22:00,24.8,97,8.5,0.0,29.7
Bargarh,1331145,21.2162,83.2389,2026-09-17T23:00,24.5,97,7.8,0.0,29.4
Koraput,1153478,18.7579,82.8175,2026-09-13T00:00,21.5,80,13.4,0.0,22.4
Koraput,1153478,18.7579,82.8175,2026-09-13T01:00,21.4,78,12.4,0.0,22.2
Koraput,1153478,18.7579,82.8175,2026-09-13T02:00,21.3,77,9.8,0.0,22.3
Koraput,1153478,18.7579,82.8175,2026-09-13T03:00,21.3,77,7.8,0.0,22.6
Koraput,1153478,18.7579,82.8175,2026-09-13T04:00,21.1,77,6.9,0.0,22.5
Koraput,1153478,18.7579,82.8175,2026-09-13T05:00,21.6,74,7.7,0.0,22.9
Koraput,1153478,18.7579,82.8175,2026-09-13T06:00,21.9,74,8.7,8.0,23.1
Koraput,1153478,18.7579,82.8175,2026-09-13T07:00,22.7,76,7.6,66.0,24.5
Koraput,1153478,18.7579,82.8175,2026-09-13T08:00,23.5,76,8.4,154.0,25.7
Koraput,1153478,18.7579,82.8175,2026-09-13T09:00,24.9,71,9.6,310.0,27.0
Koraput,1153478,18.7579,82.8175,2026-09-13T10:00,25.2,70,8.8,307.0,27.5
Koraput,1153478,18.7579,82.8175,2026-09-13T11:00,26.2,66,8.0,395.0,28.5
Koraput,1153478,18.7579,82.8175,2026-09-13T12:00,25.5,69,5.4,488.0,28.3
Koraput,1153478,18.7579,82.8175,2026-09-13T13:00,23.6,89,9.2,455.0,26.9
Koraput,1153478,18.7579,82.8175,2026-09-13T14:00,23.2,90,8.1,272.0,26.7
Koraput,1153478,18.7579,82.8175,2026-09-13T15:00,23.4,88,3.2,183.0,27.4
Koraput,1153478,18.7579,82.8175,2026-09-13T16:00,23.5,88,6.9,250.0,27.0
Koraput,1153478,18.7579,82.8175,2026-09-13T17:00,23.5,87,4.3,125.0,27.3
Koraput,1153478,18.7579,82.8175,2026-09-13T18:00,22.4,92,4.5,10.0,26.0
Koraput,1153478,18.7579,82.8175,2026-09-13T19:00,21.8,93,4.3,0.0,25.3
Koraput,1153478,18.7579,82.8175,2026-09-13T20:00,21.5,94,3.4,0.0,25.0
Koraput,1153478,18.7579,82.8175,2026-09-13T21:00,21.2,95,3.7,0.0,24.7
Koraput,1153478,18.7579,82.8175,2026-09-13T22:00,20.7,96,4.2,0.0,24.0
Koraput,1153478,18.7579,82.8175,2026-09-13T23:00,20.4,96,4.4,0.0,23.5
Koraput,1153478,18.7579,82.8175,2026-09-14T00:00,20.3,96,4.1,0.0,23.4
Koraput,1153478,18.7579,82.8175,2026-09-14T01:00,20.0,95,3.8,0.0,22.9
Koraput,1153478,18.7579,82.8175,2026-09-14T02:00,20.2,94,3.4,0.0,23.1
Koraput,1153478,18.7579,82.8175,2026-09-14T03:00,19.7,93,2.7,0.0,22.5
Koraput,1153478,18.7579,82.8175,2026-09-14T04:00,19.7,91,2.2,0.0,22.4
Koraput,1153478,18.7579,82.8175,2026-09-14T05:00,19.8,89,1.5,0.0,22.4
Koraput,1153478,18.7579,82.8175,2026-09-14T06:00,20.3,90,3.9,27.0,22.9
Koraput,1153478,18.7579,82.8175,2026-09-14T07:00,22.1,86,3.9,196.0,25.1
Koraput,1153478,18.7579,82.8175,2026-09-14T08:00,24.5,73,3.7,437.0,27.4
Koraput,1153478,18.7579,82.8175,2026-09-14T09:00,26.2,65,2.0,633.0,29.8
Koraput,1153478,18.7579,82.8175,2026-09-14T10:00,27.7,59,1.7,824.0,32.6
Koraput,1153478,18.7579,82.8175,2026-09-14T11:00,28.5,55,3.1,923.0,33.7
Koraput,1153478,18.7579,82.8175,2026-09-14T12:00,28.3,59,3.7,884.0,33.4
Koraput,1153478,18.7579,82.8175,2026-09-14T13:00,27.0,65,2.9,667.0,31.2
Koraput,1153478,18.7579,82.8175,2026-09-14T14:00,24.1,88,10.7,496.0,27.5
Koraput,1153478,18.7579,82.8175,2026-09-14T15:00,24.1,86,3.4,430.0,28.4
Koraput,1153478,18.7579,82.8175,2026-09-14T16:00,24.7,82,3.0,359.0,28.9
Koraput,1153478,18.7579,82.8175,2026-09-14T17:00,24.3,84,2.7,140.0,28.5
Koraput,1153478,18.7579,82.8175,2026-09-14T18:00,23.2,88,2.2,12.0,27.3
Koraput,1153478,18.7579,82.8175,2026-09-14T19:00,22.3,93,3.1,0.0,26.2
Koraput,1153478,18.7579,82.8175,2026-09-14T20:00,21.8,95,1.5,0.0,26.0
Koraput,1153478,18.7579,82.8175,2026-09-14T21:00,21.2,98,2.1,0.0,25.2
Koraput,1153478,18.7579,82.8175,2026-09-14T22:00,20.9,98,2.0,0.0,24.8
Koraput,1153478,18.7579,82.8175,2026-09-14T23:00,20.7,98,1.8,0.0,24.4
Koraput,1153478,18.7579,82.8175,2026-09-15T00:00,20.6,96,2.6,0.0,24.0
Koraput,1153478,18.7579,82.8175,2026-09-15T01:00,20.6,95,1.8,0.0,24.1
Koraput,1153478,18.7579,82.8175,2026-09-15T02:00,20.4,96,2.5,0.0,23.8
Koraput,1153478,18.7579,82.8175,2026-09-15T03:00,20.1,98,3.3,0.0,23.3
Koraput,1153478,18.7579,82.8175,2026-09-15T04:00,19.9,98,3.5,0.0,23.1
Koraput,1153478,18.7579,82.8175,2026-09-15T05:00,19.8,98,3.1,0.0,22.9
Koraput,1153478,18.7579,82.8175,2026-09-15T06:00,20.2,99,4.6,24.0,23.4
Koraput,1153478,18.7579,82.8175,2026-09-15T07:00,21.5,93,4.3,180.0,24.8
Koraput,1153478,18.7579,82.8175,2026-09-15T08:00,23.4,84,5.4,391.0,26.8
Koraput,1153478,18.7579,82.8175,2026-09-15T09:00,25.2,75,7.1,578.0,28.3
Koraput,1153478,18.7579,82.8175,2026-09-15T10:00,26.5,68,8.8,777.0,30.5
Koraput,1153478,18.7579,82.8175,2026-09-15T11:00,26.9,69,10.5,848.0,31.2
Koraput,1153478,18.7579,82.8175,2026-09-15T12:00,26.5,74,9.7,840.0,31.4
Koraput,1153478,18.7579,82.8175,2026-09-15T13:00,26.9,73,4.6,746.0,32.2
Koraput,1153478,18.7579,82.8175,2026-09-15T14:00,26.7,69,12.5,594.0,29.3
Koraput,1153478,18.7579,82.8175,2026-09-15T15:00,26.6,69,8.7,508.0,29.5
Koraput,1153478,18.7579,82.8175,2026-09-15T16:00,25.9,73,8.2,290.0,28.9
Koraput,1153478,18.7579,82.8175,2026-09-15T17:00,25.0,79,5.0,133.0,28.7
Koraput,1153478,18.7579,82.8175,2026-09-15T18:00,23.3,89,4.6,10.0,27.2
Koraput,1153478,18.7579,82.8175,2026-09-15T19:00,22.7,93,4.1,0.0,26.8
Koraput,1153478,18.7579,82.8175,2026-09-15T20:00,22.4,94,2.6,0.0,26.5
Koraput,1153478,18.7579,82.8175,2026-09-15T21:00,22.4,93,0.4,0.0,26.7
Koraput,1153478,18.7579,82.8175,2026-09-15T22:00,22.0,93,1.0,0.0,26.1
Koraput,1153478,18.7579,82.8175,2026-09-15T23:00,21.5,95,3.3,0.0,25.2
Koraput,1153478,18.7579,82.8175,2026-09-16T00:00,21.1,96,3.1,0.0,24.7
Koraput,1153478,18.7579,82.8175,2026-09-16T01:00,20.9,96,1.5,0.0,24.6
Koraput,1153478,18.7579,82.8175,2026-09-16T02:00,20.7,97,2.4,0.0,24.3
Koraput,1153478,18.7579,82.8175,2026-09-16T03:00,20.5,97,2.4,0.0,23.9
Koraput,1153478,18.7579,82.8175,2026-09-16T04:00,20.3,98,3.1,0.0,23.6
Koraput,1153478,18.7579,82.8175,2026-09-16T05:00,20.2,98,2.7,0.0,23.6
Koraput,1153478,18.7579,82.8175,2026-09-16T06:00,21.0,99,4.2,27.0,24.7
Koraput,1153478,18.7579,82.8175,2026-09-16T07:00,22.4,92,8.1,167.0,25.6
Koraput,1153478,18.7579,82.8175,2026-09-16T08:00,24.0,85,6.5,348.0,27.5
Koraput,1153478,18.7579,82.8175,2026-09-16T09:00,25.4,77,7.4,506.0,28.7
Koraput,1153478,18.7579,82.8175,2026-09-16T10:00,26.7,71,9.3,778.0,31.0
Koraput,1153478,18.7579,82.8175,2026-09-16T11:00,27.1,71,9.3,844.0,32.0
Koraput,1153478,18.7579,82.8175,2026-09-16T12:00,27.2,71,8.9,749.0,31.7
Koraput,1153478,18.7579,82.8175,2026-09-16T13:00,26.8,73,10.5,555.0,29.9
Koraput,1153478,18.7579,82.8175,2026-09-16T14:00,25.6,79,10.5,532.0,28.7
Koraput,1153478,18.7579,82.8175,2026-09-16T15:00,25.2,83,6.5,368.0,29.1
Koraput,1153478,18.7579,82.8175,2026-09-16T16:00,25.5,81,5.5,215.0,29.5
Koraput,1153478,18.7579,82.8175,2026-09-16T17:00,24.7,84,8.0,101.0,28.4
Koraput,1153478,18.7579,82.8175,2026-09-16T18:00,23.1,93,5.1,9.0,27.1
Koraput,1153478,18.7579,82.8175,2026-09-16T19:00,22.6,94,2.1,0.0,27.0
Koraput,1153478,18.7579,82.8175,2026-09-16T20:00,22.6,94,0.4,0.0,27.2
Koraput,1153478,18.7579,82.8175,2026-09-16T21:00,22.1,96,1.0,0.0,26.5
Koraput,1153478,18.7579,82.8175,2026-09-16T22:00,21.8,97,1.5,0.0,26.1
Koraput,1153478,18.7579,82.8175,2026-09-16T23:00,21.5,96,1.4,0.0,25.6
Koraput,1153478,18.7579,82.8175,2026-09-17T00:00,21.3,98,3.6,0.0,25.2
Koraput,1153478,18.7579,82.8175,2026-09-17T01:00,21.0,99,4.4,0.0,24.7
Koraput,1153478,18.7579,82.8175,2026-09-17T02:00,20.7,99,2.8,0.0,24.4
Koraput,1153478,18.7579,82.8175,2026-09-17T03:00,20.5,99,0.5,0.0,24.5
Koraput,1153478,18.7579,82.8175,2026-09-17T04:00,20.4,99,2.6,0.0,24.0
Koraput,1153478,18.7579,82.8175,2026-09-17T05:00,20.5,99,2.9,0.0,24.1
Koraput,1153478,18.7579,82.8175,2026-09-17T06:00,20.7,100,2.9,21.0,24.5
Koraput,1153478,18.7579,82.8175,2026-09-17T07:00,22.3,95,4.6,164.0,26.2
Koraput,1153478,18.7579,82.8175,2026-09-17T08:00,24.1,87,8.5,361.0,27.6
Koraput,1153478,18.7579,82.8175,2026-09-17T09:00,25.6,78,8.3,552.0,29.1
Koraput,1153478,18.7579,82.8175,2026-09-17T10:00,27.1,69,10.8,804.0,31.2
Koraput,1153478,18.7579,82.8175,2026-09-17T11:00,27.8,65,11.9,911.0,32.3
Koraput,1153478,18.7579,82.8175,2026-09-17T12:00,28.3,63,12.1,879.0,32.5
Koraput,1153478,18.7579,82.8175,2026-09-17T13:00,28.4,63,12.0,811.0,32.4
Koraput,1153478,18.7579,82.8175,2026-09-17T14:00,28.0,66,11.2,680.0,31.5
Koraput,1153478,18.7579,82.8175,2026-09-17T15:00,26.7,73,9.8,483.0,29.9
Koraput,1153478,18.7579,82.8175,2026-09-17T16:00,24.9,83,8.3,314.0,28.5
Koraput,1153478,18.7579,82.8175,2026-09-17T17:00,23.5,92,7.0,137.0,27.4
Koraput,1153478,18.7579,82.8175,2026-09-17T18:00,22.7,95,5.1,8.0,26.8
Koraput,1153478,18.7579,82.8175,2026-09-17T19:00,22.3,96,2.6,0.0,26.6
Koraput,1153478,18.7579,82.8175,2026-09-17T20:00,22.0,96,0.6,0.0,26.4
Koraput,1153478,18.7579,82.8175,2026-09-17T21:00,21.7,97,1.3,0.0,26.0
Koraput,1153478,18.7579,82.8175,2026-09-17T22:00,21.5,97,3.3,0.0,25.4
Koraput,1153478,18.7579,82.8175,2026-09-17T23:00,21.3,98,4.5,0.0,25.0
Nabarangapur,1133321,19.5782,82.314,2026-09-13T00:00,21.6,96,14.4,0.0,23.9
Nabarangapur,1133321,19.5782,82.314,2026-09-13T01:00,21.6,96,15.0,0.0,23.7
Nabarangapur,1133321,19.5782,82.314,2026-09-13T02:00,21.7,95,14.0,0.0,23.9
Nabarangapur,1133321,19.5782,82.314,2026-09-13T03:00,21.6,95,13.2,0.0,23.9
Nabarangapur,1133321,19.5782,82.314,2026-09-13T04:00,21.6,94,12.6,0.0,23.9
Nabarangapur,1133321,19.5782,82.314,2026-09-13T05:00,21.8,93,12.1,0.0,24.1
Nabarangapur,1133321,19.5782,82.314,2026-09-13T06:00,22.0,91,11.3,14.0,24.5
Nabarangapur,1133321,19.5782,82.314,2026-09-13T07:00,23.2,89,8.5,97.0,26.4
Nabarangapur,1133321,19.5782,82.314,2026-09-13T08:00,24.6,83,9.1,234.0,27.9
Nabarangapur,1133321,19.5782,82.314,2026-09-13T09:00,26.2,73,13.4,461.0,28.6
Nabarangapur,1133321,19.5782,82.314,2026-09-13T10:00,26.6,70,14.5,424.0,28.6
Nabarangapur,1133321,19.5782,82.314,2026-09-13T11:00,26.7,66,12.8,400.0,28.6
Nabarangapur,1133321,19.5782,82.314,2026-09-13T12:00,26.8,69,13.0,495.0,29.0
Nabarangapur,1133321,19.5782,82.314,2026-09-13T13:00,26.7,71,13.9,551.0,29.0
Nabarangapur,1133321,19.5782,82.314,2026-09-13T14:00,25.8,77,14.1,402.0,28.3
Nabarangapur,1133321,19.5782,82.314,2026-09-13T15:00,25.8,76,12.4,328.0,28.4
Nabarangapur,1133321,19.5782,82.314,2026-09-13T16:00,25.0,81,10.5,110.0,28.0
Nabarangapur,1133321,19.5782,82.314,2026-09-13T17:00,25.3,78,8.6,52.0,28.4
Nabarangapur,1133321,19.5782,82.314,2026-09-13T18:00,24.6,81,6.7,5.0,28.0
Nabarangapur,1133321,19.5782,82.314,2026-09-13T19:00,23.9,84,7.4,0.0,27.2
Nabarangapur,1133321,19.5782,82.314,2026-09-13T20:00,23.8,84,7.2,0.0,27.1
Nabarangapur,1133321,19.5782,82.314,2026-09-13T21:00,22.8,89,4.4,0.0,26.5
Nabarangapur,1133321,19.5782,82.314,2026-09-13T22:00,21.8,93,4.3,0.0,25.4
Nabarangapur,1133321,19.5782,82.314,2026-09-13T23:00,21.5,95,4.2,0.0,25.0
Nabarangapur,1133321,19.5782,82.314,2026-09-14T00:00,21.2,96,4.3,0.0,24.7
Nabarangapur,1133321,19.5782,82.314,2026-09-14T01:00,20.9,96,4.3,0.0,24.3
Nabarangapur,1133321,19.5782,82.314,2026-09-14T02:00,20.9,95,3.8,0.0,24.3
Nabarangapur,1133321,19.5782,82.314,2026-09-14T03:00,20.7,96,3.9,0.0,24.0
Nabarangapur,1133321,19.5782,82.314,2026-09-14T04:00,20.7,96,3.9,0.0,24.0
Nabarangapur,1133321,19.5782,82.314,2026-09-14T05:00,20.4,97,3.8,0.0,23.6
Nabarangapur,1133321,19.5782,82.314,2026-09-14T06:00,21.0,96,5.6,24.0,24.2
Nabarangapur,1133321,19.5782,82.314,2026-09-14T07:00,23.4,89,5.5,188.0,27.2
Nabarangapur,1133321,19.5782,82.314,2026-09-14T08:00,25.4,81,7.8,415.0,29.1
Nabarangapur,1133321,19.5782,82.314,2026-09-14T09:00,26.9,73,7.0,626.0,31.1
Nabarangapur,1133321,19.5782,82.314,2026-09-14T10:00,28.1,68,4.8,794.0,33.6
Nabarangapur,1133321,19.5782,82.314,2026-09-14T11:00,29.0,64,4.6,899.0,35.1
Nabarangapur,1133321,19.5782,82.314,2026-09-14T12:00,29.4,62,4.5,920.0,35.7
Nabarangapur,1133321,19.5782,82.314,2026-09-14T13:00,29.7,61,3.9,874.0,35.8
Nabarangapur,1133321,19.5782,82.314,2026-09-14T14:00,29.7,60,3.7,701.0,34.6
Nabarangapur,1133321,19.5782,82.314,2026-09-14T15:00,29.6,58,3.9,515.0,33.1
Nabarangapur,1133321,19.5782,82.314,2026-09-14T16:00,28.6,64,7.7,381.0,31.9
Nabarangapur,1133321,19.5782,82.314,2026-09-14T17:00,25.2,80,11.0,145.0,28.3
Nabarangapur,1133321,19.5782,82.314,2026-09-14T18:00,24.6,87,6.2,11.0,28.6
Nabarangapur,1133321,19.5782,82.314,2026-09-14T19:00,23.7,90,5.3,0.0,27.9
Nabarangapur,1133321,19.5782,82.314,2026-09-14T20:00,22.9,90,1.0,0.0,27.2
Nabarangapur,1133321,19.5782,82.314,2026-09-14T21:00,22.6,95,2.8,0.0,26.9
Nabarangapur,1133321,19.5782,82.314,2026-09-14T22:00,22.7,96,2.9,0.0,27.1
Nabarangapur,1133321,19.5782,82.314,2026-09-14T23:00,22.5,96,4.2,0.0,26.6
Nabarangapur,1133321,19.5782,82.314,2026-09-15T00:00,22.3,97,4.0,0.0,26.5
Nabarangapur,1133321,19.5782,82.314,2026-09-15T01:00,22.0,98,5.2,0.0,26.0
Nabarangapur,1133321,19.5782,82.314,2026-09-15T02:00,21.8,97,5.6,0.0,25.5
Nabarangapur,1133321,19.5782,82.314,2026-09-15T03:00,21.6,97,6.1,0.0,25.1
Nabarangapur,1133321,19.5782,82.314,2026-09-15T04:00,21.4,98,6.2,0.0,24.9
Nabarangapur,1133321,19.5782,82.314,2026-09-15T05:00,21.4,98,5.8,0.0,24.9
Nabarangapur,1133321,19.5782,82.314,2026-09-15T06:00,21.8,98,8.2,22.0,25.2
Nabarangapur,1133321,19.5782,82.314,2026-09-15T07:00,23.1,94,9.7,181.0,26.5
Nabarangapur,1133321,19.5782,82.314,2026-09-15T08:00,24.8,86,10.6,359.0,28.4
Nabarangapur,1133321,19.5782,82.314,2026-09-15T09:00,26.1,78,8.5,445.0,29.7
Nabarangapur,1133321,19.5782,82.314,2026-09-15T10:00,27.6,70,7.5,734.0,32.3
Nabarangapur,1133321,19.5782,82.314,2026-09-15T11:00,28.5,66,6.6,849.0,34.0
Nabarangapur,1133321,19.5782,82.314,2026-09-15T12:00,29.1,63,5.8,893.0,35.0
Nabarangapur,1133321,19.5782,82.314,2026-09-15T13:00,29.2,62,6.7,822.0,34.4
Nabarangapur,1133321,19.5782,82.314,2026-09-15T14:00,28.2,68,9.2,681.0,32.4
Nabarangapur,1133321,19.5782,82.314,2026-09-15T15:00,28.0,68,7.6,500.0,31.5
Nabarangapur,1133321,19.5782,82.314,2026-09-15T16:00,27.8,68,5.9,362.0,31.6
Nabarangapur,1133321,19.5782,82.314,2026-09-15T17:00,26.3,78,8.2,141.0,30.1
Nabarangapur,1133321,19.5782,82.314,2026-09-15T18:00,25.0,86,3.8,13.0,29.6
Nabarangapur,1133321,19.5782,82.314,2026-09-15T19:00,24.5,88,2.2,0.0,29.3
Nabarangapur,1133321,19.5782,82.314,2026-09-15T20:00,24.3,89,2.7,0.0,29.0
Nabarangapur,1133321,19.5782,82.314,2026-09-15T21:00,23.8,92,2.8,0.0,28.5
Nabarangapur,1133321,19.5782,82.314,2026-09-15T22:00,23.6,93,1.2,0.0,28.6
Nabarangapur,1133321,19.5782,82.314,2026-09-15T23:00,23.1,95,1.9,0.0,27.8
Nabarangapur,1133321,19.5782,82.314,2026-09-16T00:00,22.5,98,3.4,0.0,26.9
Nabarangapur,1133321,19.5782,82.314,2026-09-16T01:00,22.1,99,2.7,0.0,26.5
Nabarangapur,1133321,19.5782,82.314,2026-09-16T02:00,22.0,100,4.0,0.0,26.3
Nabarangapur,1133321,19.5782,82.314,2026-09-16T03:00,22.0,99,3.9,0.0,26.2
Nabarangapur,1133321,19.5782,82.314,2026-09-16T04:00,21.9,99,4.2,0.0,26.1
Nabarangapur,1133321,19.5782,82.314,2026-09-16T05:00,21.9,99,5.1,0.0,26.0
Nabarangapur,1133321,19.5782,82.314,2026-09-16T06:00,22.3,99,7.0,21.0,26.3
Nabarangapur,1133321,19.5782,82.314,2026-09-16T07:00,23.9,92,9.4,172.0,27.7
Nabarangapur,1133321,19.5782,82.314,2026-09-16T08:00,25.6,84,9.0,385.0,29.5
Nabarangapur,1133321,19.5782,82.314,2026-09-16T09:00,26.9,77,7.0,602.0,31.3
Nabarangapur,1133321,19.5782,82.314,2026-09-16T10:00,27.8,73,8.0,778.0,33.1
Nabarangapur,1133321,19.5782,82.314,2026-09-16T11:00,28.6,71,7.7,828.0,34.4
Nabarangapur,1133321,19.5782,82.314,2026-09-16T12:00,29.1,71,7.6,861.0,35.6
Nabarangapur,1133321,19.5782,82.314,2026-09-16T13:00,29.4,69,6.9,817.0,35.6
Nabarangapur,1133321,19.5782,82.314,2026-09-16T14:00,29.2,70,8.5,626.0,33.9
Nabarangapur,1133321,19.5782,82.314,2026-09-16T15:00,26.7,82,8.4,419.0,31.2
Nabarangapur,1133321,19.5782,82.314,2026-09-16T16:00,27.1,81,4.3,302.0,32.3
Nabarangapur,1133321,19.5782,82.314,2026-09-16T17:00,26.2,87,6.7,125.0,31.3
Nabarangapur,1133321,19.5782,82.314,2026-09-16T18:00,25.2,91,5.3,11.0,30.3
Nabarangapur,1133321,19.5782,82.314,2026-09-16T19:00,24.8,92,4.2,0.0,30.0
Nabarangapur,1133321,19.5782,82.314,2026-09-16T20:00,24.1,95,2.7,0.0,29.2
Nabarangapur,1133321,19.5782,82.314,2026-09-16T21:00,23.7,96,2.1,0.0,29.0
Nabarangapur,1133321,19.5782,82.314,2026-09-16T22:00,23.5,98,4.7,0.0,28.3
Nabarangapur,1133321,19.5782,82.314,2026-09-16T23:00,23.2,99,5.8,0.0,27.9
Nabarangapur,1133321,19.5782,82.314,2026-09-17T00:00,23.0,98,5.8,0.0,27.5
Nabarangapur,1133321,19.5782,82.314,2026-09-17T01:00,22.8,99,4.0,0.0,27.4
Nabarangapur,1133321,19.5782,82.314,2026-09-17T02:00,22.5,100,4.1,0.0,27.1
Nabarangapur,1133321,19.5782,82.314,2026-09-17T03:00,22.3,100,4.0,0.0,26.8
Nabarangapur,1133321,19.5782,82.314,2026-09-17T04:00,22.2,100,3.9,0.0,26.6
Nabarangapur,1133321,19.5782,82.314,2026-09-17T05:00,22.3,99,4.0,0.0,26.7
Nabarangapur,1133321,19.5782,82.314,2026-09-17T06:00,22.6,100,7.7,16.0,26.6
Nabarangapur,1133321,19.5782,82.314,2026-09-17T07:00,23.2,98,7.3,101.0,27.5
Nabarangapur,1133321,19.5782,82.314,2026-09-17T08:00,24.9,91,7.7,309.0,29.5
Nabarangapur,1133321,19.5782,82.314,2026-09-17T09:00,26.6,85,6.9,557.0,31.7
Nabarangapur,1133321,19.5782,82.314,2026-09-17T10:00,28.1,78,7.8,765.0,34.3
Nabarangapur,1133321,19.5782,82.314,2026-09-17T11:00,29.0,73,7.4,825.0,35.4
Nabarangapur,1133321,19.5782,82.314,2026-09-17T12:00,29.6,70,8.2,875.0,36.1
Nabarangapur,1133321,19.5782,82.314,2026-09-17T13:00,29.8,68,9.2,804.0,35.6
Nabarangapur,1133321,19.5782,82.314,2026-09-17T14:00,29.5,69,9.4,661.0,34.4
Nabarangapur,1133321,19.5782,82.314,2026-09-17T15:00,28.4,74,8.7,422.0,32.8
Nabarangapur,1133321,19.5782,82.314,2026-09-17T16:00,26.8,83,7.7,289.0,31.6
Nabarangapur,1133321,19.5782,82.314,2026-09-17T17:00,25.5,91,6.7,141.0,30.5
Nabarangapur,1133321,19.5782,82.314,2026-09-17T18:00,24.7,95,5.4,11.0,29.9
Nabarangapur,1133321,19.5782,82.314,2026-09-17T19:00,24.3,96,3.8,0.0,29.6
Nabarangapur,1133321,19.5782,82.314,2026-09-17T20:00,23.9,98,3.3,0.0,29.2
Nabarangapur,1133321,19.5782,82.314,2026-09-17T21:00,23.6,99,3.8,0.0,28.8
Nabarangapur,1133321,19.5782,82.314,2026-09-17T22:00,23.4,99,4.7,0.0,28.2
Nabarangapur,1133321,19.5782,82.314,2026-09-17T23:00,23.1,99,5.2,0.0,27.8
Dhenkanal,1075305,20.8059,85.5011,2026-09-13T00:00,26.0,91,8.9,0.0,31.0
Dhenkanal,1075305,20.8059,85.5011,2026-09-13T01:00,25.7,92,7.8,0.0,30.7
Dhenkanal,1075305,20.8059,85.5011,2026-09-13T02:00,25.4,92,7.1,0.0,30.5
Dhenkanal,1075305,20.8059,85.5011,2026-09-13T03:00,25.3,92,6.5,0.0,30.3
Dhenkanal,1075305,20.8059,85.5011,2026-09-13T04:00,25.1,93,6.6,0.0,30.2
Dhenkanal,1075305,20.8059,85.5011,2026-09-13T05:00,25.8,92,7.4,0.0,31.1
Dhenkanal,1075305,20.8059,85.5011,2026-09-13T06:00,26.3,91,8.3,38.0,31.7
Dhenkanal,1075305,20.8059,85.5011,2026-09-13T07:00,27.6,86,8.7,212.0,33.1
Dhenkanal,1075305,20.8059,85.5011,2026-09-13T08:00,28.8,81,8.8,424.0,34.4
Dhenkanal,1075305,20.8059,85.5011,2026-09-13T09:00,30.0,77,10.0,587.0,35.8
Dhenkanal,1075305,20.8059,85.5011,2026-09-13T10:00,30.9,73,10.3,713.0,37.5
Dhenkanal,1075305,20.8059,85.5011,2026-09-13T11:00,31.1,71,9.7,610.0,36.8
Dhenkanal,1075305,20.8059,85.5011,2026-09-13T12:00,29.3,78,12.9,628.0,34.6
Dhenkanal,1075305,20.8059,85.5011,2026-09-13T13:00,29.7,76,12.3,613.0,35.0
Dhenkanal,1075305,20.8059,85.5011,2026-09-13T14:00,30.2,71,10.3,546.0,35.0
Dhenkanal,1075305,20.8059,85.5011,2026-09-13T15:00,29.6,73,10.8,455.0,34.3
Dhenkanal,1075305,20.8059,85.5011,2026-09-13T16:00,29.3,77,8.1,242.0,34.8
Dhenkanal,1075305,20.8059,85.5011,2026-09-13T17:00,27.4,89,8.5,57.0,33.0
Dhenkanal,1075305,20.8059,85.5011,2026-09-13T18:00,26.5,95,6.3,3.0,32.6
Dhenkanal,1075305,20.8059,85.5011,2026-09-13T19:00,26.2,96,5.8,0.0,32.3
Dhenkanal,1075305,20.8059,85.5011,2026-09-13T20:00,26.0,97,3.7,0.0,32.5
Dhenkanal,1075305,20.8059,85.5011,2026-09-13T21:00,25.8,98,3.3,0.0,32.3
Dhenkanal,1075305,20.8059,85.5011,2026-09-13T22:00,25.7,97,2.2,0.0,32.3
Dhenkanal,1075305,20.8059,85.5011,2026-09-13T23:00,25.6,99,4.2,0.0,31.9
Dhenkanal,1075305,20.8059,85.5011,2026-09-14T00:00,25.5,98,3.1,0.0,31.8
Dhenkanal,1075305,20.8059,85.5011,2026-09-14T01:00,25.4,99,2.1,0.0,31.9
Dhenkanal,1075305,20.8059,85.5011,2026-09-14T02:00,25.4,98,2.1,0.0,31.9
Dhenkanal,1075305,20.8059,85.5011,2026-09-14T03:00,25.5,96,1.3,0.0,32.0
Dhenkanal,1075305,20.8059,85.5011,2026-09-14T04:00,25.4,97,0.9,0.0,32.0
Dhenkanal,1075305,20.8059,85.5011,2026-09-14T05:00,25.5,96,3.3,0.0,31.6
Dhenkanal,1075305,20.8059,85.5011,2026-09-14T06:00,25.6,96,4.4,11.0,31.6
Dhenkanal,1075305,20.8059,85.5011,2026-09-14T07:00,26.1,94,4.4,79.0,32.2
Dhenkanal,1075305,20.8059,85.5011,2026-09-14T08:00,27.9,85,3.9,362.0,34.1
Dhenkanal,1075305,20.8059,85.5011,2026-09-14T09:00,28.9,82,3.1,516.0,35.5
Dhenkanal,1075305,20.8059,85.5011,2026-09-14T10:00,30.2,77,4.5,728.0,37.8
Dhenkanal,1075305,20.8059,85.5011,2026-09-14T11:00,30.7,74,5.0,816.0,38.7
Dhenkanal,1075305,20.8059,85.5011,2026-09-14T12:00,31.0,74,6.3,781.0,38.7
Dhenkanal,1075305,20.8059,85.5011,2026-09-14T13:00,30.0,80,5.6,712.0,37.7
Dhenkanal,1075305,20.8059,85.5011,2026-09-14T14:00,30.6,74,5.5,495.0,36.9
Dhenkanal,1075305,20.8059,85.5011,2026-09-14T15:00,25.7,93,9.6,173.0,30.6
Dhenkanal,1075305,20.8059,85.5011,2026-09-14T16:00,26.3,90,3.7,125.0,32.2
Dhenkanal,1075305,20.8059,85.5011,2026-09-14T17:00,26.2,92,1.9,85.0,32.5
Dhenkanal,1075305,20.8059,85.5011,2026-09-14T18:00,26.0,94,0.8,4.0,32.5
Dhenkanal,1075305,20.8059,85.5011,2026-09-14T19:00,25.8,96,1.9,0.0,32.3
Dhenkanal,1075305,20.8059,85.5011,2026-09-14T20:00,25.7,97,2.3,0.0,32.1
Dhenkanal,1075305,20.8059,85.5011,2026-09-14T21:00,25.7,96,1.5,0.0,32.2
Dhenkanal,1075305,20.8059,85.5011,2026-09-14T22:00,25.5,98,1.3,0.0,32.2
Dhenkanal,1075305,20.8059,85.5011,2026-09-14T23:00,25.4,99,1.8,0.0,32.0
Dhenkanal,1075305,20.8059,85.5011,2026-09-15T00:00,25.4,99,2.7,0.0,31.8
Dhenkanal,1075305,20.8059,85.5011,2026-09-15T01:00,25.2,99,1.3,0.0,31.7
Dhenkanal,1075305,20.8059,85.5011,2026-09-15T02:00,25.1,99,2.1,0.0,31.4
Dhenkanal,1075305,20.8059,85.5011,2026-09-15T03:00,25.0,99,0.4,0.0,31.6
Dhenkanal,1075305,20.8059,85.5011,2026-09-15T04:00,25.0,99,1.2,0.0,31.4
Dhenkanal,1075305,20.8059,85.5011,2026-09-15T05:00,25.0,99,1.0,0.0,31.4
Dhenkanal,1075305,20.8059,85.5011,2026-09-15T06:00,25.3,98,3.3,29.0,31.5
Dhenkanal,1075305,20.8059,85.5011,2026-09-15T07:00,26.8,90,4.4,150.0,32.8
Dhenkanal,1075305,20.8059,85.5011,2026-09-15T08:00,28.0,83,5.2,297.0,33.8
Dhenkanal,1075305,20.8059,85.5011,2026-09-15T09:00,29.2,77,5.9,491.0,34.9
Dhenkanal,1075305,20.8059,85.5011,2026-09-15T10:00,30.6,73,6.3,745.0,37.7
Dhenkanal,1075305,20.8059,85.5011,2026-09-15T11:00,31.4,71,7.2,835.0,39.1
Dhenkanal,1075305,20.8059,85.5011,2026-09-15T12:00,31.6,71,8.1,857.0,39.4
Dhenkanal,1075305,20.8059,85.5011,2026-09-15T13:00,31.7,70,8.4,773.0,39.0
Dhenkanal,1075305,20.8059,85.5011,2026-09-15T14:00,31.3,73,6.7,645.0,38.2
Dhenkanal,1075305,20.8059,85.5011,2026-09-15T15:00,31.6,69,4.3,492.0,37.7
Dhenkanal,1075305,20.8059,85.5011,2026-09-15T16:00,30.4,76,9.8,298.0,36.1
Dhenkanal,1075305,20.8059,85.5011,2026-09-15T17:00,28.7,86,3.4,106.0,35.6
Dhenkanal,1075305,20.8059,85.5011,2026-09-15T18:00,27.4,90,8.8,3.0,33.1
Dhenkanal,1075305,20.8059,85.5011,2026-09-15T19:00,26.7,91,6.6,0.0,32.5
Dhenkanal,1075305,20.8059,85.5011,2026-09-15T20:00,26.2,93,6.5,0.0,31.9
Dhenkanal,1075305,20.8059,85.5011,2026-09-15T21:00,25.9,96,6.2,0.0,31.8
Dhenkanal,1075305,20.8059,85.5011,2026-09-15T22:00,25.8,96,4.9,0.0,31.9
Dhenkanal,1075305,20.8059,85.5011,2026-09-15T23:00,25.6,97,3.1,0.0,32.0
Dhenkanal,1075305,20.8059,85.5011,2026-09-16T00:00,25.5,98,3.3,0.0,31.8
Dhenkanal,1075305,20.8059,85.5011,2026-09-16T01:00,25.4,98,1.9,0.0,31.9
Dhenkanal,1075305,20.8059,85.5011,2026-09-16T02:00,25.4,98,1.7,0.0,31.9
Dhenkanal,1075305,20.8059,85.5011,2026-09-16T03:00,25.2,99,1.0,0.0,31.8
Dhenkanal,1075305,20.8059,85.5011,2026-09-16T04:00,25.2,99,1.0,0.0,31.9
Dhenkanal,1075305,20.8059,85.5011,2026-09-16T05:00,25.2,99,1.8,0.0,31.6
Dhenkanal,1075305,20.8059,85.5011,2026-09-16T06:00,25.9,96,4.5,36.0,32.1
Dhenkanal,1075305,20.8059,85.5011,2026-09-16T07:00,27.0,91,4.8,182.0,33.3
Dhenkanal,1075305,20.8059,85.5011,2026-09-16T08:00,28.4,87,7.0,348.0,34.7
Dhenkanal,1075305,20.8059,85.5011,2026-09-16T09:00,29.7,82,6.1,540.0,36.5
Dhenkanal,1075305,20.8059,85.5011,2026-09-16T10:00,31.0,77,7.1,729.0,38.7
Dhenkanal,1075305,20.8059,85.5011,2026-09-16T11:00,31.7,73,6.4,824.0,40.0
Dhenkanal,1075305,20.8059,85.5011,2026-09-16T12:00,32.1,70,7.4,832.0,40.0
Dhenkanal,1075305,20.8059,85.5011,2026-09-16T13:00,32.5,66,7.4,719.0,39.3
Dhenkanal,1075305,20.8059,85.5011,2026-09-16T14:00,29.5,81,16.8,609.0,34.6
Dhenkanal,1075305,20.8059,85.5011,2026-09-16T15:00,28.9,80,10.1,351.0,34.3
Dhenkanal,1075305,20.8059,85.5011,2026-09-16T16:00,29.3,79,6.1,262.0,35.3
Dhenkanal,1075305,20.8059,85.5011,2026-09-16T17:00,28.9,82,3.9,100.0,35.5
Dhenkanal,1075305,20.8059,85.5011,2026-09-16T18:00,28.1,88,1.2,3.0,35.2
Dhenkanal,1075305,20.8059,85.5011,2026-09-16T19:00,27.6,90,3.2,0.0,34.4
Dhenkanal,1075305,20.8059,85.5011,2026-09-16T20:00,27.1,93,4.3,0.0,33.8
Dhenkanal,1075305,20.8059,85.5011,2026-09-16T21:00,26.7,95,3.9,0.0,33.4
Dhenkanal,1075305,20.8059,85.5011,2026-09-16T22:00,26.4,95,4.2,0.0,32.9
Dhenkanal,1075305,20.8059,85.5011,2026-09-16T23:00,26.2,96,4.0,0.0,32.6
Dhenkanal,1075305,20.8059,85.5011,2026-09-17T00:00,25.9,97,3.1,0.0,32.4
Dhenkanal,1075305,20.8059,85.5011,2026-09-17T01:00,25.7,97,4.0,0.0,31.9
Dhenkanal,1075305,20.8059,85.5011,2026-09-17T02:00,25.7,97,4.9,0.0,31.7
Dhenkanal,1075305,20.8059,85.5011,2026-09-17T03:00,25.7,98,5.0,0.0,31.8
Dhenkanal,1075305,20.8059,85.5011,2026-09-17T04:00,25.9,96,8.2,0.0,31.5
Dhenkanal,1075305,20.8059,85.5011,2026-09-17T05:00,25.6,94,8.8,0.0,30.8
Dhenkanal,1075305,20.8059,85.5011,2026-09-17T06:00,26.0,91,9.1,39.0,31.1
Dhenkanal,1075305,20.8059,85.5011,2026-09-17T07:00,27.3,85,11.7,197.0,32.1
Dhenkanal,1075305,20.8059,85.5011,2026-09-17T08:00,28.6,81,12.4,411.0,33.5
Dhenkanal,1075305,20.8059,85.5011,2026-09-17T09:00,30.3,73,13.9,581.0,35.1
Dhenkanal,1075305,20.8059,85.5011,2026-09-17T10:00,31.3,70,14.3,730.0,37.0
Dhenkanal,1075305,20.8059,85.5011,2026-09-17T11:00,31.9,69,12.2,782.0,38.5
Dhenkanal,1075305,20.8059,85.5011,2026-09-17T12:00,32.4,68,11.8,829.0,39.5
Dhenkanal,1075305,20.8059,85.5011,2026-09-17T13:00,32.7,68,11.1,752.0,39.5
Dhenkanal,1075305,20.8059,85.5011,2026-09-17T14:00,32.2,70,9.7,610.0,38.5
Dhenkanal,1075305,20.8059,85.5011,2026-09-17T15:00,30.4,76,6.5,400.0,36.7
Dhenkanal,1075305,20.8059,85.5011,2026-09-17T16:00,27.9,87,4.7,245.0,34.3
Dhenkanal,1075305,20.8059,85.5011,2026-09-17T17:00,26.1,96,5.7,91.0,32.2
Dhenkanal,1075305,20.8059,85.5011,2026-09-17T18:00,25.7,99,4.4,1.0,32.0
Dhenkanal,1075305,20.8059,85.5011,2026-09-17T19:00,26.0,98,3.1,0.0,32.7
Dhenkanal,1075305,20.8059,85.5011,2026-09-17T20:00,26.2,97,4.8,0.0,32.7
Dhenkanal,1075305,20.8059,85.5011,2026-09-17T21:00,26.0,98,6.6,0.0,32.2
Dhenkanal,1075305,20.8059,85.5011,2026-09-17T22:00,25.7,99,7.6,0.0,31.6
Dhenkanal,1075305,20.8059,85.5011,2026-09-17T23:00,25.4,99,7.1,0.0,31.3
Sambalpur,1068767,21.4567,84.3758,2026-09-13T00:00,22.5,99,13.5,0.0,25.6
Sambalpur,1068767,21.4567,84.3758,2026-09-13T01:00,22.4,99,13.1,0.0,25.5
Sambalpur,1068767,21.4567,84.3758,2026-09-13T02:00,22.3,99,12.9,0.0,25.4
Sambalpur,1068767,21.4567,84.3758,2026-09-13T03:00,22.4,99,14.0,0.0,25.4
Sambalpur,1068767,21.4567,84.3758,2026-09-13T04:00,22.2,99,14.0,0.0,25.1
Sambalpur,1068767,21.4567,84.3758,2026-09-13T05:00,22.6,99,13.9,0.0,25.8
Sambalpur,1068767,21.4567,84.3758,2026-09-13T06:00,22.9,98,13.5,22.0,26.1
Sambalpur,1068767,21.4567,84.3758,2026-09-13T07:00,23.7,94,12.6,146.0,27.1
Sambalpur,1068767,21.4567,84.3758,2026-09-13T08:00,25.2,84,11.7,364.0,28.6
Sambalpur,1068767,21.4567,84.3758,2026-09-13T09:00,26.8,75,10.4,572.0,30.3
Sambalpur,1068767,21.4567,84.3758,2026-09-13T10:00,28.3,69,8.7,760.0,33.2
Sambalpur,1068767,21.4567,84.3758,2026-09-13T11:00,28.5,62,9.2,814.0,32.9
Sambalpur,1068767,21.4567,84.3758,2026-09-13T12:00,28.9,61,8.1,785.0,33.3
Sambalpur,1068767,21.4567,84.3758,2026-09-13T13:00,29.4,59,7.7,759.0,33.6
Sambalpur,1068767,21.4567,84.3758,2026-09-13T14:00,29.3,58,7.0,674.0,32.9
Sambalpur,1068767,21.4567,84.3758,2026-09-13T15:00,27.7,66,6.8,397.0,30.8
Sambalpur,1068767,21.4567,84.3758,2026-09-13T16:00,25.9,80,9.3,241.0,29.6
Sambalpur,1068767,21.4567,84.3758,2026-09-13T17:00,25.1,87,12.6,116.0,28.7
Sambalpur,1068767,21.4567,84.3758,2026-09-13T18:00,24.0,93,9.2,6.0,28.1
Sambalpur,1068767,21.4567,84.3758,2026-09-13T19:00,23.7,94,9.8,0.0,27.7
Sambalpur,1068767,21.4567,84.3758,2026-09-13T20:00,23.4,97,9.4,0.0,27.4
Sambalpur,1068767,21.4567,84.3758,2026-09-13T21:00,23.1,99,8.0,0.0,27.4
Sambalpur,1068767,21.4567,84.3758,2026-09-13T22:00,22.9,99,5.9,0.0,27.4
Sambalpur,1068767,21.4567,84.3758,2026-09-13T23:00,22.8,98,7.3,0.0,27.0
Sambalpur,1068767,21.4567,84.3758,2026-09-14T00:00,22.7,99,9.2,0.0,26.6
Sambalpur,1068767,21.4567,84.3758,2026-09-14T01:00,22.9,98,10.0,0.0,26.8
Sambalpur,1068767,21.4567,84.3758,2026-09-14T02:00,22.9,98,9.7,0.0,26.8
Sambalpur,1068767,21.4567,84.3758,2026-09-14T03:00,22.7,98,9.4,0.0,26.5
Sambalpur,1068767,21.4567,84.3758,2026-09-14T04:00,22.8,99,8.1,0.0,26.9
Sambalpur,1068767,21.4567,84.3758,2026-09-14T05:00,22.7,98,7.0,0.0,26.8
Sambalpur,1068767,21.4567,84.3758,2026-09-14T06:00,22.9,98,7.9,27.0,26.9
Sambalpur,1068767,21.4567,84.3758,2026-09-14T07:00,23.9,93,5.6,138.0,28.4
Sambalpur,1068767,21.4567,84.3758,2026-09-14T08:00,25.4,88,2.2,306.0,30.6
Sambalpur,1068767,21.4567,84.3758,2026-09-14T09:00,26.9,75,2.5,453.0,31.5
Sambalpur,1068767,21.4567,84.3758,2026-09-14T10:00,27.6,72,2.9,649.0,32.7
Sambalpur,1068767,21.4567,84.3758,2026-09-14T11:00,27.9,73,4.1,736.0,33.8
Sambalpur,1068767,21.4567,84.3758,2026-09-14T12:00,28.4,71,5.5,820.0,34.6
Sambalpur,1068767,21.4567,84.3758,2026-09-14T13:00,28.6,69,6.3,749.0,34.0
Sambalpur,1068767,21.4567,84.3758,2026-09-14T14:00,27.6,72,2.3,463.0,32.2
Sambalpur,1068767,21.4567,84.3758,2026-09-14T15:00,25.2,87,8.9,384.0,29.3
Sambalpur,1068767,21.4567,84.3758,2026-09-14T16:00,23.4,97,8.3,173.0,27.6
Sambalpur,1068767,21.4567,84.3758,2026-09-14T17:00,23.3,97,5.2,84.0,27.9
Sambalpur,1068767,21.4567,84.3758,2026-09-14T18:00,22.9,98,6.9,7.0,27.1
Sambalpur,1068767,21.4567,84.3758,2026-09-14T19:00,22.7,98,7.2,0.0,26.7
Sambalpur,1068767,21.4567,84.3758,2026-09-14T20:00,22.4,98,8.2,0.0,26.2
Sambalpur,1068767,21.4567,84.3758,2026-09-14T21:00,22.3,98,7.6,0.0,26.1
Sambalpur,1068767,21.4567,84.3758,2026-09-14T22:00,22.3,98,7.8,0.0,26.1
Sambalpur,1068767,21.4567,84.3758,2026-09-14T23:00,22.3,98,5.9,0.0,26.4
Sambalpur,1068767,21.4567,84.3758,2026-09-15T00:00,22.4,98,6.7,0.0,26.3
Sambalpur,1068767,21.4567,84.3758,2026-09-15T01:00,22.3,99,7.1,0.0,26.2
Sambalpur,1068767,21.4567,84.3758,2026-09-15T02:00,22.3,99,6.9,0.0,26.2
Sambalpur,1068767,21.4567,84.3758,2026-09-15T03:00,22.1,99,6.1,0.0,26.1
Sambalpur,1068767,21.4567,84.3758,2026-09-15T04:00,22.0,99,5.2,0.0,26.0
Sambalpur,1068767,21.4567,84.3758,2026-09-15T05:00,21.7,99,3.1,0.0,26.0
Sambalpur,1068767,21.4567,84.3758,2026-09-15T06:00,22.3,99,3.5,32.0,26.8
Sambalpur,1068767,21.4567,84.3758,2026-09-15T07:00,24.1,94,1.9,179.0,29.4
Sambalpur,1068767,21.4567,84.3758,2026-09-15T08:00,25.5,88,4.1,405.0,30.6
Sambalpur,1068767,21.4567,84.3758,2026-09-15T09:00,27.0,80,6.0,595.0,32.0
Sambalpur,1068767,21.4567,84.3758,2026-09-15T10:00,27.8,76,7.8,685.0,33.0
Sambalpur,1068767,21.4567,84.3758,2026-09-15T11:00,28.1,74,8.5,684.0,33.1
Sambalpur,1068767,21.4567,84.3758,2026-09-15T12:00,27.9,73,7.7,538.0,32.1
Sambalpur,1068767,21.4567,84.3758,2026-09-15T13:00,28.6,71,7.9,674.0,33.5
Sambalpur,1068767,21.4567,84.3758,2026-09-15T14:00,27.2,76,8.5,554.0,31.3
Sambalpur,1068767,21.4567,84.3758,2026-09-15T15:00,26.8,84,4.9,466.0,32.1
Sambalpur,1068767,21.4567,84.3758,2026-09-15T16:00,26.9,84,3.4,298.0,32.5
Sambalpur,1068767,21.4567,84.3758,2026-09-15T17:00,25.7,90,6.1,113.0,30.9
Sambalpur,1068767,21.4567,84.3758,2026-09-15T18:00,24.6,93,2.6,6.0,30.0
Sambalpur,1068767,21.4567,84.3758,2026-09-15T19:00,24.4,92,1.0,0.0,29.7
Sambalpur,1068767,21.4567,84.3758,2026-09-15T20:00,24.3,90,2.0,0.0,29.2
Sambalpur,1068767,21.4567,84.3758,2026-09-15T21:00,24.5,86,1.6,0.0,29.1
Sambalpur,1068767,21.4567,84.3758,2026-09-15T22:00,24.3,86,2.9,0.0,28.6
Sambalpur,1068767,21.4567,84.3758,2026-09-15T23:00,24.1,86,2.6,0.0,28.3
Sambalpur,1068767,21.4567,84.3758,2026-09-16T00:00,23.6,87,3.9,0.0,27.6
Sambalpur,1068767,21.4567,84.3758,2026-09-16T01:00,23.0,90,4.0,0.0,27.0
Sambalpur,1068767,21.4567,84.3758,2026-09-16T02:00,22.7,92,3.3,0.0,26.8
Sambalpur,1068767,21.4567,84.3758,2026-09-16T03:00,22.5,93,2.9,0.0,26.6
Sambalpur,1068767,21.4567,84.3758,2026-09-16T04:00,22.3,94,4.1,0.0,26.2
Sambalpur,1068767,21.4567,84.3758,2026-09-16T05:00,22.2,96,3.4,0.0,26.3
Sambalpur,1068767,21.4567,84.3758,2026-09-16T06:00,22.9,96,5.0,33.0,27.2
Sambalpur,1068767,21.4567,84.3758,2026-09-16T07:00,24.4,90,10.0,163.0,28.3
Sambalpur,1068767,21.4567,84.3758,2026-09-16T08:00,25.6,85,9.9,345.0,29.5
Sambalpur,1068767,21.4567,84.3758,2026-09-16T09:00,26.7,81,9.3,568.0,31.1
Sambalpur,1068767,21.4567,84.3758,2026-09-16T10:00,27.6,79,9.3,688.0,32.9
Sambalpur,1068767,21.4567,84.3758,2026-09-16T11:00,27.8,77,8.8,613.0,32.7
Sambalpur,1068767,21.4567,84.3758,2026-09-16T12:00,27.9,77,8.6,519.0,32.5
Sambalpur,1068767,21.4567,84.3758,2026-09-16T13:00,28.6,72,10.0,773.0,34.0
Sambalpur,1068767,21.4567,84.3758,2026-09-16T14:00,27.5,80,9.9,586.0,32.2
Sambalpur,1068767,21.4567,84.3758,2026-09-16T15:00,27.7,76,10.5,456.0,31.8
Sambalpur,1068767,21.4567,84.3758,2026-09-16T16:00,27.2,80,8.4,281.0,31.7
Sambalpur,1068767,21.4567,84.3758,2026-09-16T17:00,25.0,91,10.9,102.0,29.1
Sambalpur,1068767,21.4567,84.3758,2026-09-16T18:00,24.0,97,5.9,6.0,28.9
Sambalpur,1068767,21.4567,84.3758,2026-09-16T19:00,23.7,99,5.2,0.0,28.6
Sambalpur,1068767,21.4567,84.3758,2026-09-16T20:00,23.5,98,5.1,0.0,28.4
Sambalpur,1068767,21.4567,84.3758,2026-09-16T21:00,23.3,98,4.9,0.0,28.1
Sambalpur,1068767,21.4567,84.3758,2026-09-16T22:00,23.2,98,6.2,0.0,27.6
Sambalpur,1068767,21.4567,84.3758,2026-09-16T23:00,23.2,97,6.6,0.0,27.5
Sambalpur,1068767,21.4567,84.3758,2026-09-17T00:00,23.0,98,7.0,0.0,27.3
Sambalpur,1068767,21.4567,84.3758,2026-09-17T01:00,22.8,99,10.1,0.0,26.7
Sambalpur,1068767,21.4567,84.3758,2026-09-17T02:00,22.3,100,9.9,0.0,26.0
Sambalpur,1068767,21.4567,84.3758,2026-09-17T03:00,22.2,100,8.0,0.0,26.1
Sambalpur,1068767,21.4567,84.3758,2026-09-17T04:00,22.1,100,8.6,0.0,25.8
Sambalpur,1068767,21.4567,84.3758,2026-09-17T05:00,22.1,99,7.7,0.0,25.9
Sambalpur,1068767,21.4567,84.3758,2026-09-17T06:00,22.4,98,7.3,28.0,26.3
Sambalpur,1068767,21.4567,84.3758,2026-09-17T07:00,23.8,91,8.5,181.0,27.6
Sambalpur,1068767,21.4567,84.3758,2026-09-17T08:00,25.0,86,10.9,358.0,28.7
Sambalpur,1068767,21.4567,84.3758,2026-09-17T09:00,26.0,82,10.0,454.0,29.8
Sambalpur,1068767,21.4567,84.3758,2026-09-17T10:00,27.5,75,11.0,697.0,32.0
Sambalpur,1068767,21.4567,84.3758,2026-09-17T11:00,28.2,72,12.0,781.0,32.9
Sambalpur,1068767,21.4567,84.3758,2026-09-17T12:00,27.7,75,12.3,755.0,32.5
Sambalpur,1068767,21.4567,84.3758,2026-09-17T13:00,26.7,81,12.1,694.0,31.3
Sambalpur,1068767,21.4567,84.3758,2026-09-17T14:00,25.8,87,11.4,576.0,30.1
Sambalpur,1068767,21.4567,84.3758,2026-09-17T15:00,25.6,91,9.0,401.0,30.3
Sambalpur,1068767,21.4567,84.3758,2026-09-17T16:00,25.6,93,6.0,254.0,31.0
Sambalpur,1068767,21.4567,84.3758,2026-09-17T17:00,25.4,94,3.8,102.0,31.1
Sambalpur,1068767,21.4567,84.3758,2026-09-17T18:00,24.8,95,3.6,3.0,30.3
Sambalpur,1068767,21.4567,84.3758,2026-09-17T19:00,24.1,96,4.2,0.0,29.2
Sambalpur,1068767,21.4567,84.3758,2026-09-17T20:00,23.5,96,4.8,0.0,28.3
Sambalpur,1068767,21.4567,84.3758,2026-09-17T21:00,23.4,97,5.2,0.0,28.1
Sambalpur,1068767,21.4567,84.3758,2026-09-17T22:00,23.5,98,5.7,0.0,28.2
Sambalpur,1068767,21.4567,84.3758,2026-09-17T23:00,23.5,98,5.8,0.0,28.2
Anugul,1067275,21.1345,85.0009,2026-09-13T00:00,25.5,93,8.9,0.0,30.4
Anugul,1067275,21.1345,85.0009,2026-09-13T01:00,25.1,95,8.3,0.0,30.1
Anugul,1067275,21.1345,85.0009,2026-09-13T02:00,24.9,96,8.5,0.0,29.8
Anugul,1067275,21.1345,85.0009,2026-09-13T03:00,24.7,97,7.8,0.0,29.7
Anugul,1067275,21.1345,85.0009,2026-09-13T04:00,24.5,97,7.6,0.0,29.4
Anugul,1067275,21.1345,85.0009,2026-09-13T05:00,24.9,96,8.6,0.0,29.9
Anugul,1067275,21.1345,85.0009,2026-09-13T06:00,25.6,94,7.9,38.0,30.8
Anugul,1067275,21.1345,85.0009,2026-09-13T07:00,27.2,87,8.1,207.0,32.6
Anugul,1067275,21.1345,85.0009,2026-09-13T08:00,28.7,79,10.1,411.0,33.7
Anugul,1067275,21.1345,85.0009,2026-09-13T09:00,30.0,75,11.0,590.0,35.3
Anugul,1067275,21.1345,85.0009,2026-09-13T10:00,31.1,71,9.7,740.0,37.6
Anugul,1067275,21.1345,85.0009,2026-09-13T11:00,31.9,68,10.9,854.0,38.9
Anugul,1067275,21.1345,85.0009,2026-09-13T12:00,31.9,68,10.9,822.0,38.8
Anugul,1067275,21.1345,85.0009,2026-09-13T13:00,31.3,71,7.2,656.0,37.8
Anugul,1067275,21.1345,85.0009,2026-09-13T14:00,27.8,84,14.4,602.0,32.5
Anugul,1067275,21.1345,85.0009,2026-09-13T15:00,25.3,96,6.1,200.0,30.8
Anugul,1067275,21.1345,85.0009,2026-09-13T16:00,25.7,94,1.4,169.0,31.9
Anugul,1067275,21.1345,85.0009,2026-09-13T17:00,27.2,90,7.7,103.0,33.0
Anugul,1067275,21.1345,85.0009,2026-09-13T18:00,26.6,94,6.0,4.0,32.9
Anugul,1067275,21.1345,85.0009,2026-09-13T19:00,26.5,96,2.9,0.0,33.2
Anugul,1067275,21.1345,85.0009,2026-09-13T20:00,26.1,97,3.2,0.0,32.8
Anugul,1067275,21.1345,85.0009,2026-09-13T21:00,26.0,98,4.2,0.0,32.5
Anugul,1067275,21.1345,85.0009,2026-09-13T22:00,25.7,99,3.8,0.0,32.2
Anugul,1067275,21.1345,85.0009,2026-09-13T23:00,25.5,99,4.3,0.0,31.8
Anugul,1067275,21.1345,85.0009,2026-09-14T00:00,25.3,99,4.3,0.0,31.5
Anugul,1067275,21.1345,85.0009,2026-09-14T01:00,25.2,99,3.6,0.0,31.5
Anugul,1067275,21.1345,85.0009,2026-09-14T02:00,25.1,99,4.5,0.0,31.2
Anugul,1067275,21.1345,85.0009,2026-09-14T03:00,25.1,99,4.0,0.0,31.2
Anugul,1067275,21.1345,85.0009,2026-09-14T04:00,25.2,99,3.1,0.0,31.4
Anugul,1067275,21.1345,85.0009,2026-09-14T05:00,25.1,99,3.3,0.0,31.3
Anugul,1067275,21.1345,85.0009,2026-09-14T06:00,25.2,99,1.1,13.0,31.8
Anugul,1067275,21.1345,85.0009,2026-09-14T07:00,25.8,96,2.3,88.0,32.3
Anugul,1067275,21.1345,85.0009,2026-09-14T08:00,27.4,87,1.3,286.0,33.9
Anugul,1067275,21.1345,85.0009,2026-09-14T09:00,28.4,83,2.0,408.0,35.0
Anugul,1067275,21.1345,85.0009,2026-09-14T10:00,29.4,80,1.1,573.0,36.5
Anugul,1067275,21.1345,85.0009,2026-09-14T11:00,30.1,79,1.8,783.0,38.9
Anugul,1067275,21.1345,85.0009,2026-09-14T12:00,30.6,78,3.8,807.0,39.3
Anugul,1067275,21.1345,85.0009,2026-09-14T13:00,30.9,75,3.5,754.0,39.0
Anugul,1067275,21.1345,85.0009,2026-09-14T14:00,31.0,70,4.1,623.0,37.6
Anugul,1067275,21.1345,85.0009,2026-09-14T15:00,26.6,90,7.8,294.0,32.0
Anugul,1067275,21.1345,85.0009,2026-09-14T16:00,26.2,92,4.9,151.0,32.0
Anugul,1067275,21.1345,85.0009,2026-09-14T17:00,26.0,94,1.9,91.0,32.3
Anugul,1067275,21.1345,85.0009,2026-09-14T18:00,25.5,98,2.3,5.0,31.9
Anugul,1067275,21.1345,85.0009,2026-09-14T19:00,25.1,99,1.4,0.0,31.5
Anugul,1067275,21.1345,85.0009,2026-09-14T20:00,24.9,100,0.8,0.0,31.4
Anugul,1067275,21.1345,85.0009,2026-09-14T21:00,24.9,100,2.2,0.0,31.1
Anugul,1067275,21.1345,85.0009,2026-09-14T22:00,24.8,100,1.8,0.0,31.0
Anugul,1067275,21.1345,85.0009,2026-09-14T23:00,24.7,100,2.8,0.0,30.7
Anugul,1067275,21.1345,85.0009,2026-09-15T00:00,24.6,100,2.6,0.0,30.7
Anugul,1067275,21.1345,85.0009,2026-09-15T01:00,24.6,100,1.2,0.0,30.9
Anugul,1067275,21.1345,85.0009,2026-09-15T02:00,24.6,100,0.4,0.0,31.0
Anugul,1067275,21.1345,85.0009,2026-09-15T03:00,24.6,99,0.4,0.0,31.0
Anugul,1067275,21.1345,85.0009,2026-09-15T04:00,24.6,99,1.1,0.0,30.9
Anugul,1067275,21.1345,85.0009,2026-09-15T05:00,24.5,100,1.6,0.0,30.7
Anugul,1067275,21.1345,85.0009,2026-09-15T06:00,24.9,99,2.7,30.0,31.0
Anugul,1067275,21.1345,85.0009,2026-09-15T07:00,26.3,91,2.4,175.0,32.5
Anugul,1067275,21.1345,85.0009,2026-09-15T08:00,27.9,81,4.1,364.0,33.6
Anugul,1067275,21.1345,85.0009,2026-09-15T09:00,29.3,76,5.3,526.0,35.0
Anugul,1067275,21.1345,85.0009,2026-09-15T10:00,30.4,73,6.8,702.0,37.0
Anugul,1067275,21.1345,85.0009,2026-09-15T11:00,31.3,70,7.1,820.0,38.7
Anugul,1067275,21.1345,85.0009,2026-09-15T12:00,31.6,69,7.1,838.0,39.2
Anugul,1067275,21.1345,85.0009,2026-09-15T13:00,32.2,65,4.2,693.0,39.1
Anugul,1067275,21.1345,85.0009,2026-09-15T14:00,28.4,82,17.4,620.0,32.9
Anugul,1067275,21.1345,85.0009,2026-09-15T15:00,28.3,84,4.9,417.0,34.5
Anugul,1067275,21.1345,85.0009,2026-09-15T16:00,29.2,77,3.0,293.0,35.3
Anugul,1067275,21.1345,85.0009,2026-09-15T17:00,28.7,84,1.3,111.0,35.6
Anugul,1067275,21.1345,85.0009,2026-09-15T18:00,27.5,89,0.9,5.0,34.4
Anugul,1067275,21.1345,85.0009,2026-09-15T19:00,26.9,91,1.3,0.0,33.6
Anugul,1067275,21.1345,85.0009,2026-09-15T20:00,26.4,93,3.6,0.0,32.7
Anugul,1067275,21.1345,85.0009,2026-09-15T21:00,26.1,95,3.8,0.0,32.4
Anugul,1067275,21.1345,85.0009,2026-09-15T22:00,25.9,97,1.8,0.0,32.5
Anugul,1067275,21.1345,85.0009,2026-09-15T23:00,25.7,97,0.7,0.0,32.5
Anugul,1067275,21.1345,85.0009,2026-09-16T00:00,25.6,98,0.6,0.0,32.4
Anugul,1067275,21.1345,85.0009,2026-09-16T01:00,25.3,100,1.0,0.0,32.0
Anugul,1067275,21.1345,85.0009,2026-09-16T02:00,25.2,100,0.0,0.0,32.0
Anugul,1067275,21.1345,85.0009,2026-09-16T03:00,25.2,100,0.7,0.0,31.9
Anugul,1067275,21.1345,85.0009,2026-09-16T04:00,25.2,100,0.7,0.0,31.9
Anugul,1067275,21.1345,85.0009,2026-09-16T05:00,25.1,100,1.6,0.0,31.6
Anugul,1067275,21.1345,85.0009,2026-09-16T06:00,25.3,99,4.2,31.0,31.5
Anugul,1067275,21.1345,85.0009,2026-09-16T07:00,27.2,89,6.4,182.0,33.0
Anugul,1067275,21.1345,85.0009,2026-09-16T08:00,28.7,81,7.8,370.0,34.4
Anugul,1067275,21.1345,85.0009,2026-09-16T09:00,29.9,78,6.8,588.0,36.1
Anugul,1067275,21.1345,85.0009,2026-09-16T10:00,31.1,73,5.0,743.0,38.8
Anugul,1067275,21.1345,85.0009,2026-09-16T11:00,31.7,70,5.6,800.0,39.5
Anugul,1067275,21.1345,85.0009,2026-09-16T12:00,31.6,70,5.4,590.0,38.0
Anugul,1067275,21.1345,85.0009,2026-09-16T13:00,29.1,81,15.0,531.0,34.0
Anugul,1067275,21.1345,85.0009,2026-09-16T14:00,28.4,84,6.2,455.0,34.5
Anugul,1067275,21.1345,85.0009,2026-09-16T15:00,29.6,79,5.3,466.0,36.0
Anugul,1067275,21.1345,85.0009,2026-09-16T16:00,29.7,78,1.1,290.0,36.5
Anugul,1067275,21.1345,85.0009,2026-09-16T17:00,29.0,86,1.4,107.0,36.5
Anugul,1067275,21.1345,85.0009,2026-09-16T18:00,27.9,90,3.8,4.0,34.8
Anugul,1067275,21.1345,85.0009,2026-09-16T19:00,27.3,93,3.4,0.0,34.3
Anugul,1067275,21.1345,85.0009,2026-09-16T20:00,26.9,95,2.3,0.0,34.0
Anugul,1067275,21.1345,85.0009,2026-09-16T21:00,26.4,97,5.9,0.0,32.8
Anugul,1067275,21.1345,85.0009,2026-09-16T22:00,26.1,95,7.3,0.0,31.9
Anugul,1067275,21.1345,85.0009,2026-09-16T23:00,25.8,95,6.3,0.0,31.5
Anugul,1067275,21.1345,85.0009,2026-09-17T00:00,25.5,95,5.8,0.0,31.2
Anugul,1067275,21.1345,85.0009,2026-09-17T01:00,25.3,96,4.9,0.0,31.0
Anugul,1067275,21.1345,85.0009,2026-09-17T02:00,24.6,98,9.2,0.0,29.5
Anugul,1067275,21.1345,85.0009,2026-09-17T03:00,24.3,99,6.2,0.0,29.6
Anugul,1067275,21.1345,85.0009,2026-09-17T04:00,24.7,99,1.9,0.0,30.7
Anugul,1067275,21.1345,85.0009,2026-09-17T05:00,24.8,99,3.2,0.0,30.8
Anugul,1067275,21.1345,85.0009,2026-09-17T06:00,25.3,98,6.9,34.0,30.9
Anugul,1067275,21.1345,85.0009,2026-09-17T07:00,26.3,91,7.3,186.0,31.8
Anugul,1067275,21.1345,85.0009,2026-09-17T08:00,28.1,82,11.0,395.0,32.9
Anugul,1067275,21.1345,85.0009,2026-09-17T09:00,29.8,75,11.2,517.0,34.7
Anugul,1067275,21.1345,85.0009,2026-09-17T10:00,31.0,69,11.2,643.0,36.3
Anugul,1067275,21.1345,85.0009,2026-09-17T11:00,32.1,65,10.5,770.0,38.3
Anugul,1067275,21.1345,85.0009,2026-09-17T12:00,32.6,64,11.1,808.0,39.0
Anugul,1067275,21.1345,85.0009,2026-09-17T13:00,32.7,64,11.7,729.0,38.6
Anugul,1067275,21.1345,85.0009,2026-09-17T14:00,32.4,65,11.0,578.0,37.7
Anugul,1067275,21.1345,85.0009,2026-09-17T15:00,31.5,70,7.1,352.0,37.4
Anugul,1067275,21.1345,85.0009,2026-09-17T16:00,30.1,78,1.9,212.0,37.1
Anugul,1067275,21.1345,85.0009,2026-09-17T17:00,29.0,85,2.5,81.0,36.1
Anugul,1067275,21.1345,85.0009,2026-09-17T18:00,28.2,89,3.0,2.0,35.3
Anugul,1067275,21.1345,85.0009,2026-09-17T19:00,27.6,93,2.2,0.0,34.9
Anugul,1067275,21.1345,85.0009,2026-09-17T20:00,27.0,95,1.5,0.0,34.3
Anugul,1067275,21.1345,85.0009,2026-09-17T21:00,26.5,97,1.3,0.0,33.7
Anugul,1067275,21.1345,85.0009,2026-09-17T22:00,26.1,97,2.3,0.0,32.9
Anugul,1067275,21.1345,85.0009,2026-09-17T23:00,25.6,98,2.6,0.0,32.1
Jagatsinghapur,1020991,20.2241,86.3542,2026-09-13T00:00,27.0,86,6.7,0.0,32.3
Jagatsinghapur,1020991,20.2241,86.3542,2026-09-13T01:00,26.6,88,5.6,0.0,32.2
Jagatsinghapur,1020991,20.2241,86.3542,2026-09-13T02:00,26.5,90,5.4,0.0,32.1
Jagatsinghapur,1020991,20.2241,86.3542,2026-09-13T03:00,26.4,91,4.6,0.0,32.2
Jagatsinghapur,1020991,20.2241,86.3542,2026-09-13T04:00,26.2,91,3.2,0.0,32.3
Jagatsinghapur,1020991,20.2241,86.3542,2026-09-13T05:00,26.4,91,3.4,0.0,32.6
Jagatsinghapur,1020991,20.2241,86.3542,2026-09-13T06:00,27.7,88,5.2,49.0,34.0
Jagatsinghapur,1020991,20.2241,86.3542,2026-09-13T07:00,29.7,79,6.4,233.0,35.9
Jagatsinghapur,1020991,20.2241,86.3542,2026-09-13T08:00,30.0,78,9.7,425.0,35.7
Jagatsinghapur,1020991,20.2241,86.3542,2026-09-13T09:00,29.8,80,11.1,484.0,35.6
Jagatsinghapur,1020991,20.2241,86.3542,2026-09-13T10:00,29.1,82,9.4,471.0,34.9
Jagatsinghapur,1020991,20.2241,86.3542,2026-09-13T11:00,29.9,76,11.8,780.0,36.2
Jagatsinghapur,1020991,20.2241,86.3542,2026-09-13T12:00,30.0,77,9.5,692.0,36.5
Jagatsinghapur,1020991,20.2241,86.3542,2026-09-13T13:00,30.2,76,10.3,696.0,36.6
Jagatsinghapur,1020991,20.2241,86.3542,2026-09-13T14:00,30.3,76,10.1,603.0,36.1
Jagatsinghapur,1020991,20.2241,86.3542,2026-09-13T15:00,29.7,75,9.9,453.0,34.9
Jagatsinghapur,1020991,20.2241,86.3542,2026-09-13T16:00,28.8,75,7.9,223.0,33.7
Jagatsinghapur,1020991,20.2241,86.3542,2026-09-13T17:00,26.6,90,2.8,72.0,32.7
Jagatsinghapur,1020991,20.2241,86.3542,2026-09-13T18:00,25.9,95,4.0,2.0,32.1
Jagatsinghapur,1020991,20.2241,86.3542,2026-09-13T19:00,25.9,99,0.6,0.0,32.9
Jagatsinghapur,1020991,20.2241,86.3542,2026-09-13T20:00,25.9,99,0.7,0.0,33.0
Jagatsinghapur,1020991,20.2241,86.3542,2026-09-13T21:00,25.9,99,0.4,0.0,33.0
Jagatsinghapur,1020991,20.2241,86.3542,2026-09-13T22:00,25.8,99,0.4,0.0,32.9
Jagatsinghapur,1020991,20.2241,86.3542,2026-09-13T23:00,25.7,99,1.3,0.0,32.6
Jagatsinghapur,1020991,20.2241,86.3542,2026-09-14T00:00,25.6,99,3.5,0.0,32.1
Jagatsinghapur,1020991,20.2241,86.3542,2026-09-14T01:00,25.4,99,3.9,0.0,31.7
Jagatsinghapur,1020991,20.2241,86.3542,2026-09-14T02:00,25.3,99,3.1,0.0,31.7
Jagatsinghapur,1020991,20.2241,86.3542,2026-09-14T03:00,25.0,99,0.6,0.0,31.5
Jagatsinghapur,1020991,20.2241,86.3542,2026-09-14T04:00,25.0,100,5.5,0.0,30.9
Jagatsinghapur,1020991,20.2241,86.3542,2026-09-14T05:00,25.0,99,3.6,0.0,31.0
Jagatsinghapur,1020991,20.2241,86.3542,2026-09-14T06:00,25.5,98,7.5,46.0,31.3
Jagatsinghapur,1020991,20.2241,86.3542,2026-09-14T07:00,26.8,91,6.3,218.0,32.8
Jagatsinghapur,1020991,20.2241,86.3542,2026-09-14T08:00,28.4,83,5.0,427.0,34.6
Jagatsinghapur,1020991,20.2241,86.3542,2026-09-14T09:00,29.4,80,4.8,544.0,35.8
Jagatsinghapur,1020991,20.2241,86.3542,2026-09-14T10:00,30.3,75,4.0,713.0,37.8
Jagatsinghapur,1020991,20.2241,86.3542,2026-09-14T11:00,30.9,74,3.3,744.0,38.8
Jagatsinghapur,1020991,20.2241,86.3542,2026-09-14T12:00,31.3,72,4.2,843.0,39.6
Jagatsinghapur,1020991,20.2241,86.3542,2026-09-14T13:00,28.9,82,12.0,730.0,35.3
Jagatsinghapur,1020991,20.2241,86.3542,2026-09-14T14:00,28.0,89,4.4,537.0,34.7
Jagatsinghapur,1020991,20.2241,86.3542,2026-09-14T15:00,28.8,86,3.9,441.0,35.7
Jagatsinghapur,1020991,20.2241,86.3542,2026-09-14T16:00,29.0,81,3.6,289.0,35.4
Jagatsinghapur,1020991,20.2241,86.3542,2026-09-14T17:00,28.1,85,4.5,79.0,34.4
Jagatsinghapur,1020991,20.2241,86.3542,2026-09-14T18:00,27.1,90,4.0,3.0,33.5
Jagatsinghapur,1020991,20.2241,86.3542,2026-09-14T19:00,27.0,90,1.2,0.0,33.7
Jagatsinghapur,1020991,20.2241,86.3542,2026-09-14T20:00,26.7,92,1.0,0.0,33.5
Jagatsinghapur,1020991,20.2241,86.3542,2026-09-14T21:00,26.3,96,1.6,0.0,33.2
Jagatsinghapur,1020991,20.2241,86.3542,2026-09-14T22:00,25.9,98,3.2,0.0,32.6
Jagatsinghapur,1020991,20.2241,86.3542,2026-09-14T23:00,25.7,99,2.9,0.0,32.3
Jagatsinghapur,1020991,20.2241,86.3542,2026-09-15T00:00,25.6,98,3.1,0.0,32.1
Jagatsinghapur,1020991,20.2241,86.3542,2026-09-15T01:00,25.5,98,2.8,0.0,31.8
Jagatsinghapur,1020991,20.2241,86.3542,2026-09-15T02:00,25.4,98,4.0,0.0,31.6
Jagatsinghapur,1020991,20.2241,86.3542,2026-09-15T03:00,25.3,97,3.5,0.0,31.3
Jagatsinghapur,1020991,20.2241,86.3542,2026-09-15T04:00,25.1,97,1.7,0.0,31.3
Jagatsinghapur,1020991,20.2241,86.3542,2026-09-15T05:00,24.8,98,2.7,0.0,30.8
Jagatsinghapur,1020991,20.2241,86.3542,2026-09-15T06:00,25.7,96,4.5,49.0,31.8
Jagatsinghapur,1020991,20.2241,86.3542,2026-09-15T07:00,27.3,88,3.7,230.0,33.6
Jagatsinghapur,1020991,20.2241,86.3542,2026-09-15T08:00,28.9,79,4.9,450.0,34.8
Jagatsinghapur,1020991,20.2241,86.3542,2026-09-15T09:00,30.2,73,5.8,629.0,36.3
Jagatsinghapur,1020991,20.2241,86.3542,2026-09-15T10:00,30.9,70,5.2,744.0,37.9
Jagatsinghapur,1020991,20.2241,86.3542,2026-09-15T11:00,31.0,71,6.9,809.0,38.4
Jagatsinghapur,1020991,20.2241,86.3542,2026-09-15T12:00,31.4,70,7.4,726.0,38.3
Jagatsinghapur,1020991,20.2241,86.3542,2026-09-15T13:00,30.4,76,5.3,523.0,36.7
Jagatsinghapur,1020991,20.2241,86.3542,2026-09-15T14:00,28.4,83,6.8,439.0,34.2
Jagatsinghapur,1020991,20.2241,86.3542,2026-09-15T15:00,28.4,85,8.7,364.0,34.2
Jagatsinghapur,1020991,20.2241,86.3542,2026-09-15T16:00,28.5,85,5.0,275.0,35.0
Jagatsinghapur,1020991,20.2241,86.3542,2026-09-15T17:00,28.4,87,2.7,92.0,35.4
Jagatsinghapur,1020991,20.2241,86.3542,2026-09-15T18:00,27.7,91,4.0,2.0,34.5
Jagatsinghapur,1020991,20.2241,86.3542,2026-09-15T19:00,27.4,90,3.8,0.0,34.0
Jagatsinghapur,1020991,20.2241,86.3542,2026-09-15T20:00,27.2,93,3.1,0.0,34.1
Jagatsinghapur,1020991,20.2241,86.3542,2026-09-15T21:00,26.9,96,3.5,0.0,33.8
Jagatsinghapur,1020991,20.2241,86.3542,2026-09-15T22:00,26.8,95,4.1,0.0,33.5
Jagatsinghapur,1020991,20.2241,86.3542,2026-09-15T23:00,26.7,94,6.3,0.0,33.0
Jagatsinghapur,1020991,20.2241,86.3542,2026-09-16T00:00,26.6,93,5.7,0.0,32.8
Jagatsinghapur,1020991,20.2241,86.3542,2026-09-16T01:00,26.5,93,5.3,0.0,32.6
Jagatsinghapur,1020991,20.2241,86.3542,2026-09-16T02:00,26.3,93,5.4,0.0,32.4
Jagatsinghapur,1020991,20.2241,86.3542,2026-09-16T03:00,26.1,94,5.6,0.0,32.1
Jagatsinghapur,1020991,20.2241,86.3542,2026-09-16T04:00,26.0,95,5.1,0.0,32.0
Jagatsinghapur,1020991,20.2241,86.3542,2026-09-16T05:00,25.8,96,6.2,0.0,31.7
Jagatsinghapur,1020991,20.2241,86.3542,2026-09-16T06:00,26.4,95,7.9,48.0,32.3
Jagatsinghapur,1020991,20.2241,86.3542,2026-09-16T07:00,28.1,87,8.4,219.0,34.1
Jagatsinghapur,1020991,20.2241,86.3542,2026-09-16T08:00,29.2,84,11.4,398.0,35.1
Jagatsinghapur,1020991,20.2241,86.3542,2026-09-16T09:00,30.1,82,7.4,555.0,36.8
Jagatsinghapur,1020991,20.2241,86.3542,2026-09-16T10:00,31.0,79,9.7,703.0,38.6
Jagatsinghapur,1020991,20.2241,86.3542,2026-09-16T11:00,31.6,77,7.5,771.0,39.9
Jagatsinghapur,1020991,20.2241,86.3542,2026-09-16T12:00,31.6,77,7.6,683.0,39.4
Jagatsinghapur,1020991,20.2241,86.3542,2026-09-16T13:00,31.2,79,8.8,592.0,38.4
Jagatsinghapur,1020991,20.2241,86.3542,2026-09-16T14:00,28.6,88,11.5,331.0,34.5
Jagatsinghapur,1020991,20.2241,86.3542,2026-09-16T15:00,28.9,87,11.3,276.0,35.0
Jagatsinghapur,1020991,20.2241,86.3542,2026-09-16T16:00,29.5,84,12.1,230.0,35.4
Jagatsinghapur,1020991,20.2241,86.3542,2026-09-16T17:00,28.7,86,9.6,85.0,34.8
Jagatsinghapur,1020991,20.2241,86.3542,2026-09-16T18:00,27.9,90,5.5,2.0,34.6
Jagatsinghapur,1020991,20.2241,86.3542,2026-09-16T19:00,27.6,92,4.3,0.0,34.4
Jagatsinghapur,1020991,20.2241,86.3542,2026-09-16T20:00,27.2,94,4.4,0.0,34.0
Jagatsinghapur,1020991,20.2241,86.3542,2026-09-16T21:00,26.9,95,4.6,0.0,33.6
Jagatsinghapur,1020991,20.2241,86.3542,2026-09-16T22:00,26.7,96,6.4,0.0,33.1
Jagatsinghapur,1020991,20.2241,86.3542,2026-09-16T23:00,26.5,96,7.8,0.0,32.5
Jagatsinghapur,1020991,20.2241,86.3542,2026-09-17T00:00,26.5,93,8.7,0.0,32.1
Jagatsinghapur,1020991,20.2241,86.3542,2026-09-17T01:00,26.3,94,8.7,0.0,31.9
Jagatsinghapur,1020991,20.2241,86.3542,2026-09-17T02:00,26.3,95,8.4,0.0,32.0
Jagatsinghapur,1020991,20.2241,86.3542,2026-09-17T03:00,26.2,96,7.6,0.0,32.1
Jagatsinghapur,1020991,20.2241,86.3542,2026-09-17T04:00,26.0,98,4.7,0.0,32.5
Jagatsinghapur,1020991,20.2241,86.3542,2026-09-17T05:00,25.7,96,6.1,0.0,31.5
Jagatsinghapur,1020991,20.2241,86.3542,2026-09-17T06:00,26.3,97,5.6,37.0,32.8
Jagatsinghapur,1020991,20.2241,86.3542,2026-09-17T07:00,28.0,91,9.9,193.0,34.3
Jagatsinghapur,1020991,20.2241,86.3542,2026-09-17T08:00,29.2,83,9.4,379.0,35.3
Jagatsinghapur,1020991,20.2241,86.3542,2026-09-17T09:00,30.5,77,8.6,558.0,36.7
Jagatsinghapur,1020991,20.2241,86.3542,2026-09-17T10:00,31.4,73,11.4,704.0,38.0
Jagatsinghapur,1020991,20.2241,86.3542,2026-09-17T11:00,32.3,71,10.5,783.0,39.7
Jagatsinghapur,1020991,20.2241,86.3542,2026-09-17T12:00,32.8,70,9.4,751.0,40.3
Jagatsinghapur,1020991,20.2241,86.3542,2026-09-17T13:00,33.0,69,8.0,691.0,40.4
Jagatsinghapur,1020991,20.2241,86.3542,2026-09-17T14:00,32.6,71,6.7,582.0,39.6
Jagatsinghapur,1020991,20.2241,86.3542,2026-09-17T15:00,31.3,77,5.1,427.0,38.4
Jagatsinghapur,1020991,20.2241,86.3542,2026-09-17T16:00,29.4,86,6.0,266.0,36.4
Jagatsinghapur,1020991,20.2241,86.3542,2026-09-17T17:00,27.9,93,7.3,93.0,34.6
Jagatsinghapur,1020991,20.2241,86.3542,2026-09-17T18:00,27.2,96,5.4,1.0,34.1
Jagatsinghapur,1020991,20.2241,86.3542,2026-09-17T19:00,26.8,96,4.1,0.0,33.7
Jagatsinghapur,1020991,20.2241,86.3542,2026-09-17T20:00,26.5,96,6.1,0.0,32.9
Jagatsinghapur,1020991,20.2241,86.3542,2026-09-17T21:00,26.1,97,7.8,0.0,31.9
Jagatsinghapur,1020991,20.2241,86.3542,2026-09-17T22:00,25.7,96,9.6,0.0,31.0
Jagatsinghapur,1020991,20.2241,86.3542,2026-09-17T23:00,25.4,96,10.7,0.0,30.4
Nayagarh,883051,20.2015,85.0587,2026-09-13T00:00,24.1,96,4.7,0.0,29.1
Nayagarh,883051,20.2015,85.0587,2026-09-13T01:00,23.9,96,4.2,0.0,28.8
Nayagarh,883051,20.2015,85.0587,2026-09-13T02:00,23.8,95,4.9,0.0,28.5
Nayagarh,883051,20.2015,85.0587,2026-09-13T03:00,23.8,94,4.9,0.0,28.4
Nayagarh,883051,20.2015,85.0587,2026-09-13T04:00,23.7,94,4.2,0.0,28.4
Nayagarh,883051,20.2015,85.0587,2026-09-13T05:00,24.3,93,6.4,0.0,28.8
Nayagarh,883051,20.2015,85.0587,2026-09-13T06:00,25.0,93,6.1,36.0,30.1
Nayagarh,883051,20.2015,85.0587,2026-09-13T07:00,26.8,87,6.8,211.0,32.2
Nayagarh,883051,20.2015,85.0587,2026-09-13T08:00,27.9,82,11.0,397.0,32.7
Nayagarh,883051,20.2015,85.0587,2026-09-13T09:00,29.0,78,10.4,552.0,33.9
Nayagarh,883051,20.2015,85.0587,2026-09-13T10:00,29.8,77,8.9,676.0,36.1
Nayagarh,883051,20.2015,85.0587,2026-09-13T11:00,30.3,75,7.9,737.0,37.2
Nayagarh,883051,20.2015,85.0587,2026-09-13T12:00,29.1,82,11.6,798.0,36.0
Nayagarh,883051,20.2015,85.0587,2026-09-13T13:00,26.8,92,6.7,488.0,32.7
Nayagarh,883051,20.2015,85.0587,2026-09-13T14:00,27.5,89,6.2,501.0,33.7
Nayagarh,883051,20.2015,85.0587,2026-09-13T15:00,28.5,87,4.8,522.0,35.2
Nayagarh,883051,20.2015,85.0587,2026-09-13T16:00,27.3,92,7.1,264.0,33.6
Nayagarh,883051,20.2015,85.0587,2026-09-13T17:00,26.3,95,2.7,96.0,32.9
Nayagarh,883051,20.2015,85.0587,2026-09-13T18:00,25.7,99,0.9,4.0,32.6
Nayagarh,883051,20.2015,85.0587,2026-09-13T19:00,25.5,99,0.6,0.0,32.4
Nayagarh,883051,20.2015,85.0587,2026-09-13T20:00,25.4,100,0.5,0.0,32.3
Nayagarh,883051,20.2015,85.0587,2026-09-13T21:00,25.3,100,1.5,0.0,31.9
Nayagarh,883051,20.2015,85.0587,2026-09-13T22:00,25.1,100,2.2,0.0,31.6
Nayagarh,883051,20.2015,85.0587,2026-09-13T23:00,25.0,100,1.1,0.0,31.5
Nayagarh,883051,20.2015,85.0587,2026-09-14T00:00,25.0,100,0.5,0.0,31.5
Nayagarh,883051,20.2015,85.0587,2026-09-14T01:00,24.9,100,4.1,0.0,30.9
Nayagarh,883051,20.2015,85.0587,2026-09-14T02:00,24.9,100,3.0,0.0,31.1
Nayagarh,883051,20.2015,85.0587,2026-09-14T03:00,25.0,99,2.3,0.0,31.3
Nayagarh,883051,20.2015,85.0587,2026-09-14T04:00,24.9,100,1.3,0.0,31.4
Nayagarh,883051,20.2015,85.0587,2026-09-14T05:00,24.9,100,0.9,0.0,31.4
Nayagarh,883051,20.2015,85.0587,2026-09-14T06:00,25.1,99,1.8,20.0,31.5
Nayagarh,883051,20.2015,85.0587,2026-09-14T07:00,25.5,99,3.9,97.0,31.8
Nayagarh,883051,20.2015,85.0587,2026-09-14T08:00,26.3,96,3.4,281.0,32.9
Nayagarh,883051,20.2015,85.0587,2026-09-14T09:00,26.7,96,1.8,458.0,33.8
Nayagarh,883051,20.2015,85.0587,2026-09-14T10:00,27.0,96,0.8,576.0,34.6
Nayagarh,883051,20.2015,85.0587,2026-09-14T11:00,26.7,95,1.5,539.0,33.8
Nayagarh,883051,20.2015,85.0587,2026-09-14T12:00,27.3,90,4.9,538.0,33.7
Nayagarh,883051,20.2015,85.0587,2026-09-14T13:00,27.0,89,0.3,309.0,33.8
Nayagarh,883051,20.2015,85.0587,2026-09-14T14:00,27.2,90,2.6,335.0,33.8
Nayagarh,883051,20.2015,85.0587,2026-09-14T15:00,27.8,88,2.6,460.0,34.6
Nayagarh,883051,20.2015,85.0587,2026-09-14T16:00,28.1,87,1.3,308.0,35.1
Nayagarh,883051,20.2015,85.0587,2026-09-14T17:00,26.8,94,4.8,111.0,33.2
Nayagarh,883051,20.2015,85.0587,2026-09-14T18:00,25.9,97,3.5,5.0,32.3
Nayagarh,883051,20.2015,85.0587,2026-09-14T19:00,25.4,98,3.1,0.0,31.7
Nayagarh,883051,20.2015,85.0587,2026-09-14T20:00,25.1,99,2.8,0.0,31.3
Nayagarh,883051,20.2015,85.0587,2026-09-14T21:00,24.9,99,4.4,0.0,30.8
Nayagarh,883051,20.2015,85.0587,2026-09-14T22:00,24.8,99,4.2,0.0,30.7
Nayagarh,883051,20.2015,85.0587,2026-09-14T23:00,24.5,100,3.1,0.0,30.4
Nayagarh,883051,20.2015,85.0587,2026-09-15T00:00,24.4,100,2.9,0.0,30.2
Nayagarh,883051,20.2015,85.0587,2026-09-15T01:00,24.2,100,3.9,0.0,29.9
Nayagarh,883051,20.2015,85.0587,2026-09-15T02:00,24.2,100,4.4,0.0,29.7
Nayagarh,883051,20.2015,85.0587,2026-09-15T03:00,24.2,100,4.2,0.0,29.7
Nayagarh,883051,20.2015,85.0587,2026-09-15T04:00,24.2,100,3.6,0.0,29.8
Nayagarh,883051,20.2015,85.0587,2026-09-15T05:00,24.2,100,2.7,0.0,29.9
Nayagarh,883051,20.2015,85.0587,2026-09-15T06:00,24.5,99,4.8,29.0,30.0
Nayagarh,883051,20.2015,85.0587,2026-09-15T07:00,25.8,91,5.9,155.0,31.1
Nayagarh,883051,20.2015,85.0587,2026-09-15T08:00,27.1,84,4.7,334.0,32.6
Nayagarh,883051,20.2015,85.0587,2026-09-15T09:00,28.7,76,4.1,563.0,34.3
Nayagarh,883051,20.2015,85.0587,2026-09-15T10:00,29.6,73,4.6,676.0,36.0
Nayagarh,883051,20.2015,85.0587,2026-09-15T11:00,30.5,72,4.7,866.0,38.4
Nayagarh,883051,20.2015,85.0587,2026-09-15T12:00,31.0,71,4.9,892.0,39.2
Nayagarh,883051,20.2015,85.0587,2026-09-15T13:00,30.8,73,5.4,833.0,38.7
Nayagarh,883051,20.2015,85.0587,2026-09-15T14:00,30.7,73,5.1,674.0,37.6
Nayagarh,883051,20.2015,85.0587,2026-09-15T15:00,29.0,79,6.8,462.0,34.6
Nayagarh,883051,20.2015,85.0587,2026-09-15T16:00,27.7,85,8.4,204.0,33.1
Nayagarh,883051,20.2015,85.0587,2026-09-15T17:00,26.9,91,7.2,102.0,32.7
Nayagarh,883051,20.2015,85.0587,2026-09-15T18:00,26.0,96,5.7,5.0,32.1
Nayagarh,883051,20.2015,85.0587,2026-09-15T19:00,25.7,97,6.0,0.0,31.6
Nayagarh,883051,20.2015,85.0587,2026-09-15T20:00,25.4,97,4.3,0.0,31.4
Nayagarh,883051,20.2015,85.0587,2026-09-15T21:00,25.1,99,6.0,0.0,30.9
Nayagarh,883051,20.2015,85.0587,2026-09-15T22:00,24.9,98,5.6,0.0,30.5
Nayagarh,883051,20.2015,85.0587,2026-09-15T23:00,24.6,98,5.5,0.0,30.0
Nayagarh,883051,20.2015,85.0587,2026-09-16T00:00,24.6,97,5.6,0.0,29.8
Nayagarh,883051,20.2015,85.0587,2026-09-16T01:00,24.5,96,4.2,0.0,29.8
Nayagarh,883051,20.2015,85.0587,2026-09-16T02:00,24.3,97,4.8,0.0,29.5
Nayagarh,883051,20.2015,85.0587,2026-09-16T03:00,24.2,97,4.7,0.0,29.4
Nayagarh,883051,20.2015,85.0587,2026-09-16T04:00,24.0,98,2.7,0.0,29.5
Nayagarh,883051,20.2015,85.0587,2026-09-16T05:00,23.9,99,3.4,0.0,29.3
Nayagarh,883051,20.2015,85.0587,2026-09-16T06:00,24.7,96,3.9,36.0,30.3
Nayagarh,883051,20.2015,85.0587,2026-09-16T07:00,26.4,91,3.2,200.0,32.4
Nayagarh,883051,20.2015,85.0587,2026-09-16T08:00,27.9,86,1.9,400.0,34.5
Nayagarh,883051,20.2015,85.0587,2026-09-16T09:00,29.3,81,2.4,598.0,36.5
Nayagarh,883051,20.2015,85.0587,2026-09-16T10:00,30.3,77,2.4,745.0,38.5
Nayagarh,883051,20.2015,85.0587,2026-09-16T11:00,31.2,73,2.2,861.0,40.2
Nayagarh,883051,20.2015,85.0587,2026-09-16T12:00,31.2,73,2.4,838.0,40.0
Nayagarh,883051,20.2015,85.0587,2026-09-16T13:00,30.2,77,4.1,635.0,37.2
Nayagarh,883051,20.2015,85.0587,2026-09-16T14:00,26.0,98,12.4,374.0,31.4
Nayagarh,883051,20.2015,85.0587,2026-09-16T15:00,25.5,97,5.3,323.0,31.4
Nayagarh,883051,20.2015,85.0587,2026-09-16T16:00,26.1,95,4.1,242.0,32.4
Nayagarh,883051,20.2015,85.0587,2026-09-16T17:00,25.9,95,3.6,99.0,32.1
Nayagarh,883051,20.2015,85.0587,2026-09-16T18:00,25.4,99,2.3,5.0,31.9
Nayagarh,883051,20.2015,85.0587,2026-09-16T19:00,25.4,99,4.5,0.0,31.5
Nayagarh,883051,20.2015,85.0587,2026-09-16T20:00,25.2,99,4.1,0.0,31.4
Nayagarh,883051,20.2015,85.0587,2026-09-16T21:00,25.1,99,4.3,0.0,31.2
Nayagarh,883051,20.2015,85.0587,2026-09-16T22:00,25.0,99,5.0,0.0,30.8
Nayagarh,883051,20.2015,85.0587,2026-09-16T23:00,24.8,98,4.7,0.0,30.5
Nayagarh,883051,20.2015,85.0587,2026-09-17T00:00,24.7,98,5.9,0.0,30.1
Nayagarh,883051,20.2015,85.0587,2026-09-17T01:00,24.6,98,6.0,0.0,29.9
Nayagarh,883051,20.2015,85.0587,2026-09-17T02:00,24.5,98,4.9,0.0,29.9
Nayagarh,883051,20.2015,85.0587,2026-09-17T03:00,24.3,99,3.2,0.0,29.9
Nayagarh,883051,20.2015,85.0587,2026-09-17T04:00,24.2,99,2.7,0.0,29.9
Nayagarh,883051,20.2015,85.0587,2026-09-17T05:00,24.2,99,5.4,0.0,29.5
Nayagarh,883051,20.2015,85.0587,2026-09-17T06:00,25.0,97,4.4,37.0,30.7
Nayagarh,883051,20.2015,85.0587,2026-09-17T07:00,26.4,93,4.4,204.0,32.6
Nayagarh,883051,20.2015,85.0587,2026-09-17T08:00,28.0,86,4.3,415.0,34.4
Nayagarh,883051,20.2015,85.0587,2026-09-17T09:00,29.5,79,4.4,612.0,36.3
Nayagarh,883051,20.2015,85.0587,2026-09-17T10:00,30.7,74,5.5,745.0,38.1
Nayagarh,883051,20.2015,85.0587,2026-09-17T11:00,31.4,72,6.2,831.0,39.5
Nayagarh,883051,20.2015,85.0587,2026-09-17T12:00,31.1,74,6.5,803.0,39.0
Nayagarh,883051,20.2015,85.0587,2026-09-17T13:00,30.1,80,6.7,720.0,37.6
Nayagarh,883051,20.2015,85.0587,2026-09-17T14:00,29.1,85,6.5,583.0,35.9
Nayagarh,883051,20.2015,85.0587,2026-09-17T15:00,28.3,90,5.2,390.0,35.2
Nayagarh,883051,20.2015,85.0587,2026-09-17T16:00,27.5,95,4.5,241.0,34.7
Nayagarh,883051,20.2015,85.0587,2026-09-17T17:00,26.8,98,5.3,92.0,33.8
Nayagarh,883051,20.2015,85.0587,2026-09-17T18:00,26.2,99,5.7,2.0,32.9
Nayagarh,883051,20.2015,85.0587,2026-09-17T19:00,25.7,99,6.0,0.0,31.9
Nayagarh,883051,20.2015,85.0587,2026-09-17T20:00,25.3,98,6.7,0.0,31.0
Nayagarh,883051,20.2015,85.0587,2026-09-17T21:00,25.1,97,7.4,0.0,30.5
Nayagarh,883051,20.2015,85.0587,2026-09-17T22:00,25.0,97,8.0,0.0,30.2
Nayagarh,883051,20.2015,85.0587,2026-09-17T23:00,24.9,97,7.5,0.0,30.1
Rayagada,820945,19.3474,83.498,2026-09-13T00:00,23.0,97,4.5,0.0,27.6
Rayagada,820945,19.3474,83.498,2026-09-13T01:00,22.8,98,3.1,0.0,27.4
Rayagada,820945,19.3474,83.498,2026-09-13T02:00,22.7,98,3.3,0.0,27.2
Rayagada,820945,19.3474,83.498,2026-09-13T03:00,22.6,97,2.9,0.0,27.1
Rayagada,820945,19.3474,83.498,2026-09-13T04:00,22.6,97,2.8,0.0,27.2
Rayagada,820945,19.3474,83.498,2026-09-13T05:00,22.8,97,3.8,0.0,27.3
Rayagada,820945,19.3474,83.498,2026-09-13T06:00,23.1,96,4.3,11.0,27.6
Rayagada,820945,19.3474,83.498,2026-09-13T07:00,23.7,94,4.7,71.0,28.2
Rayagada,820945,19.3474,83.498,2026-09-13T08:00,24.4,91,7.1,180.0,28.7
Rayagada,820945,19.3474,83.498,2026-09-13T09:00,26.0,82,9.7,395.0,29.8
Rayagada,820945,19.3474,83.498,2026-09-13T10:00,27.2,74,10.0,449.0,30.8
Rayagada,820945,19.3474,83.498,2026-09-13T11:00,29.1,69,6.5,727.0,34.5
Rayagada,820945,19.3474,83.498,2026-09-13T12:00,29.4,69,8.4,824.0,35.3
Rayagada,820945,19.3474,83.498,2026-09-13T13:00,26.8,86,10.8,741.0,32.5
Rayagada,820945,19.3474,83.498,2026-09-13T14:00,25.8,91,5.9,343.0,31.2
Rayagada,820945,19.3474,83.498,2026-09-13T15:00,25.5,90,7.4,350.0,30.4
Rayagada,820945,19.3474,83.498,2026-09-13T16:00,25.5,91,5.5,356.0,30.6
Rayagada,820945,19.3474,83.498,2026-09-13T17:00,25.4,93,3.5,127.0,31.1
Rayagada,820945,19.3474,83.498,2026-09-13T18:00,24.7,96,2.3,6.0,30.5
Rayagada,820945,19.3474,83.498,2026-09-13T19:00,24.4,96,2.3,0.0,29.9
Rayagada,820945,19.3474,83.498,2026-09-13T20:00,24.1,96,1.3,0.0,29.7
Rayagada,820945,19.3474,83.498,2026-09-13T21:00,23.8,97,0.7,0.0,29.4
Rayagada,820945,19.3474,83.498,2026-09-13T22:00,23.6,98,0.3,0.0,29.1
Rayagada,820945,19.3474,83.498,2026-09-13T23:00,23.1,100,0.7,0.0,28.5
Rayagada,820945,19.3474,83.498,2026-09-14T00:00,23.0,100,0.4,0.0,28.4
Rayagada,820945,19.3474,83.498,2026-09-14T01:00,22.8,100,1.0,0.0,27.9
Rayagada,820945,19.3474,83.498,2026-09-14T02:00,22.8,100,0.4,0.0,28.0
Rayagada,820945,19.3474,83.498,2026-09-14T03:00,22.9,100,0.8,0.0,28.1
Rayagada,820945,19.3474,83.498,2026-09-14T04:00,23.0,99,0.3,0.0,28.3
Rayagada,820945,19.3474,83.498,2026-09-14T05:00,22.9,99,0.0,0.0,28.3
Rayagada,820945,19.3474,83.498,2026-09-14T06:00,22.9,100,1.4,19.0,28.1
Rayagada,820945,19.3474,83.498,2026-09-14T07:00,24.1,93,2.1,139.0,29.2
Rayagada,820945,19.3474,83.498,2026-09-14T08:00,25.5,85,3.1,330.0,30.5
Rayagada,820945,19.3474,83.498,2026-09-14T09:00,27.3,75,2.4,546.0,32.0
Rayagada,820945,19.3474,83.498,2026-09-14T10:00,28.7,71,1.8,762.0,35.3
Rayagada,820945,19.3474,83.498,2026-09-14T11:00,29.8,67,1.9,888.0,37.3
Rayagada,820945,19.3474,83.498,2026-09-14T12:00,30.6,65,2.2,909.0,38.4
Rayagada,820945,19.3474,83.498,2026-09-14T13:00,30.9,63,1.6,851.0,38.2
Rayagada,820945,19.3474,83.498,2026-09-14T14:00,30.8,64,4.4,747.0,36.9
Rayagada,820945,19.3474,83.498,2026-09-14T15:00,29.0,72,5.2,505.0,33.9
Rayagada,820945,19.3474,83.498,2026-09-14T16:00,26.5,84,1.7,258.0,32.1
Rayagada,820945,19.3474,83.498,2026-09-14T17:00,25.4,92,5.2,118.0,30.7
Rayagada,820945,19.3474,83.498,2026-09-14T18:00,24.8,96,3.3,8.0,30.4
Rayagada,820945,19.3474,83.498,2026-09-14T19:00,24.5,96,2.7,0.0,30.2
Rayagada,820945,19.3474,83.498,2026-09-14T20:00,24.2,96,3.8,0.0,29.5
Rayagada,820945,19.3474,83.498,2026-09-14T21:00,23.8,96,4.2,0.0,28.8
Rayagada,820945,19.3474,83.498,2026-09-14T22:00,23.7,96,1.2,0.0,29.0
Rayagada,820945,19.3474,83.498,2026-09-14T23:00,23.6,95,0.5,0.0,28.9
Rayagada,820945,19.3474,83.498,2026-09-15T00:00,23.4,96,0.7,0.0,28.6
Rayagada,820945,19.3474,83.498,2026-09-15T01:00,23.1,97,0.3,0.0,28.4
Rayagada,820945,19.3474,83.498,2026-09-15T02:00,22.8,99,0.2,0.0,28.0
Rayagada,820945,19.3474,83.498,2026-09-15T03:00,22.6,100,0.0,0.0,27.8
Rayagada,820945,19.3474,83.498,2026-09-15T04:00,22.5,100,0.3,0.0,27.7
Rayagada,820945,19.3474,83.498,2026-09-15T05:00,22.6,100,0.2,0.0,27.7
Rayagada,820945,19.3474,83.498,2026-09-15T06:00,22.8,98,0.7,22.0,27.9
Rayagada,820945,19.3474,83.498,2026-09-15T07:00,23.5,95,2.5,142.0,28.4
Rayagada,820945,19.3474,83.498,2026-09-15T08:00,25.2,88,2.9,339.0,30.3
Rayagada,820945,19.3474,83.498,2026-09-15T09:00,27.0,80,4.3,502.0,31.9
Rayagada,820945,19.3474,83.498,2026-09-15T10:00,28.7,75,2.3,759.0,35.6
Rayagada,820945,19.3474,83.498,2026-09-15T11:00,30.0,70,2.3,885.0,37.9
Rayagada,820945,19.3474,83.498,2026-09-15T12:00,30.7,67,3.7,895.0,38.4
Rayagada,820945,19.3474,83.498,2026-09-15T13:00,30.6,66,5.1,723.0,36.7
Rayagada,820945,19.3474,83.498,2026-09-15T14:00,27.2,83,7.1,621.0,32.7
Rayagada,820945,19.3474,83.498,2026-09-15T15:00,27.8,82,2.1,490.0,33.9
Rayagada,820945,19.3474,83.498,2026-09-15T16:00,27.6,87,1.4,251.0,34.2
Rayagada,820945,19.3474,83.498,2026-09-15T17:00,26.4,92,2.7,119.0,32.7
Rayagada,820945,19.3474,83.498,2026-09-15T18:00,25.4,97,2.7,7.0,31.7
Rayagada,820945,19.3474,83.498,2026-09-15T19:00,25.1,97,2.9,0.0,31.0
Rayagada,820945,19.3474,83.498,2026-09-15T20:00,25.0,96,1.3,0.0,31.1
Rayagada,820945,19.3474,83.498,2026-09-15T21:00,24.6,96,1.4,0.0,30.4
Rayagada,820945,19.3474,83.498,2026-09-15T22:00,24.4,96,1.1,0.0,30.1
Rayagada,820945,19.3474,83.498,2026-09-15T23:00,24.0,97,0.7,0.0,29.7
Rayagada,820945,19.3474,83.498,2026-09-16T00:00,23.6,99,0.4,0.0,29.3
Rayagada,820945,19.3474,83.498,2026-09-16T01:00,23.2,99,0.5,0.0,28.7
Rayagada,820945,19.3474,83.498,2026-09-16T02:00,22.8,100,0.7,0.0,28.0
Rayagada,820945,19.3474,83.498,2026-09-16T03:00,22.8,100,1.9,0.0,27.8
Rayagada,820945,19.3474,83.498,2026-09-16T04:00,22.6,100,1.3,0.0,27.6
Rayagada,820945,19.3474,83.498,2026-09-16T05:00,22.7,100,0.7,0.0,27.9
Rayagada,820945,19.3474,83.498,2026-09-16T06:00,22.8,100,2.2,24.0,27.8
Rayagada,820945,19.3474,83.498,2026-09-16T07:00,24.2,94,1.8,160.0,29.5
Rayagada,820945,19.3474,83.498,2026-09-16T08:00,26.0,87,3.4,344.0,31.3
Rayagada,820945,19.3474,83.498,2026-09-16T09:00,27.9,80,2.1,581.0,33.9
Rayagada,820945,19.3474,83.498,2026-09-16T10:00,29.4,74,2.8,795.0,36.9
Rayagada,820945,19.3474,83.498,2026-09-16T11:00,30.1,71,2.9,847.0,37.9
Rayagada,820945,19.3474,83.498,2026-09-16T12:00,30.4,71,3.9,770.0,37.6
Rayagada,820945,19.3474,83.498,2026-09-16T13:00,27.6,80,8.7,776.0,33.7
Rayagada,820945,19.3474,83.498,2026-09-16T14:00,25.9,93,9.1,377.0,31.0
Rayagada,820945,19.3474,83.498,2026-09-16T15:00,27.1,86,4.0,446.0,32.9
Rayagada,820945,19.3474,83.498,2026-09-16T16:00,27.1,84,3.9,296.0,32.8
Rayagada,820945,19.3474,83.498,2026-09-16T17:00,26.2,89,3.8,119.0,31.8
Rayagada,820945,19.3474,83.498,2026-09-16T18:00,25.4,91,0.5,8.0,31.3
Rayagada,820945,19.3474,83.498,2026-09-16T19:00,25.0,94,3.1,0.0,30.6
Rayagada,820945,19.3474,83.498,2026-09-16T20:00,24.6,96,3.8,0.0,30.1
Rayagada,820945,19.3474,83.498,2026-09-16T21:00,24.3,98,2.6,0.0,30.0
Rayagada,820945,19.3474,83.498,2026-09-16T22:00,23.8,99,2.7,0.0,29.3
Rayagada,820945,19.3474,83.498,2026-09-16T23:00,23.6,99,1.0,0.0,29.2
Rayagada,820945,19.3474,83.498,2026-09-17T00:00,23.3,99,0.2,0.0,28.9
Rayagada,820945,19.3474,83.498,2026-09-17T01:00,23.1,100,0.5,0.0,28.5
Rayagada,820945,19.3474,83.498,2026-09-17T02:00,22.7,100,1.3,0.0,27.8
Rayagada,820945,19.3474,83.498,2026-09-17T03:00,22.5,99,2.0,0.0,27.4
Rayagada,820945,19.3474,83.498,2026-09-17T04:00,22.3,99,0.2,0.0,27.3
Rayagada,820945,19.3474,83.498,2026-09-17T05:00,22.3,99,1.8,0.0,27.0
Rayagada,820945,19.3474,83.498,2026-09-17T06:00,22.6,99,2.3,23.0,27.4
Rayagada,820945,19.3474,83.498,2026-09-17T07:00,24.4,96,1.1,165.0,30.1
Rayagada,820945,19.3474,83.498,2026-09-17T08:00,26.7,85,2.4,400.0,32.4
Rayagada,820945,19.3474,83.498,2026-09-17T09:00,28.4,76,4.5,597.0,33.9
Rayagada,820945,19.3474,83.498,2026-09-17T10:00,29.6,70,7.7,736.0,35.5
Rayagada,820945,19.3474,83.498,2026-09-17T11:00,30.7,65,8.8,860.0,37.0
Rayagada,820945,19.3474,83.498,2026-09-17T12:00,31.4,62,9.7,851.0,37.3
Rayagada,820945,19.3474,83.498,2026-09-17T13:00,31.7,60,9.7,800.0,37.2
Rayagada,820945,19.3474,83.498,2026-09-17T14:00,31.6,60,9.2,689.0,36.5
Rayagada,820945,19.3474,83.498,2026-09-17T15:00,30.9,65,8.0,520.0,35.5
Rayagada,820945,19.3474,83.498,2026-09-17T16:00,29.9,72,6.5,341.0,35.2
Rayagada,820945,19.3474,83.498,2026-09-17T17:00,28.7,79,5.2,145.0,34.5
Rayagada,820945,19.3474,83.498,2026-09-17T18:00,27.2,85,4.6,6.0,33.0
Rayagada,820945,19.3474,83.498,2026-09-17T19:00,25.6,91,4.3,0.0,31.1
Rayagada,820945,19.3474,83.498,2026-09-17T20:00,24.3,96,3.7,0.0,29.6
Rayagada,820945,19.3474,83.498,2026-09-17T21:00,23.8,98,2.3,0.0,29.2
Rayagada,820945,19.3474,83.498,2026-09-17T22:00,23.6,99,0.7,0.0,29.2
Rayagada,820945,19.3474,83.498,2026-09-17T23:00,23.5,99,1.1,0.0,29.0
Kandhamal,660831,20.0262,84.0094,2026-09-13T00:00,21.8,92,12.2,0.0,24.2
Kandhamal,660831,20.0262,84.0094,2026-09-13T01:00,21.7,91,11.0,0.0,24.1
Kandhamal,660831,20.0262,84.0094,2026-09-13T02:00,21.8,91,9.9,0.0,24.3
Kandhamal,660831,20.0262,84.0094,2026-09-13T03:00,22.0,90,9.7,0.0,24.7
Kandhamal,660831,20.0262,84.0094,2026-09-13T04:00,22.0,91,10.4,0.0,24.6
Kandhamal,660831,20.0262,84.0094,2026-09-13T05:00,22.4,89,13.3,0.0,24.6
Kandhamal,660831,20.0262,84.0094,2026-09-13T06:00,22.8,89,12.3,29.0,25.4
Kandhamal,660831,20.0262,84.0094,2026-09-13T07:00,24.3,86,9.4,192.0,27.7
Kandhamal,660831,20.0262,84.0094,2026-09-13T08:00,25.5,82,9.1,374.0,29.2
Kandhamal,660831,20.0262,84.0094,2026-09-13T09:00,26.7,75,9.7,543.0,30.2
Kandhamal,660831,20.0262,84.0094,2026-09-13T10:00,27.8,68,10.2,699.0,31.8
Kandhamal,660831,20.0262,84.0094,2026-09-13T11:00,29.2,58,9.3,877.0,33.7
Kandhamal,660831,20.0262,84.0094,2026-09-13T12:00,29.3,58,9.7,915.0,34.0
Kandhamal,660831,20.0262,84.0094,2026-09-13T13:00,28.9,60,8.6,767.0,33.0
Kandhamal,660831,20.0262,84.0094,2026-09-13T14:00,28.8,59,6.8,629.0,32.2
Kandhamal,660831,20.0262,84.0094,2026-09-13T15:00,25.1,82,10.7,345.0,28.4
Kandhamal,660831,20.0262,84.0094,2026-09-13T16:00,25.3,86,3.2,284.0,30.3
Kandhamal,660831,20.0262,84.0094,2026-09-13T17:00,25.2,88,4.7,138.0,30.0
Kandhamal,660831,20.0262,84.0094,2026-09-13T18:00,24.4,92,2.7,5.0,29.6
Kandhamal,660831,20.0262,84.0094,2026-09-13T19:00,24.1,93,2.2,0.0,29.3
Kandhamal,660831,20.0262,84.0094,2026-09-13T20:00,23.8,94,2.9,0.0,28.8
Kandhamal,660831,20.0262,84.0094,2026-09-13T21:00,23.2,94,3.3,0.0,27.9
Kandhamal,660831,20.0262,84.0094,2026-09-13T22:00,22.8,95,5.4,0.0,26.9
Kandhamal,660831,20.0262,84.0094,2026-09-13T23:00,22.5,94,6.0,0.0,26.3
Kandhamal,660831,20.0262,84.0094,2026-09-14T00:00,22.6,93,5.6,0.0,26.4
Kandhamal,660831,20.0262,84.0094,2026-09-14T01:00,22.6,93,5.2,0.0,26.4
Kandhamal,660831,20.0262,84.0094,2026-09-14T02:00,21.9,95,5.8,0.0,25.5
Kandhamal,660831,20.0262,84.0094,2026-09-14T03:00,21.9,94,4.0,0.0,25.7
Kandhamal,660831,20.0262,84.0094,2026-09-14T04:00,21.7,95,2.9,0.0,25.6
Kandhamal,660831,20.0262,84.0094,2026-09-14T05:00,21.4,95,2.9,0.0,25.3
Kandhamal,660831,20.0262,84.0094,2026-09-14T06:00,22.4,94,3.1,29.0,26.6
Kandhamal,660831,20.0262,84.0094,2026-09-14T07:00,23.9,90,2.5,108.0,28.6
Kandhamal,660831,20.0262,84.0094,2026-09-14T08:00,25.7,81,3.2,322.0,30.3
Kandhamal,660831,20.0262,84.0094,2026-09-14T09:00,26.0,80,3.1,324.0,30.6
Kandhamal,660831,20.0262,84.0094,2026-09-14T10:00,26.7,76,3.9,425.0,31.1
Kandhamal,660831,20.0262,84.0094,2026-09-14T11:00,28.6,64,4.6,836.0,34.2
Kandhamal,660831,20.0262,84.0094,2026-09-14T12:00,29.1,60,5.1,847.0,34.4
Kandhamal,660831,20.0262,84.0094,2026-09-14T13:00,29.2,58,4.6,816.0,34.2
Kandhamal,660831,20.0262,84.0094,2026-09-14T14:00,29.3,58,5.9,625.0,32.8
Kandhamal,660831,20.0262,84.0094,2026-09-14T15:00,28.7,61,5.2,415.0,32.1
Kandhamal,660831,20.0262,84.0094,2026-09-14T16:00,26.6,78,8.4,255.0,30.6
Kandhamal,660831,20.0262,84.0094,2026-09-14T17:00,25.2,89,4.0,120.0,30.2
Kandhamal,660831,20.0262,84.0094,2026-09-14T18:00,23.9,94,3.2,8.0,28.9
Kandhamal,660831,20.0262,84.0094,2026-09-14T19:00,23.5,95,4.0,0.0,28.2
Kandhamal,660831,20.0262,84.0094,2026-09-14T20:00,23.1,96,3.9,0.0,27.7
Kandhamal,660831,20.0262,84.0094,2026-09-14T21:00,22.7,97,4.5,0.0,27.2
Kandhamal,660831,20.0262,84.0094,2026-09-14T22:00,22.4,98,4.5,0.0,26.8
Kandhamal,660831,20.0262,84.0094,2026-09-14T23:00,22.3,99,5.1,0.0,26.6
Kandhamal,660831,20.0262,84.0094,2026-09-15T00:00,22.3,99,5.4,0.0,26.5
Kandhamal,660831,20.0262,84.0094,2026-09-15T01:00,22.0,98,3.4,0.0,26.4
Kandhamal,660831,20.0262,84.0094,2026-09-15T02:00,21.7,98,3.9,0.0,25.8
Kandhamal,660831,20.0262,84.0094,2026-09-15T03:00,21.4,99,3.2,0.0,25.4
Kandhamal,660831,20.0262,84.0094,2026-09-15T04:00,21.2,99,3.9,0.0,25.1
Kandhamal,660831,20.0262,84.0094,2026-09-15T05:00,21.1,99,3.5,0.0,24.9
Kandhamal,660831,20.0262,84.0094,2026-09-15T06:00,21.9,97,3.6,30.0,26.0
Kandhamal,660831,20.0262,84.0094,2026-09-15T07:00,24.0,91,1.9,194.0,28.9
Kandhamal,660831,20.0262,84.0094,2026-09-15T08:00,25.8,84,3.4,426.0,30.7
Kandhamal,660831,20.0262,84.0094,2026-09-15T09:00,27.1,77,7.3,641.0,31.9
Kandhamal,660831,20.0262,84.0094,2026-09-15T10:00,28.1,75,8.0,773.0,34.0
Kandhamal,660831,20.0262,84.0094,2026-09-15T11:00,28.6,72,8.7,847.0,34.6
Kandhamal,660831,20.0262,84.0094,2026-09-15T12:00,28.4,72,8.2,778.0,34.0
Kandhamal,660831,20.0262,84.0094,2026-09-15T13:00,26.6,78,10.1,435.0,30.4
Kandhamal,660831,20.0262,84.0094,2026-09-15T14:00,26.4,85,6.2,626.0,31.9
Kandhamal,660831,20.0262,84.0094,2026-09-15T15:00,27.0,85,5.3,339.0,32.5
Kandhamal,660831,20.0262,84.0094,2026-09-15T16:00,26.0,90,1.9,269.0,32.0
Kandhamal,660831,20.0262,84.0094,2026-09-15T17:00,24.9,96,2.4,104.0,30.8
Kandhamal,660831,20.0262,84.0094,2026-09-15T18:00,24.0,99,2.4,7.0,29.6
Kandhamal,660831,20.0262,84.0094,2026-09-15T19:00,23.7,99,0.9,0.0,29.4
Kandhamal,660831,20.0262,84.0094,2026-09-15T20:00,23.5,97,3.7,0.0,28.5
Kandhamal,660831,20.0262,84.0094,2026-09-15T21:00,23.2,97,3.6,0.0,28.0
Kandhamal,660831,20.0262,84.0094,2026-09-15T22:00,22.8,97,3.2,0.0,27.5
Kandhamal,660831,20.0262,84.0094,2026-09-15T23:00,22.6,98,5.2,0.0,27.0
Kandhamal,660831,20.0262,84.0094,2026-09-16T00:00,22.5,99,4.5,0.0,26.9
Kandhamal,660831,20.0262,84.0094,2026-09-16T01:00,22.3,99,4.7,0.0,26.7
Kandhamal,660831,20.0262,84.0094,2026-09-16T02:00,22.2,99,4.2,0.0,26.6
Kandhamal,660831,20.0262,84.0094,2026-09-16T03:00,21.9,99,3.4,0.0,26.3
Kandhamal,660831,20.0262,84.0094,2026-09-16T04:00,21.7,99,3.4,0.0,26.0
Kandhamal,660831,20.0262,84.0094,2026-09-16T05:00,21.6,99,4.4,0.0,25.6
Kandhamal,660831,20.0262,84.0094,2026-09-16T06:00,22.4,98,4.2,31.0,26.8
Kandhamal,660831,20.0262,84.0094,2026-09-16T07:00,24.8,91,3.1,200.0,30.0
Kandhamal,660831,20.0262,84.0094,2026-09-16T08:00,26.1,84,6.9,426.0,30.7
Kandhamal,660831,20.0262,84.0094,2026-09-16T09:00,26.9,83,8.5,554.0,31.7
Kandhamal,660831,20.0262,84.0094,2026-09-16T10:00,28.0,77,10.0,745.0,33.5
Kandhamal,660831,20.0262,84.0094,2026-09-16T11:00,28.2,75,8.7,704.0,33.6
Kandhamal,660831,20.0262,84.0094,2026-09-16T12:00,28.7,73,7.2,758.0,34.7
Kandhamal,660831,20.0262,84.0094,2026-09-16T13:00,28.7,72,8.0,701.0,34.0
Kandhamal,660831,20.0262,84.0094,2026-09-16T14:00,28.3,73,8.5,522.0,32.7
Kandhamal,660831,20.0262,84.0094,2026-09-16T15:00,27.6,77,8.9,432.0,31.9
Kandhamal,660831,20.0262,84.0094,2026-09-16T16:00,26.7,83,7.7,237.0,31.4
Kandhamal,660831,20.0262,84.0094,2026-09-16T17:00,25.5,92,4.5,97.0,31.1
Kandhamal,660831,20.0262,84.0094,2026-09-16T18:00,24.4,93,7.2,7.0,29.0
Kandhamal,660831,20.0262,84.0094,2026-09-16T19:00,23.7,96,3.5,0.0,28.7
Kandhamal,660831,20.0262,84.0094,2026-09-16T20:00,23.2,98,3.5,0.0,28.2
Kandhamal,660831,20.0262,84.0094,2026-09-16T21:00,23.4,98,6.1,0.0,28.1
Kandhamal,660831,20.0262,84.0094,2026-09-16T22:00,23.1,98,4.4,0.0,27.9
Kandhamal,660831,20.0262,84.0094,2026-09-16T23:00,22.8,97,4.0,0.0,27.3
Kandhamal,660831,20.0262,84.0094,2026-09-17T00:00,22.6,97,4.8,0.0,26.9
Kandhamal,660831,20.0262,84.0094,2026-09-17T01:00,22.4,97,4.2,0.0,26.7
Kandhamal,660831,20.0262,84.0094,2026-09-17T02:00,22.1,98,2.8,0.0,26.4
Kandhamal,660831,20.0262,84.0094,2026-09-17T03:00,21.9,98,4.8,0.0,26.0
Kandhamal,660831,20.0262,84.0094,2026-09-17T04:00,21.8,98,2.3,0.0,26.2
Kandhamal,660831,20.0262,84.0094,2026-09-17T05:00,21.9,98,3.2,0.0,26.1
Kandhamal,660831,20.0262,84.0094,2026-09-17T06:00,23.0,96,7.1,30.0,27.2
Kandhamal,660831,20.0262,84.0094,2026-09-17T07:00,24.6,90,9.1,192.0,28.8
Kandhamal,660831,20.0262,84.0094,2026-09-17T08:00,25.7,85,10.8,365.0,29.7
Kandhamal,660831,20.0262,84.0094,2026-09-17T09:00,27.1,77,10.7,588.0,31.1
Kandhamal,660831,20.0262,84.0094,2026-09-17T10:00,27.6,73,12.4,712.0,31.8
Kandhamal,660831,20.0262,84.0094,2026-09-17T11:00,27.4,78,12.3,753.0,32.3
Kandhamal,660831,20.0262,84.0094,2026-09-17T12:00,27.9,77,12.6,787.0,33.2
Kandhamal,660831,20.0262,84.0094,2026-09-17T13:00,28.3,77,12.5,741.0,33.7
Kandhamal,660831,20.0262,84.0094,2026-09-17T14:00,28.4,79,12.0,642.0,33.4
Kandhamal,660831,20.0262,84.0094,2026-09-17T15:00,27.9,81,11.0,492.0,32.6
Kandhamal,660831,20.0262,84.0094,2026-09-17T16:00,27.0,84,9.7,322.0,31.8
Kandhamal,660831,20.0262,84.0094,2026-09-17T17:00,26.2,87,7.7,134.0,31.1
Kandhamal,660831,20.0262,84.0094,2026-09-17T18:00,25.3,91,5.2,5.0,30.5
Kandhamal,660831,20.0262,84.0094,2026-09-17T19:00,24.4,95,2.6,0.0,29.9
Kandhamal,660831,20.0262,84.0094,2026-09-17T20:00,23.7,97,2.5,0.0,29.1
Kandhamal,660831,20.0262,84.0094,2026-09-17T21:00,23.4,97,3.3,0.0,28.5
Kandhamal,660831,20.0262,84.0094,2026-09-17T22:00,23.4,96,3.6,0.0,28.2
Kandhamal,660831,20.0262,84.0094,2026-09-17T23:00,23.3,95,3.8,0.0,27.9
Nuapada,576328,20.5088,82.5762,2026-09-13T00:00,23.6,99,11.0,0.0,27.7
Nuapada,576328,20.5088,82.5762,2026-09-13T01:00,23.4,98,10.7,0.0,27.4
Nuapada,576328,20.5088,82.5762,2026-09-13T02:00,23.4,98,10.5,0.0,27.3
Nuapada,576328,20.5088,82.5762,2026-09-13T03:00,23.3,98,9.4,0.0,27.3
Nuapada,576328,20.5088,82.5762,2026-09-13T04:00,23.0,98,7.5,0.0,27.2
Nuapada,576328,20.5088,82.5762,2026-09-13T05:00,23.3,94,6.6,0.0,27.5
Nuapada,576328,20.5088,82.5762,2026-09-13T06:00,24.0,92,7.7,21.0,28.1
Nuapada,576328,20.5088,82.5762,2026-09-13T07:00,25.5,88,6.9,137.0,30.2
Nuapada,576328,20.5088,82.5762,2026-09-13T08:00,27.0,81,9.2,336.0,31.4
Nuapada,576328,20.5088,82.5762,2026-09-13T09:00,28.6,72,10.3,588.0,32.9
Nuapada,576328,20.5088,82.5762,2026-09-13T10:00,30.0,63,9.3,760.0,34.9
Nuapada,576328,20.5088,82.5762,2026-09-13T11:00,31.1,54,9.6,826.0,35.6
Nuapada,576328,20.5088,82.5762,2026-09-13T12:00,30.4,57,10.6,678.0,34.0
Nuapada,576328,20.5088,82.5762,2026-09-13T13:00,30.7,62,9.4,759.0,35.7
Nuapada,576328,20.5088,82.5762,2026-09-13T14:00,27.0,90,9.5,594.0,32.8
Nuapada,576328,20.5088,82.5762,2026-09-13T15:00,27.0,86,10.6,480.0,31.8
Nuapada,576328,20.5088,82.5762,2026-09-13T16:00,26.5,90,4.8,220.0,32.3
Nuapada,576328,20.5088,82.5762,2026-09-13T17:00,27.5,78,7.2,121.0,32.1
Nuapada,576328,20.5088,82.5762,2026-09-13T18:00,26.5,80,4.4,13.0,31.2
Nuapada,576328,20.5088,82.5762,2026-09-13T19:00,25.7,82,4.1,0.0,30.1
Nuapada,576328,20.5088,82.5762,2026-09-13T20:00,25.1,83,3.4,0.0,29.6
Nuapada,576328,20.5088,82.5762,2026-09-13T21:00,24.7,85,1.5,0.0,29.4
Nuapada,576328,20.5088,82.5762,2026-09-13T22:00,24.6,85,2.7,0.0,29.0
Nuapada,576328,20.5088,82.5762,2026-09-13T23:00,24.4,85,4.2,0.0,28.5
Nuapada,576328,20.5088,82.5762,2026-09-14T00:00,24.1,86,4.2,0.0,28.2
Nuapada,576328,20.5088,82.5762,2026-09-14T01:00,23.9,87,3.4,0.0,28.1
Nuapada,576328,20.5088,82.5762,2026-09-14T02:00,23.7,87,2.9,0.0,27.9
Nuapada,576328,20.5088,82.5762,2026-09-14T03:00,23.5,88,2.1,0.0,27.8
Nuapada,576328,20.5088,82.5762,2026-09-14T04:00,23.4,88,1.3,0.0,27.6
Nuapada,576328,20.5088,82.5762,2026-09-14T05:00,23.2,87,1.4,0.0,27.4
Nuapada,576328,20.5088,82.5762,2026-09-14T06:00,24.1,86,1.1,25.0,28.6
Nuapada,576328,20.5088,82.5762,2026-09-14T07:00,25.5,83,2.2,185.0,30.3
Nuapada,576328,20.5088,82.5762,2026-09-14T08:00,26.9,80,4.9,371.0,31.7
Nuapada,576328,20.5088,82.5762,2026-09-14T09:00,28.5,74,6.0,599.0,33.6
Nuapada,576328,20.5088,82.5762,2026-09-14T10:00,29.3,70,7.4,689.0,34.7
Nuapada,576328,20.5088,82.5762,2026-09-14T11:00,29.6,68,8.0,695.0,34.9
Nuapada,576328,20.5088,82.5762,2026-09-14T12:00,30.5,65,7.3,884.0,37.0
Nuapada,576328,20.5088,82.5762,2026-09-14T13:00,30.8,63,6.8,850.0,37.0
Nuapada,576328,20.5088,82.5762,2026-09-14T14:00,30.1,64,6.7,714.0,35.4
Nuapada,576328,20.5088,82.5762,2026-09-14T15:00,29.6,68,3.7,506.0,34.6
Nuapada,576328,20.5088,82.5762,2026-09-14T16:00,29.4,71,2.2,355.0,35.0
Nuapada,576328,20.5088,82.5762,2026-09-14T17:00,28.5,86,0.9,147.0,35.6
Nuapada,576328,20.5088,82.5762,2026-09-14T18:00,27.0,90,1.1,13.0,33.6
Nuapada,576328,20.5088,82.5762,2026-09-14T19:00,25.9,90,8.5,0.0,30.9
Nuapada,576328,20.5088,82.5762,2026-09-14T20:00,24.5,96,4.3,0.0,29.8
Nuapada,576328,20.5088,82.5762,2026-09-14T21:00,24.6,97,3.5,0.0,30.1
Nuapada,576328,20.5088,82.5762,2026-09-14T22:00,24.7,97,1.9,0.0,30.5
Nuapada,576328,20.5088,82.5762,2026-09-14T23:00,24.3,97,3.3,0.0,29.7
Nuapada,576328,20.5088,82.5762,2026-09-15T00:00,23.5,98,6.3,0.0,28.1
Nuapada,576328,20.5088,82.5762,2026-09-15T01:00,23.3,98,4.6,0.0,28.0
Nuapada,576328,20.5088,82.5762,2026-09-15T02:00,23.6,98,2.4,0.0,28.9
Nuapada,576328,20.5088,82.5762,2026-09-15T03:00,23.8,98,2.3,0.0,29.2
Nuapada,576328,20.5088,82.5762,2026-09-15T04:00,23.9,98,1.1,0.0,29.5
Nuapada,576328,20.5088,82.5762,2026-09-15T05:00,23.8,99,1.7,0.0,29.4
Nuapada,576328,20.5088,82.5762,2026-09-15T06:00,24.0,99,2.6,18.0,29.6
Nuapada,576328,20.5088,82.5762,2026-09-15T07:00,25.2,95,3.4,177.0,31.1
Nuapada,576328,20.5088,82.5762,2026-09-15T08:00,26.9,89,1.9,397.0,33.4
Nuapada,576328,20.5088,82.5762,2026-09-15T09:00,28.7,81,2.0,598.0,35.4
Nuapada,576328,20.5088,82.5762,2026-09-15T10:00,29.9,72,3.5,754.0,37.0
Nuapada,576328,20.5088,82.5762,2026-09-15T11:00,30.4,68,4.6,693.0,36.6
Nuapada,576328,20.5088,82.5762,2026-09-15T12:00,30.3,68,3.7,551.0,35.6
Nuapada,576328,20.5088,82.5762,2026-09-15T13:00,30.0,69,1.6,499.0,35.7
Nuapada,576328,20.5088,82.5762,2026-09-15T14:00,29.5,77,3.1,515.0,35.8
Nuapada,576328,20.5088,82.5762,2026-09-15T15:00,29.7,76,2.3,467.0,36.0
Nuapada,576328,20.5088,82.5762,2026-09-15T16:00,28.4,85,1.5,303.0,35.3
Nuapada,576328,20.5088,82.5762,2026-09-15T17:00,27.6,92,2.3,125.0,34.7
Nuapada,576328,20.5088,82.5762,2026-09-15T18:00,26.4,96,2.7,12.0,33.2
Nuapada,576328,20.5088,82.5762,2026-09-15T19:00,25.8,96,2.3,0.0,32.3
Nuapada,576328,20.5088,82.5762,2026-09-15T20:00,25.4,96,3.5,0.0,31.4
Nuapada,576328,20.5088,82.5762,2026-09-15T21:00,25.0,96,3.3,0.0,30.8
Nuapada,576328,20.5088,82.5762,2026-09-15T22:00,24.7,96,3.4,0.0,30.2
Nuapada,576328,20.5088,82.5762,2026-09-15T23:00,24.4,96,2.3,0.0,29.9
Nuapada,576328,20.5088,82.5762,2026-09-16T00:00,24.1,96,2.5,0.0,29.4
Nuapada,576328,20.5088,82.5762,2026-09-16T01:00,23.9,96,2.9,0.0,29.0
Nuapada,576328,20.5088,82.5762,2026-09-16T02:00,23.7,96,3.4,0.0,28.6
Nuapada,576328,20.5088,82.5762,2026-09-16T03:00,23.7,95,3.8,0.0,28.5
Nuapada,576328,20.5088,82.5762,2026-09-16T04:00,23.7,95,3.6,0.0,28.5
Nuapada,576328,20.5088,82.5762,2026-09-16T05:00,23.7,95,4.2,0.0,28.4
Nuapada,576328,20.5088,82.5762,2026-09-16T06:00,24.5,93,4.9,24.0,29.4
Nuapada,576328,20.5088,82.5762,2026-09-16T07:00,26.8,86,3.5,182.0,32.6
Nuapada,576328,20.5088,82.5762,2026-09-16T08:00,28.6,79,4.2,408.0,34.4
Nuapada,576328,20.5088,82.5762,2026-09-16T09:00,29.8,73,4.2,600.0,35.9
Nuapada,576328,20.5088,82.5762,2026-09-16T10:00,30.6,69,5.2,730.0,37.2
Nuapada,576328,20.5088,82.5762,2026-09-16T11:00,31.2,66,6.0,829.0,38.2
Nuapada,576328,20.5088,82.5762,2026-09-16T12:00,31.6,65,7.7,820.0,38.3
Nuapada,576328,20.5088,82.5762,2026-09-16T13:00,31.4,65,7.9,595.0,36.6
Nuapada,576328,20.5088,82.5762,2026-09-16T14:00,28.6,78,9.9,327.0,33.5
Nuapada,576328,20.5088,82.5762,2026-09-16T15:00,28.8,81,3.4,309.0,35.1
Nuapada,576328,20.5088,82.5762,2026-09-16T16:00,28.1,89,2.5,209.0,35.1
Nuapada,576328,20.5088,82.5762,2026-09-16T17:00,27.7,92,1.1,110.0,35.0
Nuapada,576328,20.5088,82.5762,2026-09-16T18:00,26.8,96,0.4,9.0,34.2
Nuapada,576328,20.5088,82.5762,2026-09-16T19:00,26.3,97,2.3,0.0,33.2
Nuapada,576328,20.5088,82.5762,2026-09-16T20:00,25.8,96,3.2,0.0,32.2
Nuapada,576328,20.5088,82.5762,2026-09-16T21:00,25.3,96,4.8,0.0,31.0
Nuapada,576328,20.5088,82.5762,2026-09-16T22:00,24.9,95,3.2,0.0,30.5
Nuapada,576328,20.5088,82.5762,2026-09-16T23:00,24.6,95,2.6,0.0,30.1
Nuapada,576328,20.5088,82.5762,2026-09-17T00:00,24.4,95,3.2,0.0,29.7
Nuapada,576328,20.5088,82.5762,2026-09-17T01:00,24.2,95,4.6,0.0,29.2
Nuapada,576328,20.5088,82.5762,2026-09-17T02:00,24.1,95,3.5,0.0,29.2
Nuapada,576328,20.5088,82.5762,2026-09-17T03:00,24.0,95,4.2,0.0,29.0
Nuapada,576328,20.5088,82.5762,2026-09-17T04:00,23.9,96,5.9,0.0,28.7
Nuapada,576328,20.5088,82.5762,2026-09-17T05:00,24.1,96,4.5,0.0,29.1
Nuapada,576328,20.5088,82.5762,2026-09-17T06:00,24.5,94,6.1,22.0,29.4
Nuapada,576328,20.5088,82.5762,2026-09-17T07:00,26.3,86,5.9,164.0,31.4
Nuapada,576328,20.5088,82.5762,2026-09-17T08:00,27.9,82,5.9,358.0,33.4
Nuapada,576328,20.5088,82.5762,2026-09-17T09:00,29.6,74,8.9,585.0,34.8
Nuapada,576328,20.5088,82.5762,2026-09-17T10:00,30.5,71,8.1,743.0,36.9
Nuapada,576328,20.5088,82.5762,2026-09-17T11:00,30.9,69,6.5,821.0,38.0
Nuapada,576328,20.5088,82.5762,2026-09-17T12:00,31.3,67,7.4,783.0,37.9
Nuapada,576328,20.5088,82.5762,2026-09-17T13:00,31.3,67,8.3,728.0,37.5
Nuapada,576328,20.5088,82.5762,2026-09-17T14:00,31.1,68,8.5,625.0,36.7
Nuapada,576328,20.5088,82.5762,2026-09-17T15:00,30.6,71,7.2,457.0,36.1
Nuapada,576328,20.5088,82.5762,2026-09-17T16:00,29.9,77,5.2,322.0,36.1
Nuapada,576328,20.5088,82.5762,2026-09-17T17:00,29.0,82,3.5,157.0,35.7
Nuapada,576328,20.5088,82.5762,2026-09-17T18:00,28.1,86,2.8,11.0,34.7
Nuapada,576328,20.5088,82.5762,2026-09-17T19:00,27.0,89,2.8,0.0,33.3
Nuapada,576328,20.5088,82.5762,2026-09-17T20:00,26.2,91,3.2,0.0,32.1
Nuapada,576328,20.5088,82.5762,2026-09-17T21:00,25.6,93,3.6,0.0,31.4
Nuapada,576328,20.5088,82.5762,2026-09-17T22:00,25.2,94,3.8,0.0,30.8
Nuapada,576328,20.5088,82.5762,2026-09-17T23:00,24.9,94,4.0,0.0,30.4
Malkangiri,563664,18.2408,81.9398,2026-09-13T00:00,25.1,96,2.0,0.0,31.1
Malkangiri,563664,18.2408,81.9398,2026-09-13T01:00,24.9,97,0.8,0.0,31.1
Malkangiri,563664,18.2408,81.9398,2026-09-13T02:00,24.7,98,0.6,0.0,30.9
Malkangiri,563664,18.2408,81.9398,2026-09-13T03:00,24.4,99,3.7,0.0,30.0
Malkangiri,563664,18.2408,81.9398,2026-09-13T04:00,24.0,98,3.5,0.0,29.3
Malkangiri,563664,18.2408,81.9398,2026-09-13T05:00,24.2,98,2.8,0.0,29.8
Malkangiri,563664,18.2408,81.9398,2026-09-13T06:00,24.6,96,0.2,14.0,30.6
Malkangiri,563664,18.2408,81.9398,2026-09-13T07:00,25.3,95,1.2,92.0,31.5
Malkangiri,563664,18.2408,81.9398,2026-09-13T08:00,26.4,91,2.9,251.0,32.6
Malkangiri,563664,18.2408,81.9398,2026-09-13T09:00,27.1,86,3.1,299.0,33.1
Malkangiri,563664,18.2408,81.9398,2026-09-13T10:00,27.9,80,3.0,328.0,33.6
Malkangiri,563664,18.2408,81.9398,2026-09-13T11:00,28.6,75,3.4,259.0,33.9
Malkangiri,563664,18.2408,81.9398,2026-09-13T12:00,28.8,74,3.6,436.0,34.2
Malkangiri,563664,18.2408,81.9398,2026-09-13T13:00,28.5,75,3.0,232.0,33.9
Malkangiri,563664,18.2408,81.9398,2026-09-13T14:00,28.5,76,3.5,199.0,33.9
Malkangiri,563664,18.2408,81.9398,2026-09-13T15:00,28.3,76,0.7,216.0,34.1
Malkangiri,563664,18.2408,81.9398,2026-09-13T16:00,27.8,81,4.9,106.0,33.3
Malkangiri,563664,18.2408,81.9398,2026-09-13T17:00,26.9,87,4.2,32.0,32.7
Malkangiri,563664,18.2408,81.9398,2026-09-13T18:00,25.9,92,0.2,13.0,32.3
Malkangiri,563664,18.2408,81.9398,2026-09-13T19:00,25.2,95,3.4,0.0,31.1
Malkangiri,563664,18.2408,81.9398,2026-09-13T20:00,25.0,96,4.2,0.0,30.6
Malkangiri,563664,18.2408,81.9398,2026-09-13T21:00,24.7,96,3.3,0.0,30.3
Malkangiri,563664,18.2408,81.9398,2026-09-13T22:00,24.6,96,0.8,0.0,30.5
Malkangiri,563664,18.2408,81.9398,2026-09-13T23:00,24.0,99,1.2,0.0,29.8
Malkangiri,563664,18.2408,81.9398,2026-09-14T00:00,23.6,100,0.7,0.0,29.3
Malkangiri,563664,18.2408,81.9398,2026-09-14T01:00,23.7,100,0.4,0.0,29.5
Malkangiri,563664,18.2408,81.9398,2026-09-14T02:00,23.7,100,0.9,0.0,29.5
Malkangiri,563664,18.2408,81.9398,2026-09-14T03:00,23.6,99,3.0,0.0,29.0
Malkangiri,563664,18.2408,81.9398,2026-09-14T04:00,23.5,98,2.5,0.0,28.7
Malkangiri,563664,18.2408,81.9398,2026-09-14T05:00,23.6,97,3.2,0.0,28.6
Malkangiri,563664,18.2408,81.9398,2026-09-14T06:00,23.9,95,4.8,15.0,28.7
Malkangiri,563664,18.2408,81.9398,2026-09-14T07:00,25.3,90,4.5,148.0,30.4
Malkangiri,563664,18.2408,81.9398,2026-09-14T08:00,27.2,82,3.6,387.0,32.7
Malkangiri,563664,18.2408,81.9398,2026-09-14T09:00,28.9,76,1.4,599.0,35.1
Malkangiri,563664,18.2408,81.9398,2026-09-14T10:00,30.3,69,1.5,768.0,37.6
Malkangiri,563664,18.2408,81.9398,2026-09-14T11:00,31.4,63,4.3,879.0,38.6
Malkangiri,563664,18.2408,81.9398,2026-09-14T12:00,32.0,60,7.2,812.0,38.2
Malkangiri,563664,18.2408,81.9398,2026-09-14T13:00,31.3,65,12.3,734.0,36.5
Malkangiri,563664,18.2408,81.9398,2026-09-14T14:00,30.1,71,11.3,732.0,35.6
Malkangiri,563664,18.2408,81.9398,2026-09-14T15:00,29.1,79,9.5,324.0,34.4
Malkangiri,563664,18.2408,81.9398,2026-09-14T16:00,29.1,74,7.0,368.0,34.2
Malkangiri,563664,18.2408,81.9398,2026-09-14T17:00,28.4,81,3.1,145.0,34.4
Malkangiri,563664,18.2408,81.9398,2026-09-14T18:00,26.9,89,1.8,15.0,33.3
Malkangiri,563664,18.2408,81.9398,2026-09-14T19:00,26.3,92,1.3,0.0,32.7
Malkangiri,563664,18.2408,81.9398,2026-09-14T20:00,25.8,94,1.8,0.0,32.1
Malkangiri,563664,18.2408,81.9398,2026-09-14T21:00,25.6,95,0.9,0.0,32.0
Malkangiri,563664,18.2408,81.9398,2026-09-14T22:00,25.3,95,2.1,0.0,31.3
Malkangiri,563664,18.2408,81.9398,2026-09-14T23:00,25.4,94,0.7,0.0,31.6
Malkangiri,563664,18.2408,81.9398,2026-09-15T00:00,25.0,96,1.5,0.0,31.1
Malkangiri,563664,18.2408,81.9398,2026-09-15T01:00,24.2,98,7.4,0.0,29.1
Malkangiri,563664,18.2408,81.9398,2026-09-15T02:00,23.9,97,3.3,0.0,29.2
Malkangiri,563664,18.2408,81.9398,2026-09-15T03:00,23.8,98,2.7,0.0,29.1
Malkangiri,563664,18.2408,81.9398,2026-09-15T04:00,23.7,98,2.0,0.0,29.0
Malkangiri,563664,18.2408,81.9398,2026-09-15T05:00,23.5,98,2.0,0.0,28.8
Malkangiri,563664,18.2408,81.9398,2026-09-15T06:00,23.9,98,3.0,19.0,29.2
Malkangiri,563664,18.2408,81.9398,2026-09-15T07:00,25.3,93,2.4,169.0,31.1
Malkangiri,563664,18.2408,81.9398,2026-09-15T08:00,26.9,84,3.1,389.0,32.5
Malkangiri,563664,18.2408,81.9398,2026-09-15T09:00,28.3,77,1.3,521.0,34.1
Malkangiri,563664,18.2408,81.9398,2026-09-15T10:00,29.6,73,3.4,733.0,36.5
Malkangiri,563664,18.2408,81.9398,2026-09-15T11:00,30.5,71,6.1,840.0,37.9
Malkangiri,563664,18.2408,81.9398,2026-09-15T12:00,30.9,70,7.6,852.0,38.2
Malkangiri,563664,18.2408,81.9398,2026-09-15T13:00,31.0,69,7.7,787.0,37.9
Malkangiri,563664,18.2408,81.9398,2026-09-15T14:00,31.1,69,7.9,702.0,37.5
Malkangiri,563664,18.2408,81.9398,2026-09-15T15:00,30.8,70,8.9,513.0,36.1
Malkangiri,563664,18.2408,81.9398,2026-09-15T16:00,30.4,71,8.8,352.0,35.4
Malkangiri,563664,18.2408,81.9398,2026-09-15T17:00,29.4,78,5.3,141.0,35.5
Malkangiri,563664,18.2408,81.9398,2026-09-15T18:00,28.0,86,2.4,13.0,34.6
Malkangiri,563664,18.2408,81.9398,2026-09-15T19:00,27.2,89,3.7,0.0,33.4
Malkangiri,563664,18.2408,81.9398,2026-09-15T20:00,26.0,90,9.7,0.0,30.8
Malkangiri,563664,18.2408,81.9398,2026-09-15T21:00,25.3,95,1.2,0.0,31.4
Malkangiri,563664,18.2408,81.9398,2026-09-15T22:00,25.5,95,2.0,0.0,31.6
Malkangiri,563664,18.2408,81.9398,2026-09-15T23:00,25.8,91,0.3,0.0,32.0
Malkangiri,563664,18.2408,81.9398,2026-09-16T00:00,25.6,92,0.4,0.0,31.7
Malkangiri,563664,18.2408,81.9398,2026-09-16T01:00,25.2,94,0.5,0.0,31.4
Malkangiri,563664,18.2408,81.9398,2026-09-16T02:00,24.7,98,1.7,0.0,30.8
Malkangiri,563664,18.2408,81.9398,2026-09-16T03:00,24.2,100,2.7,0.0,30.0
Malkangiri,563664,18.2408,81.9398,2026-09-16T04:00,24.0,99,3.3,0.0,29.5
Malkangiri,563664,18.2408,81.9398,2026-09-16T05:00,24.3,97,1.5,0.0,30.0
Malkangiri,563664,18.2408,81.9398,2026-09-16T06:00,24.5,97,3.6,10.0,30.1
Malkangiri,563664,18.2408,81.9398,2026-09-16T07:00,24.9,95,5.3,36.0,30.3
Malkangiri,563664,18.2408,81.9398,2026-09-16T08:00,25.2,96,5.9,89.0,30.8
Malkangiri,563664,18.2408,81.9398,2026-09-16T09:00,26.1,92,4.2,217.0,31.9
Malkangiri,563664,18.2408,81.9398,2026-09-16T10:00,28.3,80,3.5,544.0,34.2
Malkangiri,563664,18.2408,81.9398,2026-09-16T11:00,29.9,72,3.4,765.0,37.2
Malkangiri,563664,18.2408,81.9398,2026-09-16T12:00,30.9,68,5.4,827.0,38.2
Malkangiri,563664,18.2408,81.9398,2026-09-16T13:00,31.6,66,6.2,820.0,38.7
Malkangiri,563664,18.2408,81.9398,2026-09-16T14:00,31.7,65,7.6,700.0,37.7
Malkangiri,563664,18.2408,81.9398,2026-09-16T15:00,31.4,65,7.4,503.0,36.3
Malkangiri,563664,18.2408,81.9398,2026-09-16T16:00,30.8,68,8.5,337.0,35.7
Malkangiri,563664,18.2408,81.9398,2026-09-16T17:00,29.7,80,3.5,139.0,36.4
Malkangiri,563664,18.2408,81.9398,2026-09-16T18:00,28.4,84,1.9,13.0,35.1
Malkangiri,563664,18.2408,81.9398,2026-09-16T19:00,28.0,86,2.3,0.0,34.5
Malkangiri,563664,18.2408,81.9398,2026-09-16T20:00,27.7,86,1.8,0.0,34.2
Malkangiri,563664,18.2408,81.9398,2026-09-16T21:00,27.1,87,1.5,0.0,33.4
Malkangiri,563664,18.2408,81.9398,2026-09-16T22:00,25.4,94,5.4,0.0,30.9
Malkangiri,563664,18.2408,81.9398,2026-09-16T23:00,24.7,97,7.3,0.0,29.9
Malkangiri,563664,18.2408,81.9398,2026-09-17T00:00,24.7,98,5.1,0.0,30.2
Malkangiri,563664,18.2408,81.9398,2026-09-17T01:00,24.6,98,4.2,0.0,30.2
Malkangiri,563664,18.2408,81.9398,2026-09-17T02:00,24.5,98,3.4,0.0,30.2
Malkangiri,563664,18.2408,81.9398,2026-09-17T03:00,24.4,98,3.4,0.0,30.0
Malkangiri,563664,18.2408,81.9398,2026-09-17T04:00,24.3,97,1.0,0.0,30.2
Malkangiri,563664,18.2408,81.9398,2026-09-17T05:00,24.1,99,1.7,0.0,29.8
Malkangiri,563664,18.2408,81.9398,2026-09-17T06:00,24.3,100,3.0,18.0,30.0
Malkangiri,563664,18.2408,81.9398,2026-09-17T07:00,25.5,96,2.3,153.0,31.8
Malkangiri,563664,18.2408,81.9398,2026-09-17T08:00,27.0,89,2.5,355.0,33.3
Malkangiri,563664,18.2408,81.9398,2026-09-17T09:00,28.9,78,5.6,544.0,34.6
Malkangiri,563664,18.2408,81.9398,2026-09-17T10:00,30.1,74,5.5,717.0,37.0
Malkangiri,563664,18.2408,81.9398,2026-09-17T11:00,31.2,71,5.1,814.0,38.9
Malkangiri,563664,18.2408,81.9398,2026-09-17T12:00,32.0,69,5.8,891.0,40.3
Malkangiri,563664,18.2408,81.9398,2026-09-17T13:00,32.4,68,6.2,830.0,40.4
Malkangiri,563664,18.2408,81.9398,2026-09-17T14:00,32.0,70,5.4,690.0,39.4
Malkangiri,563664,18.2408,81.9398,2026-09-17T15:00,30.3,76,3.3,492.0,36.8
Malkangiri,563664,18.2408,81.9398,2026-09-17T16:00,27.8,85,5.6,297.0,33.6
Malkangiri,563664,18.2408,81.9398,2026-09-17T17:00,25.9,93,8.4,117.0,31.1
Malkangiri,563664,18.2408,81.9398,2026-09-17T18:00,25.2,96,7.8,7.0,30.4
Malkangiri,563664,18.2408,81.9398,2026-09-17T19:00,25.1,96,5.1,0.0,30.7
Malkangiri,563664,18.2408,81.9398,2026-09-17T20:00,25.1,97,3.0,0.0,31.0
Malkangiri,563664,18.2408,81.9398,2026-09-17T21:00,24.9,98,2.0,0.0,31.0
Malkangiri,563664,18.2408,81.9398,2026-09-17T22:00,24.9,98,1.5,0.0,31.0
Malkangiri,563664,18.2408,81.9398,2026-09-17T23:00,24.8,98,1.0,0.0,31.0
Subarnapur,560242,20.9469,83.8037,2026-09-13T00:00,25.5,98,5.2,0.0,31.5
Subarnapur,560242,20.9469,83.8037,2026-09-13T01:00,25.3,98,4.4,0.0,31.2
Subarnapur,560242,20.9469,83.8037,2026-09-13T02:00,25.0,97,4.9,0.0,30.7
Subarnapur,560242,20.9469,83.8037,2026-09-13T03:00,24.9,97,5.2,0.0,30.4
Subarnapur,560242,20.9469,83.8037,2026-09-13T04:00,24.7,97,7.1,0.0,29.8
Subarnapur,560242,20.9469,83.8037,2026-09-13T05:00,24.9,97,8.4,0.0,29.9
Subarnapur,560242,20.9469,83.8037,2026-09-13T06:00,25.2,96,9.3,27.0,30.3
Subarnapur,560242,20.9469,83.8037,2026-09-13T07:00,26.4,92,8.9,166.0,31.8
Subarnapur,560242,20.9469,83.8037,2026-09-13T08:00,28.0,79,9.1,390.0,32.7
Subarnapur,560242,20.9469,83.8037,2026-09-13T09:00,29.2,73,7.2,592.0,34.5
Subarnapur,560242,20.9469,83.8037,2026-09-13T10:00,30.4,67,8.4,761.0,36.3
Subarnapur,560242,20.9469,83.8037,2026-09-13T11:00,31.2,63,8.4,822.0,37.1
Subarnapur,560242,20.9469,83.8037,2026-09-13T12:00,31.8,60,7.6,839.0,37.8
Subarnapur,560242,20.9469,83.8037,2026-09-13T13:00,32.1,57,7.2,812.0,37.9
Subarnapur,560242,20.9469,83.8037,2026-09-13T14:00,32.1,56,7.5,637.0,36.6
Subarnapur,560242,20.9469,83.8037,2026-09-13T15:00,32.0,56,6.1,419.0,36.2
Subarnapur,560242,20.9469,83.8037,2026-09-13T16:00,30.3,67,9.2,286.0,34.7
Subarnapur,560242,20.9469,83.8037,2026-09-13T17:00,29.8,72,5.4,104.0,35.2
Subarnapur,560242,20.9469,83.8037,2026-09-13T18:00,28.1,81,10.9,8.0,32.8
Subarnapur,560242,20.9469,83.8037,2026-09-13T19:00,27.6,85,4.0,0.0,33.5
Subarnapur,560242,20.9469,83.8037,2026-09-13T20:00,27.1,87,2.1,0.0,33.3
Subarnapur,560242,20.9469,83.8037,2026-09-13T21:00,26.7,88,1.0,0.0,33.0
Subarnapur,560242,20.9469,83.8037,2026-09-13T22:00,26.3,89,1.7,0.0,32.3
Subarnapur,560242,20.9469,83.8037,2026-09-13T23:00,26.1,89,0.9,0.0,32.1
Subarnapur,560242,20.9469,83.8037,2026-09-14T00:00,26.1,89,1.6,0.0,32.0
Subarnapur,560242,20.9469,83.8037,2026-09-14T01:00,25.9,93,4.6,0.0,31.6
Subarnapur,560242,20.9469,83.8037,2026-09-14T02:00,25.7,96,5.6,0.0,31.5
Subarnapur,560242,20.9469,83.8037,2026-09-14T03:00,25.6,96,5.4,0.0,31.5
Subarnapur,560242,20.9469,83.8037,2026-09-14T04:00,25.6,96,3.5,0.0,31.8
Subarnapur,560242,20.9469,83.8037,2026-09-14T05:00,25.4,96,1.8,0.0,31.7
Subarnapur,560242,20.9469,83.8037,2026-09-14T06:00,25.9,94,5.9,18.0,31.7
Subarnapur,560242,20.9469,83.8037,2026-09-14T07:00,26.4,93,6.4,95.0,32.2
Subarnapur,560242,20.9469,83.8037,2026-09-14T08:00,27.3,88,4.8,247.0,33.4
Subarnapur,560242,20.9469,83.8037,2026-09-14T09:00,28.2,82,6.9,372.0,33.8
Subarnapur,560242,20.9469,83.8037,2026-09-14T10:00,29.6,73,4.3,620.0,35.6
Subarnapur,560242,20.9469,83.8037,2026-09-14T11:00,30.4,68,2.7,683.0,36.9
Subarnapur,560242,20.9469,83.8037,2026-09-14T12:00,31.2,65,2.6,794.0,38.4
Subarnapur,560242,20.9469,83.8037,2026-09-14T13:00,31.5,64,1.4,788.0,38.9
Subarnapur,560242,20.9469,83.8037,2026-09-14T14:00,31.9,61,1.8,705.0,38.5
Subarnapur,560242,20.9469,83.8037,2026-09-14T15:00,31.5,63,5.1,533.0,36.5
Subarnapur,560242,20.9469,83.8037,2026-09-14T16:00,30.9,66,6.8,317.0,35.8
Subarnapur,560242,20.9469,83.8037,2026-09-14T17:00,29.9,77,3.5,116.0,36.3
Subarnapur,560242,20.9469,83.8037,2026-09-14T18:00,28.6,81,4.3,9.0,34.7
Subarnapur,560242,20.9469,83.8037,2026-09-14T19:00,28.0,80,8.8,0.0,33.0
Subarnapur,560242,20.9469,83.8037,2026-09-14T20:00,27.3,84,8.9,0.0,32.3
Subarnapur,560242,20.9469,83.8037,2026-09-14T21:00,26.9,88,8.7,0.0,32.1
Subarnapur,560242,20.9469,83.8037,2026-09-14T22:00,26.5,91,6.5,0.0,32.2
Subarnapur,560242,20.9469,83.8037,2026-09-14T23:00,26.2,94,4.1,0.0,32.4
Subarnapur,560242,20.9469,83.8037,2026-09-15T00:00,26.0,95,7.8,0.0,31.7
Subarnapur,560242,20.9469,83.8037,2026-09-15T01:00,25.8,90,6.3,0.0,31.0
Subarnapur,560242,20.9469,83.8037,2026-09-15T02:00,25.3,90,6.9,0.0,30.0
Subarnapur,560242,20.9469,83.8037,2026-09-15T03:00,24.9,91,7.3,0.0,29.4
Subarnapur,560242,20.9469,83.8037,2026-09-15T04:00,24.6,92,5.9,0.0,29.3
Subarnapur,560242,20.9469,83.8037,2026-09-15T05:00,24.4,92,8.4,0.0,28.6
Subarnapur,560242,20.9469,83.8037,2026-09-15T06:00,24.8,91,8.0,30.0,29.2
Subarnapur,560242,20.9469,83.8037,2026-09-15T07:00,26.2,86,7.5,193.0,31.0
Subarnapur,560242,20.9469,83.8037,2026-09-15T08:00,27.8,79,7.6,406.0,32.6
Subarnapur,560242,20.9469,83.8037,2026-09-15T09:00,29.2,73,7.5,608.0,34.4
Subarnapur,560242,20.9469,83.8037,2026-09-15T10:00,30.2,71,7.4,761.0,36.7
Subarnapur,560242,20.9469,83.8037,2026-09-15T11:00,30.7,70,7.2,843.0,37.9
Subarnapur,560242,20.9469,83.8037,2026-09-15T12:00,31.1,71,6.1,850.0,38.9
Subarnapur,560242,20.9469,83.8037,2026-09-15T13:00,31.1,72,5.2,812.0,39.0
Subarnapur,560242,20.9469,83.8037,2026-09-15T14:00,31.1,70,5.9,614.0,37.4
Subarnapur,560242,20.9469,83.8037,2026-09-15T15:00,31.0,68,3.6,454.0,36.8
Subarnapur,560242,20.9469,83.8037,2026-09-15T16:00,31.1,67,4.1,302.0,36.6
Subarnapur,560242,20.9469,83.8037,2026-09-15T17:00,28.9,78,10.2,119.0,33.9
Subarnapur,560242,20.9469,83.8037,2026-09-15T18:00,27.9,84,2.9,7.0,34.1
Subarnapur,560242,20.9469,83.8037,2026-09-15T19:00,27.6,87,1.8,0.0,34.2
Subarnapur,560242,20.9469,83.8037,2026-09-15T20:00,27.4,88,6.2,0.0,33.3
Subarnapur,560242,20.9469,83.8037,2026-09-15T21:00,27.1,90,5.7,0.0,33.1
Subarnapur,560242,20.9469,83.8037,2026-09-15T22:00,26.7,91,7.1,0.0,32.4
Subarnapur,560242,20.9469,83.8037,2026-09-15T23:00,26.4,91,6.4,0.0,32.0
Subarnapur,560242,20.9469,83.8037,2026-09-16T00:00,26.1,92,5.3,0.0,31.9
Subarnapur,560242,20.9469,83.8037,2026-09-16T01:00,25.9,94,5.9,0.0,31.7
Subarnapur,560242,20.9469,83.8037,2026-09-16T02:00,25.3,94,10.8,0.0,30.0
Subarnapur,560242,20.9469,83.8037,2026-09-16T03:00,25.3,96,6.7,0.0,30.9
Subarnapur,560242,20.9469,83.8037,2026-09-16T04:00,25.3,98,6.9,0.0,31.0
Subarnapur,560242,20.9469,83.8037,2026-09-16T05:00,25.3,97,5.2,0.0,31.1
Subarnapur,560242,20.9469,83.8037,2026-09-16T06:00,25.3,96,5.5,28.0,31.0
Subarnapur,560242,20.9469,83.8037,2026-09-16T07:00,26.3,93,5.0,144.0,32.2
Subarnapur,560242,20.9469,83.8037,2026-09-16T08:00,27.9,87,5.2,358.0,34.2
Subarnapur,560242,20.9469,83.8037,2026-09-16T09:00,29.3,83,6.8,563.0,35.9
Subarnapur,560242,20.9469,83.8037,2026-09-16T10:00,30.4,78,7.6,716.0,37.7
Subarnapur,560242,20.9469,83.8037,2026-09-16T11:00,31.0,76,6.5,820.0,39.3
Subarnapur,560242,20.9469,83.8037,2026-09-16T12:00,30.9,77,7.4,707.0,38.4
Subarnapur,560242,20.9469,83.8037,2026-09-16T13:00,30.9,76,6.6,571.0,37.5
Subarnapur,560242,20.9469,83.8037,2026-09-16T14:00,28.5,84,16.1,383.0,33.2
Subarnapur,560242,20.9469,83.8037,2026-09-16T15:00,27.7,85,8.7,269.0,33.1
Subarnapur,560242,20.9469,83.8037,2026-09-16T16:00,27.9,84,5.6,186.0,33.7
Subarnapur,560242,20.9469,83.8037,2026-09-16T17:00,28.0,85,4.0,101.0,34.2
Subarnapur,560242,20.9469,83.8037,2026-09-16T18:00,27.3,90,3.3,7.0,33.9
Subarnapur,560242,20.9469,83.8037,2026-09-16T19:00,27.1,93,3.0,0.0,33.9
Subarnapur,560242,20.9469,83.8037,2026-09-16T20:00,26.9,94,5.7,0.0,33.3
Subarnapur,560242,20.9469,83.8037,2026-09-16T21:00,26.6,94,8.5,0.0,32.4
Subarnapur,560242,20.9469,83.8037,2026-09-16T22:00,26.1,93,8.8,0.0,31.4
Subarnapur,560242,20.9469,83.8037,2026-09-16T23:00,25.8,92,9.1,0.0,30.7
Subarnapur,560242,20.9469,83.8037,2026-09-17T00:00,25.6,91,9.7,0.0,30.3
Subarnapur,560242,20.9469,83.8037,2026-09-17T01:00,24.6,96,12.2,0.0,28.8
Subarnapur,560242,20.9469,83.8037,2026-09-17T02:00,24.4,97,9.9,0.0,29.0
Subarnapur,560242,20.9469,83.8037,2026-09-17T03:00,24.3,98,6.0,0.0,29.4
Subarnapur,560242,20.9469,83.8037,2026-09-17T04:00,24.2,98,4.8,0.0,29.4
Subarnapur,560242,20.9469,83.8037,2026-09-17T05:00,24.1,98,3.9,0.0,29.5
Subarnapur,560242,20.9469,83.8037,2026-09-17T06:00,24.6,97,6.0,27.0,29.8
Subarnapur,560242,20.9469,83.8037,2026-09-17T07:00,25.8,94,7.0,172.0,31.3
Subarnapur,560242,20.9469,83.8037,2026-09-17T08:00,27.5,86,10.3,371.0,32.6
Subarnapur,560242,20.9469,83.8037,2026-09-17T09:00,28.9,83,9.4,520.0,34.8
Subarnapur,560242,20.9469,83.8037,2026-09-17T10:00,30.2,79,10.9,692.0,36.8
Subarnapur,560242,20.9469,83.8037,2026-09-17T11:00,31.0,75,11.3,791.0,38.0
Subarnapur,560242,20.9469,83.8037,2026-09-17T12:00,31.6,73,12.5,800.0,38.6
Subarnapur,560242,20.9469,83.8037,2026-09-17T13:00,31.8,72,13.5,731.0,38.3
Subarnapur,560242,20.9469,83.8037,2026-09-17T14:00,31.6,72,13.4,599.0,37.3
Subarnapur,560242,20.9469,83.8037,2026-09-17T15:00,30.7,75,10.8,400.0,36.3
Subarnapur,560242,20.9469,83.8037,2026-09-17T16:00,29.2,80,7.5,252.0,35.1
Subarnapur,560242,20.9469,83.8037,2026-09-17T17:00,28.0,85,5.0,104.0,34.2
Subarnapur,560242,20.9469,83.8037,2026-09-17T18:00,27.4,88,3.1,4.0,33.8
Subarnapur,560242,20.9469,83.8037,2026-09-17T19:00,27.0,91,4.6,0.0,33.3
Subarnapur,560242,20.9469,83.8037,2026-09-17T20:00,26.6,93,6.9,0.0,32.5
Subarnapur,560242,20.9469,83.8037,2026-09-17T21:00,26.2,93,7.4,0.0,31.9
Subarnapur,560242,20.9469,83.8037,2026-09-17T22:00,25.9,93,7.3,0.0,31.2
Subarnapur,560242,20.9469,83.8037,2026-09-17T23:00,25.6,92,7.5,0.0,30.7
Gajapati,507151,19.115,84.1672,2026-09-13T00:00,18.1,100,10.5,0.0,19.6
Gajapati,507151,19.115,84.1672,2026-09-13T01:00,18.2,100,10.1,0.0,19.7
Gajapati,507151,19.115,84.1672,2026-09-13T02:00,18.2,100,10.3,0.0,19.7
Gajapati,507151,19.115,84.1672,2026-09-13T03:00,18.4,100,9.5,0.0,20.1
Gajapati,507151,19.115,84.1672,2026-09-13T04:00,18.5,100,8.5,0.0,20.3
Gajapati,507151,19.115,84.1672,2026-09-13T05:00,19.2,99,8.8,0.0,21.3
Gajapati,507151,19.115,84.1672,2026-09-13T06:00,19.3,100,8.4,31.0,21.6
Gajapati,507151,19.115,84.1672,2026-09-13T07:00,20.5,94,9.1,192.0,22.8
Gajapati,507151,19.115,84.1672,2026-09-13T08:00,21.6,87,9.1,386.0,23.8
Gajapati,507151,19.115,84.1672,2026-09-13T09:00,23.2,79,7.9,575.0,25.7
Gajapati,507151,19.115,84.1672,2026-09-13T10:00,24.2,77,8.3,776.0,28.2
Gajapati,507151,19.115,84.1672,2026-09-13T11:00,23.3,81,8.3,782.0,27.3
Gajapati,507151,19.115,84.1672,2026-09-13T12:00,23.2,81,6.0,664.0,26.7
Gajapati,507151,19.115,84.1672,2026-09-13T13:00,23.9,80,7.4,681.0,27.6
Gajapati,507151,19.115,84.1672,2026-09-13T14:00,22.7,82,8.7,710.0,25.9
Gajapati,507151,19.115,84.1672,2026-09-13T15:00,22.5,87,6.4,457.0,25.6
Gajapati,507151,19.115,84.1672,2026-09-13T16:00,22.2,86,5.4,266.0,25.2
Gajapati,507151,19.115,84.1672,2026-09-13T17:00,21.5,92,4.0,97.0,24.9
Gajapati,507151,19.115,84.1672,2026-09-13T18:00,20.2,97,3.4,7.0,23.5
Gajapati,507151,19.115,84.1672,2026-09-13T19:00,19.7,100,4.3,0.0,22.8
Gajapati,507151,19.115,84.1672,2026-09-13T20:00,19.3,100,3.0,0.0,22.4
Gajapati,507151,19.115,84.1672,2026-09-13T21:00,18.9,99,2.3,0.0,21.9
Gajapati,507151,19.115,84.1672,2026-09-13T22:00,18.6,99,1.7,0.0,21.5
Gajapati,507151,19.115,84.1672,2026-09-13T23:00,18.2,100,1.6,0.0,21.0
Gajapati,507151,19.115,84.1672,2026-09-14T00:00,18.1,99,2.1,0.0,20.7
Gajapati,507151,19.115,84.1672,2026-09-14T01:00,17.9,100,1.1,0.0,20.6
Gajapati,507151,19.115,84.1672,2026-09-14T02:00,17.8,100,3.1,0.0,20.1
Gajapati,507151,19.115,84.1672,2026-09-14T03:00,17.7,99,1.9,0.0,20.2
Gajapati,507151,19.115,84.1672,2026-09-14T04:00,17.6,99,0.9,0.0,20.1
Gajapati,507151,19.115,84.1672,2026-09-14T05:00,17.4,99,0.9,0.0,19.8
Gajapati,507151,19.115,84.1672,2026-09-14T06:00,18.5,97,3.1,33.0,21.0
Gajapati,507151,19.115,84.1672,2026-09-14T07:00,21.2,88,1.5,206.0,24.4
Gajapati,507151,19.115,84.1672,2026-09-14T08:00,22.9,79,1.9,444.0,26.0
Gajapati,507151,19.115,84.1672,2026-09-14T09:00,24.1,74,3.5,660.0,27.8
Gajapati,507151,19.115,84.1672,2026-09-14T10:00,25.4,71,0.8,811.0,30.7
Gajapati,507151,19.115,84.1672,2026-09-14T11:00,24.1,77,5.7,756.0,28.3
Gajapati,507151,19.115,84.1672,2026-09-14T12:00,23.2,88,4.9,750.0,28.3
Gajapati,507151,19.115,84.1672,2026-09-14T13:00,26.4,71,2.9,718.0,31.3
Gajapati,507151,19.115,84.1672,2026-09-14T14:00,22.9,82,7.5,447.0,25.5
Gajapati,507151,19.115,84.1672,2026-09-14T15:00,21.8,88,3.5,186.0,25.0
Gajapati,507151,19.115,84.1672,2026-09-14T16:00,21.9,89,3.5,257.0,25.2
Gajapati,507151,19.115,84.1672,2026-09-14T17:00,21.3,93,0.6,108.0,25.2
Gajapati,507151,19.115,84.1672,2026-09-14T18:00,20.2,99,2.4,7.0,23.8
Gajapati,507151,19.115,84.1672,2026-09-14T19:00,19.8,100,4.4,0.0,22.9
Gajapati,507151,19.115,84.1672,2026-09-14T20:00,19.5,100,3.2,0.0,22.7
Gajapati,507151,19.115,84.1672,2026-09-14T21:00,19.3,99,1.9,0.0,22.5
Gajapati,507151,19.115,84.1672,2026-09-14T22:00,19.1,100,1.6,0.0,22.2
Gajapati,507151,19.115,84.1672,2026-09-14T23:00,18.9,100,1.7,0.0,22.0
Gajapati,507151,19.115,84.1672,2026-09-15T00:00,18.9,100,1.1,0.0,22.0
Gajapati,507151,19.115,84.1672,2026-09-15T01:00,18.8,100,0.3,0.0,22.0
Gajapati,507151,19.115,84.1672,2026-09-15T02:00,18.6,100,0.6,0.0,21.7
Gajapati,507151,19.115,84.1672,2026-09-15T03:00,18.6,100,0.3,0.0,21.8
Gajapati,507151,19.115,84.1672,2026-09-15T04:00,18.4,100,0.6,0.0,21.4
Gajapati,507151,19.115,84.1672,2026-09-15T05:00,18.2,100,1.3,0.0,21.0
Gajapati,507151,19.115,84.1672,2026-09-15T06:00,18.9,99,3.2,33.0,21.8
Gajapati,507151,19.115,84.1672,2026-09-15T07:00,20.8,95,3.2,209.0,24.3
Gajapati,507151,19.115,84.1672,2026-09-15T08:00,22.3,88,5.3,436.0,25.4
Gajapati,507151,19.115,84.1672,2026-09-15T09:00,23.5,80,7.3,618.0,26.6
Gajapati,507151,19.115,84.1672,2026-09-15T10:00,24.5,75,8.0,780.0,28.5
Gajapati,507151,19.115,84.1672,2026-09-15T11:00,25.2,74,8.7,842.0,29.7
Gajapati,507151,19.115,84.1672,2026-09-15T12:00,25.4,73,5.7,704.0,29.4
Gajapati,507151,19.115,84.1672,2026-09-15T13:00,23.2,79,4.6,545.0,26.1
Gajapati,507151,19.115,84.1672,2026-09-15T14:00,22.3,88,2.7,426.0,26.0
Gajapati,507151,19.115,84.1672,2026-09-15T15:00,23.3,86,2.5,375.0,27.2
Gajapati,507151,19.115,84.1672,2026-09-15T16:00,22.8,89,0.6,254.0,27.1
Gajapati,507151,19.115,84.1672,2026-09-15T17:00,21.3,94,5.1,111.0,24.5
Gajapati,507151,19.115,84.1672,2026-09-15T18:00,20.8,97,1.7,6.0,24.5
Gajapati,507151,19.115,84.1672,2026-09-15T19:00,20.4,98,1.0,0.0,24.2
Gajapati,507151,19.115,84.1672,2026-09-15T20:00,20.2,98,1.0,0.0,23.8
Gajapati,507151,19.115,84.1672,2026-09-15T21:00,20.1,97,0.6,0.0,23.6
Gajapati,507151,19.115,84.1672,2026-09-15T22:00,20.0,95,0.5,0.0,23.3
Gajapati,507151,19.115,84.1672,2026-09-15T23:00,19.8,93,0.5,0.0,23.0
Gajapati,507151,19.115,84.1672,2026-09-16T00:00,19.7,93,0.4,0.0,22.7
Gajapati,507151,19.115,84.1672,2026-09-16T01:00,19.6,92,0.2,0.0,22.7
Gajapati,507151,19.115,84.1672,2026-09-16T02:00,19.5,92,0.5,0.0,22.4
Gajapati,507151,19.115,84.1672,2026-09-16T03:00,19.1,94,1.0,0.0,21.9
Gajapati,507151,19.115,84.1672,2026-09-16T04:00,18.8,96,1.4,0.0,21.5
Gajapati,507151,19.115,84.1672,2026-09-16T05:00,18.4,98,2.5,0.0,21.0
Gajapati,507151,19.115,84.1672,2026-09-16T06:00,19.3,99,3.4,36.0,22.2
Gajapati,507151,19.115,84.1672,2026-09-16T07:00,21.1,93,3.8,208.0,24.3
Gajapati,507151,19.115,84.1672,2026-09-16T08:00,22.7,88,4.8,420.0,26.2
Gajapati,507151,19.115,84.1672,2026-09-16T09:00,24.0,79,7.6,632.0,27.3
Gajapati,507151,19.115,84.1672,2026-09-16T10:00,24.3,78,6.3,754.0,28.6
Gajapati,507151,19.115,84.1672,2026-09-16T11:00,25.0,76,7.3,777.0,29.4
Gajapati,507151,19.115,84.1672,2026-09-16T12:00,24.9,75,5.6,510.0,28.1
Gajapati,507151,19.115,84.1672,2026-09-16T13:00,24.9,74,5.1,418.0,28.0
Gajapati,507151,19.115,84.1672,2026-09-16T14:00,24.4,75,4.4,407.0,27.5
Gajapati,507151,19.115,84.1672,2026-09-16T15:00,23.0,85,4.4,262.0,26.4
Gajapati,507151,19.115,84.1672,2026-09-16T16:00,22.9,87,8.3,212.0,25.9
Gajapati,507151,19.115,84.1672,2026-09-16T17:00,22.0,90,3.2,96.0,25.6
Gajapati,507151,19.115,84.1672,2026-09-16T18:00,20.9,96,2.9,5.0,24.5
Gajapati,507151,19.115,84.1672,2026-09-16T19:00,20.7,96,3.2,0.0,24.2
Gajapati,507151,19.115,84.1672,2026-09-16T20:00,20.6,96,2.1,0.0,24.2
Gajapati,507151,19.115,84.1672,2026-09-16T21:00,20.2,98,3.1,0.0,23.6
Gajapati,507151,19.115,84.1672,2026-09-16T22:00,20.1,98,1.4,0.0,23.6
Gajapati,507151,19.115,84.1672,2026-09-16T23:00,19.9,98,1.5,0.0,23.3
Gajapati,507151,19.115,84.1672,2026-09-17T00:00,19.8,98,1.5,0.0,23.3
Gajapati,507151,19.115,84.1672,2026-09-17T01:00,19.7,99,1.5,0.0,23.1
Gajapati,507151,19.115,84.1672,2026-09-17T02:00,19.5,100,2.7,0.0,22.7
Gajapati,507151,19.115,84.1672,2026-09-17T03:00,19.4,100,3.9,0.0,22.4
Gajapati,507151,19.115,84.1672,2026-09-17T04:00,19.3,100,3.2,0.0,22.3
Gajapati,507151,19.115,84.1672,2026-09-17T05:00,19.1,100,2.6,0.0,22.2
Gajapati,507151,19.115,84.1672,2026-09-17T06:00,19.8,99,6.2,31.0,22.5
Gajapati,507151,19.115,84.1672,2026-09-17T07:00,21.5,93,5.1,189.0,24.7
Gajapati,507151,19.115,84.1672,2026-09-17T08:00,22.9,86,8.6,424.0,25.8
Gajapati,507151,19.115,84.1672,2026-09-17T09:00,24.2,79,8.0,637.0,27.6
Gajapati,507151,19.115,84.1672,2026-09-17T10:00,24.9,75,8.6,755.0,28.8
Gajapati,507151,19.115,84.1672,2026-09-17T11:00,25.3,72,10.6,786.0,29.0
Gajapati,507151,19.115,84.1672,2026-09-17T12:00,25.8,70,10.9,820.0,29.5
Gajapati,507151,19.115,84.1672,2026-09-17T13:00,26.0,68,10.9,752.0,29.2
Gajapati,507151,19.115,84.1672,2026-09-17T14:00,25.8,68,10.2,628.0,28.4
Gajapati,507151,19.115,84.1672,2026-09-17T15:00,25.0,74,7.8,446.0,27.8
Gajapati,507151,19.115,84.1672,2026-09-17T16:00,23.9,84,4.9,285.0,27.6
Gajapati,507151,19.115,84.1672,2026-09-17T17:00,22.7,93,3.3,115.0,26.9
Gajapati,507151,19.115,84.1672,2026-09-17T18:00,21.7,97,2.2,4.0,25.9
Gajapati,507151,19.115,84.1672,2026-09-17T19:00,20.8,98,0.5,0.0,24.8
Gajapati,507151,19.115,84.1672,2026-09-17T20:00,20.1,99,0.7,0.0,23.9
Gajapati,507151,19.115,84.1672,2026-09-17T21:00,19.9,100,0.6,0.0,23.7
Gajapati,507151,19.115,84.1672,2026-09-17T22:00,20.0,100,0.4,0.0,23.7
Gajapati,507151,19.115,84.1672,2026-09-17T23:00,20.0,100,0.0,0.0,23.8
Baudh,420738,20.5951,84.1854,2026-09-13T00:00,23.9,94,7.5,0.0,28.2
Baudh,420738,20.5951,84.1854,2026-09-13T01:00,23.6,94,6.7,0.0,27.9
Baudh,420738,20.5951,84.1854,2026-09-13T02:00,23.4,93,5.0,0.0,27.7
Baudh,420738,20.5951,84.1854,2026-09-13T03:00,23.3,91,3.4,0.0,27.7
Baudh,420738,20.5951,84.1854,2026-09-13T04:00,23.2,90,2.3,0.0,27.6
Baudh,420738,20.5951,84.1854,2026-09-13T05:00,23.3,90,4.6,0.0,27.2
Baudh,420738,20.5951,84.1854,2026-09-13T06:00,24.0,90,7.1,32.0,28.0
Baudh,420738,20.5951,84.1854,2026-09-13T07:00,26.3,83,6.3,198.0,31.0
Baudh,420738,20.5951,84.1854,2026-09-13T08:00,27.7,79,4.5,419.0,33.0
Baudh,420738,20.5951,84.1854,2026-09-13T09:00,29.6,68,3.1,623.0,35.1
Baudh,420738,20.5951,84.1854,2026-09-13T10:00,30.7,60,6.1,748.0,36.0
Baudh,420738,20.5951,84.1854,2026-09-13T11:00,30.5,64,5.5,824.0,36.8
Baudh,420738,20.5951,84.1854,2026-09-13T12:00,28.8,78,4.0,781.0,36.2
Baudh,420738,20.5951,84.1854,2026-09-13T13:00,29.4,72,2.4,654.0,35.6
Baudh,420738,20.5951,84.1854,2026-09-13T14:00,28.7,75,2.5,594.0,34.6
Baudh,420738,20.5951,84.1854,2026-09-13T15:00,28.1,83,4.3,376.0,34.3
Baudh,420738,20.5951,84.1854,2026-09-13T16:00,27.2,86,5.7,148.0,32.9
Baudh,420738,20.5951,84.1854,2026-09-13T17:00,27.1,85,6.4,119.0,32.4
Baudh,420738,20.5951,84.1854,2026-09-13T18:00,26.2,88,5.2,6.0,31.6
Baudh,420738,20.5951,84.1854,2026-09-13T19:00,25.9,88,6.0,0.0,31.1
Baudh,420738,20.5951,84.1854,2026-09-13T20:00,25.5,89,5.2,0.0,30.7
Baudh,420738,20.5951,84.1854,2026-09-13T21:00,25.0,91,5.8,0.0,29.9
Baudh,420738,20.5951,84.1854,2026-09-13T22:00,24.7,92,6.3,0.0,29.6
Baudh,420738,20.5951,84.1854,2026-09-13T23:00,24.5,93,5.6,0.0,29.4
Baudh,420738,20.5951,84.1854,2026-09-14T00:00,24.4,94,4.3,0.0,29.6
Baudh,420738,20.5951,84.1854,2026-09-14T01:00,24.4,95,3.6,0.0,29.6
Baudh,420738,20.5951,84.1854,2026-09-14T02:00,24.4,94,4.5,0.0,29.6
Baudh,420738,20.5951,84.1854,2026-09-14T03:00,25.0,89,5.1,0.0,29.9
Baudh,420738,20.5951,84.1854,2026-09-14T04:00,24.9,91,2.8,0.0,30.2
Baudh,420738,20.5951,84.1854,2026-09-14T05:00,24.5,93,4.1,0.0,29.5
Baudh,420738,20.5951,84.1854,2026-09-14T06:00,24.9,92,5.2,15.0,30.0
Baudh,420738,20.5951,84.1854,2026-09-14T07:00,25.8,90,3.1,77.0,31.5
Baudh,420738,20.5951,84.1854,2026-09-14T08:00,27.0,84,1.9,235.0,32.9
Baudh,420738,20.5951,84.1854,2026-09-14T09:00,28.2,74,3.1,441.0,33.4
Baudh,420738,20.5951,84.1854,2026-09-14T10:00,29.6,67,4.0,727.0,35.6
Baudh,420738,20.5951,84.1854,2026-09-14T11:00,30.2,66,5.9,832.0,36.6
Baudh,420738,20.5951,84.1854,2026-09-14T12:00,30.3,65,6.4,793.0,36.4
Baudh,420738,20.5951,84.1854,2026-09-14T13:00,30.1,66,6.6,772.0,36.0
Baudh,420738,20.5951,84.1854,2026-09-14T14:00,30.1,65,5.5,625.0,35.2
Baudh,420738,20.5951,84.1854,2026-09-14T15:00,29.5,68,6.2,451.0,34.1
Baudh,420738,20.5951,84.1854,2026-09-14T16:00,28.5,79,6.7,220.0,33.9
Baudh,420738,20.5951,84.1854,2026-09-14T17:00,27.8,86,2.7,118.0,34.4
Baudh,420738,20.5951,84.1854,2026-09-14T18:00,26.2,91,3.3,7.0,32.2
Baudh,420738,20.5951,84.1854,2026-09-14T19:00,25.5,94,4.2,0.0,31.2
Baudh,420738,20.5951,84.1854,2026-09-14T20:00,25.0,94,4.6,0.0,30.4
Baudh,420738,20.5951,84.1854,2026-09-14T21:00,24.7,95,5.7,0.0,29.8
Baudh,420738,20.5951,84.1854,2026-09-14T22:00,24.4,95,5.3,0.0,29.5
Baudh,420738,20.5951,84.1854,2026-09-14T23:00,24.0,96,5.4,0.0,29.0
Baudh,420738,20.5951,84.1854,2026-09-15T00:00,23.9,96,4.7,0.0,28.8
Baudh,420738,20.5951,84.1854,2026-09-15T01:00,24.2,92,2.4,0.0,29.3
Baudh,420738,20.5951,84.1854,2026-09-15T02:00,24.2,92,1.4,0.0,29.4
Baudh,420738,20.5951,84.1854,2026-09-15T03:00,23.8,93,2.5,0.0,28.6
Baudh,420738,20.5951,84.1854,2026-09-15T04:00,23.5,94,2.3,0.0,28.3
Baudh,420738,20.5951,84.1854,2026-09-15T05:00,23.3,94,2.3,0.0,28.1
Baudh,420738,20.5951,84.1854,2026-09-15T06:00,24.0,93,1.7,34.0,29.2
Baudh,420738,20.5951,84.1854,2026-09-15T07:00,26.2,84,1.6,207.0,31.6
Baudh,420738,20.5951,84.1854,2026-09-15T08:00,27.5,79,3.6,428.0,32.9
Baudh,420738,20.5951,84.1854,2026-09-15T09:00,28.7,76,6.9,632.0,34.3
Baudh,420738,20.5951,84.1854,2026-09-15T10:00,29.6,74,8.8,766.0,35.9
Baudh,420738,20.5951,84.1854,2026-09-15T11:00,30.1,72,8.3,821.0,37.0
Baudh,420738,20.5951,84.1854,2026-09-15T12:00,30.4,72,8.3,852.0,37.6
Baudh,420738,20.5951,84.1854,2026-09-15T13:00,30.4,72,9.4,760.0,36.8
Baudh,420738,20.5951,84.1854,2026-09-15T14:00,29.4,78,7.1,575.0,35.3
Baudh,420738,20.5951,84.1854,2026-09-15T15:00,29.8,75,5.1,480.0,35.8
Baudh,420738,20.5951,84.1854,2026-09-15T16:00,28.9,81,4.6,306.0,35.2
Baudh,420738,20.5951,84.1854,2026-09-15T17:00,27.7,91,2.6,115.0,34.7
Baudh,420738,20.5951,84.1854,2026-09-15T18:00,26.6,93,1.8,7.0,33.4
Baudh,420738,20.5951,84.1854,2026-09-15T19:00,26.0,91,4.8,0.0,31.7
Baudh,420738,20.5951,84.1854,2026-09-15T20:00,25.9,91,3.8,0.0,31.6
Baudh,420738,20.5951,84.1854,2026-09-15T21:00,25.6,93,4.7,0.0,31.2
Baudh,420738,20.5951,84.1854,2026-09-15T22:00,25.2,94,5.1,0.0,30.8
Baudh,420738,20.5951,84.1854,2026-09-15T23:00,24.9,96,6.0,0.0,30.3
Baudh,420738,20.5951,84.1854,2026-09-16T00:00,24.6,97,5.2,0.0,30.0
Baudh,420738,20.5951,84.1854,2026-09-16T01:00,24.2,98,5.2,0.0,29.5
Baudh,420738,20.5951,84.1854,2026-09-16T02:00,23.7,98,5.2,0.0,28.7
Baudh,420738,20.5951,84.1854,2026-09-16T03:00,23.6,98,5.7,0.0,28.4
Baudh,420738,20.5951,84.1854,2026-09-16T04:00,23.4,98,6.5,0.0,28.1
Baudh,420738,20.5951,84.1854,2026-09-16T05:00,23.5,98,6.2,0.0,28.2
Baudh,420738,20.5951,84.1854,2026-09-16T06:00,24.4,97,6.2,32.0,29.5
Baudh,420738,20.5951,84.1854,2026-09-16T07:00,26.1,96,3.3,197.0,32.6
Baudh,420738,20.5951,84.1854,2026-09-16T08:00,27.3,90,4.6,393.0,33.7
Baudh,420738,20.5951,84.1854,2026-09-16T09:00,28.6,85,7.2,582.0,35.0
Baudh,420738,20.5951,84.1854,2026-09-16T10:00,29.8,78,9.3,740.0,36.6
Baudh,420738,20.5951,84.1854,2026-09-16T11:00,30.4,74,8.8,788.0,37.4
Baudh,420738,20.5951,84.1854,2026-09-16T12:00,30.6,72,8.9,823.0,37.7
Baudh,420738,20.5951,84.1854,2026-09-16T13:00,30.2,74,8.1,717.0,36.8
Baudh,420738,20.5951,84.1854,2026-09-16T14:00,30.1,74,5.6,545.0,36.1
Baudh,420738,20.5951,84.1854,2026-09-16T15:00,28.2,86,10.5,393.0,33.8
Baudh,420738,20.5951,84.1854,2026-09-16T16:00,28.0,87,5.1,279.0,34.4
Baudh,420738,20.5951,84.1854,2026-09-16T17:00,27.0,90,6.3,98.0,33.0
Baudh,420738,20.5951,84.1854,2026-09-16T18:00,25.9,96,4.2,6.0,32.2
Baudh,420738,20.5951,84.1854,2026-09-16T19:00,25.8,96,6.7,0.0,31.7
Baudh,420738,20.5951,84.1854,2026-09-16T20:00,25.5,95,6.5,0.0,31.1
Baudh,420738,20.5951,84.1854,2026-09-16T21:00,25.1,93,7.4,0.0,30.1
Baudh,420738,20.5951,84.1854,2026-09-16T22:00,24.8,92,6.8,0.0,29.6
Baudh,420738,20.5951,84.1854,2026-09-16T23:00,24.7,91,6.5,0.0,29.3
Baudh,420738,20.5951,84.1854,2026-09-17T00:00,24.7,91,5.9,0.0,29.3
Baudh,420738,20.5951,84.1854,2026-09-17T01:00,24.7,90,6.1,0.0,29.3
Baudh,420738,20.5951,84.1854,2026-09-17T02:00,24.5,91,5.0,0.0,29.3
Baudh,420738,20.5951,84.1854,2026-09-17T03:00,24.1,94,3.2,0.0,29.3
Baudh,420738,20.5951,84.1854,2026-09-17T04:00,23.7,96,4.5,0.0,28.6
Baudh,420738,20.5951,84.1854,2026-09-17T05:00,23.8,94,4.1,0.0,28.6
Baudh,420738,20.5951,84.1854,2026-09-17T06:00,24.9,91,7.2,32.0,29.6
Baudh,420738,20.5951,84.1854,2026-09-17T07:00,26.6,86,7.5,193.0,31.7
Baudh,420738,20.5951,84.1854,2026-09-17T08:00,28.2,81,10.7,419.0,33.2
Baudh,420738,20.5951,84.1854,2026-09-17T09:00,28.7,81,12.6,598.0,33.9
Baudh,420738,20.5951,84.1854,2026-09-17T10:00,29.7,78,12.4,747.0,36.0
Baudh,420738,20.5951,84.1854,2026-09-17T11:00,30.3,75,12.7,771.0,36.7
Baudh,420738,20.5951,84.1854,2026-09-17T12:00,30.4,75,13.3,831.0,37.1
Baudh,420738,20.5951,84.1854,2026-09-17T13:00,30.4,75,13.5,771.0,36.7
Baudh,420738,20.5951,84.1854,2026-09-17T14:00,30.0,77,12.6,651.0,35.9
Baudh,420738,20.5951,84.1854,2026-09-17T15:00,29.3,81,10.0,468.0,35.1
Baudh,420738,20.5951,84.1854,2026-09-17T16:00,28.4,87,6.6,300.0,34.8
Baudh,420738,20.5951,84.1854,2026-09-17T17:00,27.5,92,3.6,122.0,34.4
Baudh,420738,20.5951,84.1854,2026-09-17T18:00,26.7,94,2.7,4.0,33.5
Baudh,420738,20.5951,84.1854,2026-09-17T19:00,25.9,95,5.0,0.0,31.9
Baudh,420738,20.5951,84.1854,2026-09-17T20:00,25.3,96,7.2,0.0,30.8
Baudh,420738,20.5951,84.1854,2026-09-17T21:00,25.1,95,7.6,0.0,30.3
Baudh,420738,20.5951,84.1854,2026-09-17T22:00,25.1,95,7.1,0.0,30.3
Baudh,420738,20.5951,84.1854,2026-09-17T23:00,25.0,94,6.6,0.0,30.2
Jharsuguda,348340,21.8569,83.9328,2026-09-13T00:00,24.7,97,7.6,0.0,29.8
Jharsuguda,348340,21.8569,83.9328,2026-09-13T01:00,24.5,98,7.7,0.0,29.5
Jharsuguda,348340,21.8569,83.9328,2026-09-13T02:00,24.3,98,6.4,0.0,29.4
Jharsuguda,348340,21.8569,83.9328,2026-09-13T03:00,24.1,98,6.8,0.0,29.1
Jharsuguda,348340,21.8569,83.9328,2026-09-13T04:00,23.9,99,6.5,0.0,28.8
Jharsuguda,348340,21.8569,83.9328,2026-09-13T05:00,24.2,98,6.3,0.0,29.2
Jharsuguda,348340,21.8569,83.9328,2026-09-13T06:00,24.7,96,8.1,30.0,29.5
Jharsuguda,348340,21.8569,83.9328,2026-09-13T07:00,26.1,90,7.1,188.0,31.4
Jharsuguda,348340,21.8569,83.9328,2026-09-13T08:00,27.7,82,9.6,398.0,32.6
Jharsuguda,348340,21.8569,83.9328,2026-09-13T09:00,29.1,74,11.5,592.0,33.7
Jharsuguda,348340,21.8569,83.9328,2026-09-13T10:00,30.0,69,11.9,732.0,35.1
Jharsuguda,348340,21.8569,83.9328,2026-09-13T11:00,30.3,66,11.8,852.0,35.9
Jharsuguda,348340,21.8569,83.9328,2026-09-13T12:00,30.6,64,10.7,820.0,36.1
Jharsuguda,348340,21.8569,83.9328,2026-09-13T13:00,30.7,63,10.6,806.0,35.9
Jharsuguda,348340,21.8569,83.9328,2026-09-13T14:00,30.7,63,7.7,647.0,35.5
Jharsuguda,348340,21.8569,83.9328,2026-09-13T15:00,30.4,64,8.2,468.0,34.4
Jharsuguda,348340,21.8569,83.9328,2026-09-13T16:00,29.7,67,7.5,315.0,34.0
Jharsuguda,348340,21.8569,83.9328,2026-09-13T17:00,28.2,81,6.5,105.0,33.6
Jharsuguda,348340,21.8569,83.9328,2026-09-13T18:00,27.2,86,7.3,9.0,32.5
Jharsuguda,348340,21.8569,83.9328,2026-09-13T19:00,25.7,89,6.0,0.0,30.7
Jharsuguda,348340,21.8569,83.9328,2026-09-13T20:00,23.8,98,11.2,0.0,27.8
Jharsuguda,348340,21.8569,83.9328,2026-09-13T21:00,23.9,98,3.3,0.0,29.2
Jharsuguda,348340,21.8569,83.9328,2026-09-13T22:00,24.1,97,3.3,0.0,29.5
Jharsuguda,348340,21.8569,83.9328,2026-09-13T23:00,24.2,97,3.6,0.0,29.5
Jharsuguda,348340,21.8569,83.9328,2026-09-14T00:00,24.2,98,3.8,0.0,29.7
Jharsuguda,348340,21.8569,83.9328,2026-09-14T01:00,24.3,99,4.5,0.0,29.7
Jharsuguda,348340,21.8569,83.9328,2026-09-14T02:00,24.2,100,3.7,0.0,29.9
Jharsuguda,348340,21.8569,83.9328,2026-09-14T03:00,24.2,100,2.8,0.0,30.0
Jharsuguda,348340,21.8569,83.9328,2026-09-14T04:00,24.3,100,0.9,0.0,30.4
Jharsuguda,348340,21.8569,83.9328,2026-09-14T05:00,24.3,100,2.5,0.0,30.1
Jharsuguda,348340,21.8569,83.9328,2026-09-14T06:00,24.5,100,3.4,20.0,30.3
Jharsuguda,348340,21.8569,83.9328,2026-09-14T07:00,25.4,97,3.6,133.0,31.5
Jharsuguda,348340,21.8569,83.9328,2026-09-14T08:00,26.4,90,3.1,272.0,32.5
Jharsuguda,348340,21.8569,83.9328,2026-09-14T09:00,27.9,80,4.2,479.0,33.4
Jharsuguda,348340,21.8569,83.9328,2026-09-14T10:00,28.9,75,5.5,585.0,34.4
Jharsuguda,348340,21.8569,83.9328,2026-09-14T11:00,29.6,72,4.3,682.0,35.8
Jharsuguda,348340,21.8569,83.9328,2026-09-14T12:00,30.2,70,3.1,760.0,37.2
Jharsuguda,348340,21.8569,83.9328,2026-09-14T13:00,30.9,67,4.8,773.0,37.7
Jharsuguda,348340,21.8569,83.9328,2026-09-14T14:00,30.6,67,4.8,681.0,36.7
Jharsuguda,348340,21.8569,83.9328,2026-09-14T15:00,30.4,68,2.7,518.0,36.0
Jharsuguda,348340,21.8569,83.9328,2026-09-14T16:00,29.6,72,3.4,292.0,35.2
Jharsuguda,348340,21.8569,83.9328,2026-09-14T17:00,28.6,81,2.8,116.0,34.9
Jharsuguda,348340,21.8569,83.9328,2026-09-14T18:00,27.3,86,6.2,8.0,32.9
Jharsuguda,348340,21.8569,83.9328,2026-09-14T19:00,26.3,88,6.6,0.0,31.5
Jharsuguda,348340,21.8569,83.9328,2026-09-14T20:00,25.6,91,2.8,0.0,31.2
Jharsuguda,348340,21.8569,83.9328,2026-09-14T21:00,25.3,92,2.7,0.0,30.9
Jharsuguda,348340,21.8569,83.9328,2026-09-14T22:00,24.9,94,4.6,0.0,30.3
Jharsuguda,348340,21.8569,83.9328,2026-09-14T23:00,24.6,96,3.1,0.0,30.2
Jharsuguda,348340,21.8569,83.9328,2026-09-15T00:00,24.1,99,0.7,0.0,30.0
Jharsuguda,348340,21.8569,83.9328,2026-09-15T01:00,24.0,99,2.4,0.0,29.6
Jharsuguda,348340,21.8569,83.9328,2026-09-15T02:00,24.1,97,1.0,0.0,29.8
Jharsuguda,348340,21.8569,83.9328,2026-09-15T03:00,24.1,97,0.3,0.0,29.9
Jharsuguda,348340,21.8569,83.9328,2026-09-15T04:00,24.1,99,1.0,0.0,30.1
Jharsuguda,348340,21.8569,83.9328,2026-09-15T05:00,24.0,100,1.6,0.0,29.8
Jharsuguda,348340,21.8569,83.9328,2026-09-15T06:00,24.2,100,4.0,28.0,29.8
Jharsuguda,348340,21.8569,83.9328,2026-09-15T07:00,25.8,92,3.0,178.0,31.6
Jharsuguda,348340,21.8569,83.9328,2026-09-15T08:00,27.4,84,0.5,375.0,33.7
Jharsuguda,348340,21.8569,83.9328,2026-09-15T09:00,29.1,79,3.5,563.0,35.3
Jharsuguda,348340,21.8569,83.9328,2026-09-15T10:00,30.2,73,4.3,709.0,37.1
Jharsuguda,348340,21.8569,83.9328,2026-09-15T11:00,30.5,71,4.1,672.0,37.0
Jharsuguda,348340,21.8569,83.9328,2026-09-15T12:00,30.6,70,4.8,661.0,37.1
Jharsuguda,348340,21.8569,83.9328,2026-09-15T13:00,30.7,70,6.6,620.0,36.7
Jharsuguda,348340,21.8569,83.9328,2026-09-15T14:00,30.7,70,6.3,561.0,36.3
Jharsuguda,348340,21.8569,83.9328,2026-09-15T15:00,30.6,71,6.3,494.0,36.2
Jharsuguda,348340,21.8569,83.9328,2026-09-15T16:00,30.1,72,6.7,316.0,35.5
Jharsuguda,348340,21.8569,83.9328,2026-09-15T17:00,28.5,86,4.0,117.0,35.3
Jharsuguda,348340,21.8569,83.9328,2026-09-15T18:00,27.4,92,0.8,7.0,34.6
Jharsuguda,348340,21.8569,83.9328,2026-09-15T19:00,26.6,97,0.7,0.0,33.9
Jharsuguda,348340,21.8569,83.9328,2026-09-15T20:00,26.1,100,0.6,0.0,33.4
Jharsuguda,348340,21.8569,83.9328,2026-09-15T21:00,25.9,99,0.9,0.0,33.0
Jharsuguda,348340,21.8569,83.9328,2026-09-15T22:00,25.6,99,0.9,0.0,32.5
Jharsuguda,348340,21.8569,83.9328,2026-09-15T23:00,25.5,99,3.3,0.0,31.9
Jharsuguda,348340,21.8569,83.9328,2026-09-16T00:00,25.5,99,3.9,0.0,31.8
Jharsuguda,348340,21.8569,83.9328,2026-09-16T01:00,25.4,99,3.3,0.0,31.7
Jharsuguda,348340,21.8569,83.9328,2026-09-16T02:00,25.2,99,2.4,0.0,31.5
Jharsuguda,348340,21.8569,83.9328,2026-09-16T03:00,25.1,100,0.5,0.0,31.7
Jharsuguda,348340,21.8569,83.9328,2026-09-16T04:00,24.6,99,3.8,0.0,30.3
Jharsuguda,348340,21.8569,83.9328,2026-09-16T05:00,24.1,99,3.2,0.0,29.6
Jharsuguda,348340,21.8569,83.9328,2026-09-16T06:00,24.4,99,2.5,24.0,30.2
Jharsuguda,348340,21.8569,83.9328,2026-09-16T07:00,25.7,93,7.2,139.0,30.9
Jharsuguda,348340,21.8569,83.9328,2026-09-16T08:00,26.9,87,7.5,295.0,32.2
Jharsuguda,348340,21.8569,83.9328,2026-09-16T09:00,28.4,81,6.8,563.0,34.2
Jharsuguda,348340,21.8569,83.9328,2026-09-16T10:00,29.8,75,6.6,701.0,36.5
Jharsuguda,348340,21.8569,83.9328,2026-09-16T11:00,30.9,71,6.9,814.0,38.2
Jharsuguda,348340,21.8569,83.9328,2026-09-16T12:00,31.4,69,8.5,836.0,38.5
Jharsuguda,348340,21.8569,83.9328,2026-09-16T13:00,30.9,69,10.7,787.0,37.2
Jharsuguda,348340,21.8569,83.9328,2026-09-16T14:00,30.6,72,10.9,549.0,35.6
Jharsuguda,348340,21.8569,83.9328,2026-09-16T15:00,29.0,80,9.4,481.0,34.6
Jharsuguda,348340,21.8569,83.9328,2026-09-16T16:00,29.2,78,6.2,263.0,34.9
Jharsuguda,348340,21.8569,83.9328,2026-09-16T17:00,27.8,86,9.3,109.0,33.3
Jharsuguda,348340,21.8569,83.9328,2026-09-16T18:00,26.8,90,6.2,5.0,32.7
Jharsuguda,348340,21.8569,83.9328,2026-09-16T19:00,26.2,93,7.5,0.0,31.9
Jharsuguda,348340,21.8569,83.9328,2026-09-16T20:00,25.7,95,6.2,0.0,31.4
Jharsuguda,348340,21.8569,83.9328,2026-09-16T21:00,25.3,96,5.5,0.0,31.0
Jharsuguda,348340,21.8569,83.9328,2026-09-16T22:00,25.1,96,7.0,0.0,30.5
Jharsuguda,348340,21.8569,83.9328,2026-09-16T23:00,25.0,97,6.5,0.0,30.3
Jharsuguda,348340,21.8569,83.9328,2026-09-17T00:00,24.9,97,5.6,0.0,30.3
Jharsuguda,348340,21.8569,83.9328,2026-09-17T01:00,24.4,98,10.2,0.0,29.0
Jharsuguda,348340,21.8569,83.9328,2026-09-17T02:00,24.5,99,9.4,0.0,29.4
Jharsuguda,348340,21.8569,83.9328,2026-09-17T03:00,24.7,99,6.7,0.0,30.1
Jharsuguda,348340,21.8569,83.9328,2026-09-17T04:00,24.6,99,5.4,0.0,30.2
Jharsuguda,348340,21.8569,83.9328,2026-09-17T05:00,24.4,99,4.4,0.0,29.9
Jharsuguda,348340,21.8569,83.9328,2026-09-17T06:00,24.5,99,6.2,28.0,29.9
Jharsuguda,348340,21.8569,83.9328,2026-09-17T07:00,25.7,93,7.3,185.0,30.9
Jharsuguda,348340,21.8569,83.9328,2026-09-17T08:00,27.4,83,8.9,381.0,32.3
Jharsuguda,348340,21.8569,83.9328,2026-09-17T09:00,29.0,76,9.5,546.0,33.8
Jharsuguda,348340,21.8569,83.9328,2026-09-17T10:00,29.9,72,9.5,692.0,35.6
Jharsuguda,348340,21.8569,83.9328,2026-09-17T11:00,30.8,70,11.2,779.0,37.0
Jharsuguda,348340,21.8569,83.9328,2026-09-17T12:00,31.3,68,11.1,791.0,37.6
Jharsuguda,348340,21.8569,83.9328,2026-09-17T13:00,31.5,66,10.4,724.0,37.4
Jharsuguda,348340,21.8569,83.9328,2026-09-17T14:00,31.3,67,9.9,597.0,36.4
Jharsuguda,348340,21.8569,83.9328,2026-09-17T15:00,30.5,71,9.4,408.0,35.6
Jharsuguda,348340,21.8569,83.9328,2026-09-17T16:00,29.3,77,8.7,259.0,34.7
Jharsuguda,348340,21.8569,83.9328,2026-09-17T17:00,28.2,84,7.8,107.0,33.9
Jharsuguda,348340,21.8569,83.9328,2026-09-17T18:00,27.4,88,6.7,4.0,33.3
Jharsuguda,348340,21.8569,83.9328,2026-09-17T19:00,26.6,92,5.4,0.0,32.7
Jharsuguda,348340,21.8569,83.9328,2026-09-17T20:00,26.0,95,4.7,0.0,32.2
Jharsuguda,348340,21.8569,83.9328,2026-09-17T21:00,25.6,97,4.7,0.0,31.7
Jharsuguda,348340,21.8569,83.9328,2026-09-17T22:00,25.3,98,5.1,0.0,31.3
Jharsuguda,348340,21.8569,83.9328,2026-09-17T23:00,25.1,99,5.2,0.0,31.0
Debagarh,290130,21.4439,84.798,2026-09-13T00:00,25.1,93,8.0,0.0,29.9
Debagarh,290130,21.4439,84.798,2026-09-13T01:00,24.7,95,7.4,0.0,29.6
Debagarh,290130,21.4439,84.798,2026-09-13T02:00,24.5,95,9.1,0.0,29.0
Debagarh,290130,21.4439,84.798,2026-09-13T03:00,24.5,94,8.1,0.0,29.1
Debagarh,290130,21.4439,84.798,2026-09-13T04:00,24.2,98,7.8,0.0,29.0
Debagarh,290130,21.4439,84.798,2026-09-13T05:00,24.5,98,7.3,0.0,29.6
Debagarh,290130,21.4439,84.798,2026-09-13T06:00,25.1,95,9.2,35.0,30.0
Debagarh,290130,21.4439,84.798,2026-09-13T07:00,26.1,91,8.7,200.0,31.3
Debagarh,290130,21.4439,84.798,2026-09-13T08:00,27.3,83,9.6,378.0,32.1
Debagarh,290130,21.4439,84.798,2026-09-13T09:00,28.8,76,9.9,580.0,33.7
Debagarh,290130,21.4439,84.798,2026-09-13T10:00,30.1,71,8.8,762.0,36.2
Debagarh,290130,21.4439,84.798,2026-09-13T11:00,30.9,63,8.6,837.0,36.9
Debagarh,290130,21.4439,84.798,2026-09-13T12:00,30.8,65,8.2,845.0,37.2
Debagarh,290130,21.4439,84.798,2026-09-13T13:00,31.3,65,6.5,770.0,37.7
Debagarh,290130,21.4439,84.798,2026-09-13T14:00,26.4,94,13.9,562.0,31.4
Debagarh,290130,21.4439,84.798,2026-09-13T15:00,25.5,96,4.7,333.0,31.4
Debagarh,290130,21.4439,84.798,2026-09-13T16:00,24.7,97,5.4,157.0,30.2
Debagarh,290130,21.4439,84.798,2026-09-13T17:00,26.2,97,5.0,113.0,32.6
Debagarh,290130,21.4439,84.798,2026-09-13T18:00,25.8,96,6.8,5.0,31.6
Debagarh,290130,21.4439,84.798,2026-09-13T19:00,25.1,98,3.8,0.0,31.1
Debagarh,290130,21.4439,84.798,2026-09-13T20:00,25.2,98,2.4,0.0,31.5
Debagarh,290130,21.4439,84.798,2026-09-13T21:00,25.2,97,1.8,0.0,31.5
Debagarh,290130,21.4439,84.798,2026-09-13T22:00,25.2,97,2.7,0.0,31.3
Debagarh,290130,21.4439,84.798,2026-09-13T23:00,25.0,99,3.9,0.0,30.9
Debagarh,290130,21.4439,84.798,2026-09-14T00:00,24.9,99,4.9,0.0,30.8
Debagarh,290130,21.4439,84.798,2026-09-14T01:00,24.8,99,3.2,0.0,30.9
Debagarh,290130,21.4439,84.798,2026-09-14T02:00,24.9,99,2.9,0.0,31.0
Debagarh,290130,21.4439,84.798,2026-09-14T03:00,24.8,99,3.2,0.0,30.9
Debagarh,290130,21.4439,84.798,2026-09-14T04:00,24.8,100,2.2,0.0,31.1
Debagarh,290130,21.4439,84.798,2026-09-14T05:00,24.7,100,2.4,0.0,30.8
Debagarh,290130,21.4439,84.798,2026-09-14T06:00,25.0,99,3.4,34.0,31.0
Debagarh,290130,21.4439,84.798,2026-09-14T07:00,25.8,94,3.2,181.0,31.8
Debagarh,290130,21.4439,84.798,2026-09-14T08:00,27.1,86,2.6,373.0,33.1
Debagarh,290130,21.4439,84.798,2026-09-14T09:00,28.3,83,1.8,551.0,34.7
Debagarh,290130,21.4439,84.798,2026-09-14T10:00,29.2,79,1.8,709.0,36.9
Debagarh,290130,21.4439,84.798,2026-09-14T11:00,29.8,75,1.0,775.0,37.9
Debagarh,290130,21.4439,84.798,2026-09-14T12:00,30.6,72,1.9,798.0,38.7
Debagarh,290130,21.4439,84.798,2026-09-14T13:00,30.9,71,6.2,771.0,38.0
Debagarh,290130,21.4439,84.798,2026-09-14T14:00,26.3,90,15.6,653.0,30.9
Debagarh,290130,21.4439,84.798,2026-09-14T15:00,24.2,98,8.1,158.0,29.0
Debagarh,290130,21.4439,84.798,2026-09-14T16:00,24.5,98,3.4,137.0,30.2
Debagarh,290130,21.4439,84.798,2026-09-14T17:00,24.6,98,2.6,61.0,30.4
Debagarh,290130,21.4439,84.798,2026-09-14T18:00,24.4,99,0.0,6.0,30.6
Debagarh,290130,21.4439,84.798,2026-09-14T19:00,24.2,99,0.7,0.0,30.3
Debagarh,290130,21.4439,84.798,2026-09-14T20:00,24.3,99,3.6,0.0,29.9
Debagarh,290130,21.4439,84.798,2026-09-14T21:00,24.1,99,3.9,0.0,29.6
Debagarh,290130,21.4439,84.798,2026-09-14T22:00,24.1,99,1.2,0.0,29.9
Debagarh,290130,21.4439,84.798,2026-09-14T23:00,24.0,98,1.5,0.0,29.6
Debagarh,290130,21.4439,84.798,2026-09-15T00:00,23.9,99,1.7,0.0,29.5
Debagarh,290130,21.4439,84.798,2026-09-15T01:00,23.9,99,1.1,0.0,29.6
Debagarh,290130,21.4439,84.798,2026-09-15T02:00,23.9,99,0.7,0.0,29.7
Debagarh,290130,21.4439,84.798,2026-09-15T03:00,23.9,99,0.4,0.0,29.7
Debagarh,290130,21.4439,84.798,2026-09-15T04:00,23.7,99,1.0,0.0,29.4
Debagarh,290130,21.4439,84.798,2026-09-15T05:00,23.6,100,0.9,0.0,29.3
Debagarh,290130,21.4439,84.798,2026-09-15T06:00,24.1,99,1.3,35.0,29.8
Debagarh,290130,21.4439,84.798,2026-09-15T07:00,25.3,93,0.0,180.0,31.4
Debagarh,290130,21.4439,84.798,2026-09-15T08:00,27.1,83,1.4,387.0,32.9
Debagarh,290130,21.4439,84.798,2026-09-15T09:00,28.6,79,2.7,562.0,34.6
Debagarh,290130,21.4439,84.798,2026-09-15T10:00,30.0,74,4.2,713.0,36.9
Debagarh,290130,21.4439,84.798,2026-09-15T11:00,31.0,68,4.8,793.0,38.2
Debagarh,290130,21.4439,84.798,2026-09-15T12:00,30.7,68,6.7,564.0,35.9
Debagarh,290130,21.4439,84.798,2026-09-15T13:00,31.5,65,7.8,664.0,37.1
Debagarh,290130,21.4439,84.798,2026-09-15T14:00,29.8,73,3.5,686.0,36.5
Debagarh,290130,21.4439,84.798,2026-09-15T15:00,28.7,82,5.4,459.0,34.9
Debagarh,290130,21.4439,84.798,2026-09-15T16:00,28.3,87,3.2,265.0,35.2
Debagarh,290130,21.4439,84.798,2026-09-15T17:00,27.7,90,3.3,100.0,34.5
Debagarh,290130,21.4439,84.798,2026-09-15T18:00,26.8,95,2.7,6.0,33.7
Debagarh,290130,21.4439,84.798,2026-09-15T19:00,26.5,95,1.3,0.0,33.5
Debagarh,290130,21.4439,84.798,2026-09-15T20:00,26.2,96,1.1,0.0,33.0
Debagarh,290130,21.4439,84.798,2026-09-15T21:00,25.9,98,1.5,0.0,32.7
Debagarh,290130,21.4439,84.798,2026-09-15T22:00,25.7,99,0.8,0.0,32.7
Debagarh,290130,21.4439,84.798,2026-09-15T23:00,25.6,99,0.9,0.0,32.4
Debagarh,290130,21.4439,84.798,2026-09-16T00:00,25.4,99,0.2,0.0,32.3
Debagarh,290130,21.4439,84.798,2026-09-16T01:00,25.2,99,2.2,0.0,31.7
Debagarh,290130,21.4439,84.798,2026-09-16T02:00,24.9,99,1.2,0.0,31.3
Debagarh,290130,21.4439,84.798,2026-09-16T03:00,24.8,99,1.1,0.0,31.2
Debagarh,290130,21.4439,84.798,2026-09-16T04:00,24.5,99,1.6,0.0,30.6
Debagarh,290130,21.4439,84.798,2026-09-16T05:00,24.3,100,2.0,0.0,30.3
Debagarh,290130,21.4439,84.798,2026-09-16T06:00,24.9,99,4.6,34.0,30.8
Debagarh,290130,21.4439,84.798,2026-09-16T07:00,26.3,92,3.7,175.0,32.4
Debagarh,290130,21.4439,84.798,2026-09-16T08:00,27.7,84,6.2,391.0,33.3
Debagarh,290130,21.4439,84.798,2026-09-16T09:00,29.0,78,3.5,527.0,35.1
Debagarh,290130,21.4439,84.798,2026-09-16T10:00,30.6,72,3.8,717.0,37.8
Debagarh,290130,21.4439,84.798,2026-09-16T11:00,31.4,67,5.5,796.0,38.5
Debagarh,290130,21.4439,84.798,2026-09-16T12:00,30.5,70,6.1,435.0,35.8
Debagarh,290130,21.4439,84.798,2026-09-16T13:00,28.1,84,9.4,489.0,33.6
Debagarh,290130,21.4439,84.798,2026-09-16T14:00,27.6,85,6.5,353.0,33.2
Debagarh,290130,21.4439,84.798,2026-09-16T15:00,28.4,83,6.6,394.0,34.2
Debagarh,290130,21.4439,84.798,2026-09-16T16:00,28.0,85,1.6,255.0,34.7
Debagarh,290130,21.4439,84.798,2026-09-16T17:00,27.4,91,0.9,93.0,34.5
Debagarh,290130,21.4439,84.798,2026-09-16T18:00,26.6,96,2.7,5.0,33.5
Debagarh,290130,21.4439,84.798,2026-09-16T19:00,26.3,97,2.3,0.0,33.2
Debagarh,290130,21.4439,84.798,2026-09-16T20:00,26.1,97,0.4,0.0,33.1
Debagarh,290130,21.4439,84.798,2026-09-16T21:00,25.9,97,0.6,0.0,32.7
Debagarh,290130,21.4439,84.798,2026-09-16T22:00,25.5,99,2.3,0.0,32.0
Debagarh,290130,21.4439,84.798,2026-09-16T23:00,25.2,99,2.6,0.0,31.4
Debagarh,290130,21.4439,84.798,2026-09-17T00:00,24.9,99,2.4,0.0,31.2
Debagarh,290130,21.4439,84.798,2026-09-17T01:00,24.4,98,1.5,0.0,30.3
Debagarh,290130,21.4439,84.798,2026-09-17T02:00,24.4,99,2.7,0.0,30.2
Debagarh,290130,21.4439,84.798,2026-09-17T03:00,24.3,99,1.5,0.0,30.2
Debagarh,290130,21.4439,84.798,2026-09-17T04:00,24.4,99,0.2,0.0,30.6
Debagarh,290130,21.4439,84.798,2026-09-17T05:00,24.3,99,0.2,0.0,30.5
Debagarh,290130,21.4439,84.798,2026-09-17T06:00,24.7,98,2.3,30.0,30.7
Debagarh,290130,21.4439,84.798,2026-09-17T07:00,25.9,90,5.4,175.0,31.3
Debagarh,290130,21.4439,84.798,2026-09-17T08:00,27.5,83,6.5,295.0,32.8
Debagarh,290130,21.4439,84.798,2026-09-17T09:00,29.0,75,7.4,417.0,34.0
Debagarh,290130,21.4439,84.798,2026-09-17T10:00,30.6,68,8.5,746.0,36.7
Debagarh,290130,21.4439,84.798,2026-09-17T11:00,31.6,64,9.2,828.0,37.9
Debagarh,290130,21.4439,84.798,2026-09-17T12:00,31.0,68,9.0,778.0,37.3
Debagarh,290130,21.4439,84.798,2026-09-17T13:00,29.5,77,8.5,709.0,36.0
Debagarh,290130,21.4439,84.798,2026-09-17T14:00,28.3,86,7.6,581.0,34.6
Debagarh,290130,21.4439,84.798,2026-09-17T15:00,28.1,88,5.8,392.0,34.6
Debagarh,290130,21.4439,84.798,2026-09-17T16:00,28.3,88,3.3,245.0,35.2
Debagarh,290130,21.4439,84.798,2026-09-17T17:00,28.2,88,1.3,96.0,35.4
Debagarh,290130,21.4439,84.798,2026-09-17T18:00,27.6,90,1.3,2.0,34.7
Debagarh,290130,21.4439,84.798,2026-09-17T19:00,26.8,93,2.3,0.0,33.5
Debagarh,290130,21.4439,84.798,2026-09-17T20:00,26.1,96,2.6,0.0,32.6
Debagarh,290130,21.4439,84.798,2026-09-17T21:00,25.7,97,2.3,0.0,32.2
Debagarh,290130,21.4439,84.798,2026-09-17T22:00,25.4,99,2.7,0.0,31.8
Debagarh,290130,21.4439,84.798,2026-09-17T23:00,25.1,99,3.6,0.0,31.3
