district,population_2011_est,centroid_lat,centroid_lon,timestamp,temperature_c,relative_humidity_pct,wind_speed_ms,solar_radiation_wm2,apparent_temp_c,population_density_relative,HI_celsius,WBGT_celsius,UTCI_celsius,DistrictRiskScore,RiskTier
Ganjam,3116853,19.5608,84.5585,2026-09-13T00:00,24.4,94,1.1,0.0,29.9,0.0,24.1,23.9,,0.216,Green
Ganjam,3116853,19.5608,84.5585,2026-09-13T01:00,24.2,94,0.7,0.0,29.6,0.0,23.7,23.7,,0.202,Green
Ganjam,3116853,19.5608,84.5585,2026-09-13T02:00,24.0,94,0.9,0.0,29.4,0.0,23.2,23.5,,0.187,Green
Ganjam,3116853,19.5608,84.5585,2026-09-13T03:00,23.9,94,1.1,0.0,29.2,0.0,23.0,23.4,,0.18,Green
Ganjam,3116853,19.5608,84.5585,2026-09-13T04:00,23.7,95,1.5,0.0,28.8,0.0,22.5,23.3,,0.169,Green
Ganjam,3116853,19.5608,84.5585,2026-09-13T05:00,24.1,97,0.6,0.0,29.9,0.0,23.2,23.8,,0.202,Green
Ganjam,3116853,19.5608,84.5585,2026-09-13T06:00,24.4,99,2.7,37.0,30.1,0.0,23.7,24.4,,0.232,Green
Ganjam,3116853,19.5608,84.5585,2026-09-13T07:00,25.9,95,2.7,212.0,32.2,0.0,27.9,25.7,,0.343,Yellow
Ganjam,3116853,19.5608,84.5585,2026-09-13T08:00,27.3,88,3.1,428.0,33.6,0.0,31.6,26.6,,0.429,Yellow
Ganjam,3116853,19.5608,84.5585,2026-09-13T09:00,28.8,79,2.2,624.0,35.6,0.0,34.0,27.5,,0.501,Orange
Ganjam,3116853,19.5608,84.5585,2026-09-13T10:00,29.8,74,3.8,735.0,37.0,0.0,35.5,27.8,,0.532,Orange
Ganjam,3116853,19.5608,84.5585,2026-09-13T11:00,29.2,73,4.7,688.0,35.3,0.0,33.8,27.0,,0.475,Yellow
Ganjam,3116853,19.5608,84.5585,2026-09-13T12:00,25.4,94,7.3,532.0,30.7,0.0,26.6,25.1,,0.301,Yellow
Ganjam,3116853,19.5608,84.5585,2026-09-13T13:00,26.6,90,5.5,557.0,32.4,0.0,29.6,26.0,,0.38,Yellow
Ganjam,3116853,19.5608,84.5585,2026-09-13T14:00,28.4,80,5.6,615.0,34.5,0.0,33.1,26.8,,0.46,Yellow
Ganjam,3116853,19.5608,84.5585,2026-09-13T15:00,28.7,79,2.6,500.0,34.8,0.0,33.7,27.2,,0.484,Yellow
Ganjam,3116853,19.5608,84.5585,2026-09-13T16:00,27.3,88,6.4,275.0,33.1,0.0,31.6,26.3,,0.418,Yellow
Ganjam,3116853,19.5608,84.5585,2026-09-13T17:00,27.0,91,3.8,73.0,33.4,0.0,31.3,26.2,,0.411,Yellow
Ganjam,3116853,19.5608,84.5585,2026-09-13T18:00,26.2,96,1.3,6.0,33.1,0.0,28.9,25.9,,0.363,Yellow
Ganjam,3116853,19.5608,84.5585,2026-09-13T19:00,25.8,98,0.5,0.0,32.8,0.0,27.7,25.6,,0.339,Yellow
Ganjam,3116853,19.5608,84.5585,2026-09-13T20:00,25.6,99,2.9,0.0,32.1,0.0,27.1,25.5,,0.326,Yellow
Ganjam,3116853,19.5608,84.5585,2026-09-13T21:00,25.6,98,2.9,0.0,32.0,0.0,27.1,25.4,,0.322,Yellow
Ganjam,3116853,19.5608,84.5585,2026-09-13T22:00,25.5,98,2.8,0.0,31.9,0.0,26.8,25.3,,0.314,Yellow
Ganjam,3116853,19.5608,84.5585,2026-09-13T23:00,25.3,98,2.2,0.0,31.7,0.0,26.3,25.1,,0.298,Yellow
Ganjam,3116853,19.5608,84.5585,2026-09-14T00:00,25.2,98,1.5,0.0,31.7,0.0,26.0,25.0,,0.29,Yellow
Ganjam,3116853,19.5608,84.5585,2026-09-14T01:00,25.1,98,0.4,0.0,31.5,0.0,25.7,24.9,,0.282,Yellow
Ganjam,3116853,19.5608,84.5585,2026-09-14T02:00,25.1,98,0.7,0.0,31.5,0.0,25.7,24.9,,0.282,Yellow
Ganjam,3116853,19.5608,84.5585,2026-09-14T03:00,25.1,97,1.0,0.0,31.4,0.0,25.7,24.8,,0.278,Yellow
Ganjam,3116853,19.5608,84.5585,2026-09-14T04:00,24.8,94,2.3,0.0,30.3,0.0,25.1,24.3,,0.245,Green
Ganjam,3116853,19.5608,84.5585,2026-09-14T05:00,24.5,96,2.6,0.0,30.1,0.0,24.2,24.2,,0.229,Green
Ganjam,3116853,19.5608,84.5585,2026-09-14T06:00,25.0,97,2.9,32.0,31.0,0.0,25.4,24.8,,0.272,Yellow
Ganjam,3116853,19.5608,84.5585,2026-09-14T07:00,25.9,95,1.6,141.0,32.4,0.0,27.9,25.7,,0.343,Yellow
Ganjam,3116853,19.5608,84.5585,2026-09-14T08:00,26.5,90,1.5,185.0,32.9,0.0,29.3,25.9,,0.37,Yellow
Ganjam,3116853,19.5608,84.5585,2026-09-14T09:00,27.4,89,1.6,338.0,34.1,0.0,32.0,26.9,,0.448,Yellow
Ganjam,3116853,19.5608,84.5585,2026-09-14T10:00,28.3,88,3.1,532.0,35.3,0.0,34.5,27.7,,0.514,Orange
Ganjam,3116853,19.5608,84.5585,2026-09-14T11:00,29.0,89,4.3,768.0,37.8,0.0,37.0,28.5,,0.583,Orange
Ganjam,3116853,19.5608,84.5585,2026-09-14T12:00,29.0,90,3.3,681.0,37.5,0.0,37.2,28.7,,0.593,Orange
Ganjam,3116853,19.5608,84.5585,2026-09-14T13:00,27.1,91,8.4,684.0,33.7,0.0,31.5,26.6,,0.428,Yellow
Ganjam,3116853,19.5608,84.5585,2026-09-14T14:00,27.3,90,0.6,390.0,34.2,0.0,31.9,27.3,,0.466,Yellow
Ganjam,3116853,19.5608,84.5585,2026-09-14T15:00,27.7,90,4.2,407.0,34.5,0.0,33.1,27.1,,0.471,Yellow
Ganjam,3116853,19.5608,84.5585,2026-09-14T16:00,27.7,91,1.9,303.0,34.9,0.0,33.3,27.3,,0.482,Yellow
Ganjam,3116853,19.5608,84.5585,2026-09-14T17:00,26.7,93,2.8,99.0,33.3,0.0,30.8,26.2,,0.402,Yellow
Ganjam,3116853,19.5608,84.5585,2026-09-14T18:00,26.1,97,2.7,5.0,32.8,0.0,28.6,25.9,,0.359,Yellow
Ganjam,3116853,19.5608,84.5585,2026-09-14T19:00,25.8,97,1.4,0.0,32.5,0.0,27.7,25.5,,0.334,Yellow
Ganjam,3116853,19.5608,84.5585,2026-09-14T20:00,25.6,97,1.2,0.0,32.2,0.0,27.1,25.3,,0.318,Yellow
Ganjam,3116853,19.5608,84.5585,2026-09-14T21:00,25.4,98,0.5,0.0,32.0,0.0,26.5,25.2,,0.306,Yellow
Ganjam,3116853,19.5608,84.5585,2026-09-14T22:00,25.0,99,1.6,0.0,31.3,0.0,25.4,24.9,,0.277,Yellow
Ganjam,3116853,19.5608,84.5585,2026-09-14T23:00,24.8,98,1.7,0.0,31.0,0.0,24.9,24.6,,0.258,Yellow
Ganjam,3116853,19.5608,84.5585,2026-09-15T00:00,24.6,98,1.6,0.0,30.6,0.0,24.3,24.4,,0.243,Green
Ganjam,3116853,19.5608,84.5585,2026-09-15T01:00,24.4,99,1.1,0.0,30.3,0.0,23.7,24.3,,0.23,Green
Ganjam,3116853,19.5608,84.5585,2026-09-15T02:00,24.1,99,1.3,0.0,29.9,0.0,23.0,24.0,,0.207,Green
Ganjam,3116853,19.5608,84.5585,2026-09-15T03:00,23.9,100,1.3,0.0,29.7,0.0,22.3,23.9,,0.194,Green
Ganjam,3116853,19.5608,84.5585,2026-09-15T04:00,23.9,100,2.8,0.0,29.5,0.0,22.3,23.9,,0.194,Green
Ganjam,3116853,19.5608,84.5585,2026-09-15T05:00,23.9,100,3.0,0.0,29.5,0.0,22.3,23.9,,0.194,Green
Ganjam,3116853,19.5608,84.5585,2026-09-15T06:00,24.4,98,3.9,33.0,30.0,0.0,23.8,24.3,,0.229,Green
Ganjam,3116853,19.5608,84.5585,2026-09-15T07:00,25.9,94,2.6,201.0,32.1,0.0,27.9,25.6,,0.339,Yellow
Ganjam,3116853,19.5608,84.5585,2026-09-15T08:00,27.5,88,2.2,425.0,34.0,0.0,32.1,26.9,,0.45,Yellow
Ganjam,3116853,19.5608,84.5585,2026-09-15T09:00,28.9,81,2.7,637.0,36.0,0.0,34.7,27.7,,0.519,Orange
Ganjam,3116853,19.5608,84.5585,2026-09-15T10:00,30.0,77,3.5,785.0,38.0,0.0,36.8,28.4,,0.575,Orange
Ganjam,3116853,19.5608,84.5585,2026-09-15T11:00,30.9,72,3.4,867.0,39.3,0.0,37.9,28.8,,0.607,Orange
Ganjam,3116853,19.5608,84.5585,2026-09-15T12:00,31.1,71,6.0,867.0,39.0,0.0,38.2,28.6,,0.602,Orange
Ganjam,3116853,19.5608,84.5585,2026-09-15T13:00,30.9,72,2.9,837.0,39.3,0.0,37.9,28.9,,0.61,Orange
Ganjam,3116853,19.5608,84.5585,2026-09-15T14:00,28.1,85,9.2,587.0,33.9,0.0,33.2,26.9,,0.464,Yellow
Ganjam,3116853,19.5608,84.5585,2026-09-15T15:00,27.2,89,2.5,350.0,33.6,0.0,31.5,26.6,,0.428,Yellow
Ganjam,3116853,19.5608,84.5585,2026-09-15T16:00,27.3,88,1.1,288.0,33.9,0.0,31.6,26.7,,0.435,Yellow
Ganjam,3116853,19.5608,84.5585,2026-09-15T17:00,26.9,93,1.7,105.0,33.8,0.0,31.3,26.4,,0.42,Yellow
Ganjam,3116853,19.5608,84.5585,2026-09-15T18:00,26.2,98,0.6,6.0,33.3,0.0,29.0,26.1,,0.373,Yellow
Ganjam,3116853,19.5608,84.5585,2026-09-15T19:00,26.0,98,1.3,0.0,33.0,0.0,28.3,25.8,,0.355,Yellow
Ganjam,3116853,19.5608,84.5585,2026-09-15T20:00,25.9,97,1.1,0.0,32.8,0.0,28.0,25.6,,0.343,Yellow
Ganjam,3116853,19.5608,84.5585,2026-09-15T21:00,25.7,98,1.8,0.0,32.3,0.0,27.4,25.5,,0.33,Yellow
Ganjam,3116853,19.5608,84.5585,2026-09-15T22:00,25.5,97,1.2,0.0,32.0,0.0,26.8,25.2,,0.31,Yellow
Ganjam,3116853,19.5608,84.5585,2026-09-15T23:00,25.2,98,1.0,0.0,31.7,0.0,26.0,25.0,,0.29,Yellow
Ganjam,3116853,19.5608,84.5585,2026-09-16T00:00,24.9,98,1.3,0.0,31.2,0.0,25.1,24.7,,0.266,Yellow
Ganjam,3116853,19.5608,84.5585,2026-09-16T01:00,24.7,98,1.7,0.0,30.7,0.0,24.6,24.5,,0.251,Yellow
Ganjam,3116853,19.5608,84.5585,2026-09-16T02:00,24.4,98,1.7,0.0,30.3,0.0,23.8,24.2,,0.227,Green
Ganjam,3116853,19.5608,84.5585,2026-09-16T03:00,24.2,99,1.7,0.0,30.0,0.0,23.2,24.1,,0.215,Green
Ganjam,3116853,19.5608,84.5585,2026-09-16T04:00,24.0,99,0.9,0.0,29.9,0.0,22.7,23.9,,0.2,Green
Ganjam,3116853,19.5608,84.5585,2026-09-16T05:00,23.9,99,1.9,0.0,29.6,0.0,22.5,23.8,,0.192,Green
Ganjam,3116853,19.5608,84.5585,2026-09-16T06:00,24.6,99,2.3,34.0,30.6,0.0,24.3,24.6,,0.248,Green
Ganjam,3116853,19.5608,84.5585,2026-09-16T07:00,26.8,93,2.2,205.0,33.5,0.0,31.0,26.4,,0.416,Yellow
Ganjam,3116853,19.5608,84.5585,2026-09-16T08:00,28.1,88,2.8,411.0,34.9,0.0,33.9,27.4,,0.494,Yellow
Ganjam,3116853,19.5608,84.5585,2026-09-16T09:00,29.4,83,1.8,615.0,37.1,0.0,36.6,28.6,,0.582,Orange
Ganjam,3116853,19.5608,84.5585,2026-09-16T10:00,30.5,79,2.3,768.0,39.3,0.0,38.9,29.3,,0.642,Orange
Ganjam,3116853,19.5608,84.5585,2026-09-16T11:00,30.9,76,4.4,817.0,39.5,0.0,39.2,29.0,,0.635,Orange
Ganjam,3116853,19.5608,84.5585,2026-09-16T12:00,31.2,75,6.1,773.0,39.3,0.0,39.8,29.0,,0.643,Orange
Ganjam,3116853,19.5608,84.5585,2026-09-16T13:00,26.9,88,11.4,651.0,32.4,0.0,30.5,26.0,,0.39,Yellow
Ganjam,3116853,19.5608,84.5585,2026-09-16T14:00,25.8,96,5.2,306.0,31.7,0.0,27.7,25.7,,0.338,Yellow
Ganjam,3116853,19.5608,84.5585,2026-09-16T15:00,26.6,95,3.7,337.0,33.2,0.0,30.0,26.4,,0.403,Yellow
Ganjam,3116853,19.5608,84.5585,2026-09-16T16:00,27.3,92,1.8,256.0,34.3,0.0,32.3,26.9,,0.454,Yellow
Ganjam,3116853,19.5608,84.5585,2026-09-16T17:00,27.0,94,1.4,92.0,34.1,0.0,31.8,26.6,,0.434,Yellow
Ganjam,3116853,19.5608,84.5585,2026-09-16T18:00,26.3,98,1.7,5.0,33.4,0.0,29.3,26.2,,0.381,Yellow
Ganjam,3116853,19.5608,84.5585,2026-09-16T19:00,26.2,97,0.2,0.0,33.4,0.0,28.9,25.9,,0.367,Yellow
Ganjam,3116853,19.5608,84.5585,2026-09-16T20:00,26.1,98,1.8,0.0,33.0,0.0,28.7,25.9,,0.364,Yellow
Ganjam,3116853,19.5608,84.5585,2026-09-16T21:00,25.8,98,1.8,0.0,32.5,0.0,27.7,25.6,,0.339,Yellow
Ganjam,3116853,19.5608,84.5585,2026-09-16T22:00,25.5,99,2.4,0.0,32.0,0.0,26.8,25.4,,0.318,Yellow
Ganjam,3116853,19.5608,84.5585,2026-09-16T23:00,25.2,99,2.1,0.0,31.6,0.0,25.9,25.1,,0.294,Yellow
Ganjam,3116853,19.5608,84.5585,2026-09-17T00:00,25.0,99,1.5,0.0,31.4,0.0,25.4,24.9,,0.277,Yellow
Ganjam,3116853,19.5608,84.5585,2026-09-17T01:00,24.8,99,1.4,0.0,31.1,0.0,24.8,24.7,,0.262,Yellow
Ganjam,3116853,19.5608,84.5585,2026-09-17T02:00,24.7,99,2.3,0.0,30.7,0.0,24.5,24.6,,0.254,Yellow
Ganjam,3116853,19.5608,84.5585,2026-09-17T03:00,24.5,99,3.8,0.0,30.3,0.0,24.0,24.4,,0.238,Green
Ganjam,3116853,19.5608,84.5585,2026-09-17T04:00,24.3,100,1.6,0.0,30.2,0.0,23.4,24.3,,0.225,Green
Ganjam,3116853,19.5608,84.5585,2026-09-17T05:00,24.2,100,3.3,0.0,29.8,0.0,23.1,24.2,,0.217,Green
Ganjam,3116853,19.5608,84.5585,2026-09-17T06:00,24.8,99,5.3,30.0,30.5,0.0,24.8,24.8,,0.262,Yellow
Ganjam,3116853,19.5608,84.5585,2026-09-17T07:00,26.7,94,2.7,172.0,33.5,0.0,30.9,26.3,,0.411,Yellow
Ganjam,3116853,19.5608,84.5585,2026-09-17T08:00,28.6,87,0.6,406.0,36.0,0.0,35.1,28.4,,0.552,Orange
Ganjam,3116853,19.5608,84.5585,2026-09-17T09:00,30.1,80,1.4,615.0,37.9,0.0,38.0,29.1,,0.621,Orange
Ganjam,3116853,19.5608,84.5585,2026-09-17T10:00,31.1,74,1.5,782.0,39.7,0.0,39.1,29.7,,0.66,Orange
Ganjam,3116853,19.5608,84.5585,2026-09-17T11:00,31.7,74,3.0,837.0,40.7,0.0,41.0,29.8,,0.691,Orange
Ganjam,3116853,19.5608,84.5585,2026-09-17T12:00,32.0,72,2.9,845.0,41.1,0.0,41.2,29.9,,0.698,Orange
Ganjam,3116853,19.5608,84.5585,2026-09-17T13:00,32.0,72,4.9,774.0,40.3,0.0,41.2,29.6,,0.684,Orange
Ganjam,3116853,19.5608,84.5585,2026-09-17T14:00,31.6,73,6.3,643.0,38.8,0.0,40.3,29.1,,0.654,Orange
Ganjam,3116853,19.5608,84.5585,2026-09-17T15:00,30.5,78,4.9,452.0,37.3,0.0,38.6,28.6,,0.608,Orange
Ganjam,3116853,19.5608,84.5585,2026-09-17T16:00,29.0,85,4.1,286.0,35.9,0.0,35.9,27.8,,0.537,Orange
Ganjam,3116853,19.5608,84.5585,2026-09-17T17:00,27.7,92,5.6,114.0,34.5,0.0,33.5,27.0,,0.475,Yellow
Ganjam,3116853,19.5608,84.5585,2026-09-17T18:00,27.0,95,6.2,3.0,33.6,0.0,32.0,26.6,,0.434,Yellow
Ganjam,3116853,19.5608,84.5585,2026-09-17T19:00,26.5,97,6.0,0.0,33.0,0.0,29.9,26.2,,0.393,Yellow
Ganjam,3116853,19.5608,84.5585,2026-09-17T20:00,26.2,98,5.3,0.0,32.6,0.0,29.0,26.0,,0.372,Yellow
Ganjam,3116853,19.5608,84.5585,2026-09-17T21:00,25.9,99,4.5,0.0,32.5,0.0,28.1,25.8,,0.351,Yellow
Ganjam,3116853,19.5608,84.5585,2026-09-17T22:00,25.8,99,3.6,0.0,32.4,0.0,27.7,25.7,,0.343,Yellow
Ganjam,3116853,19.5608,84.5585,2026-09-17T23:00,25.6,100,3.1,0.0,32.3,0.0,27.1,25.6,,0.33,Yellow
Cuttack,2547409,20.42,85.7386,2026-09-13T00:00,26.2,88,8.2,0.0,31.2,0.0,28.5,25.1,,0.325,Yellow
Cuttack,2547409,20.42,85.7386,2026-09-13T01:00,25.8,90,6.2,0.0,31.0,0.0,27.5,24.9,,0.304,Yellow
Cuttack,2547409,20.42,85.7386,2026-09-13T02:00,25.6,91,5.9,0.0,30.8,0.0,27.1,24.8,,0.294,Yellow
Cuttack,2547409,20.42,85.7386,2026-09-13T03:00,25.5,92,4.8,0.0,30.9,0.0,26.8,24.8,,0.29,Yellow
Cuttack,2547409,20.42,85.7386,2026-09-13T04:00,25.4,93,4.7,0.0,30.8,0.0,26.6,24.8,,0.287,Yellow
Cuttack,2547409,20.42,85.7386,2026-09-13T05:00,25.8,93,4.8,0.0,31.5,0.0,27.6,25.2,,0.317,Yellow
Cuttack,2547409,20.42,85.7386,2026-09-13T06:00,26.5,91,6.5,40.0,32.1,0.0,29.4,25.7,,0.363,Yellow
Cuttack,2547409,20.42,85.7386,2026-09-13T07:00,27.6,86,4.9,212.0,33.5,0.0,32.0,26.4,,0.428,Yellow
Cuttack,2547409,20.42,85.7386,2026-09-13T08:00,29.0,80,6.5,427.0,35.0,0.0,34.7,27.2,,0.5,Orange
Cuttack,2547409,20.42,85.7386,2026-09-13T09:00,30.0,76,7.6,600.0,36.2,0.0,36.6,27.8,,0.55,Orange
Cuttack,2547409,20.42,85.7386,2026-09-13T10:00,30.5,75,8.7,675.0,37.0,0.0,37.7,28.2,,0.581,Orange
Cuttack,2547409,20.42,85.7386,2026-09-13T11:00,29.8,75,10.9,318.0,34.8,0.0,35.8,27.4,,0.519,Orange
Cuttack,2547409,20.42,85.7386,2026-09-13T12:00,27.5,88,11.7,618.0,33.1,0.0,32.1,26.6,,0.436,Yellow
Cuttack,2547409,20.42,85.7386,2026-09-13T13:00,29.1,81,7.4,768.0,36.4,0.0,35.2,27.6,,0.521,Orange
Cuttack,2547409,20.42,85.7386,2026-09-13T14:00,29.6,77,8.4,629.0,35.6,0.0,35.7,27.6,,0.526,Orange
Cuttack,2547409,20.42,85.7386,2026-09-13T15:00,30.0,73,7.2,492.0,35.4,0.0,35.8,27.5,,0.524,Orange
Cuttack,2547409,20.42,85.7386,2026-09-13T16:00,29.0,76,8.6,276.0,34.1,0.0,33.9,26.7,,0.467,Yellow
Cuttack,2547409,20.42,85.7386,2026-09-13T17:00,26.7,93,11.7,58.0,32.0,0.0,30.8,26.1,,0.398,Yellow
Cuttack,2547409,20.42,85.7386,2026-09-13T18:00,26.0,95,5.6,2.0,32.0,0.0,28.2,25.6,,0.342,Yellow
Cuttack,2547409,20.42,85.7386,2026-09-13T19:00,25.8,97,4.5,0.0,32.0,0.0,27.7,25.5,,0.334,Yellow
Cuttack,2547409,20.42,85.7386,2026-09-13T20:00,25.9,97,2.8,0.0,32.4,0.0,28.0,25.6,,0.343,Yellow
Cuttack,2547409,20.42,85.7386,2026-09-13T21:00,26.1,94,2.2,0.0,32.5,0.0,28.5,25.6,,0.345,Yellow
Cuttack,2547409,20.42,85.7386,2026-09-13T22:00,26.2,93,1.1,0.0,32.7,0.0,28.7,25.6,,0.349,Yellow
Cuttack,2547409,20.42,85.7386,2026-09-13T23:00,26.2,93,1.7,0.0,32.7,0.0,28.7,25.6,,0.349,Yellow
Cuttack,2547409,20.42,85.7386,2026-09-14T00:00,26.4,90,0.4,0.0,32.8,0.0,29.1,25.5,,0.35,Yellow
Cuttack,2547409,20.42,85.7386,2026-09-14T01:00,26.3,91,0.3,0.0,32.7,0.0,28.9,25.5,,0.347,Yellow
Cuttack,2547409,20.42,85.7386,2026-09-14T02:00,26.1,93,1.0,0.0,32.7,0.0,28.4,25.5,,0.341,Yellow
Cuttack,2547409,20.42,85.7386,2026-09-14T03:00,26.1,94,1.3,0.0,32.7,0.0,28.5,25.6,,0.345,Yellow
Cuttack,2547409,20.42,85.7386,2026-09-14T04:00,25.8,95,2.6,0.0,32.2,0.0,27.7,25.4,,0.326,Yellow
Cuttack,2547409,20.42,85.7386,2026-09-14T05:00,25.7,96,2.7,0.0,32.0,0.0,27.4,25.4,,0.322,Yellow
Cuttack,2547409,20.42,85.7386,2026-09-14T06:00,25.8,96,4.6,22.0,31.9,0.0,27.7,25.5,,0.331,Yellow
Cuttack,2547409,20.42,85.7386,2026-09-14T07:00,26.7,92,3.9,189.0,33.0,0.0,30.6,26.1,,0.397,Yellow
Cuttack,2547409,20.42,85.7386,2026-09-14T08:00,27.9,88,4.1,404.0,34.4,0.0,33.3,27.1,,0.473,Yellow
Cuttack,2547409,20.42,85.7386,2026-09-14T09:00,29.1,83,4.3,579.0,36.0,0.0,35.7,27.9,,0.539,Orange
Cuttack,2547409,20.42,85.7386,2026-09-14T10:00,30.1,77,3.5,746.0,38.0,0.0,37.1,28.4,,0.582,Orange
Cuttack,2547409,20.42,85.7386,2026-09-14T11:00,30.4,76,2.3,748.0,38.5,0.0,37.7,28.9,,0.607,Orange
Cuttack,2547409,20.42,85.7386,2026-09-14T12:00,30.4,76,3.1,565.0,37.2,0.0,37.7,28.5,,0.593,Orange
Cuttack,2547409,20.42,85.7386,2026-09-14T13:00,28.5,84,5.5,455.0,34.7,0.0,34.1,27.2,,0.491,Yellow
Cuttack,2547409,20.42,85.7386,2026-09-14T14:00,27.4,92,10.9,497.0,33.1,0.0,32.6,26.8,,0.454,Yellow
Cuttack,2547409,20.42,85.7386,2026-09-14T15:00,27.6,91,4.7,371.0,34.2,0.0,33.0,27.0,,0.467,Yellow
Cuttack,2547409,20.42,85.7386,2026-09-14T16:00,26.8,92,4.4,207.0,33.1,0.0,30.9,26.2,,0.405,Yellow
Cuttack,2547409,20.42,85.7386,2026-09-14T17:00,26.8,92,1.2,79.0,33.6,0.0,30.9,26.2,,0.405,Yellow
Cuttack,2547409,20.42,85.7386,2026-09-14T18:00,26.5,95,0.4,3.0,33.6,0.0,29.7,26.1,,0.383,Yellow
Cuttack,2547409,20.42,85.7386,2026-09-14T19:00,26.6,93,0.5,0.0,33.5,0.0,29.9,26.0,,0.381,Yellow
Cuttack,2547409,20.42,85.7386,2026-09-14T20:00,26.4,94,2.8,0.0,33.0,0.0,29.3,25.9,,0.369,Yellow
Cuttack,2547409,20.42,85.7386,2026-09-14T21:00,26.2,95,4.2,0.0,32.5,0.0,28.8,25.8,,0.358,Yellow
Cuttack,2547409,20.42,85.7386,2026-09-14T22:00,25.9,97,4.4,0.0,32.3,0.0,28.0,25.6,,0.343,Yellow
Cuttack,2547409,20.42,85.7386,2026-09-14T23:00,25.7,98,5.0,0.0,31.9,0.0,27.4,25.5,,0.33,Yellow
Cuttack,2547409,20.42,85.7386,2026-09-15T00:00,25.6,98,4.6,0.0,31.9,0.0,27.1,25.4,,0.322,Yellow
Cuttack,2547409,20.42,85.7386,2026-09-15T01:00,25.6,98,4.5,0.0,31.9,0.0,27.1,25.4,,0.322,Yellow
Cuttack,2547409,20.42,85.7386,2026-09-15T02:00,25.5,99,5.5,0.0,31.5,0.0,26.8,25.4,,0.318,Yellow
Cuttack,2547409,20.42,85.7386,2026-09-15T03:00,25.4,99,5.2,0.0,31.5,0.0,26.5,25.3,,0.31,Yellow
Cuttack,2547409,20.42,85.7386,2026-09-15T04:00,25.3,99,3.5,0.0,31.6,0.0,26.2,25.2,,0.302,Yellow
Cuttack,2547409,20.42,85.7386,2026-09-15T05:00,25.2,99,3.6,0.0,31.4,0.0,25.9,25.1,,0.294,Yellow
Cuttack,2547409,20.42,85.7386,2026-09-15T06:00,25.8,97,5.7,42.0,31.8,0.0,27.7,25.6,,0.335,Yellow
Cuttack,2547409,20.42,85.7386,2026-09-15T07:00,26.9,91,6.0,212.0,32.9,0.0,31.0,26.2,,0.405,Yellow
Cuttack,2547409,20.42,85.7386,2026-09-15T08:00,27.9,86,6.0,335.0,34.0,0.0,32.8,26.7,,0.454,Yellow
Cuttack,2547409,20.42,85.7386,2026-09-15T09:00,29.3,78,6.3,570.0,35.2,0.0,35.1,27.4,,0.512,Orange
Cuttack,2547409,20.42,85.7386,2026-09-15T10:00,30.4,74,6.2,754.0,37.6,0.0,37.1,28.2,,0.57,Orange
Cuttack,2547409,20.42,85.7386,2026-09-15T11:00,31.2,73,5.4,834.0,39.3,0.0,39.1,28.9,,0.629,Orange
Cuttack,2547409,20.42,85.7386,2026-09-15T12:00,31.5,71,5.9,843.0,39.7,0.0,39.3,28.9,,0.633,Orange
Cuttack,2547409,20.42,85.7386,2026-09-15T13:00,31.5,72,3.8,760.0,39.5,0.0,39.6,29.2,,0.648,Orange
Cuttack,2547409,20.42,85.7386,2026-09-15T14:00,31.7,72,3.7,662.0,39.3,0.0,40.2,29.3,,0.661,Orange
Cuttack,2547409,20.42,85.7386,2026-09-15T15:00,28.1,88,12.0,399.0,33.6,0.0,33.9,27.1,,0.481,Yellow
Cuttack,2547409,20.42,85.7386,2026-09-15T16:00,27.8,91,8.0,275.0,34.1,0.0,33.6,27.1,,0.478,Yellow
Cuttack,2547409,20.42,85.7386,2026-09-15T17:00,26.6,92,5.8,98.0,32.5,0.0,29.8,25.9,,0.378,Yellow
Cuttack,2547409,20.42,85.7386,2026-09-15T18:00,24.8,99,4.8,3.0,30.6,0.0,24.8,24.7,,0.262,Yellow
Cuttack,2547409,20.42,85.7386,2026-09-15T19:00,25.4,97,7.9,0.0,30.8,0.0,26.5,25.1,,0.302,Yellow
Cuttack,2547409,20.42,85.7386,2026-09-15T20:00,25.6,96,6.0,0.0,31.4,0.0,27.1,25.3,,0.314,Yellow
Cuttack,2547409,20.42,85.7386,2026-09-15T21:00,25.7,96,5.6,0.0,31.6,0.0,27.4,25.4,,0.322,Yellow
Cuttack,2547409,20.42,85.7386,2026-09-15T22:00,25.7,96,6.0,0.0,31.5,0.0,27.4,25.4,,0.322,Yellow
Cuttack,2547409,20.42,85.7386,2026-09-15T23:00,25.6,97,5.3,0.0,31.6,0.0,27.1,25.3,,0.318,Yellow
Cuttack,2547409,20.42,85.7386,2026-09-16T00:00,25.6,97,5.3,0.0,31.7,0.0,27.1,25.3,,0.318,Yellow
Cuttack,2547409,20.42,85.7386,2026-09-16T01:00,25.7,98,5.1,0.0,31.8,0.0,27.4,25.5,,0.33,Yellow
Cuttack,2547409,20.42,85.7386,2026-09-16T02:00,25.7,98,5.9,0.0,31.8,0.0,27.4,25.5,,0.33,Yellow
Cuttack,2547409,20.42,85.7386,2026-09-16T03:00,25.6,98,6.6,0.0,31.5,0.0,27.1,25.4,,0.322,Yellow
Cuttack,2547409,20.42,85.7386,2026-09-16T04:00,25.5,98,6.0,0.0,31.5,0.0,26.8,25.3,,0.314,Yellow
Cuttack,2547409,20.42,85.7386,2026-09-16T05:00,25.5,98,6.0,0.0,31.5,0.0,26.8,25.3,,0.314,Yellow
Cuttack,2547409,20.42,85.7386,2026-09-16T06:00,26.1,96,8.2,41.0,31.8,0.0,28.6,25.8,,0.355,Yellow
Cuttack,2547409,20.42,85.7386,2026-09-16T07:00,27.0,94,4.9,201.0,33.6,0.0,31.8,26.6,,0.433,Yellow
Cuttack,2547409,20.42,85.7386,2026-09-16T08:00,28.4,87,6.2,420.0,34.9,0.0,34.5,27.4,,0.503,Orange
Cuttack,2547409,20.42,85.7386,2026-09-16T09:00,29.8,79,6.4,612.0,36.6,0.0,36.8,28.0,,0.56,Orange
Cuttack,2547409,20.42,85.7386,2026-09-16T10:00,31.1,74,6.3,749.0,38.6,0.0,39.1,28.8,,0.625,Orange
Cuttack,2547409,20.42,85.7386,2026-09-16T11:00,31.7,72,4.7,847.0,40.3,0.0,40.2,29.4,,0.662,Orange
Cuttack,2547409,20.42,85.7386,2026-09-16T12:00,32.1,71,4.0,852.0,40.9,0.0,41.1,29.7,,0.688,Orange
Cuttack,2547409,20.42,85.7386,2026-09-16T13:00,32.2,71,3.5,744.0,40.4,0.0,41.4,29.8,,0.696,Orange
Cuttack,2547409,20.42,85.7386,2026-09-16T14:00,27.9,92,14.2,508.0,33.6,0.0,34.1,27.3,,0.494,Yellow
Cuttack,2547409,20.42,85.7386,2026-09-16T15:00,27.9,92,4.5,327.0,35.0,0.0,34.1,27.4,,0.498,Yellow
Cuttack,2547409,20.42,85.7386,2026-09-16T16:00,28.7,87,9.2,261.0,34.9,0.0,35.5,27.5,,0.522,Orange
Cuttack,2547409,20.42,85.7386,2026-09-16T17:00,28.0,90,8.1,93.0,34.3,0.0,34.0,27.1,,0.484,Yellow
Cuttack,2547409,20.42,85.7386,2026-09-16T18:00,27.2,94,4.8,3.0,34.0,0.0,32.4,26.7,,0.444,Yellow
Cuttack,2547409,20.42,85.7386,2026-09-16T19:00,27.1,93,4.9,0.0,33.7,0.0,31.9,26.5,,0.429,Yellow
Cuttack,2547409,20.42,85.7386,2026-09-16T20:00,26.9,94,4.5,0.0,33.5,0.0,31.5,26.4,,0.42,Yellow
Cuttack,2547409,20.42,85.7386,2026-09-16T21:00,26.6,95,6.0,0.0,33.0,0.0,30.0,26.2,,0.391,Yellow
Cuttack,2547409,20.42,85.7386,2026-09-16T22:00,26.4,95,7.3,0.0,32.4,0.0,29.4,26.0,,0.374,Yellow
Cuttack,2547409,20.42,85.7386,2026-09-16T23:00,26.2,95,7.5,0.0,32.1,0.0,28.8,25.8,,0.358,Yellow
Cuttack,2547409,20.42,85.7386,2026-09-17T00:00,26.1,95,7.9,0.0,31.9,0.0,28.5,25.7,,0.35,Yellow
Cuttack,2547409,20.42,85.7386,2026-09-17T01:00,26.0,96,8.7,0.0,31.7,0.0,28.3,25.7,,0.346,Yellow
Cuttack,2547409,20.42,85.7386,2026-09-17T02:00,25.9,97,8.3,0.0,31.6,0.0,28.0,25.6,,0.343,Yellow
Cuttack,2547409,20.42,85.7386,2026-09-17T03:00,25.8,97,7.0,0.0,31.6,0.0,27.7,25.5,,0.334,Yellow
Cuttack,2547409,20.42,85.7386,2026-09-17T04:00,25.6,97,4.7,0.0,31.7,0.0,27.1,25.3,,0.318,Yellow
Cuttack,2547409,20.42,85.7386,2026-09-17T05:00,25.6,97,4.4,0.0,31.7,0.0,27.1,25.3,,0.318,Yellow
Cuttack,2547409,20.42,85.7386,2026-09-17T06:00,26.3,95,7.9,41.0,32.1,0.0,29.1,25.9,,0.367,Yellow
Cuttack,2547409,20.42,85.7386,2026-09-17T07:00,27.5,89,7.5,208.0,33.5,0.0,32.3,26.6,,0.439,Yellow
Cuttack,2547409,20.42,85.7386,2026-09-17T08:00,28.7,84,7.4,403.0,34.8,0.0,34.7,27.3,,0.504,Orange
Cuttack,2547409,20.42,85.7386,2026-09-17T09:00,30.0,79,8.9,596.0,36.3,0.0,37.4,28.1,,0.573,Orange
Cuttack,2547409,20.42,85.7386,2026-09-17T10:00,31.1,75,11.3,749.0,38.0,0.0,39.5,28.8,,0.627,Orange
Cuttack,2547409,20.42,85.7386,2026-09-17T11:00,31.7,73,9.6,804.0,39.3,0.0,40.6,29.2,,0.66,Orange
Cuttack,2547409,20.42,85.7386,2026-09-17T12:00,32.2,72,8.5,865.0,40.5,0.0,41.8,29.6,,0.693,Orange
Cuttack,2547409,20.42,85.7386,2026-09-17T13:00,32.3,73,6.9,779.0,40.6,0.0,42.5,29.8,,0.713,Orange
Cuttack,2547409,20.42,85.7386,2026-09-17T14:00,31.7,76,6.1,622.0,39.3,0.0,41.7,29.6,,0.691,Orange
Cuttack,2547409,20.42,85.7386,2026-09-17T15:00,30.1,82,7.8,390.0,36.7,0.0,38.6,28.5,,0.603,Orange
Cuttack,2547409,20.42,85.7386,2026-09-17T16:00,27.8,90,10.6,235.0,33.7,0.0,33.4,26.9,,0.469,Yellow
Cuttack,2547409,20.42,85.7386,2026-09-17T17:00,26.1,97,11.4,85.0,31.6,0.0,28.6,25.9,,0.36,Yellow
Cuttack,2547409,20.42,85.7386,2026-09-17T18:00,25.7,99,7.9,1.0,31.6,0.0,27.4,25.6,,0.335,Yellow
Cuttack,2547409,20.42,85.7386,2026-09-17T19:00,25.8,99,2.3,0.0,32.5,0.0,27.7,25.7,,0.343,Yellow
Cuttack,2547409,20.42,85.7386,2026-09-17T20:00,25.9,98,3.2,0.0,32.4,0.0,28.0,25.7,,0.347,Yellow
Cuttack,2547409,20.42,85.7386,2026-09-17T21:00,25.7,99,6.1,0.0,31.8,0.0,27.4,25.6,,0.335,Yellow
Cuttack,2547409,20.42,85.7386,2026-09-17T22:00,25.5,99,8.5,0.0,31.1,0.0,26.8,25.4,,0.318,Yellow
Cuttack,2547409,20.42,85.7386,2026-09-17T23:00,25.3,99,8.9,0.0,30.8,0.0,26.2,25.2,,0.302,Yellow
Mayurbhanj,2443716,21.8439,86.4234,2026-09-13T00:00,20.7,100,12.1,0.0,23.2,0.0,16.0,20.7,,0.029,Green
Mayurbhanj,2443716,21.8439,86.4234,2026-09-13T01:00,20.4,100,12.4,0.0,22.6,0.0,15.6,20.4,,0.017,Green
Mayurbhanj,2443716,21.8439,86.4234,2026-09-13T02:00,20.4,99,11.7,0.0,22.6,0.0,16.0,20.3,,0.013,Green
Mayurbhanj,2443716,21.8439,86.4234,2026-09-13T03:00,20.3,99,11.9,0.0,22.5,0.0,15.8,20.2,,0.009,Green
Mayurbhanj,2443716,21.8439,86.4234,2026-09-13T04:00,20.2,99,10.7,0.0,22.5,0.0,15.7,20.1,,0.005,Green
Mayurbhanj,2443716,21.8439,86.4234,2026-09-13T05:00,20.6,98,10.5,0.0,23.1,0.0,16.5,20.4,,0.018,Green
Mayurbhanj,2443716,21.8439,86.4234,2026-09-13T06:00,21.4,97,9.6,55.0,24.2,0.0,17.9,21.2,,0.048,Green
Mayurbhanj,2443716,21.8439,86.4234,2026-09-13T07:00,22.7,91,8.3,247.0,25.9,0.0,21.2,22.0,,0.1,Green
Mayurbhanj,2443716,21.8439,86.4234,2026-09-13T08:00,23.9,81,9.3,467.0,26.6,0.0,24.2,22.3,,0.153,Green
Mayurbhanj,2443716,21.8439,86.4234,2026-09-13T09:00,24.6,74,11.5,633.0,27.1,0.0,25.4,22.4,,0.172,Green
Mayurbhanj,2443716,21.8439,86.4234,2026-09-13T10:00,23.9,86,10.4,601.0,27.2,0.0,23.8,22.8,,0.168,Green
Mayurbhanj,2443716,21.8439,86.4234,2026-09-13T11:00,25.7,68,11.4,524.0,27.6,0.0,26.8,22.8,,0.208,Green
Mayurbhanj,2443716,21.8439,86.4234,2026-09-13T12:00,24.3,79,8.7,790.0,28.5,0.0,24.8,22.7,,0.177,Green
Mayurbhanj,2443716,21.8439,86.4234,2026-09-13T13:00,23.4,91,6.5,596.0,27.5,0.0,22.4,22.9,,0.153,Green
Mayurbhanj,2443716,21.8439,86.4234,2026-09-13T14:00,24.2,91,5.1,512.0,28.6,0.0,23.9,23.7,,0.207,Green
Mayurbhanj,2443716,21.8439,86.4234,2026-09-13T15:00,23.4,87,8.3,357.0,26.6,0.0,22.9,22.4,,0.137,Green
Mayurbhanj,2443716,21.8439,86.4234,2026-09-13T16:00,22.5,93,8.7,240.0,25.7,0.0,20.5,22.0,,0.09,Green
Mayurbhanj,2443716,21.8439,86.4234,2026-09-13T17:00,21.9,99,8.7,75.0,25.4,0.0,18.2,21.9,,0.077,Green
Mayurbhanj,2443716,21.8439,86.4234,2026-09-13T18:00,21.5,99,7.6,3.0,24.9,0.0,17.6,21.4,,0.059,Green
Mayurbhanj,2443716,21.8439,86.4234,2026-09-13T19:00,21.3,99,4.9,0.0,25.0,0.0,17.2,21.2,,0.051,Green
Mayurbhanj,2443716,21.8439,86.4234,2026-09-13T20:00,21.1,99,3.9,0.0,24.9,0.0,16.9,21.0,,0.042,Green
Mayurbhanj,2443716,21.8439,86.4234,2026-09-13T21:00,21.0,99,3.2,0.0,24.7,0.0,16.8,20.9,,0.038,Green
Mayurbhanj,2443716,21.8439,86.4234,2026-09-13T22:00,20.4,100,2.5,0.0,24.1,0.0,15.6,20.4,,0.017,Green
Mayurbhanj,2443716,21.8439,86.4234,2026-09-13T23:00,20.1,99,1.0,0.0,23.8,0.0,15.6,20.0,,0.001,Green
Mayurbhanj,2443716,21.8439,86.4234,2026-09-14T00:00,20.0,99,2.3,0.0,23.5,0.0,15.5,19.9,,0.0,Green
Mayurbhanj,2443716,21.8439,86.4234,2026-09-14T01:00,20.0,98,3.1,0.0,23.2,0.0,15.9,19.8,,0.0,Green
Mayurbhanj,2443716,21.8439,86.4234,2026-09-14T02:00,20.1,95,1.7,0.0,23.4,0.0,17.0,19.7,,0.0,Green
Mayurbhanj,2443716,21.8439,86.4234,2026-09-14T03:00,20.4,92,0.8,0.0,23.6,0.0,18.2,19.7,,0.0,Green
Mayurbhanj,2443716,21.8439,86.4234,2026-09-14T04:00,20.6,90,0.3,0.0,23.8,0.0,18.9,19.7,,0.0,Green
Mayurbhanj,2443716,21.8439,86.4234,2026-09-14T05:00,20.2,91,1.7,0.0,23.2,0.0,18.3,19.4,,0.0,Green
Mayurbhanj,2443716,21.8439,86.4234,2026-09-14T06:00,20.8,95,3.8,49.0,24.1,0.0,17.7,20.4,,0.017,Green
Mayurbhanj,2443716,21.8439,86.4234,2026-09-14T07:00,22.3,97,1.3,228.0,26.8,0.0,19.4,22.4,,0.101,Green
Mayurbhanj,2443716,21.8439,86.4234,2026-09-14T08:00,23.7,88,4.4,457.0,27.8,0.0,23.2,23.0,,0.166,Green
Mayurbhanj,2443716,21.8439,86.4234,2026-09-14T09:00,25.1,79,6.0,644.0,29.3,0.0,26.0,23.5,,0.227,Green
Mayurbhanj,2443716,21.8439,86.4234,2026-09-14T10:00,25.8,79,7.4,758.0,30.9,0.0,27.3,24.2,,0.271,Yellow
Mayurbhanj,2443716,21.8439,86.4234,2026-09-14T11:00,25.8,78,9.4,697.0,30.0,0.0,27.2,24.0,,0.263,Yellow
Mayurbhanj,2443716,21.8439,86.4234,2026-09-14T12:00,23.8,94,5.6,590.0,28.6,0.0,22.8,23.6,,0.188,Green
Mayurbhanj,2443716,21.8439,86.4234,2026-09-14T13:00,23.0,97,5.2,539.0,27.4,0.0,20.7,23.1,,0.138,Green
Mayurbhanj,2443716,21.8439,86.4234,2026-09-14T14:00,23.7,93,2.2,572.0,28.7,0.0,22.7,23.8,,0.194,Green
Mayurbhanj,2443716,21.8439,86.4234,2026-09-14T15:00,23.9,92,2.8,357.0,28.6,0.0,23.2,23.6,,0.191,Green
Mayurbhanj,2443716,21.8439,86.4234,2026-09-14T16:00,22.9,94,2.3,258.0,27.3,0.0,21.0,22.7,,0.126,Green
Mayurbhanj,2443716,21.8439,86.4234,2026-09-14T17:00,22.4,97,1.5,76.0,27.0,0.0,19.6,22.3,,0.094,Green
Mayurbhanj,2443716,21.8439,86.4234,2026-09-14T18:00,21.4,100,1.1,3.0,25.8,0.0,17.1,21.4,,0.059,Green
Mayurbhanj,2443716,21.8439,86.4234,2026-09-14T19:00,21.2,100,1.4,0.0,25.4,0.0,16.8,21.2,,0.05,Green
Mayurbhanj,2443716,21.8439,86.4234,2026-09-14T20:00,20.8,100,1.2,0.0,24.9,0.0,16.2,20.8,,0.034,Green
Mayurbhanj,2443716,21.8439,86.4234,2026-09-14T21:00,20.6,100,2.2,0.0,24.4,0.0,15.9,20.6,,0.025,Green
Mayurbhanj,2443716,21.8439,86.4234,2026-09-14T22:00,20.4,100,2.7,0.0,24.0,0.0,15.6,20.4,,0.017,Green
Mayurbhanj,2443716,21.8439,86.4234,2026-09-14T23:00,20.2,99,2.8,0.0,23.6,0.0,15.7,20.1,,0.005,Green
Mayurbhanj,2443716,21.8439,86.4234,2026-09-15T00:00,20.1,99,3.1,0.0,23.4,0.0,15.6,20.0,,0.001,Green
Mayurbhanj,2443716,21.8439,86.4234,2026-09-15T01:00,20.1,98,1.9,0.0,23.5,0.0,16.0,19.9,,0.0,Green
Mayurbhanj,2443716,21.8439,86.4234,2026-09-15T02:00,20.2,96,0.8,0.0,23.7,0.0,16.7,19.9,,0.0,Green
Mayurbhanj,2443716,21.8439,86.4234,2026-09-15T03:00,20.3,95,1.1,0.0,23.7,0.0,17.2,19.9,,0.0,Green
Mayurbhanj,2443716,21.8439,86.4234,2026-09-15T04:00,20.0,96,2.0,0.0,23.2,0.0,16.5,19.7,,0.0,Green
Mayurbhanj,2443716,21.8439,86.4234,2026-09-15T05:00,19.7,98,2.0,0.0,22.9,0.0,15.5,19.5,,0.0,Green
Mayurbhanj,2443716,21.8439,86.4234,2026-09-15T06:00,20.9,98,4.0,54.0,24.5,0.0,16.9,20.8,,0.032,Green
Mayurbhanj,2443716,21.8439,86.4234,2026-09-15T07:00,23.0,92,2.5,247.0,27.4,0.0,21.5,22.6,,0.127,Green
Mayurbhanj,2443716,21.8439,86.4234,2026-09-15T08:00,25.1,78,1.5,468.0,29.2,0.0,26.1,23.8,,0.239,Green
Mayurbhanj,2443716,21.8439,86.4234,2026-09-15T09:00,26.3,70,0.7,651.0,30.9,0.0,27.7,24.9,,0.309,Yellow
Mayurbhanj,2443716,21.8439,86.4234,2026-09-15T10:00,26.4,71,1.3,680.0,31.3,0.0,27.9,24.8,,0.306,Yellow
Mayurbhanj,2443716,21.8439,86.4234,2026-09-15T11:00,24.9,79,3.8,543.0,28.7,0.0,25.7,23.4,,0.218,Green
Mayurbhanj,2443716,21.8439,86.4234,2026-09-15T12:00,24.2,84,4.1,380.0,28.2,0.0,24.4,23.0,,0.185,Green
Mayurbhanj,2443716,21.8439,86.4234,2026-09-15T13:00,25.3,84,1.0,559.0,30.4,0.0,26.4,24.9,,0.291,Yellow
Mayurbhanj,2443716,21.8439,86.4234,2026-09-15T14:00,23.9,89,5.9,459.0,28.0,0.0,23.5,23.2,,0.179,Green
Mayurbhanj,2443716,21.8439,86.4234,2026-09-15T15:00,24.1,89,2.9,442.0,28.6,0.0,23.9,23.6,,0.2,Green
Mayurbhanj,2443716,21.8439,86.4234,2026-09-15T16:00,24.1,87,1.7,305.0,28.6,0.0,24.0,23.4,,0.194,Green
Mayurbhanj,2443716,21.8439,86.4234,2026-09-15T17:00,22.8,95,3.3,94.0,27.2,0.0,20.7,22.5,,0.111,Green
Mayurbhanj,2443716,21.8439,86.4234,2026-09-15T18:00,21.8,100,2.2,2.0,26.2,0.0,17.8,21.8,,0.075,Green
Mayurbhanj,2443716,21.8439,86.4234,2026-09-15T19:00,21.7,99,1.5,0.0,26.1,0.0,17.9,21.6,,0.067,Green
Mayurbhanj,2443716,21.8439,86.4234,2026-09-15T20:00,21.4,98,1.2,0.0,25.6,0.0,17.7,21.2,,0.051,Green
Mayurbhanj,2443716,21.8439,86.4234,2026-09-15T21:00,21.3,97,2.3,0.0,25.2,0.0,17.8,21.0,,0.043,Green
Mayurbhanj,2443716,21.8439,86.4234,2026-09-15T22:00,21.3,95,2.2,0.0,25.1,0.0,18.3,20.9,,0.036,Green
Mayurbhanj,2443716,21.8439,86.4234,2026-09-15T23:00,21.2,95,2.7,0.0,24.8,0.0,18.2,20.8,,0.032,Green
Mayurbhanj,2443716,21.8439,86.4234,2026-09-16T00:00,21.0,95,3.4,0.0,24.5,0.0,18.0,20.6,,0.024,Green
Mayurbhanj,2443716,21.8439,86.4234,2026-09-16T01:00,20.8,96,4.0,0.0,24.2,0.0,17.4,20.5,,0.019,Green
Mayurbhanj,2443716,21.8439,86.4234,2026-09-16T02:00,20.6,97,2.8,0.0,24.0,0.0,16.9,20.3,,0.014,Green
Mayurbhanj,2443716,21.8439,86.4234,2026-09-16T03:00,20.4,98,3.8,0.0,23.7,0.0,16.3,20.2,,0.01,Green
Mayurbhanj,2443716,21.8439,86.4234,2026-09-16T04:00,20.2,99,4.0,0.0,23.5,0.0,15.7,20.1,,0.005,Green
Mayurbhanj,2443716,21.8439,86.4234,2026-09-16T05:00,20.2,99,4.3,0.0,23.4,0.0,15.7,20.1,,0.005,Green
Mayurbhanj,2443716,21.8439,86.4234,2026-09-16T06:00,21.6,98,5.6,53.0,25.2,0.0,18.0,21.5,,0.061,Green
Mayurbhanj,2443716,21.8439,86.4234,2026-09-16T07:00,23.7,88,4.4,245.0,27.7,0.0,23.2,22.8,,0.16,Green
Mayurbhanj,2443716,21.8439,86.4234,2026-09-16T08:00,24.7,83,4.4,456.0,28.8,0.0,25.3,23.5,,0.215,Green
Mayurbhanj,2443716,21.8439,86.4234,2026-09-16T09:00,25.7,77,4.2,601.0,30.0,0.0,27.0,24.0,,0.26,Yellow
Mayurbhanj,2443716,21.8439,86.4234,2026-09-16T10:00,25.6,78,3.3,475.0,29.6,0.0,26.9,24.0,,0.257,Yellow
Mayurbhanj,2443716,21.8439,86.4234,2026-09-16T11:00,25.3,82,4.3,488.0,29.6,0.0,26.4,24.0,,0.252,Yellow
Mayurbhanj,2443716,21.8439,86.4234,2026-09-16T12:00,26.1,81,2.6,552.0,30.9,0.0,27.9,24.9,,0.311,Yellow
Mayurbhanj,2443716,21.8439,86.4234,2026-09-16T13:00,26.1,75,1.2,547.0,30.5,0.0,27.6,24.7,,0.298,Yellow
Mayurbhanj,2443716,21.8439,86.4234,2026-09-16T14:00,24.5,83,2.1,514.0,28.8,0.0,25.0,23.6,,0.216,Green
Mayurbhanj,2443716,21.8439,86.4234,2026-09-16T15:00,25.7,83,1.5,379.0,30.7,0.0,27.2,24.7,,0.292,Yellow
Mayurbhanj,2443716,21.8439,86.4234,2026-09-16T16:00,24.3,87,8.3,251.0,27.9,0.0,24.4,23.2,,0.193,Green
Mayurbhanj,2443716,21.8439,86.4234,2026-09-16T17:00,23.3,93,7.4,96.0,27.1,0.0,21.9,22.7,,0.139,Green
Mayurbhanj,2443716,21.8439,86.4234,2026-09-16T18:00,22.2,98,6.0,2.0,26.2,0.0,19.0,22.0,,0.084,Green
Mayurbhanj,2443716,21.8439,86.4234,2026-09-16T19:00,21.7,98,7.3,0.0,25.3,0.0,18.1,21.5,,0.064,Green
Mayurbhanj,2443716,21.8439,86.4234,2026-09-16T20:00,21.6,98,6.0,0.0,25.2,0.0,18.0,21.4,,0.059,Green
Mayurbhanj,2443716,21.8439,86.4234,2026-09-16T21:00,21.2,99,4.7,0.0,24.9,0.0,17.1,21.1,,0.047,Green
Mayurbhanj,2443716,21.8439,86.4234,2026-09-16T22:00,21.1,99,4.9,0.0,24.8,0.0,16.9,21.0,,0.042,Green
Mayurbhanj,2443716,21.8439,86.4234,2026-09-16T23:00,21.1,99,5.6,0.0,24.6,0.0,16.9,21.0,,0.042,Green
Mayurbhanj,2443716,21.8439,86.4234,2026-09-17T00:00,21.0,100,6.3,0.0,24.4,0.0,16.5,21.0,,0.042,Green
Mayurbhanj,2443716,21.8439,86.4234,2026-09-17T01:00,21.0,99,6.2,0.0,24.4,0.0,16.8,20.9,,0.038,Green
Mayurbhanj,2443716,21.8439,86.4234,2026-09-17T02:00,21.1,100,7.3,0.0,24.4,0.0,16.6,21.1,,0.046,Green
Mayurbhanj,2443716,21.8439,86.4234,2026-09-17T03:00,21.0,100,8.9,0.0,24.1,0.0,16.5,21.0,,0.042,Green
Mayurbhanj,2443716,21.8439,86.4234,2026-09-17T04:00,21.0,100,7.3,0.0,24.3,0.0,16.5,21.0,,0.042,Green
Mayurbhanj,2443716,21.8439,86.4234,2026-09-17T05:00,20.6,100,5.8,0.0,23.9,0.0,15.9,20.6,,0.025,Green
Mayurbhanj,2443716,21.8439,86.4234,2026-09-17T06:00,21.6,98,5.5,50.0,25.3,0.0,18.0,21.5,,0.061,Green
Mayurbhanj,2443716,21.8439,86.4234,2026-09-17T07:00,23.3,92,6.8,220.0,27.1,0.0,22.1,22.7,,0.14,Green
Mayurbhanj,2443716,21.8439,86.4234,2026-09-17T08:00,24.6,85,8.0,420.0,28.2,0.0,25.0,23.4,,0.209,Green
Mayurbhanj,2443716,21.8439,86.4234,2026-09-17T09:00,25.9,76,9.0,582.0,29.3,0.0,27.3,23.8,,0.259,Yellow
Mayurbhanj,2443716,21.8439,86.4234,2026-09-17T10:00,26.8,73,7.1,708.0,31.4,0.0,28.7,24.5,,0.306,Yellow
Mayurbhanj,2443716,21.8439,86.4234,2026-09-17T11:00,27.0,72,5.6,728.0,32.0,0.0,29.0,24.7,,0.317,Yellow
Mayurbhanj,2443716,21.8439,86.4234,2026-09-17T12:00,26.3,77,3.6,604.0,30.9,0.0,28.1,24.6,,0.301,Yellow
Mayurbhanj,2443716,21.8439,86.4234,2026-09-17T13:00,24.9,86,1.7,499.0,29.8,0.0,25.6,24.3,,0.255,Yellow
Mayurbhanj,2443716,21.8439,86.4234,2026-09-17T14:00,23.7,94,1.6,376.0,28.8,0.0,22.6,23.7,,0.19,Green
Mayurbhanj,2443716,21.8439,86.4234,2026-09-17T15:00,23.1,98,0.4,226.0,28.3,0.0,20.8,23.5,,0.157,Green
Mayurbhanj,2443716,21.8439,86.4234,2026-09-17T16:00,22.7,98,3.1,131.0,27.3,0.0,20.0,22.7,,0.11,Green
Mayurbhanj,2443716,21.8439,86.4234,2026-09-17T17:00,22.3,99,5.3,45.0,26.4,0.0,19.0,22.3,,0.093,Green
Mayurbhanj,2443716,21.8439,86.4234,2026-09-17T18:00,21.9,99,6.0,0.0,25.7,0.0,18.2,21.8,,0.076,Green
Mayurbhanj,2443716,21.8439,86.4234,2026-09-17T19:00,21.6,98,6.3,0.0,25.2,0.0,18.0,21.4,,0.059,Green
Mayurbhanj,2443716,21.8439,86.4234,2026-09-17T20:00,21.3,98,6.5,0.0,24.7,0.0,17.5,21.1,,0.047,Green
Mayurbhanj,2443716,21.8439,86.4234,2026-09-17T21:00,21.2,98,5.9,0.0,24.6,0.0,17.4,21.0,,0.043,Green
Mayurbhanj,2443716,21.8439,86.4234,2026-09-17T22:00,21.1,98,4.7,0.0,24.7,0.0,17.2,20.9,,0.039,Green
Mayurbhanj,2443716,21.8439,86.4234,2026-09-17T23:00,21.0,98,3.9,0.0,24.7,0.0,17.1,20.8,,0.035,Green
Baleshwar,2211609,21.5376,86.9072,2026-09-13T00:00,26.7,90,5.0,0.0,32.7,0.0,30.3,25.8,,0.378,Yellow
Baleshwar,2211609,21.5376,86.9072,2026-09-13T01:00,26.5,92,4.3,0.0,32.7,0.0,29.5,25.8,,0.368,Yellow
Baleshwar,2211609,21.5376,86.9072,2026-09-13T02:00,26.3,94,2.2,0.0,32.9,0.0,29.0,25.8,,0.361,Yellow
Baleshwar,2211609,21.5376,86.9072,2026-09-13T03:00,26.0,94,4.0,0.0,32.1,0.0,28.2,25.5,,0.337,Yellow
Baleshwar,2211609,21.5376,86.9072,2026-09-13T04:00,26.1,95,3.6,0.0,32.3,0.0,28.5,25.7,,0.35,Yellow
Baleshwar,2211609,21.5376,86.9072,2026-09-13T05:00,26.3,93,1.6,0.0,32.9,0.0,29.0,25.7,,0.357,Yellow
Baleshwar,2211609,21.5376,86.9072,2026-09-13T06:00,27.3,91,1.1,54.0,34.2,0.0,32.1,26.6,,0.436,Yellow
Baleshwar,2211609,21.5376,86.9072,2026-09-13T07:00,28.6,83,4.4,229.0,35.0,0.0,34.2,27.1,,0.488,Yellow
Baleshwar,2211609,21.5376,86.9072,2026-09-13T08:00,28.5,84,9.0,380.0,34.2,0.0,34.1,27.1,,0.486,Yellow
Baleshwar,2211609,21.5376,86.9072,2026-09-13T09:00,28.1,84,13.0,514.0,33.0,0.0,33.0,26.7,,0.454,Yellow
Baleshwar,2211609,21.5376,86.9072,2026-09-13T10:00,28.0,86,11.9,410.0,33.2,0.0,33.1,26.8,,0.459,Yellow
Baleshwar,2211609,21.5376,86.9072,2026-09-13T11:00,30.2,76,11.2,625.0,36.0,0.0,37.1,28.0,,0.562,Orange
Baleshwar,2211609,21.5376,86.9072,2026-09-13T12:00,30.6,75,6.7,853.0,38.7,0.0,38.0,28.5,,0.595,Orange
Baleshwar,2211609,21.5376,86.9072,2026-09-13T13:00,30.7,75,4.0,636.0,38.0,0.0,38.3,28.6,,0.606,Orange
Baleshwar,2211609,21.5376,86.9072,2026-09-13T14:00,28.8,80,9.7,519.0,34.1,0.0,34.2,27.0,,0.483,Yellow
Baleshwar,2211609,21.5376,86.9072,2026-09-13T15:00,28.0,86,6.1,276.0,34.2,0.0,33.1,26.8,,0.46,Yellow
Baleshwar,2211609,21.5376,86.9072,2026-09-13T16:00,27.9,87,8.3,127.0,33.7,0.0,33.0,26.7,,0.455,Yellow
Baleshwar,2211609,21.5376,86.9072,2026-09-13T17:00,28.6,86,7.0,72.0,34.9,0.0,34.9,27.3,,0.504,Orange
Baleshwar,2211609,21.5376,86.9072,2026-09-13T18:00,27.8,89,4.8,1.0,34.4,0.0,33.2,26.8,,0.459,Yellow
Baleshwar,2211609,21.5376,86.9072,2026-09-13T19:00,27.5,90,4.3,0.0,34.1,0.0,32.5,26.6,,0.442,Yellow
Baleshwar,2211609,21.5376,86.9072,2026-09-13T20:00,27.1,93,4.0,0.0,33.7,0.0,31.9,26.5,,0.429,Yellow
Baleshwar,2211609,21.5376,86.9072,2026-09-13T21:00,26.7,95,2.7,0.0,33.5,0.0,31.1,26.3,,0.41,Yellow
Baleshwar,2211609,21.5376,86.9072,2026-09-13T22:00,26.4,96,2.2,0.0,33.3,0.0,29.5,26.1,,0.379,Yellow
Baleshwar,2211609,21.5376,86.9072,2026-09-13T23:00,26.1,97,3.1,0.0,32.8,0.0,28.6,25.8,,0.359,Yellow
Baleshwar,2211609,21.5376,86.9072,2026-09-14T00:00,26.0,97,2.6,0.0,32.6,0.0,28.3,25.7,,0.351,Yellow
Baleshwar,2211609,21.5376,86.9072,2026-09-14T01:00,25.8,97,0.2,0.0,32.7,0.0,27.7,25.5,,0.334,Yellow
Baleshwar,2211609,21.5376,86.9072,2026-09-14T02:00,25.6,99,0.7,0.0,32.4,0.0,27.1,25.5,,0.326,Yellow
Baleshwar,2211609,21.5376,86.9072,2026-09-14T03:00,25.4,100,2.3,0.0,32.0,0.0,26.5,25.4,,0.314,Yellow
Baleshwar,2211609,21.5376,86.9072,2026-09-14T04:00,25.3,99,1.2,0.0,31.9,0.0,26.2,25.2,,0.302,Yellow
Baleshwar,2211609,21.5376,86.9072,2026-09-14T05:00,25.3,97,4.0,0.0,31.3,0.0,26.3,25.0,,0.294,Yellow
Baleshwar,2211609,21.5376,86.9072,2026-09-14T06:00,25.8,96,3.5,41.0,32.1,0.0,27.7,25.5,,0.332,Yellow
Baleshwar,2211609,21.5376,86.9072,2026-09-14T07:00,27.2,90,1.7,218.0,34.0,0.0,31.6,26.6,,0.431,Yellow
Baleshwar,2211609,21.5376,86.9072,2026-09-14T08:00,28.7,81,2.3,436.0,35.1,0.0,34.1,27.4,,0.496,Yellow
Baleshwar,2211609,21.5376,86.9072,2026-09-14T09:00,29.9,76,4.1,619.0,36.6,0.0,36.3,28.0,,0.551,Orange
Baleshwar,2211609,21.5376,86.9072,2026-09-14T10:00,30.1,77,7.7,713.0,37.1,0.0,37.1,28.1,,0.568,Orange
Baleshwar,2211609,21.5376,86.9072,2026-09-14T11:00,30.4,76,8.9,827.0,38.0,0.0,37.7,28.3,,0.584,Orange
Baleshwar,2211609,21.5376,86.9072,2026-09-14T12:00,30.6,77,7.4,854.0,38.9,0.0,38.6,28.7,,0.611,Orange
Baleshwar,2211609,21.5376,86.9072,2026-09-14T13:00,30.9,76,8.2,768.0,38.4,0.0,39.2,28.8,,0.624,Orange
Baleshwar,2211609,21.5376,86.9072,2026-09-14T14:00,30.8,74,9.0,644.0,37.1,0.0,38.3,28.4,,0.595,Orange
Baleshwar,2211609,21.5376,86.9072,2026-09-14T15:00,30.5,71,8.5,515.0,35.8,0.0,36.6,27.7,,0.545,Orange
Baleshwar,2211609,21.5376,86.9072,2026-09-14T16:00,29.9,73,6.3,267.0,35.4,0.0,35.5,27.3,,0.513,Orange
Baleshwar,2211609,21.5376,86.9072,2026-09-14T17:00,28.8,83,2.8,87.0,35.5,0.0,34.8,27.2,,0.5,Orange
Baleshwar,2211609,21.5376,86.9072,2026-09-14T18:00,27.8,88,2.1,2.0,34.6,0.0,33.0,26.7,,0.452,Yellow
Baleshwar,2211609,21.5376,86.9072,2026-09-14T19:00,27.0,92,3.2,0.0,33.7,0.0,31.4,26.3,,0.415,Yellow
Baleshwar,2211609,21.5376,86.9072,2026-09-14T20:00,26.6,94,2.4,0.0,33.4,0.0,29.9,26.1,,0.386,Yellow
Baleshwar,2211609,21.5376,86.9072,2026-09-14T21:00,26.2,96,2.8,0.0,32.9,0.0,28.9,25.9,,0.363,Yellow
Baleshwar,2211609,21.5376,86.9072,2026-09-14T22:00,26.0,97,1.7,0.0,32.7,0.0,28.3,25.7,,0.351,Yellow
Baleshwar,2211609,21.5376,86.9072,2026-09-14T23:00,25.7,97,1.0,0.0,32.5,0.0,27.4,25.4,,0.326,Yellow
Baleshwar,2211609,21.5376,86.9072,2026-09-15T00:00,25.5,96,4.9,0.0,31.5,0.0,26.8,25.2,,0.306,Yellow
Baleshwar,2211609,21.5376,86.9072,2026-09-15T01:00,25.3,94,6.0,0.0,30.6,0.0,26.3,24.8,,0.283,Yellow
Baleshwar,2211609,21.5376,86.9072,2026-09-15T02:00,25.2,93,6.2,0.0,30.3,0.0,26.1,24.6,,0.272,Yellow
Baleshwar,2211609,21.5376,86.9072,2026-09-15T03:00,25.0,95,5.1,0.0,30.3,0.0,25.5,24.6,,0.264,Yellow
Baleshwar,2211609,21.5376,86.9072,2026-09-15T04:00,24.9,96,5.0,0.0,30.4,0.0,25.2,24.6,,0.259,Yellow
Baleshwar,2211609,21.5376,86.9072,2026-09-15T05:00,24.9,96,4.7,0.0,30.5,0.0,25.2,24.6,,0.259,Yellow
Baleshwar,2211609,21.5376,86.9072,2026-09-15T06:00,26.1,93,6.1,53.0,31.7,0.0,28.4,25.5,,0.342,Yellow
Baleshwar,2211609,21.5376,86.9072,2026-09-15T07:00,27.8,87,4.8,238.0,34.1,0.0,32.8,26.7,,0.452,Yellow
Baleshwar,2211609,21.5376,86.9072,2026-09-15T08:00,29.4,79,6.5,454.0,35.4,0.0,35.6,27.5,,0.525,Orange
Baleshwar,2211609,21.5376,86.9072,2026-09-15T09:00,30.5,73,6.0,629.0,36.8,0.0,37.1,28.1,,0.567,Orange
Baleshwar,2211609,21.5376,86.9072,2026-09-15T10:00,31.2,69,4.8,747.0,38.4,0.0,37.8,28.5,,0.593,Orange
Baleshwar,2211609,21.5376,86.9072,2026-09-15T11:00,31.8,67,4.5,799.0,39.3,0.0,38.8,28.9,,0.623,Orange
Baleshwar,2211609,21.5376,86.9072,2026-09-15T12:00,32.2,66,4.7,815.0,39.8,0.0,39.5,29.1,,0.643,Orange
Baleshwar,2211609,21.5376,86.9072,2026-09-15T13:00,31.9,68,5.9,732.0,39.1,0.0,39.4,28.9,,0.633,Orange
Baleshwar,2211609,21.5376,86.9072,2026-09-15T14:00,29.8,78,8.6,641.0,36.1,0.0,36.5,27.9,,0.55,Orange
Baleshwar,2211609,21.5376,86.9072,2026-09-15T15:00,29.5,79,8.0,368.0,35.3,0.0,35.9,27.6,,0.529,Orange
Baleshwar,2211609,21.5376,86.9072,2026-09-15T16:00,29.2,80,9.2,275.0,34.8,0.0,35.3,27.3,,0.511,Orange
Baleshwar,2211609,21.5376,86.9072,2026-09-15T17:00,28.3,85,6.8,85.0,34.4,0.0,33.8,26.9,,0.472,Yellow
Baleshwar,2211609,21.5376,86.9072,2026-09-15T18:00,27.5,89,6.8,2.0,33.5,0.0,32.3,26.5,,0.435,Yellow
Baleshwar,2211609,21.5376,86.9072,2026-09-15T19:00,27.1,90,5.5,0.0,33.2,0.0,31.4,26.2,,0.41,Yellow
Baleshwar,2211609,21.5376,86.9072,2026-09-15T20:00,26.8,90,7.3,0.0,32.5,0.0,30.5,25.9,,0.386,Yellow
Baleshwar,2211609,21.5376,86.9072,2026-09-15T21:00,26.7,89,7.9,0.0,32.0,0.0,30.1,25.7,,0.372,Yellow
Baleshwar,2211609,21.5376,86.9072,2026-09-15T22:00,26.4,89,8.0,0.0,31.6,0.0,29.0,25.4,,0.345,Yellow
Baleshwar,2211609,21.5376,86.9072,2026-09-15T23:00,26.2,89,7.9,0.0,31.2,0.0,28.5,25.2,,0.33,Yellow
Baleshwar,2211609,21.5376,86.9072,2026-09-16T00:00,26.0,90,7.3,0.0,31.1,0.0,28.0,25.1,,0.319,Yellow
Baleshwar,2211609,21.5376,86.9072,2026-09-16T01:00,25.7,91,7.2,0.0,30.8,0.0,27.3,24.9,,0.301,Yellow
Baleshwar,2211609,21.5376,86.9072,2026-09-16T02:00,25.6,92,7.9,0.0,30.6,0.0,27.1,24.9,,0.298,Yellow
Baleshwar,2211609,21.5376,86.9072,2026-09-16T03:00,25.6,93,6.5,0.0,30.9,0.0,27.1,25.0,,0.302,Yellow
Baleshwar,2211609,21.5376,86.9072,2026-09-16T04:00,25.4,94,5.5,0.0,31.0,0.0,26.6,24.9,,0.291,Yellow
Baleshwar,2211609,21.5376,86.9072,2026-09-16T05:00,25.4,94,6.1,0.0,30.9,0.0,26.6,24.9,,0.291,Yellow
Baleshwar,2211609,21.5376,86.9072,2026-09-16T06:00,26.4,91,5.0,52.0,32.3,0.0,29.1,25.6,,0.356,Yellow
Baleshwar,2211609,21.5376,86.9072,2026-09-16T07:00,28.1,86,5.2,229.0,34.4,0.0,33.4,26.9,,0.468,Yellow
Baleshwar,2211609,21.5376,86.9072,2026-09-16T08:00,29.8,81,5.8,440.0,36.4,0.0,37.3,28.2,,0.573,Orange
Baleshwar,2211609,21.5376,86.9072,2026-09-16T09:00,31.1,75,4.6,633.0,38.4,0.0,39.5,29.0,,0.636,Orange
Baleshwar,2211609,21.5376,86.9072,2026-09-16T10:00,31.8,73,2.5,749.0,40.3,0.0,40.9,29.8,,0.691,Orange
Baleshwar,2211609,21.5376,86.9072,2026-09-16T11:00,32.1,74,0.4,811.0,41.8,0.0,42.2,31.5,,0.779,Red
Baleshwar,2211609,21.5376,86.9072,2026-09-16T12:00,32.3,74,2.3,778.0,41.5,0.0,42.9,30.5,,0.746,Orange
Baleshwar,2211609,21.5376,86.9072,2026-09-16T13:00,27.9,88,8.6,378.0,33.9,0.0,33.3,26.9,,0.466,Yellow
Baleshwar,2211609,21.5376,86.9072,2026-09-16T14:00,26.9,93,8.2,320.0,32.8,0.0,31.3,26.4,,0.419,Yellow
Baleshwar,2211609,21.5376,86.9072,2026-09-16T15:00,25.7,91,10.5,199.0,30.3,0.0,27.3,24.9,,0.304,Yellow
Baleshwar,2211609,21.5376,86.9072,2026-09-16T16:00,26.0,95,8.1,109.0,31.6,0.0,28.2,25.6,,0.344,Yellow
Baleshwar,2211609,21.5376,86.9072,2026-09-16T17:00,26.4,96,6.8,57.0,32.5,0.0,29.5,26.1,,0.381,Yellow
Baleshwar,2211609,21.5376,86.9072,2026-09-16T18:00,26.3,95,7.3,1.0,32.1,0.0,29.1,25.9,,0.366,Yellow
Baleshwar,2211609,21.5376,86.9072,2026-09-16T19:00,26.2,93,8.5,0.0,31.7,0.0,28.7,25.6,,0.349,Yellow
Baleshwar,2211609,21.5376,86.9072,2026-09-16T20:00,26.2,93,4.9,0.0,32.3,0.0,28.7,25.6,,0.349,Yellow
Baleshwar,2211609,21.5376,86.9072,2026-09-16T21:00,26.1,95,4.9,0.0,32.1,0.0,28.5,25.7,,0.35,Yellow
Baleshwar,2211609,21.5376,86.9072,2026-09-16T22:00,26.1,95,4.8,0.0,32.2,0.0,28.5,25.7,,0.35,Yellow
Baleshwar,2211609,21.5376,86.9072,2026-09-16T23:00,25.9,96,4.8,0.0,32.1,0.0,28.0,25.6,,0.338,Yellow
Baleshwar,2211609,21.5376,86.9072,2026-09-17T00:00,26.0,95,5.4,0.0,32.0,0.0,28.2,25.6,,0.342,Yellow
Baleshwar,2211609,21.5376,86.9072,2026-09-17T01:00,25.8,96,5.0,0.0,31.9,0.0,27.7,25.5,,0.33,Yellow
Baleshwar,2211609,21.5376,86.9072,2026-09-17T02:00,25.9,97,4.6,0.0,32.1,0.0,28.0,25.6,,0.343,Yellow
Baleshwar,2211609,21.5376,86.9072,2026-09-17T03:00,25.9,97,4.1,0.0,32.2,0.0,28.0,25.6,,0.343,Yellow
Baleshwar,2211609,21.5376,86.9072,2026-09-17T04:00,25.9,97,2.4,0.0,32.5,0.0,28.0,25.6,,0.343,Yellow
Baleshwar,2211609,21.5376,86.9072,2026-09-17T05:00,25.9,97,0.6,0.0,32.8,0.0,28.0,25.6,,0.343,Yellow
Baleshwar,2211609,21.5376,86.9072,2026-09-17T06:00,26.6,96,4.0,44.0,33.3,0.0,30.1,26.3,,0.398,Yellow
Baleshwar,2211609,21.5376,86.9072,2026-09-17T07:00,27.6,92,1.9,172.0,34.8,0.0,33.2,27.1,,0.473,Yellow
Baleshwar,2211609,21.5376,86.9072,2026-09-17T08:00,29.2,83,2.8,389.0,36.1,0.0,36.0,27.9,,0.546,Orange
Baleshwar,2211609,21.5376,86.9072,2026-09-17T09:00,30.2,78,3.9,529.0,37.0,0.0,37.7,28.4,,0.588,Orange
Baleshwar,2211609,21.5376,86.9072,2026-09-17T10:00,31.1,75,4.0,707.0,39.1,0.0,39.5,29.1,,0.641,Orange
Baleshwar,2211609,21.5376,86.9072,2026-09-17T11:00,31.5,76,5.9,800.0,40.0,0.0,41.1,29.5,,0.679,Orange
Baleshwar,2211609,21.5376,86.9072,2026-09-17T12:00,30.5,79,4.0,608.0,38.0,0.0,38.9,28.9,,0.624,Orange
Baleshwar,2211609,21.5376,86.9072,2026-09-17T13:00,28.7,86,3.6,512.0,35.7,0.0,35.2,27.8,,0.529,Orange
Baleshwar,2211609,21.5376,86.9072,2026-09-17T14:00,27.5,91,5.1,397.0,34.0,0.0,32.7,26.9,,0.459,Yellow
Baleshwar,2211609,21.5376,86.9072,2026-09-17T15:00,27.3,92,4.4,257.0,33.8,0.0,32.3,26.7,,0.447,Yellow
Baleshwar,2211609,21.5376,86.9072,2026-09-17T16:00,27.6,90,2.5,152.0,34.5,0.0,32.8,26.8,,0.457,Yellow
Baleshwar,2211609,21.5376,86.9072,2026-09-17T17:00,27.7,90,1.3,51.0,34.8,0.0,33.1,26.8,,0.461,Yellow
Baleshwar,2211609,21.5376,86.9072,2026-09-17T18:00,27.5,92,0.7,0.0,34.7,0.0,32.9,26.8,,0.455,Yellow
Baleshwar,2211609,21.5376,86.9072,2026-09-17T19:00,27.1,95,0.4,0.0,34.5,0.0,32.3,26.7,,0.442,Yellow
Baleshwar,2211609,21.5376,86.9072,2026-09-17T20:00,26.7,97,0.5,0.0,34.2,0.0,31.4,26.4,,0.422,Yellow
Baleshwar,2211609,21.5376,86.9072,2026-09-17T21:00,26.6,98,2.4,0.0,33.7,0.0,30.3,26.4,,0.406,Yellow
Baleshwar,2211609,21.5376,86.9072,2026-09-17T22:00,26.5,98,4.6,0.0,33.3,0.0,29.9,26.3,,0.398,Yellow
Baleshwar,2211609,21.5376,86.9072,2026-09-17T23:00,26.4,98,5.7,0.0,32.9,0.0,29.6,26.2,,0.389,Yellow
Khordha,2049345,20.1031,85.6031,2026-09-13T00:00,26.7,86,9.4,0.0,31.5,0.0,29.6,25.4,,0.354,Yellow
Khordha,2049345,20.1031,85.6031,2026-09-13T01:00,26.5,88,8.1,0.0,31.5,0.0,29.2,25.4,,0.348,Yellow
Khordha,2049345,20.1031,85.6031,2026-09-13T02:00,26.2,90,6.3,0.0,31.6,0.0,28.6,25.3,,0.335,Yellow
Khordha,2049345,20.1031,85.6031,2026-09-13T03:00,26.1,90,5.6,0.0,31.6,0.0,28.3,25.2,,0.327,Yellow
Khordha,2049345,20.1031,85.6031,2026-09-13T04:00,25.3,94,7.0,0.0,30.6,0.0,26.3,24.8,,0.283,Yellow
Khordha,2049345,20.1031,85.6031,2026-09-13T05:00,25.0,95,7.0,0.0,30.1,0.0,25.5,24.6,,0.264,Yellow
Khordha,2049345,20.1031,85.6031,2026-09-13T06:00,25.5,96,4.7,41.0,31.4,0.0,26.8,25.2,,0.307,Yellow
Khordha,2049345,20.1031,85.6031,2026-09-13T07:00,27.6,90,4.5,192.0,34.2,0.0,32.8,26.8,,0.455,Yellow
Khordha,2049345,20.1031,85.6031,2026-09-13T08:00,29.2,82,7.9,407.0,35.3,0.0,35.8,27.6,,0.529,Orange
Khordha,2049345,20.1031,85.6031,2026-09-13T09:00,30.5,79,7.1,582.0,37.2,0.0,38.9,28.7,,0.615,Orange
Khordha,2049345,20.1031,85.6031,2026-09-13T10:00,31.3,74,8.1,723.0,38.7,0.0,39.7,28.9,,0.637,Orange
Khordha,2049345,20.1031,85.6031,2026-09-13T11:00,30.6,73,7.6,562.0,36.5,0.0,37.4,28.1,,0.571,Orange
Khordha,2049345,20.1031,85.6031,2026-09-13T12:00,26.3,93,7.9,593.0,32.2,0.0,29.0,25.9,,0.368,Yellow
Khordha,2049345,20.1031,85.6031,2026-09-13T13:00,29.0,83,3.3,663.0,36.6,0.0,35.4,27.9,,0.538,Orange
Khordha,2049345,20.1031,85.6031,2026-09-13T14:00,30.7,71,6.9,604.0,36.6,0.0,37.1,28.0,,0.563,Orange
Khordha,2049345,20.1031,85.6031,2026-09-13T15:00,30.9,67,11.0,456.0,35.3,0.0,36.5,27.6,,0.538,Orange
Khordha,2049345,20.1031,85.6031,2026-09-13T16:00,28.6,80,6.8,157.0,34.2,0.0,33.7,26.7,,0.463,Yellow
Khordha,2049345,20.1031,85.6031,2026-09-13T17:00,26.5,91,13.2,78.0,31.3,0.0,29.4,25.7,,0.364,Yellow
Khordha,2049345,20.1031,85.6031,2026-09-13T18:00,26.1,94,6.2,2.0,31.9,0.0,28.5,25.6,,0.345,Yellow
Khordha,2049345,20.1031,85.6031,2026-09-13T19:00,26.4,95,4.0,0.0,32.8,0.0,29.4,26.0,,0.374,Yellow
Khordha,2049345,20.1031,85.6031,2026-09-13T20:00,26.6,95,2.3,0.0,33.4,0.0,30.0,26.2,,0.391,Yellow
Khordha,2049345,20.1031,85.6031,2026-09-13T21:00,26.6,95,0.6,0.0,33.6,0.0,30.0,26.2,,0.391,Yellow
Khordha,2049345,20.1031,85.6031,2026-09-13T22:00,26.6,94,0.9,0.0,33.5,0.0,29.9,26.1,,0.386,Yellow
Khordha,2049345,20.1031,85.6031,2026-09-13T23:00,26.4,95,1.0,0.0,33.4,0.0,29.4,26.0,,0.374,Yellow
Khordha,2049345,20.1031,85.6031,2026-09-14T00:00,26.5,95,0.8,0.0,33.5,0.0,29.7,26.1,,0.383,Yellow
Khordha,2049345,20.1031,85.6031,2026-09-14T01:00,25.7,95,4.2,0.0,31.7,0.0,27.4,25.3,,0.318,Yellow
Khordha,2049345,20.1031,85.6031,2026-09-14T02:00,25.5,96,4.2,0.0,31.4,0.0,26.8,25.2,,0.306,Yellow
Khordha,2049345,20.1031,85.6031,2026-09-14T03:00,25.2,96,4.0,0.0,31.1,0.0,26.0,24.9,,0.283,Yellow
Khordha,2049345,20.1031,85.6031,2026-09-14T04:00,25.3,95,1.5,0.0,31.4,0.0,26.3,24.9,,0.287,Yellow
Khordha,2049345,20.1031,85.6031,2026-09-14T05:00,25.3,95,2.2,0.0,31.3,0.0,26.3,24.9,,0.287,Yellow
Khordha,2049345,20.1031,85.6031,2026-09-14T06:00,25.6,93,1.9,23.0,31.6,0.0,27.1,25.0,,0.303,Yellow
Khordha,2049345,20.1031,85.6031,2026-09-14T07:00,26.5,89,2.6,164.0,32.6,0.0,29.3,25.7,,0.36,Yellow
Khordha,2049345,20.1031,85.6031,2026-09-14T08:00,28.1,84,3.9,418.0,34.3,0.0,33.0,26.9,,0.462,Yellow
Khordha,2049345,20.1031,85.6031,2026-09-14T09:00,29.5,79,3.3,597.0,36.4,0.0,35.9,28.0,,0.546,Orange
Khordha,2049345,20.1031,85.6031,2026-09-14T10:00,30.5,75,2.0,760.0,38.6,0.0,37.7,29.0,,0.611,Orange
Khordha,2049345,20.1031,85.6031,2026-09-14T11:00,31.2,72,0.5,793.0,40.0,0.0,38.8,30.4,,0.686,Orange
Khordha,2049345,20.1031,85.6031,2026-09-14T12:00,30.0,78,6.4,732.0,37.4,0.0,37.1,28.2,,0.571,Orange
Khordha,2049345,20.1031,85.6031,2026-09-14T13:00,27.1,88,9.3,704.0,33.3,0.0,31.0,26.2,,0.408,Yellow
Khordha,2049345,20.1031,85.6031,2026-09-14T14:00,27.6,90,3.3,504.0,34.4,0.0,32.8,27.1,,0.469,Yellow
Khordha,2049345,20.1031,85.6031,2026-09-14T15:00,28.2,87,6.9,319.0,34.5,0.0,33.9,27.1,,0.484,Yellow
Khordha,2049345,20.1031,85.6031,2026-09-14T16:00,27.5,87,4.0,234.0,33.8,0.0,31.9,26.4,,0.429,Yellow
Khordha,2049345,20.1031,85.6031,2026-09-14T17:00,27.1,89,5.2,80.0,33.1,0.0,31.2,26.1,,0.405,Yellow
Khordha,2049345,20.1031,85.6031,2026-09-14T18:00,26.6,93,1.3,4.0,33.4,0.0,29.9,26.0,,0.381,Yellow
Khordha,2049345,20.1031,85.6031,2026-09-14T19:00,26.5,95,0.5,0.0,33.4,0.0,29.7,26.1,,0.383,Yellow
Khordha,2049345,20.1031,85.6031,2026-09-14T20:00,26.3,95,2.3,0.0,33.0,0.0,29.1,25.9,,0.366,Yellow
Khordha,2049345,20.1031,85.6031,2026-09-14T21:00,26.2,96,2.7,0.0,32.8,0.0,28.9,25.9,,0.363,Yellow
Khordha,2049345,20.1031,85.6031,2026-09-14T22:00,26.1,94,4.4,0.0,32.3,0.0,28.5,25.6,,0.345,Yellow
Khordha,2049345,20.1031,85.6031,2026-09-14T23:00,26.0,95,5.3,0.0,32.0,0.0,28.2,25.6,,0.342,Yellow
Khordha,2049345,20.1031,85.6031,2026-09-15T00:00,25.8,96,4.6,0.0,32.0,0.0,27.7,25.5,,0.33,Yellow
Khordha,2049345,20.1031,85.6031,2026-09-15T01:00,25.7,96,3.6,0.0,31.9,0.0,27.4,25.4,,0.322,Yellow
Khordha,2049345,20.1031,85.6031,2026-09-15T02:00,25.7,96,3.7,0.0,31.8,0.0,27.4,25.4,,0.322,Yellow
Khordha,2049345,20.1031,85.6031,2026-09-15T03:00,25.6,96,4.8,0.0,31.6,0.0,27.1,25.3,,0.314,Yellow
Khordha,2049345,20.1031,85.6031,2026-09-15T04:00,25.4,97,3.7,0.0,31.5,0.0,26.5,25.1,,0.302,Yellow
Khordha,2049345,20.1031,85.6031,2026-09-15T05:00,25.2,97,2.6,0.0,31.4,0.0,26.0,24.9,,0.286,Yellow
Khordha,2049345,20.1031,85.6031,2026-09-15T06:00,26.0,95,2.4,42.0,32.5,0.0,28.2,25.6,,0.344,Yellow
Khordha,2049345,20.1031,85.6031,2026-09-15T07:00,27.5,89,3.1,221.0,34.1,0.0,32.3,26.7,,0.444,Yellow
Khordha,2049345,20.1031,85.6031,2026-09-15T08:00,28.6,83,4.8,401.0,34.9,0.0,34.2,27.2,,0.492,Yellow
Khordha,2049345,20.1031,85.6031,2026-09-15T09:00,29.8,77,5.4,592.0,36.3,0.0,36.3,27.8,,0.546,Orange
Khordha,2049345,20.1031,85.6031,2026-09-15T10:00,30.8,75,4.9,748.0,38.6,0.0,38.6,28.7,,0.614,Orange
Khordha,2049345,20.1031,85.6031,2026-09-15T11:00,31.3,73,4.0,817.0,39.7,0.0,39.4,29.1,,0.642,Orange
Khordha,2049345,20.1031,85.6031,2026-09-15T12:00,31.9,70,6.1,790.0,39.8,0.0,40.1,29.2,,0.653,Orange
Khordha,2049345,20.1031,85.6031,2026-09-15T13:00,30.0,77,7.5,732.0,37.1,0.0,36.8,28.0,,0.561,Orange
Khordha,2049345,20.1031,85.6031,2026-09-15T14:00,26.6,91,9.3,476.0,31.9,0.0,29.7,26.0,,0.378,Yellow
Khordha,2049345,20.1031,85.6031,2026-09-15T15:00,28.3,85,4.8,413.0,34.7,0.0,33.8,27.1,,0.482,Yellow
Khordha,2049345,20.1031,85.6031,2026-09-15T16:00,29.3,82,4.0,274.0,36.1,0.0,36.1,27.7,,0.539,Orange
Khordha,2049345,20.1031,85.6031,2026-09-15T17:00,28.7,84,4.0,98.0,35.2,0.0,34.7,27.2,,0.499,Yellow
Khordha,2049345,20.1031,85.6031,2026-09-15T18:00,27.9,89,5.2,3.0,34.5,0.0,33.5,26.9,,0.467,Yellow
Khordha,2049345,20.1031,85.6031,2026-09-15T19:00,27.2,93,3.2,0.0,34.0,0.0,32.2,26.6,,0.437,Yellow
Khordha,2049345,20.1031,85.6031,2026-09-15T20:00,27.1,94,0.5,0.0,34.3,0.0,32.1,26.6,,0.436,Yellow
Khordha,2049345,20.1031,85.6031,2026-09-15T21:00,26.8,95,2.4,0.0,33.8,0.0,31.4,26.4,,0.418,Yellow
Khordha,2049345,20.1031,85.6031,2026-09-15T22:00,26.7,95,3.3,0.0,33.5,0.0,31.1,26.3,,0.41,Yellow
Khordha,2049345,20.1031,85.6031,2026-09-15T23:00,26.6,95,5.6,0.0,33.1,0.0,30.0,26.2,,0.391,Yellow
Khordha,2049345,20.1031,85.6031,2026-09-16T00:00,26.4,96,5.6,0.0,32.8,0.0,29.5,26.1,,0.379,Yellow
Khordha,2049345,20.1031,85.6031,2026-09-16T01:00,26.2,96,4.9,0.0,32.5,0.0,28.9,25.9,,0.363,Yellow
Khordha,2049345,20.1031,85.6031,2026-09-16T02:00,25.9,97,5.1,0.0,32.1,0.0,28.0,25.6,,0.343,Yellow
Khordha,2049345,20.1031,85.6031,2026-09-16T03:00,25.8,96,4.9,0.0,31.9,0.0,27.7,25.5,,0.33,Yellow
Khordha,2049345,20.1031,85.6031,2026-09-16T04:00,25.6,96,5.1,0.0,31.5,0.0,27.1,25.3,,0.314,Yellow
Khordha,2049345,20.1031,85.6031,2026-09-16T05:00,25.5,95,5.8,0.0,31.1,0.0,26.8,25.1,,0.302,Yellow
Khordha,2049345,20.1031,85.6031,2026-09-16T06:00,26.2,93,5.2,40.0,32.1,0.0,28.7,25.6,,0.35,Yellow
Khordha,2049345,20.1031,85.6031,2026-09-16T07:00,27.9,88,4.9,203.0,34.4,0.0,33.3,26.9,,0.466,Yellow
Khordha,2049345,20.1031,85.6031,2026-09-16T08:00,29.3,82,5.2,399.0,35.9,0.0,36.1,27.8,,0.54,Orange
Khordha,2049345,20.1031,85.6031,2026-09-16T09:00,30.6,77,6.1,594.0,37.3,0.0,38.6,28.6,,0.608,Orange
Khordha,2049345,20.1031,85.6031,2026-09-16T10:00,31.5,73,5.1,730.0,39.2,0.0,40.0,29.2,,0.651,Orange
Khordha,2049345,20.1031,85.6031,2026-09-16T11:00,32.0,72,4.9,807.0,40.5,0.0,41.2,29.6,,0.685,Orange
Khordha,2049345,20.1031,85.6031,2026-09-16T12:00,32.3,72,4.9,827.0,41.0,0.0,42.1,29.9,,0.71,Orange
Khordha,2049345,20.1031,85.6031,2026-09-16T13:00,32.4,69,3.5,681.0,40.1,0.0,41.2,29.7,,0.689,Orange
Khordha,2049345,20.1031,85.6031,2026-09-16T14:00,30.2,80,15.0,568.0,35.6,0.0,38.3,28.3,,0.593,Orange
Khordha,2049345,20.1031,85.6031,2026-09-16T15:00,28.7,89,6.6,293.0,35.5,0.0,36.0,27.8,,0.54,Orange
Khordha,2049345,20.1031,85.6031,2026-09-16T16:00,28.4,88,11.9,225.0,34.2,0.0,34.8,27.3,,0.504,Orange
Khordha,2049345,20.1031,85.6031,2026-09-16T17:00,28.0,89,6.5,88.0,34.4,0.0,33.8,27.0,,0.477,Yellow
Khordha,2049345,20.1031,85.6031,2026-09-16T18:00,27.5,93,3.3,3.0,34.5,0.0,33.1,26.9,,0.462,Yellow
Khordha,2049345,20.1031,85.6031,2026-09-16T19:00,27.2,93,4.3,0.0,33.9,0.0,32.2,26.6,,0.437,Yellow
Khordha,2049345,20.1031,85.6031,2026-09-16T20:00,26.9,95,2.3,0.0,33.9,0.0,31.7,26.5,,0.426,Yellow
Khordha,2049345,20.1031,85.6031,2026-09-16T21:00,26.6,95,3.5,0.0,33.3,0.0,30.0,26.2,,0.391,Yellow
Khordha,2049345,20.1031,85.6031,2026-09-16T22:00,26.3,95,4.6,0.0,32.7,0.0,29.1,25.9,,0.366,Yellow
Khordha,2049345,20.1031,85.6031,2026-09-16T23:00,26.2,95,5.5,0.0,32.3,0.0,28.8,25.8,,0.358,Yellow
Khordha,2049345,20.1031,85.6031,2026-09-17T00:00,26.2,96,4.7,0.0,32.5,0.0,28.9,25.9,,0.363,Yellow
Khordha,2049345,20.1031,85.6031,2026-09-17T01:00,26.2,97,5.9,0.0,32.5,0.0,28.9,25.9,,0.367,Yellow
Khordha,2049345,20.1031,85.6031,2026-09-17T02:00,26.3,97,6.5,0.0,32.5,0.0,29.2,26.0,,0.376,Yellow
Khordha,2049345,20.1031,85.6031,2026-09-17T03:00,26.1,97,5.9,0.0,32.3,0.0,28.6,25.8,,0.359,Yellow
Khordha,2049345,20.1031,85.6031,2026-09-17T04:00,25.8,97,3.4,0.0,32.3,0.0,27.7,25.5,,0.334,Yellow
Khordha,2049345,20.1031,85.6031,2026-09-17T05:00,25.6,97,4.7,0.0,31.8,0.0,27.1,25.3,,0.318,Yellow
Khordha,2049345,20.1031,85.6031,2026-09-17T06:00,26.4,93,8.8,41.0,31.8,0.0,29.3,25.8,,0.365,Yellow
Khordha,2049345,20.1031,85.6031,2026-09-17T07:00,27.6,90,5.3,201.0,34.1,0.0,32.8,26.8,,0.455,Yellow
Khordha,2049345,20.1031,85.6031,2026-09-17T08:00,29.1,85,3.8,408.0,36.2,0.0,36.2,28.0,,0.55,Orange
Khordha,2049345,20.1031,85.6031,2026-09-17T09:00,30.5,78,5.7,589.0,37.4,0.0,38.6,28.6,,0.609,Orange
Khordha,2049345,20.1031,85.6031,2026-09-17T10:00,31.5,73,9.6,713.0,38.5,0.0,40.0,28.9,,0.642,Orange
Khordha,2049345,20.1031,85.6031,2026-09-17T11:00,32.3,69,9.4,766.0,39.5,0.0,40.9,29.3,,0.669,Orange
Khordha,2049345,20.1031,85.6031,2026-09-17T12:00,32.8,68,8.5,867.0,40.9,0.0,42.0,29.7,,0.701,Orange
Khordha,2049345,20.1031,85.6031,2026-09-17T13:00,32.9,69,6.6,780.0,41.1,0.0,42.7,30.0,,0.722,Orange
Khordha,2049345,20.1031,85.6031,2026-09-17T14:00,32.5,72,5.4,615.0,40.0,0.0,42.7,29.9,,0.719,Orange
Khordha,2049345,20.1031,85.6031,2026-09-17T15:00,31.2,77,5.7,370.0,38.3,0.0,40.5,29.1,,0.653,Orange
Khordha,2049345,20.1031,85.6031,2026-09-17T16:00,29.4,85,6.5,221.0,36.3,0.0,37.1,28.0,,0.566,Orange
Khordha,2049345,20.1031,85.6031,2026-09-17T17:00,28.0,92,6.7,81.0,34.8,0.0,34.5,27.3,,0.499,Yellow
Khordha,2049345,20.1031,85.6031,2026-09-17T18:00,27.3,95,5.8,1.0,34.2,0.0,32.9,26.9,,0.459,Yellow
Khordha,2049345,20.1031,85.6031,2026-09-17T19:00,27.1,96,4.8,0.0,34.0,0.0,32.5,26.8,,0.449,Yellow
Khordha,2049345,20.1031,85.6031,2026-09-17T20:00,26.9,96,4.0,0.0,33.8,0.0,31.9,26.6,,0.432,Yellow
Khordha,2049345,20.1031,85.6031,2026-09-17T21:00,26.7,97,3.8,0.0,33.6,0.0,31.4,26.4,,0.422,Yellow
Khordha,2049345,20.1031,85.6031,2026-09-17T22:00,26.5,97,4.1,0.0,33.3,0.0,29.9,26.2,,0.393,Yellow
Khordha,2049345,20.1031,85.6031,2026-09-17T23:00,26.3,98,3.5,0.0,33.1,0.0,29.3,26.1,,0.381,Yellow
Sundargarh,1908310,22.0499,84.4576,2026-09-13T00:00,24.7,91,11.4,0.0,28.5,0.0,25.0,23.9,,0.228,Green
Sundargarh,1908310,22.0499,84.4576,2026-09-13T01:00,24.6,91,11.5,0.0,28.4,0.0,24.7,23.8,,0.221,Green
Sundargarh,1908310,22.0499,84.4576,2026-09-13T02:00,24.5,92,11.7,0.0,28.3,0.0,24.5,23.8,,0.217,Green
Sundargarh,1908310,22.0499,84.4576,2026-09-13T03:00,24.3,92,11.0,0.0,28.2,0.0,24.0,23.6,,0.203,Green
Sundargarh,1908310,22.0499,84.4576,2026-09-13T04:00,24.2,93,10.4,0.0,28.1,0.0,23.7,23.6,,0.199,Green
Sundargarh,1908310,22.0499,84.4576,2026-09-13T05:00,24.5,93,10.0,0.0,28.7,0.0,24.4,23.9,,0.22,Green
Sundargarh,1908310,22.0499,84.4576,2026-09-13T06:00,25.0,91,11.0,34.0,29.1,0.0,25.6,24.2,,0.25,Yellow
Sundargarh,1908310,22.0499,84.4576,2026-09-13T07:00,26.5,84,10.5,193.0,30.8,0.0,28.9,25.1,,0.33,Yellow
Sundargarh,1908310,22.0499,84.4576,2026-09-13T08:00,27.7,77,11.1,389.0,31.7,0.0,31.0,25.6,,0.38,Yellow
Sundargarh,1908310,22.0499,84.4576,2026-09-13T09:00,28.9,69,11.8,608.0,32.7,0.0,32.3,26.0,,0.414,Yellow
Sundargarh,1908310,22.0499,84.4576,2026-09-13T10:00,29.5,66,12.0,752.0,34.1,0.0,33.0,26.2,,0.435,Yellow
Sundargarh,1908310,22.0499,84.4576,2026-09-13T11:00,30.5,58,11.8,793.0,34.7,0.0,33.4,26.3,,0.441,Yellow
Sundargarh,1908310,22.0499,84.4576,2026-09-13T12:00,29.5,65,12.0,831.0,34.3,0.0,32.8,26.1,,0.429,Yellow
Sundargarh,1908310,22.0499,84.4576,2026-09-13T13:00,28.7,77,7.4,655.0,34.5,0.0,33.3,26.7,,0.46,Yellow
Sundargarh,1908310,22.0499,84.4576,2026-09-13T14:00,29.7,70,7.6,642.0,34.9,0.0,34.3,26.9,,0.481,Yellow
Sundargarh,1908310,22.0499,84.4576,2026-09-13T15:00,29.3,71,8.1,512.0,33.9,0.0,33.6,26.6,,0.457,Yellow
Sundargarh,1908310,22.0499,84.4576,2026-09-13T16:00,27.2,83,9.2,253.0,32.0,0.0,30.5,25.7,,0.377,Yellow
Sundargarh,1908310,22.0499,84.4576,2026-09-13T17:00,27.5,84,6.0,71.0,33.0,0.0,31.4,26.0,,0.403,Yellow
Sundargarh,1908310,22.0499,84.4576,2026-09-13T18:00,26.0,89,8.2,7.0,30.9,0.0,28.0,25.0,,0.315,Yellow
Sundargarh,1908310,22.0499,84.4576,2026-09-13T19:00,25.8,88,11.1,0.0,30.1,0.0,27.5,24.7,,0.296,Yellow
Sundargarh,1908310,22.0499,84.4576,2026-09-13T20:00,24.7,88,6.9,0.0,29.0,0.0,25.1,23.6,,0.218,Green
Sundargarh,1908310,22.0499,84.4576,2026-09-13T21:00,24.1,92,3.1,0.0,29.0,0.0,23.6,23.4,,0.189,Green
Sundargarh,1908310,22.0499,84.4576,2026-09-13T22:00,23.7,95,3.5,0.0,28.6,0.0,22.5,23.3,,0.169,Green
Sundargarh,1908310,22.0499,84.4576,2026-09-13T23:00,23.5,97,5.6,0.0,28.2,0.0,21.8,23.2,,0.159,Green
Sundargarh,1908310,22.0499,84.4576,2026-09-14T00:00,23.6,97,6.0,0.0,28.2,0.0,22.0,23.3,,0.166,Green
Sundargarh,1908310,22.0499,84.4576,2026-09-14T01:00,23.5,97,5.8,0.0,28.2,0.0,21.8,23.2,,0.159,Green
Sundargarh,1908310,22.0499,84.4576,2026-09-14T02:00,23.3,98,4.3,0.0,28.2,0.0,21.2,23.1,,0.146,Green
Sundargarh,1908310,22.0499,84.4576,2026-09-14T03:00,23.2,98,3.8,0.0,28.1,0.0,21.0,23.0,,0.139,Green
Sundargarh,1908310,22.0499,84.4576,2026-09-14T04:00,23.1,99,2.2,0.0,28.1,0.0,20.6,23.0,,0.134,Green
Sundargarh,1908310,22.0499,84.4576,2026-09-14T05:00,23.0,100,0.5,0.0,28.3,0.0,20.2,23.0,,0.128,Green
Sundargarh,1908310,22.0499,84.4576,2026-09-14T06:00,23.8,97,1.3,31.0,29.3,0.0,22.5,23.6,,0.183,Green
Sundargarh,1908310,22.0499,84.4576,2026-09-14T07:00,25.6,88,1.4,175.0,31.1,0.0,27.0,24.8,,0.293,Yellow
Sundargarh,1908310,22.0499,84.4576,2026-09-14T08:00,26.8,85,2.3,363.0,32.6,0.0,29.7,25.8,,0.373,Yellow
Sundargarh,1908310,22.0499,84.4576,2026-09-14T09:00,27.9,80,2.7,514.0,33.6,0.0,31.9,26.5,,0.43,Yellow
Sundargarh,1908310,22.0499,84.4576,2026-09-14T10:00,29.3,73,3.2,702.0,36.0,0.0,34.0,27.2,,0.49,Yellow
Sundargarh,1908310,22.0499,84.4576,2026-09-14T11:00,29.7,72,4.2,779.0,36.7,0.0,34.8,27.4,,0.509,Orange
Sundargarh,1908310,22.0499,84.4576,2026-09-14T12:00,29.6,73,7.0,778.0,36.2,0.0,34.8,27.2,,0.501,Orange
Sundargarh,1908310,22.0499,84.4576,2026-09-14T13:00,30.0,71,6.2,744.0,36.6,0.0,35.3,27.4,,0.516,Orange
Sundargarh,1908310,22.0499,84.4576,2026-09-14T14:00,26.4,91,7.8,457.0,31.9,0.0,29.1,25.8,,0.363,Yellow
Sundargarh,1908310,22.0499,84.4576,2026-09-14T15:00,24.7,100,12.2,208.0,29.4,0.0,24.5,24.8,,0.259,Yellow
Sundargarh,1908310,22.0499,84.4576,2026-09-14T16:00,25.8,98,8.2,221.0,31.6,0.0,27.7,25.7,,0.343,Yellow
Sundargarh,1908310,22.0499,84.4576,2026-09-14T17:00,25.9,99,4.7,81.0,32.3,0.0,28.1,25.9,,0.354,Yellow
Sundargarh,1908310,22.0499,84.4576,2026-09-14T18:00,25.2,100,2.3,6.0,31.6,0.0,25.9,25.2,,0.297,Yellow
Sundargarh,1908310,22.0499,84.4576,2026-09-14T19:00,24.9,100,3.0,0.0,31.1,0.0,25.0,24.9,,0.273,Yellow
Sundargarh,1908310,22.0499,84.4576,2026-09-14T20:00,24.6,100,2.3,0.0,30.7,0.0,24.2,24.6,,0.249,Green
Sundargarh,1908310,22.0499,84.4576,2026-09-14T21:00,24.3,100,3.1,0.0,30.1,0.0,23.4,24.3,,0.225,Green
Sundargarh,1908310,22.0499,84.4576,2026-09-14T22:00,24.0,100,2.1,0.0,29.8,0.0,22.6,24.0,,0.202,Green
Sundargarh,1908310,22.0499,84.4576,2026-09-14T23:00,23.8,100,1.9,0.0,29.4,0.0,22.1,23.8,,0.187,Green
Sundargarh,1908310,22.0499,84.4576,2026-09-15T00:00,23.7,100,1.9,0.0,29.3,0.0,21.8,23.7,,0.179,Green
Sundargarh,1908310,22.0499,84.4576,2026-09-15T01:00,23.7,100,3.6,0.0,29.1,0.0,21.8,23.7,,0.179,Green
Sundargarh,1908310,22.0499,84.4576,2026-09-15T02:00,23.6,100,4.1,0.0,28.7,0.0,21.6,23.6,,0.172,Green
Sundargarh,1908310,22.0499,84.4576,2026-09-15T03:00,23.4,100,3.9,0.0,28.5,0.0,21.1,23.4,,0.157,Green
Sundargarh,1908310,22.0499,84.4576,2026-09-15T04:00,23.1,99,3.3,0.0,28.1,0.0,20.6,23.0,,0.134,Green
Sundargarh,1908310,22.0499,84.4576,2026-09-15T05:00,23.1,99,3.7,0.0,27.9,0.0,20.6,23.0,,0.134,Green
Sundargarh,1908310,22.0499,84.4576,2026-09-15T06:00,23.5,99,3.8,32.0,28.6,0.0,21.5,23.5,,0.164,Green
Sundargarh,1908310,22.0499,84.4576,2026-09-15T07:00,24.8,94,3.8,188.0,30.1,0.0,25.1,24.4,,0.252,Yellow
Sundargarh,1908310,22.0499,84.4576,2026-09-15T08:00,26.6,87,4.2,373.0,32.1,0.0,29.4,25.7,,0.362,Yellow
Sundargarh,1908310,22.0499,84.4576,2026-09-15T09:00,27.5,83,5.6,463.0,33.0,0.0,31.3,26.1,,0.407,Yellow
Sundargarh,1908310,22.0499,84.4576,2026-09-15T10:00,28.9,76,5.9,710.0,35.3,0.0,33.6,26.9,,0.472,Yellow
Sundargarh,1908310,22.0499,84.4576,2026-09-15T11:00,29.9,71,6.2,824.0,36.7,0.0,35.0,27.4,,0.51,Orange
Sundargarh,1908310,22.0499,84.4576,2026-09-15T12:00,30.0,69,6.3,661.0,35.7,0.0,34.8,27.2,,0.498,Yellow
Sundargarh,1908310,22.0499,84.4576,2026-09-15T13:00,30.0,69,7.5,649.0,35.4,0.0,34.8,27.1,,0.495,Yellow
Sundargarh,1908310,22.0499,84.4576,2026-09-15T14:00,29.6,72,7.3,651.0,35.2,0.0,34.5,27.1,,0.49,Yellow
Sundargarh,1908310,22.0499,84.4576,2026-09-15T15:00,29.5,72,4.4,518.0,34.9,0.0,34.3,27.0,,0.486,Yellow
Sundargarh,1908310,22.0499,84.4576,2026-09-15T16:00,28.7,79,4.7,295.0,34.5,0.0,33.7,26.8,,0.469,Yellow
Sundargarh,1908310,22.0499,84.4576,2026-09-15T17:00,27.4,88,2.5,101.0,33.8,0.0,31.8,26.4,,0.425,Yellow
Sundargarh,1908310,22.0499,84.4576,2026-09-15T18:00,26.2,91,2.1,6.0,32.3,0.0,28.6,25.4,,0.34,Yellow
Sundargarh,1908310,22.0499,84.4576,2026-09-15T19:00,25.6,93,2.3,0.0,31.6,0.0,27.1,25.0,,0.302,Yellow
Sundargarh,1908310,22.0499,84.4576,2026-09-15T20:00,25.3,94,2.5,0.0,31.3,0.0,26.3,24.8,,0.283,Yellow
Sundargarh,1908310,22.0499,84.4576,2026-09-15T21:00,25.1,95,4.1,0.0,30.8,0.0,25.8,24.7,,0.271,Yellow
Sundargarh,1908310,22.0499,84.4576,2026-09-15T22:00,24.9,96,4.2,0.0,30.5,0.0,25.2,24.6,,0.259,Yellow
Sundargarh,1908310,22.0499,84.4576,2026-09-15T23:00,24.7,96,5.8,0.0,29.9,0.0,24.7,24.4,,0.244,Green
Sundargarh,1908310,22.0499,84.4576,2026-09-16T00:00,24.6,95,6.8,0.0,29.5,0.0,24.5,24.2,,0.234,Green
Sundargarh,1908310,22.0499,84.4576,2026-09-16T01:00,24.5,95,7.7,0.0,29.2,0.0,24.3,24.1,,0.226,Green
Sundargarh,1908310,22.0499,84.4576,2026-09-16T02:00,24.4,94,7.8,0.0,28.9,0.0,24.1,23.9,,0.216,Green
Sundargarh,1908310,22.0499,84.4576,2026-09-16T03:00,24.2,93,8.7,0.0,28.5,0.0,23.7,23.6,,0.199,Green
Sundargarh,1908310,22.0499,84.4576,2026-09-16T04:00,23.4,95,1.6,0.0,28.3,0.0,21.8,23.0,,0.148,Green
Sundargarh,1908310,22.0499,84.4576,2026-09-16T05:00,23.3,98,4.7,0.0,28.1,0.0,21.2,23.1,,0.146,Green
Sundargarh,1908310,22.0499,84.4576,2026-09-16T06:00,23.5,99,7.9,28.0,28.0,0.0,21.5,23.4,,0.163,Green
Sundargarh,1908310,22.0499,84.4576,2026-09-16T07:00,24.5,95,6.5,188.0,29.4,0.0,24.3,24.2,,0.23,Green
Sundargarh,1908310,22.0499,84.4576,2026-09-16T08:00,26.1,89,7.1,369.0,31.1,0.0,28.2,25.3,,0.33,Yellow
Sundargarh,1908310,22.0499,84.4576,2026-09-16T09:00,27.2,83,8.1,437.0,32.1,0.0,30.5,25.8,,0.381,Yellow
Sundargarh,1908310,22.0499,84.4576,2026-09-16T10:00,28.7,79,7.9,672.0,34.7,0.0,33.7,26.9,,0.473,Yellow
Sundargarh,1908310,22.0499,84.4576,2026-09-16T11:00,29.8,75,7.7,815.0,36.8,0.0,35.8,27.6,,0.53,Orange
Sundargarh,1908310,22.0499,84.4576,2026-09-16T12:00,30.5,71,8.0,825.0,37.4,0.0,36.6,27.9,,0.551,Orange
Sundargarh,1908310,22.0499,84.4576,2026-09-16T13:00,29.2,75,10.1,651.0,34.6,0.0,34.2,26.9,,0.479,Yellow
Sundargarh,1908310,22.0499,84.4576,2026-09-16T14:00,28.9,80,11.1,575.0,34.2,0.0,34.5,27.1,,0.491,Yellow
Sundargarh,1908310,22.0499,84.4576,2026-09-16T15:00,26.3,93,11.3,442.0,31.5,0.0,29.0,25.8,,0.363,Yellow
Sundargarh,1908310,22.0499,84.4576,2026-09-16T16:00,25.8,97,1.7,181.0,32.4,0.0,27.7,25.8,,0.346,Yellow
Sundargarh,1908310,22.0499,84.4576,2026-09-16T17:00,25.8,99,2.6,87.0,32.4,0.0,27.7,25.8,,0.347,Yellow
Sundargarh,1908310,22.0499,84.4576,2026-09-16T18:00,25.7,97,0.5,5.0,32.4,0.0,27.4,25.5,,0.327,Yellow
Sundargarh,1908310,22.0499,84.4576,2026-09-16T19:00,25.6,96,0.5,0.0,32.2,0.0,27.1,25.3,,0.314,Yellow
Sundargarh,1908310,22.0499,84.4576,2026-09-16T20:00,25.2,97,2.2,0.0,31.5,0.0,26.0,24.9,,0.286,Yellow
Sundargarh,1908310,22.0499,84.4576,2026-09-16T21:00,24.9,98,5.5,0.0,30.5,0.0,25.1,24.7,,0.266,Yellow
Sundargarh,1908310,22.0499,84.4576,2026-09-16T22:00,24.9,98,7.2,0.0,30.2,0.0,25.1,24.7,,0.266,Yellow
Sundargarh,1908310,22.0499,84.4576,2026-09-16T23:00,24.7,99,6.7,0.0,30.2,0.0,24.5,24.6,,0.254,Yellow
Sundargarh,1908310,22.0499,84.4576,2026-09-17T00:00,24.6,100,7.8,0.0,29.9,0.0,24.2,24.6,,0.249,Green
Sundargarh,1908310,22.0499,84.4576,2026-09-17T01:00,24.4,100,8.2,0.0,29.6,0.0,23.7,24.4,,0.233,Green
Sundargarh,1908310,22.0499,84.4576,2026-09-17T02:00,24.2,100,9.4,0.0,29.1,0.0,23.1,24.2,,0.217,Green
Sundargarh,1908310,22.0499,84.4576,2026-09-17T03:00,24.1,99,8.5,0.0,29.0,0.0,23.0,24.0,,0.207,Green
Sundargarh,1908310,22.0499,84.4576,2026-09-17T04:00,24.0,99,8.7,0.0,28.7,0.0,22.7,23.9,,0.2,Green
Sundargarh,1908310,22.0499,84.4576,2026-09-17T05:00,23.7,100,7.0,0.0,28.6,0.0,21.8,23.7,,0.179,Green
Sundargarh,1908310,22.0499,84.4576,2026-09-17T06:00,24.1,98,8.5,26.0,28.8,0.0,23.1,24.0,,0.205,Green
Sundargarh,1908310,22.0499,84.4576,2026-09-17T07:00,25.0,94,9.8,127.0,29.6,0.0,25.5,24.5,,0.262,Yellow
Sundargarh,1908310,22.0499,84.4576,2026-09-17T08:00,26.3,89,9.3,259.0,31.2,0.0,28.8,25.4,,0.342,Yellow
Sundargarh,1908310,22.0499,84.4576,2026-09-17T09:00,27.3,82,9.6,377.0,31.9,0.0,30.6,25.7,,0.381,Yellow
Sundargarh,1908310,22.0499,84.4576,2026-09-17T10:00,28.8,75,10.1,718.0,34.3,0.0,33.2,26.6,,0.451,Yellow
Sundargarh,1908310,22.0499,84.4576,2026-09-17T11:00,29.7,71,10.8,810.0,35.6,0.0,34.5,27.0,,0.488,Yellow
Sundargarh,1908310,22.0499,84.4576,2026-09-17T12:00,30.0,70,11.3,857.0,36.1,0.0,35.0,27.2,,0.502,Orange
Sundargarh,1908310,22.0499,84.4576,2026-09-17T13:00,29.9,72,11.7,754.0,35.6,0.0,35.3,27.3,,0.509,Orange
Sundargarh,1908310,22.0499,84.4576,2026-09-17T14:00,29.5,75,10.7,561.0,34.3,0.0,35.0,27.2,,0.5,Orange
Sundargarh,1908310,22.0499,84.4576,2026-09-17T15:00,28.4,81,6.8,280.0,34.0,0.0,33.3,26.7,,0.457,Yellow
Sundargarh,1908310,22.0499,84.4576,2026-09-17T16:00,27.0,90,2.7,159.0,33.5,0.0,31.1,26.2,,0.409,Yellow
Sundargarh,1908310,22.0499,84.4576,2026-09-17T17:00,25.8,98,3.3,61.0,32.3,0.0,27.7,25.7,,0.341,Yellow
Sundargarh,1908310,22.0499,84.4576,2026-09-17T18:00,25.3,100,3.2,2.0,31.7,0.0,26.2,25.3,,0.305,Yellow
Sundargarh,1908310,22.0499,84.4576,2026-09-17T19:00,25.1,99,3.3,0.0,31.2,0.0,25.7,25.0,,0.285,Yellow
Sundargarh,1908310,22.0499,84.4576,2026-09-17T20:00,24.9,97,4.7,0.0,30.6,0.0,25.2,24.6,,0.263,Yellow
Sundargarh,1908310,22.0499,84.4576,2026-09-17T21:00,24.7,97,5.4,0.0,30.1,0.0,24.7,24.4,,0.247,Green
Sundargarh,1908310,22.0499,84.4576,2026-09-17T22:00,24.6,97,5.7,0.0,29.8,0.0,24.4,24.3,,0.24,Green
Sundargarh,1908310,22.0499,84.4576,2026-09-17T23:00,24.4,97,6.2,0.0,29.5,0.0,23.9,24.1,,0.225,Green
Jajapur,1692095,20.8764,86.1931,2026-09-13T00:00,26.5,90,5.5,0.0,32.2,0.0,29.3,25.6,,0.358,Yellow
Jajapur,1692095,20.8764,86.1931,2026-09-13T01:00,26.3,91,5.1,0.0,32.0,0.0,28.9,25.5,,0.347,Yellow
Jajapur,1692095,20.8764,86.1931,2026-09-13T02:00,26.0,92,4.7,0.0,31.8,0.0,28.1,25.3,,0.328,Yellow
Jajapur,1692095,20.8764,86.1931,2026-09-13T03:00,25.9,92,4.4,0.0,31.6,0.0,27.8,25.2,,0.321,Yellow
Jajapur,1692095,20.8764,86.1931,2026-09-13T04:00,25.8,93,3.5,0.0,31.7,0.0,27.6,25.2,,0.317,Yellow
Jajapur,1692095,20.8764,86.1931,2026-09-13T05:00,26.2,92,4.5,0.0,32.1,0.0,28.7,25.5,,0.344,Yellow
Jajapur,1692095,20.8764,86.1931,2026-09-13T06:00,27.1,90,4.7,48.0,33.2,0.0,31.4,26.2,,0.411,Yellow
Jajapur,1692095,20.8764,86.1931,2026-09-13T07:00,28.7,84,3.7,223.0,35.4,0.0,34.7,27.3,,0.504,Orange
Jajapur,1692095,20.8764,86.1931,2026-09-13T08:00,30.0,78,6.6,431.0,36.3,0.0,37.1,28.0,,0.564,Orange
Jajapur,1692095,20.8764,86.1931,2026-09-13T09:00,30.8,76,7.3,607.0,37.5,0.0,38.9,28.6,,0.614,Orange
Jajapur,1692095,20.8764,86.1931,2026-09-13T10:00,25.8,91,17.3,435.0,29.6,0.0,27.6,25.1,,0.313,Yellow
Jajapur,1692095,20.8764,86.1931,2026-09-13T11:00,28.2,82,4.9,411.0,34.1,0.0,32.9,26.7,,0.454,Yellow
Jajapur,1692095,20.8764,86.1931,2026-09-13T12:00,30.9,73,6.2,842.0,38.9,0.0,38.2,28.6,,0.603,Orange
Jajapur,1692095,20.8764,86.1931,2026-09-13T13:00,31.6,67,7.0,700.0,37.9,0.0,38.3,28.4,,0.598,Orange
Jajapur,1692095,20.8764,86.1931,2026-09-13T14:00,31.2,67,7.0,553.0,36.5,0.0,37.2,28.0,,0.565,Orange
Jajapur,1692095,20.8764,86.1931,2026-09-13T15:00,31.0,69,4.5,461.0,36.8,0.0,37.3,28.1,,0.57,Orange
Jajapur,1692095,20.8764,86.1931,2026-09-13T16:00,25.7,94,9.4,127.0,30.8,0.0,27.4,25.2,,0.316,Yellow
Jajapur,1692095,20.8764,86.1931,2026-09-13T17:00,26.3,92,8.5,33.0,31.6,0.0,28.9,25.6,,0.352,Yellow
Jajapur,1692095,20.8764,86.1931,2026-09-13T18:00,26.0,94,3.8,2.0,32.1,0.0,28.2,25.5,,0.337,Yellow
Jajapur,1692095,20.8764,86.1931,2026-09-13T19:00,26.1,93,2.0,0.0,32.5,0.0,28.4,25.5,,0.341,Yellow
Jajapur,1692095,20.8764,86.1931,2026-09-13T20:00,26.2,94,1.3,0.0,32.8,0.0,28.8,25.7,,0.353,Yellow
Jajapur,1692095,20.8764,86.1931,2026-09-13T21:00,26.2,95,1.0,0.0,33.0,0.0,28.8,25.8,,0.358,Yellow
Jajapur,1692095,20.8764,86.1931,2026-09-13T22:00,26.1,96,1.9,0.0,32.9,0.0,28.6,25.8,,0.355,Yellow
Jajapur,1692095,20.8764,86.1931,2026-09-13T23:00,26.0,97,0.6,0.0,32.9,0.0,28.3,25.7,,0.351,Yellow
Jajapur,1692095,20.8764,86.1931,2026-09-14T00:00,25.9,97,1.7,0.0,32.7,0.0,28.0,25.6,,0.343,Yellow
Jajapur,1692095,20.8764,86.1931,2026-09-14T01:00,25.8,98,1.0,0.0,32.7,0.0,27.7,25.6,,0.339,Yellow
Jajapur,1692095,20.8764,86.1931,2026-09-14T02:00,25.8,98,0.8,0.0,32.7,0.0,27.7,25.6,,0.339,Yellow
Jajapur,1692095,20.8764,86.1931,2026-09-14T03:00,25.8,98,1.0,0.0,32.6,0.0,27.7,25.6,,0.339,Yellow
Jajapur,1692095,20.8764,86.1931,2026-09-14T04:00,25.6,99,1.1,0.0,32.4,0.0,27.1,25.5,,0.326,Yellow
Jajapur,1692095,20.8764,86.1931,2026-09-14T05:00,25.5,99,3.1,0.0,31.9,0.0,26.8,25.4,,0.318,Yellow
Jajapur,1692095,20.8764,86.1931,2026-09-14T06:00,26.1,97,2.9,44.0,32.7,0.0,28.6,25.9,,0.361,Yellow
Jajapur,1692095,20.8764,86.1931,2026-09-14T07:00,27.2,89,4.1,197.0,33.4,0.0,31.5,26.3,,0.417,Yellow
Jajapur,1692095,20.8764,86.1931,2026-09-14T08:00,28.6,80,3.1,408.0,34.8,0.0,33.7,27.0,,0.476,Yellow
Jajapur,1692095,20.8764,86.1931,2026-09-14T09:00,29.9,75,3.3,584.0,36.3,0.0,36.0,27.9,,0.545,Orange
Jajapur,1692095,20.8764,86.1931,2026-09-14T10:00,30.7,73,4.4,714.0,38.1,0.0,37.7,28.4,,0.59,Orange
Jajapur,1692095,20.8764,86.1931,2026-09-14T11:00,31.3,71,5.0,836.0,39.4,0.0,38.7,28.8,,0.62,Orange
Jajapur,1692095,20.8764,86.1931,2026-09-14T12:00,31.3,71,4.2,792.0,39.2,0.0,38.7,28.9,,0.622,Orange
Jajapur,1692095,20.8764,86.1931,2026-09-14T13:00,31.6,70,3.2,650.0,38.8,0.0,39.3,29.1,,0.637,Orange
Jajapur,1692095,20.8764,86.1931,2026-09-14T14:00,26.4,93,16.3,388.0,30.8,0.0,29.3,25.9,,0.368,Yellow
Jajapur,1692095,20.8764,86.1931,2026-09-14T15:00,27.7,90,10.3,361.0,33.5,0.0,33.1,26.9,,0.463,Yellow
Jajapur,1692095,20.8764,86.1931,2026-09-14T16:00,28.5,83,1.3,253.0,35.3,0.0,34.0,27.3,,0.491,Yellow
Jajapur,1692095,20.8764,86.1931,2026-09-14T17:00,28.0,85,3.5,91.0,34.4,0.0,32.9,26.6,,0.45,Yellow
Jajapur,1692095,20.8764,86.1931,2026-09-14T18:00,27.1,91,3.3,3.0,33.6,0.0,31.5,26.3,,0.416,Yellow
Jajapur,1692095,20.8764,86.1931,2026-09-14T19:00,26.8,93,3.3,0.0,33.5,0.0,31.0,26.2,,0.405,Yellow
Jajapur,1692095,20.8764,86.1931,2026-09-14T20:00,26.7,94,2.6,0.0,33.4,0.0,30.9,26.2,,0.403,Yellow
Jajapur,1692095,20.8764,86.1931,2026-09-14T21:00,26.3,96,3.0,0.0,33.0,0.0,29.2,26.0,,0.371,Yellow
Jajapur,1692095,20.8764,86.1931,2026-09-14T22:00,26.1,97,2.9,0.0,32.8,0.0,28.6,25.8,,0.359,Yellow
Jajapur,1692095,20.8764,86.1931,2026-09-14T23:00,25.9,98,3.8,0.0,32.5,0.0,28.0,25.7,,0.347,Yellow
Jajapur,1692095,20.8764,86.1931,2026-09-15T00:00,25.8,99,4.9,0.0,32.1,0.0,27.7,25.7,,0.343,Yellow
Jajapur,1692095,20.8764,86.1931,2026-09-15T01:00,25.7,98,3.6,0.0,32.2,0.0,27.4,25.5,,0.33,Yellow
Jajapur,1692095,20.8764,86.1931,2026-09-15T02:00,25.6,98,2.8,0.0,32.1,0.0,27.1,25.4,,0.322,Yellow
Jajapur,1692095,20.8764,86.1931,2026-09-15T03:00,25.5,99,2.2,0.0,32.1,0.0,26.8,25.4,,0.318,Yellow
Jajapur,1692095,20.8764,86.1931,2026-09-15T04:00,25.4,99,2.3,0.0,31.9,0.0,26.5,25.3,,0.31,Yellow
Jajapur,1692095,20.8764,86.1931,2026-09-15T05:00,25.3,99,3.1,0.0,31.6,0.0,26.2,25.2,,0.302,Yellow
Jajapur,1692095,20.8764,86.1931,2026-09-15T06:00,26.0,96,6.1,44.0,32.0,0.0,28.3,25.7,,0.347,Yellow
Jajapur,1692095,20.8764,86.1931,2026-09-15T07:00,27.5,88,6.9,217.0,33.3,0.0,32.1,26.5,,0.432,Yellow
Jajapur,1692095,20.8764,86.1931,2026-09-15T08:00,28.7,82,7.6,393.0,34.6,0.0,34.3,27.1,,0.489,Yellow
Jajapur,1692095,20.8764,86.1931,2026-09-15T09:00,30.0,75,7.4,571.0,35.8,0.0,36.3,27.7,,0.541,Orange
Jajapur,1692095,20.8764,86.1931,2026-09-15T10:00,31.0,72,8.0,733.0,37.8,0.0,38.2,28.4,,0.596,Orange
Jajapur,1692095,20.8764,86.1931,2026-09-15T11:00,31.7,71,7.6,826.0,39.5,0.0,39.9,29.0,,0.644,Orange
Jajapur,1692095,20.8764,86.1931,2026-09-15T12:00,32.2,69,7.7,843.0,40.0,0.0,40.6,29.3,,0.665,Orange
Jajapur,1692095,20.8764,86.1931,2026-09-15T13:00,32.2,69,7.1,740.0,39.5,0.0,40.6,29.3,,0.664,Orange
Jajapur,1692095,20.8764,86.1931,2026-09-15T14:00,31.9,71,7.9,634.0,38.5,0.0,40.5,29.1,,0.656,Orange
Jajapur,1692095,20.8764,86.1931,2026-09-15T15:00,30.9,70,5.1,456.0,36.8,0.0,37.3,28.1,,0.57,Orange
Jajapur,1692095,20.8764,86.1931,2026-09-15T16:00,26.6,91,13.9,214.0,31.3,0.0,29.7,25.8,,0.373,Yellow
Jajapur,1692095,20.8764,86.1931,2026-09-15T17:00,26.6,92,6.3,68.0,32.6,0.0,29.8,25.9,,0.377,Yellow
Jajapur,1692095,20.8764,86.1931,2026-09-15T18:00,26.5,94,3.4,3.0,33.0,0.0,29.6,26.0,,0.378,Yellow
Jajapur,1692095,20.8764,86.1931,2026-09-15T19:00,26.6,95,3.2,0.0,33.3,0.0,30.0,26.2,,0.391,Yellow
Jajapur,1692095,20.8764,86.1931,2026-09-15T20:00,26.5,96,4.0,0.0,33.2,0.0,29.8,26.2,,0.388,Yellow
Jajapur,1692095,20.8764,86.1931,2026-09-15T21:00,26.4,96,5.3,0.0,32.8,0.0,29.5,26.1,,0.379,Yellow
Jajapur,1692095,20.8764,86.1931,2026-09-15T22:00,26.2,95,4.7,0.0,32.5,0.0,28.8,25.8,,0.358,Yellow
Jajapur,1692095,20.8764,86.1931,2026-09-15T23:00,25.9,95,5.7,0.0,31.8,0.0,27.9,25.5,,0.334,Yellow
Jajapur,1692095,20.8764,86.1931,2026-09-16T00:00,25.7,95,5.1,0.0,31.6,0.0,27.4,25.3,,0.318,Yellow
Jajapur,1692095,20.8764,86.1931,2026-09-16T01:00,25.6,96,4.0,0.0,31.7,0.0,27.1,25.3,,0.314,Yellow
Jajapur,1692095,20.8764,86.1931,2026-09-16T02:00,25.6,96,3.4,0.0,31.8,0.0,27.1,25.3,,0.314,Yellow
Jajapur,1692095,20.8764,86.1931,2026-09-16T03:00,25.6,96,2.7,0.0,31.8,0.0,27.1,25.3,,0.314,Yellow
Jajapur,1692095,20.8764,86.1931,2026-09-16T04:00,25.5,97,3.6,0.0,31.6,0.0,26.8,25.2,,0.31,Yellow
Jajapur,1692095,20.8764,86.1931,2026-09-16T05:00,25.4,98,3.5,0.0,31.6,0.0,26.5,25.2,,0.306,Yellow
Jajapur,1692095,20.8764,86.1931,2026-09-16T06:00,26.3,94,6.5,46.0,32.3,0.0,29.0,25.8,,0.362,Yellow
Jajapur,1692095,20.8764,86.1931,2026-09-16T07:00,27.7,89,6.1,218.0,34.0,0.0,32.9,26.8,,0.456,Yellow
Jajapur,1692095,20.8764,86.1931,2026-09-16T08:00,29.1,84,7.5,433.0,35.6,0.0,35.9,27.7,,0.537,Orange
Jajapur,1692095,20.8764,86.1931,2026-09-16T09:00,30.6,79,8.1,623.0,37.6,0.0,39.2,28.7,,0.623,Orange
Jajapur,1692095,20.8764,86.1931,2026-09-16T10:00,31.7,74,8.8,754.0,39.4,0.0,41.0,29.3,,0.67,Orange
Jajapur,1692095,20.8764,86.1931,2026-09-16T11:00,32.4,71,8.1,831.0,40.5,0.0,42.0,29.7,,0.7,Orange
Jajapur,1692095,20.8764,86.1931,2026-09-16T12:00,32.8,69,8.1,830.0,40.9,0.0,42.4,29.8,,0.712,Orange
Jajapur,1692095,20.8764,86.1931,2026-09-16T13:00,32.5,70,7.6,729.0,40.0,0.0,41.9,29.6,,0.697,Orange
Jajapur,1692095,20.8764,86.1931,2026-09-16T14:00,32.1,73,7.4,515.0,38.7,0.0,41.8,29.5,,0.69,Orange
Jajapur,1692095,20.8764,86.1931,2026-09-16T15:00,30.6,80,6.4,414.0,37.5,0.0,39.6,28.8,,0.63,Orange
Jajapur,1692095,20.8764,86.1931,2026-09-16T16:00,28.0,89,10.3,159.0,33.9,0.0,33.8,27.0,,0.477,Yellow
Jajapur,1692095,20.8764,86.1931,2026-09-16T17:00,27.8,93,6.1,60.0,34.6,0.0,34.1,27.2,,0.489,Yellow
Jajapur,1692095,20.8764,86.1931,2026-09-16T18:00,27.3,96,6.6,2.0,34.1,0.0,33.1,27.0,,0.466,Yellow
Jajapur,1692095,20.8764,86.1931,2026-09-16T19:00,27.6,94,2.6,0.0,35.0,0.0,33.6,27.1,,0.477,Yellow
Jajapur,1692095,20.8764,86.1931,2026-09-16T20:00,27.5,94,6.4,0.0,34.2,0.0,33.3,27.0,,0.469,Yellow
Jajapur,1692095,20.8764,86.1931,2026-09-16T21:00,27.3,95,4.9,0.0,34.2,0.0,32.9,26.9,,0.459,Yellow
Jajapur,1692095,20.8764,86.1931,2026-09-16T22:00,27.0,96,7.1,0.0,33.5,0.0,32.2,26.7,,0.441,Yellow
Jajapur,1692095,20.8764,86.1931,2026-09-16T23:00,26.7,96,7.8,0.0,33.0,0.0,31.3,26.4,,0.416,Yellow
Jajapur,1692095,20.8764,86.1931,2026-09-17T00:00,26.6,96,7.7,0.0,32.8,0.0,30.1,26.3,,0.396,Yellow
Jajapur,1692095,20.8764,86.1931,2026-09-17T01:00,26.3,97,7.5,0.0,32.4,0.0,29.2,26.0,,0.376,Yellow
Jajapur,1692095,20.8764,86.1931,2026-09-17T02:00,26.2,96,7.3,0.0,32.1,0.0,28.9,25.9,,0.363,Yellow
Jajapur,1692095,20.8764,86.1931,2026-09-17T03:00,26.0,95,8.2,0.0,31.7,0.0,28.2,25.6,,0.342,Yellow
Jajapur,1692095,20.8764,86.1931,2026-09-17T04:00,25.9,96,6.2,0.0,31.8,0.0,28.0,25.6,,0.338,Yellow
Jajapur,1692095,20.8764,86.1931,2026-09-17T05:00,25.9,96,7.7,0.0,31.6,0.0,28.0,25.6,,0.338,Yellow
Jajapur,1692095,20.8764,86.1931,2026-09-17T06:00,26.6,94,10.6,43.0,32.1,0.0,29.9,26.1,,0.386,Yellow
Jajapur,1692095,20.8764,86.1931,2026-09-17T07:00,27.7,88,9.4,191.0,33.4,0.0,32.7,26.6,,0.447,Yellow
Jajapur,1692095,20.8764,86.1931,2026-09-17T08:00,29.2,82,11.0,409.0,34.8,0.0,35.8,27.6,,0.527,Orange
Jajapur,1692095,20.8764,86.1931,2026-09-17T09:00,30.8,75,15.4,601.0,36.0,0.0,38.6,28.4,,0.599,Orange
Jajapur,1692095,20.8764,86.1931,2026-09-17T10:00,31.9,69,15.5,741.0,37.7,0.0,39.8,28.8,,0.632,Orange
Jajapur,1692095,20.8764,86.1931,2026-09-17T11:00,32.6,67,13.7,846.0,39.4,0.0,41.0,29.3,,0.67,Orange
Jajapur,1692095,20.8764,86.1931,2026-09-17T12:00,32.3,67,12.6,901.0,39.4,0.0,40.2,29.0,,0.648,Orange
Jajapur,1692095,20.8764,86.1931,2026-09-17T13:00,31.5,69,11.4,792.0,38.1,0.0,38.6,28.5,,0.605,Orange
Jajapur,1692095,20.8764,86.1931,2026-09-17T14:00,30.7,72,10.5,604.0,36.2,0.0,37.4,28.0,,0.568,Orange
Jajapur,1692095,20.8764,86.1931,2026-09-17T15:00,29.9,77,9.3,335.0,35.5,0.0,36.5,27.7,,0.544,Orange
Jajapur,1692095,20.8764,86.1931,2026-09-17T16:00,29.1,83,7.8,192.0,35.3,0.0,35.7,27.5,,0.524,Orange
Jajapur,1692095,20.8764,86.1931,2026-09-17T17:00,28.4,89,5.9,67.0,35.1,0.0,35.0,27.4,,0.51,Orange
Jajapur,1692095,20.8764,86.1931,2026-09-17T18:00,27.9,92,3.6,1.0,35.2,0.0,34.1,27.2,,0.488,Yellow
Jajapur,1692095,20.8764,86.1931,2026-09-17T19:00,27.6,94,0.9,0.0,35.3,0.0,33.6,27.1,,0.477,Yellow
Jajapur,1692095,20.8764,86.1931,2026-09-17T20:00,27.3,96,1.4,0.0,34.9,0.0,33.1,27.0,,0.466,Yellow
Jajapur,1692095,20.8764,86.1931,2026-09-17T21:00,27.0,97,3.4,0.0,34.1,0.0,32.4,26.7,,0.447,Yellow
Jajapur,1692095,20.8764,86.1931,2026-09-17T22:00,26.6,97,5.2,0.0,33.2,0.0,30.2,26.3,,0.401,Yellow
Jajapur,1692095,20.8764,86.1931,2026-09-17T23:00,26.3,97,6.4,0.0,32.5,0.0,29.2,26.0,,0.376,Yellow
Puri,1634826,19.9914,85.7324,2026-09-13T00:00,26.7,85,8.3,0.0,31.5,0.0,29.5,25.3,,0.347,Yellow
Puri,1634826,19.9914,85.7324,2026-09-13T01:00,26.6,86,7.5,0.0,31.6,0.0,29.3,25.3,,0.345,Yellow
Puri,1634826,19.9914,85.7324,2026-09-13T02:00,26.4,88,5.5,0.0,31.8,0.0,29.0,25.3,,0.34,Yellow
Puri,1634826,19.9914,85.7324,2026-09-13T03:00,26.1,90,4.9,0.0,31.6,0.0,28.3,25.2,,0.327,Yellow
Puri,1634826,19.9914,85.7324,2026-09-13T04:00,26.1,91,4.5,0.0,31.7,0.0,28.3,25.3,,0.332,Yellow
Puri,1634826,19.9914,85.7324,2026-09-13T05:00,26.2,90,5.5,0.0,31.7,0.0,28.6,25.3,,0.335,Yellow
Puri,1634826,19.9914,85.7324,2026-09-13T06:00,26.8,90,4.7,42.0,32.7,0.0,30.5,25.9,,0.387,Yellow
Puri,1634826,19.9914,85.7324,2026-09-13T07:00,27.8,84,8.0,192.0,33.2,0.0,32.2,26.3,,0.428,Yellow
Puri,1634826,19.9914,85.7324,2026-09-13T08:00,29.3,78,7.3,411.0,34.9,0.0,35.1,27.3,,0.508,Orange
Puri,1634826,19.9914,85.7324,2026-09-13T09:00,30.5,76,9.5,576.0,36.5,0.0,38.0,28.3,,0.587,Orange
Puri,1634826,19.9914,85.7324,2026-09-13T10:00,31.1,74,10.0,672.0,37.7,0.0,39.1,28.7,,0.618,Orange
Puri,1634826,19.9914,85.7324,2026-09-13T11:00,28.3,82,13.6,514.0,33.0,0.0,33.2,26.7,,0.456,Yellow
Puri,1634826,19.9914,85.7324,2026-09-13T12:00,28.9,80,3.3,483.0,35.2,0.0,34.5,27.4,,0.502,Orange
Puri,1634826,19.9914,85.7324,2026-09-13T13:00,30.8,71,8.2,741.0,37.4,0.0,37.4,28.1,,0.572,Orange
Puri,1634826,19.9914,85.7324,2026-09-13T14:00,30.7,70,9.8,551.0,35.7,0.0,36.8,27.8,,0.551,Orange
Puri,1634826,19.9914,85.7324,2026-09-13T15:00,29.0,80,13.0,412.0,33.9,0.0,34.7,27.1,,0.496,Yellow
Puri,1634826,19.9914,85.7324,2026-09-13T16:00,28.0,83,11.5,163.0,32.9,0.0,32.6,26.4,,0.436,Yellow
Puri,1634826,19.9914,85.7324,2026-09-13T17:00,26.1,94,3.0,72.0,32.4,0.0,28.5,25.6,,0.348,Yellow
Puri,1634826,19.9914,85.7324,2026-09-13T18:00,26.5,93,5.1,2.0,32.6,0.0,29.6,25.9,,0.373,Yellow
Puri,1634826,19.9914,85.7324,2026-09-13T19:00,26.6,93,2.4,0.0,33.2,0.0,29.9,26.0,,0.381,Yellow
Puri,1634826,19.9914,85.7324,2026-09-13T20:00,26.5,93,2.3,0.0,33.0,0.0,29.6,25.9,,0.373,Yellow
Puri,1634826,19.9914,85.7324,2026-09-13T21:00,26.3,93,1.5,0.0,32.8,0.0,29.0,25.7,,0.357,Yellow
Puri,1634826,19.9914,85.7324,2026-09-13T22:00,26.1,95,1.8,0.0,32.6,0.0,28.5,25.7,,0.35,Yellow
Puri,1634826,19.9914,85.7324,2026-09-13T23:00,25.8,96,1.8,0.0,32.3,0.0,27.7,25.5,,0.33,Yellow
Puri,1634826,19.9914,85.7324,2026-09-14T00:00,25.9,97,0.6,0.0,32.7,0.0,28.0,25.6,,0.343,Yellow
Puri,1634826,19.9914,85.7324,2026-09-14T01:00,25.7,97,7.5,0.0,31.4,0.0,27.4,25.4,,0.326,Yellow
Puri,1634826,19.9914,85.7324,2026-09-14T02:00,25.2,96,6.9,0.0,30.5,0.0,26.0,24.9,,0.283,Yellow
Puri,1634826,19.9914,85.7324,2026-09-14T03:00,24.8,96,5.5,0.0,30.1,0.0,25.0,24.5,,0.252,Yellow
Puri,1634826,19.9914,85.7324,2026-09-14T04:00,24.8,95,1.9,0.0,30.6,0.0,25.0,24.4,,0.249,Green
Puri,1634826,19.9914,85.7324,2026-09-14T05:00,24.8,96,1.6,0.0,30.7,0.0,25.0,24.5,,0.252,Yellow
Puri,1634826,19.9914,85.7324,2026-09-14T06:00,25.3,95,2.5,35.0,31.3,0.0,26.3,24.9,,0.288,Yellow
Puri,1634826,19.9914,85.7324,2026-09-14T07:00,26.8,89,2.2,219.0,33.1,0.0,30.4,26.0,,0.391,Yellow
Puri,1634826,19.9914,85.7324,2026-09-14T08:00,28.2,85,5.3,433.0,34.5,0.0,33.5,27.0,,0.474,Yellow
Puri,1634826,19.9914,85.7324,2026-09-14T09:00,29.4,82,4.6,594.0,36.4,0.0,36.4,28.0,,0.555,Orange
Puri,1634826,19.9914,85.7324,2026-09-14T10:00,30.3,79,3.6,775.0,38.9,0.0,38.3,28.8,,0.615,Orange
Puri,1634826,19.9914,85.7324,2026-09-14T11:00,30.3,78,6.1,711.0,37.9,0.0,38.0,28.5,,0.595,Orange
Puri,1634826,19.9914,85.7324,2026-09-14T12:00,29.3,82,6.9,614.0,36.1,0.0,36.1,27.8,,0.542,Orange
Puri,1634826,19.9914,85.7324,2026-09-14T13:00,29.8,81,7.0,673.0,36.9,0.0,37.3,28.2,,0.576,Orange
Puri,1634826,19.9914,85.7324,2026-09-14T14:00,29.2,83,5.8,614.0,36.1,0.0,36.0,27.9,,0.544,Orange
Puri,1634826,19.9914,85.7324,2026-09-14T15:00,27.2,89,8.7,368.0,32.8,0.0,31.5,26.3,,0.417,Yellow
Puri,1634826,19.9914,85.7324,2026-09-14T16:00,27.1,89,4.9,194.0,33.1,0.0,31.2,26.2,,0.409,Yellow
Puri,1634826,19.9914,85.7324,2026-09-14T17:00,26.9,92,3.4,99.0,33.5,0.0,31.2,26.3,,0.41,Yellow
Puri,1634826,19.9914,85.7324,2026-09-14T18:00,26.7,95,2.0,4.0,33.6,0.0,31.1,26.3,,0.41,Yellow
Puri,1634826,19.9914,85.7324,2026-09-14T19:00,26.8,93,0.2,0.0,33.8,0.0,31.0,26.2,,0.405,Yellow
Puri,1634826,19.9914,85.7324,2026-09-14T20:00,26.8,92,0.2,0.0,33.7,0.0,30.9,26.1,,0.399,Yellow
Puri,1634826,19.9914,85.7324,2026-09-14T21:00,26.7,92,0.9,0.0,33.5,0.0,30.6,26.0,,0.391,Yellow
Puri,1634826,19.9914,85.7324,2026-09-14T22:00,26.3,95,3.3,0.0,32.8,0.0,29.1,25.9,,0.366,Yellow
Puri,1634826,19.9914,85.7324,2026-09-14T23:00,26.1,95,4.2,0.0,32.3,0.0,28.5,25.7,,0.35,Yellow
Puri,1634826,19.9914,85.7324,2026-09-15T00:00,25.9,96,4.4,0.0,32.1,0.0,28.0,25.6,,0.338,Yellow
Puri,1634826,19.9914,85.7324,2026-09-15T01:00,25.8,97,4.0,0.0,32.0,0.0,27.7,25.5,,0.334,Yellow
Puri,1634826,19.9914,85.7324,2026-09-15T02:00,25.6,97,3.6,0.0,31.8,0.0,27.1,25.3,,0.318,Yellow
Puri,1634826,19.9914,85.7324,2026-09-15T03:00,25.4,97,3.5,0.0,31.5,0.0,26.5,25.1,,0.302,Yellow
Puri,1634826,19.9914,85.7324,2026-09-15T04:00,25.2,98,3.2,0.0,31.3,0.0,26.0,25.0,,0.29,Yellow
Puri,1634826,19.9914,85.7324,2026-09-15T05:00,25.4,95,0.6,0.0,31.7,0.0,26.6,25.0,,0.294,Yellow
Puri,1634826,19.9914,85.7324,2026-09-15T06:00,26.0,94,2.7,43.0,32.3,0.0,28.2,25.5,,0.339,Yellow
Puri,1634826,19.9914,85.7324,2026-09-15T07:00,27.3,89,1.9,221.0,34.0,0.0,31.7,26.6,,0.431,Yellow
Puri,1634826,19.9914,85.7324,2026-09-15T08:00,28.8,81,4.0,442.0,35.2,0.0,34.4,27.3,,0.497,Yellow
Puri,1634826,19.9914,85.7324,2026-09-15T09:00,29.9,76,3.8,601.0,36.4,0.0,36.3,28.0,,0.551,Orange
Puri,1634826,19.9914,85.7324,2026-09-15T10:00,30.7,74,4.9,739.0,38.2,0.0,38.0,28.5,,0.597,Orange
Puri,1634826,19.9914,85.7324,2026-09-15T11:00,31.2,72,3.4,741.0,39.1,0.0,38.8,29.0,,0.626,Orange
Puri,1634826,19.9914,85.7324,2026-09-15T12:00,30.6,74,4.3,633.0,37.6,0.0,37.7,28.4,,0.588,Orange
Puri,1634826,19.9914,85.7324,2026-09-15T13:00,25.0,98,15.3,567.0,29.3,0.0,25.4,25.0,,0.28,Yellow
Puri,1634826,19.9914,85.7324,2026-09-15T14:00,26.4,89,1.8,412.0,32.5,0.0,29.0,26.0,,0.369,Yellow
Puri,1634826,19.9914,85.7324,2026-09-15T15:00,28.2,80,4.6,470.0,33.8,0.0,32.6,26.6,,0.444,Yellow
Puri,1634826,19.9914,85.7324,2026-09-15T16:00,28.8,81,5.0,292.0,35.0,0.0,34.4,27.1,,0.49,Yellow
Puri,1634826,19.9914,85.7324,2026-09-15T17:00,28.4,88,3.5,103.0,35.4,0.0,34.8,27.3,,0.504,Orange
Puri,1634826,19.9914,85.7324,2026-09-15T18:00,27.6,89,7.1,3.0,33.7,0.0,32.6,26.6,,0.443,Yellow
Puri,1634826,19.9914,85.7324,2026-09-15T19:00,27.3,91,1.8,0.0,34.2,0.0,32.1,26.5,,0.432,Yellow
Puri,1634826,19.9914,85.7324,2026-09-15T20:00,27.0,92,2.7,0.0,33.7,0.0,31.4,26.3,,0.415,Yellow
Puri,1634826,19.9914,85.7324,2026-09-15T21:00,26.8,93,3.8,0.0,33.3,0.0,31.0,26.2,,0.405,Yellow
Puri,1634826,19.9914,85.7324,2026-09-15T22:00,26.7,93,4.5,0.0,33.0,0.0,30.8,26.1,,0.397,Yellow
Puri,1634826,19.9914,85.7324,2026-09-15T23:00,26.4,95,5.8,0.0,32.6,0.0,29.4,26.0,,0.374,Yellow
Puri,1634826,19.9914,85.7324,2026-09-16T00:00,26.4,95,6.1,0.0,32.6,0.0,29.4,26.0,,0.374,Yellow
Puri,1634826,19.9914,85.7324,2026-09-16T01:00,26.3,96,6.0,0.0,32.6,0.0,29.2,26.0,,0.371,Yellow
Puri,1634826,19.9914,85.7324,2026-09-16T02:00,26.1,96,5.1,0.0,32.3,0.0,28.6,25.8,,0.355,Yellow
Puri,1634826,19.9914,85.7324,2026-09-16T03:00,25.8,96,4.0,0.0,32.1,0.0,27.7,25.5,,0.33,Yellow
Puri,1634826,19.9914,85.7324,2026-09-16T04:00,25.9,97,4.6,0.0,32.1,0.0,28.0,25.6,,0.343,Yellow
Puri,1634826,19.9914,85.7324,2026-09-16T05:00,25.8,97,5.0,0.0,32.0,0.0,27.7,25.5,,0.334,Yellow
Puri,1634826,19.9914,85.7324,2026-09-16T06:00,26.8,94,4.6,38.0,33.3,0.0,31.2,26.3,,0.413,Yellow
Puri,1634826,19.9914,85.7324,2026-09-16T07:00,28.3,88,7.3,186.0,34.7,0.0,34.5,27.2,,0.496,Yellow
Puri,1634826,19.9914,85.7324,2026-09-16T08:00,29.4,83,7.7,368.0,35.8,0.0,36.6,27.9,,0.552,Orange
Puri,1634826,19.9914,85.7324,2026-09-16T09:00,30.7,78,8.6,572.0,37.2,0.0,39.2,28.7,,0.621,Orange
Puri,1634826,19.9914,85.7324,2026-09-16T10:00,31.6,74,6.6,726.0,39.3,0.0,40.7,29.3,,0.664,Orange
Puri,1634826,19.9914,85.7324,2026-09-16T11:00,32.1,72,5.4,796.0,40.5,0.0,41.5,29.6,,0.691,Orange
Puri,1634826,19.9914,85.7324,2026-09-16T12:00,32.4,70,5.2,757.0,40.5,0.0,41.6,29.7,,0.695,Orange
Puri,1634826,19.9914,85.7324,2026-09-16T13:00,29.9,78,9.7,528.0,35.6,0.0,36.8,27.9,,0.555,Orange
Puri,1634826,19.9914,85.7324,2026-09-16T14:00,29.4,85,9.8,478.0,35.8,0.0,37.1,28.1,,0.568,Orange
Puri,1634826,19.9914,85.7324,2026-09-16T15:00,29.7,82,8.0,366.0,36.1,0.0,37.3,28.1,,0.569,Orange
Puri,1634826,19.9914,85.7324,2026-09-16T16:00,29.4,81,10.0,244.0,35.2,0.0,36.1,27.6,,0.534,Orange
Puri,1634826,19.9914,85.7324,2026-09-16T17:00,28.3,86,9.2,87.0,34.2,0.0,34.0,27.0,,0.479,Yellow
Puri,1634826,19.9914,85.7324,2026-09-16T18:00,27.4,91,6.1,3.0,33.7,0.0,32.4,26.6,,0.44,Yellow
Puri,1634826,19.9914,85.7324,2026-09-16T19:00,27.0,92,4.6,0.0,33.4,0.0,31.4,26.3,,0.415,Yellow
Puri,1634826,19.9914,85.7324,2026-09-16T20:00,26.7,93,3.2,0.0,33.3,0.0,30.8,26.1,,0.397,Yellow
Puri,1634826,19.9914,85.7324,2026-09-16T21:00,26.4,93,4.9,0.0,32.5,0.0,29.3,25.8,,0.365,Yellow
Puri,1634826,19.9914,85.7324,2026-09-16T22:00,26.2,93,5.6,0.0,32.1,0.0,28.7,25.6,,0.349,Yellow
Puri,1634826,19.9914,85.7324,2026-09-16T23:00,26.2,93,6.4,0.0,31.9,0.0,28.7,25.6,,0.349,Yellow
Puri,1634826,19.9914,85.7324,2026-09-17T00:00,26.2,95,5.6,0.0,32.4,0.0,28.8,25.8,,0.358,Yellow
Puri,1634826,19.9914,85.7324,2026-09-17T01:00,26.3,97,5.7,0.0,32.7,0.0,29.2,26.0,,0.376,Yellow
Puri,1634826,19.9914,85.7324,2026-09-17T02:00,26.4,97,6.4,0.0,32.8,0.0,29.5,26.1,,0.384,Yellow
Puri,1634826,19.9914,85.7324,2026-09-17T03:00,26.4,98,6.8,0.0,32.8,0.0,29.6,26.2,,0.389,Yellow
Puri,1634826,19.9914,85.7324,2026-09-17T04:00,26.3,98,5.6,0.0,32.8,0.0,29.3,26.1,,0.381,Yellow
Puri,1634826,19.9914,85.7324,2026-09-17T05:00,26.0,98,3.9,0.0,32.5,0.0,28.3,25.8,,0.355,Yellow
Puri,1634826,19.9914,85.7324,2026-09-17T06:00,26.7,95,5.6,40.0,33.2,0.0,31.1,26.3,,0.411,Yellow
Puri,1634826,19.9914,85.7324,2026-09-17T07:00,27.8,89,5.7,192.0,34.3,0.0,33.2,26.9,,0.464,Yellow
Puri,1634826,19.9914,85.7324,2026-09-17T08:00,29.2,84,2.7,398.0,36.3,0.0,36.3,28.1,,0.554,Orange
Puri,1634826,19.9914,85.7324,2026-09-17T09:00,30.6,76,6.7,582.0,37.2,0.0,38.3,28.4,,0.598,Orange
Puri,1634826,19.9914,85.7324,2026-09-17T10:00,31.6,71,9.5,720.0,38.4,0.0,39.6,28.8,,0.632,Orange
Puri,1634826,19.9914,85.7324,2026-09-17T11:00,32.2,70,10.0,782.0,39.4,0.0,41.0,29.3,,0.67,Orange
Puri,1634826,19.9914,85.7324,2026-09-17T12:00,32.6,68,8.7,804.0,40.2,0.0,41.4,29.5,,0.684,Orange
Puri,1634826,19.9914,85.7324,2026-09-17T13:00,32.6,69,6.4,714.0,40.1,0.0,41.8,29.7,,0.696,Orange
Puri,1634826,19.9914,85.7324,2026-09-17T14:00,32.2,71,5.3,563.0,39.0,0.0,41.4,29.5,,0.683,Orange
Puri,1634826,19.9914,85.7324,2026-09-17T15:00,30.9,77,5.8,347.0,37.8,0.0,39.5,28.7,,0.627,Orange
Puri,1634826,19.9914,85.7324,2026-09-17T16:00,29.2,87,7.0,208.0,36.1,0.0,37.1,28.0,,0.565,Orange
Puri,1634826,19.9914,85.7324,2026-09-17T17:00,27.8,95,7.4,75.0,34.7,0.0,34.5,27.4,,0.503,Orange
Puri,1634826,19.9914,85.7324,2026-09-17T18:00,27.1,98,5.2,1.0,34.2,0.0,32.9,26.9,,0.462,Yellow
Puri,1634826,19.9914,85.7324,2026-09-17T19:00,26.8,97,2.2,0.0,34.0,0.0,31.7,26.5,,0.431,Yellow
Puri,1634826,19.9914,85.7324,2026-09-17T20:00,26.5,97,1.5,0.0,33.7,0.0,29.9,26.2,,0.393,Yellow
Puri,1634826,19.9914,85.7324,2026-09-17T21:00,26.4,97,2.3,0.0,33.3,0.0,29.5,26.1,,0.384,Yellow
Puri,1634826,19.9914,85.7324,2026-09-17T22:00,26.3,97,2.5,0.0,33.1,0.0,29.2,26.0,,0.376,Yellow
Puri,1634826,19.9914,85.7324,2026-09-17T23:00,26.2,97,1.9,0.0,33.1,0.0,28.9,25.9,,0.367,Yellow
Kendujhar,1548674,21.5062,85.7619,2026-09-13T00:00,23.7,99,8.8,0.0,28.2,0.0,22.0,23.6,,0.177,Green
Kendujhar,1548674,21.5062,85.7619,2026-09-13T01:00,23.6,100,8.3,0.0,28.1,0.0,21.6,23.6,,0.172,Green
Kendujhar,1548674,21.5062,85.7619,2026-09-13T02:00,23.6,100,7.1,0.0,28.3,0.0,21.6,23.6,,0.172,Green
Kendujhar,1548674,21.5062,85.7619,2026-09-13T03:00,23.6,100,7.2,0.0,28.3,0.0,21.6,23.6,,0.172,Green
Kendujhar,1548674,21.5062,85.7619,2026-09-13T04:00,23.6,100,7.2,0.0,28.3,0.0,21.6,23.6,,0.172,Green
Kendujhar,1548674,21.5062,85.7619,2026-09-13T05:00,23.8,100,8.3,0.0,28.5,0.0,22.1,23.8,,0.187,Green
Kendujhar,1548674,21.5062,85.7619,2026-09-13T06:00,24.0,99,9.2,37.0,28.6,0.0,22.7,23.9,,0.2,Green
Kendujhar,1548674,21.5062,85.7619,2026-09-13T07:00,25.6,90,10.9,195.0,30.0,0.0,27.0,24.7,,0.292,Yellow
Kendujhar,1548674,21.5062,85.7619,2026-09-13T08:00,27.1,85,11.5,405.0,31.7,0.0,30.5,25.8,,0.382,Yellow
Kendujhar,1548674,21.5062,85.7619,2026-09-13T09:00,28.4,79,13.6,641.0,33.2,0.0,32.9,26.5,,0.445,Yellow
Kendujhar,1548674,21.5062,85.7619,2026-09-13T10:00,29.4,71,13.9,746.0,34.2,0.0,33.8,26.7,,0.463,Yellow
Kendujhar,1548674,21.5062,85.7619,2026-09-13T11:00,27.3,75,14.9,432.0,30.4,0.0,29.9,25.0,,0.34,Yellow
Kendujhar,1548674,21.5062,85.7619,2026-09-13T12:00,27.8,78,13.6,738.0,32.7,0.0,31.3,25.9,,0.396,Yellow
Kendujhar,1548674,21.5062,85.7619,2026-09-13T13:00,27.1,84,14.1,660.0,31.7,0.0,30.4,25.7,,0.379,Yellow
Kendujhar,1548674,21.5062,85.7619,2026-09-13T14:00,27.4,86,12.2,466.0,32.2,0.0,31.4,26.2,,0.412,Yellow
Kendujhar,1548674,21.5062,85.7619,2026-09-13T15:00,27.6,81,9.7,404.0,32.2,0.0,31.3,25.9,,0.398,Yellow
Kendujhar,1548674,21.5062,85.7619,2026-09-13T16:00,26.8,83,11.7,241.0,31.0,0.0,29.6,25.3,,0.347,Yellow
Kendujhar,1548674,21.5062,85.7619,2026-09-13T17:00,25.7,92,12.4,62.0,30.1,0.0,27.3,25.0,,0.306,Yellow
Kendujhar,1548674,21.5062,85.7619,2026-09-13T18:00,25.0,95,8.2,4.0,29.9,0.0,25.5,24.6,,0.264,Yellow
Kendujhar,1548674,21.5062,85.7619,2026-09-13T19:00,24.7,96,4.2,0.0,30.2,0.0,24.7,24.4,,0.244,Green
Kendujhar,1548674,21.5062,85.7619,2026-09-13T20:00,24.6,96,3.1,0.0,30.2,0.0,24.5,24.3,,0.237,Green
Kendujhar,1548674,21.5062,85.7619,2026-09-13T21:00,24.3,98,2.7,0.0,29.9,0.0,23.6,24.1,,0.22,Green
Kendujhar,1548674,21.5062,85.7619,2026-09-13T22:00,24.2,99,1.9,0.0,30.1,0.0,23.2,24.1,,0.215,Green
Kendujhar,1548674,21.5062,85.7619,2026-09-13T23:00,24.2,99,2.0,0.0,30.0,0.0,23.2,24.1,,0.215,Green
Kendujhar,1548674,21.5062,85.7619,2026-09-14T00:00,24.2,99,0.7,0.0,30.1,0.0,23.2,24.1,,0.215,Green
Kendujhar,1548674,21.5062,85.7619,2026-09-14T01:00,23.9,99,0.5,0.0,29.8,0.0,22.5,23.8,,0.192,Green
Kendujhar,1548674,21.5062,85.7619,2026-09-14T02:00,23.9,99,1.7,0.0,29.5,0.0,22.5,23.8,,0.192,Green
Kendujhar,1548674,21.5062,85.7619,2026-09-14T03:00,23.8,99,1.8,0.0,29.3,0.0,22.2,23.7,,0.185,Green
Kendujhar,1548674,21.5062,85.7619,2026-09-14T04:00,23.9,97,1.2,0.0,29.5,0.0,22.7,23.6,,0.188,Green
Kendujhar,1548674,21.5062,85.7619,2026-09-14T05:00,23.5,99,0.6,0.0,29.0,0.0,21.5,23.4,,0.163,Green
Kendujhar,1548674,21.5062,85.7619,2026-09-14T06:00,24.2,97,1.5,43.0,29.9,0.0,23.4,24.0,,0.213,Green
Kendujhar,1548674,21.5062,85.7619,2026-09-14T07:00,25.7,89,1.3,212.0,31.4,0.0,27.3,25.1,,0.308,Yellow
Kendujhar,1548674,21.5062,85.7619,2026-09-14T08:00,27.4,79,0.9,439.0,33.0,0.0,30.5,26.3,,0.403,Yellow
Kendujhar,1548674,21.5062,85.7619,2026-09-14T09:00,28.6,72,2.0,623.0,34.3,0.0,32.2,26.6,,0.44,Yellow
Kendujhar,1548674,21.5062,85.7619,2026-09-14T10:00,29.5,71,4.8,747.0,35.8,0.0,34.1,27.1,,0.484,Yellow
Kendujhar,1548674,21.5062,85.7619,2026-09-14T11:00,30.0,69,6.2,836.0,36.6,0.0,34.8,27.3,,0.502,Orange
Kendujhar,1548674,21.5062,85.7619,2026-09-14T12:00,29.4,71,12.4,735.0,34.4,0.0,33.8,26.7,,0.464,Yellow
Kendujhar,1548674,21.5062,85.7619,2026-09-14T13:00,26.9,83,4.8,531.0,32.1,0.0,29.8,25.6,,0.367,Yellow
Kendujhar,1548674,21.5062,85.7619,2026-09-14T14:00,26.6,85,5.3,585.0,32.1,0.0,29.2,25.6,,0.355,Yellow
Kendujhar,1548674,21.5062,85.7619,2026-09-14T15:00,26.9,84,2.5,310.0,32.5,0.0,29.9,25.7,,0.371,Yellow
Kendujhar,1548674,21.5062,85.7619,2026-09-14T16:00,27.2,82,2.1,237.0,32.8,0.0,30.4,25.8,,0.38,Yellow
Kendujhar,1548674,21.5062,85.7619,2026-09-14T17:00,26.2,89,0.6,98.0,32.4,0.0,28.5,25.4,,0.34,Yellow
Kendujhar,1548674,21.5062,85.7619,2026-09-14T18:00,25.0,95,2.9,4.0,30.7,0.0,25.5,24.6,,0.264,Yellow
Kendujhar,1548674,21.5062,85.7619,2026-09-14T19:00,24.7,97,4.0,0.0,30.3,0.0,24.7,24.4,,0.247,Green
Kendujhar,1548674,21.5062,85.7619,2026-09-14T20:00,24.3,98,4.1,0.0,29.8,0.0,23.6,24.1,,0.22,Green
Kendujhar,1548674,21.5062,85.7619,2026-09-14T21:00,24.1,98,3.5,0.0,29.5,0.0,23.1,23.9,,0.205,Green
Kendujhar,1548674,21.5062,85.7619,2026-09-14T22:00,23.8,98,2.3,0.0,29.1,0.0,22.3,23.6,,0.183,Green
Kendujhar,1548674,21.5062,85.7619,2026-09-14T23:00,23.5,99,2.7,0.0,28.7,0.0,21.5,23.4,,0.163,Green
Kendujhar,1548674,21.5062,85.7619,2026-09-15T00:00,23.3,99,5.9,0.0,28.0,0.0,21.1,23.2,,0.148,Green
Kendujhar,1548674,21.5062,85.7619,2026-09-15T01:00,23.2,98,6.1,0.0,27.7,0.0,21.0,23.0,,0.139,Green
Kendujhar,1548674,21.5062,85.7619,2026-09-15T02:00,23.2,97,6.2,0.0,27.5,0.0,21.1,22.9,,0.138,Green
Kendujhar,1548674,21.5062,85.7619,2026-09-15T03:00,22.9,99,5.0,0.0,27.4,0.0,20.2,22.8,,0.12,Green
Kendujhar,1548674,21.5062,85.7619,2026-09-15T04:00,22.8,100,4.5,0.0,27.4,0.0,19.8,22.8,,0.117,Green
Kendujhar,1548674,21.5062,85.7619,2026-09-15T05:00,22.7,100,3.2,0.0,27.5,0.0,19.6,22.7,,0.113,Green
Kendujhar,1548674,21.5062,85.7619,2026-09-15T06:00,23.3,98,4.2,37.0,28.1,0.0,21.2,23.2,,0.148,Green
Kendujhar,1548674,21.5062,85.7619,2026-09-15T07:00,25.3,90,3.2,196.0,30.5,0.0,26.3,24.6,,0.275,Yellow
Kendujhar,1548674,21.5062,85.7619,2026-09-15T08:00,27.3,78,4.1,401.0,32.2,0.0,30.2,25.5,,0.365,Yellow
Kendujhar,1548674,21.5062,85.7619,2026-09-15T09:00,28.6,74,3.5,611.0,34.2,0.0,32.6,26.5,,0.442,Yellow
Kendujhar,1548674,21.5062,85.7619,2026-09-15T10:00,29.4,72,4.0,751.0,36.1,0.0,34.0,27.2,,0.487,Yellow
Kendujhar,1548674,21.5062,85.7619,2026-09-15T11:00,30.3,68,4.0,839.0,37.5,0.0,35.3,27.7,,0.524,Orange
Kendujhar,1548674,21.5062,85.7619,2026-09-15T12:00,30.5,66,3.3,649.0,36.4,0.0,35.2,27.6,,0.52,Orange
Kendujhar,1548674,21.5062,85.7619,2026-09-15T13:00,23.9,95,22.1,495.0,26.1,0.0,22.9,23.5,,0.186,Green
Kendujhar,1548674,21.5062,85.7619,2026-09-15T14:00,25.4,94,8.6,425.0,30.5,0.0,26.6,25.0,,0.298,Yellow
Kendujhar,1548674,21.5062,85.7619,2026-09-15T15:00,27.5,83,2.9,414.0,33.4,0.0,31.3,26.3,,0.413,Yellow
Kendujhar,1548674,21.5062,85.7619,2026-09-15T16:00,27.8,81,4.4,278.0,33.3,0.0,31.7,26.2,,0.415,Yellow
Kendujhar,1548674,21.5062,85.7619,2026-09-15T17:00,27.0,88,2.4,89.0,33.2,0.0,30.7,26.0,,0.393,Yellow
Kendujhar,1548674,21.5062,85.7619,2026-09-15T18:00,25.7,92,5.5,3.0,31.1,0.0,27.3,25.0,,0.305,Yellow
Kendujhar,1548674,21.5062,85.7619,2026-09-15T19:00,25.1,95,5.6,0.0,30.5,0.0,25.8,24.7,,0.271,Yellow
Kendujhar,1548674,21.5062,85.7619,2026-09-15T20:00,24.7,97,4.7,0.0,30.2,0.0,24.7,24.4,,0.247,Green
Kendujhar,1548674,21.5062,85.7619,2026-09-15T21:00,24.4,97,3.5,0.0,29.9,0.0,23.9,24.1,,0.225,Green
Kendujhar,1548674,21.5062,85.7619,2026-09-15T22:00,24.3,97,4.6,0.0,29.6,0.0,23.6,24.0,,0.217,Green
Kendujhar,1548674,21.5062,85.7619,2026-09-15T23:00,24.2,98,4.8,0.0,29.5,0.0,23.3,24.0,,0.212,Green
Kendujhar,1548674,21.5062,85.7619,2026-09-16T00:00,23.9,99,3.6,0.0,29.2,0.0,22.5,23.8,,0.192,Green
Kendujhar,1548674,21.5062,85.7619,2026-09-16T01:00,23.8,100,4.1,0.0,29.1,0.0,22.1,23.8,,0.187,Green
Kendujhar,1548674,21.5062,85.7619,2026-09-16T02:00,23.7,100,5.6,0.0,28.8,0.0,21.8,23.7,,0.179,Green
Kendujhar,1548674,21.5062,85.7619,2026-09-16T03:00,23.5,100,5.2,0.0,28.5,0.0,21.4,23.5,,0.165,Green
Kendujhar,1548674,21.5062,85.7619,2026-09-16T04:00,23.3,99,4.3,0.0,28.3,0.0,21.1,23.2,,0.148,Green
Kendujhar,1548674,21.5062,85.7619,2026-09-16T05:00,23.2,99,5.6,0.0,27.8,0.0,20.8,23.1,,0.141,Green
Kendujhar,1548674,21.5062,85.7619,2026-09-16T06:00,24.0,96,4.3,39.0,29.1,0.0,23.0,23.7,,0.194,Green
Kendujhar,1548674,21.5062,85.7619,2026-09-16T07:00,26.1,89,3.9,204.0,31.7,0.0,28.2,25.2,,0.329,Yellow
Kendujhar,1548674,21.5062,85.7619,2026-09-16T08:00,28.0,81,3.1,425.0,33.8,0.0,32.3,26.6,,0.438,Yellow
Kendujhar,1548674,21.5062,85.7619,2026-09-16T09:00,29.4,75,3.0,622.0,35.7,0.0,34.7,27.5,,0.51,Orange
Kendujhar,1548674,21.5062,85.7619,2026-09-16T10:00,30.3,69,1.7,754.0,37.6,0.0,35.5,28.2,,0.551,Orange
Kendujhar,1548674,21.5062,85.7619,2026-09-16T11:00,30.6,68,1.2,746.0,37.9,0.0,36.0,28.6,,0.574,Orange
Kendujhar,1548674,21.5062,85.7619,2026-09-16T12:00,29.5,75,1.7,456.0,35.7,0.0,35.0,27.7,,0.52,Orange
Kendujhar,1548674,21.5062,85.7619,2026-09-16T13:00,25.2,92,2.5,327.0,30.8,0.0,26.1,24.8,,0.283,Yellow
Kendujhar,1548674,21.5062,85.7619,2026-09-16T14:00,26.1,91,3.5,334.0,32.1,0.0,28.3,25.6,,0.344,Yellow
Kendujhar,1548674,21.5062,85.7619,2026-09-16T15:00,26.8,89,3.9,278.0,32.8,0.0,30.4,26.0,,0.389,Yellow
Kendujhar,1548674,21.5062,85.7619,2026-09-16T16:00,27.2,88,1.4,212.0,33.7,0.0,31.3,26.4,,0.419,Yellow
Kendujhar,1548674,21.5062,85.7619,2026-09-16T17:00,26.7,93,0.5,70.0,33.7,0.0,30.8,26.2,,0.405,Yellow
Kendujhar,1548674,21.5062,85.7619,2026-09-16T18:00,25.8,96,2.2,3.0,32.3,0.0,27.7,25.5,,0.33,Yellow
Kendujhar,1548674,21.5062,85.7619,2026-09-16T19:00,25.5,95,4.3,0.0,31.3,0.0,26.8,25.1,,0.302,Yellow
Kendujhar,1548674,21.5062,85.7619,2026-09-16T20:00,25.2,95,5.0,0.0,30.7,0.0,26.0,24.8,,0.279,Yellow
Kendujhar,1548674,21.5062,85.7619,2026-09-16T21:00,24.8,96,4.3,0.0,30.3,0.0,25.0,24.5,,0.252,Yellow
Kendujhar,1548674,21.5062,85.7619,2026-09-16T22:00,24.6,96,5.2,0.0,29.9,0.0,24.5,24.3,,0.237,Green
Kendujhar,1548674,21.5062,85.7619,2026-09-16T23:00,24.4,97,7.3,0.0,29.4,0.0,23.9,24.1,,0.225,Green
Kendujhar,1548674,21.5062,85.7619,2026-09-17T00:00,24.3,97,7.4,0.0,29.1,0.0,23.6,24.0,,0.217,Green
Kendujhar,1548674,21.5062,85.7619,2026-09-17T01:00,24.3,98,9.9,0.0,28.9,0.0,23.6,24.1,,0.22,Green
Kendujhar,1548674,21.5062,85.7619,2026-09-17T02:00,24.2,99,10.0,0.0,28.7,0.0,23.2,24.1,,0.215,Green
Kendujhar,1548674,21.5062,85.7619,2026-09-17T03:00,24.3,98,6.8,0.0,29.3,0.0,23.6,24.1,,0.22,Green
Kendujhar,1548674,21.5062,85.7619,2026-09-17T04:00,23.9,98,1.1,0.0,29.5,0.0,22.6,23.7,,0.19,Green
Kendujhar,1548674,21.5062,85.7619,2026-09-17T05:00,23.6,99,1.5,0.0,29.1,0.0,21.7,23.5,,0.17,Green
Kendujhar,1548674,21.5062,85.7619,2026-09-17T06:00,24.4,97,1.5,40.0,30.2,0.0,23.9,24.2,,0.227,Green
Kendujhar,1548674,21.5062,85.7619,2026-09-17T07:00,25.8,91,3.8,191.0,31.5,0.0,27.6,25.1,,0.315,Yellow
Kendujhar,1548674,21.5062,85.7619,2026-09-17T08:00,27.7,81,6.7,385.0,32.9,0.0,31.5,26.1,,0.407,Yellow
Kendujhar,1548674,21.5062,85.7619,2026-09-17T09:00,29.3,72,8.5,605.0,34.3,0.0,33.8,26.7,,0.466,Yellow
Kendujhar,1548674,21.5062,85.7619,2026-09-17T10:00,30.3,66,8.1,724.0,35.9,0.0,34.8,27.1,,0.494,Yellow
Kendujhar,1548674,21.5062,85.7619,2026-09-17T11:00,31.0,66,6.0,844.0,37.8,0.0,36.4,27.9,,0.55,Orange
Kendujhar,1548674,21.5062,85.7619,2026-09-17T12:00,30.0,70,5.0,778.0,36.7,0.0,35.0,27.4,,0.512,Orange
Kendujhar,1548674,21.5062,85.7619,2026-09-17T13:00,28.3,78,7.6,648.0,33.9,0.0,32.5,26.4,,0.436,Yellow
Kendujhar,1548674,21.5062,85.7619,2026-09-17T14:00,26.8,86,9.7,466.0,31.6,0.0,29.9,25.6,,0.368,Yellow
Kendujhar,1548674,21.5062,85.7619,2026-09-17T15:00,26.2,90,7.2,229.0,31.4,0.0,28.6,25.4,,0.339,Yellow
Kendujhar,1548674,21.5062,85.7619,2026-09-17T16:00,25.9,92,3.2,126.0,31.8,0.0,27.8,25.3,,0.326,Yellow
Kendujhar,1548674,21.5062,85.7619,2026-09-17T17:00,25.6,94,3.2,44.0,31.5,0.0,27.1,25.1,,0.308,Yellow
Kendujhar,1548674,21.5062,85.7619,2026-09-17T18:00,25.2,94,3.2,1.0,30.9,0.0,26.0,24.7,,0.275,Yellow
Kendujhar,1548674,21.5062,85.7619,2026-09-17T19:00,24.8,95,2.1,0.0,30.5,0.0,25.0,24.4,,0.249,Green
Kendujhar,1548674,21.5062,85.7619,2026-09-17T20:00,24.5,95,0.8,0.0,30.2,0.0,24.3,24.1,,0.226,Green
Kendujhar,1548674,21.5062,85.7619,2026-09-17T21:00,24.3,96,0.8,0.0,30.0,0.0,23.7,24.0,,0.214,Green
Kendujhar,1548674,21.5062,85.7619,2026-09-17T22:00,24.1,98,2.5,0.0,29.7,0.0,23.1,23.9,,0.205,Green
Kendujhar,1548674,21.5062,85.7619,2026-09-17T23:00,24.0,99,3.7,0.0,29.4,0.0,22.7,23.9,,0.2,Green
Kalahandi,1454882,19.8113,83.1469,2026-09-13T00:00,24.7,94,6.6,0.0,29.7,0.0,24.8,24.2,,0.238,Green
Kalahandi,1454882,19.8113,83.1469,2026-09-13T01:00,24.7,94,5.2,0.0,29.8,0.0,24.8,24.2,,0.238,Green
Kalahandi,1454882,19.8113,83.1469,2026-09-13T02:00,24.6,94,3.7,0.0,29.9,0.0,24.6,24.1,,0.231,Green
Kalahandi,1454882,19.8113,83.1469,2026-09-13T03:00,24.7,94,2.2,0.0,30.2,0.0,24.8,24.2,,0.238,Green
Kalahandi,1454882,19.8113,83.1469,2026-09-13T04:00,24.5,95,3.1,0.0,30.0,0.0,24.3,24.1,,0.226,Green
Kalahandi,1454882,19.8113,83.1469,2026-09-13T05:00,24.4,93,7.2,0.0,29.0,0.0,24.2,23.8,,0.213,Green
Kalahandi,1454882,19.8113,83.1469,2026-09-13T06:00,24.8,92,6.6,17.0,29.6,0.0,25.1,24.1,,0.239,Green
Kalahandi,1454882,19.8113,83.1469,2026-09-13T07:00,25.8,90,3.5,80.0,31.4,0.0,27.5,24.9,,0.307,Yellow
Kalahandi,1454882,19.8113,83.1469,2026-09-13T08:00,27.1,86,2.6,214.0,33.2,0.0,30.7,26.0,,0.393,Yellow
Kalahandi,1454882,19.8113,83.1469,2026-09-13T09:00,27.7,81,3.6,322.0,33.5,0.0,31.5,26.1,,0.41,Yellow
Kalahandi,1454882,19.8113,83.1469,2026-09-13T10:00,29.6,71,2.8,638.0,35.7,0.0,34.3,27.3,,0.497,Yellow
Kalahandi,1454882,19.8113,83.1469,2026-09-13T11:00,30.3,66,2.7,669.0,36.4,0.0,34.8,27.5,,0.511,Orange
Kalahandi,1454882,19.8113,83.1469,2026-09-13T12:00,30.9,64,5.0,776.0,37.2,0.0,35.7,27.6,,0.528,Orange
Kalahandi,1454882,19.8113,83.1469,2026-09-13T13:00,30.8,59,6.8,755.0,36.0,0.0,34.2,26.8,,0.475,Yellow
Kalahandi,1454882,19.8113,83.1469,2026-09-13T14:00,30.9,59,5.4,654.0,35.6,0.0,34.4,26.9,,0.482,Yellow
Kalahandi,1454882,19.8113,83.1469,2026-09-13T15:00,27.2,85,14.6,504.0,31.5,0.0,30.7,25.9,,0.39,Yellow
Kalahandi,1454882,19.8113,83.1469,2026-09-13T16:00,24.7,96,8.7,104.0,29.6,0.0,24.7,24.4,,0.246,Green
Kalahandi,1454882,19.8113,83.1469,2026-09-13T17:00,26.5,90,6.5,89.0,32.2,0.0,29.3,25.6,,0.36,Yellow
Kalahandi,1454882,19.8113,83.1469,2026-09-13T18:00,26.1,91,6.3,8.0,31.5,0.0,28.3,25.3,,0.332,Yellow
Kalahandi,1454882,19.8113,83.1469,2026-09-13T19:00,25.8,91,5.0,0.0,31.4,0.0,27.6,25.0,,0.309,Yellow
Kalahandi,1454882,19.8113,83.1469,2026-09-13T20:00,25.1,93,5.0,0.0,30.4,0.0,25.8,24.5,,0.264,Yellow
Kalahandi,1454882,19.8113,83.1469,2026-09-13T21:00,24.6,94,7.2,0.0,29.4,0.0,24.6,24.1,,0.231,Green
Kalahandi,1454882,19.8113,83.1469,2026-09-13T22:00,24.5,94,8.9,0.0,28.9,0.0,24.3,24.0,,0.223,Green
Kalahandi,1454882,19.8113,83.1469,2026-09-13T23:00,24.3,94,8.8,0.0,28.7,0.0,23.9,23.8,,0.209,Green
Kalahandi,1454882,19.8113,83.1469,2026-09-14T00:00,24.0,95,7.9,0.0,28.5,0.0,23.1,23.6,,0.19,Green
Kalahandi,1454882,19.8113,83.1469,2026-09-14T01:00,23.9,96,6.4,0.0,28.5,0.0,22.8,23.6,,0.185,Green
Kalahandi,1454882,19.8113,83.1469,2026-09-14T02:00,23.7,96,5.6,0.0,28.4,0.0,22.4,23.4,,0.171,Green
Kalahandi,1454882,19.8113,83.1469,2026-09-14T03:00,23.6,96,6.3,0.0,28.1,0.0,22.1,23.3,,0.164,Green
Kalahandi,1454882,19.8113,83.1469,2026-09-14T04:00,23.3,96,5.9,0.0,27.8,0.0,21.5,23.0,,0.143,Green
Kalahandi,1454882,19.8113,83.1469,2026-09-14T05:00,23.0,96,4.6,0.0,27.5,0.0,20.9,22.7,,0.122,Green
Kalahandi,1454882,19.8113,83.1469,2026-09-14T06:00,23.5,95,5.3,26.0,28.0,0.0,22.1,23.1,,0.155,Green
Kalahandi,1454882,19.8113,83.1469,2026-09-14T07:00,25.1,92,1.5,157.0,30.8,0.0,25.8,24.6,,0.271,Yellow
Kalahandi,1454882,19.8113,83.1469,2026-09-14T08:00,26.7,84,2.3,328.0,32.3,0.0,29.4,25.6,,0.359,Yellow
Kalahandi,1454882,19.8113,83.1469,2026-09-14T09:00,28.4,77,2.4,582.0,34.3,0.0,32.6,26.8,,0.453,Yellow
Kalahandi,1454882,19.8113,83.1469,2026-09-14T10:00,29.4,72,4.0,671.0,35.6,0.0,34.0,27.1,,0.485,Yellow
Kalahandi,1454882,19.8113,83.1469,2026-09-14T11:00,30.6,65,4.9,842.0,37.4,0.0,35.2,27.5,,0.517,Orange
Kalahandi,1454882,19.8113,83.1469,2026-09-14T12:00,31.3,61,5.6,894.0,38.1,0.0,35.8,27.7,,0.531,Orange
Kalahandi,1454882,19.8113,83.1469,2026-09-14T13:00,31.7,60,5.6,861.0,38.2,0.0,36.4,27.9,,0.55,Orange
Kalahandi,1454882,19.8113,83.1469,2026-09-14T14:00,31.5,60,5.1,748.0,37.4,0.0,35.9,27.7,,0.534,Orange
Kalahandi,1454882,19.8113,83.1469,2026-09-14T15:00,31.4,59,5.7,549.0,35.8,0.0,35.4,27.3,,0.512,Orange
Kalahandi,1454882,19.8113,83.1469,2026-09-14T16:00,30.3,75,4.7,333.0,36.6,0.0,37.1,28.0,,0.563,Orange
Kalahandi,1454882,19.8113,83.1469,2026-09-14T17:00,28.0,85,6.7,129.0,33.9,0.0,32.9,26.6,,0.449,Yellow
Kalahandi,1454882,19.8113,83.1469,2026-09-14T18:00,26.6,89,8.4,10.0,31.8,0.0,29.5,25.6,,0.36,Yellow
Kalahandi,1454882,19.8113,83.1469,2026-09-14T19:00,25.9,91,5.9,0.0,31.3,0.0,27.8,25.1,,0.316,Yellow
Kalahandi,1454882,19.8113,83.1469,2026-09-14T20:00,25.4,91,5.9,0.0,30.6,0.0,26.6,24.6,,0.279,Yellow
Kalahandi,1454882,19.8113,83.1469,2026-09-14T21:00,24.6,95,6.8,0.0,29.5,0.0,24.5,24.2,,0.234,Green
Kalahandi,1454882,19.8113,83.1469,2026-09-14T22:00,24.2,97,5.2,0.0,29.3,0.0,23.4,23.9,,0.21,Green
Kalahandi,1454882,19.8113,83.1469,2026-09-14T23:00,24.1,96,2.2,0.0,29.6,0.0,23.3,23.8,,0.2,Green
Kalahandi,1454882,19.8113,83.1469,2026-09-15T00:00,24.0,97,1.5,0.0,29.6,0.0,22.9,23.7,,0.195,Green
Kalahandi,1454882,19.8113,83.1469,2026-09-15T01:00,23.8,98,1.3,0.0,29.3,0.0,22.3,23.6,,0.183,Green
Kalahandi,1454882,19.8113,83.1469,2026-09-15T02:00,23.7,97,0.5,0.0,29.2,0.0,22.2,23.4,,0.173,Green
Kalahandi,1454882,19.8113,83.1469,2026-09-15T03:00,23.5,98,0.8,0.0,28.9,0.0,21.6,23.3,,0.161,Green
Kalahandi,1454882,19.8113,83.1469,2026-09-15T04:00,23.5,97,0.6,0.0,28.9,0.0,21.8,23.2,,0.159,Green
Kalahandi,1454882,19.8113,83.1469,2026-09-15T05:00,23.3,97,0.7,0.0,28.5,0.0,21.4,23.0,,0.145,Green
Kalahandi,1454882,19.8113,83.1469,2026-09-15T06:00,23.9,96,0.7,26.0,29.5,0.0,22.8,23.6,,0.188,Green
Kalahandi,1454882,19.8113,83.1469,2026-09-15T07:00,25.5,91,2.2,189.0,31.3,0.0,26.8,24.9,,0.296,Yellow
Kalahandi,1454882,19.8113,83.1469,2026-09-15T08:00,27.1,85,7.7,407.0,32.3,0.0,30.5,25.9,,0.385,Yellow
Kalahandi,1454882,19.8113,83.1469,2026-09-15T09:00,28.4,80,10.2,595.0,33.6,0.0,33.1,26.6,,0.453,Yellow
Kalahandi,1454882,19.8113,83.1469,2026-09-15T10:00,29.5,75,9.4,748.0,35.8,0.0,35.0,27.3,,0.504,Orange
Kalahandi,1454882,19.8113,83.1469,2026-09-15T11:00,30.2,73,8.1,846.0,37.4,0.0,36.3,27.8,,0.545,Orange
Kalahandi,1454882,19.8113,83.1469,2026-09-15T12:00,30.6,71,6.7,864.0,38.2,0.0,36.8,28.0,,0.562,Orange
Kalahandi,1454882,19.8113,83.1469,2026-09-15T13:00,31.1,68,4.2,823.0,38.6,0.0,37.3,28.4,,0.581,Orange
Kalahandi,1454882,19.8113,83.1469,2026-09-15T14:00,31.2,65,3.2,695.0,37.7,0.0,36.6,28.2,,0.564,Orange
Kalahandi,1454882,19.8113,83.1469,2026-09-15T15:00,30.3,68,7.3,496.0,35.2,0.0,35.3,27.2,,0.506,Orange
Kalahandi,1454882,19.8113,83.1469,2026-09-15T16:00,28.2,83,6.8,272.0,34.1,0.0,33.1,26.7,,0.455,Yellow
Kalahandi,1454882,19.8113,83.1469,2026-09-15T17:00,27.7,88,3.0,132.0,34.3,0.0,32.7,26.7,,0.449,Yellow
Kalahandi,1454882,19.8113,83.1469,2026-09-15T18:00,26.7,92,1.6,10.0,33.4,0.0,30.6,26.0,,0.392,Yellow
Kalahandi,1454882,19.8113,83.1469,2026-09-15T19:00,26.4,92,0.4,0.0,33.1,0.0,29.2,25.7,,0.36,Yellow
Kalahandi,1454882,19.8113,83.1469,2026-09-15T20:00,26.1,92,1.2,0.0,32.5,0.0,28.4,25.4,,0.336,Yellow
Kalahandi,1454882,19.8113,83.1469,2026-09-15T21:00,25.7,93,2.6,0.0,31.6,0.0,27.3,25.1,,0.31,Yellow
Kalahandi,1454882,19.8113,83.1469,2026-09-15T22:00,25.3,93,2.2,0.0,31.2,0.0,26.3,24.7,,0.279,Yellow
Kalahandi,1454882,19.8113,83.1469,2026-09-15T23:00,25.0,94,1.9,0.0,30.7,0.0,25.5,24.5,,0.26,Yellow
Kalahandi,1454882,19.8113,83.1469,2026-09-16T00:00,24.6,94,1.6,0.0,30.3,0.0,24.6,24.1,,0.231,Green
Kalahandi,1454882,19.8113,83.1469,2026-09-16T01:00,24.3,95,1.9,0.0,29.8,0.0,23.8,23.9,,0.212,Green
Kalahandi,1454882,19.8113,83.1469,2026-09-16T02:00,24.0,96,1.9,0.0,29.4,0.0,23.0,23.7,,0.192,Green
Kalahandi,1454882,19.8113,83.1469,2026-09-16T03:00,24.0,94,1.9,0.0,29.3,0.0,23.2,23.5,,0.187,Green
Kalahandi,1454882,19.8113,83.1469,2026-09-16T04:00,24.2,92,2.2,0.0,29.3,0.0,23.8,23.5,,0.196,Green
Kalahandi,1454882,19.8113,83.1469,2026-09-16T05:00,24.2,91,2.7,0.0,29.2,0.0,23.9,23.4,,0.193,Green
Kalahandi,1454882,19.8113,83.1469,2026-09-16T06:00,25.0,89,4.4,26.0,30.0,0.0,25.7,24.0,,0.243,Green
Kalahandi,1454882,19.8113,83.1469,2026-09-16T07:00,26.7,85,2.7,187.0,32.4,0.0,29.5,25.5,,0.356,Yellow
Kalahandi,1454882,19.8113,83.1469,2026-09-16T08:00,28.2,79,8.2,408.0,33.3,0.0,32.4,26.3,,0.43,Yellow
Kalahandi,1454882,19.8113,83.1469,2026-09-16T09:00,29.3,75,8.9,603.0,34.6,0.0,34.4,27.0,,0.487,Yellow
Kalahandi,1454882,19.8113,83.1469,2026-09-16T10:00,29.9,72,8.1,777.0,36.4,0.0,35.3,27.4,,0.513,Orange
Kalahandi,1454882,19.8113,83.1469,2026-09-16T11:00,30.5,70,7.6,844.0,37.5,0.0,36.3,27.8,,0.544,Orange
Kalahandi,1454882,19.8113,83.1469,2026-09-16T12:00,30.9,71,7.2,792.0,38.0,0.0,37.6,28.3,,0.582,Orange
Kalahandi,1454882,19.8113,83.1469,2026-09-16T13:00,31.0,72,8.2,793.0,38.3,0.0,38.2,28.4,,0.597,Orange
Kalahandi,1454882,19.8113,83.1469,2026-09-16T14:00,31.0,72,6.8,728.0,38.1,0.0,38.2,28.5,,0.598,Orange
Kalahandi,1454882,19.8113,83.1469,2026-09-16T15:00,31.0,69,6.9,551.0,36.6,0.0,37.3,28.0,,0.568,Orange
Kalahandi,1454882,19.8113,83.1469,2026-09-16T16:00,28.9,78,10.8,315.0,33.9,0.0,34.0,26.8,,0.473,Yellow
Kalahandi,1454882,19.8113,83.1469,2026-09-16T17:00,28.3,85,3.3,108.0,34.9,0.0,33.8,26.9,,0.475,Yellow
Kalahandi,1454882,19.8113,83.1469,2026-09-16T18:00,26.6,93,5.2,9.0,32.9,0.0,29.9,26.0,,0.381,Yellow
Kalahandi,1454882,19.8113,83.1469,2026-09-16T19:00,26.0,92,7.8,0.0,31.3,0.0,28.1,25.3,,0.328,Yellow
Kalahandi,1454882,19.8113,83.1469,2026-09-16T20:00,25.5,93,7.0,0.0,30.8,0.0,26.8,24.9,,0.294,Yellow
Kalahandi,1454882,19.8113,83.1469,2026-09-16T21:00,25.4,93,5.4,0.0,30.8,0.0,26.6,24.8,,0.287,Yellow
Kalahandi,1454882,19.8113,83.1469,2026-09-16T22:00,25.1,93,5.0,0.0,30.5,0.0,25.8,24.5,,0.264,Yellow
Kalahandi,1454882,19.8113,83.1469,2026-09-16T23:00,24.9,93,4.1,0.0,30.3,0.0,25.3,24.3,,0.249,Green
Kalahandi,1454882,19.8113,83.1469,2026-09-17T00:00,24.8,94,3.6,0.0,30.2,0.0,25.1,24.3,,0.245,Green
Kalahandi,1454882,19.8113,83.1469,2026-09-17T01:00,24.8,93,3.6,0.0,30.1,0.0,25.1,24.2,,0.242,Green
Kalahandi,1454882,19.8113,83.1469,2026-09-17T02:00,24.6,92,4.6,0.0,29.6,0.0,24.7,23.9,,0.224,Green
Kalahandi,1454882,19.8113,83.1469,2026-09-17T03:00,24.6,91,4.5,0.0,29.5,0.0,24.7,23.8,,0.221,Green
Kalahandi,1454882,19.8113,83.1469,2026-09-17T04:00,24.4,92,4.7,0.0,29.2,0.0,24.2,23.7,,0.21,Green
Kalahandi,1454882,19.8113,83.1469,2026-09-17T05:00,24.1,93,5.1,0.0,28.9,0.0,23.5,23.5,,0.192,Green
Kalahandi,1454882,19.8113,83.1469,2026-09-17T06:00,24.9,92,6.4,26.0,29.8,0.0,25.4,24.2,,0.246,Green
Kalahandi,1454882,19.8113,83.1469,2026-09-17T07:00,25.8,89,15.1,171.0,29.7,0.0,27.5,24.8,,0.302,Yellow
Kalahandi,1454882,19.8113,83.1469,2026-09-17T08:00,26.2,87,11.9,332.0,30.4,0.0,28.4,25.1,,0.325,Yellow
Kalahandi,1454882,19.8113,83.1469,2026-09-17T09:00,28.0,79,10.1,584.0,32.8,0.0,31.9,26.2,,0.417,Yellow
Kalahandi,1454882,19.8113,83.1469,2026-09-17T10:00,29.2,76,10.3,729.0,35.1,0.0,34.4,27.1,,0.488,Yellow
Kalahandi,1454882,19.8113,83.1469,2026-09-17T11:00,30.2,76,10.1,832.0,37.4,0.0,37.1,28.1,,0.566,Orange
Kalahandi,1454882,19.8113,83.1469,2026-09-17T12:00,31.0,73,9.5,895.0,38.7,0.0,38.5,28.5,,0.605,Orange
Kalahandi,1454882,19.8113,83.1469,2026-09-17T13:00,31.6,70,8.8,837.0,39.0,0.0,39.3,28.8,,0.625,Orange
Kalahandi,1454882,19.8113,83.1469,2026-09-17T14:00,31.5,70,7.2,705.0,38.4,0.0,39.0,28.7,,0.617,Orange
Kalahandi,1454882,19.8113,83.1469,2026-09-17T15:00,30.3,76,4.4,495.0,36.8,0.0,37.4,28.2,,0.577,Orange
Kalahandi,1454882,19.8113,83.1469,2026-09-17T16:00,28.5,86,3.8,321.0,35.3,0.0,34.6,27.4,,0.505,Orange
Kalahandi,1454882,19.8113,83.1469,2026-09-17T17:00,27.1,94,6.1,138.0,33.6,0.0,32.1,26.6,,0.439,Yellow
Kalahandi,1454882,19.8113,83.1469,2026-09-17T18:00,26.5,96,6.3,7.0,32.8,0.0,29.8,26.2,,0.388,Yellow
Kalahandi,1454882,19.8113,83.1469,2026-09-17T19:00,26.3,94,5.5,0.0,32.4,0.0,29.0,25.8,,0.361,Yellow
Kalahandi,1454882,19.8113,83.1469,2026-09-17T20:00,26.1,93,4.7,0.0,32.1,0.0,28.4,25.5,,0.341,Yellow
Kalahandi,1454882,19.8113,83.1469,2026-09-17T21:00,25.9,92,4.5,0.0,31.7,0.0,27.8,25.2,,0.321,Yellow
Kalahandi,1454882,19.8113,83.1469,2026-09-17T22:00,25.8,91,4.4,0.0,31.5,0.0,27.6,25.0,,0.309,Yellow
Kalahandi,1454882,19.8113,83.1469,2026-09-17T23:00,25.7,91,4.2,0.0,31.2,0.0,27.3,24.9,,0.301,Yellow
Balangir,1451616,20.5853,83.2302,2026-09-13T00:00,24.1,98,8.9,0.0,28.7,0.0,23.1,23.9,,0.205,Green
Balangir,1451616,20.5853,83.2302,2026-09-13T01:00,24.0,98,9.6,0.0,28.5,0.0,22.8,23.8,,0.197,Green
Balangir,1451616,20.5853,83.2302,2026-09-13T02:00,23.9,97,10.6,0.0,28.1,0.0,22.7,23.6,,0.188,Green
Balangir,1451616,20.5853,83.2302,2026-09-13T03:00,23.7,97,12.6,0.0,27.4,0.0,22.2,23.4,,0.173,Green
Balangir,1451616,20.5853,83.2302,2026-09-13T04:00,23.6,96,12.1,0.0,27.3,0.0,22.1,23.3,,0.164,Green
Balangir,1451616,20.5853,83.2302,2026-09-13T05:00,24.1,94,9.2,0.0,28.3,0.0,23.4,23.6,,0.194,Green
Balangir,1451616,20.5853,83.2302,2026-09-13T06:00,24.4,93,9.3,23.0,28.6,0.0,24.2,23.8,,0.213,Green
Balangir,1451616,20.5853,83.2302,2026-09-13T07:00,25.6,88,7.6,165.0,30.3,0.0,27.0,24.6,,0.284,Yellow
Balangir,1451616,20.5853,83.2302,2026-09-13T08:00,27.1,83,7.6,400.0,32.0,0.0,30.3,25.7,,0.374,Yellow
Balangir,1451616,20.5853,83.2302,2026-09-13T09:00,28.6,73,9.9,600.0,33.1,0.0,32.4,26.1,,0.422,Yellow
Balangir,1451616,20.5853,83.2302,2026-09-13T10:00,29.8,67,11.1,750.0,34.8,0.0,33.9,26.6,,0.464,Yellow
Balangir,1451616,20.5853,83.2302,2026-09-13T11:00,30.8,59,11.1,829.0,35.5,0.0,34.2,26.7,,0.47,Yellow
Balangir,1451616,20.5853,83.2302,2026-09-13T12:00,30.9,60,9.7,831.0,36.1,0.0,34.6,26.9,,0.486,Yellow
Balangir,1451616,20.5853,83.2302,2026-09-13T13:00,31.1,61,9.7,831.0,36.6,0.0,35.3,27.2,,0.508,Orange
Balangir,1451616,20.5853,83.2302,2026-09-13T14:00,31.1,62,7.4,690.0,36.2,0.0,35.6,27.4,,0.517,Orange
Balangir,1451616,20.5853,83.2302,2026-09-13T15:00,30.2,64,7.7,436.0,34.4,0.0,34.1,26.6,,0.466,Yellow
Balangir,1451616,20.5853,83.2302,2026-09-13T16:00,28.8,76,4.9,249.0,34.2,0.0,33.4,26.6,,0.454,Yellow
Balangir,1451616,20.5853,83.2302,2026-09-13T17:00,28.3,72,9.6,115.0,32.3,0.0,31.6,25.6,,0.387,Yellow
Balangir,1451616,20.5853,83.2302,2026-09-13T18:00,26.1,79,10.4,10.0,29.5,0.0,27.8,24.1,,0.276,Yellow
Balangir,1451616,20.5853,83.2302,2026-09-13T19:00,25.2,82,5.7,0.0,29.2,0.0,26.2,23.5,,0.23,Green
Balangir,1451616,20.5853,83.2302,2026-09-13T20:00,24.8,86,3.8,0.0,29.3,0.0,25.4,23.5,,0.218,Green
Balangir,1451616,20.5853,83.2302,2026-09-13T21:00,24.8,87,4.6,0.0,29.4,0.0,25.3,23.6,,0.222,Green
Balangir,1451616,20.5853,83.2302,2026-09-13T22:00,24.7,90,7.2,0.0,29.1,0.0,25.0,23.8,,0.225,Green
Balangir,1451616,20.5853,83.2302,2026-09-13T23:00,24.6,91,8.3,0.0,28.9,0.0,24.7,23.8,,0.221,Green
Balangir,1451616,20.5853,83.2302,2026-09-14T00:00,24.5,91,7.5,0.0,28.9,0.0,24.5,23.7,,0.214,Green
Balangir,1451616,20.5853,83.2302,2026-09-14T01:00,24.1,94,6.0,0.0,28.7,0.0,23.4,23.6,,0.194,Green
Balangir,1451616,20.5853,83.2302,2026-09-14T02:00,23.8,95,5.1,0.0,28.6,0.0,22.7,23.4,,0.176,Green
Balangir,1451616,20.5853,83.2302,2026-09-14T03:00,23.6,96,5.7,0.0,28.3,0.0,22.1,23.3,,0.164,Green
Balangir,1451616,20.5853,83.2302,2026-09-14T04:00,23.5,96,4.3,0.0,28.3,0.0,21.9,23.2,,0.157,Green
Balangir,1451616,20.5853,83.2302,2026-09-14T05:00,23.3,97,3.5,0.0,28.1,0.0,21.4,23.0,,0.145,Green
Balangir,1451616,20.5853,83.2302,2026-09-14T06:00,24.1,94,4.6,27.0,29.0,0.0,23.4,23.6,,0.195,Green
Balangir,1451616,20.5853,83.2302,2026-09-14T07:00,25.6,88,4.5,181.0,30.7,0.0,27.0,24.6,,0.287,Yellow
Balangir,1451616,20.5853,83.2302,2026-09-14T08:00,26.7,84,5.2,285.0,31.9,0.0,29.4,25.4,,0.35,Yellow
Balangir,1451616,20.5853,83.2302,2026-09-14T09:00,28.0,79,5.5,443.0,33.2,0.0,31.9,26.2,,0.42,Yellow
Balangir,1451616,20.5853,83.2302,2026-09-14T10:00,29.4,73,4.0,712.0,35.9,0.0,34.3,27.2,,0.493,Yellow
Balangir,1451616,20.5853,83.2302,2026-09-14T11:00,30.4,66,3.5,832.0,37.4,0.0,35.0,27.6,,0.518,Orange
Balangir,1451616,20.5853,83.2302,2026-09-14T12:00,31.0,63,2.9,844.0,38.1,0.0,35.6,27.9,,0.541,Orange
Balangir,1451616,20.5853,83.2302,2026-09-14T13:00,31.3,62,2.4,807.0,38.1,0.0,36.0,28.2,,0.557,Orange
Balangir,1451616,20.5853,83.2302,2026-09-14T14:00,31.3,62,2.2,717.0,37.6,0.0,36.0,28.1,,0.555,Orange
Balangir,1451616,20.5853,83.2302,2026-09-14T15:00,31.0,64,3.6,536.0,36.1,0.0,35.9,27.7,,0.533,Orange
Balangir,1451616,20.5853,83.2302,2026-09-14T16:00,30.3,69,6.3,334.0,35.3,0.0,35.5,27.3,,0.512,Orange
Balangir,1451616,20.5853,83.2302,2026-09-14T17:00,28.9,79,5.9,109.0,34.6,0.0,34.3,26.9,,0.479,Yellow
Balangir,1451616,20.5853,83.2302,2026-09-14T18:00,27.6,81,5.3,10.0,32.9,0.0,31.3,25.8,,0.392,Yellow
Balangir,1451616,20.5853,83.2302,2026-09-14T19:00,27.0,84,5.1,0.0,32.3,0.0,30.1,25.5,,0.364,Yellow
Balangir,1451616,20.5853,83.2302,2026-09-14T20:00,26.4,87,6.7,0.0,31.6,0.0,28.9,25.2,,0.335,Yellow
Balangir,1451616,20.5853,83.2302,2026-09-14T21:00,26.1,87,11.9,0.0,30.3,0.0,28.2,24.9,,0.313,Yellow
Balangir,1451616,20.5853,83.2302,2026-09-14T22:00,25.5,86,10.2,0.0,29.4,0.0,26.8,24.2,,0.266,Yellow
Balangir,1451616,20.5853,83.2302,2026-09-14T23:00,24.9,89,7.3,0.0,29.3,0.0,25.5,23.9,,0.235,Green
Balangir,1451616,20.5853,83.2302,2026-09-15T00:00,24.5,92,6.2,0.0,29.1,0.0,24.5,23.8,,0.217,Green
Balangir,1451616,20.5853,83.2302,2026-09-15T01:00,24.1,94,5.4,0.0,28.8,0.0,23.4,23.6,,0.194,Green
Balangir,1451616,20.5853,83.2302,2026-09-15T02:00,23.7,94,5.5,0.0,28.1,0.0,22.6,23.2,,0.166,Green
Balangir,1451616,20.5853,83.2302,2026-09-15T03:00,23.4,94,6.7,0.0,27.5,0.0,22.0,22.9,,0.146,Green
Balangir,1451616,20.5853,83.2302,2026-09-15T04:00,23.0,95,5.1,0.0,27.2,0.0,21.1,22.6,,0.121,Green
Balangir,1451616,20.5853,83.2302,2026-09-15T05:00,22.9,96,3.7,0.0,27.4,0.0,20.7,22.6,,0.116,Green
Balangir,1451616,20.5853,83.2302,2026-09-15T06:00,23.5,93,5.8,26.0,27.7,0.0,22.3,22.9,,0.151,Green
Balangir,1451616,20.5853,83.2302,2026-09-15T07:00,25.3,86,5.4,184.0,29.9,0.0,26.4,24.1,,0.257,Yellow
Balangir,1451616,20.5853,83.2302,2026-09-15T08:00,27.1,81,7.4,400.0,31.8,0.0,30.1,25.5,,0.363,Yellow
Balangir,1451616,20.5853,83.2302,2026-09-15T09:00,28.5,77,8.6,602.0,33.6,0.0,32.8,26.5,,0.442,Yellow
Balangir,1451616,20.5853,83.2302,2026-09-15T10:00,29.7,73,8.2,742.0,35.8,0.0,35.0,27.3,,0.505,Orange
Balangir,1451616,20.5853,83.2302,2026-09-15T11:00,30.5,70,7.8,841.0,37.4,0.0,36.3,27.8,,0.543,Orange
Balangir,1451616,20.5853,83.2302,2026-09-15T12:00,31.0,68,7.2,860.0,38.2,0.0,37.0,28.1,,0.565,Orange
Balangir,1451616,20.5853,83.2302,2026-09-15T13:00,31.2,67,6.7,825.0,38.2,0.0,37.2,28.1,,0.571,Orange
Balangir,1451616,20.5853,83.2302,2026-09-15T14:00,30.8,69,5.6,677.0,37.2,0.0,36.8,28.0,,0.558,Orange
Balangir,1451616,20.5853,83.2302,2026-09-15T15:00,27.7,86,13.3,452.0,32.5,0.0,32.3,26.5,,0.435,Yellow
Balangir,1451616,20.5853,83.2302,2026-09-15T16:00,27.8,86,1.9,261.0,34.4,0.0,32.5,26.8,,0.453,Yellow
Balangir,1451616,20.5853,83.2302,2026-09-15T17:00,27.4,92,2.3,124.0,34.3,0.0,32.6,26.8,,0.453,Yellow
Balangir,1451616,20.5853,83.2302,2026-09-15T18:00,26.6,97,1.9,9.0,33.8,0.0,30.2,26.4,,0.402,Yellow
Balangir,1451616,20.5853,83.2302,2026-09-15T19:00,26.4,97,1.3,0.0,33.5,0.0,29.5,26.1,,0.384,Yellow
Balangir,1451616,20.5853,83.2302,2026-09-15T20:00,25.9,99,2.8,0.0,32.7,0.0,28.1,25.8,,0.351,Yellow
Balangir,1451616,20.5853,83.2302,2026-09-15T21:00,25.7,99,4.3,0.0,32.1,0.0,27.4,25.6,,0.335,Yellow
Balangir,1451616,20.5853,83.2302,2026-09-15T22:00,25.5,99,5.1,0.0,31.6,0.0,26.8,25.4,,0.318,Yellow
Balangir,1451616,20.5853,83.2302,2026-09-15T23:00,25.3,98,5.4,0.0,31.2,0.0,26.3,25.1,,0.298,Yellow
Balangir,1451616,20.5853,83.2302,2026-09-16T00:00,25.1,98,4.7,0.0,30.9,0.0,25.7,24.9,,0.282,Yellow
Balangir,1451616,20.5853,83.2302,2026-09-16T01:00,25.0,98,5.2,0.0,30.6,0.0,25.4,24.8,,0.274,Yellow
Balangir,1451616,20.5853,83.2302,2026-09-16T02:00,24.8,98,4.5,0.0,30.4,0.0,24.9,24.6,,0.258,Yellow
Balangir,1451616,20.5853,83.2302,2026-09-16T03:00,24.6,98,4.6,0.0,30.1,0.0,24.3,24.4,,0.243,Green
Balangir,1451616,20.5853,83.2302,2026-09-16T04:00,24.5,98,6.1,0.0,29.8,0.0,24.1,24.3,,0.235,Green
Balangir,1451616,20.5853,83.2302,2026-09-16T05:00,24.5,98,7.2,0.0,29.7,0.0,24.1,24.3,,0.235,Green
Balangir,1451616,20.5853,83.2302,2026-09-16T06:00,25.1,96,6.6,26.0,30.4,0.0,25.7,24.8,,0.275,Yellow
Balangir,1451616,20.5853,83.2302,2026-09-16T07:00,26.5,91,3.6,183.0,32.6,0.0,29.4,25.8,,0.369,Yellow
Balangir,1451616,20.5853,83.2302,2026-09-16T08:00,28.2,84,4.2,397.0,34.4,0.0,33.3,27.0,,0.468,Yellow
Balangir,1451616,20.5853,83.2302,2026-09-16T09:00,29.7,76,5.4,599.0,35.9,0.0,35.7,27.7,,0.531,Orange
Balangir,1451616,20.5853,83.2302,2026-09-16T10:00,30.6,71,6.7,744.0,37.3,0.0,36.8,28.0,,0.559,Orange
Balangir,1451616,20.5853,83.2302,2026-09-16T11:00,31.3,68,6.4,840.0,38.7,0.0,37.8,28.4,,0.589,Orange
Balangir,1451616,20.5853,83.2302,2026-09-16T12:00,31.8,67,6.4,864.0,39.3,0.0,38.8,28.8,,0.618,Orange
Balangir,1451616,20.5853,83.2302,2026-09-16T13:00,32.0,65,6.6,741.0,38.6,0.0,38.7,28.6,,0.611,Orange
Balangir,1451616,20.5853,83.2302,2026-09-16T14:00,28.7,82,8.8,711.0,35.2,0.0,34.3,27.2,,0.494,Yellow
Balangir,1451616,20.5853,83.2302,2026-09-16T15:00,26.9,93,9.1,307.0,32.7,0.0,31.3,26.4,,0.418,Yellow
Balangir,1451616,20.5853,83.2302,2026-09-16T16:00,26.8,93,6.7,234.0,32.8,0.0,31.0,26.3,,0.41,Yellow
Balangir,1451616,20.5853,83.2302,2026-09-16T17:00,26.7,93,5.9,105.0,32.9,0.0,30.8,26.1,,0.4,Yellow
Balangir,1451616,20.5853,83.2302,2026-09-16T18:00,26.3,94,2.1,9.0,32.8,0.0,29.0,25.8,,0.362,Yellow
Balangir,1451616,20.5853,83.2302,2026-09-16T19:00,26.2,94,0.8,0.0,32.8,0.0,28.8,25.7,,0.353,Yellow
Balangir,1451616,20.5853,83.2302,2026-09-16T20:00,25.6,96,3.1,0.0,31.8,0.0,27.1,25.3,,0.314,Yellow
Balangir,1451616,20.5853,83.2302,2026-09-16T21:00,25.3,98,6.3,0.0,31.0,0.0,26.3,25.1,,0.298,Yellow
Balangir,1451616,20.5853,83.2302,2026-09-16T22:00,25.1,99,7.5,0.0,30.6,0.0,25.7,25.0,,0.285,Yellow
Balangir,1451616,20.5853,83.2302,2026-09-16T23:00,24.9,99,8.5,0.0,30.2,0.0,25.1,24.8,,0.269,Yellow
Balangir,1451616,20.5853,83.2302,2026-09-17T00:00,24.7,98,9.4,0.0,29.7,0.0,24.6,24.5,,0.251,Yellow
Balangir,1451616,20.5853,83.2302,2026-09-17T01:00,24.6,98,9.4,0.0,29.4,0.0,24.3,24.4,,0.243,Green
Balangir,1451616,20.5853,83.2302,2026-09-17T02:00,24.4,98,4.0,0.0,29.8,0.0,23.8,24.2,,0.227,Green
Balangir,1451616,20.5853,83.2302,2026-09-17T03:00,24.1,98,3.0,0.0,29.6,0.0,23.1,23.9,,0.205,Green
Balangir,1451616,20.5853,83.2302,2026-09-17T04:00,24.1,99,0.7,0.0,30.0,0.0,23.0,24.0,,0.207,Green
Balangir,1451616,20.5853,83.2302,2026-09-17T05:00,23.9,99,5.1,0.0,29.0,0.0,22.5,23.8,,0.192,Green
Balangir,1451616,20.5853,83.2302,2026-09-17T06:00,24.5,98,6.5,25.0,29.7,0.0,24.1,24.4,,0.236,Green
Balangir,1451616,20.5853,83.2302,2026-09-17T07:00,25.9,95,6.0,163.0,31.7,0.0,27.9,25.6,,0.338,Yellow
Balangir,1451616,20.5853,83.2302,2026-09-17T08:00,27.7,86,7.6,378.0,33.4,0.0,32.3,26.5,,0.437,Yellow
Balangir,1451616,20.5853,83.2302,2026-09-17T09:00,29.1,79,8.9,570.0,34.7,0.0,34.8,27.2,,0.501,Orange
Balangir,1451616,20.5853,83.2302,2026-09-17T10:00,30.1,75,9.0,691.0,36.4,0.0,36.6,27.8,,0.549,Orange
Balangir,1451616,20.5853,83.2302,2026-09-17T11:00,31.1,70,9.0,845.0,38.2,0.0,37.9,28.3,,0.586,Orange
Balangir,1451616,20.5853,83.2302,2026-09-17T12:00,31.5,68,10.2,760.0,37.8,0.0,38.3,28.4,,0.596,Orange
Balangir,1451616,20.5853,83.2302,2026-09-17T13:00,31.6,67,11.4,697.0,37.3,0.0,38.3,28.3,,0.593,Orange
Balangir,1451616,20.5853,83.2302,2026-09-17T14:00,31.3,68,11.4,589.0,36.5,0.0,37.8,28.1,,0.578,Orange
Balangir,1451616,20.5853,83.2302,2026-09-17T15:00,30.7,73,9.4,434.0,36.2,0.0,37.7,28.1,,0.575,Orange
Balangir,1451616,20.5853,83.2302,2026-09-17T16:00,29.8,79,7.0,284.0,36.0,0.0,36.8,27.8,,0.552,Orange
Balangir,1451616,20.5853,83.2302,2026-09-17T17:00,28.8,85,5.5,122.0,35.5,0.0,35.3,27.4,,0.514,Orange
Balangir,1451616,20.5853,83.2302,2026-09-17T18:00,27.8,90,2.9,6.0,34.8,0.0,33.4,26.9,,0.466,Yellow
Balangir,1451616,20.5853,83.2302,2026-09-17T19:00,26.7,95,1.0,0.0,33.8,0.0,31.1,26.3,,0.41,Yellow
Balangir,1451616,20.5853,83.2302,2026-09-17T20:00,25.9,99,3.6,0.0,32.5,0.0,28.1,25.8,,0.351,Yellow
Balangir,1451616,20.5853,83.2302,2026-09-17T21:00,25.6,100,4.5,0.0,32.0,0.0,27.1,25.6,,0.33,Yellow
Balangir,1451616,20.5853,83.2302,2026-09-17T22:00,25.6,99,4.6,0.0,32.0,0.0,27.1,25.5,,0.326,Yellow
Balangir,1451616,20.5853,83.2302,2026-09-17T23:00,25.5,99,4.7,0.0,31.8,0.0,26.8,25.4,,0.318,Yellow
Bhadrak,1427962,21.0076,86.5326,2026-09-13T00:00,26.7,90,5.5,0.0,32.6,0.0,30.3,25.8,,0.378,Yellow
Bhadrak,1427962,21.0076,86.5326,2026-09-13T01:00,26.4,91,4.6,0.0,32.4,0.0,29.1,25.6,,0.355,Yellow
Bhadrak,1427962,21.0076,86.5326,2026-09-13T02:00,26.2,92,4.2,0.0,32.2,0.0,28.7,25.5,,0.344,Yellow
Bhadrak,1427962,21.0076,86.5326,2026-09-13T03:00,26.2,92,3.3,0.0,32.3,0.0,28.7,25.5,,0.344,Yellow
Bhadrak,1427962,21.0076,86.5326,2026-09-13T04:00,26.1,93,2.8,0.0,32.2,0.0,28.4,25.5,,0.341,Yellow
Bhadrak,1427962,21.0076,86.5326,2026-09-13T05:00,26.2,93,3.5,0.0,32.4,0.0,28.7,25.6,,0.349,Yellow
Bhadrak,1427962,21.0076,86.5326,2026-09-13T06:00,27.2,90,4.1,49.0,33.5,0.0,31.6,26.3,,0.419,Yellow
Bhadrak,1427962,21.0076,86.5326,2026-09-13T07:00,29.0,83,4.0,229.0,35.6,0.0,35.4,27.5,,0.52,Orange
Bhadrak,1427962,21.0076,86.5326,2026-09-13T08:00,30.2,77,7.3,421.0,36.3,0.0,37.4,28.1,,0.571,Orange
Bhadrak,1427962,21.0076,86.5326,2026-09-13T09:00,27.8,86,12.1,518.0,32.9,0.0,32.5,26.6,,0.444,Yellow
Bhadrak,1427962,21.0076,86.5326,2026-09-13T10:00,28.8,85,10.0,653.0,35.2,0.0,35.3,27.6,,0.521,Orange
Bhadrak,1427962,21.0076,86.5326,2026-09-13T11:00,30.0,78,10.2,765.0,37.0,0.0,37.1,28.1,,0.566,Orange
Bhadrak,1427962,21.0076,86.5326,2026-09-13T12:00,30.6,76,9.0,817.0,38.1,0.0,38.3,28.5,,0.599,Orange
Bhadrak,1427962,21.0076,86.5326,2026-09-13T13:00,30.9,73,7.1,745.0,38.1,0.0,38.2,28.5,,0.599,Orange
Bhadrak,1427962,21.0076,86.5326,2026-09-13T14:00,31.0,74,7.6,627.0,37.6,0.0,38.8,28.6,,0.612,Orange
Bhadrak,1427962,21.0076,86.5326,2026-09-13T15:00,26.8,88,14.5,288.0,31.2,0.0,30.2,25.7,,0.377,Yellow
Bhadrak,1427962,21.0076,86.5326,2026-09-13T16:00,26.1,91,1.5,72.0,32.3,0.0,28.3,25.4,,0.336,Yellow
Bhadrak,1427962,21.0076,86.5326,2026-09-13T17:00,26.8,91,9.2,69.0,32.2,0.0,30.7,26.0,,0.394,Yellow
Bhadrak,1427962,21.0076,86.5326,2026-09-13T18:00,26.0,95,7.7,3.0,31.6,0.0,28.2,25.6,,0.342,Yellow
Bhadrak,1427962,21.0076,86.5326,2026-09-13T19:00,25.9,95,4.1,0.0,32.1,0.0,27.9,25.5,,0.334,Yellow
Bhadrak,1427962,21.0076,86.5326,2026-09-13T20:00,26.0,96,2.6,0.0,32.4,0.0,28.3,25.7,,0.346,Yellow
Bhadrak,1427962,21.0076,86.5326,2026-09-13T21:00,26.0,96,2.4,0.0,32.5,0.0,28.3,25.7,,0.346,Yellow
Bhadrak,1427962,21.0076,86.5326,2026-09-13T22:00,25.7,97,2.9,0.0,32.1,0.0,27.4,25.4,,0.326,Yellow
Bhadrak,1427962,21.0076,86.5326,2026-09-13T23:00,25.6,96,2.2,0.0,32.0,0.0,27.1,25.3,,0.314,Yellow
Bhadrak,1427962,21.0076,86.5326,2026-09-14T00:00,25.4,97,3.1,0.0,31.6,0.0,26.5,25.1,,0.302,Yellow
Bhadrak,1427962,21.0076,86.5326,2026-09-14T01:00,25.4,97,3.9,0.0,31.4,0.0,26.5,25.1,,0.302,Yellow
Bhadrak,1427962,21.0076,86.5326,2026-09-14T02:00,25.3,97,3.5,0.0,31.4,0.0,26.3,25.0,,0.294,Yellow
Bhadrak,1427962,21.0076,86.5326,2026-09-14T03:00,25.3,96,3.2,0.0,31.4,0.0,26.3,25.0,,0.29,Yellow
Bhadrak,1427962,21.0076,86.5326,2026-09-14T04:00,25.3,96,2.1,0.0,31.5,0.0,26.3,25.0,,0.29,Yellow
Bhadrak,1427962,21.0076,86.5326,2026-09-14T05:00,25.3,97,3.2,0.0,31.4,0.0,26.3,25.0,,0.294,Yellow
Bhadrak,1427962,21.0076,86.5326,2026-09-14T06:00,26.0,94,2.7,37.0,32.3,0.0,28.2,25.5,,0.339,Yellow
Bhadrak,1427962,21.0076,86.5326,2026-09-14T07:00,27.0,90,5.0,221.0,33.2,0.0,31.1,26.2,,0.408,Yellow
Bhadrak,1427962,21.0076,86.5326,2026-09-14T08:00,28.3,83,4.8,437.0,34.3,0.0,33.4,26.9,,0.469,Yellow
Bhadrak,1427962,21.0076,86.5326,2026-09-14T09:00,29.3,79,3.8,553.0,35.6,0.0,35.4,27.7,,0.526,Orange
Bhadrak,1427962,21.0076,86.5326,2026-09-14T10:00,30.2,76,4.0,711.0,37.7,0.0,37.1,28.3,,0.577,Orange
Bhadrak,1427962,21.0076,86.5326,2026-09-14T11:00,30.7,75,4.0,849.0,39.3,0.0,38.3,28.8,,0.613,Orange
Bhadrak,1427962,21.0076,86.5326,2026-09-14T12:00,31.0,74,2.7,803.0,39.5,0.0,38.8,29.2,,0.636,Orange
Bhadrak,1427962,21.0076,86.5326,2026-09-14T13:00,31.4,72,4.3,685.0,38.8,0.0,39.4,29.0,,0.635,Orange
Bhadrak,1427962,21.0076,86.5326,2026-09-14T14:00,28.6,81,9.4,479.0,33.9,0.0,33.8,26.9,,0.474,Yellow
Bhadrak,1427962,21.0076,86.5326,2026-09-14T15:00,28.5,83,4.0,354.0,34.8,0.0,34.0,27.1,,0.484,Yellow
Bhadrak,1427962,21.0076,86.5326,2026-09-14T16:00,28.5,82,1.9,283.0,35.1,0.0,33.8,27.1,,0.482,Yellow
Bhadrak,1427962,21.0076,86.5326,2026-09-14T17:00,27.8,86,3.2,98.0,34.1,0.0,32.5,26.6,,0.442,Yellow
Bhadrak,1427962,21.0076,86.5326,2026-09-14T18:00,27.0,92,0.8,3.0,33.9,0.0,31.4,26.3,,0.415,Yellow
Bhadrak,1427962,21.0076,86.5326,2026-09-14T19:00,26.7,95,2.3,0.0,33.6,0.0,31.1,26.3,,0.41,Yellow
Bhadrak,1427962,21.0076,86.5326,2026-09-14T20:00,26.6,95,3.4,0.0,33.3,0.0,30.0,26.2,,0.391,Yellow
Bhadrak,1427962,21.0076,86.5326,2026-09-14T21:00,26.5,95,4.7,0.0,32.9,0.0,29.7,26.1,,0.383,Yellow
Bhadrak,1427962,21.0076,86.5326,2026-09-14T22:00,26.2,96,4.6,0.0,32.5,0.0,28.9,25.9,,0.363,Yellow
Bhadrak,1427962,21.0076,86.5326,2026-09-14T23:00,25.9,96,4.1,0.0,32.1,0.0,28.0,25.6,,0.338,Yellow
Bhadrak,1427962,21.0076,86.5326,2026-09-15T00:00,25.7,96,4.2,0.0,31.8,0.0,27.4,25.4,,0.322,Yellow
Bhadrak,1427962,21.0076,86.5326,2026-09-15T01:00,25.5,97,4.2,0.0,31.6,0.0,26.8,25.2,,0.31,Yellow
Bhadrak,1427962,21.0076,86.5326,2026-09-15T02:00,25.4,98,3.6,0.0,31.6,0.0,26.5,25.2,,0.306,Yellow
Bhadrak,1427962,21.0076,86.5326,2026-09-15T03:00,25.2,98,3.6,0.0,31.4,0.0,26.0,25.0,,0.29,Yellow
Bhadrak,1427962,21.0076,86.5326,2026-09-15T04:00,25.2,99,3.7,0.0,31.3,0.0,25.9,25.1,,0.294,Yellow
Bhadrak,1427962,21.0076,86.5326,2026-09-15T05:00,25.1,99,3.8,0.0,31.2,0.0,25.7,25.0,,0.285,Yellow
Bhadrak,1427962,21.0076,86.5326,2026-09-15T06:00,26.0,96,6.9,49.0,31.9,0.0,28.3,25.7,,0.347,Yellow
Bhadrak,1427962,21.0076,86.5326,2026-09-15T07:00,27.4,88,8.7,226.0,32.9,0.0,31.8,26.4,,0.424,Yellow
Bhadrak,1427962,21.0076,86.5326,2026-09-15T08:00,28.7,82,9.0,409.0,34.3,0.0,34.3,27.1,,0.488,Yellow
Bhadrak,1427962,21.0076,86.5326,2026-09-15T09:00,29.9,76,7.8,571.0,35.7,0.0,36.3,27.7,,0.541,Orange
Bhadrak,1427962,21.0076,86.5326,2026-09-15T10:00,30.9,71,6.5,731.0,37.7,0.0,37.6,28.3,,0.582,Orange
Bhadrak,1427962,21.0076,86.5326,2026-09-15T11:00,31.3,70,6.7,811.0,38.7,0.0,38.4,28.6,,0.605,Orange
Bhadrak,1427962,21.0076,86.5326,2026-09-15T12:00,31.4,72,7.3,803.0,39.1,0.0,39.4,28.9,,0.63,Orange
Bhadrak,1427962,21.0076,86.5326,2026-09-15T13:00,31.9,70,6.5,732.0,39.2,0.0,40.1,29.1,,0.651,Orange
Bhadrak,1427962,21.0076,86.5326,2026-09-15T14:00,31.8,70,6.9,658.0,38.6,0.0,39.8,29.0,,0.64,Orange
Bhadrak,1427962,21.0076,86.5326,2026-09-15T15:00,29.1,80,11.5,466.0,34.2,0.0,35.0,27.3,,0.505,Orange
Bhadrak,1427962,21.0076,86.5326,2026-09-15T16:00,28.2,84,6.1,212.0,34.2,0.0,33.3,26.8,,0.461,Yellow
Bhadrak,1427962,21.0076,86.5326,2026-09-15T17:00,27.4,89,6.6,88.0,33.4,0.0,32.0,26.4,,0.429,Yellow
Bhadrak,1427962,21.0076,86.5326,2026-09-15T18:00,26.7,92,6.1,2.0,32.8,0.0,30.6,26.0,,0.391,Yellow
Bhadrak,1427962,21.0076,86.5326,2026-09-15T19:00,26.4,93,3.2,0.0,32.7,0.0,29.3,25.8,,0.365,Yellow
Bhadrak,1427962,21.0076,86.5326,2026-09-15T20:00,26.3,94,5.2,0.0,32.3,0.0,29.0,25.8,,0.361,Yellow
Bhadrak,1427962,21.0076,86.5326,2026-09-15T21:00,26.4,94,7.0,0.0,32.3,0.0,29.3,25.9,,0.369,Yellow
Bhadrak,1427962,21.0076,86.5326,2026-09-15T22:00,26.4,94,7.1,0.0,32.3,0.0,29.3,25.9,,0.369,Yellow
Bhadrak,1427962,21.0076,86.5326,2026-09-15T23:00,26.1,95,7.3,0.0,31.9,0.0,28.5,25.7,,0.35,Yellow
Bhadrak,1427962,21.0076,86.5326,2026-09-16T00:00,25.9,96,7.6,0.0,31.6,0.0,28.0,25.6,,0.338,Yellow
Bhadrak,1427962,21.0076,86.5326,2026-09-16T01:00,25.7,95,7.0,0.0,31.3,0.0,27.4,25.3,,0.318,Yellow
Bhadrak,1427962,21.0076,86.5326,2026-09-16T02:00,25.5,96,5.2,0.0,31.3,0.0,26.8,25.2,,0.306,Yellow
Bhadrak,1427962,21.0076,86.5326,2026-09-16T03:00,25.4,96,5.1,0.0,31.2,0.0,26.6,25.1,,0.298,Yellow
Bhadrak,1427962,21.0076,86.5326,2026-09-16T04:00,25.3,97,5.4,0.0,31.1,0.0,26.3,25.0,,0.294,Yellow
Bhadrak,1427962,21.0076,86.5326,2026-09-16T05:00,25.3,97,5.0,0.0,31.2,0.0,26.3,25.0,,0.294,Yellow
Bhadrak,1427962,21.0076,86.5326,2026-09-16T06:00,26.0,96,6.2,47.0,32.0,0.0,28.3,25.7,,0.347,Yellow
Bhadrak,1427962,21.0076,86.5326,2026-09-16T07:00,27.7,88,9.3,217.0,33.3,0.0,32.7,26.6,,0.447,Yellow
Bhadrak,1427962,21.0076,86.5326,2026-09-16T08:00,29.2,81,10.8,406.0,34.8,0.0,35.5,27.5,,0.52,Orange
Bhadrak,1427962,21.0076,86.5326,2026-09-16T09:00,30.2,80,9.2,591.0,36.7,0.0,38.3,28.4,,0.597,Orange
Bhadrak,1427962,21.0076,86.5326,2026-09-16T10:00,31.0,79,7.1,742.0,39.2,0.0,40.5,29.2,,0.661,Orange
Bhadrak,1427962,21.0076,86.5326,2026-09-16T11:00,31.5,79,7.6,828.0,40.5,0.0,42.2,29.7,,0.704,Orange
Bhadrak,1427962,21.0076,86.5326,2026-09-16T12:00,31.8,77,7.1,792.0,40.6,0.0,42.4,29.8,,0.711,Orange
Bhadrak,1427962,21.0076,86.5326,2026-09-16T13:00,32.1,75,7.4,724.0,40.2,0.0,42.6,29.8,,0.714,Orange
Bhadrak,1427962,21.0076,86.5326,2026-09-16T14:00,31.9,73,7.3,543.0,38.6,0.0,41.2,29.3,,0.674,Orange
Bhadrak,1427962,21.0076,86.5326,2026-09-16T15:00,30.8,74,7.2,447.0,36.8,0.0,38.3,28.3,,0.593,Orange
Bhadrak,1427962,21.0076,86.5326,2026-09-16T16:00,28.8,82,4.8,196.0,35.1,0.0,34.6,27.2,,0.495,Yellow
Bhadrak,1427962,21.0076,86.5326,2026-09-16T17:00,26.9,92,13.4,31.0,32.0,0.0,31.2,26.2,,0.407,Yellow
Bhadrak,1427962,21.0076,86.5326,2026-09-16T18:00,26.5,94,5.8,1.0,32.6,0.0,29.6,26.0,,0.378,Yellow
Bhadrak,1427962,21.0076,86.5326,2026-09-16T19:00,26.5,94,5.3,0.0,32.8,0.0,29.6,26.0,,0.378,Yellow
Bhadrak,1427962,21.0076,86.5326,2026-09-16T20:00,26.6,93,6.6,0.0,32.6,0.0,29.9,26.0,,0.381,Yellow
Bhadrak,1427962,21.0076,86.5326,2026-09-16T21:00,26.6,94,6.2,0.0,32.8,0.0,29.9,26.1,,0.386,Yellow
Bhadrak,1427962,21.0076,86.5326,2026-09-16T22:00,26.6,95,6.5,0.0,32.9,0.0,30.0,26.2,,0.391,Yellow
Bhadrak,1427962,21.0076,86.5326,2026-09-16T23:00,26.7,96,8.4,0.0,32.8,0.0,31.3,26.4,,0.416,Yellow
Bhadrak,1427962,21.0076,86.5326,2026-09-17T00:00,26.6,97,8.9,0.0,32.7,0.0,30.2,26.3,,0.401,Yellow
Bhadrak,1427962,21.0076,86.5326,2026-09-17T01:00,26.5,97,9.3,0.0,32.5,0.0,29.9,26.2,,0.393,Yellow
Bhadrak,1427962,21.0076,86.5326,2026-09-17T02:00,26.3,97,10.2,0.0,32.0,0.0,29.2,26.0,,0.376,Yellow
Bhadrak,1427962,21.0076,86.5326,2026-09-17T03:00,26.2,97,9.3,0.0,31.9,0.0,28.9,25.9,,0.367,Yellow
Bhadrak,1427962,21.0076,86.5326,2026-09-17T04:00,26.0,97,5.6,0.0,32.2,0.0,28.3,25.7,,0.351,Yellow
Bhadrak,1427962,21.0076,86.5326,2026-09-17T05:00,25.8,97,7.3,0.0,31.7,0.0,27.7,25.5,,0.334,Yellow
Bhadrak,1427962,21.0076,86.5326,2026-09-17T06:00,26.5,95,8.3,43.0,32.4,0.0,29.7,26.1,,0.383,Yellow
Bhadrak,1427962,21.0076,86.5326,2026-09-17T07:00,27.6,90,9.7,192.0,33.5,0.0,32.8,26.7,,0.453,Yellow
Bhadrak,1427962,21.0076,86.5326,2026-09-17T08:00,29.2,82,10.0,371.0,35.1,0.0,35.8,27.6,,0.527,Orange
Bhadrak,1427962,21.0076,86.5326,2026-09-17T09:00,30.6,76,9.4,616.0,37.0,0.0,38.3,28.4,,0.595,Orange
Bhadrak,1427962,21.0076,86.5326,2026-09-17T10:00,31.6,72,8.9,743.0,38.8,0.0,39.9,29.0,,0.642,Orange
Bhadrak,1427962,21.0076,86.5326,2026-09-17T11:00,32.2,71,8.4,812.0,40.1,0.0,41.4,29.5,,0.683,Orange
Bhadrak,1427962,21.0076,86.5326,2026-09-17T12:00,31.4,74,6.5,869.0,40.0,0.0,40.0,29.2,,0.651,Orange
Bhadrak,1427962,21.0076,86.5326,2026-09-17T13:00,29.9,81,8.8,744.0,37.2,0.0,37.6,28.3,,0.583,Orange
Bhadrak,1427962,21.0076,86.5326,2026-09-17T14:00,28.7,86,11.8,544.0,34.4,0.0,35.2,27.5,,0.517,Orange
Bhadrak,1427962,21.0076,86.5326,2026-09-17T15:00,28.2,88,10.9,270.0,34.1,0.0,34.2,27.1,,0.488,Yellow
Bhadrak,1427962,21.0076,86.5326,2026-09-17T16:00,28.1,89,8.1,148.0,34.4,0.0,34.1,27.1,,0.486,Yellow
Bhadrak,1427962,21.0076,86.5326,2026-09-17T17:00,27.9,89,6.3,49.0,34.4,0.0,33.5,26.9,,0.468,Yellow
Bhadrak,1427962,21.0076,86.5326,2026-09-17T18:00,27.5,91,5.0,0.0,34.0,0.0,32.7,26.7,,0.448,Yellow
Bhadrak,1427962,21.0076,86.5326,2026-09-17T19:00,27.0,93,3.7,0.0,33.6,0.0,31.6,26.4,,0.421,Yellow
Bhadrak,1427962,21.0076,86.5326,2026-09-17T20:00,26.6,95,3.6,0.0,33.2,0.0,30.0,26.2,,0.391,Yellow
Bhadrak,1427962,21.0076,86.5326,2026-09-17T21:00,26.4,96,5.0,0.0,32.8,0.0,29.5,26.1,,0.379,Yellow
Bhadrak,1427962,21.0076,86.5326,2026-09-17T22:00,26.3,97,6.7,0.0,32.6,0.0,29.2,26.0,,0.376,Yellow
Bhadrak,1427962,21.0076,86.5326,2026-09-17T23:00,26.3,98,7.8,0.0,32.4,0.0,29.3,26.1,,0.381,Yellow
Kendrapara,1356827,20.5807,86.5624,2026-09-13T00:00,26.9,87,5.5,0.0,32.5,0.0,30.3,25.7,,0.375,Yellow
Kendrapara,1356827,20.5807,86.5624,2026-09-13T01:00,26.5,89,4.9,0.0,32.3,0.0,29.3,25.5,,0.353,Yellow
Kendrapara,1356827,20.5807,86.5624,2026-09-13T02:00,26.4,90,5.1,0.0,32.2,0.0,29.1,25.5,,0.35,Yellow
Kendrapara,1356827,20.5807,86.5624,2026-09-13T03:00,26.1,92,3.2,0.0,32.2,0.0,28.4,25.4,,0.336,Yellow
Kendrapara,1356827,20.5807,86.5624,2026-09-13T04:00,26.2,92,2.0,0.0,32.5,0.0,28.7,25.5,,0.344,Yellow
Kendrapara,1356827,20.5807,86.5624,2026-09-13T05:00,26.2,93,3.3,0.0,32.4,0.0,28.7,25.6,,0.349,Yellow
Kendrapara,1356827,20.5807,86.5624,2026-09-13T06:00,27.4,90,5.3,51.0,33.6,0.0,32.2,26.5,,0.435,Yellow
Kendrapara,1356827,20.5807,86.5624,2026-09-13T07:00,29.3,82,4.8,225.0,35.8,0.0,36.1,27.7,,0.536,Orange
Kendrapara,1356827,20.5807,86.5624,2026-09-13T08:00,30.4,76,8.7,419.0,36.3,0.0,37.7,28.1,,0.577,Orange
Kendrapara,1356827,20.5807,86.5624,2026-09-13T09:00,27.4,86,11.3,371.0,32.3,0.0,31.4,26.2,,0.412,Yellow
Kendrapara,1356827,20.5807,86.5624,2026-09-13T10:00,28.9,83,9.8,593.0,34.9,0.0,35.1,27.5,,0.514,Orange
Kendrapara,1356827,20.5807,86.5624,2026-09-13T11:00,29.7,78,12.0,742.0,36.1,0.0,36.2,27.7,,0.54,Orange
Kendrapara,1356827,20.5807,86.5624,2026-09-13T12:00,29.9,81,8.2,805.0,37.8,0.0,37.6,28.3,,0.585,Orange
Kendrapara,1356827,20.5807,86.5624,2026-09-13T13:00,30.5,81,8.0,774.0,38.7,0.0,39.6,28.9,,0.635,Orange
Kendrapara,1356827,20.5807,86.5624,2026-09-13T14:00,30.2,82,8.9,645.0,37.3,0.0,38.9,28.7,,0.615,Orange
Kendrapara,1356827,20.5807,86.5624,2026-09-13T15:00,28.3,86,3.9,363.0,34.9,0.0,34.0,27.2,,0.49,Yellow
Kendrapara,1356827,20.5807,86.5624,2026-09-13T16:00,27.7,87,2.7,56.0,34.2,0.0,32.5,26.5,,0.439,Yellow
Kendrapara,1356827,20.5807,86.5624,2026-09-13T17:00,26.8,92,3.2,57.0,33.4,0.0,30.9,26.1,,0.401,Yellow
Kendrapara,1356827,20.5807,86.5624,2026-09-13T18:00,26.6,95,4.0,2.0,33.3,0.0,30.0,26.2,,0.391,Yellow
Kendrapara,1356827,20.5807,86.5624,2026-09-13T19:00,26.7,95,2.5,0.0,33.6,0.0,31.1,26.3,,0.41,Yellow
Kendrapara,1356827,20.5807,86.5624,2026-09-13T20:00,26.8,94,1.7,0.0,33.8,0.0,31.2,26.3,,0.411,Yellow
Kendrapara,1356827,20.5807,86.5624,2026-09-13T21:00,26.5,95,1.5,0.0,33.3,0.0,29.7,26.1,,0.383,Yellow
Kendrapara,1356827,20.5807,86.5624,2026-09-13T22:00,26.2,98,2.5,0.0,33.1,0.0,29.0,26.0,,0.372,Yellow
Kendrapara,1356827,20.5807,86.5624,2026-09-13T23:00,26.0,98,3.0,0.0,32.8,0.0,28.3,25.8,,0.355,Yellow
Kendrapara,1356827,20.5807,86.5624,2026-09-14T00:00,25.8,98,3.5,0.0,32.4,0.0,27.7,25.6,,0.339,Yellow
Kendrapara,1356827,20.5807,86.5624,2026-09-14T01:00,25.6,98,3.6,0.0,32.0,0.0,27.1,25.4,,0.322,Yellow
Kendrapara,1356827,20.5807,86.5624,2026-09-14T02:00,25.5,98,3.6,0.0,31.7,0.0,26.8,25.3,,0.314,Yellow
Kendrapara,1356827,20.5807,86.5624,2026-09-14T03:00,25.4,98,2.2,0.0,31.8,0.0,26.5,25.2,,0.306,Yellow
Kendrapara,1356827,20.5807,86.5624,2026-09-14T04:00,25.5,97,2.1,0.0,31.9,0.0,26.8,25.2,,0.31,Yellow
Kendrapara,1356827,20.5807,86.5624,2026-09-14T05:00,25.3,98,6.4,0.0,31.1,0.0,26.3,25.1,,0.298,Yellow
Kendrapara,1356827,20.5807,86.5624,2026-09-14T06:00,25.6,97,7.6,43.0,31.3,0.0,27.1,25.4,,0.319,Yellow
Kendrapara,1356827,20.5807,86.5624,2026-09-14T07:00,26.8,90,5.8,216.0,32.6,0.0,30.5,26.0,,0.391,Yellow
Kendrapara,1356827,20.5807,86.5624,2026-09-14T08:00,28.1,84,4.6,408.0,34.1,0.0,33.0,26.8,,0.46,Yellow
Kendrapara,1356827,20.5807,86.5624,2026-09-14T09:00,29.2,81,6.0,561.0,35.4,0.0,35.5,27.6,,0.527,Orange
Kendrapara,1356827,20.5807,86.5624,2026-09-14T10:00,30.0,78,4.9,746.0,37.7,0.0,37.1,28.3,,0.575,Orange
Kendrapara,1356827,20.5807,86.5624,2026-09-14T11:00,29.8,78,5.1,503.0,36.2,0.0,36.5,27.9,,0.552,Orange
Kendrapara,1356827,20.5807,86.5624,2026-09-14T12:00,30.0,77,5.2,421.0,36.3,0.0,36.8,27.9,,0.558,Orange
Kendrapara,1356827,20.5807,86.5624,2026-09-14T13:00,30.4,76,8.3,440.0,36.3,0.0,37.7,28.1,,0.578,Orange
Kendrapara,1356827,20.5807,86.5624,2026-09-14T14:00,28.9,83,6.2,450.0,35.1,0.0,35.1,27.5,,0.515,Orange
Kendrapara,1356827,20.5807,86.5624,2026-09-14T15:00,29.6,78,1.9,382.0,36.3,0.0,36.0,27.9,,0.545,Orange
Kendrapara,1356827,20.5807,86.5624,2026-09-14T16:00,28.8,81,2.2,253.0,35.3,0.0,34.4,27.2,,0.495,Yellow
Kendrapara,1356827,20.5807,86.5624,2026-09-14T17:00,27.3,89,4.5,78.0,33.6,0.0,31.7,26.3,,0.421,Yellow
Kendrapara,1356827,20.5807,86.5624,2026-09-14T18:00,26.7,93,5.6,2.0,32.9,0.0,30.8,26.1,,0.397,Yellow
Kendrapara,1356827,20.5807,86.5624,2026-09-14T19:00,26.3,95,3.6,0.0,32.8,0.0,29.1,25.9,,0.366,Yellow
Kendrapara,1356827,20.5807,86.5624,2026-09-14T20:00,26.3,95,2.4,0.0,32.9,0.0,29.1,25.9,,0.366,Yellow
Kendrapara,1356827,20.5807,86.5624,2026-09-14T21:00,26.2,95,3.7,0.0,32.6,0.0,28.8,25.8,,0.358,Yellow
Kendrapara,1356827,20.5807,86.5624,2026-09-14T22:00,26.1,96,4.5,0.0,32.4,0.0,28.6,25.8,,0.355,Yellow
Kendrapara,1356827,20.5807,86.5624,2026-09-14T23:00,26.1,96,4.9,0.0,32.3,0.0,28.6,25.8,,0.355,Yellow
Kendrapara,1356827,20.5807,86.5624,2026-09-15T00:00,25.9,97,4.4,0.0,32.2,0.0,28.0,25.6,,0.343,Yellow
Kendrapara,1356827,20.5807,86.5624,2026-09-15T01:00,25.8,97,3.9,0.0,32.1,0.0,27.7,25.5,,0.334,Yellow
Kendrapara,1356827,20.5807,86.5624,2026-09-15T02:00,25.7,97,3.6,0.0,32.0,0.0,27.4,25.4,,0.326,Yellow
Kendrapara,1356827,20.5807,86.5624,2026-09-15T03:00,25.6,97,4.0,0.0,31.7,0.0,27.1,25.3,,0.318,Yellow
Kendrapara,1356827,20.5807,86.5624,2026-09-15T04:00,25.4,97,6.4,0.0,31.1,0.0,26.5,25.1,,0.302,Yellow
Kendrapara,1356827,20.5807,86.5624,2026-09-15T05:00,25.1,97,4.0,0.0,30.9,0.0,25.7,24.8,,0.278,Yellow
Kendrapara,1356827,20.5807,86.5624,2026-09-15T06:00,25.8,95,5.6,51.0,31.7,0.0,27.7,25.4,,0.327,Yellow
Kendrapara,1356827,20.5807,86.5624,2026-09-15T07:00,27.3,89,6.5,230.0,33.3,0.0,31.7,26.4,,0.424,Yellow
Kendrapara,1356827,20.5807,86.5624,2026-09-15T08:00,28.6,83,7.4,435.0,34.4,0.0,34.2,27.1,,0.489,Yellow
Kendrapara,1356827,20.5807,86.5624,2026-09-15T09:00,29.7,77,7.2,627.0,36.1,0.0,36.0,27.7,,0.535,Orange
Kendrapara,1356827,20.5807,86.5624,2026-09-15T10:00,30.2,77,7.1,719.0,37.3,0.0,37.4,28.2,,0.577,Orange
Kendrapara,1356827,20.5807,86.5624,2026-09-15T11:00,31.0,76,6.0,808.0,39.2,0.0,39.5,29.0,,0.637,Orange
Kendrapara,1356827,20.5807,86.5624,2026-09-15T12:00,31.8,73,7.6,863.0,40.2,0.0,40.9,29.4,,0.672,Orange
Kendrapara,1356827,20.5807,86.5624,2026-09-15T13:00,28.8,81,9.0,736.0,35.4,0.0,34.4,27.2,,0.495,Yellow
Kendrapara,1356827,20.5807,86.5624,2026-09-15T14:00,25.8,94,13.4,248.0,30.4,0.0,27.6,25.3,,0.324,Yellow
Kendrapara,1356827,20.5807,86.5624,2026-09-15T15:00,28.3,84,8.6,482.0,34.0,0.0,33.6,26.9,,0.472,Yellow
Kendrapara,1356827,20.5807,86.5624,2026-09-15T16:00,28.5,83,9.1,288.0,34.1,0.0,34.0,27.0,,0.477,Yellow
Kendrapara,1356827,20.5807,86.5624,2026-09-15T17:00,27.9,88,4.5,94.0,34.4,0.0,33.3,26.8,,0.463,Yellow
Kendrapara,1356827,20.5807,86.5624,2026-09-15T18:00,27.1,92,3.4,2.0,33.8,0.0,31.7,26.4,,0.423,Yellow
Kendrapara,1356827,20.5807,86.5624,2026-09-15T19:00,26.9,93,4.1,0.0,33.4,0.0,31.3,26.3,,0.413,Yellow
Kendrapara,1356827,20.5807,86.5624,2026-09-15T20:00,26.7,93,5.3,0.0,33.0,0.0,30.8,26.1,,0.397,Yellow
Kendrapara,1356827,20.5807,86.5624,2026-09-15T21:00,26.7,93,6.7,0.0,32.7,0.0,30.8,26.1,,0.397,Yellow
Kendrapara,1356827,20.5807,86.5624,2026-09-15T22:00,26.5,94,7.3,0.0,32.4,0.0,29.6,26.0,,0.378,Yellow
Kendrapara,1356827,20.5807,86.5624,2026-09-15T23:00,26.4,95,6.5,0.0,32.4,0.0,29.4,26.0,,0.374,Yellow
Kendrapara,1356827,20.5807,86.5624,2026-09-16T00:00,26.4,94,7.5,0.0,32.3,0.0,29.3,25.9,,0.369,Yellow
Kendrapara,1356827,20.5807,86.5624,2026-09-16T01:00,26.4,95,6.7,0.0,32.4,0.0,29.4,26.0,,0.374,Yellow
Kendrapara,1356827,20.5807,86.5624,2026-09-16T02:00,26.1,96,5.6,0.0,32.2,0.0,28.6,25.8,,0.355,Yellow
Kendrapara,1356827,20.5807,86.5624,2026-09-16T03:00,26.1,96,6.7,0.0,32.0,0.0,28.6,25.8,,0.355,Yellow
Kendrapara,1356827,20.5807,86.5624,2026-09-16T04:00,26.0,96,6.0,0.0,32.0,0.0,28.3,25.7,,0.346,Yellow
Kendrapara,1356827,20.5807,86.5624,2026-09-16T05:00,25.9,96,6.0,0.0,31.8,0.0,28.0,25.6,,0.338,Yellow
Kendrapara,1356827,20.5807,86.5624,2026-09-16T06:00,26.7,94,8.0,47.0,32.6,0.0,30.9,26.2,,0.404,Yellow
Kendrapara,1356827,20.5807,86.5624,2026-09-16T07:00,28.2,88,10.9,213.0,33.9,0.0,34.2,27.1,,0.487,Yellow
Kendrapara,1356827,20.5807,86.5624,2026-09-16T08:00,29.2,84,12.2,379.0,35.0,0.0,36.3,27.7,,0.541,Orange
Kendrapara,1356827,20.5807,86.5624,2026-09-16T09:00,30.2,80,10.8,586.0,36.6,0.0,38.3,28.4,,0.595,Orange
Kendrapara,1356827,20.5807,86.5624,2026-09-16T10:00,30.9,78,9.1,702.0,38.2,0.0,39.9,28.9,,0.639,Orange
Kendrapara,1356827,20.5807,86.5624,2026-09-16T11:00,31.3,77,9.1,783.0,39.3,0.0,40.8,29.2,,0.665,Orange
Kendrapara,1356827,20.5807,86.5624,2026-09-16T12:00,31.3,77,9.3,671.0,38.6,0.0,40.8,29.2,,0.663,Orange
Kendrapara,1356827,20.5807,86.5624,2026-09-16T13:00,31.1,77,10.5,694.0,38.3,0.0,40.2,29.0,,0.645,Orange
Kendrapara,1356827,20.5807,86.5624,2026-09-16T14:00,31.7,73,7.0,600.0,38.4,0.0,40.6,29.2,,0.66,Orange
Kendrapara,1356827,20.5807,86.5624,2026-09-16T15:00,28.8,85,16.8,366.0,33.7,0.0,35.3,27.4,,0.514,Orange
Kendrapara,1356827,20.5807,86.5624,2026-09-16T16:00,28.6,88,10.5,235.0,34.8,0.0,35.4,27.5,,0.521,Orange
Kendrapara,1356827,20.5807,86.5624,2026-09-16T17:00,27.9,91,9.6,78.0,34.0,0.0,33.9,27.1,,0.482,Yellow
Kendrapara,1356827,20.5807,86.5624,2026-09-16T18:00,27.2,93,4.7,1.0,33.9,0.0,32.2,26.6,,0.437,Yellow
Kendrapara,1356827,20.5807,86.5624,2026-09-16T19:00,27.3,95,2.4,0.0,34.5,0.0,32.9,26.9,,0.459,Yellow
Kendrapara,1356827,20.5807,86.5624,2026-09-16T20:00,27.2,95,5.0,0.0,34.1,0.0,32.6,26.8,,0.451,Yellow
Kendrapara,1356827,20.5807,86.5624,2026-09-16T21:00,27.1,95,5.1,0.0,34.0,0.0,32.3,26.7,,0.442,Yellow
Kendrapara,1356827,20.5807,86.5624,2026-09-16T22:00,27.1,96,7.6,0.0,33.6,0.0,32.5,26.8,,0.449,Yellow
Kendrapara,1356827,20.5807,86.5624,2026-09-16T23:00,26.9,96,9.0,0.0,33.1,0.0,31.9,26.6,,0.432,Yellow
Kendrapara,1356827,20.5807,86.5624,2026-09-17T00:00,26.7,96,10.1,0.0,32.5,0.0,31.3,26.4,,0.416,Yellow
Kendrapara,1356827,20.5807,86.5624,2026-09-17T01:00,26.5,95,10.4,0.0,32.1,0.0,29.7,26.1,,0.383,Yellow
Kendrapara,1356827,20.5807,86.5624,2026-09-17T02:00,26.2,95,10.4,0.0,31.6,0.0,28.8,25.8,,0.358,Yellow
Kendrapara,1356827,20.5807,86.5624,2026-09-17T03:00,26.1,95,9.6,0.0,31.5,0.0,28.5,25.7,,0.35,Yellow
Kendrapara,1356827,20.5807,86.5624,2026-09-17T04:00,25.9,96,6.7,0.0,31.8,0.0,28.0,25.6,,0.338,Yellow
Kendrapara,1356827,20.5807,86.5624,2026-09-17T05:00,25.8,96,7.1,0.0,31.6,0.0,27.7,25.5,,0.33,Yellow
Kendrapara,1356827,20.5807,86.5624,2026-09-17T06:00,26.5,95,6.6,40.0,32.6,0.0,29.7,26.1,,0.384,Yellow
Kendrapara,1356827,20.5807,86.5624,2026-09-17T07:00,27.7,90,9.0,213.0,33.8,0.0,33.1,26.8,,0.461,Yellow
Kendrapara,1356827,20.5807,86.5624,2026-09-17T08:00,29.1,85,11.9,429.0,34.9,0.0,36.2,27.8,,0.541,Orange
Kendrapara,1356827,20.5807,86.5624,2026-09-17T09:00,30.4,79,11.8,610.0,36.6,0.0,38.6,28.5,,0.603,Orange
Kendrapara,1356827,20.5807,86.5624,2026-09-17T10:00,31.5,72,13.0,754.0,38.1,0.0,39.6,28.8,,0.631,Orange
Kendrapara,1356827,20.5807,86.5624,2026-09-17T11:00,32.2,70,11.5,761.0,39.2,0.0,41.0,29.3,,0.668,Orange
Kendrapara,1356827,20.5807,86.5624,2026-09-17T12:00,32.7,70,10.0,907.0,40.9,0.0,42.5,29.8,,0.712,Orange
Kendrapara,1356827,20.5807,86.5624,2026-09-17T13:00,32.8,71,7.7,795.0,41.1,0.0,43.3,30.1,,0.733,Orange
Kendrapara,1356827,20.5807,86.5624,2026-09-17T14:00,32.3,74,5.6,596.0,39.9,0.0,42.9,29.9,,0.722,Orange
Kendrapara,1356827,20.5807,86.5624,2026-09-17T15:00,30.6,80,3.0,312.0,38.1,0.0,39.6,28.9,,0.634,Orange
Kendrapara,1356827,20.5807,86.5624,2026-09-17T16:00,28.4,88,1.5,175.0,35.6,0.0,34.8,27.5,,0.512,Orange
Kendrapara,1356827,20.5807,86.5624,2026-09-17T17:00,26.7,94,2.8,59.0,33.4,0.0,30.9,26.2,,0.406,Yellow
Kendrapara,1356827,20.5807,86.5624,2026-09-17T18:00,26.0,97,3.0,0.0,32.6,0.0,28.3,25.7,,0.351,Yellow
Kendrapara,1356827,20.5807,86.5624,2026-09-17T19:00,25.9,97,2.7,0.0,32.5,0.0,28.0,25.6,,0.343,Yellow
Kendrapara,1356827,20.5807,86.5624,2026-09-17T20:00,25.9,98,3.5,0.0,32.5,0.0,28.0,25.7,,0.347,Yellow
Kendrapara,1356827,20.5807,86.5624,2026-09-17T21:00,26.0,97,5.8,0.0,32.3,0.0,28.3,25.7,,0.351,Yellow
Kendrapara,1356827,20.5807,86.5624,2026-09-17T22:00,26.2,96,8.6,0.0,32.1,0.0,28.9,25.9,,0.363,Yellow
Kendrapara,1356827,20.5807,86.5624,2026-09-17T23:00,26.3,96,10.2,0.0,31.8,0.0,29.2,26.0,,0.371,Yellow
Bargarh,1331145,21.2162,83.2389,2026-09-13T00:00,24.1,99,8.6,0.0,28.9,0.0,23.0,24.0,,0.207,Green
Bargarh,1331145,21.2162,83.2389,2026-09-13T01:00,23.9,99,9.0,0.0,28.4,0.0,22.5,23.8,,0.192,Green
Bargarh,1331145,21.2162,83.2389,2026-09-13T02:00,23.8,99,8.4,0.0,28.5,0.0,22.2,23.7,,0.185,Green
Bargarh,1331145,21.2162,83.2389,2026-09-13T03:00,23.7,100,8.0,0.0,28.3,0.0,21.8,23.7,,0.179,Green
Bargarh,1331145,21.2162,83.2389,2026-09-13T04:00,23.5,98,8.4,0.0,27.8,0.0,21.6,23.3,,0.161,Green
Bargarh,1331145,21.2162,83.2389,2026-09-13T05:00,23.7,99,7.9,0.0,28.3,0.0,22.0,23.6,,0.177,Green
Bargarh,1331145,21.2162,83.2389,2026-09-13T06:00,23.9,98,8.5,23.0,28.5,0.0,22.6,23.8,,0.19,Green
Bargarh,1331145,21.2162,83.2389,2026-09-13T07:00,24.9,94,9.1,171.0,29.5,0.0,25.3,24.4,,0.255,Yellow
Bargarh,1331145,21.2162,83.2389,2026-09-13T08:00,26.0,89,9.3,361.0,30.7,0.0,28.0,25.1,,0.321,Yellow
Bargarh,1331145,21.2162,83.2389,2026-09-13T09:00,27.5,82,11.0,584.0,32.3,0.0,31.1,26.0,,0.398,Yellow
Bargarh,1331145,21.2162,83.2389,2026-09-13T10:00,28.8,74,12.3,742.0,34.1,0.0,33.0,26.4,,0.443,Yellow
Bargarh,1331145,21.2162,83.2389,2026-09-13T11:00,29.7,67,12.9,810.0,34.6,0.0,33.7,26.5,,0.456,Yellow
Bargarh,1331145,21.2162,83.2389,2026-09-13T12:00,29.7,68,10.9,851.0,35.4,0.0,33.9,26.7,,0.466,Yellow
Bargarh,1331145,21.2162,83.2389,2026-09-13T13:00,30.0,67,8.6,804.0,35.9,0.0,34.3,26.9,,0.481,Yellow
Bargarh,1331145,21.2162,83.2389,2026-09-13T14:00,30.0,68,7.5,682.0,35.4,0.0,34.6,27.0,,0.488,Yellow
Bargarh,1331145,21.2162,83.2389,2026-09-13T15:00,29.7,68,5.0,524.0,34.5,0.0,33.9,26.8,,0.468,Yellow
Bargarh,1331145,21.2162,83.2389,2026-09-13T16:00,29.0,73,3.4,288.0,34.4,0.0,33.3,26.5,,0.452,Yellow
Bargarh,1331145,21.2162,83.2389,2026-09-13T17:00,28.1,74,8.8,118.0,32.3,0.0,31.4,25.6,,0.386,Yellow
Bargarh,1331145,21.2162,83.2389,2026-09-13T18:00,27.0,74,8.2,11.0,30.7,0.0,29.2,24.5,,0.31,Yellow
Bargarh,1331145,21.2162,83.2389,2026-09-13T19:00,26.6,73,6.8,0.0,30.2,0.0,28.4,24.0,,0.279,Yellow
Bargarh,1331145,21.2162,83.2389,2026-09-13T20:00,26.1,78,4.2,0.0,30.3,0.0,27.8,24.0,,0.271,Yellow
Bargarh,1331145,21.2162,83.2389,2026-09-13T21:00,25.3,83,4.4,0.0,29.7,0.0,26.4,23.7,,0.24,Green
Bargarh,1331145,21.2162,83.2389,2026-09-13T22:00,24.8,87,4.2,0.0,29.3,0.0,25.3,23.6,,0.222,Green
Bargarh,1331145,21.2162,83.2389,2026-09-13T23:00,24.4,89,4.9,0.0,28.8,0.0,24.4,23.4,,0.201,Green
Bargarh,1331145,21.2162,83.2389,2026-09-14T00:00,24.0,91,4.0,0.0,28.6,0.0,23.5,23.2,,0.18,Green
Bargarh,1331145,21.2162,83.2389,2026-09-14T01:00,24.3,89,3.3,0.0,28.9,0.0,24.2,23.3,,0.194,Green
Bargarh,1331145,21.2162,83.2389,2026-09-14T02:00,24.2,89,3.9,0.0,28.6,0.0,24.1,23.2,,0.188,Green
Bargarh,1331145,21.2162,83.2389,2026-09-14T03:00,23.5,93,4.5,0.0,27.8,0.0,22.3,22.9,,0.151,Green
Bargarh,1331145,21.2162,83.2389,2026-09-14T04:00,23.2,95,4.1,0.0,27.6,0.0,21.5,22.8,,0.134,Green
Bargarh,1331145,21.2162,83.2389,2026-09-14T05:00,23.0,96,4.0,0.0,27.5,0.0,20.9,22.7,,0.122,Green
Bargarh,1331145,21.2162,83.2389,2026-09-14T06:00,24.0,93,5.7,26.0,28.5,0.0,23.3,23.4,,0.186,Green
Bargarh,1331145,21.2162,83.2389,2026-09-14T07:00,25.6,88,5.3,177.0,30.6,0.0,27.0,24.6,,0.286,Yellow
Bargarh,1331145,21.2162,83.2389,2026-09-14T08:00,26.9,84,6.8,375.0,31.9,0.0,29.9,25.6,,0.365,Yellow
Bargarh,1331145,21.2162,83.2389,2026-09-14T09:00,27.9,80,7.4,565.0,33.1,0.0,31.9,26.2,,0.418,Yellow
Bargarh,1331145,21.2162,83.2389,2026-09-14T10:00,28.9,77,6.9,728.0,35.2,0.0,33.8,27.0,,0.477,Yellow
Bargarh,1331145,21.2162,83.2389,2026-09-14T11:00,29.5,75,5.6,816.0,36.8,0.0,35.0,27.5,,0.513,Orange
Bargarh,1331145,21.2162,83.2389,2026-09-14T12:00,29.8,72,3.9,837.0,37.3,0.0,35.0,27.6,,0.52,Orange
Bargarh,1331145,21.2162,83.2389,2026-09-14T13:00,30.0,71,2.3,787.0,37.5,0.0,35.3,28.0,,0.538,Orange
Bargarh,1331145,21.2162,83.2389,2026-09-14T14:00,30.4,70,1.8,693.0,37.3,0.0,36.0,28.3,,0.561,Orange
Bargarh,1331145,21.2162,83.2389,2026-09-14T15:00,30.1,71,3.8,540.0,35.8,0.0,35.5,27.6,,0.524,Orange
Bargarh,1331145,21.2162,83.2389,2026-09-14T16:00,29.4,70,7.6,341.0,34.0,0.0,33.6,26.5,,0.454,Yellow
Bargarh,1331145,21.2162,83.2389,2026-09-14T17:00,27.8,83,6.6,101.0,33.2,0.0,32.0,26.2,,0.421,Yellow
Bargarh,1331145,21.2162,83.2389,2026-09-14T18:00,26.6,87,4.3,10.0,32.2,0.0,29.4,25.4,,0.35,Yellow
Bargarh,1331145,21.2162,83.2389,2026-09-14T19:00,26.3,87,2.9,0.0,31.9,0.0,28.6,25.1,,0.328,Yellow
Bargarh,1331145,21.2162,83.2389,2026-09-14T20:00,26.4,85,2.4,0.0,31.8,0.0,28.8,25.0,,0.325,Yellow
Bargarh,1331145,21.2162,83.2389,2026-09-14T21:00,26.1,85,4.5,0.0,31.1,0.0,28.1,24.7,,0.304,Yellow
Bargarh,1331145,21.2162,83.2389,2026-09-14T22:00,24.7,91,10.4,0.0,28.8,0.0,25.0,23.9,,0.228,Green
Bargarh,1331145,21.2162,83.2389,2026-09-14T23:00,24.3,96,3.8,0.0,29.6,0.0,23.7,24.0,,0.214,Green
Bargarh,1331145,21.2162,83.2389,2026-09-15T00:00,24.2,97,5.6,0.0,29.2,0.0,23.4,23.9,,0.21,Green
Bargarh,1331145,21.2162,83.2389,2026-09-15T01:00,24.1,97,2.8,0.0,29.6,0.0,23.2,23.8,,0.202,Green
Bargarh,1331145,21.2162,83.2389,2026-09-15T02:00,23.8,99,2.5,0.0,29.3,0.0,22.2,23.7,,0.185,Green
Bargarh,1331145,21.2162,83.2389,2026-09-15T03:00,23.7,99,1.7,0.0,29.2,0.0,22.0,23.6,,0.177,Green
Bargarh,1331145,21.2162,83.2389,2026-09-15T04:00,23.5,100,1.0,0.0,29.1,0.0,21.4,23.5,,0.165,Green
Bargarh,1331145,21.2162,83.2389,2026-09-15T05:00,23.4,100,1.0,0.0,29.0,0.0,21.1,23.4,,0.157,Green
Bargarh,1331145,21.2162,83.2389,2026-09-15T06:00,24.0,100,0.4,25.0,29.9,0.0,22.6,24.1,,0.205,Green
Bargarh,1331145,21.2162,83.2389,2026-09-15T07:00,25.3,93,1.4,181.0,31.1,0.0,26.3,25.0,,0.292,Yellow
Bargarh,1331145,21.2162,83.2389,2026-09-15T08:00,26.6,86,2.3,384.0,32.3,0.0,29.3,25.7,,0.364,Yellow
Bargarh,1331145,21.2162,83.2389,2026-09-15T09:00,27.9,80,3.6,594.0,33.8,0.0,31.9,26.5,,0.429,Yellow
Bargarh,1331145,21.2162,83.2389,2026-09-15T10:00,29.0,75,3.7,750.0,35.9,0.0,33.7,27.1,,0.481,Yellow
Bargarh,1331145,21.2162,83.2389,2026-09-15T11:00,29.7,73,4.6,828.0,37.1,0.0,35.0,27.5,,0.516,Orange
Bargarh,1331145,21.2162,83.2389,2026-09-15T12:00,30.1,70,6.1,848.0,37.1,0.0,35.3,27.5,,0.518,Orange
Bargarh,1331145,21.2162,83.2389,2026-09-15T13:00,30.0,70,7.3,711.0,35.9,0.0,35.0,27.3,,0.505,Orange
Bargarh,1331145,21.2162,83.2389,2026-09-15T14:00,29.6,70,7.1,530.0,34.3,0.0,34.1,26.8,,0.473,Yellow
Bargarh,1331145,21.2162,83.2389,2026-09-15T15:00,30.1,67,4.8,421.0,35.0,0.0,34.6,27.0,,0.486,Yellow
Bargarh,1331145,21.2162,83.2389,2026-09-15T16:00,28.2,78,10.4,299.0,32.8,0.0,32.3,26.1,,0.421,Yellow
Bargarh,1331145,21.2162,83.2389,2026-09-15T17:00,27.2,87,4.8,113.0,33.1,0.0,31.1,26.0,,0.401,Yellow
Bargarh,1331145,21.2162,83.2389,2026-09-15T18:00,26.2,92,2.4,9.0,32.4,0.0,28.7,25.5,,0.344,Yellow
Bargarh,1331145,21.2162,83.2389,2026-09-15T19:00,25.7,94,4.2,0.0,31.5,0.0,27.4,25.2,,0.314,Yellow
Bargarh,1331145,21.2162,83.2389,2026-09-15T20:00,25.2,95,4.2,0.0,30.9,0.0,26.0,24.8,,0.279,Yellow
Bargarh,1331145,21.2162,83.2389,2026-09-15T21:00,25.0,95,3.1,0.0,30.7,0.0,25.5,24.6,,0.264,Yellow
Bargarh,1331145,21.2162,83.2389,2026-09-15T22:00,24.8,95,2.9,0.0,30.5,0.0,25.0,24.4,,0.249,Green
Bargarh,1331145,21.2162,83.2389,2026-09-15T23:00,24.8,94,4.0,0.0,30.2,0.0,25.1,24.3,,0.245,Green
Bargarh,1331145,21.2162,83.2389,2026-09-16T00:00,24.8,94,5.2,0.0,29.9,0.0,25.1,24.3,,0.245,Green
Bargarh,1331145,21.2162,83.2389,2026-09-16T01:00,24.8,94,5.6,0.0,29.9,0.0,25.1,24.3,,0.245,Green
Bargarh,1331145,21.2162,83.2389,2026-09-16T02:00,24.7,95,5.9,0.0,29.8,0.0,24.8,24.3,,0.241,Green
Bargarh,1331145,21.2162,83.2389,2026-09-16T03:00,24.6,96,5.5,0.0,29.9,0.0,24.5,24.3,,0.237,Green
Bargarh,1331145,21.2162,83.2389,2026-09-16T04:00,24.5,97,6.2,0.0,29.7,0.0,24.1,24.2,,0.232,Green
Bargarh,1331145,21.2162,83.2389,2026-09-16T05:00,24.4,96,6.2,0.0,29.5,0.0,24.0,24.1,,0.222,Green
Bargarh,1331145,21.2162,83.2389,2026-09-16T06:00,25.0,94,6.7,26.0,30.2,0.0,25.5,24.5,,0.261,Yellow
Bargarh,1331145,21.2162,83.2389,2026-09-16T07:00,26.8,88,6.2,179.0,32.3,0.0,30.2,25.8,,0.378,Yellow
Bargarh,1331145,21.2162,83.2389,2026-09-16T08:00,27.5,86,8.3,373.0,32.9,0.0,31.7,26.3,,0.421,Yellow
Bargarh,1331145,21.2162,83.2389,2026-09-16T09:00,28.2,83,8.3,521.0,33.7,0.0,33.1,26.8,,0.458,Yellow
Bargarh,1331145,21.2162,83.2389,2026-09-16T10:00,29.4,79,9.4,711.0,35.9,0.0,35.6,27.6,,0.526,Orange
Bargarh,1331145,21.2162,83.2389,2026-09-16T11:00,30.1,75,9.5,808.0,36.9,0.0,36.6,27.9,,0.551,Orange
Bargarh,1331145,21.2162,83.2389,2026-09-16T12:00,30.3,74,9.4,823.0,37.3,0.0,36.9,28.0,,0.558,Orange
Bargarh,1331145,21.2162,83.2389,2026-09-16T13:00,30.7,71,9.8,762.0,37.1,0.0,37.1,28.0,,0.562,Orange
Bargarh,1331145,21.2162,83.2389,2026-09-16T14:00,28.1,81,12.0,603.0,32.9,0.0,32.5,26.4,,0.436,Yellow
Bargarh,1331145,21.2162,83.2389,2026-09-16T15:00,27.2,85,4.8,303.0,32.8,0.0,30.7,26.0,,0.393,Yellow
Bargarh,1331145,21.2162,83.2389,2026-09-16T16:00,26.9,88,5.8,202.0,32.6,0.0,30.5,25.9,,0.386,Yellow
Bargarh,1331145,21.2162,83.2389,2026-09-16T17:00,26.8,91,4.5,102.0,33.0,0.0,30.7,26.0,,0.396,Yellow
Bargarh,1331145,21.2162,83.2389,2026-09-16T18:00,26.1,94,3.6,7.0,32.4,0.0,28.5,25.6,,0.346,Yellow
Bargarh,1331145,21.2162,83.2389,2026-09-16T19:00,25.6,96,4.7,0.0,31.7,0.0,27.1,25.3,,0.314,Yellow
Bargarh,1331145,21.2162,83.2389,2026-09-16T20:00,25.4,97,3.3,0.0,31.5,0.0,26.5,25.1,,0.302,Yellow
Bargarh,1331145,21.2162,83.2389,2026-09-16T21:00,25.3,97,3.9,0.0,31.3,0.0,26.3,25.0,,0.294,Yellow
Bargarh,1331145,21.2162,83.2389,2026-09-16T22:00,25.3,96,4.8,0.0,31.0,0.0,26.3,25.0,,0.29,Yellow
Bargarh,1331145,21.2162,83.2389,2026-09-16T23:00,25.1,96,6.4,0.0,30.5,0.0,25.7,24.8,,0.275,Yellow
Bargarh,1331145,21.2162,83.2389,2026-09-17T00:00,24.2,99,2.1,0.0,29.9,0.0,23.2,24.1,,0.215,Green
Bargarh,1331145,21.2162,83.2389,2026-09-17T01:00,24.3,99,5.9,0.0,29.5,0.0,23.5,24.2,,0.223,Green
Bargarh,1331145,21.2162,83.2389,2026-09-17T02:00,24.2,99,6.7,0.0,29.2,0.0,23.2,24.1,,0.215,Green
Bargarh,1331145,21.2162,83.2389,2026-09-17T03:00,24.0,99,7.3,0.0,28.8,0.0,22.7,23.9,,0.2,Green
Bargarh,1331145,21.2162,83.2389,2026-09-17T04:00,23.9,99,6.2,0.0,28.8,0.0,22.5,23.8,,0.192,Green
Bargarh,1331145,21.2162,83.2389,2026-09-17T05:00,23.7,99,7.5,0.0,28.4,0.0,22.0,23.6,,0.177,Green
Bargarh,1331145,21.2162,83.2389,2026-09-17T06:00,24.1,98,9.1,25.0,28.8,0.0,23.1,24.0,,0.205,Green
Bargarh,1331145,21.2162,83.2389,2026-09-17T07:00,25.3,96,8.9,167.0,30.5,0.0,26.3,25.0,,0.293,Yellow
Bargarh,1331145,21.2162,83.2389,2026-09-17T08:00,26.7,90,11.8,379.0,31.7,0.0,30.3,25.9,,0.383,Yellow
Bargarh,1331145,21.2162,83.2389,2026-09-17T09:00,27.8,87,10.4,468.0,33.3,0.0,32.8,26.7,,0.452,Yellow
Bargarh,1331145,21.2162,83.2389,2026-09-17T10:00,29.2,81,11.3,717.0,35.6,0.0,35.5,27.6,,0.524,Orange
Bargarh,1331145,21.2162,83.2389,2026-09-17T11:00,30.1,76,12.8,839.0,36.8,0.0,36.8,27.9,,0.556,Orange
Bargarh,1331145,21.2162,83.2389,2026-09-17T12:00,29.9,78,12.3,761.0,36.4,0.0,36.8,27.9,,0.556,Orange
Bargarh,1331145,21.2162,83.2389,2026-09-17T13:00,29.0,84,11.5,674.0,35.5,0.0,35.6,27.6,,0.529,Orange
Bargarh,1331145,21.2162,83.2389,2026-09-17T14:00,28.2,89,10.0,534.0,34.4,0.0,34.4,27.3,,0.5,Yellow
Bargarh,1331145,21.2162,83.2389,2026-09-17T15:00,27.7,92,7.2,333.0,34.1,0.0,33.5,27.1,,0.478,Yellow
Bargarh,1331145,21.2162,83.2389,2026-09-17T16:00,27.1,93,4.1,207.0,33.8,0.0,31.9,26.6,,0.436,Yellow
Bargarh,1331145,21.2162,83.2389,2026-09-17T17:00,26.6,94,3.7,87.0,33.1,0.0,29.9,26.1,,0.389,Yellow
Bargarh,1331145,21.2162,83.2389,2026-09-17T18:00,26.2,95,4.5,5.0,32.4,0.0,28.8,25.8,,0.358,Yellow
Bargarh,1331145,21.2162,83.2389,2026-09-17T19:00,25.8,96,6.2,0.0,31.6,0.0,27.7,25.5,,0.33,Yellow
Bargarh,1331145,21.2162,83.2389,2026-09-17T20:00,25.4,97,7.7,0.0,30.9,0.0,26.5,25.1,,0.302,Yellow
Bargarh,1331145,21.2162,83.2389,2026-09-17T21:00,25.1,97,8.3,0.0,30.3,0.0,25.7,24.8,,0.278,Yellow
Bargarh,1331145,21.2162,83.2389,2026-09-17T22:00,24.8,97,8.5,0.0,29.7,0.0,24.9,24.5,,0.255,Yellow
Bargarh,1331145,21.2162,83.2389,2026-09-17T23:00,24.5,97,7.8,0.0,29.4,0.0,24.1,24.2,,0.232,Green
Koraput,1153478,18.7579,82.8175,2026-09-13T00:00,21.5,80,13.4,0.0,22.4,0.0,21.8,19.7,,0.025,Green
Koraput,1153478,18.7579,82.8175,2026-09-13T01:00,21.4,78,12.4,0.0,22.2,0.0,22.1,19.5,,0.029,Green
Koraput,1153478,18.7579,82.8175,2026-09-13T02:00,21.3,77,9.8,0.0,22.3,0.0,22.2,19.3,,0.03,Green
Koraput,1153478,18.7579,82.8175,2026-09-13T03:00,21.3,77,7.8,0.0,22.6,0.0,22.2,19.3,,0.03,Green
Koraput,1153478,18.7579,82.8175,2026-09-13T04:00,21.1,77,6.9,0.0,22.5,0.0,22.1,19.1,,0.029,Green
Koraput,1153478,18.7579,82.8175,2026-09-13T05:00,21.6,74,7.7,0.0,22.9,0.0,22.9,19.3,,0.039,Green
Koraput,1153478,18.7579,82.8175,2026-09-13T06:00,21.9,74,8.7,8.0,23.1,0.0,23.0,19.6,,0.041,Green
Koraput,1153478,18.7579,82.8175,2026-09-13T07:00,22.7,76,7.6,66.0,24.5,0.0,23.3,20.6,,0.068,Green
Koraput,1153478,18.7579,82.8175,2026-09-13T08:00,23.5,76,8.4,154.0,25.7,0.0,24.1,21.4,,0.112,Green
Koraput,1153478,18.7579,82.8175,2026-09-13T09:00,24.9,71,9.6,310.0,27.0,0.0,25.9,22.3,,0.174,Green
Koraput,1153478,18.7579,82.8175,2026-09-13T10:00,25.2,70,8.8,307.0,27.5,0.0,26.2,22.5,,0.187,Green
Koraput,1153478,18.7579,82.8175,2026-09-13T11:00,26.2,66,8.0,395.0,28.5,0.0,27.4,23.1,,0.228,Green
Koraput,1153478,18.7579,82.8175,2026-09-13T12:00,25.5,69,5.4,488.0,28.3,0.0,26.6,22.8,,0.207,Green
Koraput,1153478,18.7579,82.8175,2026-09-13T13:00,23.6,89,9.2,455.0,26.9,0.0,23.0,22.8,,0.156,Green
Koraput,1153478,18.7579,82.8175,2026-09-13T14:00,23.2,90,8.1,272.0,26.7,0.0,22.2,22.4,,0.13,Green
Koraput,1153478,18.7579,82.8175,2026-09-13T15:00,23.4,88,3.2,183.0,27.4,0.0,22.7,22.5,,0.14,Green
Koraput,1153478,18.7579,82.8175,2026-09-13T16:00,23.5,88,6.9,250.0,27.0,0.0,22.9,22.5,,0.145,Green
Koraput,1153478,18.7579,82.8175,2026-09-13T17:00,23.5,87,4.3,125.0,27.3,0.0,23.0,22.4,,0.141,Green
Koraput,1153478,18.7579,82.8175,2026-09-13T18:00,22.4,92,4.5,10.0,26.0,0.0,20.6,21.7,,0.078,Green
Koraput,1153478,18.7579,82.8175,2026-09-13T19:00,21.8,93,4.3,0.0,25.3,0.0,19.5,21.2,,0.049,Green
Koraput,1153478,18.7579,82.8175,2026-09-13T20:00,21.5,94,3.4,0.0,25.0,0.0,18.9,21.0,,0.041,Green
Koraput,1153478,18.7579,82.8175,2026-09-13T21:00,21.2,95,3.7,0.0,24.7,0.0,18.2,20.8,,0.032,Green
Koraput,1153478,18.7579,82.8175,2026-09-13T22:00,20.7,96,4.2,0.0,24.0,0.0,17.3,20.4,,0.015,Green
Koraput,1153478,18.7579,82.8175,2026-09-13T23:00,20.4,96,4.4,0.0,23.5,0.0,17.0,20.1,,0.002,Green
Koraput,1153478,18.7579,82.8175,2026-09-14T00:00,20.3,96,4.1,0.0,23.4,0.0,16.8,20.0,,0.0,Green
Koraput,1153478,18.7579,82.8175,2026-09-14T01:00,20.0,95,3.8,0.0,22.9,0.0,16.9,19.6,,0.0,Green
Koraput,1153478,18.7579,82.8175,2026-09-14T02:00,20.2,94,3.4,0.0,23.1,0.0,17.4,19.7,,0.0,Green
Koraput,1153478,18.7579,82.8175,2026-09-14T03:00,19.7,93,2.7,0.0,22.5,0.0,17.3,19.1,,0.0,Green
Koraput,1153478,18.7579,82.8175,2026-09-14T04:00,19.7,91,2.2,0.0,22.4,0.0,18.0,18.9,,0.0,Green
Koraput,1153478,18.7579,82.8175,2026-09-14T05:00,19.8,89,1.5,0.0,22.4,0.0,18.7,18.9,,0.0,Green
Koraput,1153478,18.7579,82.8175,2026-09-14T06:00,20.3,90,3.9,27.0,22.9,0.0,18.7,19.5,,0.0,Green
Koraput,1153478,18.7579,82.8175,2026-09-14T07:00,22.1,86,3.9,196.0,25.1,0.0,21.3,21.0,,0.059,Green
Koraput,1153478,18.7579,82.8175,2026-09-14T08:00,24.5,73,3.7,437.0,27.4,0.0,25.3,22.3,,0.17,Green
Koraput,1153478,18.7579,82.8175,2026-09-14T09:00,26.2,65,2.0,633.0,29.8,0.0,27.4,23.6,,0.25,Yellow
Koraput,1153478,18.7579,82.8175,2026-09-14T10:00,27.7,59,1.7,824.0,32.6,0.0,28.9,24.8,,0.319,Yellow
Koraput,1153478,18.7579,82.8175,2026-09-14T11:00,28.5,55,3.1,923.0,33.7,0.0,29.6,24.7,,0.326,Yellow
Koraput,1153478,18.7579,82.8175,2026-09-14T12:00,28.3,59,3.7,884.0,33.4,0.0,29.8,24.9,,0.334,Yellow
Koraput,1153478,18.7579,82.8175,2026-09-14T13:00,27.0,65,2.9,667.0,31.2,0.0,28.5,24.2,,0.29,Yellow
Koraput,1153478,18.7579,82.8175,2026-09-14T14:00,24.1,88,10.7,496.0,27.5,0.0,23.9,23.2,,0.185,Green
Koraput,1153478,18.7579,82.8175,2026-09-14T15:00,24.1,86,3.4,430.0,28.4,0.0,24.1,23.2,,0.189,Green
Koraput,1153478,18.7579,82.8175,2026-09-14T16:00,24.7,82,3.0,359.0,28.9,0.0,25.3,23.4,,0.213,Green
Koraput,1153478,18.7579,82.8175,2026-09-14T17:00,24.3,84,2.7,140.0,28.5,0.0,24.6,23.0,,0.185,Green
Koraput,1153478,18.7579,82.8175,2026-09-14T18:00,23.2,88,2.2,12.0,27.3,0.0,22.4,22.1,,0.121,Green
Koraput,1153478,18.7579,82.8175,2026-09-14T19:00,22.3,93,3.1,0.0,26.2,0.0,20.2,21.7,,0.073,Green
Koraput,1153478,18.7579,82.8175,2026-09-14T20:00,21.8,95,1.5,0.0,26.0,0.0,19.0,21.4,,0.057,Green
Koraput,1153478,18.7579,82.8175,2026-09-14T21:00,21.2,98,2.1,0.0,25.2,0.0,17.4,21.0,,0.043,Green
Koraput,1153478,18.7579,82.8175,2026-09-14T22:00,20.9,98,2.0,0.0,24.8,0.0,16.9,20.7,,0.03,Green
Koraput,1153478,18.7579,82.8175,2026-09-14T23:00,20.7,98,1.8,0.0,24.4,0.0,16.7,20.5,,0.022,Green
Koraput,1153478,18.7579,82.8175,2026-09-15T00:00,20.6,96,2.6,0.0,24.0,0.0,17.2,20.3,,0.011,Green
Koraput,1153478,18.7579,82.8175,2026-09-15T01:00,20.6,95,1.8,0.0,24.1,0.0,17.5,20.2,,0.007,Green
Koraput,1153478,18.7579,82.8175,2026-09-15T02:00,20.4,96,2.5,0.0,23.8,0.0,17.0,20.1,,0.002,Green
Koraput,1153478,18.7579,82.8175,2026-09-15T03:00,20.1,98,3.3,0.0,23.3,0.0,16.0,19.9,,0.0,Green
Koraput,1153478,18.7579,82.8175,2026-09-15T04:00,19.9,98,3.5,0.0,23.1,0.0,15.7,19.7,,0.0,Green
Koraput,1153478,18.7579,82.8175,2026-09-15T05:00,19.8,98,3.1,0.0,22.9,0.0,15.6,19.6,,0.0,Green
Koraput,1153478,18.7579,82.8175,2026-09-15T06:00,20.2,99,4.6,24.0,23.4,0.0,15.7,20.1,,0.006,Green
Koraput,1153478,18.7579,82.8175,2026-09-15T07:00,21.5,93,4.3,180.0,24.8,0.0,19.1,21.0,,0.043,Green
Koraput,1153478,18.7579,82.8175,2026-09-15T08:00,23.4,84,5.4,391.0,26.8,0.0,23.2,22.2,,0.134,Green
Koraput,1153478,18.7579,82.8175,2026-09-15T09:00,25.2,75,7.1,578.0,28.3,0.0,26.2,23.1,,0.214,Green
Koraput,1153478,18.7579,82.8175,2026-09-15T10:00,26.5,68,8.8,777.0,30.5,0.0,27.9,23.7,,0.261,Yellow
Koraput,1153478,18.7579,82.8175,2026-09-15T11:00,26.9,69,10.5,848.0,31.2,0.0,28.6,24.2,,0.289,Yellow
Koraput,1153478,18.7579,82.8175,2026-09-15T12:00,26.5,74,9.7,840.0,31.4,0.0,28.3,24.3,,0.291,Yellow
Koraput,1153478,18.7579,82.8175,2026-09-15T13:00,26.9,73,4.6,746.0,32.2,0.0,28.9,24.8,,0.32,Yellow
Koraput,1153478,18.7579,82.8175,2026-09-15T14:00,26.7,69,12.5,594.0,29.3,0.0,28.3,23.8,,0.272,Yellow
Koraput,1153478,18.7579,82.8175,2026-09-15T15:00,26.6,69,8.7,508.0,29.5,0.0,28.1,23.8,,0.267,Yellow
Koraput,1153478,18.7579,82.8175,2026-09-15T16:00,25.9,73,8.2,290.0,28.9,0.0,27.2,23.4,,0.241,Green
Koraput,1153478,18.7579,82.8175,2026-09-15T17:00,25.0,79,5.0,133.0,28.7,0.0,25.9,23.1,,0.209,Green
Koraput,1153478,18.7579,82.8175,2026-09-15T18:00,23.3,89,4.6,10.0,27.2,0.0,22.5,22.3,,0.129,Green
Koraput,1153478,18.7579,82.8175,2026-09-15T19:00,22.7,93,4.1,0.0,26.8,0.0,20.9,22.1,,0.098,Green
Koraput,1153478,18.7579,82.8175,2026-09-15T20:00,22.4,94,2.6,0.0,26.5,0.0,20.2,21.9,,0.08,Green
Koraput,1153478,18.7579,82.8175,2026-09-15T21:00,22.4,93,0.4,0.0,26.7,0.0,20.4,21.8,,0.079,Green
Koraput,1153478,18.7579,82.8175,2026-09-15T22:00,22.0,93,1.0,0.0,26.1,0.0,19.8,21.4,,0.057,Green
Koraput,1153478,18.7579,82.8175,2026-09-15T23:00,21.5,95,3.3,0.0,25.2,0.0,18.6,21.1,,0.044,Green
Koraput,1153478,18.7579,82.8175,2026-09-16T00:00,21.1,96,3.1,0.0,24.7,0.0,17.8,20.8,,0.031,Green
Koraput,1153478,18.7579,82.8175,2026-09-16T01:00,20.9,96,1.5,0.0,24.6,0.0,17.5,20.6,,0.023,Green
Koraput,1153478,18.7579,82.8175,2026-09-16T02:00,20.7,97,2.4,0.0,24.3,0.0,17.0,20.4,,0.019,Green
Koraput,1153478,18.7579,82.8175,2026-09-16T03:00,20.5,97,2.4,0.0,23.9,0.0,16.7,20.2,,0.01,Green
Koraput,1153478,18.7579,82.8175,2026-09-16T04:00,20.3,98,3.1,0.0,23.6,0.0,16.2,20.1,,0.006,Green
Koraput,1153478,18.7579,82.8175,2026-09-16T05:00,20.2,98,2.7,0.0,23.6,0.0,16.1,20.0,,0.001,Green
Koraput,1153478,18.7579,82.8175,2026-09-16T06:00,21.0,99,4.2,27.0,24.7,0.0,16.8,20.9,,0.039,Green
Koraput,1153478,18.7579,82.8175,2026-09-16T07:00,22.4,92,8.1,167.0,25.6,0.0,20.6,21.8,,0.081,Green
Koraput,1153478,18.7579,82.8175,2026-09-16T08:00,24.0,85,6.5,348.0,27.5,0.0,24.0,22.8,,0.171,Green
Koraput,1153478,18.7579,82.8175,2026-09-16T09:00,25.4,77,7.4,506.0,28.7,0.0,26.5,23.5,,0.232,Green
Koraput,1153478,18.7579,82.8175,2026-09-16T10:00,26.7,71,9.3,778.0,31.0,0.0,28.4,24.2,,0.288,Yellow
Koraput,1153478,18.7579,82.8175,2026-09-16T11:00,27.1,71,9.3,844.0,32.0,0.0,29.1,24.6,,0.314,Yellow
Koraput,1153478,18.7579,82.8175,2026-09-16T12:00,27.2,71,8.9,749.0,31.7,0.0,29.3,24.7,,0.319,Yellow
Koraput,1153478,18.7579,82.8175,2026-09-16T13:00,26.8,73,10.5,555.0,29.9,0.0,28.7,24.4,,0.3,Yellow
Koraput,1153478,18.7579,82.8175,2026-09-16T14:00,25.6,79,10.5,532.0,28.7,0.0,26.9,23.8,,0.251,Yellow
Koraput,1153478,18.7579,82.8175,2026-09-16T15:00,25.2,83,6.5,368.0,29.1,0.0,26.2,23.8,,0.242,Green
Koraput,1153478,18.7579,82.8175,2026-09-16T16:00,25.5,81,5.5,215.0,29.5,0.0,26.7,23.8,,0.251,Yellow
Koraput,1153478,18.7579,82.8175,2026-09-16T17:00,24.7,84,8.0,101.0,28.4,0.0,25.3,23.3,,0.207,Green
Koraput,1153478,18.7579,82.8175,2026-09-16T18:00,23.1,93,5.1,9.0,27.1,0.0,21.6,22.5,,0.124,Green
Koraput,1153478,18.7579,82.8175,2026-09-16T19:00,22.6,94,2.1,0.0,27.0,0.0,20.5,22.1,,0.093,Green
Koraput,1153478,18.7579,82.8175,2026-09-16T20:00,22.6,94,0.4,0.0,27.2,0.0,20.5,22.1,,0.093,Green
Koraput,1153478,18.7579,82.8175,2026-09-16T21:00,22.1,96,1.0,0.0,26.5,0.0,19.3,21.8,,0.073,Green
Koraput,1153478,18.7579,82.8175,2026-09-16T22:00,21.8,97,1.5,0.0,26.1,0.0,18.6,21.5,,0.064,Green
Koraput,1153478,18.7579,82.8175,2026-09-16T23:00,21.5,96,1.4,0.0,25.6,0.0,18.4,21.2,,0.048,Green
Koraput,1153478,18.7579,82.8175,2026-09-17T00:00,21.3,98,3.6,0.0,25.2,0.0,17.5,21.1,,0.047,Green
Koraput,1153478,18.7579,82.8175,2026-09-17T01:00,21.0,99,4.4,0.0,24.7,0.0,16.8,20.9,,0.038,Green
Koraput,1153478,18.7579,82.8175,2026-09-17T02:00,20.7,99,2.8,0.0,24.4,0.0,16.4,20.6,,0.026,Green
Koraput,1153478,18.7579,82.8175,2026-09-17T03:00,20.5,99,0.5,0.0,24.5,0.0,16.1,20.4,,0.017,Green
Koraput,1153478,18.7579,82.8175,2026-09-17T04:00,20.4,99,2.6,0.0,24.0,0.0,16.0,20.3,,0.013,Green
Koraput,1153478,18.7579,82.8175,2026-09-17T05:00,20.5,99,2.9,0.0,24.1,0.0,16.1,20.4,,0.017,Green
Koraput,1153478,18.7579,82.8175,2026-09-17T06:00,20.7,100,2.9,21.0,24.5,0.0,16.0,20.7,,0.03,Green
Koraput,1153478,18.7579,82.8175,2026-09-17T07:00,22.3,95,4.6,164.0,26.2,0.0,19.8,22.0,,0.082,Green
Koraput,1153478,18.7579,82.8175,2026-09-17T08:00,24.1,87,8.5,361.0,27.6,0.0,24.0,23.1,,0.182,Green
Koraput,1153478,18.7579,82.8175,2026-09-17T09:00,25.6,78,8.3,552.0,29.1,0.0,26.9,23.8,,0.249,Green
Koraput,1153478,18.7579,82.8175,2026-09-17T10:00,27.1,69,10.8,804.0,31.2,0.0,28.9,24.3,,0.3,Yellow
Koraput,1153478,18.7579,82.8175,2026-09-17T11:00,27.8,65,11.9,911.0,32.3,0.0,29.7,24.6,,0.321,Yellow
Koraput,1153478,18.7579,82.8175,2026-09-17T12:00,28.3,63,12.1,879.0,32.5,0.0,30.3,24.8,,0.339,Yellow
Koraput,1153478,18.7579,82.8175,2026-09-17T13:00,28.4,63,12.0,811.0,32.4,0.0,30.5,24.9,,0.344,Yellow
Koraput,1153478,18.7579,82.8175,2026-09-17T14:00,28.0,66,11.2,680.0,31.5,0.0,30.2,24.8,,0.337,Yellow
Koraput,1153478,18.7579,82.8175,2026-09-17T15:00,26.7,73,9.8,483.0,29.9,0.0,28.6,24.3,,0.293,Yellow
Koraput,1153478,18.7579,82.8175,2026-09-17T16:00,24.9,83,8.3,314.0,28.5,0.0,25.6,23.5,,0.22,Green
Koraput,1153478,18.7579,82.8175,2026-09-17T17:00,23.5,92,7.0,137.0,27.4,0.0,22.4,22.9,,0.151,Green
Koraput,1153478,18.7579,82.8175,2026-09-17T18:00,22.7,95,5.1,8.0,26.8,0.0,20.5,22.3,,0.101,Green
Koraput,1153478,18.7579,82.8175,2026-09-17T19:00,22.3,96,2.6,0.0,26.6,0.0,19.6,22.0,,0.081,Green
Koraput,1153478,18.7579,82.8175,2026-09-17T20:00,22.0,96,0.6,0.0,26.4,0.0,19.1,21.7,,0.069,Green
Koraput,1153478,18.7579,82.8175,2026-09-17T21:00,21.7,97,1.3,0.0,26.0,0.0,18.4,21.4,,0.06,Green
Koraput,1153478,18.7579,82.8175,2026-09-17T22:00,21.5,97,3.3,0.0,25.4,0.0,18.1,21.2,,0.052,Green
Koraput,1153478,18.7579,82.8175,2026-09-17T23:00,21.3,98,4.5,0.0,25.0,0.0,17.5,21.1,,0.047,Green
Nabarangapur,1133321,19.5782,82.314,2026-09-13T00:00,21.6,96,14.4,0.0,23.9,0.0,18.5,21.3,,0.052,Green
Nabarangapur,1133321,19.5782,82.314,2026-09-13T01:00,21.6,96,15.0,0.0,23.7,0.0,18.5,21.3,,0.052,Green
Nabarangapur,1133321,19.5782,82.314,2026-09-13T02:00,21.7,95,14.0,0.0,23.9,0.0,18.9,21.3,,0.053,Green
Nabarangapur,1133321,19.5782,82.314,2026-09-13T03:00,21.6,95,13.2,0.0,23.9,0.0,18.7,21.2,,0.048,Green
Nabarangapur,1133321,19.5782,82.314,2026-09-13T04:00,21.6,94,12.6,0.0,23.9,0.0,19.0,21.1,,0.045,Green
Nabarangapur,1133321,19.5782,82.314,2026-09-13T05:00,21.8,93,12.1,0.0,24.1,0.0,19.5,21.2,,0.049,Green
Nabarangapur,1133321,19.5782,82.314,2026-09-13T06:00,22.0,91,11.3,14.0,24.5,0.0,20.2,21.2,,0.053,Green
Nabarangapur,1133321,19.5782,82.314,2026-09-13T07:00,23.2,89,8.5,97.0,26.4,0.0,22.3,22.3,,0.125,Green
Nabarangapur,1133321,19.5782,82.314,2026-09-13T08:00,24.6,83,9.1,234.0,27.9,0.0,25.1,23.1,,0.199,Green
Nabarangapur,1133321,19.5782,82.314,2026-09-13T09:00,26.2,73,13.4,461.0,28.6,0.0,27.7,23.7,,0.259,Yellow
Nabarangapur,1133321,19.5782,82.314,2026-09-13T10:00,26.6,70,14.5,424.0,28.6,0.0,28.2,23.8,,0.268,Yellow
Nabarangapur,1133321,19.5782,82.314,2026-09-13T11:00,26.7,66,12.8,400.0,28.6,0.0,28.1,23.5,,0.254,Yellow
Nabarangapur,1133321,19.5782,82.314,2026-09-13T12:00,26.8,69,13.0,495.0,29.0,0.0,28.5,23.9,,0.277,Yellow
Nabarangapur,1133321,19.5782,82.314,2026-09-13T13:00,26.7,71,13.9,551.0,29.0,0.0,28.4,24.0,,0.281,Yellow
Nabarangapur,1133321,19.5782,82.314,2026-09-13T14:00,25.8,77,14.1,402.0,28.3,0.0,27.2,23.7,,0.252,Yellow
Nabarangapur,1133321,19.5782,82.314,2026-09-13T15:00,25.8,76,12.4,328.0,28.4,0.0,27.2,23.6,,0.247,Green
Nabarangapur,1133321,19.5782,82.314,2026-09-13T16:00,25.0,81,10.5,110.0,28.0,0.0,25.9,23.3,,0.215,Green
Nabarangapur,1133321,19.5782,82.314,2026-09-13T17:00,25.3,78,8.6,52.0,28.4,0.0,26.4,23.2,,0.221,Green
Nabarangapur,1133321,19.5782,82.314,2026-09-13T18:00,24.6,81,6.7,5.0,28.0,0.0,25.2,22.8,,0.188,Green
Nabarangapur,1133321,19.5782,82.314,2026-09-13T19:00,23.9,84,7.4,0.0,27.2,0.0,23.9,22.4,,0.154,Green
Nabarangapur,1133321,19.5782,82.314,2026-09-13T20:00,23.8,84,7.2,0.0,27.1,0.0,23.8,22.3,,0.148,Green
Nabarangapur,1133321,19.5782,82.314,2026-09-13T21:00,22.8,89,4.4,0.0,26.5,0.0,21.7,21.8,,0.098,Green
Nabarangapur,1133321,19.5782,82.314,2026-09-13T22:00,21.8,93,4.3,0.0,25.4,0.0,19.5,21.2,,0.049,Green
Nabarangapur,1133321,19.5782,82.314,2026-09-13T23:00,21.5,95,4.2,0.0,25.0,0.0,18.6,21.1,,0.044,Green
Nabarangapur,1133321,19.5782,82.314,2026-09-14T00:00,21.2,96,4.3,0.0,24.7,0.0,17.9,20.9,,0.036,Green
Nabarangapur,1133321,19.5782,82.314,2026-09-14T01:00,20.9,96,4.3,0.0,24.3,0.0,17.5,20.6,,0.023,Green
Nabarangapur,1133321,19.5782,82.314,2026-09-14T02:00,20.9,95,3.8,0.0,24.3,0.0,17.8,20.5,,0.019,Green
Nabarangapur,1133321,19.5782,82.314,2026-09-14T03:00,20.7,96,3.9,0.0,24.0,0.0,17.3,20.4,,0.015,Green
Nabarangapur,1133321,19.5782,82.314,2026-09-14T04:00,20.7,96,3.9,0.0,24.0,0.0,17.3,20.4,,0.015,Green
Nabarangapur,1133321,19.5782,82.314,2026-09-14T05:00,20.4,97,3.8,0.0,23.6,0.0,16.6,20.1,,0.006,Green
Nabarangapur,1133321,19.5782,82.314,2026-09-14T06:00,21.0,96,5.6,24.0,24.2,0.0,17.7,20.7,,0.028,Green
Nabarangapur,1133321,19.5782,82.314,2026-09-14T07:00,23.4,89,5.5,188.0,27.2,0.0,22.6,22.5,,0.14,Green
Nabarangapur,1133321,19.5782,82.314,2026-09-14T08:00,25.4,81,7.8,415.0,29.1,0.0,26.6,23.8,,0.247,Green
Nabarangapur,1133321,19.5782,82.314,2026-09-14T09:00,26.9,73,7.0,626.0,31.1,0.0,28.9,24.6,,0.311,Yellow
Nabarangapur,1133321,19.5782,82.314,2026-09-14T10:00,28.1,68,4.8,794.0,33.6,0.0,30.6,25.4,,0.369,Yellow
Nabarangapur,1133321,19.5782,82.314,2026-09-14T11:00,29.0,64,4.6,899.0,35.1,0.0,31.7,26.0,,0.405,Yellow
Nabarangapur,1133321,19.5782,82.314,2026-09-14T12:00,29.4,62,4.5,920.0,35.7,0.0,32.1,26.1,,0.418,Yellow
Nabarangapur,1133321,19.5782,82.314,2026-09-14T13:00,29.7,61,3.9,874.0,35.8,0.0,32.5,26.3,,0.432,Yellow
Nabarangapur,1133321,19.5782,82.314,2026-09-14T14:00,29.7,60,3.7,701.0,34.6,0.0,32.3,26.1,,0.42,Yellow
Nabarangapur,1133321,19.5782,82.314,2026-09-14T15:00,29.6,58,3.9,515.0,33.1,0.0,31.7,25.6,,0.392,Yellow
Nabarangapur,1133321,19.5782,82.314,2026-09-14T16:00,28.6,64,7.7,381.0,31.9,0.0,30.9,25.1,,0.36,Yellow
Nabarangapur,1133321,19.5782,82.314,2026-09-14T17:00,25.2,80,11.0,145.0,28.3,0.0,26.2,23.4,,0.224,Green
Nabarangapur,1133321,19.5782,82.314,2026-09-14T18:00,24.6,87,6.2,11.0,28.6,0.0,24.9,23.4,,0.208,Green
Nabarangapur,1133321,19.5782,82.314,2026-09-14T19:00,23.7,90,5.3,0.0,27.9,0.0,23.0,22.8,,0.157,Green
Nabarangapur,1133321,19.5782,82.314,2026-09-14T20:00,22.9,90,1.0,0.0,27.2,0.0,21.7,22.0,,0.106,Green
Nabarangapur,1133321,19.5782,82.314,2026-09-14T21:00,22.6,95,2.8,0.0,26.9,0.0,20.3,22.2,,0.094,Green
Nabarangapur,1133321,19.5782,82.314,2026-09-14T22:00,22.7,96,2.9,0.0,27.1,0.0,20.3,22.4,,0.102,Green
Nabarangapur,1133321,19.5782,82.314,2026-09-14T23:00,22.5,96,4.2,0.0,26.6,0.0,20.0,22.2,,0.089,Green
Nabarangapur,1133321,19.5782,82.314,2026-09-15T00:00,22.3,97,4.0,0.0,26.5,0.0,19.4,22.0,,0.085,Green
Nabarangapur,1133321,19.5782,82.314,2026-09-15T01:00,22.0,98,5.2,0.0,26.0,0.0,18.7,21.8,,0.076,Green
Nabarangapur,1133321,19.5782,82.314,2026-09-15T02:00,21.8,97,5.6,0.0,25.5,0.0,18.6,21.5,,0.064,Green
Nabarangapur,1133321,19.5782,82.314,2026-09-15T03:00,21.6,97,6.1,0.0,25.1,0.0,18.2,21.3,,0.056,Green
Nabarangapur,1133321,19.5782,82.314,2026-09-15T04:00,21.4,98,6.2,0.0,24.9,0.0,17.7,21.2,,0.051,Green
Nabarangapur,1133321,19.5782,82.314,2026-09-15T05:00,21.4,98,5.8,0.0,24.9,0.0,17.7,21.2,,0.051,Green
Nabarangapur,1133321,19.5782,82.314,2026-09-15T06:00,21.8,98,8.2,22.0,25.2,0.0,18.3,21.6,,0.068,Green
Nabarangapur,1133321,19.5782,82.314,2026-09-15T07:00,23.1,94,9.7,181.0,26.5,0.0,21.4,22.6,,0.129,Green
Nabarangapur,1133321,19.5782,82.314,2026-09-15T08:00,24.8,86,10.6,359.0,28.4,0.0,25.4,23.6,,0.223,Green
Nabarangapur,1133321,19.5782,82.314,2026-09-15T09:00,26.1,78,8.5,445.0,29.7,0.0,27.8,24.2,,0.279,Yellow
Nabarangapur,1133321,19.5782,82.314,2026-09-15T10:00,27.6,70,7.5,734.0,32.3,0.0,29.9,25.0,,0.341,Yellow
Nabarangapur,1133321,19.5782,82.314,2026-09-15T11:00,28.5,66,6.6,849.0,34.0,0.0,31.1,25.5,,0.378,Yellow
Nabarangapur,1133321,19.5782,82.314,2026-09-15T12:00,29.1,63,5.8,893.0,35.0,0.0,31.7,25.8,,0.4,Yellow
Nabarangapur,1133321,19.5782,82.314,2026-09-15T13:00,29.2,62,6.7,822.0,34.4,0.0,31.7,25.7,,0.395,Yellow
Nabarangapur,1133321,19.5782,82.314,2026-09-15T14:00,28.2,68,9.2,681.0,32.4,0.0,30.8,25.3,,0.364,Yellow
Nabarangapur,1133321,19.5782,82.314,2026-09-15T15:00,28.0,68,7.6,500.0,31.5,0.0,30.4,25.0,,0.35,Yellow
Nabarangapur,1133321,19.5782,82.314,2026-09-15T16:00,27.8,68,5.9,362.0,31.6,0.0,30.0,24.8,,0.336,Yellow
Nabarangapur,1133321,19.5782,82.314,2026-09-15T17:00,26.3,78,8.2,141.0,30.1,0.0,28.2,24.3,,0.287,Yellow
Nabarangapur,1133321,19.5782,82.314,2026-09-15T18:00,25.0,86,3.8,13.0,29.6,0.0,25.8,23.7,,0.232,Green
Nabarangapur,1133321,19.5782,82.314,2026-09-15T19:00,24.5,88,2.2,0.0,29.3,0.0,24.7,23.4,,0.205,Green
Nabarangapur,1133321,19.5782,82.314,2026-09-15T20:00,24.3,89,2.7,0.0,29.0,0.0,24.2,23.3,,0.194,Green
Nabarangapur,1133321,19.5782,82.314,2026-09-15T21:00,23.8,92,2.8,0.0,28.5,0.0,23.0,23.1,,0.169,Green
Nabarangapur,1133321,19.5782,82.314,2026-09-15T22:00,23.6,93,1.2,0.0,28.6,0.0,22.5,23.0,,0.157,Green
Nabarangapur,1133321,19.5782,82.314,2026-09-15T23:00,23.1,95,1.9,0.0,27.8,0.0,21.3,22.7,,0.127,Green
Nabarangapur,1133321,19.5782,82.314,2026-09-16T00:00,22.5,98,3.4,0.0,26.9,0.0,19.6,22.3,,0.097,Green
Nabarangapur,1133321,19.5782,82.314,2026-09-16T01:00,22.1,99,2.7,0.0,26.5,0.0,18.6,22.0,,0.084,Green
Nabarangapur,1133321,19.5782,82.314,2026-09-16T02:00,22.0,100,4.0,0.0,26.3,0.0,18.2,22.0,,0.084,Green
Nabarangapur,1133321,19.5782,82.314,2026-09-16T03:00,22.0,99,3.9,0.0,26.2,0.0,18.4,21.9,,0.08,Green
Nabarangapur,1133321,19.5782,82.314,2026-09-16T04:00,21.9,99,4.2,0.0,26.1,0.0,18.2,21.8,,0.076,Green
Nabarangapur,1133321,19.5782,82.314,2026-09-16T05:00,21.9,99,5.1,0.0,26.0,0.0,18.2,21.8,,0.076,Green
Nabarangapur,1133321,19.5782,82.314,2026-09-16T06:00,22.3,99,7.0,21.0,26.3,0.0,19.0,22.2,,0.093,Green
Nabarangapur,1133321,19.5782,82.314,2026-09-16T07:00,23.9,92,9.4,172.0,27.7,0.0,23.2,23.3,,0.178,Green
Nabarangapur,1133321,19.5782,82.314,2026-09-16T08:00,25.6,84,9.0,385.0,29.5,0.0,27.0,24.3,,0.271,Yellow
Nabarangapur,1133321,19.5782,82.314,2026-09-16T09:00,26.9,77,7.0,602.0,31.3,0.0,29.3,25.0,,0.332,Yellow
Nabarangapur,1133321,19.5782,82.314,2026-09-16T10:00,27.8,73,8.0,778.0,33.1,0.0,30.7,25.5,,0.372,Yellow
Nabarangapur,1133321,19.5782,82.314,2026-09-16T11:00,28.6,71,7.7,828.0,34.4,0.0,32.0,26.1,,0.415,Yellow
Nabarangapur,1133321,19.5782,82.314,2026-09-16T12:00,29.1,71,7.6,861.0,35.6,0.0,33.1,26.6,,0.45,Yellow
Nabarangapur,1133321,19.5782,82.314,2026-09-16T13:00,29.4,69,6.9,817.0,35.6,0.0,33.4,26.7,,0.458,Yellow
Nabarangapur,1133321,19.5782,82.314,2026-09-16T14:00,29.2,70,8.5,626.0,33.9,0.0,33.2,26.4,,0.445,Yellow
Nabarangapur,1133321,19.5782,82.314,2026-09-16T15:00,26.7,82,8.4,419.0,31.2,0.0,29.2,25.2,,0.339,Yellow
Nabarangapur,1133321,19.5782,82.314,2026-09-16T16:00,27.1,81,4.3,302.0,32.3,0.0,30.1,25.5,,0.364,Yellow
Nabarangapur,1133321,19.5782,82.314,2026-09-16T17:00,26.2,87,6.7,125.0,31.3,0.0,28.4,25.0,,0.323,Yellow
Nabarangapur,1133321,19.5782,82.314,2026-09-16T18:00,25.2,91,5.3,11.0,30.3,0.0,26.1,24.4,,0.264,Yellow
Nabarangapur,1133321,19.5782,82.314,2026-09-16T19:00,24.8,92,4.2,0.0,30.0,0.0,25.1,24.1,,0.239,Green
Nabarangapur,1133321,19.5782,82.314,2026-09-16T20:00,24.1,95,2.7,0.0,29.2,0.0,23.3,23.7,,0.197,Green
Nabarangapur,1133321,19.5782,82.314,2026-09-16T21:00,23.7,96,2.1,0.0,29.0,0.0,22.4,23.4,,0.171,Green
Nabarangapur,1133321,19.5782,82.314,2026-09-16T22:00,23.5,98,4.7,0.0,28.3,0.0,21.6,23.3,,0.161,Green
Nabarangapur,1133321,19.5782,82.314,2026-09-16T23:00,23.2,99,5.8,0.0,27.9,0.0,20.8,23.1,,0.141,Green
Nabarangapur,1133321,19.5782,82.314,2026-09-17T00:00,23.0,98,5.8,0.0,27.5,0.0,20.6,22.8,,0.125,Green
Nabarangapur,1133321,19.5782,82.314,2026-09-17T01:00,22.8,99,4.0,0.0,27.4,0.0,20.0,22.7,,0.113,Green
Nabarangapur,1133321,19.5782,82.314,2026-09-17T02:00,22.5,100,4.1,0.0,27.1,0.0,19.1,22.5,,0.104,Green
Nabarangapur,1133321,19.5782,82.314,2026-09-17T03:00,22.3,100,4.0,0.0,26.8,0.0,18.7,22.3,,0.096,Green
Nabarangapur,1133321,19.5782,82.314,2026-09-17T04:00,22.2,100,3.9,0.0,26.6,0.0,18.6,22.2,,0.092,Green
Nabarangapur,1133321,19.5782,82.314,2026-09-17T05:00,22.3,99,4.0,0.0,26.7,0.0,19.0,22.2,,0.092,Green
Nabarangapur,1133321,19.5782,82.314,2026-09-17T06:00,22.6,100,7.7,16.0,26.6,0.0,19.4,22.6,,0.109,Green
Nabarangapur,1133321,19.5782,82.314,2026-09-17T07:00,23.2,98,7.3,101.0,27.5,0.0,21.0,23.1,,0.141,Green
Nabarangapur,1133321,19.5782,82.314,2026-09-17T08:00,24.9,91,7.7,309.0,29.5,0.0,25.4,24.2,,0.248,Green
Nabarangapur,1133321,19.5782,82.314,2026-09-17T09:00,26.6,85,6.9,557.0,31.7,0.0,29.2,25.5,,0.352,Yellow
Nabarangapur,1133321,19.5782,82.314,2026-09-17T10:00,28.1,78,7.8,765.0,34.3,0.0,32.0,26.3,,0.424,Yellow
Nabarangapur,1133321,19.5782,82.314,2026-09-17T11:00,29.0,73,7.4,825.0,35.4,0.0,33.3,26.7,,0.457,Yellow
Nabarangapur,1133321,19.5782,82.314,2026-09-17T12:00,29.6,70,8.2,875.0,36.1,0.0,34.1,26.9,,0.478,Yellow
Nabarangapur,1133321,19.5782,82.314,2026-09-17T13:00,29.8,68,9.2,804.0,35.6,0.0,34.1,26.8,,0.474,Yellow
Nabarangapur,1133321,19.5782,82.314,2026-09-17T14:00,29.5,69,9.4,661.0,34.4,0.0,33.6,26.6,,0.458,Yellow
Nabarangapur,1133321,19.5782,82.314,2026-09-17T15:00,28.4,74,8.7,422.0,32.8,0.0,32.1,26.0,,0.412,Yellow
Nabarangapur,1133321,19.5782,82.314,2026-09-17T16:00,26.8,83,7.7,289.0,31.6,0.0,29.6,25.3,,0.35,Yellow
Nabarangapur,1133321,19.5782,82.314,2026-09-17T17:00,25.5,91,6.7,141.0,30.5,0.0,26.8,24.7,,0.289,Yellow
Nabarangapur,1133321,19.5782,82.314,2026-09-17T18:00,24.7,95,5.4,11.0,29.9,0.0,24.8,24.3,,0.241,Green
Nabarangapur,1133321,19.5782,82.314,2026-09-17T19:00,24.3,96,3.8,0.0,29.6,0.0,23.7,24.0,,0.214,Green
Nabarangapur,1133321,19.5782,82.314,2026-09-17T20:00,23.9,98,3.3,0.0,29.2,0.0,22.6,23.7,,0.19,Green
Nabarangapur,1133321,19.5782,82.314,2026-09-17T21:00,23.6,99,3.8,0.0,28.8,0.0,21.7,23.5,,0.17,Green
Nabarangapur,1133321,19.5782,82.314,2026-09-17T22:00,23.4,99,4.7,0.0,28.2,0.0,21.3,23.3,,0.155,Green
Nabarangapur,1133321,19.5782,82.314,2026-09-17T23:00,23.1,99,5.2,0.0,27.8,0.0,20.6,23.0,,0.134,Green
Dhenkanal,1075305,20.8059,85.5011,2026-09-13T00:00,26.0,91,8.9,0.0,31.0,0.0,28.1,25.2,,0.324,Yellow
Dhenkanal,1075305,20.8059,85.5011,2026-09-13T01:00,25.7,92,7.8,0.0,30.7,0.0,27.3,25.0,,0.305,Yellow
Dhenkanal,1075305,20.8059,85.5011,2026-09-13T02:00,25.4,92,7.1,0.0,30.5,0.0,26.6,24.7,,0.283,Yellow
Dhenkanal,1075305,20.8059,85.5011,2026-09-13T03:00,25.3,92,6.5,0.0,30.3,0.0,26.3,24.6,,0.275,Yellow
Dhenkanal,1075305,20.8059,85.5011,2026-09-13T04:00,25.1,93,6.6,0.0,30.2,0.0,25.8,24.5,,0.264,Yellow
Dhenkanal,1075305,20.8059,85.5011,2026-09-13T05:00,25.8,92,7.4,0.0,31.1,0.0,27.6,25.1,,0.313,Yellow
Dhenkanal,1075305,20.8059,85.5011,2026-09-13T06:00,26.3,91,8.3,38.0,31.7,0.0,28.9,25.5,,0.348,Yellow
Dhenkanal,1075305,20.8059,85.5011,2026-09-13T07:00,27.6,86,8.7,212.0,33.1,0.0,32.0,26.3,,0.426,Yellow
Dhenkanal,1075305,20.8059,85.5011,2026-09-13T08:00,28.8,81,8.8,424.0,34.4,0.0,34.4,27.1,,0.49,Yellow
Dhenkanal,1075305,20.8059,85.5011,2026-09-13T09:00,30.0,77,10.0,587.0,35.8,0.0,36.8,27.9,,0.555,Orange
Dhenkanal,1075305,20.8059,85.5011,2026-09-13T10:00,30.9,73,10.3,713.0,37.5,0.0,38.2,28.4,,0.594,Orange
Dhenkanal,1075305,20.8059,85.5011,2026-09-13T11:00,31.1,71,9.7,610.0,36.8,0.0,38.2,28.3,,0.591,Orange
Dhenkanal,1075305,20.8059,85.5011,2026-09-13T12:00,29.3,78,12.9,628.0,34.6,0.0,35.1,27.3,,0.507,Orange
Dhenkanal,1075305,20.8059,85.5011,2026-09-13T13:00,29.7,76,12.3,613.0,35.0,0.0,35.7,27.5,,0.523,Orange
Dhenkanal,1075305,20.8059,85.5011,2026-09-13T14:00,30.2,71,10.3,546.0,35.0,0.0,35.8,27.4,,0.521,Orange
Dhenkanal,1075305,20.8059,85.5011,2026-09-13T15:00,29.6,73,10.8,455.0,34.3,0.0,34.8,27.0,,0.491,Yellow
Dhenkanal,1075305,20.8059,85.5011,2026-09-13T16:00,29.3,77,8.1,242.0,34.8,0.0,34.9,27.1,,0.496,Yellow
Dhenkanal,1075305,20.8059,85.5011,2026-09-13T17:00,27.4,89,8.5,57.0,33.0,0.0,32.0,26.4,,0.428,Yellow
Dhenkanal,1075305,20.8059,85.5011,2026-09-13T18:00,26.5,95,6.3,3.0,32.6,0.0,29.7,26.1,,0.383,Yellow
Dhenkanal,1075305,20.8059,85.5011,2026-09-13T19:00,26.2,96,5.8,0.0,32.3,0.0,28.9,25.9,,0.363,Yellow
Dhenkanal,1075305,20.8059,85.5011,2026-09-13T20:00,26.0,97,3.7,0.0,32.5,0.0,28.3,25.7,,0.351,Yellow
Dhenkanal,1075305,20.8059,85.5011,2026-09-13T21:00,25.8,98,3.3,0.0,32.3,0.0,27.7,25.6,,0.339,Yellow
Dhenkanal,1075305,20.8059,85.5011,2026-09-13T22:00,25.7,97,2.2,0.0,32.3,0.0,27.4,25.4,,0.326,Yellow
Dhenkanal,1075305,20.8059,85.5011,2026-09-13T23:00,25.6,99,4.2,0.0,31.9,0.0,27.1,25.5,,0.326,Yellow
Dhenkanal,1075305,20.8059,85.5011,2026-09-14T00:00,25.5,98,3.1,0.0,31.8,0.0,26.8,25.3,,0.314,Yellow
Dhenkanal,1075305,20.8059,85.5011,2026-09-14T01:00,25.4,99,2.1,0.0,31.9,0.0,26.5,25.3,,0.31,Yellow
Dhenkanal,1075305,20.8059,85.5011,2026-09-14T02:00,25.4,98,2.1,0.0,31.9,0.0,26.5,25.2,,0.306,Yellow
Dhenkanal,1075305,20.8059,85.5011,2026-09-14T03:00,25.5,96,1.3,0.0,32.0,0.0,26.8,25.2,,0.306,Yellow
Dhenkanal,1075305,20.8059,85.5011,2026-09-14T04:00,25.4,97,0.9,0.0,32.0,0.0,26.5,25.1,,0.302,Yellow
Dhenkanal,1075305,20.8059,85.5011,2026-09-14T05:00,25.5,96,3.3,0.0,31.6,0.0,26.8,25.2,,0.306,Yellow
Dhenkanal,1075305,20.8059,85.5011,2026-09-14T06:00,25.6,96,4.4,11.0,31.6,0.0,27.1,25.3,,0.314,Yellow
Dhenkanal,1075305,20.8059,85.5011,2026-09-14T07:00,26.1,94,4.4,79.0,32.2,0.0,28.5,25.6,,0.348,Yellow
Dhenkanal,1075305,20.8059,85.5011,2026-09-14T08:00,27.9,85,3.9,362.0,34.1,0.0,32.6,26.8,,0.451,Yellow
Dhenkanal,1075305,20.8059,85.5011,2026-09-14T09:00,28.9,82,3.1,516.0,35.5,0.0,34.9,27.6,,0.518,Orange
Dhenkanal,1075305,20.8059,85.5011,2026-09-14T10:00,30.2,77,4.5,728.0,37.8,0.0,37.4,28.4,,0.584,Orange
Dhenkanal,1075305,20.8059,85.5011,2026-09-14T11:00,30.7,74,5.0,816.0,38.7,0.0,38.0,28.6,,0.599,Orange
Dhenkanal,1075305,20.8059,85.5011,2026-09-14T12:00,31.0,74,6.3,781.0,38.7,0.0,38.8,28.7,,0.618,Orange
Dhenkanal,1075305,20.8059,85.5011,2026-09-14T13:00,30.0,80,5.6,712.0,37.7,0.0,37.7,28.4,,0.589,Orange
Dhenkanal,1075305,20.8059,85.5011,2026-09-14T14:00,30.6,74,5.5,495.0,36.9,0.0,37.7,28.2,,0.581,Orange
Dhenkanal,1075305,20.8059,85.5011,2026-09-14T15:00,25.7,93,9.6,173.0,30.6,0.0,27.3,25.1,,0.312,Yellow
Dhenkanal,1075305,20.8059,85.5011,2026-09-14T16:00,26.3,90,3.7,125.0,32.2,0.0,28.8,25.5,,0.347,Yellow
Dhenkanal,1075305,20.8059,85.5011,2026-09-14T17:00,26.2,92,1.9,85.0,32.5,0.0,28.7,25.6,,0.349,Yellow
Dhenkanal,1075305,20.8059,85.5011,2026-09-14T18:00,26.0,94,0.8,4.0,32.5,0.0,28.2,25.5,,0.338,Yellow
Dhenkanal,1075305,20.8059,85.5011,2026-09-14T19:00,25.8,96,1.9,0.0,32.3,0.0,27.7,25.5,,0.33,Yellow
Dhenkanal,1075305,20.8059,85.5011,2026-09-14T20:00,25.7,97,2.3,0.0,32.1,0.0,27.4,25.4,,0.326,Yellow
Dhenkanal,1075305,20.8059,85.5011,2026-09-14T21:00,25.7,96,1.5,0.0,32.2,0.0,27.4,25.4,,0.322,Yellow
Dhenkanal,1075305,20.8059,85.5011,2026-09-14T22:00,25.5,98,1.3,0.0,32.2,0.0,26.8,25.3,,0.314,Yellow
Dhenkanal,1075305,20.8059,85.5011,2026-09-14T23:00,25.4,99,1.8,0.0,32.0,0.0,26.5,25.3,,0.31,Yellow
Dhenkanal,1075305,20.8059,85.5011,2026-09-15T00:00,25.4,99,2.7,0.0,31.8,0.0,26.5,25.3,,0.31,Yellow
Dhenkanal,1075305,20.8059,85.5011,2026-09-15T01:00,25.2,99,1.3,0.0,31.7,0.0,25.9,25.1,,0.294,Yellow
Dhenkanal,1075305,20.8059,85.5011,2026-09-15T02:00,25.1,99,2.1,0.0,31.4,0.0,25.7,25.0,,0.285,Yellow
Dhenkanal,1075305,20.8059,85.5011,2026-09-15T03:00,25.0,99,0.4,0.0,31.6,0.0,25.4,24.9,,0.277,Yellow
Dhenkanal,1075305,20.8059,85.5011,2026-09-15T04:00,25.0,99,1.2,0.0,31.4,0.0,25.4,24.9,,0.277,Yellow
Dhenkanal,1075305,20.8059,85.5011,2026-09-15T05:00,25.0,99,1.0,0.0,31.4,0.0,25.4,24.9,,0.277,Yellow
Dhenkanal,1075305,20.8059,85.5011,2026-09-15T06:00,25.3,98,3.3,29.0,31.5,0.0,26.3,25.2,,0.299,Yellow
Dhenkanal,1075305,20.8059,85.5011,2026-09-15T07:00,26.8,90,4.4,150.0,32.8,0.0,30.5,26.0,,0.391,Yellow
Dhenkanal,1075305,20.8059,85.5011,2026-09-15T08:00,28.0,83,5.2,297.0,33.8,0.0,32.6,26.5,,0.442,Yellow
Dhenkanal,1075305,20.8059,85.5011,2026-09-15T09:00,29.2,77,5.9,491.0,34.9,0.0,34.6,27.2,,0.496,Yellow
Dhenkanal,1075305,20.8059,85.5011,2026-09-15T10:00,30.6,73,6.3,745.0,37.7,0.0,37.4,28.2,,0.577,Orange
Dhenkanal,1075305,20.8059,85.5011,2026-09-15T11:00,31.4,71,7.2,835.0,39.1,0.0,39.0,28.8,,0.621,Orange
Dhenkanal,1075305,20.8059,85.5011,2026-09-15T12:00,31.6,71,8.1,857.0,39.4,0.0,39.6,28.9,,0.636,Orange
Dhenkanal,1075305,20.8059,85.5011,2026-09-15T13:00,31.7,70,8.4,773.0,39.0,0.0,39.5,28.9,,0.632,Orange
Dhenkanal,1075305,20.8059,85.5011,2026-09-15T14:00,31.3,73,6.7,645.0,38.2,0.0,39.4,28.8,,0.629,Orange
Dhenkanal,1075305,20.8059,85.5011,2026-09-15T15:00,31.6,69,4.3,492.0,37.7,0.0,38.9,28.7,,0.617,Orange
Dhenkanal,1075305,20.8059,85.5011,2026-09-15T16:00,30.4,76,9.8,298.0,36.1,0.0,37.7,28.1,,0.574,Orange
Dhenkanal,1075305,20.8059,85.5011,2026-09-15T17:00,28.7,86,3.4,106.0,35.6,0.0,35.2,27.4,,0.514,Orange
Dhenkanal,1075305,20.8059,85.5011,2026-09-15T18:00,27.4,90,8.8,3.0,33.1,0.0,32.2,26.5,,0.434,Yellow
Dhenkanal,1075305,20.8059,85.5011,2026-09-15T19:00,26.7,91,6.6,0.0,32.5,0.0,30.4,25.9,,0.385,Yellow
Dhenkanal,1075305,20.8059,85.5011,2026-09-15T20:00,26.2,93,6.5,0.0,31.9,0.0,28.7,25.6,,0.349,Yellow
Dhenkanal,1075305,20.8059,85.5011,2026-09-15T21:00,25.9,96,6.2,0.0,31.8,0.0,28.0,25.6,,0.338,Yellow
Dhenkanal,1075305,20.8059,85.5011,2026-09-15T22:00,25.8,96,4.9,0.0,31.9,0.0,27.7,25.5,,0.33,Yellow
Dhenkanal,1075305,20.8059,85.5011,2026-09-15T23:00,25.6,97,3.1,0.0,32.0,0.0,27.1,25.3,,0.318,Yellow
Dhenkanal,1075305,20.8059,85.5011,2026-09-16T00:00,25.5,98,3.3,0.0,31.8,0.0,26.8,25.3,,0.314,Yellow
Dhenkanal,1075305,20.8059,85.5011,2026-09-16T01:00,25.4,98,1.9,0.0,31.9,0.0,26.5,25.2,,0.306,Yellow
Dhenkanal,1075305,20.8059,85.5011,2026-09-16T02:00,25.4,98,1.7,0.0,31.9,0.0,26.5,25.2,,0.306,Yellow
Dhenkanal,1075305,20.8059,85.5011,2026-09-16T03:00,25.2,99,1.0,0.0,31.8,0.0,25.9,25.1,,0.294,Yellow
Dhenkanal,1075305,20.8059,85.5011,2026-09-16T04:00,25.2,99,1.0,0.0,31.9,0.0,25.9,25.1,,0.294,Yellow
Dhenkanal,1075305,20.8059,85.5011,2026-09-16T05:00,25.2,99,1.8,0.0,31.6,0.0,25.9,25.1,,0.294,Yellow
Dhenkanal,1075305,20.8059,85.5011,2026-09-16T06:00,25.9,96,4.5,36.0,32.1,0.0,28.0,25.6,,0.339,Yellow
Dhenkanal,1075305,20.8059,85.5011,2026-09-16T07:00,27.0,91,4.8,182.0,33.3,0.0,31.3,26.3,,0.413,Yellow
Dhenkanal,1075305,20.8059,85.5011,2026-09-16T08:00,28.4,87,7.0,348.0,34.7,0.0,34.5,27.3,,0.5,Orange
Dhenkanal,1075305,20.8059,85.5011,2026-09-16T09:00,29.7,82,6.1,540.0,36.5,0.0,37.3,28.2,,0.575,Orange
Dhenkanal,1075305,20.8059,85.5011,2026-09-16T10:00,31.0,77,7.1,729.0,38.7,0.0,39.8,29.0,,0.642,Orange
Dhenkanal,1075305,20.8059,85.5011,2026-09-16T11:00,31.7,73,6.4,824.0,40.0,0.0,40.6,29.3,,0.666,Orange
Dhenkanal,1075305,20.8059,85.5011,2026-09-16T12:00,32.1,70,7.4,832.0,40.0,0.0,40.7,29.3,,0.667,Orange
Dhenkanal,1075305,20.8059,85.5011,2026-09-16T13:00,32.5,66,7.4,719.0,39.3,0.0,40.4,29.2,,0.657,Orange
Dhenkanal,1075305,20.8059,85.5011,2026-09-16T14:00,29.5,81,16.8,609.0,34.6,0.0,36.4,27.7,,0.544,Orange
Dhenkanal,1075305,20.8059,85.5011,2026-09-16T15:00,28.9,80,10.1,351.0,34.3,0.0,34.5,27.0,,0.488,Yellow
Dhenkanal,1075305,20.8059,85.5011,2026-09-16T16:00,29.3,79,6.1,262.0,35.3,0.0,35.4,27.4,,0.513,Orange
Dhenkanal,1075305,20.8059,85.5011,2026-09-16T17:00,28.9,82,3.9,100.0,35.5,0.0,34.9,27.2,,0.501,Orange
Dhenkanal,1075305,20.8059,85.5011,2026-09-16T18:00,28.1,88,1.2,3.0,35.2,0.0,33.9,27.0,,0.476,Yellow
Dhenkanal,1075305,20.8059,85.5011,2026-09-16T19:00,27.6,90,3.2,0.0,34.4,0.0,32.8,26.7,,0.45,Yellow
Dhenkanal,1075305,20.8059,85.5011,2026-09-16T20:00,27.1,93,4.3,0.0,33.8,0.0,31.9,26.5,,0.429,Yellow
Dhenkanal,1075305,20.8059,85.5011,2026-09-16T21:00,26.7,95,3.9,0.0,33.4,0.0,31.1,26.3,,0.41,Yellow
Dhenkanal,1075305,20.8059,85.5011,2026-09-16T22:00,26.4,95,4.2,0.0,32.9,0.0,29.4,26.0,,0.374,Yellow
Dhenkanal,1075305,20.8059,85.5011,2026-09-16T23:00,26.2,96,4.0,0.0,32.6,0.0,28.9,25.9,,0.363,Yellow
Dhenkanal,1075305,20.8059,85.5011,2026-09-17T00:00,25.9,97,3.1,0.0,32.4,0.0,28.0,25.6,,0.343,Yellow
Dhenkanal,1075305,20.8059,85.5011,2026-09-17T01:00,25.7,97,4.0,0.0,31.9,0.0,27.4,25.4,,0.326,Yellow
Dhenkanal,1075305,20.8059,85.5011,2026-09-17T02:00,25.7,97,4.9,0.0,31.7,0.0,27.4,25.4,,0.326,Yellow
Dhenkanal,1075305,20.8059,85.5011,2026-09-17T03:00,25.7,98,5.0,0.0,31.8,0.0,27.4,25.5,,0.33,Yellow
Dhenkanal,1075305,20.8059,85.5011,2026-09-17T04:00,25.9,96,8.2,0.0,31.5,0.0,28.0,25.6,,0.338,Yellow
Dhenkanal,1075305,20.8059,85.5011,2026-09-17T05:00,25.6,94,8.8,0.0,30.8,0.0,27.1,25.1,,0.306,Yellow
Dhenkanal,1075305,20.8059,85.5011,2026-09-17T06:00,26.0,91,9.1,39.0,31.1,0.0,28.1,25.2,,0.325,Yellow
Dhenkanal,1075305,20.8059,85.5011,2026-09-17T07:00,27.3,85,11.7,197.0,32.1,0.0,31.0,25.9,,0.395,Yellow
Dhenkanal,1075305,20.8059,85.5011,2026-09-17T08:00,28.6,81,12.4,411.0,33.5,0.0,33.8,26.9,,0.472,Yellow
Dhenkanal,1075305,20.8059,85.5011,2026-09-17T09:00,30.3,73,13.9,581.0,35.1,0.0,36.6,27.7,,0.543,Orange
Dhenkanal,1075305,20.8059,85.5011,2026-09-17T10:00,31.3,70,14.3,730.0,37.0,0.0,38.4,28.3,,0.596,Orange
Dhenkanal,1075305,20.8059,85.5011,2026-09-17T11:00,31.9,69,12.2,782.0,38.5,0.0,39.8,28.8,,0.635,Orange
Dhenkanal,1075305,20.8059,85.5011,2026-09-17T12:00,32.4,68,11.8,829.0,39.5,0.0,40.8,29.2,,0.665,Orange
Dhenkanal,1075305,20.8059,85.5011,2026-09-17T13:00,32.7,68,11.1,752.0,39.5,0.0,41.7,29.5,,0.688,Orange
Dhenkanal,1075305,20.8059,85.5011,2026-09-17T14:00,32.2,70,9.7,610.0,38.5,0.0,41.0,29.2,,0.668,Orange
Dhenkanal,1075305,20.8059,85.5011,2026-09-17T15:00,30.4,76,6.5,400.0,36.7,0.0,37.7,28.2,,0.579,Orange
Dhenkanal,1075305,20.8059,85.5011,2026-09-17T16:00,27.9,87,4.7,245.0,34.3,0.0,33.0,26.8,,0.46,Yellow
Dhenkanal,1075305,20.8059,85.5011,2026-09-17T17:00,26.1,96,5.7,91.0,32.2,0.0,28.6,25.8,,0.357,Yellow
Dhenkanal,1075305,20.8059,85.5011,2026-09-17T18:00,25.7,99,4.4,1.0,32.0,0.0,27.4,25.6,,0.335,Yellow
Dhenkanal,1075305,20.8059,85.5011,2026-09-17T19:00,26.0,98,3.1,0.0,32.7,0.0,28.3,25.8,,0.355,Yellow
Dhenkanal,1075305,20.8059,85.5011,2026-09-17T20:00,26.2,97,4.8,0.0,32.7,0.0,28.9,25.9,,0.367,Yellow
Dhenkanal,1075305,20.8059,85.5011,2026-09-17T21:00,26.0,98,6.6,0.0,32.2,0.0,28.3,25.8,,0.355,Yellow
Dhenkanal,1075305,20.8059,85.5011,2026-09-17T22:00,25.7,99,7.6,0.0,31.6,0.0,27.4,25.6,,0.335,Yellow
Dhenkanal,1075305,20.8059,85.5011,2026-09-17T23:00,25.4,99,7.1,0.0,31.3,0.0,26.5,25.3,,0.31,Yellow
Sambalpur,1068767,21.4567,84.3758,2026-09-13T00:00,22.5,99,13.5,0.0,25.6,0.0,19.4,22.4,,0.101,Green
Sambalpur,1068767,21.4567,84.3758,2026-09-13T01:00,22.4,99,13.1,0.0,25.5,0.0,19.2,22.3,,0.096,Green
Sambalpur,1068767,21.4567,84.3758,2026-09-13T02:00,22.3,99,12.9,0.0,25.4,0.0,19.0,22.2,,0.092,Green
Sambalpur,1068767,21.4567,84.3758,2026-09-13T03:00,22.4,99,14.0,0.0,25.4,0.0,19.2,22.3,,0.096,Green
Sambalpur,1068767,21.4567,84.3758,2026-09-13T04:00,22.2,99,14.0,0.0,25.1,0.0,18.8,22.1,,0.088,Green
Sambalpur,1068767,21.4567,84.3758,2026-09-13T05:00,22.6,99,13.9,0.0,25.8,0.0,19.6,22.5,,0.105,Green
Sambalpur,1068767,21.4567,84.3758,2026-09-13T06:00,22.9,98,13.5,22.0,26.1,0.0,20.4,22.7,,0.119,Green
Sambalpur,1068767,21.4567,84.3758,2026-09-13T07:00,23.7,94,12.6,146.0,27.1,0.0,22.6,23.2,,0.168,Green
Sambalpur,1068767,21.4567,84.3758,2026-09-13T08:00,25.2,84,11.7,364.0,28.6,0.0,26.2,23.8,,0.242,Green
Sambalpur,1068767,21.4567,84.3758,2026-09-13T09:00,26.8,75,10.4,572.0,30.3,0.0,28.9,24.6,,0.311,Yellow
Sambalpur,1068767,21.4567,84.3758,2026-09-13T10:00,28.3,69,8.7,760.0,33.2,0.0,31.1,25.5,,0.379,Yellow
Sambalpur,1068767,21.4567,84.3758,2026-09-13T11:00,28.5,62,9.2,814.0,32.9,0.0,30.5,24.9,,0.347,Yellow
Sambalpur,1068767,21.4567,84.3758,2026-09-13T12:00,28.9,61,8.1,785.0,33.3,0.0,31.0,25.2,,0.366,Yellow
Sambalpur,1068767,21.4567,84.3758,2026-09-13T13:00,29.4,59,7.7,759.0,33.6,0.0,31.6,25.5,,0.384,Yellow
Sambalpur,1068767,21.4567,84.3758,2026-09-13T14:00,29.3,58,7.0,674.0,32.9,0.0,31.2,25.3,,0.37,Yellow
Sambalpur,1068767,21.4567,84.3758,2026-09-13T15:00,27.7,66,6.8,397.0,30.8,0.0,29.6,24.5,,0.318,Yellow
Sambalpur,1068767,21.4567,84.3758,2026-09-13T16:00,25.9,80,9.3,241.0,29.6,0.0,27.5,24.1,,0.271,Yellow
Sambalpur,1068767,21.4567,84.3758,2026-09-13T17:00,25.1,87,12.6,116.0,28.7,0.0,25.9,23.9,,0.244,Green
Sambalpur,1068767,21.4567,84.3758,2026-09-13T18:00,24.0,93,9.2,6.0,28.1,0.0,23.3,23.4,,0.185,Green
Sambalpur,1068767,21.4567,84.3758,2026-09-13T19:00,23.7,94,9.8,0.0,27.7,0.0,22.6,23.2,,0.166,Green
Sambalpur,1068767,21.4567,84.3758,2026-09-13T20:00,23.4,97,9.4,0.0,27.4,0.0,21.6,23.1,,0.152,Green
Sambalpur,1068767,21.4567,84.3758,2026-09-13T21:00,23.1,99,8.0,0.0,27.4,0.0,20.6,23.0,,0.134,Green
Sambalpur,1068767,21.4567,84.3758,2026-09-13T22:00,22.9,99,5.9,0.0,27.4,0.0,20.2,22.8,,0.12,Green
Sambalpur,1068767,21.4567,84.3758,2026-09-13T23:00,22.8,98,7.3,0.0,27.0,0.0,20.2,22.6,,0.111,Green
Sambalpur,1068767,21.4567,84.3758,2026-09-14T00:00,22.7,99,9.2,0.0,26.6,0.0,19.8,22.6,,0.109,Green
Sambalpur,1068767,21.4567,84.3758,2026-09-14T01:00,22.9,98,10.0,0.0,26.8,0.0,20.4,22.7,,0.118,Green
Sambalpur,1068767,21.4567,84.3758,2026-09-14T02:00,22.9,98,9.7,0.0,26.8,0.0,20.4,22.7,,0.118,Green
Sambalpur,1068767,21.4567,84.3758,2026-09-14T03:00,22.7,98,9.4,0.0,26.5,0.0,20.0,22.5,,0.105,Green
Sambalpur,1068767,21.4567,84.3758,2026-09-14T04:00,22.8,99,8.1,0.0,26.9,0.0,20.0,22.7,,0.113,Green
Sambalpur,1068767,21.4567,84.3758,2026-09-14T05:00,22.7,98,7.0,0.0,26.8,0.0,20.0,22.5,,0.105,Green
Sambalpur,1068767,21.4567,84.3758,2026-09-14T06:00,22.9,98,7.9,27.0,26.9,0.0,20.4,22.8,,0.119,Green
Sambalpur,1068767,21.4567,84.3758,2026-09-14T07:00,23.9,93,5.6,138.0,28.4,0.0,23.1,23.4,,0.181,Green
Sambalpur,1068767,21.4567,84.3758,2026-09-14T08:00,25.4,88,2.2,306.0,30.6,0.0,26.6,24.7,,0.283,Yellow
Sambalpur,1068767,21.4567,84.3758,2026-09-14T09:00,26.9,75,2.5,453.0,31.5,0.0,29.1,25.0,,0.33,Yellow
Sambalpur,1068767,21.4567,84.3758,2026-09-14T10:00,27.6,72,2.9,649.0,32.7,0.0,30.1,25.5,,0.366,Yellow
Sambalpur,1068767,21.4567,84.3758,2026-09-14T11:00,27.9,73,4.1,736.0,33.8,0.0,30.9,25.8,,0.388,Yellow
Sambalpur,1068767,21.4567,84.3758,2026-09-14T12:00,28.4,71,5.5,820.0,34.6,0.0,31.6,26.0,,0.406,Yellow
Sambalpur,1068767,21.4567,84.3758,2026-09-14T13:00,28.6,69,6.3,749.0,34.0,0.0,31.7,25.9,,0.403,Yellow
Sambalpur,1068767,21.4567,84.3758,2026-09-14T14:00,27.6,72,2.3,463.0,32.2,0.0,30.1,25.4,,0.361,Yellow
Sambalpur,1068767,21.4567,84.3758,2026-09-14T15:00,25.2,87,8.9,384.0,29.3,0.0,26.1,24.2,,0.255,Yellow
Sambalpur,1068767,21.4567,84.3758,2026-09-14T16:00,23.4,97,8.3,173.0,27.6,0.0,21.6,23.2,,0.155,Green
Sambalpur,1068767,21.4567,84.3758,2026-09-14T17:00,23.3,97,5.2,84.0,27.9,0.0,21.4,23.1,,0.147,Green
Sambalpur,1068767,21.4567,84.3758,2026-09-14T18:00,22.9,98,6.9,7.0,27.1,0.0,20.4,22.7,,0.118,Green
Sambalpur,1068767,21.4567,84.3758,2026-09-14T19:00,22.7,98,7.2,0.0,26.7,0.0,20.0,22.5,,0.105,Green
Sambalpur,1068767,21.4567,84.3758,2026-09-14T20:00,22.4,98,8.2,0.0,26.2,0.0,19.4,22.2,,0.093,Green
Sambalpur,1068767,21.4567,84.3758,2026-09-14T21:00,22.3,98,7.6,0.0,26.1,0.0,19.2,22.1,,0.089,Green
Sambalpur,1068767,21.4567,84.3758,2026-09-14T22:00,22.3,98,7.8,0.0,26.1,0.0,19.2,22.1,,0.089,Green
Sambalpur,1068767,21.4567,84.3758,2026-09-14T23:00,22.3,98,5.9,0.0,26.4,0.0,19.2,22.1,,0.089,Green
Sambalpur,1068767,21.4567,84.3758,2026-09-15T00:00,22.4,98,6.7,0.0,26.3,0.0,19.4,22.2,,0.093,Green
Sambalpur,1068767,21.4567,84.3758,2026-09-15T01:00,22.3,99,7.1,0.0,26.2,0.0,19.0,22.2,,0.092,Green
Sambalpur,1068767,21.4567,84.3758,2026-09-15T02:00,22.3,99,6.9,0.0,26.2,0.0,19.0,22.2,,0.092,Green
Sambalpur,1068767,21.4567,84.3758,2026-09-15T03:00,22.1,99,6.1,0.0,26.1,0.0,18.6,22.0,,0.084,Green
Sambalpur,1068767,21.4567,84.3758,2026-09-15T04:00,22.0,99,5.2,0.0,26.0,0.0,18.4,21.9,,0.08,Green
Sambalpur,1068767,21.4567,84.3758,2026-09-15T05:00,21.7,99,3.1,0.0,26.0,0.0,17.9,21.6,,0.067,Green
Sambalpur,1068767,21.4567,84.3758,2026-09-15T06:00,22.3,99,3.5,32.0,26.8,0.0,19.0,22.3,,0.093,Green
Sambalpur,1068767,21.4567,84.3758,2026-09-15T07:00,24.1,94,1.9,179.0,29.4,0.0,23.4,23.8,,0.205,Green
Sambalpur,1068767,21.4567,84.3758,2026-09-15T08:00,25.5,88,4.1,405.0,30.6,0.0,26.8,24.7,,0.287,Yellow
Sambalpur,1068767,21.4567,84.3758,2026-09-15T09:00,27.0,80,6.0,595.0,32.0,0.0,29.7,25.4,,0.356,Yellow
Sambalpur,1068767,21.4567,84.3758,2026-09-15T10:00,27.8,76,7.8,685.0,33.0,0.0,31.1,25.8,,0.388,Yellow
Sambalpur,1068767,21.4567,84.3758,2026-09-15T11:00,28.1,74,8.5,684.0,33.1,0.0,31.4,25.8,,0.396,Yellow
Sambalpur,1068767,21.4567,84.3758,2026-09-15T12:00,27.9,73,7.7,538.0,32.1,0.0,30.9,25.5,,0.374,Yellow
Sambalpur,1068767,21.4567,84.3758,2026-09-15T13:00,28.6,71,7.9,674.0,33.5,0.0,32.0,26.0,,0.412,Yellow
Sambalpur,1068767,21.4567,84.3758,2026-09-15T14:00,27.2,76,8.5,554.0,31.3,0.0,29.8,25.1,,0.344,Yellow
Sambalpur,1068767,21.4567,84.3758,2026-09-15T15:00,26.8,84,4.9,466.0,32.1,0.0,29.6,25.6,,0.363,Yellow
Sambalpur,1068767,21.4567,84.3758,2026-09-15T16:00,26.9,84,3.4,298.0,32.5,0.0,29.9,25.6,,0.368,Yellow
Sambalpur,1068767,21.4567,84.3758,2026-09-15T17:00,25.7,90,6.1,113.0,30.9,0.0,27.3,24.8,,0.3,Yellow
Sambalpur,1068767,21.4567,84.3758,2026-09-15T18:00,24.6,93,2.6,6.0,30.0,0.0,24.6,24.0,,0.228,Green
Sambalpur,1068767,21.4567,84.3758,2026-09-15T19:00,24.4,92,1.0,0.0,29.7,0.0,24.2,23.7,,0.21,Green
Sambalpur,1068767,21.4567,84.3758,2026-09-15T20:00,24.3,90,2.0,0.0,29.2,0.0,24.2,23.4,,0.197,Green
Sambalpur,1068767,21.4567,84.3758,2026-09-15T21:00,24.5,86,1.6,0.0,29.1,0.0,24.8,23.2,,0.198,Green
Sambalpur,1068767,21.4567,84.3758,2026-09-15T22:00,24.3,86,2.9,0.0,28.6,0.0,24.4,23.0,,0.185,Green
Sambalpur,1068767,21.4567,84.3758,2026-09-15T23:00,24.1,86,2.6,0.0,28.3,0.0,24.1,22.8,,0.172,Green
Sambalpur,1068767,21.4567,84.3758,2026-09-16T00:00,23.6,87,3.9,0.0,27.6,0.0,23.2,22.4,,0.143,Green
Sambalpur,1068767,21.4567,84.3758,2026-09-16T01:00,23.0,90,4.0,0.0,27.0,0.0,21.8,22.1,,0.112,Green
Sambalpur,1068767,21.4567,84.3758,2026-09-16T02:00,22.7,92,3.3,0.0,26.8,0.0,21.0,22.0,,0.097,Green
Sambalpur,1068767,21.4567,84.3758,2026-09-16T03:00,22.5,93,2.9,0.0,26.6,0.0,20.5,21.9,,0.085,Green
Sambalpur,1068767,21.4567,84.3758,2026-09-16T04:00,22.3,94,4.1,0.0,26.2,0.0,20.0,21.8,,0.074,Green
Sambalpur,1068767,21.4567,84.3758,2026-09-16T05:00,22.2,96,3.4,0.0,26.3,0.0,19.4,21.9,,0.077,Green
Sambalpur,1068767,21.4567,84.3758,2026-09-16T06:00,22.9,96,5.0,33.0,27.2,0.0,20.7,22.6,,0.116,Green
Sambalpur,1068767,21.4567,84.3758,2026-09-16T07:00,24.4,90,10.0,163.0,28.3,0.0,24.4,23.6,,0.207,Green
Sambalpur,1068767,21.4567,84.3758,2026-09-16T08:00,25.6,85,9.9,345.0,29.5,0.0,27.0,24.3,,0.274,Yellow
Sambalpur,1068767,21.4567,84.3758,2026-09-16T09:00,26.7,81,9.3,568.0,31.1,0.0,29.2,25.1,,0.336,Yellow
Sambalpur,1068767,21.4567,84.3758,2026-09-16T10:00,27.6,79,9.3,688.0,32.9,0.0,31.0,25.8,,0.39,Yellow
Sambalpur,1068767,21.4567,84.3758,2026-09-16T11:00,27.8,77,8.8,613.0,32.7,0.0,31.2,25.8,,0.392,Yellow
Sambalpur,1068767,21.4567,84.3758,2026-09-16T12:00,27.9,77,8.6,519.0,32.5,0.0,31.4,25.9,,0.398,Yellow
Sambalpur,1068767,21.4567,84.3758,2026-09-16T13:00,28.6,72,10.0,773.0,34.0,0.0,32.2,26.1,,0.417,Yellow
Sambalpur,1068767,21.4567,84.3758,2026-09-16T14:00,27.5,80,9.9,586.0,32.2,0.0,30.9,25.8,,0.387,Yellow
Sambalpur,1068767,21.4567,84.3758,2026-09-16T15:00,27.7,76,10.5,456.0,31.8,0.0,30.8,25.5,,0.375,Yellow
Sambalpur,1068767,21.4567,84.3758,2026-09-16T16:00,27.2,80,8.4,281.0,31.7,0.0,30.2,25.4,,0.362,Yellow
Sambalpur,1068767,21.4567,84.3758,2026-09-16T17:00,25.0,91,10.9,102.0,29.1,0.0,25.6,24.2,,0.251,Yellow
Sambalpur,1068767,21.4567,84.3758,2026-09-16T18:00,24.0,97,5.9,6.0,28.9,0.0,22.9,23.8,,0.195,Green
Sambalpur,1068767,21.4567,84.3758,2026-09-16T19:00,23.7,99,5.2,0.0,28.6,0.0,22.0,23.6,,0.177,Green
Sambalpur,1068767,21.4567,84.3758,2026-09-16T20:00,23.5,98,5.1,0.0,28.4,0.0,21.6,23.3,,0.161,Green
Sambalpur,1068767,21.4567,84.3758,2026-09-16T21:00,23.3,98,4.9,0.0,28.1,0.0,21.2,23.1,,0.146,Green
Sambalpur,1068767,21.4567,84.3758,2026-09-16T22:00,23.2,98,6.2,0.0,27.6,0.0,21.0,23.0,,0.139,Green
Sambalpur,1068767,21.4567,84.3758,2026-09-16T23:00,23.2,97,6.6,0.0,27.5,0.0,21.1,22.9,,0.138,Green
Sambalpur,1068767,21.4567,84.3758,2026-09-17T00:00,23.0,98,7.0,0.0,27.3,0.0,20.6,22.8,,0.125,Green
Sambalpur,1068767,21.4567,84.3758,2026-09-17T01:00,22.8,99,10.1,0.0,26.7,0.0,20.0,22.7,,0.113,Green
Sambalpur,1068767,21.4567,84.3758,2026-09-17T02:00,22.3,100,9.9,0.0,26.0,0.0,18.7,22.3,,0.096,Green
Sambalpur,1068767,21.4567,84.3758,2026-09-17T03:00,22.2,100,8.0,0.0,26.1,0.0,18.6,22.2,,0.092,Green
Sambalpur,1068767,21.4567,84.3758,2026-09-17T04:00,22.1,100,8.6,0.0,25.8,0.0,18.4,22.1,,0.088,Green
Sambalpur,1068767,21.4567,84.3758,2026-09-17T05:00,22.1,99,7.7,0.0,25.9,0.0,18.6,22.0,,0.084,Green
Sambalpur,1068767,21.4567,84.3758,2026-09-17T06:00,22.4,98,7.3,28.0,26.3,0.0,19.4,22.3,,0.093,Green
Sambalpur,1068767,21.4567,84.3758,2026-09-17T07:00,23.8,91,8.5,181.0,27.6,0.0,23.1,23.1,,0.169,Green
Sambalpur,1068767,21.4567,84.3758,2026-09-17T08:00,25.0,86,10.9,358.0,28.7,0.0,25.8,23.8,,0.237,Green
Sambalpur,1068767,21.4567,84.3758,2026-09-17T09:00,26.0,82,10.0,454.0,29.8,0.0,27.7,24.5,,0.29,Yellow
Sambalpur,1068767,21.4567,84.3758,2026-09-17T10:00,27.5,75,11.0,697.0,32.0,0.0,30.3,25.3,,0.359,Yellow
Sambalpur,1068767,21.4567,84.3758,2026-09-17T11:00,28.2,72,12.0,781.0,32.9,0.0,31.3,25.7,,0.388,Yellow
Sambalpur,1068767,21.4567,84.3758,2026-09-17T12:00,27.7,75,12.3,755.0,32.5,0.0,30.7,25.5,,0.372,Yellow
Sambalpur,1068767,21.4567,84.3758,2026-09-17T13:00,26.7,81,12.1,694.0,31.3,0.0,29.2,25.1,,0.335,Yellow
Sambalpur,1068767,21.4567,84.3758,2026-09-17T14:00,25.8,87,11.4,576.0,30.1,0.0,27.5,24.8,,0.299,Yellow
Sambalpur,1068767,21.4567,84.3758,2026-09-17T15:00,25.6,91,9.0,401.0,30.3,0.0,27.1,24.9,,0.3,Yellow
Sambalpur,1068767,21.4567,84.3758,2026-09-17T16:00,25.6,93,6.0,254.0,31.0,0.0,27.1,25.1,,0.308,Yellow
Sambalpur,1068767,21.4567,84.3758,2026-09-17T17:00,25.4,94,3.8,102.0,31.1,0.0,26.6,24.9,,0.294,Yellow
Sambalpur,1068767,21.4567,84.3758,2026-09-17T18:00,24.8,95,3.6,3.0,30.3,0.0,25.0,24.4,,0.249,Green
Sambalpur,1068767,21.4567,84.3758,2026-09-17T19:00,24.1,96,4.2,0.0,29.2,0.0,23.3,23.8,,0.2,Green
Sambalpur,1068767,21.4567,84.3758,2026-09-17T20:00,23.5,96,4.8,0.0,28.3,0.0,21.9,23.2,,0.157,Green
Sambalpur,1068767,21.4567,84.3758,2026-09-17T21:00,23.4,97,5.2,0.0,28.1,0.0,21.6,23.1,,0.152,Green
Sambalpur,1068767,21.4567,84.3758,2026-09-17T22:00,23.5,98,5.7,0.0,28.2,0.0,21.6,23.3,,0.161,Green
Sambalpur,1068767,21.4567,84.3758,2026-09-17T23:00,23.5,98,5.8,0.0,28.2,0.0,21.6,23.3,,0.161,Green
Anugul,1067275,21.1345,85.0009,2026-09-13T00:00,25.5,93,8.9,0.0,30.4,0.0,26.8,24.9,,0.294,Yellow
Anugul,1067275,21.1345,85.0009,2026-09-13T01:00,25.1,95,8.3,0.0,30.1,0.0,25.8,24.7,,0.271,Yellow
Anugul,1067275,21.1345,85.0009,2026-09-13T02:00,24.9,96,8.5,0.0,29.8,0.0,25.2,24.6,,0.259,Yellow
Anugul,1067275,21.1345,85.0009,2026-09-13T03:00,24.7,97,7.8,0.0,29.7,0.0,24.7,24.4,,0.247,Green
Anugul,1067275,21.1345,85.0009,2026-09-13T04:00,24.5,97,7.6,0.0,29.4,0.0,24.1,24.2,,0.232,Green
Anugul,1067275,21.1345,85.0009,2026-09-13T05:00,24.9,96,8.6,0.0,29.9,0.0,25.2,24.6,,0.259,Yellow
Anugul,1067275,21.1345,85.0009,2026-09-13T06:00,25.6,94,7.9,38.0,30.8,0.0,27.1,25.1,,0.307,Yellow
Anugul,1067275,21.1345,85.0009,2026-09-13T07:00,27.2,87,8.1,207.0,32.6,0.0,31.1,26.1,,0.402,Yellow
Anugul,1067275,21.1345,85.0009,2026-09-13T08:00,28.7,79,10.1,411.0,33.7,0.0,33.7,26.8,,0.467,Yellow
Anugul,1067275,21.1345,85.0009,2026-09-13T09:00,30.0,75,11.0,590.0,35.3,0.0,36.3,27.7,,0.538,Orange
Anugul,1067275,21.1345,85.0009,2026-09-13T10:00,31.1,71,9.7,740.0,37.6,0.0,38.2,28.4,,0.593,Orange
Anugul,1067275,21.1345,85.0009,2026-09-13T11:00,31.9,68,10.9,854.0,38.9,0.0,39.4,28.8,,0.627,Orange
Anugul,1067275,21.1345,85.0009,2026-09-13T12:00,31.9,68,10.9,822.0,38.8,0.0,39.4,28.8,,0.627,Orange
Anugul,1067275,21.1345,85.0009,2026-09-13T13:00,31.3,71,7.2,656.0,37.8,0.0,38.7,28.6,,0.61,Orange
Anugul,1067275,21.1345,85.0009,2026-09-13T14:00,27.8,84,14.4,602.0,32.5,0.0,32.2,26.4,,0.431,Yellow
Anugul,1067275,21.1345,85.0009,2026-09-13T15:00,25.3,96,6.1,200.0,30.8,0.0,26.3,25.1,,0.295,Yellow
Anugul,1067275,21.1345,85.0009,2026-09-13T16:00,25.7,94,1.4,169.0,31.9,0.0,27.4,25.4,,0.325,Yellow
Anugul,1067275,21.1345,85.0009,2026-09-13T17:00,27.2,90,7.7,103.0,33.0,0.0,31.6,26.3,,0.419,Yellow
Anugul,1067275,21.1345,85.0009,2026-09-13T18:00,26.6,94,6.0,4.0,32.9,0.0,29.9,26.1,,0.386,Yellow
Anugul,1067275,21.1345,85.0009,2026-09-13T19:00,26.5,96,2.9,0.0,33.2,0.0,29.8,26.2,,0.388,Yellow
Anugul,1067275,21.1345,85.0009,2026-09-13T20:00,26.1,97,3.2,0.0,32.8,0.0,28.6,25.8,,0.359,Yellow
Anugul,1067275,21.1345,85.0009,2026-09-13T21:00,26.0,98,4.2,0.0,32.5,0.0,28.3,25.8,,0.355,Yellow
Anugul,1067275,21.1345,85.0009,2026-09-13T22:00,25.7,99,3.8,0.0,32.2,0.0,27.4,25.6,,0.335,Yellow
Anugul,1067275,21.1345,85.0009,2026-09-13T23:00,25.5,99,4.3,0.0,31.8,0.0,26.8,25.4,,0.318,Yellow
Anugul,1067275,21.1345,85.0009,2026-09-14T00:00,25.3,99,4.3,0.0,31.5,0.0,26.2,25.2,,0.302,Yellow
Anugul,1067275,21.1345,85.0009,2026-09-14T01:00,25.2,99,3.6,0.0,31.5,0.0,25.9,25.1,,0.294,Yellow
Anugul,1067275,21.1345,85.0009,2026-09-14T02:00,25.1,99,4.5,0.0,31.2,0.0,25.7,25.0,,0.285,Yellow
Anugul,1067275,21.1345,85.0009,2026-09-14T03:00,25.1,99,4.0,0.0,31.2,0.0,25.7,25.0,,0.285,Yellow
Anugul,1067275,21.1345,85.0009,2026-09-14T04:00,25.2,99,3.1,0.0,31.4,0.0,25.9,25.1,,0.294,Yellow
Anugul,1067275,21.1345,85.0009,2026-09-14T05:00,25.1,99,3.3,0.0,31.3,0.0,25.7,25.0,,0.285,Yellow
Anugul,1067275,21.1345,85.0009,2026-09-14T06:00,25.2,99,1.1,13.0,31.8,0.0,25.9,25.2,,0.295,Yellow
Anugul,1067275,21.1345,85.0009,2026-09-14T07:00,25.8,96,2.3,88.0,32.3,0.0,27.7,25.6,,0.335,Yellow
Anugul,1067275,21.1345,85.0009,2026-09-14T08:00,27.4,87,1.3,286.0,33.9,0.0,31.6,26.7,,0.434,Yellow
Anugul,1067275,21.1345,85.0009,2026-09-14T09:00,28.4,83,2.0,408.0,35.0,0.0,33.7,27.3,,0.487,Yellow
Anugul,1067275,21.1345,85.0009,2026-09-14T10:00,29.4,80,1.1,573.0,36.5,0.0,35.9,28.5,,0.568,Orange
Anugul,1067275,21.1345,85.0009,2026-09-14T11:00,30.1,79,1.8,783.0,38.9,0.0,37.7,29.1,,0.617,Orange
Anugul,1067275,21.1345,85.0009,2026-09-14T12:00,30.6,78,3.8,807.0,39.3,0.0,38.9,29.0,,0.631,Orange
Anugul,1067275,21.1345,85.0009,2026-09-14T13:00,30.9,75,3.5,754.0,39.0,0.0,38.9,29.0,,0.629,Orange
Anugul,1067275,21.1345,85.0009,2026-09-14T14:00,31.0,70,4.1,623.0,37.6,0.0,37.6,28.4,,0.585,Orange
Anugul,1067275,21.1345,85.0009,2026-09-14T15:00,26.6,90,7.8,294.0,32.0,0.0,29.6,25.8,,0.371,Yellow
Anugul,1067275,21.1345,85.0009,2026-09-14T16:00,26.2,92,4.9,151.0,32.0,0.0,28.7,25.6,,0.348,Yellow
Anugul,1067275,21.1345,85.0009,2026-09-14T17:00,26.0,94,1.9,91.0,32.3,0.0,28.2,25.6,,0.343,Yellow
Anugul,1067275,21.1345,85.0009,2026-09-14T18:00,25.5,98,2.3,5.0,31.9,0.0,26.8,25.4,,0.314,Yellow
Anugul,1067275,21.1345,85.0009,2026-09-14T19:00,25.1,99,1.4,0.0,31.5,0.0,25.7,25.0,,0.285,Yellow
Anugul,1067275,21.1345,85.0009,2026-09-14T20:00,24.9,100,0.8,0.0,31.4,0.0,25.0,24.9,,0.273,Yellow
Anugul,1067275,21.1345,85.0009,2026-09-14T21:00,24.9,100,2.2,0.0,31.1,0.0,25.0,24.9,,0.273,Yellow
Anugul,1067275,21.1345,85.0009,2026-09-14T22:00,24.8,100,1.8,0.0,31.0,0.0,24.8,24.8,,0.265,Yellow
Anugul,1067275,21.1345,85.0009,2026-09-14T23:00,24.7,100,2.8,0.0,30.7,0.0,24.5,24.7,,0.257,Yellow
Anugul,1067275,21.1345,85.0009,2026-09-15T00:00,24.6,100,2.6,0.0,30.7,0.0,24.2,24.6,,0.249,Green
Anugul,1067275,21.1345,85.0009,2026-09-15T01:00,24.6,100,1.2,0.0,30.9,0.0,24.2,24.6,,0.249,Green
Anugul,1067275,21.1345,85.0009,2026-09-15T02:00,24.6,100,0.4,0.0,31.0,0.0,24.2,24.6,,0.249,Green
Anugul,1067275,21.1345,85.0009,2026-09-15T03:00,24.6,99,0.4,0.0,31.0,0.0,24.3,24.5,,0.246,Green
Anugul,1067275,21.1345,85.0009,2026-09-15T04:00,24.6,99,1.1,0.0,30.9,0.0,24.3,24.5,,0.246,Green
Anugul,1067275,21.1345,85.0009,2026-09-15T05:00,24.5,100,1.6,0.0,30.7,0.0,23.9,24.5,,0.241,Green
Anugul,1067275,21.1345,85.0009,2026-09-15T06:00,24.9,99,2.7,30.0,31.0,0.0,25.1,24.9,,0.271,Yellow
Anugul,1067275,21.1345,85.0009,2026-09-15T07:00,26.3,91,2.4,175.0,32.5,0.0,28.9,25.7,,0.356,Yellow
Anugul,1067275,21.1345,85.0009,2026-09-15T08:00,27.9,81,4.1,364.0,33.6,0.0,32.0,26.3,,0.425,Yellow
Anugul,1067275,21.1345,85.0009,2026-09-15T09:00,29.3,76,5.3,526.0,35.0,0.0,34.7,27.2,,0.498,Yellow
Anugul,1067275,21.1345,85.0009,2026-09-15T10:00,30.4,73,6.8,702.0,37.0,0.0,36.8,28.0,,0.56,Orange
Anugul,1067275,21.1345,85.0009,2026-09-15T11:00,31.3,70,7.1,820.0,38.7,0.0,38.4,28.6,,0.605,Orange
Anugul,1067275,21.1345,85.0009,2026-09-15T12:00,31.6,69,7.1,838.0,39.2,0.0,38.9,28.7,,0.619,Orange
Anugul,1067275,21.1345,85.0009,2026-09-15T13:00,32.2,65,4.2,693.0,39.1,0.0,39.2,29.0,,0.632,Orange
Anugul,1067275,21.1345,85.0009,2026-09-15T14:00,28.4,82,17.4,620.0,32.9,0.0,33.5,26.8,,0.464,Yellow
Anugul,1067275,21.1345,85.0009,2026-09-15T15:00,28.3,84,4.9,417.0,34.5,0.0,33.6,27.0,,0.475,Yellow
Anugul,1067275,21.1345,85.0009,2026-09-15T16:00,29.2,77,3.0,293.0,35.3,0.0,34.6,27.2,,0.496,Yellow
Anugul,1067275,21.1345,85.0009,2026-09-15T17:00,28.7,84,1.3,111.0,35.6,0.0,34.7,27.3,,0.504,Orange
Anugul,1067275,21.1345,85.0009,2026-09-15T18:00,27.5,89,0.9,5.0,34.4,0.0,32.3,26.5,,0.435,Yellow
Anugul,1067275,21.1345,85.0009,2026-09-15T19:00,26.9,91,1.3,0.0,33.6,0.0,31.0,26.1,,0.4,Yellow
Anugul,1067275,21.1345,85.0009,2026-09-15T20:00,26.4,93,3.6,0.0,32.7,0.0,29.3,25.8,,0.365,Yellow
Anugul,1067275,21.1345,85.0009,2026-09-15T21:00,26.1,95,3.8,0.0,32.4,0.0,28.5,25.7,,0.35,Yellow
Anugul,1067275,21.1345,85.0009,2026-09-15T22:00,25.9,97,1.8,0.0,32.5,0.0,28.0,25.6,,0.343,Yellow
Anugul,1067275,21.1345,85.0009,2026-09-15T23:00,25.7,97,0.7,0.0,32.5,0.0,27.4,25.4,,0.326,Yellow
Anugul,1067275,21.1345,85.0009,2026-09-16T00:00,25.6,98,0.6,0.0,32.4,0.0,27.1,25.4,,0.322,Yellow
Anugul,1067275,21.1345,85.0009,2026-09-16T01:00,25.3,100,1.0,0.0,32.0,0.0,26.2,25.3,,0.305,Yellow
Anugul,1067275,21.1345,85.0009,2026-09-16T02:00,25.2,100,0.0,0.0,32.0,0.0,25.9,25.2,,0.297,Yellow
Anugul,1067275,21.1345,85.0009,2026-09-16T03:00,25.2,100,0.7,0.0,31.9,0.0,25.9,25.2,,0.297,Yellow
Anugul,1067275,21.1345,85.0009,2026-09-16T04:00,25.2,100,0.7,0.0,31.9,0.0,25.9,25.2,,0.297,Yellow
Anugul,1067275,21.1345,85.0009,2026-09-16T05:00,25.1,100,1.6,0.0,31.6,0.0,25.6,25.1,,0.289,Yellow
Anugul,1067275,21.1345,85.0009,2026-09-16T06:00,25.3,99,4.2,31.0,31.5,0.0,26.2,25.3,,0.303,Yellow
Anugul,1067275,21.1345,85.0009,2026-09-16T07:00,27.2,89,6.4,182.0,33.0,0.0,31.5,26.3,,0.415,Yellow
Anugul,1067275,21.1345,85.0009,2026-09-16T08:00,28.7,81,7.8,370.0,34.4,0.0,34.1,27.0,,0.482,Yellow
Anugul,1067275,21.1345,85.0009,2026-09-16T09:00,29.9,78,6.8,588.0,36.1,0.0,36.8,28.0,,0.559,Orange
Anugul,1067275,21.1345,85.0009,2026-09-16T10:00,31.1,73,5.0,743.0,38.8,0.0,38.8,28.8,,0.62,Orange
Anugul,1067275,21.1345,85.0009,2026-09-16T11:00,31.7,70,5.6,800.0,39.5,0.0,39.5,29.0,,0.639,Orange
Anugul,1067275,21.1345,85.0009,2026-09-16T12:00,31.6,70,5.4,590.0,38.0,0.0,39.3,28.8,,0.626,Orange
Anugul,1067275,21.1345,85.0009,2026-09-16T13:00,29.1,81,15.0,531.0,34.0,0.0,35.2,27.4,,0.512,Orange
Anugul,1067275,21.1345,85.0009,2026-09-16T14:00,28.4,84,6.2,455.0,34.5,0.0,33.9,27.1,,0.482,Yellow
Anugul,1067275,21.1345,85.0009,2026-09-16T15:00,29.6,79,5.3,466.0,36.0,0.0,36.2,27.8,,0.543,Orange
Anugul,1067275,21.1345,85.0009,2026-09-16T16:00,29.7,78,1.1,290.0,36.5,0.0,36.2,28.0,,0.554,Orange
Anugul,1067275,21.1345,85.0009,2026-09-16T17:00,29.0,86,1.4,107.0,36.5,0.0,36.1,27.8,,0.543,Orange
Anugul,1067275,21.1345,85.0009,2026-09-16T18:00,27.9,90,3.8,4.0,34.8,0.0,33.7,27.0,,0.474,Yellow
Anugul,1067275,21.1345,85.0009,2026-09-16T19:00,27.3,93,3.4,0.0,34.3,0.0,32.5,26.7,,0.446,Yellow
Anugul,1067275,21.1345,85.0009,2026-09-16T20:00,26.9,95,2.3,0.0,34.0,0.0,31.7,26.5,,0.426,Yellow
Anugul,1067275,21.1345,85.0009,2026-09-16T21:00,26.4,97,5.9,0.0,32.8,0.0,29.5,26.1,,0.384,Yellow
Anugul,1067275,21.1345,85.0009,2026-09-16T22:00,26.1,95,7.3,0.0,31.9,0.0,28.5,25.7,,0.35,Yellow
Anugul,1067275,21.1345,85.0009,2026-09-16T23:00,25.8,95,6.3,0.0,31.5,0.0,27.7,25.4,,0.326,Yellow
Anugul,1067275,21.1345,85.0009,2026-09-17T00:00,25.5,95,5.8,0.0,31.2,0.0,26.8,25.1,,0.302,Yellow
Anugul,1067275,21.1345,85.0009,2026-09-17T01:00,25.3,96,4.9,0.0,31.0,0.0,26.3,25.0,,0.29,Yellow
Anugul,1067275,21.1345,85.0009,2026-09-17T02:00,24.6,98,9.2,0.0,29.5,0.0,24.3,24.4,,0.243,Green
Anugul,1067275,21.1345,85.0009,2026-09-17T03:00,24.3,99,6.2,0.0,29.6,0.0,23.5,24.2,,0.223,Green
Anugul,1067275,21.1345,85.0009,2026-09-17T04:00,24.7,99,1.9,0.0,30.7,0.0,24.5,24.6,,0.254,Yellow
Anugul,1067275,21.1345,85.0009,2026-09-17T05:00,24.8,99,3.2,0.0,30.8,0.0,24.8,24.7,,0.262,Yellow
Anugul,1067275,21.1345,85.0009,2026-09-17T06:00,25.3,98,6.9,34.0,30.9,0.0,26.3,25.2,,0.299,Yellow
Anugul,1067275,21.1345,85.0009,2026-09-17T07:00,26.3,91,7.3,186.0,31.8,0.0,28.9,25.6,,0.351,Yellow
Anugul,1067275,21.1345,85.0009,2026-09-17T08:00,28.1,82,11.0,395.0,32.9,0.0,32.7,26.5,,0.44,Yellow
Anugul,1067275,21.1345,85.0009,2026-09-17T09:00,29.8,75,11.2,517.0,34.7,0.0,35.8,27.4,,0.522,Orange
Anugul,1067275,21.1345,85.0009,2026-09-17T10:00,31.0,69,11.2,643.0,36.3,0.0,37.3,28.0,,0.565,Orange
Anugul,1067275,21.1345,85.0009,2026-09-17T11:00,32.1,65,10.5,770.0,38.3,0.0,38.9,28.6,,0.613,Orange
Anugul,1067275,21.1345,85.0009,2026-09-17T12:00,32.6,64,11.1,808.0,39.0,0.0,39.9,29.0,,0.641,Orange
Anugul,1067275,21.1345,85.0009,2026-09-17T13:00,32.7,64,11.7,729.0,38.6,0.0,40.2,29.0,,0.647,Orange
Anugul,1067275,21.1345,85.0009,2026-09-17T14:00,32.4,65,11.0,578.0,37.7,0.0,39.7,28.8,,0.633,Orange
Anugul,1067275,21.1345,85.0009,2026-09-17T15:00,31.5,70,7.1,352.0,37.4,0.0,39.0,28.5,,0.61,Orange
Anugul,1067275,21.1345,85.0009,2026-09-17T16:00,30.1,78,1.9,212.0,37.1,0.0,37.4,28.2,,0.575,Orange
Anugul,1067275,21.1345,85.0009,2026-09-17T17:00,29.0,85,2.5,81.0,36.1,0.0,35.9,27.6,,0.531,Orange
Anugul,1067275,21.1345,85.0009,2026-09-17T18:00,28.2,89,3.0,2.0,35.3,0.0,34.4,27.2,,0.492,Yellow
Anugul,1067275,21.1345,85.0009,2026-09-17T19:00,27.6,93,2.2,0.0,34.9,0.0,33.4,27.0,,0.47,Yellow
Anugul,1067275,21.1345,85.0009,2026-09-17T20:00,27.0,95,1.5,0.0,34.3,0.0,32.0,26.6,,0.434,Yellow
Anugul,1067275,21.1345,85.0009,2026-09-17T21:00,26.5,97,1.3,0.0,33.7,0.0,29.9,26.2,,0.393,Yellow
Anugul,1067275,21.1345,85.0009,2026-09-17T22:00,26.1,97,2.3,0.0,32.9,0.0,28.6,25.8,,0.359,Yellow
Anugul,1067275,21.1345,85.0009,2026-09-17T23:00,25.6,98,2.6,0.0,32.1,0.0,27.1,25.4,,0.322,Yellow
Jagatsinghapur,1020991,20.2241,86.3542,2026-09-13T00:00,27.0,86,6.7,0.0,32.3,0.0,30.4,25.7,,0.376,Yellow
Jagatsinghapur,1020991,20.2241,86.3542,2026-09-13T01:00,26.6,88,5.6,0.0,32.2,0.0,29.5,25.5,,0.355,Yellow
Jagatsinghapur,1020991,20.2241,86.3542,2026-09-13T02:00,26.5,90,5.4,0.0,32.1,0.0,29.3,25.6,,0.358,Yellow
Jagatsinghapur,1020991,20.2241,86.3542,2026-09-13T03:00,26.4,91,4.6,0.0,32.2,0.0,29.1,25.6,,0.355,Yellow
Jagatsinghapur,1020991,20.2241,86.3542,2026-09-13T04:00,26.2,91,3.2,0.0,32.3,0.0,28.6,25.4,,0.339,Yellow
Jagatsinghapur,1020991,20.2241,86.3542,2026-09-13T05:00,26.4,91,3.4,0.0,32.6,0.0,29.1,25.6,,0.355,Yellow
Jagatsinghapur,1020991,20.2241,86.3542,2026-09-13T06:00,27.7,88,5.2,49.0,34.0,0.0,32.7,26.6,,0.445,Yellow
Jagatsinghapur,1020991,20.2241,86.3542,2026-09-13T07:00,29.7,79,6.4,233.0,35.9,0.0,36.5,27.7,,0.544,Orange
Jagatsinghapur,1020991,20.2241,86.3542,2026-09-13T08:00,30.0,78,9.7,425.0,35.7,0.0,37.1,27.9,,0.561,Orange
Jagatsinghapur,1020991,20.2241,86.3542,2026-09-13T09:00,29.8,80,11.1,484.0,35.6,0.0,37.1,28.0,,0.561,Orange
Jagatsinghapur,1020991,20.2241,86.3542,2026-09-13T10:00,29.1,82,9.4,471.0,34.9,0.0,35.5,27.5,,0.521,Orange
Jagatsinghapur,1020991,20.2241,86.3542,2026-09-13T11:00,29.9,76,11.8,780.0,36.2,0.0,36.3,27.7,,0.541,Orange
Jagatsinghapur,1020991,20.2241,86.3542,2026-09-13T12:00,30.0,77,9.5,692.0,36.5,0.0,36.8,27.9,,0.557,Orange
Jagatsinghapur,1020991,20.2241,86.3542,2026-09-13T13:00,30.2,76,10.3,696.0,36.6,0.0,37.1,28.0,,0.564,Orange
Jagatsinghapur,1020991,20.2241,86.3542,2026-09-13T14:00,30.3,76,10.1,603.0,36.1,0.0,37.4,28.1,,0.571,Orange
Jagatsinghapur,1020991,20.2241,86.3542,2026-09-13T15:00,29.7,75,9.9,453.0,34.9,0.0,35.5,27.3,,0.514,Orange
Jagatsinghapur,1020991,20.2241,86.3542,2026-09-13T16:00,28.8,75,7.9,223.0,33.7,0.0,33.2,26.4,,0.445,Yellow
Jagatsinghapur,1020991,20.2241,86.3542,2026-09-13T17:00,26.6,90,2.8,72.0,32.7,0.0,29.6,25.7,,0.369,Yellow
Jagatsinghapur,1020991,20.2241,86.3542,2026-09-13T18:00,25.9,95,4.0,2.0,32.1,0.0,27.9,25.5,,0.334,Yellow
Jagatsinghapur,1020991,20.2241,86.3542,2026-09-13T19:00,25.9,99,0.6,0.0,32.9,0.0,28.1,25.8,,0.351,Yellow
Jagatsinghapur,1020991,20.2241,86.3542,2026-09-13T20:00,25.9,99,0.7,0.0,33.0,0.0,28.1,25.8,,0.351,Yellow
Jagatsinghapur,1020991,20.2241,86.3542,2026-09-13T21:00,25.9,99,0.4,0.0,33.0,0.0,28.1,25.8,,0.351,Yellow
Jagatsinghapur,1020991,20.2241,86.3542,2026-09-13T22:00,25.8,99,0.4,0.0,32.9,0.0,27.7,25.7,,0.343,Yellow
Jagatsinghapur,1020991,20.2241,86.3542,2026-09-13T23:00,25.7,99,1.3,0.0,32.6,0.0,27.4,25.6,,0.335,Yellow
Jagatsinghapur,1020991,20.2241,86.3542,2026-09-14T00:00,25.6,99,3.5,0.0,32.1,0.0,27.1,25.5,,0.326,Yellow
Jagatsinghapur,1020991,20.2241,86.3542,2026-09-14T01:00,25.4,99,3.9,0.0,31.7,0.0,26.5,25.3,,0.31,Yellow
Jagatsinghapur,1020991,20.2241,86.3542,2026-09-14T02:00,25.3,99,3.1,0.0,31.7,0.0,26.2,25.2,,0.302,Yellow
Jagatsinghapur,1020991,20.2241,86.3542,2026-09-14T03:00,25.0,99,0.6,0.0,31.5,0.0,25.4,24.9,,0.277,Yellow
Jagatsinghapur,1020991,20.2241,86.3542,2026-09-14T04:00,25.0,100,5.5,0.0,30.9,0.0,25.3,25.0,,0.281,Yellow
Jagatsinghapur,1020991,20.2241,86.3542,2026-09-14T05:00,25.0,99,3.6,0.0,31.0,0.0,25.4,24.9,,0.277,Yellow
Jagatsinghapur,1020991,20.2241,86.3542,2026-09-14T06:00,25.5,98,7.5,46.0,31.3,0.0,26.8,25.4,,0.315,Yellow
Jagatsinghapur,1020991,20.2241,86.3542,2026-09-14T07:00,26.8,91,6.3,218.0,32.8,0.0,30.7,26.1,,0.397,Yellow
Jagatsinghapur,1020991,20.2241,86.3542,2026-09-14T08:00,28.4,83,5.0,427.0,34.6,0.0,33.7,27.0,,0.477,Yellow
Jagatsinghapur,1020991,20.2241,86.3542,2026-09-14T09:00,29.4,80,4.8,544.0,35.8,0.0,35.9,27.8,,0.538,Orange
Jagatsinghapur,1020991,20.2241,86.3542,2026-09-14T10:00,30.3,75,4.0,713.0,37.8,0.0,37.1,28.3,,0.577,Orange
Jagatsinghapur,1020991,20.2241,86.3542,2026-09-14T11:00,30.9,74,3.3,744.0,38.8,0.0,38.6,28.9,,0.621,Orange
Jagatsinghapur,1020991,20.2241,86.3542,2026-09-14T12:00,31.3,72,4.2,843.0,39.6,0.0,39.1,29.0,,0.633,Orange
Jagatsinghapur,1020991,20.2241,86.3542,2026-09-14T13:00,28.9,82,12.0,730.0,35.3,0.0,34.9,27.4,,0.507,Orange
Jagatsinghapur,1020991,20.2241,86.3542,2026-09-14T14:00,28.0,89,4.4,537.0,34.7,0.0,33.8,27.4,,0.492,Yellow
Jagatsinghapur,1020991,20.2241,86.3542,2026-09-14T15:00,28.8,86,3.9,441.0,35.7,0.0,35.5,27.8,,0.534,Orange
Jagatsinghapur,1020991,20.2241,86.3542,2026-09-14T16:00,29.0,81,3.6,289.0,35.4,0.0,35.0,27.4,,0.509,Orange
Jagatsinghapur,1020991,20.2241,86.3542,2026-09-14T17:00,28.1,85,4.5,79.0,34.4,0.0,33.2,26.7,,0.457,Yellow
Jagatsinghapur,1020991,20.2241,86.3542,2026-09-14T18:00,27.1,90,4.0,3.0,33.5,0.0,31.4,26.2,,0.41,Yellow
Jagatsinghapur,1020991,20.2241,86.3542,2026-09-14T19:00,27.0,90,1.2,0.0,33.7,0.0,31.1,26.1,,0.402,Yellow
Jagatsinghapur,1020991,20.2241,86.3542,2026-09-14T20:00,26.7,92,1.0,0.0,33.5,0.0,30.6,26.0,,0.391,Yellow
Jagatsinghapur,1020991,20.2241,86.3542,2026-09-14T21:00,26.3,96,1.6,0.0,33.2,0.0,29.2,26.0,,0.371,Yellow
Jagatsinghapur,1020991,20.2241,86.3542,2026-09-14T22:00,25.9,98,3.2,0.0,32.6,0.0,28.0,25.7,,0.347,Yellow
Jagatsinghapur,1020991,20.2241,86.3542,2026-09-14T23:00,25.7,99,2.9,0.0,32.3,0.0,27.4,25.6,,0.335,Yellow
Jagatsinghapur,1020991,20.2241,86.3542,2026-09-15T00:00,25.6,98,3.1,0.0,32.1,0.0,27.1,25.4,,0.322,Yellow
Jagatsinghapur,1020991,20.2241,86.3542,2026-09-15T01:00,25.5,98,2.8,0.0,31.8,0.0,26.8,25.3,,0.314,Yellow
Jagatsinghapur,1020991,20.2241,86.3542,2026-09-15T02:00,25.4,98,4.0,0.0,31.6,0.0,26.5,25.2,,0.306,Yellow
Jagatsinghapur,1020991,20.2241,86.3542,2026-09-15T03:00,25.3,97,3.5,0.0,31.3,0.0,26.3,25.0,,0.294,Yellow
Jagatsinghapur,1020991,20.2241,86.3542,2026-09-15T04:00,25.1,97,1.7,0.0,31.3,0.0,25.7,24.8,,0.278,Yellow
Jagatsinghapur,1020991,20.2241,86.3542,2026-09-15T05:00,24.8,98,2.7,0.0,30.8,0.0,24.9,24.6,,0.258,Yellow
Jagatsinghapur,1020991,20.2241,86.3542,2026-09-15T06:00,25.7,96,4.5,49.0,31.8,0.0,27.4,25.4,,0.324,Yellow
Jagatsinghapur,1020991,20.2241,86.3542,2026-09-15T07:00,27.3,88,3.7,230.0,33.6,0.0,31.6,26.4,,0.42,Yellow
Jagatsinghapur,1020991,20.2241,86.3542,2026-09-15T08:00,28.9,79,4.9,450.0,34.8,0.0,34.3,27.1,,0.489,Yellow
Jagatsinghapur,1020991,20.2241,86.3542,2026-09-15T09:00,30.2,73,5.8,629.0,36.3,0.0,36.3,27.8,,0.545,Orange
Jagatsinghapur,1020991,20.2241,86.3542,2026-09-15T10:00,30.9,70,5.2,744.0,37.9,0.0,37.3,28.3,,0.577,Orange
Jagatsinghapur,1020991,20.2241,86.3542,2026-09-15T11:00,31.0,71,6.9,809.0,38.4,0.0,37.9,28.4,,0.591,Orange
Jagatsinghapur,1020991,20.2241,86.3542,2026-09-15T12:00,31.4,70,7.4,726.0,38.3,0.0,38.7,28.6,,0.61,Orange
Jagatsinghapur,1020991,20.2241,86.3542,2026-09-15T13:00,30.4,76,5.3,523.0,36.7,0.0,37.7,28.3,,0.583,Orange
Jagatsinghapur,1020991,20.2241,86.3542,2026-09-15T14:00,28.4,83,6.8,439.0,34.2,0.0,33.7,27.0,,0.474,Yellow
Jagatsinghapur,1020991,20.2241,86.3542,2026-09-15T15:00,28.4,85,8.7,364.0,34.2,0.0,34.0,27.1,,0.485,Yellow
Jagatsinghapur,1020991,20.2241,86.3542,2026-09-15T16:00,28.5,85,5.0,275.0,35.0,0.0,34.3,27.2,,0.494,Yellow
Jagatsinghapur,1020991,20.2241,86.3542,2026-09-15T17:00,28.4,87,2.7,92.0,35.4,0.0,34.5,27.2,,0.497,Yellow
Jagatsinghapur,1020991,20.2241,86.3542,2026-09-15T18:00,27.7,91,4.0,2.0,34.5,0.0,33.3,26.9,,0.465,Yellow
Jagatsinghapur,1020991,20.2241,86.3542,2026-09-15T19:00,27.4,90,3.8,0.0,34.0,0.0,32.2,26.5,,0.433,Yellow
Jagatsinghapur,1020991,20.2241,86.3542,2026-09-15T20:00,27.2,93,3.1,0.0,34.1,0.0,32.2,26.6,,0.437,Yellow
Jagatsinghapur,1020991,20.2241,86.3542,2026-09-15T21:00,26.9,96,3.5,0.0,33.8,0.0,31.9,26.6,,0.432,Yellow
Jagatsinghapur,1020991,20.2241,86.3542,2026-09-15T22:00,26.8,95,4.1,0.0,33.5,0.0,31.4,26.4,,0.418,Yellow
Jagatsinghapur,1020991,20.2241,86.3542,2026-09-15T23:00,26.7,94,6.3,0.0,33.0,0.0,30.9,26.2,,0.403,Yellow
Jagatsinghapur,1020991,20.2241,86.3542,2026-09-16T00:00,26.6,93,5.7,0.0,32.8,0.0,29.9,26.0,,0.381,Yellow
Jagatsinghapur,1020991,20.2241,86.3542,2026-09-16T01:00,26.5,93,5.3,0.0,32.6,0.0,29.6,25.9,,0.373,Yellow
Jagatsinghapur,1020991,20.2241,86.3542,2026-09-16T02:00,26.3,93,5.4,0.0,32.4,0.0,29.0,25.7,,0.357,Yellow
Jagatsinghapur,1020991,20.2241,86.3542,2026-09-16T03:00,26.1,94,5.6,0.0,32.1,0.0,28.5,25.6,,0.345,Yellow
Jagatsinghapur,1020991,20.2241,86.3542,2026-09-16T04:00,26.0,95,5.1,0.0,32.0,0.0,28.2,25.6,,0.342,Yellow
Jagatsinghapur,1020991,20.2241,86.3542,2026-09-16T05:00,25.8,96,6.2,0.0,31.7,0.0,27.7,25.5,,0.33,Yellow
Jagatsinghapur,1020991,20.2241,86.3542,2026-09-16T06:00,26.4,95,7.9,48.0,32.3,0.0,29.4,26.0,,0.375,Yellow
Jagatsinghapur,1020991,20.2241,86.3542,2026-09-16T07:00,28.1,87,8.4,219.0,34.1,0.0,33.6,26.9,,0.473,Yellow
Jagatsinghapur,1020991,20.2241,86.3542,2026-09-16T08:00,29.2,84,11.4,398.0,35.1,0.0,36.3,27.8,,0.542,Orange
Jagatsinghapur,1020991,20.2241,86.3542,2026-09-16T09:00,30.1,82,7.4,555.0,36.8,0.0,38.6,28.6,,0.607,Orange
Jagatsinghapur,1020991,20.2241,86.3542,2026-09-16T10:00,31.0,79,9.7,703.0,38.6,0.0,40.5,29.1,,0.656,Orange
Jagatsinghapur,1020991,20.2241,86.3542,2026-09-16T11:00,31.6,77,7.5,771.0,39.9,0.0,41.8,29.6,,0.692,Orange
Jagatsinghapur,1020991,20.2241,86.3542,2026-09-16T12:00,31.6,77,7.6,683.0,39.4,0.0,41.8,29.5,,0.691,Orange
Jagatsinghapur,1020991,20.2241,86.3542,2026-09-16T13:00,31.2,79,8.8,592.0,38.4,0.0,41.2,29.3,,0.672,Orange
Jagatsinghapur,1020991,20.2241,86.3542,2026-09-16T14:00,28.6,88,11.5,331.0,34.5,0.0,35.4,27.6,,0.522,Orange
Jagatsinghapur,1020991,20.2241,86.3542,2026-09-16T15:00,28.9,87,11.3,276.0,35.0,0.0,36.1,27.7,,0.539,Orange
Jagatsinghapur,1020991,20.2241,86.3542,2026-09-16T16:00,29.5,84,12.1,230.0,35.4,0.0,37.2,28.0,,0.564,Orange
Jagatsinghapur,1020991,20.2241,86.3542,2026-09-16T17:00,28.7,86,9.6,85.0,34.8,0.0,35.2,27.4,,0.512,Orange
Jagatsinghapur,1020991,20.2241,86.3542,2026-09-16T18:00,27.9,90,5.5,2.0,34.6,0.0,33.7,27.0,,0.474,Yellow
Jagatsinghapur,1020991,20.2241,86.3542,2026-09-16T19:00,27.6,92,4.3,0.0,34.4,0.0,33.2,26.9,,0.463,Yellow
Jagatsinghapur,1020991,20.2241,86.3542,2026-09-16T20:00,27.2,94,4.4,0.0,34.0,0.0,32.4,26.7,,0.444,Yellow
Jagatsinghapur,1020991,20.2241,86.3542,2026-09-16T21:00,26.9,95,4.6,0.0,33.6,0.0,31.7,26.5,,0.426,Yellow
Jagatsinghapur,1020991,20.2241,86.3542,2026-09-16T22:00,26.7,96,6.4,0.0,33.1,0.0,31.3,26.4,,0.416,Yellow
Jagatsinghapur,1020991,20.2241,86.3542,2026-09-16T23:00,26.5,96,7.8,0.0,32.5,0.0,29.8,26.2,,0.388,Yellow
Jagatsinghapur,1020991,20.2241,86.3542,2026-09-17T00:00,26.5,93,8.7,0.0,32.1,0.0,29.6,25.9,,0.373,Yellow
Jagatsinghapur,1020991,20.2241,86.3542,2026-09-17T01:00,26.3,94,8.7,0.0,31.9,0.0,29.0,25.8,,0.361,Yellow
Jagatsinghapur,1020991,20.2241,86.3542,2026-09-17T02:00,26.3,95,8.4,0.0,32.0,0.0,29.1,25.9,,0.366,Yellow
Jagatsinghapur,1020991,20.2241,86.3542,2026-09-17T03:00,26.2,96,7.6,0.0,32.1,0.0,28.9,25.9,,0.363,Yellow
Jagatsinghapur,1020991,20.2241,86.3542,2026-09-17T04:00,26.0,98,4.7,0.0,32.5,0.0,28.3,25.8,,0.355,Yellow
Jagatsinghapur,1020991,20.2241,86.3542,2026-09-17T05:00,25.7,96,6.1,0.0,31.5,0.0,27.4,25.4,,0.322,Yellow
Jagatsinghapur,1020991,20.2241,86.3542,2026-09-17T06:00,26.3,97,5.6,37.0,32.8,0.0,29.2,26.1,,0.377,Yellow
Jagatsinghapur,1020991,20.2241,86.3542,2026-09-17T07:00,28.0,91,9.9,193.0,34.3,0.0,34.2,27.2,,0.492,Yellow
Jagatsinghapur,1020991,20.2241,86.3542,2026-09-17T08:00,29.2,83,9.4,379.0,35.3,0.0,36.0,27.7,,0.535,Orange
Jagatsinghapur,1020991,20.2241,86.3542,2026-09-17T09:00,30.5,77,8.6,558.0,36.7,0.0,38.3,28.4,,0.596,Orange
Jagatsinghapur,1020991,20.2241,86.3542,2026-09-17T10:00,31.4,73,11.4,704.0,38.0,0.0,39.7,28.8,,0.632,Orange
Jagatsinghapur,1020991,20.2241,86.3542,2026-09-17T11:00,32.3,71,10.5,783.0,39.7,0.0,41.7,29.5,,0.688,Orange
Jagatsinghapur,1020991,20.2241,86.3542,2026-09-17T12:00,32.8,70,9.4,751.0,40.3,0.0,42.8,29.9,,0.719,Orange
Jagatsinghapur,1020991,20.2241,86.3542,2026-09-17T13:00,33.0,69,8.0,691.0,40.4,0.0,43.0,30.0,,0.726,Orange
Jagatsinghapur,1020991,20.2241,86.3542,2026-09-17T14:00,32.6,71,6.7,582.0,39.6,0.0,42.6,29.8,,0.713,Orange
Jagatsinghapur,1020991,20.2241,86.3542,2026-09-17T15:00,31.3,77,5.1,427.0,38.4,0.0,40.8,29.2,,0.664,Orange
Jagatsinghapur,1020991,20.2241,86.3542,2026-09-17T16:00,29.4,86,6.0,266.0,36.4,0.0,37.4,28.2,,0.575,Orange
Jagatsinghapur,1020991,20.2241,86.3542,2026-09-17T17:00,27.9,93,7.3,93.0,34.6,0.0,34.4,27.3,,0.497,Yellow
Jagatsinghapur,1020991,20.2241,86.3542,2026-09-17T18:00,27.2,96,5.4,1.0,34.1,0.0,32.8,26.9,,0.457,Yellow
Jagatsinghapur,1020991,20.2241,86.3542,2026-09-17T19:00,26.8,96,4.1,0.0,33.7,0.0,31.6,26.5,,0.424,Yellow
Jagatsinghapur,1020991,20.2241,86.3542,2026-09-17T20:00,26.5,96,6.1,0.0,32.9,0.0,29.8,26.2,,0.388,Yellow
Jagatsinghapur,1020991,20.2241,86.3542,2026-09-17T21:00,26.1,97,7.8,0.0,31.9,0.0,28.6,25.8,,0.359,Yellow
Jagatsinghapur,1020991,20.2241,86.3542,2026-09-17T22:00,25.7,96,9.6,0.0,31.0,0.0,27.4,25.4,,0.322,Yellow
Jagatsinghapur,1020991,20.2241,86.3542,2026-09-17T23:00,25.4,96,10.7,0.0,30.4,0.0,26.6,25.1,,0.298,Yellow
Nayagarh,883051,20.2015,85.0587,2026-09-13T00:00,24.1,96,4.7,0.0,29.1,0.0,23.3,23.8,,0.2,Green
Nayagarh,883051,20.2015,85.0587,2026-09-13T01:00,23.9,96,4.2,0.0,28.8,0.0,22.8,23.6,,0.185,Green
Nayagarh,883051,20.2015,85.0587,2026-09-13T02:00,23.8,95,4.9,0.0,28.5,0.0,22.7,23.4,,0.176,Green
Nayagarh,883051,20.2015,85.0587,2026-09-13T03:00,23.8,94,4.9,0.0,28.4,0.0,22.8,23.3,,0.173,Green
Nayagarh,883051,20.2015,85.0587,2026-09-13T04:00,23.7,94,4.2,0.0,28.4,0.0,22.6,23.2,,0.166,Green
Nayagarh,883051,20.2015,85.0587,2026-09-13T05:00,24.3,93,6.4,0.0,28.8,0.0,24.0,23.7,,0.206,Green
Nayagarh,883051,20.2015,85.0587,2026-09-13T06:00,25.0,93,6.1,36.0,30.1,0.0,25.6,24.4,,0.258,Yellow
Nayagarh,883051,20.2015,85.0587,2026-09-13T07:00,26.8,87,6.8,211.0,32.2,0.0,30.1,25.7,,0.372,Yellow
Nayagarh,883051,20.2015,85.0587,2026-09-13T08:00,27.9,82,11.0,397.0,32.7,0.0,32.2,26.3,,0.425,Yellow
Nayagarh,883051,20.2015,85.0587,2026-09-13T09:00,29.0,78,10.4,552.0,33.9,0.0,34.3,27.0,,0.484,Yellow
Nayagarh,883051,20.2015,85.0587,2026-09-13T10:00,29.8,77,8.9,676.0,36.1,0.0,36.3,27.8,,0.542,Orange
Nayagarh,883051,20.2015,85.0587,2026-09-13T11:00,30.3,75,7.9,737.0,37.2,0.0,37.1,28.1,,0.567,Orange
Nayagarh,883051,20.2015,85.0587,2026-09-13T12:00,29.1,82,11.6,798.0,36.0,0.0,35.5,27.6,,0.524,Orange
Nayagarh,883051,20.2015,85.0587,2026-09-13T13:00,26.8,92,6.7,488.0,32.7,0.0,30.9,26.3,,0.409,Yellow
Nayagarh,883051,20.2015,85.0587,2026-09-13T14:00,27.5,89,6.2,501.0,33.7,0.0,32.3,26.7,,0.446,Yellow
Nayagarh,883051,20.2015,85.0587,2026-09-13T15:00,28.5,87,4.8,522.0,35.2,0.0,34.8,27.6,,0.516,Orange
Nayagarh,883051,20.2015,85.0587,2026-09-13T16:00,27.3,92,7.1,264.0,33.6,0.0,32.3,26.7,,0.444,Yellow
Nayagarh,883051,20.2015,85.0587,2026-09-13T17:00,26.3,95,2.7,96.0,32.9,0.0,29.1,26.0,,0.37,Yellow
Nayagarh,883051,20.2015,85.0587,2026-09-13T18:00,25.7,99,0.9,4.0,32.6,0.0,27.4,25.6,,0.335,Yellow
Nayagarh,883051,20.2015,85.0587,2026-09-13T19:00,25.5,99,0.6,0.0,32.4,0.0,26.8,25.4,,0.318,Yellow
Nayagarh,883051,20.2015,85.0587,2026-09-13T20:00,25.4,100,0.5,0.0,32.3,0.0,26.5,25.4,,0.314,Yellow
Nayagarh,883051,20.2015,85.0587,2026-09-13T21:00,25.3,100,1.5,0.0,31.9,0.0,26.2,25.3,,0.305,Yellow
Nayagarh,883051,20.2015,85.0587,2026-09-13T22:00,25.1,100,2.2,0.0,31.6,0.0,25.6,25.1,,0.289,Yellow
Nayagarh,883051,20.2015,85.0587,2026-09-13T23:00,25.0,100,1.1,0.0,31.5,0.0,25.3,25.0,,0.281,Yellow
Nayagarh,883051,20.2015,85.0587,2026-09-14T00:00,25.0,100,0.5,0.0,31.5,0.0,25.3,25.0,,0.281,Yellow
Nayagarh,883051,20.2015,85.0587,2026-09-14T01:00,24.9,100,4.1,0.0,30.9,0.0,25.0,24.9,,0.273,Yellow
Nayagarh,883051,20.2015,85.0587,2026-09-14T02:00,24.9,100,3.0,0.0,31.1,0.0,25.0,24.9,,0.273,Yellow
Nayagarh,883051,20.2015,85.0587,2026-09-14T03:00,25.0,99,2.3,0.0,31.3,0.0,25.4,24.9,,0.277,Yellow
Nayagarh,883051,20.2015,85.0587,2026-09-14T04:00,24.9,100,1.3,0.0,31.4,0.0,25.0,24.9,,0.273,Yellow
Nayagarh,883051,20.2015,85.0587,2026-09-14T05:00,24.9,100,0.9,0.0,31.4,0.0,25.0,24.9,,0.273,Yellow
Nayagarh,883051,20.2015,85.0587,2026-09-14T06:00,25.1,99,1.8,20.0,31.5,0.0,25.7,25.1,,0.287,Yellow
Nayagarh,883051,20.2015,85.0587,2026-09-14T07:00,25.5,99,3.9,97.0,31.8,0.0,26.8,25.5,,0.321,Yellow
Nayagarh,883051,20.2015,85.0587,2026-09-14T08:00,26.3,96,3.4,281.0,32.9,0.0,29.2,26.2,,0.382,Yellow
Nayagarh,883051,20.2015,85.0587,2026-09-14T09:00,26.7,96,1.8,458.0,33.8,0.0,31.3,27.0,,0.443,Yellow
Nayagarh,883051,20.2015,85.0587,2026-09-14T10:00,27.0,96,0.8,576.0,34.6,0.0,32.2,27.9,,0.494,Yellow
Nayagarh,883051,20.2015,85.0587,2026-09-14T11:00,26.7,95,1.5,539.0,33.8,0.0,31.1,27.1,,0.445,Yellow
Nayagarh,883051,20.2015,85.0587,2026-09-14T12:00,27.3,90,4.9,538.0,33.7,0.0,31.9,26.7,,0.441,Yellow
Nayagarh,883051,20.2015,85.0587,2026-09-14T13:00,27.0,89,0.3,309.0,33.8,0.0,30.9,26.8,,0.429,Yellow
Nayagarh,883051,20.2015,85.0587,2026-09-14T14:00,27.2,90,2.6,335.0,33.8,0.0,31.6,26.6,,0.433,Yellow
Nayagarh,883051,20.2015,85.0587,2026-09-14T15:00,27.8,88,2.6,460.0,34.6,0.0,33.0,27.2,,0.473,Yellow
Nayagarh,883051,20.2015,85.0587,2026-09-14T16:00,28.1,87,1.3,308.0,35.1,0.0,33.6,27.4,,0.491,Yellow
Nayagarh,883051,20.2015,85.0587,2026-09-14T17:00,26.8,94,4.8,111.0,33.2,0.0,31.2,26.3,,0.415,Yellow
Nayagarh,883051,20.2015,85.0587,2026-09-14T18:00,25.9,97,3.5,5.0,32.3,0.0,28.0,25.7,,0.343,Yellow
Nayagarh,883051,20.2015,85.0587,2026-09-14T19:00,25.4,98,3.1,0.0,31.7,0.0,26.5,25.2,,0.306,Yellow
Nayagarh,883051,20.2015,85.0587,2026-09-14T20:00,25.1,99,2.8,0.0,31.3,0.0,25.7,25.0,,0.285,Yellow
Nayagarh,883051,20.2015,85.0587,2026-09-14T21:00,24.9,99,4.4,0.0,30.8,0.0,25.1,24.8,,0.269,Yellow
Nayagarh,883051,20.2015,85.0587,2026-09-14T22:00,24.8,99,4.2,0.0,30.7,0.0,24.8,24.7,,0.262,Yellow
Nayagarh,883051,20.2015,85.0587,2026-09-14T23:00,24.5,100,3.1,0.0,30.4,0.0,23.9,24.5,,0.241,Green
Nayagarh,883051,20.2015,85.0587,2026-09-15T00:00,24.4,100,2.9,0.0,30.2,0.0,23.7,24.4,,0.233,Green
Nayagarh,883051,20.2015,85.0587,2026-09-15T01:00,24.2,100,3.9,0.0,29.9,0.0,23.1,24.2,,0.217,Green
Nayagarh,883051,20.2015,85.0587,2026-09-15T02:00,24.2,100,4.4,0.0,29.7,0.0,23.1,24.2,,0.217,Green
Nayagarh,883051,20.2015,85.0587,2026-09-15T03:00,24.2,100,4.2,0.0,29.7,0.0,23.1,24.2,,0.217,Green
Nayagarh,883051,20.2015,85.0587,2026-09-15T04:00,24.2,100,3.6,0.0,29.8,0.0,23.1,24.2,,0.217,Green
Nayagarh,883051,20.2015,85.0587,2026-09-15T05:00,24.2,100,2.7,0.0,29.9,0.0,23.1,24.2,,0.217,Green
Nayagarh,883051,20.2015,85.0587,2026-09-15T06:00,24.5,99,4.8,29.0,30.0,0.0,24.0,24.5,,0.239,Green
Nayagarh,883051,20.2015,85.0587,2026-09-15T07:00,25.8,91,5.9,155.0,31.1,0.0,27.6,25.1,,0.312,Yellow
Nayagarh,883051,20.2015,85.0587,2026-09-15T08:00,27.1,84,4.7,334.0,32.6,0.0,30.4,25.8,,0.381,Yellow
Nayagarh,883051,20.2015,85.0587,2026-09-15T09:00,28.7,76,4.1,563.0,34.3,0.0,33.1,26.8,,0.458,Yellow
Nayagarh,883051,20.2015,85.0587,2026-09-15T10:00,29.6,73,4.6,676.0,36.0,0.0,34.8,27.3,,0.504,Orange
Nayagarh,883051,20.2015,85.0587,2026-09-15T11:00,30.5,72,4.7,866.0,38.4,0.0,36.8,28.2,,0.569,Orange
Nayagarh,883051,20.2015,85.0587,2026-09-15T12:00,31.0,71,4.9,892.0,39.2,0.0,37.9,28.6,,0.599,Orange
Nayagarh,883051,20.2015,85.0587,2026-09-15T13:00,30.8,73,5.4,833.0,38.7,0.0,38.0,28.5,,0.597,Orange
Nayagarh,883051,20.2015,85.0587,2026-09-15T14:00,30.7,73,5.1,674.0,37.6,0.0,37.7,28.4,,0.586,Orange
Nayagarh,883051,20.2015,85.0587,2026-09-15T15:00,29.0,79,6.8,462.0,34.6,0.0,34.5,27.2,,0.493,Yellow
Nayagarh,883051,20.2015,85.0587,2026-09-15T16:00,27.7,85,8.4,204.0,33.1,0.0,32.1,26.3,,0.427,Yellow
Nayagarh,883051,20.2015,85.0587,2026-09-15T17:00,26.9,91,7.2,102.0,32.7,0.0,31.0,26.1,,0.402,Yellow
Nayagarh,883051,20.2015,85.0587,2026-09-15T18:00,26.0,96,5.7,5.0,32.1,0.0,28.3,25.7,,0.346,Yellow
Nayagarh,883051,20.2015,85.0587,2026-09-15T19:00,25.7,97,6.0,0.0,31.6,0.0,27.4,25.4,,0.326,Yellow
Nayagarh,883051,20.2015,85.0587,2026-09-15T20:00,25.4,97,4.3,0.0,31.4,0.0,26.5,25.1,,0.302,Yellow
Nayagarh,883051,20.2015,85.0587,2026-09-15T21:00,25.1,99,6.0,0.0,30.9,0.0,25.7,25.0,,0.285,Yellow
Nayagarh,883051,20.2015,85.0587,2026-09-15T22:00,24.9,98,5.6,0.0,30.5,0.0,25.1,24.7,,0.266,Yellow
Nayagarh,883051,20.2015,85.0587,2026-09-15T23:00,24.6,98,5.5,0.0,30.0,0.0,24.3,24.4,,0.243,Green
Nayagarh,883051,20.2015,85.0587,2026-09-16T00:00,24.6,97,5.6,0.0,29.8,0.0,24.4,24.3,,0.24,Green
Nayagarh,883051,20.2015,85.0587,2026-09-16T01:00,24.5,96,4.2,0.0,29.8,0.0,24.2,24.2,,0.229,Green
Nayagarh,883051,20.2015,85.0587,2026-09-16T02:00,24.3,97,4.8,0.0,29.5,0.0,23.6,24.0,,0.217,Green
Nayagarh,883051,20.2015,85.0587,2026-09-16T03:00,24.2,97,4.7,0.0,29.4,0.0,23.4,23.9,,0.21,Green
Nayagarh,883051,20.2015,85.0587,2026-09-16T04:00,24.0,98,2.7,0.0,29.5,0.0,22.8,23.8,,0.197,Green
Nayagarh,883051,20.2015,85.0587,2026-09-16T05:00,23.9,99,3.4,0.0,29.3,0.0,22.5,23.8,,0.192,Green
Nayagarh,883051,20.2015,85.0587,2026-09-16T06:00,24.7,96,3.9,36.0,30.3,0.0,24.7,24.4,,0.245,Green
Nayagarh,883051,20.2015,85.0587,2026-09-16T07:00,26.4,91,3.2,200.0,32.4,0.0,29.1,25.8,,0.363,Yellow
Nayagarh,883051,20.2015,85.0587,2026-09-16T08:00,27.9,86,1.9,400.0,34.5,0.0,32.8,27.1,,0.469,Yellow
Nayagarh,883051,20.2015,85.0587,2026-09-16T09:00,29.3,81,2.4,598.0,36.5,0.0,35.8,28.1,,0.551,Orange
Nayagarh,883051,20.2015,85.0587,2026-09-16T10:00,30.3,77,2.4,745.0,38.5,0.0,37.7,28.8,,0.606,Orange
Nayagarh,883051,20.2015,85.0587,2026-09-16T11:00,31.2,73,2.2,861.0,40.2,0.0,39.1,29.5,,0.652,Orange
Nayagarh,883051,20.2015,85.0587,2026-09-16T12:00,31.2,73,2.4,838.0,40.0,0.0,39.1,29.4,,0.648,Orange
Nayagarh,883051,20.2015,85.0587,2026-09-16T13:00,30.2,77,4.1,635.0,37.2,0.0,37.4,28.4,,0.583,Orange
Nayagarh,883051,20.2015,85.0587,2026-09-16T14:00,26.0,98,12.4,374.0,31.4,0.0,28.3,26.0,,0.36,Yellow
Nayagarh,883051,20.2015,85.0587,2026-09-16T15:00,25.5,97,5.3,323.0,31.4,0.0,26.8,25.5,,0.319,Yellow
Nayagarh,883051,20.2015,85.0587,2026-09-16T16:00,26.1,95,4.1,242.0,32.4,0.0,28.5,25.8,,0.358,Yellow
Nayagarh,883051,20.2015,85.0587,2026-09-16T17:00,25.9,95,3.6,99.0,32.1,0.0,27.9,25.5,,0.337,Yellow
Nayagarh,883051,20.2015,85.0587,2026-09-16T18:00,25.4,99,2.3,5.0,31.9,0.0,26.5,25.3,,0.31,Yellow
Nayagarh,883051,20.2015,85.0587,2026-09-16T19:00,25.4,99,4.5,0.0,31.5,0.0,26.5,25.3,,0.31,Yellow
Nayagarh,883051,20.2015,85.0587,2026-09-16T20:00,25.2,99,4.1,0.0,31.4,0.0,25.9,25.1,,0.294,Yellow
Nayagarh,883051,20.2015,85.0587,2026-09-16T21:00,25.1,99,4.3,0.0,31.2,0.0,25.7,25.0,,0.285,Yellow
Nayagarh,883051,20.2015,85.0587,2026-09-16T22:00,25.0,99,5.0,0.0,30.8,0.0,25.4,24.9,,0.277,Yellow
Nayagarh,883051,20.2015,85.0587,2026-09-16T23:00,24.8,98,4.7,0.0,30.5,0.0,24.9,24.6,,0.258,Yellow
Nayagarh,883051,20.2015,85.0587,2026-09-17T00:00,24.7,98,5.9,0.0,30.1,0.0,24.6,24.5,,0.251,Yellow
Nayagarh,883051,20.2015,85.0587,2026-09-17T01:00,24.6,98,6.0,0.0,29.9,0.0,24.3,24.4,,0.243,Green
Nayagarh,883051,20.2015,85.0587,2026-09-17T02:00,24.5,98,4.9,0.0,29.9,0.0,24.1,24.3,,0.235,Green
Nayagarh,883051,20.2015,85.0587,2026-09-17T03:00,24.3,99,3.2,0.0,29.9,0.0,23.5,24.2,,0.223,Green
Nayagarh,883051,20.2015,85.0587,2026-09-17T04:00,24.2,99,2.7,0.0,29.9,0.0,23.2,24.1,,0.215,Green
Nayagarh,883051,20.2015,85.0587,2026-09-17T05:00,24.2,99,5.4,0.0,29.5,0.0,23.2,24.1,,0.215,Green
Nayagarh,883051,20.2015,85.0587,2026-09-17T06:00,25.0,97,4.4,37.0,30.7,0.0,25.4,24.8,,0.272,Yellow
Nayagarh,883051,20.2015,85.0587,2026-09-17T07:00,26.4,93,4.4,204.0,32.6,0.0,29.3,25.9,,0.371,Yellow
Nayagarh,883051,20.2015,85.0587,2026-09-17T08:00,28.0,86,4.3,415.0,34.4,0.0,33.1,27.0,,0.467,Yellow
Nayagarh,883051,20.2015,85.0587,2026-09-17T09:00,29.5,79,4.4,612.0,36.3,0.0,35.9,27.9,,0.541,Orange
Nayagarh,883051,20.2015,85.0587,2026-09-17T10:00,30.7,74,5.5,745.0,38.1,0.0,38.0,28.5,,0.595,Orange
Nayagarh,883051,20.2015,85.0587,2026-09-17T11:00,31.4,72,6.2,831.0,39.5,0.0,39.4,28.9,,0.633,Orange
Nayagarh,883051,20.2015,85.0587,2026-09-17T12:00,31.1,74,6.5,803.0,39.0,0.0,39.1,28.8,,0.626,Orange
Nayagarh,883051,20.2015,85.0587,2026-09-17T13:00,30.1,80,6.7,720.0,37.6,0.0,38.0,28.5,,0.595,Orange
Nayagarh,883051,20.2015,85.0587,2026-09-17T14:00,29.1,85,6.5,583.0,35.9,0.0,36.2,27.9,,0.549,Orange
Nayagarh,883051,20.2015,85.0587,2026-09-17T15:00,28.3,90,5.2,390.0,35.2,0.0,34.9,27.6,,0.518,Orange
Nayagarh,883051,20.2015,85.0587,2026-09-17T16:00,27.5,95,4.5,241.0,34.7,0.0,33.5,27.2,,0.483,Yellow
Nayagarh,883051,20.2015,85.0587,2026-09-17T17:00,26.8,98,5.3,92.0,33.8,0.0,31.9,26.7,,0.439,Yellow
Nayagarh,883051,20.2015,85.0587,2026-09-17T18:00,26.2,99,5.7,2.0,32.9,0.0,29.0,26.1,,0.377,Yellow
Nayagarh,883051,20.2015,85.0587,2026-09-17T19:00,25.7,99,6.0,0.0,31.9,0.0,27.4,25.6,,0.335,Yellow
Nayagarh,883051,20.2015,85.0587,2026-09-17T20:00,25.3,98,6.7,0.0,31.0,0.0,26.3,25.1,,0.298,Yellow
Nayagarh,883051,20.2015,85.0587,2026-09-17T21:00,25.1,97,7.4,0.0,30.5,0.0,25.7,24.8,,0.278,Yellow
Nayagarh,883051,20.2015,85.0587,2026-09-17T22:00,25.0,97,8.0,0.0,30.2,0.0,25.4,24.7,,0.271,Yellow
Nayagarh,883051,20.2015,85.0587,2026-09-17T23:00,24.9,97,7.5,0.0,30.1,0.0,25.2,24.6,,0.263,Yellow
Rayagada,820945,19.3474,83.498,2026-09-13T00:00,23.0,97,4.5,0.0,27.6,0.0,20.7,22.7,,0.124,Green
Rayagada,820945,19.3474,83.498,2026-09-13T01:00,22.8,98,3.1,0.0,27.4,0.0,20.2,22.6,,0.111,Green
Rayagada,820945,19.3474,83.498,2026-09-13T02:00,22.7,98,3.3,0.0,27.2,0.0,20.0,22.5,,0.105,Green
Rayagada,820945,19.3474,83.498,2026-09-13T03:00,22.6,97,2.9,0.0,27.1,0.0,20.0,22.3,,0.097,Green
Rayagada,820945,19.3474,83.498,2026-09-13T04:00,22.6,97,2.8,0.0,27.2,0.0,20.0,22.3,,0.097,Green
Rayagada,820945,19.3474,83.498,2026-09-13T05:00,22.8,97,3.8,0.0,27.3,0.0,20.3,22.5,,0.11,Green
Rayagada,820945,19.3474,83.498,2026-09-13T06:00,23.1,96,4.3,11.0,27.6,0.0,21.1,22.8,,0.129,Green
Rayagada,820945,19.3474,83.498,2026-09-13T07:00,23.7,94,4.7,71.0,28.2,0.0,22.6,23.2,,0.169,Green
Rayagada,820945,19.3474,83.498,2026-09-13T08:00,24.4,91,7.1,180.0,28.7,0.0,24.3,23.7,,0.211,Green
Rayagada,820945,19.3474,83.498,2026-09-13T09:00,26.0,82,9.7,395.0,29.8,0.0,27.7,24.4,,0.289,Yellow
Rayagada,820945,19.3474,83.498,2026-09-13T10:00,27.2,74,10.0,449.0,30.8,0.0,29.6,24.8,,0.33,Yellow
Rayagada,820945,19.3474,83.498,2026-09-13T11:00,29.1,69,6.5,727.0,34.5,0.0,32.8,26.3,,0.436,Yellow
Rayagada,820945,19.3474,83.498,2026-09-13T12:00,29.4,69,8.4,824.0,35.3,0.0,33.4,26.6,,0.455,Yellow
Rayagada,820945,19.3474,83.498,2026-09-13T13:00,26.8,86,10.8,741.0,32.5,0.0,29.9,25.7,,0.371,Yellow
Rayagada,820945,19.3474,83.498,2026-09-13T14:00,25.8,91,5.9,343.0,31.2,0.0,27.6,25.2,,0.317,Yellow
Rayagada,820945,19.3474,83.498,2026-09-13T15:00,25.5,90,7.4,350.0,30.4,0.0,26.8,24.7,,0.289,Yellow
Rayagada,820945,19.3474,83.498,2026-09-13T16:00,25.5,91,5.5,356.0,30.6,0.0,26.8,24.9,,0.295,Yellow
Rayagada,820945,19.3474,83.498,2026-09-13T17:00,25.4,93,3.5,127.0,31.1,0.0,26.6,24.9,,0.291,Yellow
Rayagada,820945,19.3474,83.498,2026-09-13T18:00,24.7,96,2.3,6.0,30.5,0.0,24.7,24.4,,0.245,Green
Rayagada,820945,19.3474,83.498,2026-09-13T19:00,24.4,96,2.3,0.0,29.9,0.0,24.0,24.1,,0.222,Green
Rayagada,820945,19.3474,83.498,2026-09-13T20:00,24.1,96,1.3,0.0,29.7,0.0,23.3,23.8,,0.2,Green
Rayagada,820945,19.3474,83.498,2026-09-13T21:00,23.8,97,0.7,0.0,29.4,0.0,22.5,23.5,,0.18,Green
Rayagada,820945,19.3474,83.498,2026-09-13T22:00,23.6,98,0.3,0.0,29.1,0.0,21.9,23.4,,0.168,Green
Rayagada,820945,19.3474,83.498,2026-09-13T23:00,23.1,100,0.7,0.0,28.5,0.0,20.4,23.1,,0.135,Green
Rayagada,820945,19.3474,83.498,2026-09-14T00:00,23.0,100,0.4,0.0,28.4,0.0,20.2,23.0,,0.128,Green
Rayagada,820945,19.3474,83.498,2026-09-14T01:00,22.8,100,1.0,0.0,27.9,0.0,19.8,22.8,,0.117,Green
Rayagada,820945,19.3474,83.498,2026-09-14T02:00,22.8,100,0.4,0.0,28.0,0.0,19.8,22.8,,0.117,Green
Rayagada,820945,19.3474,83.498,2026-09-14T03:00,22.9,100,0.8,0.0,28.1,0.0,20.0,22.9,,0.121,Green
Rayagada,820945,19.3474,83.498,2026-09-14T04:00,23.0,99,0.3,0.0,28.3,0.0,20.4,22.9,,0.127,Green
Rayagada,820945,19.3474,83.498,2026-09-14T05:00,22.9,99,0.0,0.0,28.3,0.0,20.2,22.8,,0.12,Green
Rayagada,820945,19.3474,83.498,2026-09-14T06:00,22.9,100,1.4,19.0,28.1,0.0,20.0,23.0,,0.122,Green
Rayagada,820945,19.3474,83.498,2026-09-14T07:00,24.1,93,2.1,139.0,29.2,0.0,23.5,23.7,,0.199,Green
Rayagada,820945,19.3474,83.498,2026-09-14T08:00,25.5,85,3.1,330.0,30.5,0.0,26.8,24.4,,0.275,Yellow
Rayagada,820945,19.3474,83.498,2026-09-14T09:00,27.3,75,2.4,546.0,32.0,0.0,29.9,25.5,,0.362,Yellow
Rayagada,820945,19.3474,83.498,2026-09-14T10:00,28.7,71,1.8,762.0,35.3,0.0,32.3,26.9,,0.451,Yellow
Rayagada,820945,19.3474,83.498,2026-09-14T11:00,29.8,67,1.9,888.0,37.3,0.0,33.9,27.6,,0.504,Orange
Rayagada,820945,19.3474,83.498,2026-09-14T12:00,30.6,65,2.2,909.0,38.4,0.0,35.2,28.1,,0.541,Orange
Rayagada,820945,19.3474,83.498,2026-09-14T13:00,30.9,63,1.6,851.0,38.2,0.0,35.4,28.3,,0.552,Orange
Rayagada,820945,19.3474,83.498,2026-09-14T14:00,30.8,64,4.4,747.0,36.9,0.0,35.4,27.6,,0.522,Orange
Rayagada,820945,19.3474,83.498,2026-09-14T15:00,29.0,72,5.2,505.0,33.9,0.0,33.1,26.5,,0.447,Yellow
Rayagada,820945,19.3474,83.498,2026-09-14T16:00,26.5,84,1.7,258.0,32.1,0.0,28.9,25.4,,0.344,Yellow
Rayagada,820945,19.3474,83.498,2026-09-14T17:00,25.4,92,5.2,118.0,30.7,0.0,26.6,24.7,,0.286,Yellow
Rayagada,820945,19.3474,83.498,2026-09-14T18:00,24.8,96,3.3,8.0,30.4,0.0,25.0,24.5,,0.252,Yellow
Rayagada,820945,19.3474,83.498,2026-09-14T19:00,24.5,96,2.7,0.0,30.2,0.0,24.2,24.2,,0.229,Green
Rayagada,820945,19.3474,83.498,2026-09-14T20:00,24.2,96,3.8,0.0,29.5,0.0,23.5,23.9,,0.207,Green
Rayagada,820945,19.3474,83.498,2026-09-14T21:00,23.8,96,4.2,0.0,28.8,0.0,22.6,23.5,,0.178,Green
Rayagada,820945,19.3474,83.498,2026-09-14T22:00,23.7,96,1.2,0.0,29.0,0.0,22.4,23.4,,0.171,Green
Rayagada,820945,19.3474,83.498,2026-09-14T23:00,23.6,95,0.5,0.0,28.9,0.0,22.3,23.2,,0.162,Green
Rayagada,820945,19.3474,83.498,2026-09-15T00:00,23.4,96,0.7,0.0,28.6,0.0,21.7,23.1,,0.15,Green
Rayagada,820945,19.3474,83.498,2026-09-15T01:00,23.1,97,0.3,0.0,28.4,0.0,20.9,22.8,,0.131,Green
Rayagada,820945,19.3474,83.498,2026-09-15T02:00,22.8,99,0.2,0.0,28.0,0.0,20.0,22.7,,0.113,Green
Rayagada,820945,19.3474,83.498,2026-09-15T03:00,22.6,100,0.0,0.0,27.8,0.0,19.4,22.6,,0.109,Green
Rayagada,820945,19.3474,83.498,2026-09-15T04:00,22.5,100,0.3,0.0,27.7,0.0,19.1,22.5,,0.104,Green
Rayagada,820945,19.3474,83.498,2026-09-15T05:00,22.6,100,0.2,0.0,27.7,0.0,19.4,22.6,,0.109,Green
Rayagada,820945,19.3474,83.498,2026-09-15T06:00,22.8,98,0.7,22.0,27.9,0.0,20.2,22.7,,0.114,Green
Rayagada,820945,19.3474,83.498,2026-09-15T07:00,23.5,95,2.5,142.0,28.4,0.0,22.1,23.2,,0.162,Green
Rayagada,820945,19.3474,83.498,2026-09-15T08:00,25.2,88,2.9,339.0,30.3,0.0,26.1,24.4,,0.267,Yellow
Rayagada,820945,19.3474,83.498,2026-09-15T09:00,27.0,80,4.3,502.0,31.9,0.0,29.7,25.5,,0.358,Yellow
Rayagada,820945,19.3474,83.498,2026-09-15T10:00,28.7,75,2.3,759.0,35.6,0.0,33.0,27.1,,0.471,Yellow
Rayagada,820945,19.3474,83.498,2026-09-15T11:00,30.0,70,2.3,885.0,37.9,0.0,35.0,28.0,,0.535,Orange
Rayagada,820945,19.3474,83.498,2026-09-15T12:00,30.7,67,3.7,895.0,38.4,0.0,36.0,28.0,,0.549,Orange
Rayagada,820945,19.3474,83.498,2026-09-15T13:00,30.6,66,5.1,723.0,36.7,0.0,35.5,27.5,,0.521,Orange
Rayagada,820945,19.3474,83.498,2026-09-15T14:00,27.2,83,7.1,621.0,32.7,0.0,30.5,25.9,,0.386,Yellow
Rayagada,820945,19.3474,83.498,2026-09-15T15:00,27.8,82,2.1,490.0,33.9,0.0,31.9,26.7,,0.438,Yellow
Rayagada,820945,19.3474,83.498,2026-09-15T16:00,27.6,87,1.4,251.0,34.2,0.0,32.2,26.8,,0.446,Yellow
Rayagada,820945,19.3474,83.498,2026-09-15T17:00,26.4,92,2.7,119.0,32.7,0.0,29.2,25.8,,0.365,Yellow
Rayagada,820945,19.3474,83.498,2026-09-15T18:00,25.4,97,2.7,7.0,31.7,0.0,26.5,25.2,,0.302,Yellow
Rayagada,820945,19.3474,83.498,2026-09-15T19:00,25.1,97,2.9,0.0,31.0,0.0,25.7,24.8,,0.278,Yellow
Rayagada,820945,19.3474,83.498,2026-09-15T20:00,25.0,96,1.3,0.0,31.1,0.0,25.5,24.7,,0.267,Yellow
Rayagada,820945,19.3474,83.498,2026-09-15T21:00,24.6,96,1.4,0.0,30.4,0.0,24.5,24.3,,0.237,Green
Rayagada,820945,19.3474,83.498,2026-09-15T22:00,24.4,96,1.1,0.0,30.1,0.0,24.0,24.1,,0.222,Green
Rayagada,820945,19.3474,83.498,2026-09-15T23:00,24.0,97,0.7,0.0,29.7,0.0,22.9,23.7,,0.195,Green
Rayagada,820945,19.3474,83.498,2026-09-16T00:00,23.6,99,0.4,0.0,29.3,0.0,21.7,23.5,,0.17,Green
Rayagada,820945,19.3474,83.498,2026-09-16T01:00,23.2,99,0.5,0.0,28.7,0.0,20.8,23.1,,0.141,Green
Rayagada,820945,19.3474,83.498,2026-09-16T02:00,22.8,100,0.7,0.0,28.0,0.0,19.8,22.8,,0.117,Green
Rayagada,820945,19.3474,83.498,2026-09-16T03:00,22.8,100,1.9,0.0,27.8,0.0,19.8,22.8,,0.117,Green
Rayagada,820945,19.3474,83.498,2026-09-16T04:00,22.6,100,1.3,0.0,27.6,0.0,19.4,22.6,,0.109,Green
Rayagada,820945,19.3474,83.498,2026-09-16T05:00,22.7,100,0.7,0.0,27.9,0.0,19.6,22.7,,0.113,Green
Rayagada,820945,19.3474,83.498,2026-09-16T06:00,22.8,100,2.2,24.0,27.8,0.0,19.8,22.9,,0.118,Green
Rayagada,820945,19.3474,83.498,2026-09-16T07:00,24.2,94,1.8,160.0,29.5,0.0,23.7,23.9,,0.211,Green
Rayagada,820945,19.3474,83.498,2026-09-16T08:00,26.0,87,3.4,344.0,31.3,0.0,27.9,25.1,,0.319,Yellow
Rayagada,820945,19.3474,83.498,2026-09-16T09:00,27.9,80,2.1,581.0,33.9,0.0,31.9,26.7,,0.438,Yellow
Rayagada,820945,19.3474,83.498,2026-09-16T10:00,29.4,74,2.8,795.0,36.9,0.0,34.5,27.6,,0.512,Orange
Rayagada,820945,19.3474,83.498,2026-09-16T11:00,30.1,71,2.9,847.0,37.9,0.0,35.5,28.0,,0.542,Orange
Rayagada,820945,19.3474,83.498,2026-09-16T12:00,30.4,71,3.9,770.0,37.6,0.0,36.3,28.0,,0.554,Orange
Rayagada,820945,19.3474,83.498,2026-09-16T13:00,27.6,80,8.7,776.0,33.7,0.0,31.1,26.0,,0.399,Yellow
Rayagada,820945,19.3474,83.498,2026-09-16T14:00,25.9,93,9.1,377.0,31.0,0.0,27.9,25.4,,0.331,Yellow
Rayagada,820945,19.3474,83.498,2026-09-16T15:00,27.1,86,4.0,446.0,32.9,0.0,30.7,26.1,,0.398,Yellow
Rayagada,820945,19.3474,83.498,2026-09-16T16:00,27.1,84,3.9,296.0,32.8,0.0,30.4,25.8,,0.382,Yellow
Rayagada,820945,19.3474,83.498,2026-09-16T17:00,26.2,89,3.8,119.0,31.8,0.0,28.5,25.3,,0.334,Yellow
Rayagada,820945,19.3474,83.498,2026-09-16T18:00,25.4,91,0.5,8.0,31.3,0.0,26.6,24.6,,0.28,Yellow
Rayagada,820945,19.3474,83.498,2026-09-16T19:00,25.0,94,3.1,0.0,30.6,0.0,25.5,24.5,,0.26,Yellow
Rayagada,820945,19.3474,83.498,2026-09-16T20:00,24.6,96,3.8,0.0,30.1,0.0,24.5,24.3,,0.237,Green
Rayagada,820945,19.3474,83.498,2026-09-16T21:00,24.3,98,2.6,0.0,30.0,0.0,23.6,24.1,,0.22,Green
Rayagada,820945,19.3474,83.498,2026-09-16T22:00,23.8,99,2.7,0.0,29.3,0.0,22.2,23.7,,0.185,Green
Rayagada,820945,19.3474,83.498,2026-09-16T23:00,23.6,99,1.0,0.0,29.2,0.0,21.7,23.5,,0.17,Green
Rayagada,820945,19.3474,83.498,2026-09-17T00:00,23.3,99,0.2,0.0,28.9,0.0,21.1,23.2,,0.148,Green
Rayagada,820945,19.3474,83.498,2026-09-17T01:00,23.1,100,0.5,0.0,28.5,0.0,20.4,23.1,,0.135,Green
Rayagada,820945,19.3474,83.498,2026-09-17T02:00,22.7,100,1.3,0.0,27.8,0.0,19.6,22.7,,0.113,Green
Rayagada,820945,19.3474,83.498,2026-09-17T03:00,22.5,99,2.0,0.0,27.4,0.0,19.4,22.4,,0.101,Green
Rayagada,820945,19.3474,83.498,2026-09-17T04:00,22.3,99,0.2,0.0,27.3,0.0,19.0,22.2,,0.092,Green
Rayagada,820945,19.3474,83.498,2026-09-17T05:00,22.3,99,1.8,0.0,27.0,0.0,19.0,22.2,,0.092,Green
Rayagada,820945,19.3474,83.498,2026-09-17T06:00,22.6,99,2.3,23.0,27.4,0.0,19.6,22.6,,0.106,Green
Rayagada,820945,19.3474,83.498,2026-09-17T07:00,24.4,96,1.1,165.0,30.1,0.0,24.0,24.4,,0.235,Green
Rayagada,820945,19.3474,83.498,2026-09-17T08:00,26.7,85,2.4,400.0,32.4,0.0,29.5,25.7,,0.367,Yellow
Rayagada,820945,19.3474,83.498,2026-09-17T09:00,28.4,76,4.5,597.0,33.9,0.0,32.4,26.5,,0.436,Yellow
Rayagada,820945,19.3474,83.498,2026-09-17T10:00,29.6,70,7.7,736.0,35.5,0.0,34.1,26.9,,0.476,Yellow
Rayagada,820945,19.3474,83.498,2026-09-17T11:00,30.7,65,8.8,860.0,37.0,0.0,35.4,27.4,,0.515,Orange
Rayagada,820945,19.3474,83.498,2026-09-17T12:00,31.4,62,9.7,851.0,37.3,0.0,36.3,27.7,,0.538,Orange
Rayagada,820945,19.3474,83.498,2026-09-17T13:00,31.7,60,9.7,800.0,37.2,0.0,36.4,27.7,,0.54,Orange
Rayagada,820945,19.3474,83.498,2026-09-17T14:00,31.6,60,9.2,689.0,36.5,0.0,36.2,27.6,,0.532,Orange
Rayagada,820945,19.3474,83.498,2026-09-17T15:00,30.9,65,8.0,520.0,35.5,0.0,35.9,27.4,,0.524,Orange
Rayagada,820945,19.3474,83.498,2026-09-17T16:00,29.9,72,6.5,341.0,35.2,0.0,35.3,27.2,,0.506,Orange
Rayagada,820945,19.3474,83.498,2026-09-17T17:00,28.7,79,5.2,145.0,34.5,0.0,33.7,26.7,,0.465,Yellow
Rayagada,820945,19.3474,83.498,2026-09-17T18:00,27.2,85,4.6,6.0,33.0,0.0,30.7,25.8,,0.385,Yellow
Rayagada,820945,19.3474,83.498,2026-09-17T19:00,25.6,91,4.3,0.0,31.1,0.0,27.1,24.8,,0.294,Yellow
Rayagada,820945,19.3474,83.498,2026-09-17T20:00,24.3,96,3.7,0.0,29.6,0.0,23.7,24.0,,0.214,Green
Rayagada,820945,19.3474,83.498,2026-09-17T21:00,23.8,98,2.3,0.0,29.2,0.0,22.3,23.6,,0.183,Green
Rayagada,820945,19.3474,83.498,2026-09-17T22:00,23.6,99,0.7,0.0,29.2,0.0,21.7,23.5,,0.17,Green
Rayagada,820945,19.3474,83.498,2026-09-17T23:00,23.5,99,1.1,0.0,29.0,0.0,21.5,23.4,,0.163,Green
Kandhamal,660831,20.0262,84.0094,2026-09-13T00:00,21.8,92,12.2,0.0,24.2,0.0,19.7,21.1,,0.046,Green
Kandhamal,660831,20.0262,84.0094,2026-09-13T01:00,21.7,91,11.0,0.0,24.1,0.0,19.8,20.9,,0.038,Green
Kandhamal,660831,20.0262,84.0094,2026-09-13T02:00,21.8,91,9.9,0.0,24.3,0.0,19.9,21.0,,0.042,Green
Kandhamal,660831,20.0262,84.0094,2026-09-13T03:00,22.0,90,9.7,0.0,24.7,0.0,20.4,21.1,,0.052,Green
Kandhamal,660831,20.0262,84.0094,2026-09-13T04:00,22.0,91,10.4,0.0,24.6,0.0,20.2,21.2,,0.053,Green
Kandhamal,660831,20.0262,84.0094,2026-09-13T05:00,22.4,89,13.3,0.0,24.6,0.0,21.1,21.4,,0.074,Green
Kandhamal,660831,20.0262,84.0094,2026-09-13T06:00,22.8,89,12.3,29.0,25.4,0.0,21.7,21.8,,0.099,Green
Kandhamal,660831,20.0262,84.0094,2026-09-13T07:00,24.3,86,9.4,192.0,27.7,0.0,24.4,23.1,,0.188,Green
Kandhamal,660831,20.0262,84.0094,2026-09-13T08:00,25.5,82,9.1,374.0,29.2,0.0,26.8,24.0,,0.256,Yellow
Kandhamal,660831,20.0262,84.0094,2026-09-13T09:00,26.7,75,9.7,543.0,30.2,0.0,28.7,24.5,,0.304,Yellow
Kandhamal,660831,20.0262,84.0094,2026-09-13T10:00,27.8,68,10.2,699.0,31.8,0.0,30.0,24.9,,0.338,Yellow
Kandhamal,660831,20.0262,84.0094,2026-09-13T11:00,29.2,58,9.3,877.0,33.7,0.0,31.1,25.2,,0.364,Yellow
Kandhamal,660831,20.0262,84.0094,2026-09-13T12:00,29.3,58,9.7,915.0,34.0,0.0,31.2,25.3,,0.37,Yellow
Kandhamal,660831,20.0262,84.0094,2026-09-13T13:00,28.9,60,8.6,767.0,33.0,0.0,30.9,25.1,,0.359,Yellow
Kandhamal,660831,20.0262,84.0094,2026-09-13T14:00,28.8,59,6.8,629.0,32.2,0.0,30.6,24.9,,0.346,Yellow
Kandhamal,660831,20.0262,84.0094,2026-09-13T15:00,25.1,82,10.7,345.0,28.4,0.0,26.0,23.5,,0.228,Green
Kandhamal,660831,20.0262,84.0094,2026-09-13T16:00,25.3,86,3.2,284.0,30.3,0.0,26.4,24.3,,0.263,Yellow
Kandhamal,660831,20.0262,84.0094,2026-09-13T17:00,25.2,88,4.7,138.0,30.0,0.0,26.1,24.2,,0.257,Yellow
Kandhamal,660831,20.0262,84.0094,2026-09-13T18:00,24.4,92,2.7,5.0,29.6,0.0,24.2,23.7,,0.21,Green
Kandhamal,660831,20.0262,84.0094,2026-09-13T19:00,24.1,93,2.2,0.0,29.3,0.0,23.5,23.5,,0.192,Green
Kandhamal,660831,20.0262,84.0094,2026-09-13T20:00,23.8,94,2.9,0.0,28.8,0.0,22.8,23.3,,0.173,Green
Kandhamal,660831,20.0262,84.0094,2026-09-13T21:00,23.2,94,3.3,0.0,27.9,0.0,21.6,22.7,,0.132,Green
Kandhamal,660831,20.0262,84.0094,2026-09-13T22:00,22.8,95,5.4,0.0,26.9,0.0,20.7,22.4,,0.107,Green
Kandhamal,660831,20.0262,84.0094,2026-09-13T23:00,22.5,94,6.0,0.0,26.3,0.0,20.4,22.0,,0.087,Green
Kandhamal,660831,20.0262,84.0094,2026-09-14T00:00,22.6,93,5.6,0.0,26.4,0.0,20.7,22.0,,0.092,Green
Kandhamal,660831,20.0262,84.0094,2026-09-14T01:00,22.6,93,5.2,0.0,26.4,0.0,20.7,22.0,,0.092,Green
Kandhamal,660831,20.0262,84.0094,2026-09-14T02:00,21.9,95,5.8,0.0,25.5,0.0,19.2,21.5,,0.061,Green
Kandhamal,660831,20.0262,84.0094,2026-09-14T03:00,21.9,94,4.0,0.0,25.7,0.0,19.4,21.4,,0.057,Green
Kandhamal,660831,20.0262,84.0094,2026-09-14T04:00,21.7,95,2.9,0.0,25.6,0.0,18.9,21.3,,0.053,Green
Kandhamal,660831,20.0262,84.0094,2026-09-14T05:00,21.4,95,2.9,0.0,25.3,0.0,18.5,21.0,,0.04,Green
Kandhamal,660831,20.0262,84.0094,2026-09-14T06:00,22.4,94,3.1,29.0,26.6,0.0,20.2,21.9,,0.081,Green
Kandhamal,660831,20.0262,84.0094,2026-09-14T07:00,23.9,90,2.5,108.0,28.6,0.0,23.4,23.1,,0.175,Green
Kandhamal,660831,20.0262,84.0094,2026-09-14T08:00,25.7,81,3.2,322.0,30.3,0.0,27.1,24.2,,0.271,Yellow
Kandhamal,660831,20.0262,84.0094,2026-09-14T09:00,26.0,80,3.1,324.0,30.6,0.0,27.7,24.4,,0.287,Yellow
Kandhamal,660831,20.0262,84.0094,2026-09-14T10:00,26.7,76,3.9,425.0,31.1,0.0,28.8,24.7,,0.315,Yellow
Kandhamal,660831,20.0262,84.0094,2026-09-14T11:00,28.6,64,4.6,836.0,34.2,0.0,30.9,25.5,,0.378,Yellow
Kandhamal,660831,20.0262,84.0094,2026-09-14T12:00,29.1,60,5.1,847.0,34.4,0.0,31.2,25.5,,0.381,Yellow
Kandhamal,660831,20.0262,84.0094,2026-09-14T13:00,29.2,58,4.6,816.0,34.2,0.0,31.1,25.4,,0.374,Yellow
Kandhamal,660831,20.0262,84.0094,2026-09-14T14:00,29.3,58,5.9,625.0,32.8,0.0,31.2,25.3,,0.371,Yellow
Kandhamal,660831,20.0262,84.0094,2026-09-14T15:00,28.7,61,5.2,415.0,32.1,0.0,30.7,25.0,,0.351,Yellow
Kandhamal,660831,20.0262,84.0094,2026-09-14T16:00,26.6,78,8.4,255.0,30.6,0.0,28.7,24.6,,0.309,Yellow
Kandhamal,660831,20.0262,84.0094,2026-09-14T17:00,25.2,89,4.0,120.0,30.2,0.0,26.1,24.3,,0.261,Yellow
Kandhamal,660831,20.0262,84.0094,2026-09-14T18:00,23.9,94,3.2,8.0,28.9,0.0,23.0,23.4,,0.181,Green
Kandhamal,660831,20.0262,84.0094,2026-09-14T19:00,23.5,95,4.0,0.0,28.2,0.0,22.1,23.1,,0.155,Green
Kandhamal,660831,20.0262,84.0094,2026-09-14T20:00,23.1,96,3.9,0.0,27.7,0.0,21.1,22.8,,0.129,Green
Kandhamal,660831,20.0262,84.0094,2026-09-14T21:00,22.7,97,4.5,0.0,27.2,0.0,20.1,22.4,,0.103,Green
Kandhamal,660831,20.0262,84.0094,2026-09-14T22:00,22.4,98,4.5,0.0,26.8,0.0,19.4,22.2,,0.093,Green
Kandhamal,660831,20.0262,84.0094,2026-09-14T23:00,22.3,99,5.1,0.0,26.6,0.0,19.0,22.2,,0.092,Green
Kandhamal,660831,20.0262,84.0094,2026-09-15T00:00,22.3,99,5.4,0.0,26.5,0.0,19.0,22.2,,0.092,Green
Kandhamal,660831,20.0262,84.0094,2026-09-15T01:00,22.0,98,3.4,0.0,26.4,0.0,18.7,21.8,,0.076,Green
Kandhamal,660831,20.0262,84.0094,2026-09-15T02:00,21.7,98,3.9,0.0,25.8,0.0,18.1,21.5,,0.064,Green
Kandhamal,660831,20.0262,84.0094,2026-09-15T03:00,21.4,99,3.2,0.0,25.4,0.0,17.4,21.3,,0.055,Green
Kandhamal,660831,20.0262,84.0094,2026-09-15T04:00,21.2,99,3.9,0.0,25.1,0.0,17.1,21.1,,0.047,Green
Kandhamal,660831,20.0262,84.0094,2026-09-15T05:00,21.1,99,3.5,0.0,24.9,0.0,16.9,21.0,,0.042,Green
Kandhamal,660831,20.0262,84.0094,2026-09-15T06:00,21.9,97,3.6,30.0,26.0,0.0,18.7,21.7,,0.069,Green
Kandhamal,660831,20.0262,84.0094,2026-09-15T07:00,24.0,91,1.9,194.0,28.9,0.0,23.5,23.5,,0.191,Green
Kandhamal,660831,20.0262,84.0094,2026-09-15T08:00,25.8,84,3.4,426.0,30.7,0.0,27.4,24.7,,0.294,Yellow
Kandhamal,660831,20.0262,84.0094,2026-09-15T09:00,27.1,77,7.3,641.0,31.9,0.0,29.7,25.2,,0.346,Yellow
Kandhamal,660831,20.0262,84.0094,2026-09-15T10:00,28.1,75,8.0,773.0,34.0,0.0,31.6,26.0,,0.405,Yellow
Kandhamal,660831,20.0262,84.0094,2026-09-15T11:00,28.6,72,8.7,847.0,34.6,0.0,32.2,26.1,,0.42,Yellow
Kandhamal,660831,20.0262,84.0094,2026-09-15T12:00,28.4,72,8.2,778.0,34.0,0.0,31.8,25.9,,0.406,Yellow
Kandhamal,660831,20.0262,84.0094,2026-09-15T13:00,26.6,78,10.1,435.0,30.4,0.0,28.7,24.6,,0.311,Yellow
Kandhamal,660831,20.0262,84.0094,2026-09-15T14:00,26.4,85,6.2,626.0,31.9,0.0,28.8,25.3,,0.34,Yellow
Kandhamal,660831,20.0262,84.0094,2026-09-15T15:00,27.0,85,5.3,339.0,32.5,0.0,30.2,25.8,,0.379,Yellow
Kandhamal,660831,20.0262,84.0094,2026-09-15T16:00,26.0,90,1.9,269.0,32.0,0.0,28.0,25.4,,0.335,Yellow
Kandhamal,660831,20.0262,84.0094,2026-09-15T17:00,24.9,96,2.4,104.0,30.8,0.0,25.2,24.7,,0.265,Yellow
Kandhamal,660831,20.0262,84.0094,2026-09-15T18:00,24.0,99,2.4,7.0,29.6,0.0,22.7,23.9,,0.2,Green
Kandhamal,660831,20.0262,84.0094,2026-09-15T19:00,23.7,99,0.9,0.0,29.4,0.0,22.0,23.6,,0.177,Green
Kandhamal,660831,20.0262,84.0094,2026-09-15T20:00,23.5,97,3.7,0.0,28.5,0.0,21.8,23.2,,0.159,Green
Kandhamal,660831,20.0262,84.0094,2026-09-15T21:00,23.2,97,3.6,0.0,28.0,0.0,21.1,22.9,,0.138,Green
Kandhamal,660831,20.0262,84.0094,2026-09-15T22:00,22.8,97,3.2,0.0,27.5,0.0,20.3,22.5,,0.11,Green
Kandhamal,660831,20.0262,84.0094,2026-09-15T23:00,22.6,98,5.2,0.0,27.0,0.0,19.8,22.4,,0.101,Green
Kandhamal,660831,20.0262,84.0094,2026-09-16T00:00,22.5,99,4.5,0.0,26.9,0.0,19.4,22.4,,0.101,Green
Kandhamal,660831,20.0262,84.0094,2026-09-16T01:00,22.3,99,4.7,0.0,26.7,0.0,19.0,22.2,,0.092,Green
Kandhamal,660831,20.0262,84.0094,2026-09-16T02:00,22.2,99,4.2,0.0,26.6,0.0,18.8,22.1,,0.088,Green
Kandhamal,660831,20.0262,84.0094,2026-09-16T03:00,21.9,99,3.4,0.0,26.3,0.0,18.2,21.8,,0.076,Green
Kandhamal,660831,20.0262,84.0094,2026-09-16T04:00,21.7,99,3.4,0.0,26.0,0.0,17.9,21.6,,0.067,Green
Kandhamal,660831,20.0262,84.0094,2026-09-16T05:00,21.6,99,4.4,0.0,25.6,0.0,17.7,21.5,,0.063,Green
Kandhamal,660831,20.0262,84.0094,2026-09-16T06:00,22.4,98,4.2,31.0,26.8,0.0,19.4,22.3,,0.094,Green
Kandhamal,660831,20.0262,84.0094,2026-09-16T07:00,24.8,91,3.1,200.0,30.0,0.0,25.2,24.2,,0.243,Green
Kandhamal,660831,20.0262,84.0094,2026-09-16T08:00,26.1,84,6.9,426.0,30.7,0.0,28.0,24.8,,0.308,Yellow
Kandhamal,660831,20.0262,84.0094,2026-09-16T09:00,26.9,83,8.5,554.0,31.7,0.0,29.8,25.5,,0.361,Yellow
Kandhamal,660831,20.0262,84.0094,2026-09-16T10:00,28.0,77,10.0,745.0,33.5,0.0,31.6,26.0,,0.407,Yellow
Kandhamal,660831,20.0262,84.0094,2026-09-16T11:00,28.2,75,8.7,704.0,33.6,0.0,31.8,26.0,,0.409,Yellow
Kandhamal,660831,20.0262,84.0094,2026-09-16T12:00,28.7,73,7.2,758.0,34.7,0.0,32.6,26.4,,0.435,Yellow
Kandhamal,660831,20.0262,84.0094,2026-09-16T13:00,28.7,72,8.0,701.0,34.0,0.0,32.4,26.2,,0.426,Yellow
Kandhamal,660831,20.0262,84.0094,2026-09-16T14:00,28.3,73,8.5,522.0,32.7,0.0,31.7,25.8,,0.401,Yellow
Kandhamal,660831,20.0262,84.0094,2026-09-16T15:00,27.6,77,8.9,432.0,31.9,0.0,30.7,25.5,,0.375,Yellow
Kandhamal,660831,20.0262,84.0094,2026-09-16T16:00,26.7,83,7.7,237.0,31.4,0.0,29.3,25.2,,0.341,Yellow
Kandhamal,660831,20.0262,84.0094,2026-09-16T17:00,25.5,92,4.5,97.0,31.1,0.0,26.8,24.8,,0.293,Yellow
Kandhamal,660831,20.0262,84.0094,2026-09-16T18:00,24.4,93,7.2,7.0,29.0,0.0,24.2,23.8,,0.213,Green
Kandhamal,660831,20.0262,84.0094,2026-09-16T19:00,23.7,96,3.5,0.0,28.7,0.0,22.4,23.4,,0.171,Green
Kandhamal,660831,20.0262,84.0094,2026-09-16T20:00,23.2,98,3.5,0.0,28.2,0.0,21.0,23.0,,0.139,Green
Kandhamal,660831,20.0262,84.0094,2026-09-16T21:00,23.4,98,6.1,0.0,28.1,0.0,21.4,23.2,,0.154,Green
Kandhamal,660831,20.0262,84.0094,2026-09-16T22:00,23.1,98,4.4,0.0,27.9,0.0,20.8,22.9,,0.132,Green
Kandhamal,660831,20.0262,84.0094,2026-09-16T23:00,22.8,97,4.0,0.0,27.3,0.0,20.3,22.5,,0.11,Green
Kandhamal,660831,20.0262,84.0094,2026-09-17T00:00,22.6,97,4.8,0.0,26.9,0.0,20.0,22.3,,0.097,Green
Kandhamal,660831,20.0262,84.0094,2026-09-17T01:00,22.4,97,4.2,0.0,26.7,0.0,19.6,22.1,,0.089,Green
Kandhamal,660831,20.0262,84.0094,2026-09-17T02:00,22.1,98,2.8,0.0,26.4,0.0,18.8,21.9,,0.08,Green
Kandhamal,660831,20.0262,84.0094,2026-09-17T03:00,21.9,98,4.8,0.0,26.0,0.0,18.5,21.7,,0.072,Green
Kandhamal,660831,20.0262,84.0094,2026-09-17T04:00,21.8,98,2.3,0.0,26.2,0.0,18.3,21.6,,0.068,Green
Kandhamal,660831,20.0262,84.0094,2026-09-17T05:00,21.9,98,3.2,0.0,26.1,0.0,18.5,21.7,,0.072,Green
Kandhamal,660831,20.0262,84.0094,2026-09-17T06:00,23.0,96,7.1,30.0,27.2,0.0,20.9,22.7,,0.123,Green
Kandhamal,660831,20.0262,84.0094,2026-09-17T07:00,24.6,90,9.1,192.0,28.8,0.0,24.8,23.8,,0.221,Green
Kandhamal,660831,20.0262,84.0094,2026-09-17T08:00,25.7,85,10.8,365.0,29.7,0.0,27.2,24.4,,0.281,Yellow
Kandhamal,660831,20.0262,84.0094,2026-09-17T09:00,27.1,77,10.7,588.0,31.1,0.0,29.7,25.1,,0.341,Yellow
Kandhamal,660831,20.0262,84.0094,2026-09-17T10:00,27.6,73,12.4,712.0,31.8,0.0,30.3,25.2,,0.353,Yellow
Kandhamal,660831,20.0262,84.0094,2026-09-17T11:00,27.4,78,12.3,753.0,32.3,0.0,30.4,25.5,,0.369,Yellow
Kandhamal,660831,20.0262,84.0094,2026-09-17T12:00,27.9,77,12.6,787.0,33.2,0.0,31.4,25.9,,0.398,Yellow
Kandhamal,660831,20.0262,84.0094,2026-09-17T13:00,28.3,77,12.5,741.0,33.7,0.0,32.4,26.2,,0.427,Yellow
Kandhamal,660831,20.0262,84.0094,2026-09-17T14:00,28.4,79,12.0,642.0,33.4,0.0,32.9,26.5,,0.446,Yellow
Kandhamal,660831,20.0262,84.0094,2026-09-17T15:00,27.9,81,11.0,492.0,32.6,0.0,32.0,26.2,,0.42,Yellow
Kandhamal,660831,20.0262,84.0094,2026-09-17T16:00,27.0,84,9.7,322.0,31.8,0.0,30.1,25.6,,0.369,Yellow
Kandhamal,660831,20.0262,84.0094,2026-09-17T17:00,26.2,87,7.7,134.0,31.1,0.0,28.4,25.0,,0.323,Yellow
Kandhamal,660831,20.0262,84.0094,2026-09-17T18:00,25.3,91,5.2,5.0,30.5,0.0,26.3,24.5,,0.272,Yellow
Kandhamal,660831,20.0262,84.0094,2026-09-17T19:00,24.4,95,2.6,0.0,29.9,0.0,24.0,24.0,,0.219,Green
Kandhamal,660831,20.0262,84.0094,2026-09-17T20:00,23.7,97,2.5,0.0,29.1,0.0,22.2,23.4,,0.173,Green
Kandhamal,660831,20.0262,84.0094,2026-09-17T21:00,23.4,97,3.3,0.0,28.5,0.0,21.6,23.1,,0.152,Green
Kandhamal,660831,20.0262,84.0094,2026-09-17T22:00,23.4,96,3.6,0.0,28.2,0.0,21.7,23.1,,0.15,Green
Kandhamal,660831,20.0262,84.0094,2026-09-17T23:00,23.3,95,3.8,0.0,27.9,0.0,21.6,22.9,,0.141,Green
Nuapada,576328,20.5088,82.5762,2026-09-13T00:00,23.6,99,11.0,0.0,27.7,0.0,21.7,23.5,,0.17,Green
Nuapada,576328,20.5088,82.5762,2026-09-13T01:00,23.4,98,10.7,0.0,27.4,0.0,21.4,23.2,,0.154,Green
Nuapada,576328,20.5088,82.5762,2026-09-13T02:00,23.4,98,10.5,0.0,27.3,0.0,21.4,23.2,,0.154,Green
Nuapada,576328,20.5088,82.5762,2026-09-13T03:00,23.3,98,9.4,0.0,27.3,0.0,21.2,23.1,,0.146,Green
Nuapada,576328,20.5088,82.5762,2026-09-13T04:00,23.0,98,7.5,0.0,27.2,0.0,20.6,22.8,,0.125,Green
Nuapada,576328,20.5088,82.5762,2026-09-13T05:00,23.3,94,6.6,0.0,27.5,0.0,21.8,22.8,,0.139,Green
Nuapada,576328,20.5088,82.5762,2026-09-13T06:00,24.0,92,7.7,21.0,28.1,0.0,23.4,23.3,,0.183,Green
Nuapada,576328,20.5088,82.5762,2026-09-13T07:00,25.5,88,6.9,137.0,30.2,0.0,26.8,24.5,,0.277,Yellow
Nuapada,576328,20.5088,82.5762,2026-09-13T08:00,27.0,81,9.2,336.0,31.4,0.0,29.8,25.3,,0.353,Yellow
Nuapada,576328,20.5088,82.5762,2026-09-13T09:00,28.6,72,10.3,588.0,32.9,0.0,32.2,26.0,,0.414,Yellow
Nuapada,576328,20.5088,82.5762,2026-09-13T10:00,30.0,63,9.3,760.0,34.9,0.0,33.4,26.4,,0.449,Yellow
Nuapada,576328,20.5088,82.5762,2026-09-13T11:00,31.1,54,9.6,826.0,35.6,0.0,33.6,26.4,,0.451,Yellow
Nuapada,576328,20.5088,82.5762,2026-09-13T12:00,30.4,57,10.6,678.0,34.0,0.0,33.0,26.1,,0.427,Yellow
Nuapada,576328,20.5088,82.5762,2026-09-13T13:00,30.7,62,9.4,759.0,35.7,0.0,34.7,27.0,,0.488,Yellow
Nuapada,576328,20.5088,82.5762,2026-09-13T14:00,27.0,90,9.5,594.0,32.8,0.0,31.1,26.3,,0.411,Yellow
Nuapada,576328,20.5088,82.5762,2026-09-13T15:00,27.0,86,10.6,480.0,31.8,0.0,30.4,25.8,,0.383,Yellow
Nuapada,576328,20.5088,82.5762,2026-09-13T16:00,26.5,90,4.8,220.0,32.3,0.0,29.3,25.7,,0.364,Yellow
Nuapada,576328,20.5088,82.5762,2026-09-13T17:00,27.5,78,7.2,121.0,32.1,0.0,30.6,25.4,,0.369,Yellow
Nuapada,576328,20.5088,82.5762,2026-09-13T18:00,26.5,80,4.4,13.0,31.2,0.0,28.7,24.6,,0.308,Yellow
Nuapada,576328,20.5088,82.5762,2026-09-13T19:00,25.7,82,4.1,0.0,30.1,0.0,27.1,24.0,,0.263,Yellow
Nuapada,576328,20.5088,82.5762,2026-09-13T20:00,25.1,83,3.4,0.0,29.6,0.0,26.0,23.5,,0.227,Green
Nuapada,576328,20.5088,82.5762,2026-09-13T21:00,24.7,85,1.5,0.0,29.4,0.0,25.2,23.3,,0.208,Green
Nuapada,576328,20.5088,82.5762,2026-09-13T22:00,24.6,85,2.7,0.0,29.0,0.0,25.0,23.2,,0.202,Green
Nuapada,576328,20.5088,82.5762,2026-09-13T23:00,24.4,85,4.2,0.0,28.5,0.0,24.7,23.0,,0.189,Green
Nuapada,576328,20.5088,82.5762,2026-09-14T00:00,24.1,86,4.2,0.0,28.2,0.0,24.1,22.8,,0.172,Green
Nuapada,576328,20.5088,82.5762,2026-09-14T01:00,23.9,87,3.4,0.0,28.1,0.0,23.7,22.7,,0.162,Green
Nuapada,576328,20.5088,82.5762,2026-09-14T02:00,23.7,87,2.9,0.0,27.9,0.0,23.3,22.5,,0.15,Green
Nuapada,576328,20.5088,82.5762,2026-09-14T03:00,23.5,88,2.1,0.0,27.8,0.0,22.9,22.4,,0.14,Green
Nuapada,576328,20.5088,82.5762,2026-09-14T04:00,23.4,88,1.3,0.0,27.6,0.0,22.7,22.3,,0.133,Green
Nuapada,576328,20.5088,82.5762,2026-09-14T05:00,23.2,87,1.4,0.0,27.4,0.0,22.6,22.0,,0.119,Green
Nuapada,576328,20.5088,82.5762,2026-09-14T06:00,24.1,86,1.1,25.0,28.6,0.0,24.1,22.9,,0.174,Green
Nuapada,576328,20.5088,82.5762,2026-09-14T07:00,25.5,83,2.2,185.0,30.3,0.0,26.8,24.1,,0.263,Yellow
Nuapada,576328,20.5088,82.5762,2026-09-14T08:00,26.9,80,4.9,371.0,31.7,0.0,29.5,25.2,,0.346,Yellow
Nuapada,576328,20.5088,82.5762,2026-09-14T09:00,28.5,74,6.0,599.0,33.6,0.0,32.3,26.3,,0.426,Yellow
Nuapada,576328,20.5088,82.5762,2026-09-14T10:00,29.3,70,7.4,689.0,34.7,0.0,33.4,26.6,,0.454,Yellow
Nuapada,576328,20.5088,82.5762,2026-09-14T11:00,29.6,68,8.0,695.0,34.9,0.0,33.7,26.6,,0.46,Yellow
Nuapada,576328,20.5088,82.5762,2026-09-14T12:00,30.5,65,7.3,884.0,37.0,0.0,35.0,27.3,,0.504,Orange
Nuapada,576328,20.5088,82.5762,2026-09-14T13:00,30.8,63,6.8,850.0,37.0,0.0,35.2,27.3,,0.509,Orange
Nuapada,576328,20.5088,82.5762,2026-09-14T14:00,30.1,64,6.7,714.0,35.4,0.0,33.9,26.7,,0.467,Yellow
Nuapada,576328,20.5088,82.5762,2026-09-14T15:00,29.6,68,3.7,506.0,34.6,0.0,33.7,26.7,,0.465,Yellow
Nuapada,576328,20.5088,82.5762,2026-09-14T16:00,29.4,71,2.2,355.0,35.0,0.0,33.8,26.9,,0.473,Yellow
Nuapada,576328,20.5088,82.5762,2026-09-14T17:00,28.5,86,0.9,147.0,35.6,0.0,34.6,27.5,,0.507,Orange
Nuapada,576328,20.5088,82.5762,2026-09-14T18:00,27.0,90,1.1,13.0,33.6,0.0,31.1,26.1,,0.403,Yellow
Nuapada,576328,20.5088,82.5762,2026-09-14T19:00,25.9,90,8.5,0.0,30.9,0.0,27.8,25.0,,0.312,Yellow
Nuapada,576328,20.5088,82.5762,2026-09-14T20:00,24.5,96,4.3,0.0,29.8,0.0,24.2,24.2,,0.229,Green
Nuapada,576328,20.5088,82.5762,2026-09-14T21:00,24.6,97,3.5,0.0,30.1,0.0,24.4,24.3,,0.24,Green
Nuapada,576328,20.5088,82.5762,2026-09-14T22:00,24.7,97,1.9,0.0,30.5,0.0,24.7,24.4,,0.247,Green
Nuapada,576328,20.5088,82.5762,2026-09-14T23:00,24.3,97,3.3,0.0,29.7,0.0,23.6,24.0,,0.217,Green
Nuapada,576328,20.5088,82.5762,2026-09-15T00:00,23.5,98,6.3,0.0,28.1,0.0,21.6,23.3,,0.161,Green
Nuapada,576328,20.5088,82.5762,2026-09-15T01:00,23.3,98,4.6,0.0,28.0,0.0,21.2,23.1,,0.146,Green
Nuapada,576328,20.5088,82.5762,2026-09-15T02:00,23.6,98,2.4,0.0,28.9,0.0,21.9,23.4,,0.168,Green
Nuapada,576328,20.5088,82.5762,2026-09-15T03:00,23.8,98,2.3,0.0,29.2,0.0,22.3,23.6,,0.183,Green
Nuapada,576328,20.5088,82.5762,2026-09-15T04:00,23.9,98,1.1,0.0,29.5,0.0,22.6,23.7,,0.19,Green
Nuapada,576328,20.5088,82.5762,2026-09-15T05:00,23.8,99,1.7,0.0,29.4,0.0,22.2,23.7,,0.185,Green
Nuapada,576328,20.5088,82.5762,2026-09-15T06:00,24.0,99,2.6,18.0,29.6,0.0,22.7,24.0,,0.201,Green
Nuapada,576328,20.5088,82.5762,2026-09-15T07:00,25.2,95,3.4,177.0,31.1,0.0,26.0,24.9,,0.286,Yellow
Nuapada,576328,20.5088,82.5762,2026-09-15T08:00,26.9,89,1.9,397.0,33.4,0.0,30.6,26.4,,0.41,Yellow
Nuapada,576328,20.5088,82.5762,2026-09-15T09:00,28.7,81,2.0,598.0,35.4,0.0,34.1,27.6,,0.508,Orange
Nuapada,576328,20.5088,82.5762,2026-09-15T10:00,29.9,72,3.5,754.0,37.0,0.0,35.3,27.7,,0.527,Orange
Nuapada,576328,20.5088,82.5762,2026-09-15T11:00,30.4,68,4.6,693.0,36.6,0.0,35.5,27.6,,0.524,Orange
Nuapada,576328,20.5088,82.5762,2026-09-15T12:00,30.3,68,3.7,551.0,35.6,0.0,35.3,27.5,,0.516,Orange
Nuapada,576328,20.5088,82.5762,2026-09-15T13:00,30.0,69,1.6,499.0,35.7,0.0,34.8,27.6,,0.515,Orange
Nuapada,576328,20.5088,82.5762,2026-09-15T14:00,29.5,77,3.1,515.0,35.8,0.0,35.4,27.7,,0.528,Orange
Nuapada,576328,20.5088,82.5762,2026-09-15T15:00,29.7,76,2.3,467.0,36.0,0.0,35.7,27.8,,0.538,Orange
Nuapada,576328,20.5088,82.5762,2026-09-15T16:00,28.4,85,1.5,303.0,35.3,0.0,34.0,27.4,,0.498,Yellow
Nuapada,576328,20.5088,82.5762,2026-09-15T17:00,27.6,92,2.3,125.0,34.7,0.0,33.2,27.0,,0.47,Yellow
Nuapada,576328,20.5088,82.5762,2026-09-15T18:00,26.4,96,2.7,12.0,33.2,0.0,29.5,26.1,,0.38,Yellow
Nuapada,576328,20.5088,82.5762,2026-09-15T19:00,25.8,96,2.3,0.0,32.3,0.0,27.7,25.5,,0.33,Yellow
Nuapada,576328,20.5088,82.5762,2026-09-15T20:00,25.4,96,3.5,0.0,31.4,0.0,26.6,25.1,,0.298,Yellow
Nuapada,576328,20.5088,82.5762,2026-09-15T21:00,25.0,96,3.3,0.0,30.8,0.0,25.5,24.7,,0.267,Yellow
Nuapada,576328,20.5088,82.5762,2026-09-15T22:00,24.7,96,3.4,0.0,30.2,0.0,24.7,24.4,,0.244,Green
Nuapada,576328,20.5088,82.5762,2026-09-15T23:00,24.4,96,2.3,0.0,29.9,0.0,24.0,24.1,,0.222,Green
Nuapada,576328,20.5088,82.5762,2026-09-16T00:00,24.1,96,2.5,0.0,29.4,0.0,23.3,23.8,,0.2,Green
Nuapada,576328,20.5088,82.5762,2026-09-16T01:00,23.9,96,2.9,0.0,29.0,0.0,22.8,23.6,,0.185,Green
Nuapada,576328,20.5088,82.5762,2026-09-16T02:00,23.7,96,3.4,0.0,28.6,0.0,22.4,23.4,,0.171,Green
Nuapada,576328,20.5088,82.5762,2026-09-16T03:00,23.7,95,3.8,0.0,28.5,0.0,22.5,23.3,,0.169,Green
Nuapada,576328,20.5088,82.5762,2026-09-16T04:00,23.7,95,3.6,0.0,28.5,0.0,22.5,23.3,,0.169,Green
Nuapada,576328,20.5088,82.5762,2026-09-16T05:00,23.7,95,4.2,0.0,28.4,0.0,22.5,23.3,,0.169,Green
Nuapada,576328,20.5088,82.5762,2026-09-16T06:00,24.5,93,4.9,24.0,29.4,0.0,24.4,23.9,,0.221,Green
Nuapada,576328,20.5088,82.5762,2026-09-16T07:00,26.8,86,3.5,182.0,32.6,0.0,29.9,25.6,,0.368,Yellow
Nuapada,576328,20.5088,82.5762,2026-09-16T08:00,28.6,79,4.2,408.0,34.4,0.0,33.5,26.8,,0.466,Yellow
Nuapada,576328,20.5088,82.5762,2026-09-16T09:00,29.8,73,4.2,600.0,35.9,0.0,35.3,27.5,,0.518,Orange
Nuapada,576328,20.5088,82.5762,2026-09-16T10:00,30.6,69,5.2,730.0,37.2,0.0,36.3,27.8,,0.546,Orange
Nuapada,576328,20.5088,82.5762,2026-09-16T11:00,31.2,66,6.0,829.0,38.2,0.0,36.9,28.1,,0.565,Orange
Nuapada,576328,20.5088,82.5762,2026-09-16T12:00,31.6,65,7.7,820.0,38.3,0.0,37.6,28.2,,0.581,Orange
Nuapada,576328,20.5088,82.5762,2026-09-16T13:00,31.4,65,7.9,595.0,36.6,0.0,37.1,27.9,,0.562,Orange
Nuapada,576328,20.5088,82.5762,2026-09-16T14:00,28.6,78,9.9,327.0,33.5,0.0,33.3,26.5,,0.451,Yellow
Nuapada,576328,20.5088,82.5762,2026-09-16T15:00,28.8,81,3.4,309.0,35.1,0.0,34.4,27.2,,0.494,Yellow
Nuapada,576328,20.5088,82.5762,2026-09-16T16:00,28.1,89,2.5,209.0,35.1,0.0,34.1,27.3,,0.493,Yellow
Nuapada,576328,20.5088,82.5762,2026-09-16T17:00,27.7,92,1.1,110.0,35.0,0.0,33.5,27.2,,0.48,Yellow
Nuapada,576328,20.5088,82.5762,2026-09-16T18:00,26.8,96,0.4,9.0,34.2,0.0,31.6,26.5,,0.425,Yellow
Nuapada,576328,20.5088,82.5762,2026-09-16T19:00,26.3,97,2.3,0.0,33.2,0.0,29.2,26.0,,0.376,Yellow
Nuapada,576328,20.5088,82.5762,2026-09-16T20:00,25.8,96,3.2,0.0,32.2,0.0,27.7,25.5,,0.33,Yellow
Nuapada,576328,20.5088,82.5762,2026-09-16T21:00,25.3,96,4.8,0.0,31.0,0.0,26.3,25.0,,0.29,Yellow
Nuapada,576328,20.5088,82.5762,2026-09-16T22:00,24.9,95,3.2,0.0,30.5,0.0,25.3,24.5,,0.256,Yellow
Nuapada,576328,20.5088,82.5762,2026-09-16T23:00,24.6,95,2.6,0.0,30.1,0.0,24.5,24.2,,0.234,Green
Nuapada,576328,20.5088,82.5762,2026-09-17T00:00,24.4,95,3.2,0.0,29.7,0.0,24.0,24.0,,0.219,Green
Nuapada,576328,20.5088,82.5762,2026-09-17T01:00,24.2,95,4.6,0.0,29.2,0.0,23.6,23.8,,0.204,Green
Nuapada,576328,20.5088,82.5762,2026-09-17T02:00,24.1,95,3.5,0.0,29.2,0.0,23.3,23.7,,0.197,Green
Nuapada,576328,20.5088,82.5762,2026-09-17T03:00,24.0,95,4.2,0.0,29.0,0.0,23.1,23.6,,0.19,Green
Nuapada,576328,20.5088,82.5762,2026-09-17T04:00,23.9,96,5.9,0.0,28.7,0.0,22.8,23.6,,0.185,Green
Nuapada,576328,20.5088,82.5762,2026-09-17T05:00,24.1,96,4.5,0.0,29.1,0.0,23.3,23.8,,0.2,Green
Nuapada,576328,20.5088,82.5762,2026-09-17T06:00,24.5,94,6.1,22.0,29.4,0.0,24.3,24.0,,0.224,Green
Nuapada,576328,20.5088,82.5762,2026-09-17T07:00,26.3,86,5.9,164.0,31.4,0.0,28.6,25.1,,0.327,Yellow
Nuapada,576328,20.5088,82.5762,2026-09-17T08:00,27.9,82,5.9,358.0,33.4,0.0,32.2,26.4,,0.428,Yellow
Nuapada,576328,20.5088,82.5762,2026-09-17T09:00,29.6,74,8.9,585.0,34.8,0.0,35.0,27.2,,0.502,Orange
Nuapada,576328,20.5088,82.5762,2026-09-17T10:00,30.5,71,8.1,743.0,36.9,0.0,36.6,27.8,,0.549,Orange
Nuapada,576328,20.5088,82.5762,2026-09-17T11:00,30.9,69,6.5,821.0,38.0,0.0,37.0,28.1,,0.567,Orange
Nuapada,576328,20.5088,82.5762,2026-09-17T12:00,31.3,67,7.4,783.0,37.9,0.0,37.5,28.2,,0.576,Orange
Nuapada,576328,20.5088,82.5762,2026-09-17T13:00,31.3,67,8.3,728.0,37.5,0.0,37.5,28.1,,0.574,Orange
Nuapada,576328,20.5088,82.5762,2026-09-17T14:00,31.1,68,8.5,625.0,36.7,0.0,37.3,28.0,,0.566,Orange
Nuapada,576328,20.5088,82.5762,2026-09-17T15:00,30.6,71,7.2,457.0,36.1,0.0,36.8,27.8,,0.552,Orange
Nuapada,576328,20.5088,82.5762,2026-09-17T16:00,29.9,77,5.2,322.0,36.1,0.0,36.5,27.8,,0.547,Orange
Nuapada,576328,20.5088,82.5762,2026-09-17T17:00,29.0,82,3.5,157.0,35.7,0.0,35.2,27.4,,0.511,Orange
Nuapada,576328,20.5088,82.5762,2026-09-17T18:00,28.1,86,2.8,11.0,34.7,0.0,33.4,26.8,,0.462,Yellow
Nuapada,576328,20.5088,82.5762,2026-09-17T19:00,27.0,89,2.8,0.0,33.3,0.0,30.9,26.0,,0.395,Yellow
Nuapada,576328,20.5088,82.5762,2026-09-17T20:00,26.2,91,3.2,0.0,32.1,0.0,28.6,25.4,,0.339,Yellow
Nuapada,576328,20.5088,82.5762,2026-09-17T21:00,25.6,93,3.6,0.0,31.4,0.0,27.1,25.0,,0.302,Yellow
Nuapada,576328,20.5088,82.5762,2026-09-17T22:00,25.2,94,3.8,0.0,30.8,0.0,26.0,24.7,,0.275,Yellow
Nuapada,576328,20.5088,82.5762,2026-09-17T23:00,24.9,94,4.0,0.0,30.4,0.0,25.3,24.4,,0.253,Yellow
Malkangiri,563664,18.2408,81.9398,2026-09-13T00:00,25.1,96,2.0,0.0,31.1,0.0,25.7,24.8,,0.275,Yellow
Malkangiri,563664,18.2408,81.9398,2026-09-13T01:00,24.9,97,0.8,0.0,31.1,0.0,25.2,24.6,,0.263,Yellow
Malkangiri,563664,18.2408,81.9398,2026-09-13T02:00,24.7,98,0.6,0.0,30.9,0.0,24.6,24.5,,0.251,Yellow
Malkangiri,563664,18.2408,81.9398,2026-09-13T03:00,24.4,99,3.7,0.0,30.0,0.0,23.7,24.3,,0.23,Green
Malkangiri,563664,18.2408,81.9398,2026-09-13T04:00,24.0,98,3.5,0.0,29.3,0.0,22.8,23.8,,0.197,Green
Malkangiri,563664,18.2408,81.9398,2026-09-13T05:00,24.2,98,2.8,0.0,29.8,0.0,23.3,24.0,,0.212,Green
Malkangiri,563664,18.2408,81.9398,2026-09-13T06:00,24.6,96,0.2,14.0,30.6,0.0,24.5,24.3,,0.238,Green
Malkangiri,563664,18.2408,81.9398,2026-09-13T07:00,25.3,95,1.2,92.0,31.5,0.0,26.3,25.0,,0.294,Yellow
Malkangiri,563664,18.2408,81.9398,2026-09-13T08:00,26.4,91,2.9,251.0,32.6,0.0,29.1,25.8,,0.365,Yellow
Malkangiri,563664,18.2408,81.9398,2026-09-13T09:00,27.1,86,3.1,299.0,33.1,0.0,30.7,26.1,,0.396,Yellow
Malkangiri,563664,18.2408,81.9398,2026-09-13T10:00,27.9,80,3.0,328.0,33.6,0.0,31.9,26.3,,0.421,Yellow
Malkangiri,563664,18.2408,81.9398,2026-09-13T11:00,28.6,75,3.4,259.0,33.9,0.0,32.7,26.3,,0.436,Yellow
Malkangiri,563664,18.2408,81.9398,2026-09-13T12:00,28.8,74,3.6,436.0,34.2,0.0,33.0,26.6,,0.449,Yellow
Malkangiri,563664,18.2408,81.9398,2026-09-13T13:00,28.5,75,3.0,232.0,33.9,0.0,32.5,26.2,,0.428,Yellow
Malkangiri,563664,18.2408,81.9398,2026-09-13T14:00,28.5,76,3.5,199.0,33.9,0.0,32.7,26.3,,0.433,Yellow
Malkangiri,563664,18.2408,81.9398,2026-09-13T15:00,28.3,76,0.7,216.0,34.1,0.0,32.2,26.4,,0.432,Yellow
Malkangiri,563664,18.2408,81.9398,2026-09-13T16:00,27.8,81,4.9,106.0,33.3,0.0,31.7,26.0,,0.409,Yellow
Malkangiri,563664,18.2408,81.9398,2026-09-13T17:00,26.9,87,4.2,32.0,32.7,0.0,30.3,25.7,,0.376,Yellow
Malkangiri,563664,18.2408,81.9398,2026-09-13T18:00,25.9,92,0.2,13.0,32.3,0.0,27.8,25.2,,0.322,Yellow
Malkangiri,563664,18.2408,81.9398,2026-09-13T19:00,25.2,95,3.4,0.0,31.1,0.0,26.0,24.8,,0.279,Yellow
Malkangiri,563664,18.2408,81.9398,2026-09-13T20:00,25.0,96,4.2,0.0,30.6,0.0,25.5,24.7,,0.267,Yellow
Malkangiri,563664,18.2408,81.9398,2026-09-13T21:00,24.7,96,3.3,0.0,30.3,0.0,24.7,24.4,,0.244,Green
Malkangiri,563664,18.2408,81.9398,2026-09-13T22:00,24.6,96,0.8,0.0,30.5,0.0,24.5,24.3,,0.237,Green
Malkangiri,563664,18.2408,81.9398,2026-09-13T23:00,24.0,99,1.2,0.0,29.8,0.0,22.7,23.9,,0.2,Green
Malkangiri,563664,18.2408,81.9398,2026-09-14T00:00,23.6,100,0.7,0.0,29.3,0.0,21.6,23.6,,0.172,Green
Malkangiri,563664,18.2408,81.9398,2026-09-14T01:00,23.7,100,0.4,0.0,29.5,0.0,21.8,23.7,,0.179,Green
Malkangiri,563664,18.2408,81.9398,2026-09-14T02:00,23.7,100,0.9,0.0,29.5,0.0,21.8,23.7,,0.179,Green
Malkangiri,563664,18.2408,81.9398,2026-09-14T03:00,23.6,99,3.0,0.0,29.0,0.0,21.7,23.5,,0.17,Green
Malkangiri,563664,18.2408,81.9398,2026-09-14T04:00,23.5,98,2.5,0.0,28.7,0.0,21.6,23.3,,0.161,Green
Malkangiri,563664,18.2408,81.9398,2026-09-14T05:00,23.6,97,3.2,0.0,28.6,0.0,22.0,23.3,,0.166,Green
Malkangiri,563664,18.2408,81.9398,2026-09-14T06:00,23.9,95,4.8,15.0,28.7,0.0,22.9,23.5,,0.183,Green
Malkangiri,563664,18.2408,81.9398,2026-09-14T07:00,25.3,90,4.5,148.0,30.4,0.0,26.3,24.5,,0.272,Yellow
Malkangiri,563664,18.2408,81.9398,2026-09-14T08:00,27.2,82,3.6,387.0,32.7,0.0,30.4,25.8,,0.382,Yellow
Malkangiri,563664,18.2408,81.9398,2026-09-14T09:00,28.9,76,1.4,599.0,35.1,0.0,33.6,27.5,,0.496,Yellow
Malkangiri,563664,18.2408,81.9398,2026-09-14T10:00,30.3,69,1.5,768.0,37.6,0.0,35.5,28.3,,0.555,Orange
Malkangiri,563664,18.2408,81.9398,2026-09-14T11:00,31.4,63,4.3,879.0,38.6,0.0,36.5,28.1,,0.561,Orange
Malkangiri,563664,18.2408,81.9398,2026-09-14T12:00,32.0,60,7.2,812.0,38.2,0.0,37.1,28.1,,0.565,Orange
Malkangiri,563664,18.2408,81.9398,2026-09-14T13:00,31.3,65,12.3,734.0,36.5,0.0,36.9,27.8,,0.553,Orange
Malkangiri,563664,18.2408,81.9398,2026-09-14T14:00,30.1,71,11.3,732.0,35.6,0.0,35.5,27.4,,0.516,Orange
Malkangiri,563664,18.2408,81.9398,2026-09-14T15:00,29.1,79,9.5,324.0,34.4,0.0,34.8,27.1,,0.496,Yellow
Malkangiri,563664,18.2408,81.9398,2026-09-14T16:00,29.1,74,7.0,368.0,34.2,0.0,33.7,26.7,,0.463,Yellow
Malkangiri,563664,18.2408,81.9398,2026-09-14T17:00,28.4,81,3.1,145.0,34.4,0.0,33.3,26.7,,0.457,Yellow
Malkangiri,563664,18.2408,81.9398,2026-09-14T18:00,26.9,89,1.8,15.0,33.3,0.0,30.6,25.9,,0.388,Yellow
Malkangiri,563664,18.2408,81.9398,2026-09-14T19:00,26.3,92,1.3,0.0,32.7,0.0,28.9,25.6,,0.352,Yellow
Malkangiri,563664,18.2408,81.9398,2026-09-14T20:00,25.8,94,1.8,0.0,32.1,0.0,27.6,25.3,,0.322,Yellow
Malkangiri,563664,18.2408,81.9398,2026-09-14T21:00,25.6,95,0.9,0.0,32.0,0.0,27.1,25.2,,0.31,Yellow
Malkangiri,563664,18.2408,81.9398,2026-09-14T22:00,25.3,95,2.1,0.0,31.3,0.0,26.3,24.9,,0.287,Yellow
Malkangiri,563664,18.2408,81.9398,2026-09-14T23:00,25.4,94,0.7,0.0,31.6,0.0,26.6,24.9,,0.291,Yellow
Malkangiri,563664,18.2408,81.9398,2026-09-15T00:00,25.0,96,1.5,0.0,31.1,0.0,25.5,24.7,,0.267,Yellow
Malkangiri,563664,18.2408,81.9398,2026-09-15T01:00,24.2,98,7.4,0.0,29.1,0.0,23.3,24.0,,0.212,Green
Malkangiri,563664,18.2408,81.9398,2026-09-15T02:00,23.9,97,3.3,0.0,29.2,0.0,22.7,23.6,,0.188,Green
Malkangiri,563664,18.2408,81.9398,2026-09-15T03:00,23.8,98,2.7,0.0,29.1,0.0,22.3,23.6,,0.183,Green
Malkangiri,563664,18.2408,81.9398,2026-09-15T04:00,23.7,98,2.0,0.0,29.0,0.0,22.1,23.5,,0.175,Green
Malkangiri,563664,18.2408,81.9398,2026-09-15T05:00,23.5,98,2.0,0.0,28.8,0.0,21.6,23.3,,0.161,Green
Malkangiri,563664,18.2408,81.9398,2026-09-15T06:00,23.9,98,3.0,19.0,29.2,0.0,22.6,23.8,,0.191,Green
Malkangiri,563664,18.2408,81.9398,2026-09-15T07:00,25.3,93,2.4,169.0,31.1,0.0,26.3,24.9,,0.287,Yellow
Malkangiri,563664,18.2408,81.9398,2026-09-15T08:00,26.9,84,3.1,389.0,32.5,0.0,29.9,25.8,,0.372,Yellow
Malkangiri,563664,18.2408,81.9398,2026-09-15T09:00,28.3,77,1.3,521.0,34.1,0.0,32.4,26.9,,0.455,Yellow
Malkangiri,563664,18.2408,81.9398,2026-09-15T10:00,29.6,73,3.4,733.0,36.5,0.0,34.8,27.5,,0.512,Orange
Malkangiri,563664,18.2408,81.9398,2026-09-15T11:00,30.5,71,6.1,840.0,37.9,0.0,36.6,28.0,,0.555,Orange
Malkangiri,563664,18.2408,81.9398,2026-09-15T12:00,30.9,70,7.6,852.0,38.2,0.0,37.3,28.2,,0.574,Orange
Malkangiri,563664,18.2408,81.9398,2026-09-15T13:00,31.0,69,7.7,787.0,37.9,0.0,37.3,28.1,,0.571,Orange
Malkangiri,563664,18.2408,81.9398,2026-09-15T14:00,31.1,69,7.9,702.0,37.5,0.0,37.6,28.2,,0.577,Orange
Malkangiri,563664,18.2408,81.9398,2026-09-15T15:00,30.8,70,8.9,513.0,36.1,0.0,37.1,27.9,,0.558,Orange
Malkangiri,563664,18.2408,81.9398,2026-09-15T16:00,30.4,71,8.8,352.0,35.4,0.0,36.3,27.6,,0.534,Orange
Malkangiri,563664,18.2408,81.9398,2026-09-15T17:00,29.4,78,5.3,141.0,35.5,0.0,35.4,27.3,,0.511,Orange
Malkangiri,563664,18.2408,81.9398,2026-09-15T18:00,28.0,86,2.4,13.0,34.6,0.0,33.1,26.7,,0.454,Yellow
Malkangiri,563664,18.2408,81.9398,2026-09-15T19:00,27.2,89,3.7,0.0,33.4,0.0,31.5,26.2,,0.411,Yellow
Malkangiri,563664,18.2408,81.9398,2026-09-15T20:00,26.0,90,9.7,0.0,30.8,0.0,28.0,25.1,,0.319,Yellow
Malkangiri,563664,18.2408,81.9398,2026-09-15T21:00,25.3,95,1.2,0.0,31.4,0.0,26.3,24.9,,0.287,Yellow
Malkangiri,563664,18.2408,81.9398,2026-09-15T22:00,25.5,95,2.0,0.0,31.6,0.0,26.8,25.1,,0.302,Yellow
Malkangiri,563664,18.2408,81.9398,2026-09-15T23:00,25.8,91,0.3,0.0,32.0,0.0,27.6,25.0,,0.309,Yellow
Malkangiri,563664,18.2408,81.9398,2026-09-16T00:00,25.6,92,0.4,0.0,31.7,0.0,27.1,24.9,,0.298,Yellow
Malkangiri,563664,18.2408,81.9398,2026-09-16T01:00,25.2,94,0.5,0.0,31.4,0.0,26.0,24.7,,0.275,Yellow
Malkangiri,563664,18.2408,81.9398,2026-09-16T02:00,24.7,98,1.7,0.0,30.8,0.0,24.6,24.5,,0.251,Yellow
Malkangiri,563664,18.2408,81.9398,2026-09-16T03:00,24.2,100,2.7,0.0,30.0,0.0,23.1,24.2,,0.217,Green
Malkangiri,563664,18.2408,81.9398,2026-09-16T04:00,24.0,99,3.3,0.0,29.5,0.0,22.7,23.9,,0.2,Green
Malkangiri,563664,18.2408,81.9398,2026-09-16T05:00,24.3,97,1.5,0.0,30.0,0.0,23.6,24.0,,0.217,Green
Malkangiri,563664,18.2408,81.9398,2026-09-16T06:00,24.5,97,3.6,10.0,30.1,0.0,24.1,24.3,,0.233,Green
Malkangiri,563664,18.2408,81.9398,2026-09-16T07:00,24.9,95,5.3,36.0,30.3,0.0,25.3,24.5,,0.257,Yellow
Malkangiri,563664,18.2408,81.9398,2026-09-16T08:00,25.2,96,5.9,89.0,30.8,0.0,26.0,24.9,,0.285,Yellow
Malkangiri,563664,18.2408,81.9398,2026-09-16T09:00,26.1,92,4.2,217.0,31.9,0.0,28.4,25.5,,0.343,Yellow
Malkangiri,563664,18.2408,81.9398,2026-09-16T10:00,28.3,80,3.5,544.0,34.2,0.0,32.9,26.8,,0.457,Yellow
Malkangiri,563664,18.2408,81.9398,2026-09-16T11:00,29.9,72,3.4,765.0,37.2,0.0,35.3,27.7,,0.528,Orange
Malkangiri,563664,18.2408,81.9398,2026-09-16T12:00,30.9,68,5.4,827.0,38.2,0.0,36.8,28.1,,0.562,Orange
Malkangiri,563664,18.2408,81.9398,2026-09-16T13:00,31.6,66,6.2,820.0,38.7,0.0,37.9,28.4,,0.593,Orange
Malkangiri,563664,18.2408,81.9398,2026-09-16T14:00,31.7,65,7.6,700.0,37.7,0.0,37.9,28.3,,0.586,Orange
Malkangiri,563664,18.2408,81.9398,2026-09-16T15:00,31.4,65,7.4,503.0,36.3,0.0,37.1,27.9,,0.561,Orange
Malkangiri,563664,18.2408,81.9398,2026-09-16T16:00,30.8,68,8.5,337.0,35.7,0.0,36.5,27.6,,0.539,Orange
Malkangiri,563664,18.2408,81.9398,2026-09-16T17:00,29.7,80,3.5,139.0,36.4,0.0,36.8,27.8,,0.552,Orange
Malkangiri,563664,18.2408,81.9398,2026-09-16T18:00,28.4,84,1.9,13.0,35.1,0.0,33.9,26.9,,0.472,Yellow
Malkangiri,563664,18.2408,81.9398,2026-09-16T19:00,28.0,86,2.3,0.0,34.5,0.0,33.1,26.7,,0.454,Yellow
Malkangiri,563664,18.2408,81.9398,2026-09-16T20:00,27.7,86,1.8,0.0,34.2,0.0,32.3,26.4,,0.43,Yellow
Malkangiri,563664,18.2408,81.9398,2026-09-16T21:00,27.1,87,1.5,0.0,33.4,0.0,30.8,25.9,,0.39,Yellow
Malkangiri,563664,18.2408,81.9398,2026-09-16T22:00,25.4,94,5.4,0.0,30.9,0.0,26.6,24.9,,0.291,Yellow
Malkangiri,563664,18.2408,81.9398,2026-09-16T23:00,24.7,97,7.3,0.0,29.9,0.0,24.7,24.4,,0.247,Green
Malkangiri,563664,18.2408,81.9398,2026-09-17T00:00,24.7,98,5.1,0.0,30.2,0.0,24.6,24.5,,0.251,Yellow
Malkangiri,563664,18.2408,81.9398,2026-09-17T01:00,24.6,98,4.2,0.0,30.2,0.0,24.3,24.4,,0.243,Green
Malkangiri,563664,18.2408,81.9398,2026-09-17T02:00,24.5,98,3.4,0.0,30.2,0.0,24.1,24.3,,0.235,Green
Malkangiri,563664,18.2408,81.9398,2026-09-17T03:00,24.4,98,3.4,0.0,30.0,0.0,23.8,24.2,,0.227,Green
Malkangiri,563664,18.2408,81.9398,2026-09-17T04:00,24.3,97,1.0,0.0,30.2,0.0,23.6,24.0,,0.217,Green
Malkangiri,563664,18.2408,81.9398,2026-09-17T05:00,24.1,99,1.7,0.0,29.8,0.0,23.0,24.0,,0.207,Green
Malkangiri,563664,18.2408,81.9398,2026-09-17T06:00,24.3,100,3.0,18.0,30.0,0.0,23.4,24.3,,0.226,Green
Malkangiri,563664,18.2408,81.9398,2026-09-17T07:00,25.5,96,2.3,153.0,31.8,0.0,26.8,25.3,,0.314,Yellow
Malkangiri,563664,18.2408,81.9398,2026-09-17T08:00,27.0,89,2.5,355.0,33.3,0.0,30.9,26.4,,0.412,Yellow
Malkangiri,563664,18.2408,81.9398,2026-09-17T09:00,28.9,78,5.6,544.0,34.6,0.0,34.0,27.0,,0.482,Yellow
Malkangiri,563664,18.2408,81.9398,2026-09-17T10:00,30.1,74,5.5,717.0,37.0,0.0,36.3,27.9,,0.548,Orange
Malkangiri,563664,18.2408,81.9398,2026-09-17T11:00,31.2,71,5.1,814.0,38.9,0.0,38.5,28.7,,0.611,Orange
Malkangiri,563664,18.2408,81.9398,2026-09-17T12:00,32.0,69,5.8,891.0,40.3,0.0,40.0,29.2,,0.655,Orange
Malkangiri,563664,18.2408,81.9398,2026-09-17T13:00,32.4,68,6.2,830.0,40.4,0.0,40.8,29.4,,0.674,Orange
Malkangiri,563664,18.2408,81.9398,2026-09-17T14:00,32.0,70,5.4,690.0,39.4,0.0,40.4,29.3,,0.66,Orange
Malkangiri,563664,18.2408,81.9398,2026-09-17T15:00,30.3,76,3.3,492.0,36.8,0.0,37.4,28.3,,0.581,Orange
Malkangiri,563664,18.2408,81.9398,2026-09-17T16:00,27.8,85,5.6,297.0,33.6,0.0,32.3,26.5,,0.438,Yellow
Malkangiri,563664,18.2408,81.9398,2026-09-17T17:00,25.9,93,8.4,117.0,31.1,0.0,27.9,25.3,,0.327,Yellow
Malkangiri,563664,18.2408,81.9398,2026-09-17T18:00,25.2,96,7.8,7.0,30.4,0.0,26.0,24.9,,0.283,Yellow
Malkangiri,563664,18.2408,81.9398,2026-09-17T19:00,25.1,96,5.1,0.0,30.7,0.0,25.7,24.8,,0.275,Yellow
Malkangiri,563664,18.2408,81.9398,2026-09-17T20:00,25.1,97,3.0,0.0,31.0,0.0,25.7,24.8,,0.278,Yellow
Malkangiri,563664,18.2408,81.9398,2026-09-17T21:00,24.9,98,2.0,0.0,31.0,0.0,25.1,24.7,,0.266,Yellow
Malkangiri,563664,18.2408,81.9398,2026-09-17T22:00,24.9,98,1.5,0.0,31.0,0.0,25.1,24.7,,0.266,Yellow
Malkangiri,563664,18.2408,81.9398,2026-09-17T23:00,24.8,98,1.0,0.0,31.0,0.0,24.9,24.6,,0.258,Yellow
Subarnapur,560242,20.9469,83.8037,2026-09-13T00:00,25.5,98,5.2,0.0,31.5,0.0,26.8,25.3,,0.314,Yellow
Subarnapur,560242,20.9469,83.8037,2026-09-13T01:00,25.3,98,4.4,0.0,31.2,0.0,26.3,25.1,,0.298,Yellow
Subarnapur,560242,20.9469,83.8037,2026-09-13T02:00,25.0,97,4.9,0.0,30.7,0.0,25.4,24.7,,0.271,Yellow
Subarnapur,560242,20.9469,83.8037,2026-09-13T03:00,24.9,97,5.2,0.0,30.4,0.0,25.2,24.6,,0.263,Yellow
Subarnapur,560242,20.9469,83.8037,2026-09-13T04:00,24.7,97,7.1,0.0,29.8,0.0,24.7,24.4,,0.247,Green
Subarnapur,560242,20.9469,83.8037,2026-09-13T05:00,24.9,97,8.4,0.0,29.9,0.0,25.2,24.6,,0.263,Yellow
Subarnapur,560242,20.9469,83.8037,2026-09-13T06:00,25.2,96,9.3,27.0,30.3,0.0,26.0,24.9,,0.283,Yellow
Subarnapur,560242,20.9469,83.8037,2026-09-13T07:00,26.4,92,8.9,166.0,31.8,0.0,29.2,25.7,,0.362,Yellow
Subarnapur,560242,20.9469,83.8037,2026-09-13T08:00,28.0,79,9.1,390.0,32.7,0.0,31.9,26.1,,0.415,Yellow
Subarnapur,560242,20.9469,83.8037,2026-09-13T09:00,29.2,73,7.2,592.0,34.5,0.0,33.8,26.8,,0.467,Yellow
Subarnapur,560242,20.9469,83.8037,2026-09-13T10:00,30.4,67,8.4,761.0,36.3,0.0,35.3,27.3,,0.509,Orange
Subarnapur,560242,20.9469,83.8037,2026-09-13T11:00,31.2,63,8.4,822.0,37.1,0.0,36.1,27.6,,0.534,Orange
Subarnapur,560242,20.9469,83.8037,2026-09-13T12:00,31.8,60,7.6,839.0,37.8,0.0,36.6,27.9,,0.551,Orange
Subarnapur,560242,20.9469,83.8037,2026-09-13T13:00,32.1,57,7.2,812.0,37.9,0.0,36.4,27.8,,0.545,Orange
Subarnapur,560242,20.9469,83.8037,2026-09-13T14:00,32.1,56,7.5,637.0,36.6,0.0,36.1,27.6,,0.532,Orange
Subarnapur,560242,20.9469,83.8037,2026-09-13T15:00,32.0,56,6.1,419.0,36.2,0.0,35.9,27.4,,0.523,Orange
Subarnapur,560242,20.9469,83.8037,2026-09-13T16:00,30.3,67,9.2,286.0,34.7,0.0,35.0,27.0,,0.493,Yellow
Subarnapur,560242,20.9469,83.8037,2026-09-13T17:00,29.8,72,5.4,104.0,35.2,0.0,35.0,27.0,,0.494,Yellow
Subarnapur,560242,20.9469,83.8037,2026-09-13T18:00,28.1,81,10.9,8.0,32.8,0.0,32.5,26.2,,0.429,Yellow
Subarnapur,560242,20.9469,83.8037,2026-09-13T19:00,27.6,85,4.0,0.0,33.5,0.0,31.8,26.2,,0.415,Yellow
Subarnapur,560242,20.9469,83.8037,2026-09-13T20:00,27.1,87,2.1,0.0,33.3,0.0,30.8,25.9,,0.39,Yellow
Subarnapur,560242,20.9469,83.8037,2026-09-13T21:00,26.7,88,1.0,0.0,33.0,0.0,30.0,25.6,,0.366,Yellow
Subarnapur,560242,20.9469,83.8037,2026-09-13T22:00,26.3,89,1.7,0.0,32.3,0.0,28.8,25.3,,0.337,Yellow
Subarnapur,560242,20.9469,83.8037,2026-09-13T23:00,26.1,89,0.9,0.0,32.1,0.0,28.2,25.1,,0.322,Yellow
Subarnapur,560242,20.9469,83.8037,2026-09-14T00:00,26.1,89,1.6,0.0,32.0,0.0,28.2,25.1,,0.322,Yellow
Subarnapur,560242,20.9469,83.8037,2026-09-14T01:00,25.9,93,4.6,0.0,31.6,0.0,27.9,25.3,,0.325,Yellow
Subarnapur,560242,20.9469,83.8037,2026-09-14T02:00,25.7,96,5.6,0.0,31.5,0.0,27.4,25.4,,0.322,Yellow
Subarnapur,560242,20.9469,83.8037,2026-09-14T03:00,25.6,96,5.4,0.0,31.5,0.0,27.1,25.3,,0.314,Yellow
Subarnapur,560242,20.9469,83.8037,2026-09-14T04:00,25.6,96,3.5,0.0,31.8,0.0,27.1,25.3,,0.314,Yellow
Subarnapur,560242,20.9469,83.8037,2026-09-14T05:00,25.4,96,1.8,0.0,31.7,0.0,26.6,25.1,,0.298,Yellow
Subarnapur,560242,20.9469,83.8037,2026-09-14T06:00,25.9,94,5.9,18.0,31.7,0.0,27.9,25.4,,0.33,Yellow
Subarnapur,560242,20.9469,83.8037,2026-09-14T07:00,26.4,93,6.4,95.0,32.2,0.0,29.3,25.8,,0.367,Yellow
Subarnapur,560242,20.9469,83.8037,2026-09-14T08:00,27.3,88,4.8,247.0,33.4,0.0,31.6,26.3,,0.419,Yellow
Subarnapur,560242,20.9469,83.8037,2026-09-14T09:00,28.2,82,6.9,372.0,33.8,0.0,32.9,26.6,,0.45,Yellow
Subarnapur,560242,20.9469,83.8037,2026-09-14T10:00,29.6,73,4.3,620.0,35.6,0.0,34.8,27.3,,0.504,Orange
Subarnapur,560242,20.9469,83.8037,2026-09-14T11:00,30.4,68,2.7,683.0,36.9,0.0,35.5,27.8,,0.534,Orange
Subarnapur,560242,20.9469,83.8037,2026-09-14T12:00,31.2,65,2.6,794.0,38.4,0.0,36.6,28.4,,0.573,Orange
Subarnapur,560242,20.9469,83.8037,2026-09-14T13:00,31.5,64,1.4,788.0,38.9,0.0,37.1,29.0,,0.604,Orange
Subarnapur,560242,20.9469,83.8037,2026-09-14T14:00,31.9,61,1.8,705.0,38.5,0.0,37.1,28.7,,0.593,Orange
Subarnapur,560242,20.9469,83.8037,2026-09-14T15:00,31.5,63,5.1,533.0,36.5,0.0,36.8,27.9,,0.555,Orange
Subarnapur,560242,20.9469,83.8037,2026-09-14T16:00,30.9,66,6.8,317.0,35.8,0.0,36.2,27.5,,0.53,Orange
Subarnapur,560242,20.9469,83.8037,2026-09-14T17:00,29.9,77,3.5,116.0,36.3,0.0,36.5,27.7,,0.543,Orange
Subarnapur,560242,20.9469,83.8037,2026-09-14T18:00,28.6,81,4.3,9.0,34.7,0.0,33.8,26.7,,0.467,Yellow
Subarnapur,560242,20.9469,83.8037,2026-09-14T19:00,28.0,80,8.8,0.0,33.0,0.0,32.1,26.0,,0.415,Yellow
Subarnapur,560242,20.9469,83.8037,2026-09-14T20:00,27.3,84,8.9,0.0,32.3,0.0,30.9,25.8,,0.387,Yellow
Subarnapur,560242,20.9469,83.8037,2026-09-14T21:00,26.9,88,8.7,0.0,32.1,0.0,30.5,25.8,,0.381,Yellow
Subarnapur,560242,20.9469,83.8037,2026-09-14T22:00,26.5,91,6.5,0.0,32.2,0.0,29.4,25.7,,0.363,Yellow
Subarnapur,560242,20.9469,83.8037,2026-09-14T23:00,26.2,94,4.1,0.0,32.4,0.0,28.8,25.7,,0.353,Yellow
Subarnapur,560242,20.9469,83.8037,2026-09-15T00:00,26.0,95,7.8,0.0,31.7,0.0,28.2,25.6,,0.342,Yellow
Subarnapur,560242,20.9469,83.8037,2026-09-15T01:00,25.8,90,6.3,0.0,31.0,0.0,27.5,24.9,,0.304,Yellow
Subarnapur,560242,20.9469,83.8037,2026-09-15T02:00,25.3,90,6.9,0.0,30.0,0.0,26.3,24.4,,0.268,Yellow
Subarnapur,560242,20.9469,83.8037,2026-09-15T03:00,24.9,91,7.3,0.0,29.4,0.0,25.4,24.1,,0.242,Green
Subarnapur,560242,20.9469,83.8037,2026-09-15T04:00,24.6,92,5.9,0.0,29.3,0.0,24.7,23.9,,0.224,Green
Subarnapur,560242,20.9469,83.8037,2026-09-15T05:00,24.4,92,8.4,0.0,28.6,0.0,24.2,23.7,,0.21,Green
Subarnapur,560242,20.9469,83.8037,2026-09-15T06:00,24.8,91,8.0,30.0,29.2,0.0,25.2,24.0,,0.236,Green
Subarnapur,560242,20.9469,83.8037,2026-09-15T07:00,26.2,86,7.5,193.0,31.0,0.0,28.4,25.0,,0.319,Yellow
Subarnapur,560242,20.9469,83.8037,2026-09-15T08:00,27.8,79,7.6,406.0,32.6,0.0,31.5,25.9,,0.402,Yellow
Subarnapur,560242,20.9469,83.8037,2026-09-15T09:00,29.2,73,7.5,608.0,34.4,0.0,33.8,26.8,,0.467,Yellow
Subarnapur,560242,20.9469,83.8037,2026-09-15T10:00,30.2,71,7.4,761.0,36.7,0.0,35.8,27.6,,0.528,Orange
Subarnapur,560242,20.9469,83.8037,2026-09-15T11:00,30.7,70,7.2,843.0,37.9,0.0,36.8,28.0,,0.559,Orange
Subarnapur,560242,20.9469,83.8037,2026-09-15T12:00,31.1,71,6.1,850.0,38.9,0.0,38.2,28.6,,0.601,Orange
Subarnapur,560242,20.9469,83.8037,2026-09-15T13:00,31.1,72,5.2,812.0,39.0,0.0,38.5,28.7,,0.612,Orange
Subarnapur,560242,20.9469,83.8037,2026-09-15T14:00,31.1,70,5.9,614.0,37.4,0.0,37.9,28.3,,0.587,Orange
Subarnapur,560242,20.9469,83.8037,2026-09-15T15:00,31.0,68,3.6,454.0,36.8,0.0,37.0,28.0,,0.564,Orange
Subarnapur,560242,20.9469,83.8037,2026-09-15T16:00,31.1,67,4.1,302.0,36.6,0.0,37.0,27.9,,0.556,Orange
Subarnapur,560242,20.9469,83.8037,2026-09-15T17:00,28.9,78,10.2,119.0,33.9,0.0,34.0,26.8,,0.471,Yellow
Subarnapur,560242,20.9469,83.8037,2026-09-15T18:00,27.9,84,2.9,7.0,34.1,0.0,32.5,26.4,,0.433,Yellow
Subarnapur,560242,20.9469,83.8037,2026-09-15T19:00,27.6,87,1.8,0.0,34.2,0.0,32.2,26.4,,0.429,Yellow
Subarnapur,560242,20.9469,83.8037,2026-09-15T20:00,27.4,88,6.2,0.0,33.3,0.0,31.8,26.3,,0.42,Yellow
Subarnapur,560242,20.9469,83.8037,2026-09-15T21:00,27.1,90,5.7,0.0,33.1,0.0,31.4,26.2,,0.41,Yellow
Subarnapur,560242,20.9469,83.8037,2026-09-15T22:00,26.7,91,7.1,0.0,32.4,0.0,30.4,25.9,,0.385,Yellow
Subarnapur,560242,20.9469,83.8037,2026-09-15T23:00,26.4,91,6.4,0.0,32.0,0.0,29.1,25.6,,0.355,Yellow
Subarnapur,560242,20.9469,83.8037,2026-09-16T00:00,26.1,92,5.3,0.0,31.9,0.0,28.4,25.4,,0.336,Yellow
Subarnapur,560242,20.9469,83.8037,2026-09-16T01:00,25.9,94,5.9,0.0,31.7,0.0,27.9,25.4,,0.329,Yellow
Subarnapur,560242,20.9469,83.8037,2026-09-16T02:00,25.3,94,10.8,0.0,30.0,0.0,26.3,24.8,,0.283,Yellow
Subarnapur,560242,20.9469,83.8037,2026-09-16T03:00,25.3,96,6.7,0.0,30.9,0.0,26.3,25.0,,0.29,Yellow
Subarnapur,560242,20.9469,83.8037,2026-09-16T04:00,25.3,98,6.9,0.0,31.0,0.0,26.3,25.1,,0.298,Yellow
Subarnapur,560242,20.9469,83.8037,2026-09-16T05:00,25.3,97,5.2,0.0,31.1,0.0,26.3,25.0,,0.294,Yellow
Subarnapur,560242,20.9469,83.8037,2026-09-16T06:00,25.3,96,5.5,28.0,31.0,0.0,26.3,25.0,,0.291,Yellow
Subarnapur,560242,20.9469,83.8037,2026-09-16T07:00,26.3,93,5.0,144.0,32.2,0.0,29.0,25.8,,0.361,Yellow
Subarnapur,560242,20.9469,83.8037,2026-09-16T08:00,27.9,87,5.2,358.0,34.2,0.0,33.0,26.9,,0.462,Yellow
Subarnapur,560242,20.9469,83.8037,2026-09-16T09:00,29.3,83,6.8,563.0,35.9,0.0,36.3,27.9,,0.549,Orange
Subarnapur,560242,20.9469,83.8037,2026-09-16T10:00,30.4,78,7.6,716.0,37.7,0.0,38.3,28.5,,0.6,Orange
Subarnapur,560242,20.9469,83.8037,2026-09-16T11:00,31.0,76,6.5,820.0,39.3,0.0,39.5,29.0,,0.636,Orange
Subarnapur,560242,20.9469,83.8037,2026-09-16T12:00,30.9,77,7.4,707.0,38.4,0.0,39.5,28.9,,0.633,Orange
Subarnapur,560242,20.9469,83.8037,2026-09-16T13:00,30.9,76,6.6,571.0,37.5,0.0,39.2,28.7,,0.622,Orange
Subarnapur,560242,20.9469,83.8037,2026-09-16T14:00,28.5,84,16.1,383.0,33.2,0.0,34.1,27.0,,0.483,Yellow
Subarnapur,560242,20.9469,83.8037,2026-09-16T15:00,27.7,85,8.7,269.0,33.1,0.0,32.1,26.4,,0.428,Yellow
Subarnapur,560242,20.9469,83.8037,2026-09-16T16:00,27.9,84,5.6,186.0,33.7,0.0,32.5,26.5,,0.437,Yellow
Subarnapur,560242,20.9469,83.8037,2026-09-16T17:00,28.0,85,4.0,101.0,34.2,0.0,32.9,26.6,,0.45,Yellow
Subarnapur,560242,20.9469,83.8037,2026-09-16T18:00,27.3,90,3.3,7.0,33.9,0.0,31.9,26.4,,0.426,Yellow
Subarnapur,560242,20.9469,83.8037,2026-09-16T19:00,27.1,93,3.0,0.0,33.9,0.0,31.9,26.5,,0.429,Yellow
Subarnapur,560242,20.9469,83.8037,2026-09-16T20:00,26.9,94,5.7,0.0,33.3,0.0,31.5,26.4,,0.42,Yellow
Subarnapur,560242,20.9469,83.8037,2026-09-16T21:00,26.6,94,8.5,0.0,32.4,0.0,29.9,26.1,,0.386,Yellow
Subarnapur,560242,20.9469,83.8037,2026-09-16T22:00,26.1,93,8.8,0.0,31.4,0.0,28.4,25.5,,0.341,Yellow
Subarnapur,560242,20.9469,83.8037,2026-09-16T23:00,25.8,92,9.1,0.0,30.7,0.0,27.6,25.1,,0.313,Yellow
Subarnapur,560242,20.9469,83.8037,2026-09-17T00:00,25.6,91,9.7,0.0,30.3,0.0,27.1,24.8,,0.294,Yellow
Subarnapur,560242,20.9469,83.8037,2026-09-17T01:00,24.6,96,12.2,0.0,28.8,0.0,24.5,24.3,,0.237,Green
Subarnapur,560242,20.9469,83.8037,2026-09-17T02:00,24.4,97,9.9,0.0,29.0,0.0,23.9,24.1,,0.225,Green
Subarnapur,560242,20.9469,83.8037,2026-09-17T03:00,24.3,98,6.0,0.0,29.4,0.0,23.6,24.1,,0.22,Green
Subarnapur,560242,20.9469,83.8037,2026-09-17T04:00,24.2,98,4.8,0.0,29.4,0.0,23.3,24.0,,0.212,Green
Subarnapur,560242,20.9469,83.8037,2026-09-17T05:00,24.1,98,3.9,0.0,29.5,0.0,23.1,23.9,,0.205,Green
Subarnapur,560242,20.9469,83.8037,2026-09-17T06:00,24.6,97,6.0,27.0,29.8,0.0,24.4,24.4,,0.24,Green
Subarnapur,560242,20.9469,83.8037,2026-09-17T07:00,25.8,94,7.0,172.0,31.3,0.0,27.6,25.3,,0.325,Yellow
Subarnapur,560242,20.9469,83.8037,2026-09-17T08:00,27.5,86,10.3,371.0,32.6,0.0,31.7,26.3,,0.42,Yellow
Subarnapur,560242,20.9469,83.8037,2026-09-17T09:00,28.9,83,9.4,520.0,34.8,0.0,35.1,27.4,,0.513,Orange
Subarnapur,560242,20.9469,83.8037,2026-09-17T10:00,30.2,79,10.9,692.0,36.8,0.0,38.0,28.3,,0.588,Orange
Subarnapur,560242,20.9469,83.8037,2026-09-17T11:00,31.0,75,11.3,791.0,38.0,0.0,39.2,28.7,,0.62,Orange
Subarnapur,560242,20.9469,83.8037,2026-09-17T12:00,31.6,73,12.5,800.0,38.6,0.0,40.3,29.0,,0.649,Orange
Subarnapur,560242,20.9469,83.8037,2026-09-17T13:00,31.8,72,13.5,731.0,38.3,0.0,40.5,29.1,,0.654,Orange
Subarnapur,560242,20.9469,83.8037,2026-09-17T14:00,31.6,72,13.4,599.0,37.3,0.0,39.9,28.8,,0.637,Orange
Subarnapur,560242,20.9469,83.8037,2026-09-17T15:00,30.7,75,10.8,400.0,36.3,0.0,38.3,28.3,,0.591,Orange
Subarnapur,560242,20.9469,83.8037,2026-09-17T16:00,29.2,80,7.5,252.0,35.1,0.0,35.3,27.3,,0.511,Orange
Subarnapur,560242,20.9469,83.8037,2026-09-17T17:00,28.0,85,5.0,104.0,34.2,0.0,32.9,26.6,,0.449,Yellow
Subarnapur,560242,20.9469,83.8037,2026-09-17T18:00,27.4,88,3.1,4.0,33.8,0.0,31.8,26.3,,0.42,Yellow
Subarnapur,560242,20.9469,83.8037,2026-09-17T19:00,27.0,91,4.6,0.0,33.3,0.0,31.3,26.2,,0.408,Yellow
Subarnapur,560242,20.9469,83.8037,2026-09-17T20:00,26.6,93,6.9,0.0,32.5,0.0,29.9,26.0,,0.381,Yellow
Subarnapur,560242,20.9469,83.8037,2026-09-17T21:00,26.2,93,7.4,0.0,31.9,0.0,28.7,25.6,,0.349,Yellow
Subarnapur,560242,20.9469,83.8037,2026-09-17T22:00,25.9,93,7.3,0.0,31.2,0.0,27.9,25.3,,0.325,Yellow
Subarnapur,560242,20.9469,83.8037,2026-09-17T23:00,25.6,92,7.5,0.0,30.7,0.0,27.1,24.9,,0.298,Yellow
Gajapati,507151,19.115,84.1672,2026-09-13T00:00,18.1,100,10.5,0.0,19.6,0.0,13.5,18.1,,0.0,Green
Gajapati,507151,19.115,84.1672,2026-09-13T01:00,18.2,100,10.1,0.0,19.7,0.0,13.6,18.2,,0.0,Green
Gajapati,507151,19.115,84.1672,2026-09-13T02:00,18.2,100,10.3,0.0,19.7,0.0,13.6,18.2,,0.0,Green
Gajapati,507151,19.115,84.1672,2026-09-13T03:00,18.4,100,9.5,0.0,20.1,0.0,13.7,18.4,,0.0,Green
Gajapati,507151,19.115,84.1672,2026-09-13T04:00,18.5,100,8.5,0.0,20.3,0.0,13.8,18.5,,0.0,Green
Gajapati,507151,19.115,84.1672,2026-09-13T05:00,19.2,99,8.8,0.0,21.3,0.0,14.7,19.1,,0.0,Green
Gajapati,507151,19.115,84.1672,2026-09-13T06:00,19.3,100,8.4,31.0,21.6,0.0,14.4,19.3,,0.0,Green
Gajapati,507151,19.115,84.1672,2026-09-13T07:00,20.5,94,9.1,192.0,22.8,0.0,17.7,20.1,,0.002,Green
Gajapati,507151,19.115,84.1672,2026-09-13T08:00,21.6,87,9.1,386.0,23.8,0.0,20.6,20.6,,0.033,Green
Gajapati,507151,19.115,84.1672,2026-09-13T09:00,23.2,79,7.9,575.0,25.7,0.0,23.5,21.5,,0.111,Green
Gajapati,507151,19.115,84.1672,2026-09-13T10:00,24.2,77,8.3,776.0,28.2,0.0,24.8,22.4,,0.165,Green
Gajapati,507151,19.115,84.1672,2026-09-13T11:00,23.3,81,8.3,782.0,27.3,0.0,23.4,21.9,,0.125,Green
Gajapati,507151,19.115,84.1672,2026-09-13T12:00,23.2,81,6.0,664.0,26.7,0.0,23.3,21.9,,0.121,Green
Gajapati,507151,19.115,84.1672,2026-09-13T13:00,23.9,80,7.4,681.0,27.6,0.0,24.2,22.4,,0.156,Green
Gajapati,507151,19.115,84.1672,2026-09-13T14:00,22.7,82,8.7,710.0,25.9,0.0,22.6,21.4,,0.092,Green
Gajapati,507151,19.115,84.1672,2026-09-13T15:00,22.5,87,6.4,457.0,25.6,0.0,21.6,21.6,,0.087,Green
Gajapati,507151,19.115,84.1672,2026-09-13T16:00,22.2,86,5.4,266.0,25.2,0.0,21.4,21.1,,0.065,Green
Gajapati,507151,19.115,84.1672,2026-09-13T17:00,21.5,92,4.0,97.0,24.9,0.0,19.3,20.9,,0.036,Green
Gajapati,507151,19.115,84.1672,2026-09-13T18:00,20.2,97,3.4,7.0,23.5,0.0,16.4,20.0,,0.0,Green
Gajapati,507151,19.115,84.1672,2026-09-13T19:00,19.7,100,4.3,0.0,22.8,0.0,14.8,19.7,,0.0,Green
Gajapati,507151,19.115,84.1672,2026-09-13T20:00,19.3,100,3.0,0.0,22.4,0.0,14.4,19.3,,0.0,Green
Gajapati,507151,19.115,84.1672,2026-09-13T21:00,18.9,99,2.3,0.0,21.9,0.0,14.5,18.8,,0.0,Green
Gajapati,507151,19.115,84.1672,2026-09-13T22:00,18.6,99,1.7,0.0,21.5,0.0,14.3,18.5,,0.0,Green
Gajapati,507151,19.115,84.1672,2026-09-13T23:00,18.2,100,1.6,0.0,21.0,0.0,13.6,18.2,,0.0,Green
Gajapati,507151,19.115,84.1672,2026-09-14T00:00,18.1,99,2.1,0.0,20.7,0.0,14.0,18.0,,0.0,Green
Gajapati,507151,19.115,84.1672,2026-09-14T01:00,17.9,100,1.1,0.0,20.6,0.0,13.4,17.9,,0.0,Green
Gajapati,507151,19.115,84.1672,2026-09-14T02:00,17.8,100,3.1,0.0,20.1,0.0,13.4,17.8,,0.0,Green
Gajapati,507151,19.115,84.1672,2026-09-14T03:00,17.7,99,1.9,0.0,20.2,0.0,13.8,17.6,,0.0,Green
Gajapati,507151,19.115,84.1672,2026-09-14T04:00,17.6,99,0.9,0.0,20.1,0.0,13.8,17.5,,0.0,Green
Gajapati,507151,19.115,84.1672,2026-09-14T05:00,17.4,99,0.9,0.0,19.8,0.0,13.7,17.3,,0.0,Green
Gajapati,507151,19.115,84.1672,2026-09-14T06:00,18.5,97,3.1,33.0,21.0,0.0,15.1,18.3,,0.0,Green
Gajapati,507151,19.115,84.1672,2026-09-14T07:00,21.2,88,1.5,206.0,24.4,0.0,20.0,20.5,,0.02,Green
Gajapati,507151,19.115,84.1672,2026-09-14T08:00,22.9,79,1.9,444.0,26.0,0.0,23.1,21.6,,0.109,Green
Gajapati,507151,19.115,84.1672,2026-09-14T09:00,24.1,74,3.5,660.0,27.8,0.0,24.8,22.3,,0.16,Green
Gajapati,507151,19.115,84.1672,2026-09-14T10:00,25.4,71,0.8,811.0,30.7,0.0,26.5,24.4,,0.272,Yellow
Gajapati,507151,19.115,84.1672,2026-09-14T11:00,24.1,77,5.7,756.0,28.3,0.0,24.7,22.4,,0.164,Green
Gajapati,507151,19.115,84.1672,2026-09-14T12:00,23.2,88,4.9,750.0,28.3,0.0,22.4,22.6,,0.142,Green
Gajapati,507151,19.115,84.1672,2026-09-14T13:00,26.4,71,2.9,718.0,31.3,0.0,27.9,24.3,,0.287,Yellow
Gajapati,507151,19.115,84.1672,2026-09-14T14:00,22.9,82,7.5,447.0,25.5,0.0,22.8,21.5,,0.099,Green
Gajapati,507151,19.115,84.1672,2026-09-14T15:00,21.8,88,3.5,186.0,25.0,0.0,20.6,20.9,,0.045,Green
Gajapati,507151,19.115,84.1672,2026-09-14T16:00,21.9,89,3.5,257.0,25.2,0.0,20.5,21.2,,0.054,Green
Gajapati,507151,19.115,84.1672,2026-09-14T17:00,21.3,93,0.6,108.0,25.2,0.0,18.9,21.0,,0.04,Green
Gajapati,507151,19.115,84.1672,2026-09-14T18:00,20.2,99,2.4,7.0,23.8,0.0,15.7,20.1,,0.005,Green
Gajapati,507151,19.115,84.1672,2026-09-14T19:00,19.8,100,4.4,0.0,22.9,0.0,14.9,19.8,,0.0,Green
Gajapati,507151,19.115,84.1672,2026-09-14T20:00,19.5,100,3.2,0.0,22.7,0.0,14.6,19.5,,0.0,Green
Gajapati,507151,19.115,84.1672,2026-09-14T21:00,19.3,99,1.9,0.0,22.5,0.0,14.8,19.2,,0.0,Green
Gajapati,507151,19.115,84.1672,2026-09-14T22:00,19.1,100,1.6,0.0,22.2,0.0,14.2,19.1,,0.0,Green
Gajapati,507151,19.115,84.1672,2026-09-14T23:00,18.9,100,1.7,0.0,22.0,0.0,14.0,18.9,,0.0,Green
Gajapati,507151,19.115,84.1672,2026-09-15T00:00,18.9,100,1.1,0.0,22.0,0.0,14.0,18.9,,0.0,Green
Gajapati,507151,19.115,84.1672,2026-09-15T01:00,18.8,100,0.3,0.0,22.0,0.0,14.0,18.8,,0.0,Green
Gajapati,507151,19.115,84.1672,2026-09-15T02:00,18.6,100,0.6,0.0,21.7,0.0,13.8,18.6,,0.0,Green
Gajapati,507151,19.115,84.1672,2026-09-15T03:00,18.6,100,0.3,0.0,21.8,0.0,13.8,18.6,,0.0,Green
Gajapati,507151,19.115,84.1672,2026-09-15T04:00,18.4,100,0.6,0.0,21.4,0.0,13.7,18.4,,0.0,Green
Gajapati,507151,19.115,84.1672,2026-09-15T05:00,18.2,100,1.3,0.0,21.0,0.0,13.6,18.2,,0.0,Green
Gajapati,507151,19.115,84.1672,2026-09-15T06:00,18.9,99,3.2,33.0,21.8,0.0,14.5,18.8,,0.0,Green
Gajapati,507151,19.115,84.1672,2026-09-15T07:00,20.8,95,3.2,209.0,24.3,0.0,17.7,20.6,,0.024,Green
Gajapati,507151,19.115,84.1672,2026-09-15T08:00,22.3,88,5.3,436.0,25.4,0.0,21.2,21.5,,0.078,Green
Gajapati,507151,19.115,84.1672,2026-09-15T09:00,23.5,80,7.3,618.0,26.6,0.0,23.7,22.0,,0.132,Green
Gajapati,507151,19.115,84.1672,2026-09-15T10:00,24.5,75,8.0,780.0,28.5,0.0,25.3,22.5,,0.176,Green
Gajapati,507151,19.115,84.1672,2026-09-15T11:00,25.2,74,8.7,842.0,29.7,0.0,26.2,23.1,,0.212,Green
Gajapati,507151,19.115,84.1672,2026-09-15T12:00,25.4,73,5.7,704.0,29.4,0.0,26.5,23.3,,0.223,Green
Gajapati,507151,19.115,84.1672,2026-09-15T13:00,23.2,79,4.6,545.0,26.1,0.0,23.5,21.7,,0.116,Green
Gajapati,507151,19.115,84.1672,2026-09-15T14:00,22.3,88,2.7,426.0,26.0,0.0,21.2,21.7,,0.086,Green
Gajapati,507151,19.115,84.1672,2026-09-15T15:00,23.3,86,2.5,375.0,27.2,0.0,22.8,22.5,,0.14,Green
Gajapati,507151,19.115,84.1672,2026-09-15T16:00,22.8,89,0.6,254.0,27.1,0.0,21.7,22.5,,0.124,Green
Gajapati,507151,19.115,84.1672,2026-09-15T17:00,21.3,94,5.1,111.0,24.5,0.0,18.6,20.9,,0.035,Green
Gajapati,507151,19.115,84.1672,2026-09-15T18:00,20.8,97,1.7,6.0,24.5,0.0,17.1,20.6,,0.023,Green
Gajapati,507151,19.115,84.1672,2026-09-15T19:00,20.4,98,1.0,0.0,24.2,0.0,16.3,20.2,,0.01,Green
Gajapati,507151,19.115,84.1672,2026-09-15T20:00,20.2,98,1.0,0.0,23.8,0.0,16.1,20.0,,0.001,Green
Gajapati,507151,19.115,84.1672,2026-09-15T21:00,20.1,97,0.6,0.0,23.6,0.0,16.3,19.8,,0.0,Green
Gajapati,507151,19.115,84.1672,2026-09-15T22:00,20.0,95,0.5,0.0,23.3,0.0,16.9,19.6,,0.0,Green
Gajapati,507151,19.115,84.1672,2026-09-15T23:00,19.8,93,0.5,0.0,23.0,0.0,17.4,19.2,,0.0,Green
Gajapati,507151,19.115,84.1672,2026-09-16T00:00,19.7,93,0.4,0.0,22.7,0.0,17.3,19.1,,0.0,Green
Gajapati,507151,19.115,84.1672,2026-09-16T01:00,19.6,92,0.2,0.0,22.7,0.0,17.6,18.9,,0.0,Green
Gajapati,507151,19.115,84.1672,2026-09-16T02:00,19.5,92,0.5,0.0,22.4,0.0,17.5,18.8,,0.0,Green
Gajapati,507151,19.115,84.1672,2026-09-16T03:00,19.1,94,1.0,0.0,21.9,0.0,16.6,18.6,,0.0,Green
Gajapati,507151,19.115,84.1672,2026-09-16T04:00,18.8,96,1.4,0.0,21.5,0.0,15.6,18.5,,0.0,Green
Gajapati,507151,19.115,84.1672,2026-09-16T05:00,18.4,98,2.5,0.0,21.0,0.0,14.6,18.2,,0.0,Green
Gajapati,507151,19.115,84.1672,2026-09-16T06:00,19.3,99,3.4,36.0,22.2,0.0,14.8,19.3,,0.0,Green
Gajapati,507151,19.115,84.1672,2026-09-16T07:00,21.1,93,3.8,208.0,24.3,0.0,18.6,20.7,,0.028,Green
Gajapati,507151,19.115,84.1672,2026-09-16T08:00,22.7,88,4.8,420.0,26.2,0.0,21.7,21.9,,0.102,Green
Gajapati,507151,19.115,84.1672,2026-09-16T09:00,24.0,79,7.6,632.0,27.3,0.0,24.4,22.4,,0.158,Green
Gajapati,507151,19.115,84.1672,2026-09-16T10:00,24.3,78,6.3,754.0,28.6,0.0,24.9,22.7,,0.177,Green
Gajapati,507151,19.115,84.1672,2026-09-16T11:00,25.0,76,7.3,777.0,29.4,0.0,25.9,23.1,,0.21,Green
Gajapati,507151,19.115,84.1672,2026-09-16T12:00,24.9,75,5.6,510.0,28.1,0.0,25.8,22.9,,0.197,Green
Gajapati,507151,19.115,84.1672,2026-09-16T13:00,24.9,74,5.1,418.0,28.0,0.0,25.8,22.7,,0.192,Green
Gajapati,507151,19.115,84.1672,2026-09-16T14:00,24.4,75,4.4,407.0,27.5,0.0,25.1,22.4,,0.168,Green
Gajapati,507151,19.115,84.1672,2026-09-16T15:00,23.0,85,4.4,262.0,26.4,0.0,22.5,21.8,,0.111,Green
Gajapati,507151,19.115,84.1672,2026-09-16T16:00,22.9,87,8.3,212.0,25.9,0.0,22.1,21.8,,0.104,Green
Gajapati,507151,19.115,84.1672,2026-09-16T17:00,22.0,90,3.2,96.0,25.6,0.0,20.4,21.2,,0.056,Green
Gajapati,507151,19.115,84.1672,2026-09-16T18:00,20.9,96,2.9,5.0,24.5,0.0,17.5,20.6,,0.023,Green
Gajapati,507151,19.115,84.1672,2026-09-16T19:00,20.7,96,3.2,0.0,24.2,0.0,17.3,20.4,,0.015,Green
Gajapati,507151,19.115,84.1672,2026-09-16T20:00,20.6,96,2.1,0.0,24.2,0.0,17.2,20.3,,0.011,Green
Gajapati,507151,19.115,84.1672,2026-09-16T21:00,20.2,98,3.1,0.0,23.6,0.0,16.1,20.0,,0.001,Green
Gajapati,507151,19.115,84.1672,2026-09-16T22:00,20.1,98,1.4,0.0,23.6,0.0,16.0,19.9,,0.0,Green
Gajapati,507151,19.115,84.1672,2026-09-16T23:00,19.9,98,1.5,0.0,23.3,0.0,15.7,19.7,,0.0,Green
Gajapati,507151,19.115,84.1672,2026-09-17T00:00,19.8,98,1.5,0.0,23.3,0.0,15.6,19.6,,0.0,Green
Gajapati,507151,19.115,84.1672,2026-09-17T01:00,19.7,99,1.5,0.0,23.1,0.0,15.2,19.6,,0.0,Green
Gajapati,507151,19.115,84.1672,2026-09-17T02:00,19.5,100,2.7,0.0,22.7,0.0,14.6,19.5,,0.0,Green
Gajapati,507151,19.115,84.1672,2026-09-17T03:00,19.4,100,3.9,0.0,22.4,0.0,14.5,19.4,,0.0,Green
Gajapati,507151,19.115,84.1672,2026-09-17T04:00,19.3,100,3.2,0.0,22.3,0.0,14.4,19.3,,0.0,Green
Gajapati,507151,19.115,84.1672,2026-09-17T05:00,19.1,100,2.6,0.0,22.2,0.0,14.2,19.1,,0.0,Green
Gajapati,507151,19.115,84.1672,2026-09-17T06:00,19.8,99,6.2,31.0,22.5,0.0,15.3,19.7,,0.0,Green
Gajapati,507151,19.115,84.1672,2026-09-17T07:00,21.5,93,5.1,189.0,24.7,0.0,19.1,21.0,,0.042,Green
Gajapati,507151,19.115,84.1672,2026-09-17T08:00,22.9,86,8.6,424.0,25.8,0.0,22.3,21.8,,0.106,Green
Gajapati,507151,19.115,84.1672,2026-09-17T09:00,24.2,79,8.0,637.0,27.6,0.0,24.7,22.5,,0.169,Green
Gajapati,507151,19.115,84.1672,2026-09-17T10:00,24.9,75,8.6,755.0,28.8,0.0,25.8,22.9,,0.197,Green
Gajapati,507151,19.115,84.1672,2026-09-17T11:00,25.3,72,10.6,786.0,29.0,0.0,26.4,22.9,,0.207,Green
Gajapati,507151,19.115,84.1672,2026-09-17T12:00,25.8,70,10.9,820.0,29.5,0.0,27.0,23.2,,0.227,Green
Gajapati,507151,19.115,84.1672,2026-09-17T13:00,26.0,68,10.9,752.0,29.2,0.0,27.2,23.2,,0.229,Green
Gajapati,507151,19.115,84.1672,2026-09-17T14:00,25.8,68,10.2,628.0,28.4,0.0,27.0,22.9,,0.216,Green
Gajapati,507151,19.115,84.1672,2026-09-17T15:00,25.0,74,7.8,446.0,27.8,0.0,26.0,22.8,,0.195,Green
Gajapati,507151,19.115,84.1672,2026-09-17T16:00,23.9,84,4.9,285.0,27.6,0.0,23.9,22.6,,0.162,Green
Gajapati,507151,19.115,84.1672,2026-09-17T17:00,22.7,93,3.3,115.0,26.9,0.0,20.9,22.2,,0.103,Green
Gajapati,507151,19.115,84.1672,2026-09-17T18:00,21.7,97,2.2,4.0,25.9,0.0,18.4,21.5,,0.06,Green
Gajapati,507151,19.115,84.1672,2026-09-17T19:00,20.8,98,0.5,0.0,24.8,0.0,16.8,20.6,,0.026,Green
Gajapati,507151,19.115,84.1672,2026-09-17T20:00,20.1,99,0.7,0.0,23.9,0.0,15.6,20.0,,0.001,Green
Gajapati,507151,19.115,84.1672,2026-09-17T21:00,19.9,100,0.6,0.0,23.7,0.0,15.0,19.9,,0.0,Green
Gajapati,507151,19.115,84.1672,2026-09-17T22:00,20.0,100,0.4,0.0,23.7,0.0,15.1,20.0,,0.0,Green
Gajapati,507151,19.115,84.1672,2026-09-17T23:00,20.0,100,0.0,0.0,23.8,0.0,15.1,20.0,,0.0,Green
Baudh,420738,20.5951,84.1854,2026-09-13T00:00,23.9,94,7.5,0.0,28.2,0.0,23.0,23.4,,0.18,Green
Baudh,420738,20.5951,84.1854,2026-09-13T01:00,23.6,94,6.7,0.0,27.9,0.0,22.4,23.1,,0.16,Green
Baudh,420738,20.5951,84.1854,2026-09-13T02:00,23.4,93,5.0,0.0,27.7,0.0,22.1,22.8,,0.144,Green
Baudh,420738,20.5951,84.1854,2026-09-13T03:00,23.3,91,3.4,0.0,27.7,0.0,22.2,22.5,,0.133,Green
Baudh,420738,20.5951,84.1854,2026-09-13T04:00,23.2,90,2.3,0.0,27.6,0.0,22.2,22.3,,0.125,Green
Baudh,420738,20.5951,84.1854,2026-09-13T05:00,23.3,90,4.6,0.0,27.2,0.0,22.3,22.4,,0.131,Green
Baudh,420738,20.5951,84.1854,2026-09-13T06:00,24.0,90,7.1,32.0,28.0,0.0,23.6,23.1,,0.178,Green
Baudh,420738,20.5951,84.1854,2026-09-13T07:00,26.3,83,6.3,198.0,31.0,0.0,28.4,24.8,,0.313,Yellow
Baudh,420738,20.5951,84.1854,2026-09-13T08:00,27.7,79,4.5,419.0,33.0,0.0,31.2,26.0,,0.399,Yellow
Baudh,420738,20.5951,84.1854,2026-09-13T09:00,29.6,68,3.1,623.0,35.1,0.0,33.7,26.9,,0.472,Yellow
Baudh,420738,20.5951,84.1854,2026-09-13T10:00,30.7,60,6.1,748.0,36.0,0.0,34.2,26.9,,0.478,Yellow
Baudh,420738,20.5951,84.1854,2026-09-13T11:00,30.5,64,5.5,824.0,36.8,0.0,34.7,27.2,,0.5,Yellow
Baudh,420738,20.5951,84.1854,2026-09-13T12:00,28.8,78,4.0,781.0,36.2,0.0,33.8,27.2,,0.487,Yellow
Baudh,420738,20.5951,84.1854,2026-09-13T13:00,29.4,72,2.4,654.0,35.6,0.0,34.0,27.3,,0.494,Yellow
Baudh,420738,20.5951,84.1854,2026-09-13T14:00,28.7,75,2.5,594.0,34.6,0.0,33.0,26.9,,0.461,Yellow
Baudh,420738,20.5951,84.1854,2026-09-13T15:00,28.1,83,4.3,376.0,34.3,0.0,32.8,26.7,,0.453,Yellow
Baudh,420738,20.5951,84.1854,2026-09-13T16:00,27.2,86,5.7,148.0,32.9,0.0,30.9,26.0,,0.395,Yellow
Baudh,420738,20.5951,84.1854,2026-09-13T17:00,27.1,85,6.4,119.0,32.4,0.0,30.5,25.7,,0.38,Yellow
Baudh,420738,20.5951,84.1854,2026-09-13T18:00,26.2,88,5.2,6.0,31.6,0.0,28.5,25.1,,0.325,Yellow
Baudh,420738,20.5951,84.1854,2026-09-13T19:00,25.9,88,6.0,0.0,31.1,0.0,27.7,24.8,,0.303,Yellow
Baudh,420738,20.5951,84.1854,2026-09-13T20:00,25.5,89,5.2,0.0,30.7,0.0,26.8,24.5,,0.278,Yellow
Baudh,420738,20.5951,84.1854,2026-09-13T21:00,25.0,91,5.8,0.0,29.9,0.0,25.6,24.2,,0.25,Green
Baudh,420738,20.5951,84.1854,2026-09-13T22:00,24.7,92,6.3,0.0,29.6,0.0,24.9,24.0,,0.231,Green
Baudh,420738,20.5951,84.1854,2026-09-13T23:00,24.5,93,5.6,0.0,29.4,0.0,24.4,23.9,,0.22,Green
Baudh,420738,20.5951,84.1854,2026-09-14T00:00,24.4,94,4.3,0.0,29.6,0.0,24.1,23.9,,0.216,Green
Baudh,420738,20.5951,84.1854,2026-09-14T01:00,24.4,95,3.6,0.0,29.6,0.0,24.0,24.0,,0.219,Green
Baudh,420738,20.5951,84.1854,2026-09-14T02:00,24.4,94,4.5,0.0,29.6,0.0,24.1,23.9,,0.216,Green
Baudh,420738,20.5951,84.1854,2026-09-14T03:00,25.0,89,5.1,0.0,29.9,0.0,25.7,24.0,,0.242,Green
Baudh,420738,20.5951,84.1854,2026-09-14T04:00,24.9,91,2.8,0.0,30.2,0.0,25.4,24.1,,0.242,Green
Baudh,420738,20.5951,84.1854,2026-09-14T05:00,24.5,93,4.1,0.0,29.5,0.0,24.4,23.9,,0.22,Green
Baudh,420738,20.5951,84.1854,2026-09-14T06:00,24.9,92,5.2,15.0,30.0,0.0,25.4,24.2,,0.246,Green
Baudh,420738,20.5951,84.1854,2026-09-14T07:00,25.8,90,3.1,77.0,31.5,0.0,27.5,25.0,,0.307,Yellow
Baudh,420738,20.5951,84.1854,2026-09-14T08:00,27.0,84,1.9,235.0,32.9,0.0,30.1,25.8,,0.378,Yellow
Baudh,420738,20.5951,84.1854,2026-09-14T09:00,28.2,74,3.1,441.0,33.4,0.0,31.6,26.1,,0.409,Yellow
Baudh,420738,20.5951,84.1854,2026-09-14T10:00,29.6,67,4.0,727.0,35.6,0.0,33.4,26.8,,0.464,Yellow
Baudh,420738,20.5951,84.1854,2026-09-14T11:00,30.2,66,5.9,832.0,36.6,0.0,34.6,27.1,,0.494,Yellow
Baudh,420738,20.5951,84.1854,2026-09-14T12:00,30.3,65,6.4,793.0,36.4,0.0,34.5,27.1,,0.49,Yellow
Baudh,420738,20.5951,84.1854,2026-09-14T13:00,30.1,66,6.6,772.0,36.0,0.0,34.3,27.0,,0.483,Yellow
Baudh,420738,20.5951,84.1854,2026-09-14T14:00,30.1,65,5.5,625.0,35.2,0.0,34.1,26.8,,0.475,Yellow
Baudh,420738,20.5951,84.1854,2026-09-14T15:00,29.5,68,6.2,451.0,34.1,0.0,33.4,26.5,,0.45,Yellow
Baudh,420738,20.5951,84.1854,2026-09-14T16:00,28.5,79,6.7,220.0,33.9,0.0,33.2,26.5,,0.45,Yellow
Baudh,420738,20.5951,84.1854,2026-09-14T17:00,27.8,86,2.7,118.0,34.4,0.0,32.5,26.6,,0.443,Yellow
Baudh,420738,20.5951,84.1854,2026-09-14T18:00,26.2,91,3.3,7.0,32.2,0.0,28.6,25.4,,0.34,Yellow
Baudh,420738,20.5951,84.1854,2026-09-14T19:00,25.5,94,4.2,0.0,31.2,0.0,26.8,25.0,,0.298,Yellow
Baudh,420738,20.5951,84.1854,2026-09-14T20:00,25.0,94,4.6,0.0,30.4,0.0,25.5,24.5,,0.26,Yellow
Baudh,420738,20.5951,84.1854,2026-09-14T21:00,24.7,95,5.7,0.0,29.8,0.0,24.8,24.3,,0.241,Green
Baudh,420738,20.5951,84.1854,2026-09-14T22:00,24.4,95,5.3,0.0,29.5,0.0,24.0,24.0,,0.219,Green
Baudh,420738,20.5951,84.1854,2026-09-14T23:00,24.0,96,5.4,0.0,29.0,0.0,23.0,23.7,,0.192,Green
Baudh,420738,20.5951,84.1854,2026-09-15T00:00,23.9,96,4.7,0.0,28.8,0.0,22.8,23.6,,0.185,Green
Baudh,420738,20.5951,84.1854,2026-09-15T01:00,24.2,92,2.4,0.0,29.3,0.0,23.8,23.5,,0.196,Green
Baudh,420738,20.5951,84.1854,2026-09-15T02:00,24.2,92,1.4,0.0,29.4,0.0,23.8,23.5,,0.196,Green
Baudh,420738,20.5951,84.1854,2026-09-15T03:00,23.8,93,2.5,0.0,28.6,0.0,22.9,23.2,,0.171,Green
Baudh,420738,20.5951,84.1854,2026-09-15T04:00,23.5,94,2.3,0.0,28.3,0.0,22.2,23.0,,0.153,Green
Baudh,420738,20.5951,84.1854,2026-09-15T05:00,23.3,94,2.3,0.0,28.1,0.0,21.8,22.8,,0.139,Green
Baudh,420738,20.5951,84.1854,2026-09-15T06:00,24.0,93,1.7,34.0,29.2,0.0,23.3,23.4,,0.187,Green
Baudh,420738,20.5951,84.1854,2026-09-15T07:00,26.2,84,1.6,207.0,31.6,0.0,28.3,25.0,,0.319,Yellow
Baudh,420738,20.5951,84.1854,2026-09-15T08:00,27.5,79,3.6,428.0,32.9,0.0,30.8,25.8,,0.388,Yellow
Baudh,420738,20.5951,84.1854,2026-09-15T09:00,28.7,76,6.9,632.0,34.3,0.0,33.1,26.6,,0.453,Yellow
Baudh,420738,20.5951,84.1854,2026-09-15T10:00,29.6,74,8.8,766.0,35.9,0.0,35.0,27.3,,0.505,Orange
Baudh,420738,20.5951,84.1854,2026-09-15T11:00,30.1,72,8.3,821.0,37.0,0.0,35.8,27.6,,0.528,Orange
Baudh,420738,20.5951,84.1854,2026-09-15T12:00,30.4,72,8.3,852.0,37.6,0.0,36.6,27.9,,0.552,Orange
Baudh,420738,20.5951,84.1854,2026-09-15T13:00,30.4,72,9.4,760.0,36.8,0.0,36.6,27.8,,0.548,Orange
Baudh,420738,20.5951,84.1854,2026-09-15T14:00,29.4,78,7.1,575.0,35.3,0.0,35.4,27.5,,0.519,Orange
Baudh,420738,20.5951,84.1854,2026-09-15T15:00,29.8,75,5.1,480.0,35.8,0.0,35.8,27.6,,0.528,Orange
Baudh,420738,20.5951,84.1854,2026-09-15T16:00,28.9,81,4.6,306.0,35.2,0.0,34.7,27.2,,0.499,Yellow
Baudh,420738,20.5951,84.1854,2026-09-15T17:00,27.7,91,2.6,115.0,34.7,0.0,33.3,27.0,,0.47,Yellow
Baudh,420738,20.5951,84.1854,2026-09-15T18:00,26.6,93,1.8,7.0,33.4,0.0,29.9,26.0,,0.381,Yellow
Baudh,420738,20.5951,84.1854,2026-09-15T19:00,26.0,91,4.8,0.0,31.7,0.0,28.1,25.2,,0.324,Yellow
Baudh,420738,20.5951,84.1854,2026-09-15T20:00,25.9,91,3.8,0.0,31.6,0.0,27.8,25.1,,0.316,Yellow
Baudh,420738,20.5951,84.1854,2026-09-15T21:00,25.6,93,4.7,0.0,31.2,0.0,27.1,25.0,,0.302,Yellow
Baudh,420738,20.5951,84.1854,2026-09-15T22:00,25.2,94,5.1,0.0,30.8,0.0,26.0,24.7,,0.275,Yellow
Baudh,420738,20.5951,84.1854,2026-09-15T23:00,24.9,96,6.0,0.0,30.3,0.0,25.2,24.6,,0.259,Yellow
Baudh,420738,20.5951,84.1854,2026-09-16T00:00,24.6,97,5.2,0.0,30.0,0.0,24.4,24.3,,0.24,Green
Baudh,420738,20.5951,84.1854,2026-09-16T01:00,24.2,98,5.2,0.0,29.5,0.0,23.3,24.0,,0.212,Green
Baudh,420738,20.5951,84.1854,2026-09-16T02:00,23.7,98,5.2,0.0,28.7,0.0,22.1,23.5,,0.175,Green
Baudh,420738,20.5951,84.1854,2026-09-16T03:00,23.6,98,5.7,0.0,28.4,0.0,21.9,23.4,,0.168,Green
Baudh,420738,20.5951,84.1854,2026-09-16T04:00,23.4,98,6.5,0.0,28.1,0.0,21.4,23.2,,0.154,Green
Baudh,420738,20.5951,84.1854,2026-09-16T05:00,23.5,98,6.2,0.0,28.2,0.0,21.6,23.3,,0.161,Green
Baudh,420738,20.5951,84.1854,2026-09-16T06:00,24.4,97,6.2,32.0,29.5,0.0,23.9,24.2,,0.225,Green
Baudh,420738,20.5951,84.1854,2026-09-16T07:00,26.1,96,3.3,197.0,32.6,0.0,28.6,25.9,,0.362,Yellow
Baudh,420738,20.5951,84.1854,2026-09-16T08:00,27.3,90,4.6,393.0,33.7,0.0,31.9,26.6,,0.437,Yellow
Baudh,420738,20.5951,84.1854,2026-09-16T09:00,28.6,85,7.2,582.0,35.0,0.0,34.6,27.4,,0.506,Orange
Baudh,420738,20.5951,84.1854,2026-09-16T10:00,29.8,78,9.3,740.0,36.6,0.0,36.5,27.9,,0.55,Orange
Baudh,420738,20.5951,84.1854,2026-09-16T11:00,30.4,74,8.8,788.0,37.4,0.0,37.1,28.1,,0.566,Orange
Baudh,420738,20.5951,84.1854,2026-09-16T12:00,30.6,72,8.9,823.0,37.7,0.0,37.1,28.0,,0.565,Orange
Baudh,420738,20.5951,84.1854,2026-09-16T13:00,30.2,74,8.1,717.0,36.8,0.0,36.6,27.9,,0.551,Orange
Baudh,420738,20.5951,84.1854,2026-09-16T14:00,30.1,74,5.6,545.0,36.1,0.0,36.3,27.8,,0.544,Orange
Baudh,420738,20.5951,84.1854,2026-09-16T15:00,28.2,86,10.5,393.0,33.8,0.0,33.7,27.0,,0.475,Yellow
Baudh,420738,20.5951,84.1854,2026-09-16T16:00,28.0,87,5.1,279.0,34.4,0.0,33.3,26.9,,0.468,Yellow
Baudh,420738,20.5951,84.1854,2026-09-16T17:00,27.0,90,6.3,98.0,33.0,0.0,31.1,26.1,,0.404,Yellow
Baudh,420738,20.5951,84.1854,2026-09-16T18:00,25.9,96,4.2,6.0,32.2,0.0,28.0,25.6,,0.338,Yellow
Baudh,420738,20.5951,84.1854,2026-09-16T19:00,25.8,96,6.7,0.0,31.7,0.0,27.7,25.5,,0.33,Yellow
Baudh,420738,20.5951,84.1854,2026-09-16T20:00,25.5,95,6.5,0.0,31.1,0.0,26.8,25.1,,0.302,Yellow
Baudh,420738,20.5951,84.1854,2026-09-16T21:00,25.1,93,7.4,0.0,30.1,0.0,25.8,24.5,,0.264,Yellow
Baudh,420738,20.5951,84.1854,2026-09-16T22:00,24.8,92,6.8,0.0,29.6,0.0,25.1,24.1,,0.239,Green
Baudh,420738,20.5951,84.1854,2026-09-16T23:00,24.7,91,6.5,0.0,29.3,0.0,25.0,23.9,,0.228,Green
Baudh,420738,20.5951,84.1854,2026-09-17T00:00,24.7,91,5.9,0.0,29.3,0.0,25.0,23.9,,0.228,Green
Baudh,420738,20.5951,84.1854,2026-09-17T01:00,24.7,90,6.1,0.0,29.3,0.0,25.0,23.8,,0.225,Green
Baudh,420738,20.5951,84.1854,2026-09-17T02:00,24.5,91,5.0,0.0,29.3,0.0,24.5,23.7,,0.214,Green
Baudh,420738,20.5951,84.1854,2026-09-17T03:00,24.1,94,3.2,0.0,29.3,0.0,23.4,23.6,,0.194,Green
Baudh,420738,20.5951,84.1854,2026-09-17T04:00,23.7,96,4.5,0.0,28.6,0.0,22.4,23.4,,0.171,Green
Baudh,420738,20.5951,84.1854,2026-09-17T05:00,23.8,94,4.1,0.0,28.6,0.0,22.8,23.3,,0.173,Green
Baudh,420738,20.5951,84.1854,2026-09-17T06:00,24.9,91,7.2,32.0,29.6,0.0,25.4,24.1,,0.243,Green
Baudh,420738,20.5951,84.1854,2026-09-17T07:00,26.6,86,7.5,193.0,31.7,0.0,29.3,25.4,,0.349,Yellow
Baudh,420738,20.5951,84.1854,2026-09-17T08:00,28.2,81,10.7,419.0,33.2,0.0,32.8,26.5,,0.442,Yellow
Baudh,420738,20.5951,84.1854,2026-09-17T09:00,28.7,81,12.6,598.0,33.9,0.0,34.1,27.0,,0.482,Yellow
Baudh,420738,20.5951,84.1854,2026-09-17T10:00,29.7,78,12.4,747.0,36.0,0.0,36.2,27.7,,0.54,Orange
Baudh,420738,20.5951,84.1854,2026-09-17T11:00,30.3,75,12.7,771.0,36.7,0.0,37.1,28.0,,0.563,Orange
Baudh,420738,20.5951,84.1854,2026-09-17T12:00,30.4,75,13.3,831.0,37.1,0.0,37.4,28.1,,0.571,Orange
Baudh,420738,20.5951,84.1854,2026-09-17T13:00,30.4,75,13.5,771.0,36.7,0.0,37.4,28.1,,0.57,Orange
Baudh,420738,20.5951,84.1854,2026-09-17T14:00,30.0,77,12.6,651.0,35.9,0.0,36.8,27.9,,0.554,Orange
Baudh,420738,20.5951,84.1854,2026-09-17T15:00,29.3,81,10.0,468.0,35.1,0.0,35.8,27.6,,0.529,Orange
Baudh,420738,20.5951,84.1854,2026-09-17T16:00,28.4,87,6.6,300.0,34.8,0.0,34.5,27.3,,0.5,Yellow
Baudh,420738,20.5951,84.1854,2026-09-17T17:00,27.5,92,3.6,122.0,34.4,0.0,32.9,26.9,,0.46,Yellow
Baudh,420738,20.5951,84.1854,2026-09-17T18:00,26.7,94,2.7,4.0,33.5,0.0,30.9,26.2,,0.404,Yellow
Baudh,420738,20.5951,84.1854,2026-09-17T19:00,25.9,95,5.0,0.0,31.9,0.0,27.9,25.5,,0.334,Yellow
Baudh,420738,20.5951,84.1854,2026-09-17T20:00,25.3,96,7.2,0.0,30.8,0.0,26.3,25.0,,0.29,Yellow
Baudh,420738,20.5951,84.1854,2026-09-17T21:00,25.1,95,7.6,0.0,30.3,0.0,25.8,24.7,,0.271,Yellow
Baudh,420738,20.5951,84.1854,2026-09-17T22:00,25.1,95,7.1,0.0,30.3,0.0,25.8,24.7,,0.271,Yellow
Baudh,420738,20.5951,84.1854,2026-09-17T23:00,25.0,94,6.6,0.0,30.2,0.0,25.5,24.5,,0.26,Yellow
Jharsuguda,348340,21.8569,83.9328,2026-09-13T00:00,24.7,97,7.6,0.0,29.8,0.0,24.7,24.4,,0.247,Green
Jharsuguda,348340,21.8569,83.9328,2026-09-13T01:00,24.5,98,7.7,0.0,29.5,0.0,24.1,24.3,,0.235,Green
Jharsuguda,348340,21.8569,83.9328,2026-09-13T02:00,24.3,98,6.4,0.0,29.4,0.0,23.6,24.1,,0.22,Green
Jharsuguda,348340,21.8569,83.9328,2026-09-13T03:00,24.1,98,6.8,0.0,29.1,0.0,23.1,23.9,,0.205,Green
Jharsuguda,348340,21.8569,83.9328,2026-09-13T04:00,23.9,99,6.5,0.0,28.8,0.0,22.5,23.8,,0.192,Green
Jharsuguda,348340,21.8569,83.9328,2026-09-13T05:00,24.2,98,6.3,0.0,29.2,0.0,23.3,24.0,,0.212,Green
Jharsuguda,348340,21.8569,83.9328,2026-09-13T06:00,24.7,96,8.1,30.0,29.5,0.0,24.7,24.4,,0.245,Green
Jharsuguda,348340,21.8569,83.9328,2026-09-13T07:00,26.1,90,7.1,188.0,31.4,0.0,28.3,25.3,,0.331,Yellow
Jharsuguda,348340,21.8569,83.9328,2026-09-13T08:00,27.7,82,9.6,398.0,32.6,0.0,31.6,26.1,,0.411,Yellow
Jharsuguda,348340,21.8569,83.9328,2026-09-13T09:00,29.1,74,11.5,592.0,33.7,0.0,33.7,26.7,,0.463,Yellow
Jharsuguda,348340,21.8569,83.9328,2026-09-13T10:00,30.0,69,11.9,732.0,35.1,0.0,34.8,27.0,,0.492,Yellow
Jharsuguda,348340,21.8569,83.9328,2026-09-13T11:00,30.3,66,11.8,852.0,35.9,0.0,34.8,27.0,,0.492,Yellow
Jharsuguda,348340,21.8569,83.9328,2026-09-13T12:00,30.6,64,10.7,820.0,36.1,0.0,35.0,27.1,,0.497,Yellow
Jharsuguda,348340,21.8569,83.9328,2026-09-13T13:00,30.7,63,10.6,806.0,35.9,0.0,34.9,27.1,,0.496,Yellow
Jharsuguda,348340,21.8569,83.9328,2026-09-13T14:00,30.7,63,7.7,647.0,35.5,0.0,34.9,27.1,,0.497,Yellow
Jharsuguda,348340,21.8569,83.9328,2026-09-13T15:00,30.4,64,8.2,468.0,34.4,0.0,34.5,26.8,,0.48,Yellow
Jharsuguda,348340,21.8569,83.9328,2026-09-13T16:00,29.7,67,7.5,315.0,34.0,0.0,33.7,26.5,,0.453,Yellow
Jharsuguda,348340,21.8569,83.9328,2026-09-13T17:00,28.2,81,6.5,105.0,33.6,0.0,32.8,26.4,,0.438,Yellow
Jharsuguda,348340,21.8569,83.9328,2026-09-13T18:00,27.2,86,7.3,9.0,32.5,0.0,30.9,25.9,,0.391,Yellow
Jharsuguda,348340,21.8569,83.9328,2026-09-13T19:00,25.7,89,6.0,0.0,30.7,0.0,27.3,24.7,,0.293,Yellow
Jharsuguda,348340,21.8569,83.9328,2026-09-13T20:00,23.8,98,11.2,0.0,27.8,0.0,22.3,23.6,,0.183,Green
Jharsuguda,348340,21.8569,83.9328,2026-09-13T21:00,23.9,98,3.3,0.0,29.2,0.0,22.6,23.7,,0.19,Green
Jharsuguda,348340,21.8569,83.9328,2026-09-13T22:00,24.1,97,3.3,0.0,29.5,0.0,23.2,23.8,,0.202,Green
Jharsuguda,348340,21.8569,83.9328,2026-09-13T23:00,24.2,97,3.6,0.0,29.5,0.0,23.4,23.9,,0.21,Green
Jharsuguda,348340,21.8569,83.9328,2026-09-14T00:00,24.2,98,3.8,0.0,29.7,0.0,23.3,24.0,,0.212,Green
Jharsuguda,348340,21.8569,83.9328,2026-09-14T01:00,24.3,99,4.5,0.0,29.7,0.0,23.5,24.2,,0.223,Green
Jharsuguda,348340,21.8569,83.9328,2026-09-14T02:00,24.2,100,3.7,0.0,29.9,0.0,23.1,24.2,,0.217,Green
Jharsuguda,348340,21.8569,83.9328,2026-09-14T03:00,24.2,100,2.8,0.0,30.0,0.0,23.1,24.2,,0.217,Green
Jharsuguda,348340,21.8569,83.9328,2026-09-14T04:00,24.3,100,0.9,0.0,30.4,0.0,23.4,24.3,,0.225,Green
Jharsuguda,348340,21.8569,83.9328,2026-09-14T05:00,24.3,100,2.5,0.0,30.1,0.0,23.4,24.3,,0.225,Green
Jharsuguda,348340,21.8569,83.9328,2026-09-14T06:00,24.5,100,3.4,20.0,30.3,0.0,23.9,24.5,,0.242,Green
Jharsuguda,348340,21.8569,83.9328,2026-09-14T07:00,25.4,97,3.6,133.0,31.5,0.0,26.5,25.3,,0.307,Yellow
Jharsuguda,348340,21.8569,83.9328,2026-09-14T08:00,26.4,90,3.1,272.0,32.5,0.0,29.1,25.7,,0.361,Yellow
Jharsuguda,348340,21.8569,83.9328,2026-09-14T09:00,27.9,80,4.2,479.0,33.4,0.0,31.9,26.3,,0.423,Yellow
Jharsuguda,348340,21.8569,83.9328,2026-09-14T10:00,28.9,75,5.5,585.0,34.4,0.0,33.4,26.8,,0.463,Yellow
Jharsuguda,348340,21.8569,83.9328,2026-09-14T11:00,29.6,72,4.3,682.0,35.8,0.0,34.5,27.3,,0.498,Yellow
Jharsuguda,348340,21.8569,83.9328,2026-09-14T12:00,30.2,70,3.1,760.0,37.2,0.0,35.5,27.8,,0.536,Orange
Jharsuguda,348340,21.8569,83.9328,2026-09-14T13:00,30.9,67,4.8,773.0,37.7,0.0,36.5,28.0,,0.554,Orange
Jharsuguda,348340,21.8569,83.9328,2026-09-14T14:00,30.6,67,4.8,681.0,36.7,0.0,35.7,27.6,,0.529,Orange
Jharsuguda,348340,21.8569,83.9328,2026-09-14T15:00,30.4,68,2.7,518.0,36.0,0.0,35.5,27.6,,0.527,Orange
Jharsuguda,348340,21.8569,83.9328,2026-09-14T16:00,29.6,72,3.4,292.0,35.2,0.0,34.5,27.0,,0.488,Yellow
Jharsuguda,348340,21.8569,83.9328,2026-09-14T17:00,28.6,81,2.8,116.0,34.9,0.0,33.8,26.9,,0.472,Yellow
Jharsuguda,348340,21.8569,83.9328,2026-09-14T18:00,27.3,86,6.2,8.0,32.9,0.0,31.2,26.0,,0.399,Yellow
Jharsuguda,348340,21.8569,83.9328,2026-09-14T19:00,26.3,88,6.6,0.0,31.5,0.0,28.7,25.2,,0.333,Yellow
Jharsuguda,348340,21.8569,83.9328,2026-09-14T20:00,25.6,91,2.8,0.0,31.2,0.0,27.1,24.8,,0.294,Yellow
Jharsuguda,348340,21.8569,83.9328,2026-09-14T21:00,25.3,92,2.7,0.0,30.9,0.0,26.3,24.6,,0.275,Yellow
Jharsuguda,348340,21.8569,83.9328,2026-09-14T22:00,24.9,94,4.6,0.0,30.3,0.0,25.3,24.4,,0.253,Yellow
Jharsuguda,348340,21.8569,83.9328,2026-09-14T23:00,24.6,96,3.1,0.0,30.2,0.0,24.5,24.3,,0.237,Green
Jharsuguda,348340,21.8569,83.9328,2026-09-15T00:00,24.1,99,0.7,0.0,30.0,0.0,23.0,24.0,,0.207,Green
Jharsuguda,348340,21.8569,83.9328,2026-09-15T01:00,24.0,99,2.4,0.0,29.6,0.0,22.7,23.9,,0.2,Green
Jharsuguda,348340,21.8569,83.9328,2026-09-15T02:00,24.1,97,1.0,0.0,29.8,0.0,23.2,23.8,,0.202,Green
Jharsuguda,348340,21.8569,83.9328,2026-09-15T03:00,24.1,97,0.3,0.0,29.9,0.0,23.2,23.8,,0.202,Green
Jharsuguda,348340,21.8569,83.9328,2026-09-15T04:00,24.1,99,1.0,0.0,30.1,0.0,23.0,24.0,,0.207,Green
Jharsuguda,348340,21.8569,83.9328,2026-09-15T05:00,24.0,100,1.6,0.0,29.8,0.0,22.6,24.0,,0.202,Green
Jharsuguda,348340,21.8569,83.9328,2026-09-15T06:00,24.2,100,4.0,28.0,29.8,0.0,23.1,24.3,,0.218,Green
Jharsuguda,348340,21.8569,83.9328,2026-09-15T07:00,25.8,92,3.0,178.0,31.6,0.0,27.6,25.2,,0.32,Yellow
Jharsuguda,348340,21.8569,83.9328,2026-09-15T08:00,27.4,84,0.5,375.0,33.7,0.0,31.1,26.9,,0.435,Yellow
Jharsuguda,348340,21.8569,83.9328,2026-09-15T09:00,29.1,79,3.5,563.0,35.3,0.0,34.8,27.5,,0.512,Orange
Jharsuguda,348340,21.8569,83.9328,2026-09-15T10:00,30.2,73,4.3,709.0,37.1,0.0,36.3,28.0,,0.552,Orange
Jharsuguda,348340,21.8569,83.9328,2026-09-15T11:00,30.5,71,4.1,672.0,37.0,0.0,36.6,28.0,,0.557,Orange
Jharsuguda,348340,21.8569,83.9328,2026-09-15T12:00,30.6,70,4.8,661.0,37.1,0.0,36.5,27.9,,0.554,Orange
Jharsuguda,348340,21.8569,83.9328,2026-09-15T13:00,30.7,70,6.6,620.0,36.7,0.0,36.8,27.9,,0.556,Orange
Jharsuguda,348340,21.8569,83.9328,2026-09-15T14:00,30.7,70,6.3,561.0,36.3,0.0,36.8,27.9,,0.555,Orange
Jharsuguda,348340,21.8569,83.9328,2026-09-15T15:00,30.6,71,6.3,494.0,36.2,0.0,36.8,27.9,,0.554,Orange
Jharsuguda,348340,21.8569,83.9328,2026-09-15T16:00,30.1,72,6.7,316.0,35.5,0.0,35.8,27.4,,0.521,Orange
Jharsuguda,348340,21.8569,83.9328,2026-09-15T17:00,28.5,86,4.0,117.0,35.3,0.0,34.6,27.2,,0.498,Yellow
Jharsuguda,348340,21.8569,83.9328,2026-09-15T18:00,27.4,92,0.8,7.0,34.6,0.0,32.6,26.7,,0.448,Yellow
Jharsuguda,348340,21.8569,83.9328,2026-09-15T19:00,26.6,97,0.7,0.0,33.9,0.0,30.2,26.3,,0.401,Yellow
Jharsuguda,348340,21.8569,83.9328,2026-09-15T20:00,26.1,100,0.6,0.0,33.4,0.0,28.7,26.1,,0.373,Yellow
Jharsuguda,348340,21.8569,83.9328,2026-09-15T21:00,25.9,99,0.9,0.0,33.0,0.0,28.1,25.8,,0.351,Yellow
Jharsuguda,348340,21.8569,83.9328,2026-09-15T22:00,25.6,99,0.9,0.0,32.5,0.0,27.1,25.5,,0.326,Yellow
Jharsuguda,348340,21.8569,83.9328,2026-09-15T23:00,25.5,99,3.3,0.0,31.9,0.0,26.8,25.4,,0.318,Yellow
Jharsuguda,348340,21.8569,83.9328,2026-09-16T00:00,25.5,99,3.9,0.0,31.8,0.0,26.8,25.4,,0.318,Yellow
Jharsuguda,348340,21.8569,83.9328,2026-09-16T01:00,25.4,99,3.3,0.0,31.7,0.0,26.5,25.3,,0.31,Yellow
Jharsuguda,348340,21.8569,83.9328,2026-09-16T02:00,25.2,99,2.4,0.0,31.5,0.0,25.9,25.1,,0.294,Yellow
Jharsuguda,348340,21.8569,83.9328,2026-09-16T03:00,25.1,100,0.5,0.0,31.7,0.0,25.6,25.1,,0.289,Yellow
Jharsuguda,348340,21.8569,83.9328,2026-09-16T04:00,24.6,99,3.8,0.0,30.3,0.0,24.3,24.5,,0.246,Green
Jharsuguda,348340,21.8569,83.9328,2026-09-16T05:00,24.1,99,3.2,0.0,29.6,0.0,23.0,24.0,,0.207,Green
Jharsuguda,348340,21.8569,83.9328,2026-09-16T06:00,24.4,99,2.5,24.0,30.2,0.0,23.7,24.4,,0.231,Green
Jharsuguda,348340,21.8569,83.9328,2026-09-16T07:00,25.7,93,7.2,139.0,30.9,0.0,27.3,25.1,,0.312,Yellow
Jharsuguda,348340,21.8569,83.9328,2026-09-16T08:00,26.9,87,7.5,295.0,32.2,0.0,30.3,25.8,,0.381,Yellow
Jharsuguda,348340,21.8569,83.9328,2026-09-16T09:00,28.4,81,6.8,563.0,34.2,0.0,33.3,26.8,,0.463,Yellow
Jharsuguda,348340,21.8569,83.9328,2026-09-16T10:00,29.8,75,6.6,701.0,36.5,0.0,35.8,27.6,,0.53,Orange
Jharsuguda,348340,21.8569,83.9328,2026-09-16T11:00,30.9,71,6.9,814.0,38.2,0.0,37.6,28.3,,0.583,Orange
Jharsuguda,348340,21.8569,83.9328,2026-09-16T12:00,31.4,69,8.5,836.0,38.5,0.0,38.4,28.5,,0.601,Orange
Jharsuguda,348340,21.8569,83.9328,2026-09-16T13:00,30.9,69,10.7,787.0,37.2,0.0,37.0,27.9,,0.56,Orange
Jharsuguda,348340,21.8569,83.9328,2026-09-16T14:00,30.6,72,10.9,549.0,35.6,0.0,37.1,27.9,,0.559,Orange
Jharsuguda,348340,21.8569,83.9328,2026-09-16T15:00,29.0,80,9.4,481.0,34.6,0.0,34.7,27.2,,0.498,Yellow
Jharsuguda,348340,21.8569,83.9328,2026-09-16T16:00,29.2,78,6.2,263.0,34.9,0.0,34.8,27.2,,0.498,Yellow
Jharsuguda,348340,21.8569,83.9328,2026-09-16T17:00,27.8,86,9.3,109.0,33.3,0.0,32.5,26.5,,0.44,Yellow
Jharsuguda,348340,21.8569,83.9328,2026-09-16T18:00,26.8,90,6.2,5.0,32.7,0.0,30.5,25.9,,0.386,Yellow
Jharsuguda,348340,21.8569,83.9328,2026-09-16T19:00,26.2,93,7.5,0.0,31.9,0.0,28.7,25.6,,0.349,Yellow
Jharsuguda,348340,21.8569,83.9328,2026-09-16T20:00,25.7,95,6.2,0.0,31.4,0.0,27.4,25.3,,0.318,Yellow
Jharsuguda,348340,21.8569,83.9328,2026-09-16T21:00,25.3,96,5.5,0.0,31.0,0.0,26.3,25.0,,0.29,Yellow
Jharsuguda,348340,21.8569,83.9328,2026-09-16T22:00,25.1,96,7.0,0.0,30.5,0.0,25.7,24.8,,0.275,Yellow
Jharsuguda,348340,21.8569,83.9328,2026-09-16T23:00,25.0,97,6.5,0.0,30.3,0.0,25.4,24.7,,0.271,Yellow
Jharsuguda,348340,21.8569,83.9328,2026-09-17T00:00,24.9,97,5.6,0.0,30.3,0.0,25.2,24.6,,0.263,Yellow
Jharsuguda,348340,21.8569,83.9328,2026-09-17T01:00,24.4,98,10.2,0.0,29.0,0.0,23.8,24.2,,0.227,Green
Jharsuguda,348340,21.8569,83.9328,2026-09-17T02:00,24.5,99,9.4,0.0,29.4,0.0,24.0,24.4,,0.238,Green
Jharsuguda,348340,21.8569,83.9328,2026-09-17T03:00,24.7,99,6.7,0.0,30.1,0.0,24.5,24.6,,0.254,Yellow
Jharsuguda,348340,21.8569,83.9328,2026-09-17T04:00,24.6,99,5.4,0.0,30.2,0.0,24.3,24.5,,0.246,Green
Jharsuguda,348340,21.8569,83.9328,2026-09-17T05:00,24.4,99,4.4,0.0,29.9,0.0,23.7,24.3,,0.23,Green
Jharsuguda,348340,21.8569,83.9328,2026-09-17T06:00,24.5,99,6.2,28.0,29.9,0.0,24.0,24.5,,0.239,Green
Jharsuguda,348340,21.8569,83.9328,2026-09-17T07:00,25.7,93,7.3,185.0,30.9,0.0,27.3,25.2,,0.313,Yellow
Jharsuguda,348340,21.8569,83.9328,2026-09-17T08:00,27.4,83,8.9,381.0,32.3,0.0,31.0,25.9,,0.395,Yellow
Jharsuguda,348340,21.8569,83.9328,2026-09-17T09:00,29.0,76,9.5,546.0,33.8,0.0,33.9,26.8,,0.471,Yellow
Jharsuguda,348340,21.8569,83.9328,2026-09-17T10:00,29.9,72,9.5,692.0,35.6,0.0,35.3,27.3,,0.51,Orange
Jharsuguda,348340,21.8569,83.9328,2026-09-17T11:00,30.8,70,11.2,779.0,37.0,0.0,37.1,27.9,,0.56,Orange
Jharsuguda,348340,21.8569,83.9328,2026-09-17T12:00,31.3,68,11.1,791.0,37.6,0.0,37.8,28.2,,0.581,Orange
Jharsuguda,348340,21.8569,83.9328,2026-09-17T13:00,31.5,66,10.4,724.0,37.4,0.0,37.7,28.1,,0.577,Orange
Jharsuguda,348340,21.8569,83.9328,2026-09-17T14:00,31.3,67,9.9,597.0,36.4,0.0,37.5,28.0,,0.57,Orange
Jharsuguda,348340,21.8569,83.9328,2026-09-17T15:00,30.5,71,9.4,408.0,35.6,0.0,36.6,27.7,,0.542,Orange
Jharsuguda,348340,21.8569,83.9328,2026-09-17T16:00,29.3,77,8.7,259.0,34.7,0.0,34.9,27.1,,0.496,Yellow
Jharsuguda,348340,21.8569,83.9328,2026-09-17T17:00,28.2,84,7.8,107.0,33.9,0.0,33.3,26.7,,0.458,Yellow
Jharsuguda,348340,21.8569,83.9328,2026-09-17T18:00,27.4,88,6.7,4.0,33.3,0.0,31.8,26.3,,0.42,Yellow
Jharsuguda,348340,21.8569,83.9328,2026-09-17T19:00,26.6,92,5.4,0.0,32.7,0.0,29.8,25.9,,0.376,Yellow
Jharsuguda,348340,21.8569,83.9328,2026-09-17T20:00,26.0,95,4.7,0.0,32.2,0.0,28.2,25.6,,0.342,Yellow
Jharsuguda,348340,21.8569,83.9328,2026-09-17T21:00,25.6,97,4.7,0.0,31.7,0.0,27.1,25.3,,0.318,Yellow
Jharsuguda,348340,21.8569,83.9328,2026-09-17T22:00,25.3,98,5.1,0.0,31.3,0.0,26.3,25.1,,0.298,Yellow
Jharsuguda,348340,21.8569,83.9328,2026-09-17T23:00,25.1,99,5.2,0.0,31.0,0.0,25.7,25.0,,0.285,Yellow
Debagarh,290130,21.4439,84.798,2026-09-13T00:00,25.1,93,8.0,0.0,29.9,0.0,25.8,24.5,,0.264,Yellow
Debagarh,290130,21.4439,84.798,2026-09-13T01:00,24.7,95,7.4,0.0,29.6,0.0,24.8,24.3,,0.241,Green
Debagarh,290130,21.4439,84.798,2026-09-13T02:00,24.5,95,9.1,0.0,29.0,0.0,24.3,24.1,,0.226,Green
Debagarh,290130,21.4439,84.798,2026-09-13T03:00,24.5,94,8.1,0.0,29.1,0.0,24.3,24.0,,0.223,Green
Debagarh,290130,21.4439,84.798,2026-09-13T04:00,24.2,98,7.8,0.0,29.0,0.0,23.3,24.0,,0.212,Green
Debagarh,290130,21.4439,84.798,2026-09-13T05:00,24.5,98,7.3,0.0,29.6,0.0,24.1,24.3,,0.235,Green
Debagarh,290130,21.4439,84.798,2026-09-13T06:00,25.1,95,9.2,35.0,30.0,0.0,25.8,24.7,,0.272,Yellow
Debagarh,290130,21.4439,84.798,2026-09-13T07:00,26.1,91,8.7,200.0,31.3,0.0,28.3,25.4,,0.335,Yellow
Debagarh,290130,21.4439,84.798,2026-09-13T08:00,27.3,83,9.6,378.0,32.1,0.0,30.8,25.8,,0.387,Yellow
Debagarh,290130,21.4439,84.798,2026-09-13T09:00,28.8,76,9.9,580.0,33.7,0.0,33.4,26.6,,0.456,Yellow
Debagarh,290130,21.4439,84.798,2026-09-13T10:00,30.1,71,8.8,762.0,36.2,0.0,35.5,27.4,,0.519,Orange
Debagarh,290130,21.4439,84.798,2026-09-13T11:00,30.9,63,8.6,837.0,36.9,0.0,35.4,27.3,,0.513,Orange
Debagarh,290130,21.4439,84.798,2026-09-13T12:00,30.8,65,8.2,845.0,37.2,0.0,35.7,27.5,,0.523,Orange
Debagarh,290130,21.4439,84.798,2026-09-13T13:00,31.3,65,6.5,770.0,37.7,0.0,36.9,28.0,,0.56,Orange
Debagarh,290130,21.4439,84.798,2026-09-13T14:00,26.4,94,13.9,562.0,31.4,0.0,29.3,26.0,,0.376,Yellow
Debagarh,290130,21.4439,84.798,2026-09-13T15:00,25.5,96,4.7,333.0,31.4,0.0,26.8,25.4,,0.316,Yellow
Debagarh,290130,21.4439,84.798,2026-09-13T16:00,24.7,97,5.4,157.0,30.2,0.0,24.7,24.5,,0.251,Yellow
Debagarh,290130,21.4439,84.798,2026-09-13T17:00,26.2,97,5.0,113.0,32.6,0.0,28.9,26.0,,0.371,Yellow
Debagarh,290130,21.4439,84.798,2026-09-13T18:00,25.8,96,6.8,5.0,31.6,0.0,27.7,25.5,,0.33,Yellow
Debagarh,290130,21.4439,84.798,2026-09-13T19:00,25.1,98,3.8,0.0,31.1,0.0,25.7,24.9,,0.282,Yellow
Debagarh,290130,21.4439,84.798,2026-09-13T20:00,25.2,98,2.4,0.0,31.5,0.0,26.0,25.0,,0.29,Yellow
Debagarh,290130,21.4439,84.798,2026-09-13T21:00,25.2,97,1.8,0.0,31.5,0.0,26.0,24.9,,0.286,Yellow
Debagarh,290130,21.4439,84.798,2026-09-13T22:00,25.2,97,2.7,0.0,31.3,0.0,26.0,24.9,,0.286,Yellow
Debagarh,290130,21.4439,84.798,2026-09-13T23:00,25.0,99,3.9,0.0,30.9,0.0,25.4,24.9,,0.277,Yellow
Debagarh,290130,21.4439,84.798,2026-09-14T00:00,24.9,99,4.9,0.0,30.8,0.0,25.1,24.8,,0.269,Yellow
Debagarh,290130,21.4439,84.798,2026-09-14T01:00,24.8,99,3.2,0.0,30.9,0.0,24.8,24.7,,0.262,Yellow
Debagarh,290130,21.4439,84.798,2026-09-14T02:00,24.9,99,2.9,0.0,31.0,0.0,25.1,24.8,,0.269,Yellow
Debagarh,290130,21.4439,84.798,2026-09-14T03:00,24.8,99,3.2,0.0,30.9,0.0,24.8,24.7,,0.262,Yellow
Debagarh,290130,21.4439,84.798,2026-09-14T04:00,24.8,100,2.2,0.0,31.1,0.0,24.8,24.8,,0.265,Yellow
Debagarh,290130,21.4439,84.798,2026-09-14T05:00,24.7,100,2.4,0.0,30.8,0.0,24.5,24.7,,0.257,Yellow
Debagarh,290130,21.4439,84.798,2026-09-14T06:00,25.0,99,3.4,34.0,31.0,0.0,25.4,25.0,,0.279,Yellow
Debagarh,290130,21.4439,84.798,2026-09-14T07:00,25.8,94,3.2,181.0,31.8,0.0,27.6,25.4,,0.329,Yellow
Debagarh,290130,21.4439,84.798,2026-09-14T08:00,27.1,86,2.6,373.0,33.1,0.0,30.7,26.2,,0.401,Yellow
Debagarh,290130,21.4439,84.798,2026-09-14T09:00,28.3,83,1.8,551.0,34.7,0.0,33.4,27.4,,0.49,Yellow
Debagarh,290130,21.4439,84.798,2026-09-14T10:00,29.2,79,1.8,709.0,36.9,0.0,35.1,28.1,,0.541,Orange
Debagarh,290130,21.4439,84.798,2026-09-14T11:00,29.8,75,1.0,775.0,37.9,0.0,35.8,28.8,,0.579,Orange
Debagarh,290130,21.4439,84.798,2026-09-14T12:00,30.6,72,1.9,798.0,38.7,0.0,37.1,28.8,,0.597,Orange
Debagarh,290130,21.4439,84.798,2026-09-14T13:00,30.9,71,6.2,771.0,38.0,0.0,37.6,28.3,,0.584,Orange
Debagarh,290130,21.4439,84.798,2026-09-14T14:00,26.3,90,15.6,653.0,30.9,0.0,28.8,25.5,,0.349,Yellow
Debagarh,290130,21.4439,84.798,2026-09-14T15:00,24.2,98,8.1,158.0,29.0,0.0,23.3,24.1,,0.215,Green
Debagarh,290130,21.4439,84.798,2026-09-14T16:00,24.5,98,3.4,137.0,30.2,0.0,24.1,24.5,,0.24,Green
Debagarh,290130,21.4439,84.798,2026-09-14T17:00,24.6,98,2.6,61.0,30.4,0.0,24.3,24.5,,0.246,Green
Debagarh,290130,21.4439,84.798,2026-09-14T18:00,24.4,99,0.0,6.0,30.6,0.0,23.7,24.4,,0.231,Green
Debagarh,290130,21.4439,84.798,2026-09-14T19:00,24.2,99,0.7,0.0,30.3,0.0,23.2,24.1,,0.215,Green
Debagarh,290130,21.4439,84.798,2026-09-14T20:00,24.3,99,3.6,0.0,29.9,0.0,23.5,24.2,,0.223,Green
Debagarh,290130,21.4439,84.798,2026-09-14T21:00,24.1,99,3.9,0.0,29.6,0.0,23.0,24.0,,0.207,Green
Debagarh,290130,21.4439,84.798,2026-09-14T22:00,24.1,99,1.2,0.0,29.9,0.0,23.0,24.0,,0.207,Green
Debagarh,290130,21.4439,84.798,2026-09-14T23:00,24.0,98,1.5,0.0,29.6,0.0,22.8,23.8,,0.197,Green
Debagarh,290130,21.4439,84.798,2026-09-15T00:00,23.9,99,1.7,0.0,29.5,0.0,22.5,23.8,,0.192,Green
Debagarh,290130,21.4439,84.798,2026-09-15T01:00,23.9,99,1.1,0.0,29.6,0.0,22.5,23.8,,0.192,Green
Debagarh,290130,21.4439,84.798,2026-09-15T02:00,23.9,99,0.7,0.0,29.7,0.0,22.5,23.8,,0.192,Green
Debagarh,290130,21.4439,84.798,2026-09-15T03:00,23.9,99,0.4,0.0,29.7,0.0,22.5,23.8,,0.192,Green
Debagarh,290130,21.4439,84.798,2026-09-15T04:00,23.7,99,1.0,0.0,29.4,0.0,22.0,23.6,,0.177,Green
Debagarh,290130,21.4439,84.798,2026-09-15T05:00,23.6,100,0.9,0.0,29.3,0.0,21.6,23.6,,0.172,Green
Debagarh,290130,21.4439,84.798,2026-09-15T06:00,24.1,99,1.3,35.0,29.8,0.0,23.0,24.1,,0.21,Green
Debagarh,290130,21.4439,84.798,2026-09-15T07:00,25.3,93,0.0,180.0,31.4,0.0,26.3,25.1,,0.299,Yellow
Debagarh,290130,21.4439,84.798,2026-09-15T08:00,27.1,83,1.4,387.0,32.9,0.0,30.3,26.1,,0.393,Yellow
Debagarh,290130,21.4439,84.798,2026-09-15T09:00,28.6,79,2.7,562.0,34.6,0.0,33.5,27.1,,0.478,Yellow
Debagarh,290130,21.4439,84.798,2026-09-15T10:00,30.0,74,4.2,713.0,36.9,0.0,36.0,27.9,,0.545,Orange
Debagarh,290130,21.4439,84.798,2026-09-15T11:00,31.0,68,4.8,793.0,38.2,0.0,37.0,28.2,,0.57,Orange
Debagarh,290130,21.4439,84.798,2026-09-15T12:00,30.7,68,6.7,564.0,35.9,0.0,36.2,27.7,,0.538,Orange
Debagarh,290130,21.4439,84.798,2026-09-15T13:00,31.5,65,7.8,664.0,37.1,0.0,37.4,28.1,,0.571,Orange
Debagarh,290130,21.4439,84.798,2026-09-15T14:00,29.8,73,3.5,686.0,36.5,0.0,35.3,27.7,,0.525,Orange
Debagarh,290130,21.4439,84.798,2026-09-15T15:00,28.7,82,5.4,459.0,34.9,0.0,34.3,27.2,,0.493,Yellow
Debagarh,290130,21.4439,84.798,2026-09-15T16:00,28.3,87,3.2,265.0,35.2,0.0,34.2,27.3,,0.496,Yellow
Debagarh,290130,21.4439,84.798,2026-09-15T17:00,27.7,90,3.3,100.0,34.5,0.0,33.1,26.9,,0.462,Yellow
Debagarh,290130,21.4439,84.798,2026-09-15T18:00,26.8,95,2.7,6.0,33.7,0.0,31.4,26.4,,0.418,Yellow
Debagarh,290130,21.4439,84.798,2026-09-15T19:00,26.5,95,1.3,0.0,33.5,0.0,29.7,26.1,,0.383,Yellow
Debagarh,290130,21.4439,84.798,2026-09-15T20:00,26.2,96,1.1,0.0,33.0,0.0,28.9,25.9,,0.363,Yellow
Debagarh,290130,21.4439,84.798,2026-09-15T21:00,25.9,98,1.5,0.0,32.7,0.0,28.0,25.7,,0.347,Yellow
Debagarh,290130,21.4439,84.798,2026-09-15T22:00,25.7,99,0.8,0.0,32.7,0.0,27.4,25.6,,0.335,Yellow
Debagarh,290130,21.4439,84.798,2026-09-15T23:00,25.6,99,0.9,0.0,32.4,0.0,27.1,25.5,,0.326,Yellow
Debagarh,290130,21.4439,84.798,2026-09-16T00:00,25.4,99,0.2,0.0,32.3,0.0,26.5,25.3,,0.31,Yellow
Debagarh,290130,21.4439,84.798,2026-09-16T01:00,25.2,99,2.2,0.0,31.7,0.0,25.9,25.1,,0.294,Yellow
Debagarh,290130,21.4439,84.798,2026-09-16T02:00,24.9,99,1.2,0.0,31.3,0.0,25.1,24.8,,0.269,Yellow
Debagarh,290130,21.4439,84.798,2026-09-16T03:00,24.8,99,1.1,0.0,31.2,0.0,24.8,24.7,,0.262,Yellow
Debagarh,290130,21.4439,84.798,2026-09-16T04:00,24.5,99,1.6,0.0,30.6,0.0,24.0,24.4,,0.238,Green
Debagarh,290130,21.4439,84.798,2026-09-16T05:00,24.3,100,2.0,0.0,30.3,0.0,23.4,24.3,,0.225,Green
Debagarh,290130,21.4439,84.798,2026-09-16T06:00,24.9,99,4.6,34.0,30.8,0.0,25.1,24.9,,0.27,Yellow
Debagarh,290130,21.4439,84.798,2026-09-16T07:00,26.3,92,3.7,175.0,32.4,0.0,28.9,25.7,,0.358,Yellow
Debagarh,290130,21.4439,84.798,2026-09-16T08:00,27.7,84,6.2,391.0,33.3,0.0,31.9,26.4,,0.426,Yellow
Debagarh,290130,21.4439,84.798,2026-09-16T09:00,29.0,78,3.5,527.0,35.1,0.0,34.3,27.3,,0.496,Yellow
Debagarh,290130,21.4439,84.798,2026-09-16T10:00,30.6,72,3.8,717.0,37.8,0.0,37.1,28.3,,0.576,Orange
Debagarh,290130,21.4439,84.798,2026-09-16T11:00,31.4,67,5.5,796.0,38.5,0.0,37.7,28.4,,0.589,Orange
Debagarh,290130,21.4439,84.798,2026-09-16T12:00,30.5,70,6.1,435.0,35.8,0.0,36.3,27.6,,0.537,Orange
Debagarh,290130,21.4439,84.798,2026-09-16T13:00,28.1,84,9.4,489.0,33.6,0.0,33.0,26.7,,0.456,Yellow
Debagarh,290130,21.4439,84.798,2026-09-16T14:00,27.6,85,6.5,353.0,33.2,0.0,31.8,26.3,,0.423,Yellow
Debagarh,290130,21.4439,84.798,2026-09-16T15:00,28.4,83,6.6,394.0,34.2,0.0,33.7,26.9,,0.473,Yellow
Debagarh,290130,21.4439,84.798,2026-09-16T16:00,28.0,85,1.6,255.0,34.7,0.0,32.9,26.9,,0.463,Yellow
Debagarh,290130,21.4439,84.798,2026-09-16T17:00,27.4,91,0.9,93.0,34.5,0.0,32.4,26.8,,0.448,Yellow
Debagarh,290130,21.4439,84.798,2026-09-16T18:00,26.6,96,2.7,5.0,33.5,0.0,30.1,26.3,,0.396,Yellow
Debagarh,290130,21.4439,84.798,2026-09-16T19:00,26.3,97,2.3,0.0,33.2,0.0,29.2,26.0,,0.376,Yellow
Debagarh,290130,21.4439,84.798,2026-09-16T20:00,26.1,97,0.4,0.0,33.1,0.0,28.6,25.8,,0.359,Yellow
Debagarh,290130,21.4439,84.798,2026-09-16T21:00,25.9,97,0.6,0.0,32.7,0.0,28.0,25.6,,0.343,Yellow
Debagarh,290130,21.4439,84.798,2026-09-16T22:00,25.5,99,2.3,0.0,32.0,0.0,26.8,25.4,,0.318,Yellow
Debagarh,290130,21.4439,84.798,2026-09-16T23:00,25.2,99,2.6,0.0,31.4,0.0,25.9,25.1,,0.294,Yellow
Debagarh,290130,21.4439,84.798,2026-09-17T00:00,24.9,99,2.4,0.0,31.2,0.0,25.1,24.8,,0.269,Yellow
Debagarh,290130,21.4439,84.798,2026-09-17T01:00,24.4,98,1.5,0.0,30.3,0.0,23.8,24.2,,0.227,Green
Debagarh,290130,21.4439,84.798,2026-09-17T02:00,24.4,99,2.7,0.0,30.2,0.0,23.7,24.3,,0.23,Green
Debagarh,290130,21.4439,84.798,2026-09-17T03:00,24.3,99,1.5,0.0,30.2,0.0,23.5,24.2,,0.223,Green
Debagarh,290130,21.4439,84.798,2026-09-17T04:00,24.4,99,0.2,0.0,30.6,0.0,23.7,24.3,,0.23,Green
Debagarh,290130,21.4439,84.798,2026-09-17T05:00,24.3,99,0.2,0.0,30.5,0.0,23.5,24.2,,0.223,Green
Debagarh,290130,21.4439,84.798,2026-09-17T06:00,24.7,98,2.3,30.0,30.7,0.0,24.6,24.6,,0.252,Yellow
Debagarh,290130,21.4439,84.798,2026-09-17T07:00,25.9,90,5.4,175.0,31.3,0.0,27.8,25.1,,0.316,Yellow
Debagarh,290130,21.4439,84.798,2026-09-17T08:00,27.5,83,6.5,295.0,32.8,0.0,31.3,26.0,,0.402,Yellow
Debagarh,290130,21.4439,84.798,2026-09-17T09:00,29.0,75,7.4,417.0,34.0,0.0,33.7,26.7,,0.463,Yellow
Debagarh,290130,21.4439,84.798,2026-09-17T10:00,30.6,68,8.5,746.0,36.7,0.0,36.0,27.6,,0.531,Orange
Debagarh,290130,21.4439,84.798,2026-09-17T11:00,31.6,64,9.2,828.0,37.9,0.0,37.3,28.1,,0.57,Orange
Debagarh,290130,21.4439,84.798,2026-09-17T12:00,31.0,68,9.0,778.0,37.3,0.0,37.0,28.0,,0.56,Orange
Debagarh,290130,21.4439,84.798,2026-09-17T13:00,29.5,77,8.5,709.0,36.0,0.0,35.4,27.5,,0.52,Orange
Debagarh,290130,21.4439,84.798,2026-09-17T14:00,28.3,86,7.6,581.0,34.6,0.0,34.0,27.2,,0.489,Yellow
Debagarh,290130,21.4439,84.798,2026-09-17T15:00,28.1,88,5.8,392.0,34.6,0.0,33.9,27.2,,0.486,Yellow
Debagarh,290130,21.4439,84.798,2026-09-17T16:00,28.3,88,3.3,245.0,35.2,0.0,34.5,27.4,,0.502,Orange
Debagarh,290130,21.4439,84.798,2026-09-17T17:00,28.2,88,1.3,96.0,35.4,0.0,34.2,27.2,,0.491,Yellow
Debagarh,290130,21.4439,84.798,2026-09-17T18:00,27.6,90,1.3,2.0,34.7,0.0,32.8,26.7,,0.45,Yellow
Debagarh,290130,21.4439,84.798,2026-09-17T19:00,26.8,93,2.3,0.0,33.5,0.0,31.0,26.2,,0.405,Yellow
Debagarh,290130,21.4439,84.798,2026-09-17T20:00,26.1,96,2.6,0.0,32.6,0.0,28.6,25.8,,0.355,Yellow
Debagarh,290130,21.4439,84.798,2026-09-17T21:00,25.7,97,2.3,0.0,32.2,0.0,27.4,25.4,,0.326,Yellow
Debagarh,290130,21.4439,84.798,2026-09-17T22:00,25.4,99,2.7,0.0,31.8,0.0,26.5,25.3,,0.31,Yellow
Debagarh,290130,21.4439,84.798,2026-09-17T23:00,25.1,99,3.6,0.0,31.3,0.0,25.7,25.0,,0.285,Yellow
